 (i6, f12.0, f18.0, f8.3, i6)
   674  60.0000000  0.02500000000000  30.000     1
 (3e22.14)
  3.22781317554780e-06  3.38917835395904e-06  3.55861011103888e-06
  3.73651166071018e-06  3.92330636946810e-06  4.11943876342075e-06
  4.32537558563870e-06  4.54160690632530e-06  4.76864728844553e-06
  5.00703701158228e-06  5.25734335692930e-06  5.52016195646844e-06
  5.79611820954371e-06  6.08586877018548e-06  6.39010310873450e-06
  6.70954515144761e-06  7.04495500202028e-06  7.39713074904968e-06
  7.76691036382988e-06  8.15517369283928e-06  8.56284454983423e-06
  8.99089291232478e-06  9.44033722780933e-06  9.91224683512769e-06
  1.04077445067494e-05  1.09280091179796e-05  1.14742784494820e-05
  1.20478521296664e-05  1.26500947240801e-05  1.32824389789058e-05
  1.39463892265441e-05  1.46435249610644e-05  1.53755045922577e-05
  1.61440693870137e-05  1.69510476074816e-05  1.77983588557419e-05
  1.86880186353993e-05  1.96221431407403e-05  2.06029542850686e-05
  2.16327849797614e-05  2.27140846770284e-05  2.38494251890166e-05
  2.50415067974708e-05  2.62931646681231e-05  2.76073755851925e-05
  2.89872650218043e-05  3.04361145632545e-05  3.19573697004129e-05
  3.35546480121498e-05  3.52317477555321e-05  3.69926568849030e-05
  3.88415625203727e-05  4.07828608888266e-05  4.28211677604673e-05
  4.49613294058899e-05  4.72084340993673e-05  4.95678241958507e-05
  5.20451088097635e-05  5.46461771262825e-05  5.73772123755267e-05
  6.02447065039768e-05  6.32554755764268e-05  6.64166759460167e-05
  6.97358212297000e-05  7.32208001297404e-05  7.68798951429207e-05
  8.07218022021155e-05  8.47556512957930e-05  8.89910281152817e-05
  9.34379967791358e-05  9.81071236903403e-05  1.03009502580341e-04
  1.08156780800857e-04  1.13561186924046e-04  1.19235559716883e-04
  1.25193378557340e-04  1.31448795364805e-04  1.38016668118585e-04
  1.44912596045349e-04  1.52152956555405e-04  1.59754944018271e-04
  1.67736610464916e-04  1.76116908315564e-04  1.84915735231120e-04
  1.94153981194967e-04  2.03853577934594e-04  2.14037550800395e-04
  2.24730073221189e-04  2.35956523867447e-04  2.47743546651463e-04
  2.60119113711017e-04  2.73112591517820e-04  2.86754810270861e-04
  3.01078136733218e-04  3.16116550685076e-04  3.31905725169918e-04
  3.48483110723702e-04  3.65888023780181e-04  3.84161739464255e-04
  4.03347588981983e-04  4.23491061844316e-04  4.44639913152481e-04
  4.66844276203888e-04  4.90156780674395e-04  5.14632676655906e-04
  5.40329964834824e-04  5.67309533117758e-04  5.95635300015883e-04
  6.25374365129966e-04  6.56597167072035e-04  6.89377649206312e-04
  7.23793433576194e-04  7.59926003434787e-04  7.97860894790697e-04
  8.37687897418483e-04  8.79501265793162e-04  9.23399940442031e-04
  9.69487780214387e-04  1.01787380601964e-03  1.06867245657315e-03
  1.12200385676566e-03  1.17799409924446e-03  1.23677553987766e-03
  1.29848710776179e-03  1.36327463049427e-03  1.43129117544732e-03
  1.50269740783452e-03  1.57766196637174e-03  1.65636185741529e-03
  1.73898286843946e-03  1.82572000184108e-03  1.91677793001001e-03
  2.01237147274095e-03  2.11272609804050e-03  2.21807844748293e-03
  2.32867688729008e-03  2.44478208639917e-03  2.56666762279540e-03
  2.69462061951637e-03  2.82894241171141e-03  2.96994924630416e-03
  3.11797301578816e-03  3.27336202783023e-03  3.43648181237528e-03
  3.60771596809507e-03  3.78746705000535e-03  3.97615750031791e-03
  4.17423062448514e-03  4.38215161471352e-03  4.60040862311895e-03
  4.82951388695901e-03  5.07000490838442e-03  5.32244569133450e-03
  5.58742803825548e-03  5.86557290954045e-03  6.15753184857479e-03
  6.46398847562131e-03  6.78566005363725e-03  7.12329912958697e-03
  7.47769525466166e-03  7.84967678722234e-03  8.24011278228604e-03
  8.64991497166133e-03  9.08003983891230e-03  9.53149079367878e-03
  1.00053204498347e-02  1.05026330125323e-02  1.10245867789165e-02
  1.15723967580615e-02  1.21473374153963e-02  1.27507455475393e-02
  1.33840232934342e-02  1.40486412881309e-02  1.47461419656378e-02
  1.54781430178253e-02  1.62463410162377e-02  1.70525152045851e-02
  1.78985314691908e-02  1.87863464959204e-02  1.97180121215805e-02
  2.06956798888204e-02  2.17216058134680e-02  2.27981553739204e-02
  2.39278087322893e-02  2.51131661978566e-02  2.63569539431139e-02
  2.76620299841196e-02  2.90313904359817e-02  3.04681760562931e-02
  3.19756790883352e-02  3.35573504175300e-02  3.52168070543258e-02
  3.69578399577569e-02  3.87844222139122e-02  4.07007175848667e-02
  4.27110894429940e-02  4.48201101079124e-02  4.70325706015557e-02
  4.93534908401327e-02  5.17881302798097e-02  5.43419990355881e-02
  5.70208694921272e-02  5.98307884268234e-02  6.27780896652060e-02
  6.58694072906937e-02  6.91116894293873e-02  7.25122126342707e-02
  7.60785968898538e-02  7.98188212635601e-02  8.37412402264920e-02
  8.78546006703485e-02  9.21680596456197e-02  9.66912028484363e-02
  1.01434063882552e-01  1.06407144325867e-01  1.11621434628028e-01
  1.17088435871438e-01  1.22820182421705e-01  1.28829265501985e-01
  1.35128857718727e-01  1.41732738572740e-01  1.48655320985964e-01
  1.55911678877387e-01  1.63517575819220e-01  1.71489494808606e-01
  1.79844669184243e-01  1.88601114726406e-01  1.97777662966834e-01
  2.07393995748541e-01  2.17470681062338e-01  2.28029210196854e-01
  2.39092036231323e-01  2.50682613904493e-01  2.62825440887421e-01
  2.75546100493802e-01  2.88871305849514e-01  3.02828945557422e-01
  3.17448130870645e-01  3.32759244409546e-01  3.48793990432510e-01
  3.65585446686123e-01  3.83168117845117e-01  4.01577990557426e-01
  4.20852590097618e-01  4.41031038639925e-01  4.62154115138643e-01
  4.84264316826284e-01  5.07405922297131e-01  5.31625056179762e-01
  5.56969755355046e-01  5.83490036700389e-01  6.11237966311221e-01
  6.40267730156223e-01  6.70635706098357e-01  7.02400537224417e-01
  7.35623206381062e-01  7.70367111851727e-01  8.06698144029850e-01
  8.44684763003656e-01  8.84398076881063e-01  9.25911920722418e-01
  9.69302935892578e-01  1.01465064964990e+00  1.06203755474292e+00
  1.11154918880079e+00  1.16327421322096e+00  1.21730449131867e+00
  1.27373516536016e+00  1.33266473220392e+00  1.39419511711883e+00
  1.45843174541435e+00  1.52548361141672e+00  1.59546334433415e+00
  1.66848727047008e+00  1.74467547126972e+00  1.82415183653999e+00
  1.90704411229015e+00  1.99348394239210e+00  2.08360690344046e+00
  2.17755253192367e+00  2.27546434293791e+00  2.37748983950377e+00
  2.48378051156925e+00  2.59449182364391e+00  2.70978319006622e+00
  2.82981793666467e+00  2.95476324777514e+00  3.08479009716219e+00
  3.22007316172524e+00  3.36079071642964e+00  3.50712450914429e+00
  3.65925961373911e+00  3.81738426004682e+00  3.98168963876621e+00
  4.15236967994765e+00  4.32962080294638e+00  4.51364163630761e+00
  4.70463270550354e+00  4.90279608678837e+00  5.10833502494900e+00
  5.32145351334333e+00  5.54235583371375e+00  5.77124605423741e+00
  6.00832748334484e+00  6.25380207757624e+00  6.50786980118804e+00
  6.77072793585827e+00  7.04257033804650e+00  7.32358664286284e+00
  7.61396141179543e+00  7.91387322353545e+00  8.22349370560954e+00
  8.54298650604669e+00  8.87250620354375e+00  9.21219715551307e+00
  9.56219228302483e+00  9.92261179278973e+00  1.02935618354645e+01
  1.06751331017122e+01  1.10673993555479e+01  1.14704159076668e+01
  1.18842180294110e+01  1.23088193107621e+01  1.27442099646263e+01
  1.31903550822750e+01  1.36471928429345e+01  1.41146326851373e+01
  1.45925534434449e+01  1.50808014604969e+01  1.55791886803167e+01
  1.60874907339158e+01  1.66054450265069e+01  1.71327488388658e+01
  1.76690574547565e+01  1.82139823299673e+01  1.87670893165520e+01
  1.93278969620121e+01  1.98958748977294e+01  2.04704423412820e+01
  2.10509667287171e+01  2.16367625036231e+01  2.22270900838329e+01
  2.28211550330147e+01  2.34181074620489e+01  2.40170416898959e+01
  2.46169961898837e+01  2.52169538549782e+01  2.58158426072437e+01
  2.64125363893962e+01  2.70058565615730e+01  2.75945737430185e+01
  2.81774101225847e+01  2.87530422739138e+01  2.93201045010733e+01
  2.98771927456635e+01  3.04228690782681e+01  3.09556668021639e+01
  3.14740961844865e+01  3.19766508396547e+01  3.24618147671987e+01
  3.29280700666670e+01  3.33739053149007e+01  3.37978246190026e+01
  3.41983573201677e+01  3.45740683396089e+01  3.49235691335577e+01
  3.52455292255180e+01  3.55386882647574e+01  3.58018685609033e+01
  3.60339880183209e+01  3.62340734018087e+01  3.64012738270809e+01
  3.65348743914492e+01  3.66343098051845e+01  3.66991779163292e+01
  3.67292529692593e+01  3.67244984547649e+01  3.66850793768145e+01
  3.66113737696736e+01  3.65039832634720e+01  3.63637425236378e+01
  3.61917273388059e+01  3.59892611720046e+01  3.57579199486311e+01
  3.54995348823452e+01  3.52161931230528e+01  3.49102360359614e+01
  3.45842549035756e+01  3.42410838940696e+01  3.38837901040644e+01
  3.35156605680930e+01  3.31401860861080e+01  3.27610418088176e+01
  3.23820645102747e+01  3.20072265440975e+01  3.16406065039040e+01
  3.12863566701118e+01  3.09486673556047e+01  3.06317283422621e+01
  3.03396876201654e+01  3.00766077410525e+01  2.98464201117750e+01
  2.96528776487671e+01  2.94995062492452e+01  2.93895555978203e+01
  2.93259498860128e+01  2.93112390610520e+01  2.93475512701357e+01
  2.94365472070969e+01  2.95793770879001e+01  2.97766410153440e+01
  3.00283534942163e+01  3.03339128651105e+01  3.06920764086182e+01
  3.11009418528977e+01  3.15579359680166e+01  3.20598108979672e+01
  3.26026487833803e+01  3.31818751849233e+01  3.37922816812948e+01
  3.44280579378895e+01  3.50828333969550e+01  3.57497286171965e+01
  3.64214161327898e+01  3.70901905605632e+01  3.77480475024913e+01
  3.83867706412572e+01  3.89980262439525e+01  3.95734641242344e+01
  4.01048239497241e+01  4.05840456176163e+01  4.10033822781059e+01
  4.13555144456036e+01  4.16336635226411e+01  4.18317029651241e+01
  4.19442652331208e+01  4.19668426430896e+01  4.18958801955631e+01
  4.17288584894563e+01  4.14643648653552e+01  4.11021510204746e+01
  4.06431754449421e+01  4.00896292175440e+01  3.94449438632557e+01
  3.87137802676579e+01  3.79019978620052e+01  3.70166036677326e+01
  3.60656810836667e+01  3.50582987135060e+01  3.40043998981301e+01
  3.29146740579796e+01  3.18004113355018e+01  3.06733424885431e+01
  2.95454663434663e+01  2.84288675417850e+01  2.73355276227542e+01
  2.62771328075066e+01  2.52648820641091e+01  2.43092992115825e+01
  2.34200528848043e+01  2.26057881777396e+01  2.18739736693933e+01
  2.12307673171186e+01  2.06809044094999e+01  2.02276103441578e+01
  1.98725405309306e+01  1.96157491394722e+01  1.94556878074154e+01
  1.93892347497334e+01  1.94117540311320e+01  1.95171840587802e+01
  1.96981536615801e+01  1.99461234567730e+01  2.02515495696425e+01
  2.06040662082477e+01  2.09926830963285e+01  2.14059933715109e+01
  2.18323872676362e+01  2.22602667390747e+01  2.26782561615956e+01
  2.30754043612400e+01  2.34413734865823e+01  2.37666106284264e+01
  2.40424986222367e+01  2.42614830752869e+01  2.44171733848617e+01
  2.45044162539151e+01  2.45193410114078e+01  2.44593768171794e+01
  2.43232425848390e+01  2.41109111478228e+01  2.38235498057559e+01
  2.34634398999834e+01  2.30338784733103e+01  2.25390653489928e+01
  2.19839791312999e+01  2.13742456778747e+01  2.07160025264554e+01
  2.00157626103381e+01  1.92802803376542e+01  1.85164228173077e+01
  1.77310486349512e+01  1.69308962008817e+01  1.61224832717612e+01
  1.53120188285748e+01  1.45053281040856e+01  1.37077911391606e+01
  1.29242949294099e+01  1.21591988697522e+01  1.14163129542245e+01
  1.06988879421634e+01  1.00096165112032e+01  9.35064428559345e+00
  8.72358951036072e+00  8.12957009017379e+00  7.56923668691019e+00
  7.04281056662527e+00  6.55012494068606e+00  6.09066859192071e+00
  5.66363067075215e+00  5.26794564239829e+00  4.90233747793485e+00
  4.56536230540525e+00  4.25544886368638e+00  3.97093622638312e+00
  3.71010839331346e+00  3.47122546337525e+00  3.25255121835683e+00
  3.05237704998370e+00  2.86904225317228e+00  2.70095078944230e+00
  2.54658468828900e+00  2.40451430760131e+00  2.27340571229207e+00
  2.15202545621341e+00  2.03924306699330e+00  1.93403153687274e+00
  1.83546611784987e+00  1.74272170699350e+00  1.65506908967224e+00
  1.57187028651463e+00  1.49257322492417e+00  1.41670593010343e+00
  1.34387040414136e+00  1.27373633637354e+00  1.20603476413047e+00
  1.14055178120032e+00  1.07712237169648e+00  1.01562443017508e+00
  9.55973014619112e-01  8.98114866834071e-01  8.42023225991715e-01
  7.87692953187915e-01  7.35135980007691e-01  6.84377089669571e-01
  6.35450037073265e-01  5.88394011587067e-01  5.43250445713723e-01
  5.00060170885330e-01  4.58860921390312e-01  4.19685185516285e-01
  3.82558401996971e-01  3.47497497718231e-01  3.14509760498174e-01
  2.83592038048231e-01  2.54730251156684e-01  2.27899205967777e-01
  2.03062686569325e-01  1.80173805861305e-01  1.59175589102935e-01
  1.40001761619326e-01  1.22577709434806e-01  1.06821579545515e-01
  9.26454852030634e-02  7.99567809726604e-02  6.86593726295366e-02
  5.86550280893961e-02  4.98446575936225e-02  4.21295341659173e-02
  3.54124288880516e-02  2.95986396300033e-02  2.45968964021647e-02
  2.03201312671684e-02  1.66861056028961e-02  1.36178922408803e-02
  1.10442144661593e-02  8.89964788504844e-03  7.12469463728863e-03
  5.66574224350932e-03  4.47492148867986e-03  3.50987912214383e-03
  2.73348182275773e-03  2.11346787626034e-03  1.62206242233421e-03
  1.23557103455999e-03  9.33964918492534e-04  7.00469251908991e-04
  5.21164273447663e-04  3.84606743743492e-04  2.81477467729844e-04
  2.04258734305409e-04  1.46943891505826e-04  1.04779831037663e-04
  7.40419850156500e-05  5.18404798669717e-05  3.59554148083258e-05
  2.46987432009726e-05  1.67999773715316e-05  1.13128186934380e-05
  7.53985735354767e-06  4.97260839840272e-06  3.24436387249893e-06
  2.09358675432020e-06  1.33584767332754e-06  8.42582395918811e-07
  5.25216753622569e-07  3.23454395685971e-07  1.96747705194360e-07
  1.18167577602365e-07  7.00559791862180e-08  4.09837996441326e-08
  2.36514504782745e-08  1.34596984955910e-08  7.55084641743299e-09
  4.17429009048188e-09  2.27321576260251e-09  1.21899201883974e-09
  6.43435846869800e-10  3.34169752266499e-10  1.70696574876900e-10
  8.57198941022806e-11  4.23013937081477e-11  2.05050841249168e-11
  9.75904946706528e-12  4.55817459576815e-12  2.08835902392714e-12
  9.38076258441876e-13  4.12926392677399e-13  1.78027125030256e-13
  7.51361984281926e-14  3.10262019681412e-14  1.25281684907734e-14
  4.94384456303986e-15  1.90562945053872e-15  7.17282195201633e-16
  2.63399190608003e-16  9.43065304861652e-17  3.28999754923987e-17
  1.11761607439248e-17  3.69439167603162e-18  1.18754417208734e-18
  3.70633687322792e-19  1.12315070879062e-19  3.30221330535920e-20
  9.41269233215530e-21  2.59910339174040e-21  6.94680127617970e-22
  1.79572427345607e-22  4.48560114642096e-23  1.08181088329075e-23
  2.51678238707076e-24  5.64297045683770e-25  1.21823709771161e-25
  2.52989016092304e-26  5.04882882948176e-27  9.67300241875369e-28
  1.77731772564271e-28  3.12854263672777e-29  5.27012328496419e-30
  8.48628644252563e-31  1.30477942050424e-31  1.91324569667549e-32
  2.67237559151741e-33  3.55126456828705e-34
 (i6, f12.0, f18.0, f8.3, i6)
   670  60.0000000  0.02500000000000  28.000     2
 (3e22.14)
  2.99785627573422e-06  3.14822239435847e-06  3.30613016966885e-06
  3.47195782587790e-06  3.64610255336458e-06  3.82898145956288e-06
  4.02103256751086e-06  4.22271586444773e-06  4.43451440296639e-06
  4.65693545735412e-06  4.89051173788764e-06  5.13580266598148e-06
  5.39339571324481e-06  5.66390780763799e-06  5.94798681010478e-06
  6.24631306518648e-06  6.55960102936013e-06  6.88860098093621e-06
  7.23410081568921e-06  7.59692793238457e-06  7.97795121286751e-06
  8.37808310127808e-06  8.79828178750214e-06  9.23955349997383e-06
  9.70295491336786e-06  1.01895956768869e-05  1.07006410692405e-05
  1.12373147865653e-05  1.18009018700825e-05  1.23927517802839e-05
  1.30142816252358e-05  1.36669795504470e-05  1.43524082986175e-05
  1.50722089476040e-05  1.58281048356225e-05  1.66219056829800e-05
  1.74555119202674e-05  1.83309192331880e-05  1.92502233350959e-05
  2.02156249782947e-05  2.12294352164674e-05  2.22940809303504e-05
  2.34121106302039e-05  2.45862005486439e-05  2.58191610385270e-05
  2.71139432910140e-05  2.84736463899823e-05  2.99015247193462e-05
  3.14009957413210e-05  3.29756481636020e-05  3.46292505156138e-05
  3.63657601535227e-05  3.81893327160834e-05  4.01043320533863e-05
  4.21153406524142e-05  4.42271705840162e-05  4.64448749976150e-05
  4.87737601905745e-05  5.12193982815851e-05  5.37876405172751e-05
  5.64846312448626e-05  5.93168225828409e-05  6.22909898256240e-05
  6.54142476180081e-05  6.86940669383456e-05  7.21382929304209e-05
  7.57551636268333e-05  7.95533296076293e-05  8.35418746419429e-05
  8.77303373600599e-05  9.21287340092996e-05  9.67475823456355e-05
  1.01597926719482e-04  1.06691364413861e-04  1.12040073298157e-04
  1.17656840862397e-04  1.23555094701606e-04  1.29748934521214e-04
  1.36253165741022e-04  1.43083334775153e-04  1.50255766073565e-04
  1.57787601011005e-04  1.65696838716639e-04  1.74002378939670e-04
  1.82724067053925e-04  1.91882741305004e-04  2.01500282415444e-04
  2.11599665660211e-04  2.22205015540201e-04  2.33341663178663e-04
  2.45036206578637e-04  2.57316573881721e-04  2.70212089778385e-04
  2.83753545224631e-04  2.97973270631504e-04  3.12905212695860e-04
  3.28585015058435e-04  3.45050102971953e-04  3.62339772185243e-04
  3.80495282245911e-04  3.99559954444847e-04  4.19579274629539e-04
  4.40601001129211e-04  4.62675278041956e-04  4.85854754153201e-04
  5.10194707757400e-04  5.35753177683946e-04  5.62591100821989e-04
  5.90772456477314e-04  6.20364417887819e-04  6.51437511258324e-04
  6.84065782680735e-04  7.18326973331768e-04  7.54302703351434e-04
  7.92078664836867e-04  8.31744824389203e-04  8.73395635699154e-04
  9.17130262645070e-04  9.63052813440776e-04  1.01127258635805e-03
  1.06190432760463e-03  1.11506850194625e-03  1.17089157670344e-03
  1.22950631977080e-03  1.29105211235762e-03  1.35567527715169e-03
  1.42352942268734e-03  1.49477580467629e-03  1.56958370516464e-03
  1.64813083035622e-03  1.73060372803394e-03  1.81719822552118e-03
  1.90811988919345e-03  2.00358450657599e-03  2.10381859214611e-03
  2.20905991796241e-03  2.31955807036203e-03  2.43557503395397e-03
  2.55738580426128e-03  2.68527903037649e-03  2.81955768910280e-03
  2.96053979207310e-03  3.10855912748504e-03  3.26396603805450e-03
  3.42712823701396e-03  3.59843166390357e-03  3.77828138213650e-03
  3.96710252029626e-03  4.16534125929205e-03  4.37346586754683e-03
  4.59196778654304e-03  4.82136276908902e-03  5.06219207288628e-03
  5.31502371193854e-03  5.58045376867251e-03  5.85910776953075e-03
  6.15164212715433e-03  6.45874565223264e-03  6.78114113836219e-03
  7.11958702332551e-03  7.47487913043781e-03  7.84785249365632e-03
  8.23938327049714e-03  8.65039074671596e-03  9.08183943724779e-03
  9.53474128768993e-03  1.00101579811962e-02  1.05092033555548e-02
  1.10330459356433e-02  1.15829115865448e-02  1.21600862929758e-02
  1.27659190707260e-02  1.34018250163698e-02  1.40692885013166e-02
  1.47698665171489e-02  1.55051921787894e-02  1.62769783929896e-02
  1.70870216994179e-02  1.79372062922938e-02  1.88295082306058e-02
  1.97659998455262e-02  2.07488543536480e-02  2.17803506855597e-02
  2.28628785388746e-02  2.39989436662567e-02  2.51911734082081e-02
  2.64423224819219e-02  2.77552790370441e-02  2.91330709902316e-02
  3.05788726504442e-02  3.20960116477829e-02  3.36879761785822e-02
  3.53584225808718e-02  3.71111832534884e-02  3.89502749344370e-02
  4.08799073525921e-02  4.29044922693281e-02  4.50286529256849e-02
  4.72572339122933e-02  4.95953114791687e-02  5.20482043037790e-02
  5.46214847353807e-02  5.73209905358173e-02  6.01528371352605e-02
  6.31234304251287e-02  6.62394801075032e-02  6.95080136243873e-02
  7.29363906881227e-02  7.65323184367358e-02  8.03038672374137e-02
  8.42594871631750e-02  8.84080251666627e-02  9.27587429783795e-02
  9.73213357532191e-02  1.02105951495213e-01  1.07123211284774e-01
  1.12384230339211e-01  1.17900639933131e-01  1.23684610209018e-01
  1.29748873906614e-01  1.36106751042302e-01  1.42772174566919e-01
  1.49759717035429e-01  1.57084618316036e-01  1.64762814373243e-01
  1.72810967153281e-01  1.81246495605254e-01  1.90087607867189e-01
  1.99353334650793e-01  2.09063563851030e-01  2.19239076417282e-01
  2.29901583507646e-01  2.41073764963322e-01  2.52779309124205e-01
  2.65042954017089e-01  2.77890529939031e-01  2.91349003461775e-01
  3.05446522876402e-01  3.20212465102371e-01  3.35677484071631e-01
  3.51873560612127e-01  3.68834053829987e-01  3.86593754011264e-01
  4.05188937036308e-01  4.24657420314512e-01  4.45038620229509e-01
  4.66373611088314e-01  4.88705185553285e-01  5.12077916542155e-01
  5.36538220554416e-01  5.62134422404102e-01  5.88916821291183e-01
  6.16937758179517e-01  6.46251684396547e-01  6.76915231393007e-01
  7.08987281566158e-01  7.42529040053042e-01  7.77604107370659e-01
  8.14278552788325e-01  8.52620988265722e-01  8.92702642825915e-01
  9.34597437143748e-01  9.78382058190691e-01  1.02413603367971e+00
  1.07194180609195e+00  1.12188480600192e+00  1.17405352442040e+00
  1.22853958381889e+00  1.28543780751191e+00  1.34484628697903e+00
  1.40686644677059e+00  1.47160310648129e+00  1.53916453938298e+00
  1.60966252713395e+00  1.68321241005081e+00  1.75993313231167e+00
  1.83994728147222e+00  1.92338112156849e+00  2.01036461912152e+00
  2.10103146118187e+00  2.19551906467514e+00  2.29396857603729e+00
  2.39652486031697e+00  2.50333647863276e+00  2.61455565301732e+00
  2.73033821743546e+00  2.85084355392454e+00  2.97623451243965e+00
  3.10667731331657e+00  3.24234143077625e+00  3.38339945622739e+00
  3.53002693974105e+00  3.68240220829362e+00  3.84070615898524e+00
  4.00512202584411e+00  4.17583511818943e+00  4.35303252910319e+00
  4.53690281196084e+00  4.72763562335717e+00  4.92542133038983e+00
  5.13045058063034e+00  5.34291383250673e+00  5.56300084468951e+00
  5.79090012193956e+00  6.02679831614802e+00  6.27087958017887e+00
  6.52332487306086e+00  6.78431121454446e+00  7.05401088755729e+00
  7.33259058673812e+00  7.62021051201401e+00  7.91702340541881e+00
  8.22317353078532e+00  8.53879559461231e+00  8.86401360836267e+00
  9.19893969111841e+00  9.54367281323585e+00  9.89829748073326e+00
  1.02628823620787e+01  1.06374788573501e+01  1.10221196132227e+01
  1.14168169841170e+01  1.18215614443583e+01  1.22363199533406e+01
  1.26610342791109e+01  1.30956192847314e+01  1.35399611839221e+01
  1.39939157720236e+01  1.44573066411865e+01  1.49299233869168e+01
  1.54115198179775e+01  1.59018121780524e+01  1.64004773938084e+01
  1.69071513605879e+01  1.74214272819099e+01  1.79428540771367e+01
  1.84709348765294e+01  1.90051256190699e+01  1.95448337771867e+01
  2.00894172243222e+01  2.06381832729526e+01  2.11903879023636e+01
  2.17452352042497e+01  2.23018770692555e+01  2.28594131449136e+01
  2.34168910874786e+01  2.39733071433553e+01  2.45276070804646e+01
  2.50786875073241e+01  2.56253976020045e+01  2.61665412848550e+01
  2.67008798603387e+01  2.72271351575788e+01  2.77439931930406e+01
  2.82501083832830e+01  2.87441083245385e+01  2.92245991651601e+01
  2.96901715772207e+01  3.01394073513076e+01  3.05708866072391e+01
  3.09831956371115e+01  3.13749353643131e+01  3.17447304171366e+01
  3.20912387928172e+01  3.24131620912460e+01  3.27092562787559e+01
  3.29783429446667e+01  3.32193209893154e+01  3.34311786898124e+01
  3.36130060552364e+01  3.37640074028090e+01  3.38835140373189e+01
  3.39709969441363e+01  3.40260793590287e+01  3.40485490932634e+01
  3.40383704618594e+01  3.39956956697906e+01  3.39208754786135e+01
  3.38144689976337e+01  3.36772523984462e+01  3.35102263847625e+01
  3.33146222111149e+01  3.30919060664997e+01  3.28437816219628e+01
  3.25721905599783e+01  3.22793108876157e+01  3.19675528756978e+01
  3.16395524363832e+01  3.12981618184002e+01  3.09464374662041e+01
  3.05876249594004e+01  3.02251409410902e+01  2.98625520027225e+01
  2.95035505005921e+01  2.91519273558586e+01  2.88115418815749e+01
  2.84862887876613e+01  2.81800625000484e+01  2.78967190351431e+01
  2.76400356840096e+01  2.74136688373567e+01  2.72211103223232e+01
  2.70656426819798e+01  2.69502938757472e+01  2.68777919229920e+01
  2.68505200656007e+01  2.68704730537483e+01  2.69392151982328e+01
  2.70578408576504e+01  2.72269380447655e+01  2.74465558473370e+01
  2.77161763548775e+01  2.80346917747039e+01  2.84003873889273e+01
  2.88109309802504e+01  2.92633692884456e+01  2.97541320178820e+01
  3.02790438200117e+01  3.08333446074345e+01  3.14117184381773e+01
  3.20083311135275e+01  3.26168764924757e+01  3.32306314179220e+01
  3.38425189823380e+01  3.44451797432892e+01  3.50310503305230e+01
  3.55924487451753e+01  3.61216655021509e+01  3.66110596204999e+01
  3.70531583237097e+01  3.74407591936922e+01  3.77670333878435e+01
  3.80256284451515e+01  3.82107691072578e+01  3.83173545265999e+01
  3.83410501887211e+01  3.82783728640115e+01  3.81267669095714e+01
  3.78846703008627e+01  3.75515688185240e+01  3.71280369613024e+01
  3.66157642484072e+01  3.60175657930150e+01  3.53373761970126e+01
  3.45802260814645e+01  3.37522008125678e+01  3.28603813055380e+01
  3.19127670711453e+01  3.09181820565993e+01  2.98861641324731e+01
  2.88268394924786e+01  2.77507835486398e+01  2.66688702901994e+01
  2.55921123916903e+01  2.45314946709120e+01  2.34978037583165e+01
  2.25014570710597e+01  2.15523343207800e+01  2.06596149004007e+01
  1.98316244782386e+01  1.90756940754372e+01  1.83980347299661e+01
  1.78036306082565e+01  1.72961530961820e+01  1.68778979881406e+01
  1.65497474348206e+01  1.63111577660878e+01  1.61601737632528e+01
  1.60934693531461e+01  1.61064141094171e+01  1.61931643526877e+01
  1.63467770704167e+01  1.65593443333628e+01  1.68221453885887e+01
  1.71258131665758e+01  1.74605115702784e+01  1.78161196300819e+01
  1.81824184228704e+01  1.85492765783385e+01  1.89068302381122e+01
  1.92456534948207e+01  1.95569156213541e+01  1.98325217895507e+01
  2.00652344708382e+01  2.02487732784987e+01  2.03778916442900e+01
  2.04484293857313e+01  2.04573408978161e+01  2.04026993650828e+01
  2.02836780131014e+01  2.01005099842989e+01  1.98544289102811e+01
  1.95475926505783e+01  1.91829929660681e+01  1.87643540897461e+01
  1.82960232502281e+01  1.77828561951116e+01  1.72301006654213e+01
  1.66432805968481e+01  1.60280835789039e+01  1.53902538124788e+01
  1.47354924722080e+01  1.40693670291452e+01  1.33972307255824e+01
  1.27241530359714e+01  1.20548616024521e+01  1.13936958133113e+01
  1.07445718976341e+01  1.01109591544423e+01  9.49586671428053e+00
  8.90184004775870e+00  8.33096629916976e+00  7.78488741536352e+00
  7.26481997755178e+00  6.77158060935212e+00  6.30561583292704e+00
  5.86703527118935e+00  5.45564714158039e+00  5.07099505682248e+00
  4.71239523083102e+00  4.37897328497747e+00  4.06969995359627e+00
  3.78342509716293e+00  3.51890954191818e+00  3.27485437458191e+00
  3.04992742475413e+00  2.84278676936463e+00  2.65210118053733e+00
  2.47656752302361e+00  2.31492517565143e+00  2.16596761068071e+00
  2.02855131334474e+00  1.90160225848831e+00  1.78412018724052e+00
  1.67518094110242e+00  1.57393711608028e+00  1.47961729768129e+00
  1.39152412753267e+00  1.30903143836831e+00  1.23158067477605e+00
  1.15867679570732e+00  1.08988383116221e+00  1.02482024153583e+00
  9.63154204121528e-01  9.04598928663852e-01  8.48908082315236e-01
  7.95871385346906e-01  7.45310421746924e-01  6.97074694445718e-01
  6.51037942672183e-01  6.07094729313965e-01  5.65157298587362e-01
  5.25152698932215e-01  4.87020162280257e-01  4.50708728717249e-01
  4.16175104490056e-01  3.83381741285697e-01  3.52295125214155e-01
  3.22884264960443e-01  2.95119369559593e-01  2.68970707578200e-01
  2.44407640255544e-01  2.21397822019105e-01  1.99906562108672e-01
  1.79896341050438e-01  1.61326475444887e-01  1.44152923761651e-01
  1.28328224973681e-01  1.13801560554917e-01  1.00518929203704e-01
  8.84234221516820e-02  7.74555857686914e-02  6.75538569386221e-02
  5.86550558433517e-02  5.06949201657765e-02  4.36086645252853e-02
  3.73315491148496e-02  3.17994421228919e-02  2.69493615125268e-02
  2.27199831362872e-02  1.90521038760345e-02  1.58890505082997e-02
  1.31770271760243e-02  1.08653966571877e-02  8.90689293038613e-03
  7.25776479057771e-03  5.87785235539545e-03  4.73060017264445e-03
  3.78301221674541e-03  3.00555531853088e-03  2.37201847217147e-03
  1.85933601018845e-03  1.44738283492700e-03  1.11874977616016e-03
  8.58506744977999e-04  6.53960725542290e-04  4.94414841326370e-04
  3.70933811087967e-04  2.76120123364257e-04  2.03904264298871e-04
  1.49351368101688e-04  1.08485772756079e-04  7.81341614661026e-05
  5.57873006735860e-05  3.94798242065357e-05  2.76870864163172e-05
  1.92378078006355e-05  1.32410218501567e-05  9.02575398615626e-06
  6.09181973731066e-06  4.07018907044902e-06  2.69144424235856e-06
  1.76098429384460e-06  1.13977093607917e-06  7.29559923898576e-07
  4.61712350810804e-07  2.88822752911508e-07  1.78533370692162e-07
  1.09021063028603e-07  6.57469775743929e-08  3.91455826269928e-08
  2.30035713153557e-08  1.33374343929499e-08  7.62729566542367e-09
  4.30070533708780e-09  2.39018081261236e-09  1.30881985085723e-09
  7.05891262058968e-10  3.74818462218378e-10  1.95874594019338e-10
  1.00696882556327e-10  5.09049473399934e-11  2.52951390317913e-11
  1.23498178673225e-11  5.92156770197374e-12  2.78719246196119e-12
  1.28720537524690e-12  5.83002933841885e-13  2.58834343481773e-13
  1.12585521834009e-13  4.79542641398603e-14  1.99906276761642e-14
  8.15169379187379e-15  3.24966140059076e-15  1.26582248017170e-15
  4.81640983134917e-16  1.78866197185778e-16  6.47895171866120e-17
  2.28762065791088e-17  7.86854363678770e-18  2.63486385045452e-18
  8.58440138522259e-19  2.71789789061715e-19  8.36089081672481e-20
  2.49674326778770e-20  7.23227543190593e-21  2.03060661220279e-21
  5.52189947235486e-22  1.45317207557830e-22  3.69791697733658e-23
  9.09172133460196e-24  2.15780702708073e-24  4.93942654873951e-25
  1.08955430597219e-25  2.31383044187033e-26  4.72625433505330e-27
  9.27659782161857e-28  1.74791382547959e-28  3.15845539779165e-29
  5.46772632503809e-30
  8.57961410427236e-25  9.78774144905159e-25  1.11659446390660e-24
  1.27381588436570e-24  1.45316864773161e-24  1.65776706980473e-24
  1.89116354536354e-24  2.15741014227810e-24  2.46112885099420e-24
  2.80759170481419e-24  3.20281215703471e-24  3.65364929532970e-24
  4.16792669558399e-24  4.75456797009110e-24  5.42375135326384e-24
  6.18708599655182e-24  7.05781301886146e-24  8.05103478583490e-24
  9.18397637817175e-24  1.04762837642517e-23  1.19503638249096e-23
  1.36317720996192e-23  1.55496549453522e-23  1.77372537367112e-23
  2.02324798041465e-23  2.30785700247530e-23  2.63248343681409e-23
  3.00275082817140e-23  3.42507246028735e-23  3.90676217405168e-23
  4.45616072103702e-23  5.08277982777134e-23  5.79746645032104e-23
  6.61259004535468e-23  7.54225607895990e-23  8.60254944456126e-23
  9.81181197428835e-23  1.11909588125866e-22  1.27638390868452e-22
  1.45576470685761e-22  1.66033908832465e-22  1.89364268117363e-22
  2.15970683485799e-22  2.46312804604083e-22  2.80914709442783e-22
  3.20373924443852e-22  3.65371705752445e-22  4.16684757516129e-22
  4.75198587769813e-22  5.41922730342354e-22  6.18008093021795e-22
  7.04766728425659e-22  8.03694365263707e-22  9.16496084638617e-22
  1.04511557950293e-21  1.19176849627305e-21  1.35898042692538e-21
  1.54963019881406e-21  1.76699919931009e-21  2.01482757462697e-21
  2.29737825864394e-21  2.61950992005094e-21  2.98676006698711e-21
  3.40543972001373e-21  3.88274125964653e-21  4.42686127698605e-21
  5.04714050900854e-21  5.75422322791376e-21  6.56023878147894e-21
  7.47900835396833e-21  8.52628044104672e-21  9.71999901433822e-21
  1.10806088997159e-20  1.26314035172446e-20  1.43989208400510e-20
  1.64133942362463e-20  1.87092657752609e-20  2.13257706230678e-20
  2.43076023365327e-20  2.77056702152279e-20  3.15779614013216e-20
  3.59905221599900e-20  4.10185747520255e-20  4.67477885600194e-20
  5.32757266853240e-20  6.07134921372995e-20  6.91876010356432e-20
  7.88421139945279e-20  8.98410611144261e-20  1.02371200842217e-19
  1.16645158451156e-19  1.32904996125973e-19  1.51426273717654e-19
  1.72522667267058e-19  1.96551221518293e-19  2.23918322994620e-19
  2.55086491957720e-19  2.90582104901127e-19  3.31004174352965e-19
  3.77034329918950e-19  4.29448163957062e-19  4.89128127344394e-19
  5.57078185822940e-19  6.34440475784220e-19  7.22514230520834e-19
  8.22777284429153e-19  9.36910503970975e-19  1.06682554102033e-18
  1.21469635727047e-18  1.38299502846803e-18  1.57453240530246e-18
  1.79250428485462e-18  2.04054383377866e-18  2.32278110318708e-18
  2.64391058703450e-18  3.00926790234659e-18  3.42491681283668e-18
  3.89774797944400e-18  4.43559100455980e-18  5.04734154392520e-18
  5.74310549447351e-18  6.53436253125982e-18  7.43415156598145e-18
  8.45728103788772e-18  9.62056733009289e-18  1.09431050360466e-17
  1.24465732885318e-17  1.41555829141058e-17  1.60980697974875e-17
  1.83057405418708e-17  2.08145773028072e-17  2.36654095663842e-17
  2.69045616498173e-17  3.05845858385823e-17  3.47650923550785e-17
  3.95136887974656e-17  4.49070433144637e-17  5.10320876149018e-17
  5.79873779758591e-17  6.58846347385609e-17  7.48504833995084e-17
  8.50284233513487e-17  9.65810536449023e-17  1.09692588874851e-16
  1.24571702489571e-16  1.41454739545031e-16  1.60609346229940e-16
  1.82338569453781e-16  2.06985486492049e-16  2.34938432213350e-16
  2.66636899869711e-16  3.02578200929643e-16  3.43324980091619e-16
  3.89513693584326e-16  4.41864172280221e-16  5.01190406212226e-16
  5.68412703968471e-16  6.44571399376295e-16  7.30842299108342e-16
  8.28554088629572e-16  9.39207940542614e-16  1.06449959924140e-15
  1.20634424918645e-15  1.36690451153912e-15  1.54862195574648e-15
  1.75425255952600e-15  1.98690660309582e-15  2.25009354211634e-15
  2.54777246931655e-15  2.88440884806571e-15  3.26503828296652e-15
  3.69533818405976e-15  4.18170828335726e-15  4.73136107656818e-15
  5.35242339020570e-15  6.05405041660541e-15  6.84655371790657e-15
  7.74154487736201e-15  8.75209667369426e-15  9.89292387469179e-15
  1.11805859918506e-14  1.26337146118664e-14  1.42732682259562e-14
  1.61228178185437e-14  1.82088668554998e-14  2.05612097351377e-14
  2.32133332348991e-14  2.62028660112149e-14  2.95720817929066e-14
  3.33684625582977e-14  3.76453287085876e-14  4.24625440555459e-14
  4.78873043353322e-14  5.39950189583588e-14  6.08702968113254e-14
  6.86080481618108e-14  7.73147160860620e-14  8.71096523654990e-14
  9.81266544936466e-14  1.10515682318599e-13  1.24444774946352e-13
  1.40102190853085e-13  1.57698796755162e-13  1.77470733653204e-13
  1.99682391676927e-13  2.24629728908012e-13  2.52643973312277e-13
  2.84095751309733e-13  3.19399691384309e-13  3.59019556572566e-13
  4.03473965686811e-13  4.53342769839448e-13  5.09274158273240e-13
  5.71992575781816e-13  6.42307543194491e-13  7.21123482630803e-13
  8.09450660566159e-13  9.08417374411772e-13  1.01928352229501e-12
  1.14345571138067e-12  1.28250407736710e-12  1.43818100710773e-12
  1.61244197772247e-12  1.80746874943926e-12  2.02569517586353e-12
  2.26983592496514e-12  2.54291843676875e-12  2.84831848036613e-12
  3.18979971341398e-12  3.57155769255885e-12  3.99826883358152e-12
  4.47514487608521e-12  5.00799347011724e-12  5.60328557143301e-12
  6.26823041007727e-12  7.01085888274481e-12  7.84011631639863e-12
  8.76596565745305e-12  9.79950226106018e-12  1.09530815885306e-11
  1.22404612703787e-11  1.36769591587970e-11  1.52796291800262e-11
  1.70674570044670e-11  1.90615777853897e-11  2.12855184767230e-11
  2.37654675313225e-11  2.65305751065078e-11  2.96132872679705e-11
  3.30497180911670e-11  3.68800640165971e-11  4.11490653276051e-11
  4.59065201948453e-11  5.12078573749993e-11  5.71147743778109e-11
  6.36959487251959e-11  7.10278308435859e-11  7.91955281544301e-11
  8.82937910853973e-11  9.84281130235105e-11  1.09715957696388e-10
  1.22288129114842e-10  1.36290301071657e-10  1.51884725283184e-10
  1.69252139628922e-10  1.88593900610412e-10  2.10134367167672e-10
  2.34123566396187e-10  2.60840175562272e-10  2.90594859166374e-10
  3.23734004742696e-10  3.60643906658351e-10  4.01755453509563e-10
  4.47549381876620e-10  4.98562167333035e-10  5.55392632829954e-10
  6.18709365047735e-10  6.89259041195460e-10  7.67875782257811e-10
  8.55491664030906e-10  9.53148534764485e-10  1.06201130808101e-09
  1.18338292244724e-09  1.31872118421544e-09  1.46965774055125e-09
  1.63801946195755e-09  1.82585255215332e-09  2.03544974646703e-09
  2.26938100933533e-09  2.53052819800446e-09  2.82212422381456e-09
  3.14779731608796e-09  3.51162107739913e-09  3.91817111492445e-09
  4.37258914192856e-09  4.88065556850691e-09  5.44887174336483e-09
  6.08455317199603e-09  6.79593522234906e-09  7.59229304360237e-09
  8.48407766560152e-09  9.48307052696850e-09  1.06025589970291e-08
  1.18575358217755e-08  1.32649258398952e-08  1.48438437925623e-08
  1.66158875922959e-08  1.86054720433564e-08  2.08402087129071e-08
  2.33513384709107e-08  2.61742241443990e-08  2.93489117967287e-08
  3.29207703594910e-08  3.69412207317077e-08  4.14685670571825e-08
  4.65689446917362e-08  5.23174014663704e-08  5.87991311988825e-08
  6.61108811302222e-08  7.43625580387907e-08  8.36790613220976e-08
  9.42023753382438e-08  1.06093957934339e-07  1.19537467256752e-07
  1.34741874993175e-07  1.51945020924113e-07  1.71417671473274e-07
  1.93468153758101e-07  2.18447646702932e-07  2.46756222248968e-07
  2.78849742668894e-07  3.15247734954682e-07  3.56542379845931e-07
  4.03408772547977e-07  4.56616633586033e-07  5.17043673198360e-07
  5.85690840523898e-07  6.63699720694204e-07  7.52372378784734e-07
  8.53193990507408e-07  9.67858645962123e-07  1.09829876360539e-06
  1.24671861313442e-06  1.41563251028015e-06  1.60790832148013e-06
  1.82681700708724e-06  2.07608901505429e-06  2.35997846279110e-06
  2.68333614571076e-06  3.05169256748680e-06  3.47135232368606e-06
  3.94950135309608e-06  4.49432876227130e-06  5.11516513630050e-06
  5.82263950876129e-06  6.62885741054821e-06  7.54760274562573e-06
  8.59456654976912e-06  9.78760609750077e-06  1.11470381975019e-05
  1.26959710323654e-05  1.44606793544585e-05  1.64710284851007e-05
  1.87609531197892e-05  2.13689977303882e-05  2.43389260159236e-05
  2.77204078146771e-05  3.15697927229919e-05  3.59509807245238e-05
  4.09364013090517e-05  4.66081136156924e-05  5.30590416968332e-05
  6.03943601932762e-05  6.87330475022030e-05  7.82096250261032e-05
  8.89761031236054e-05  1.01204156022505e-04  1.15087550560687e-04
  1.30844855236814e-04  1.48722459075814e-04  1.68997931833535e-04
  1.91983760115759e-04  2.18031496294151e-04  2.47536361002163e-04
  2.80942341175270e-04  3.18747831391390e-04  3.61511866283238e-04
  4.09860997855716e-04  4.64496872676354e-04  5.26204568040977e-04
  5.95861748738991e-04  6.74448709300509e-04  7.63059368325339e-04
  8.62913284907553e-04  9.75368767379413e-04  1.10193714691885e-03
  1.24429828873858e-03  1.40431741228730e-03  1.58406329168444e-03
  1.78582790484439e-03  2.01214759287547e-03  2.26582579181545e-03
  2.54995738313659e-03  2.86795470718140e-03  3.22357526782110e-03
  3.62095114183356e-03  4.06462009208603e-03  4.55955836163792e-03
  5.11121509900983e-03  5.72554834543419e-03  6.40906247420002e-03
  7.16884694307215e-03  8.01261618356493e-03  8.94875039524977e-03
  9.98633697944372e-03  1.11352122862105e-02  1.24060032797095e-02
  1.38101686991332e-02  1.53600391708495e-02  1.70688557112396e-02
  1.89508059508874e-02  2.10210573292649e-02  2.32957864607021e-02
  2.57922037388767e-02  2.85285722155902e-02  3.15242196283796e-02
  3.47995425157536e-02  3.83760010125036e-02  4.22761032216666e-02
  4.65233775648923e-02  5.11423318393977e-02  5.61583974005326e-02
  6.15978569910308e-02  6.74877546980251e-02  7.38557865324310e-02
  8.07301702022862e-02  8.81394926492212e-02  9.61125341881141e-02
  1.04678068049207e-01  1.13864634534180e-01  1.23700289105926e-01
  1.34212324073004e-01  1.45426964044907e-01  1.57369035402053e-01
  1.70061611029995e-01  1.83525631530786e-01  1.97779505112015e-01
  2.12838688833090e-01  2.28715254388479e-01  2.45417442540512e-01
  2.62949210683668e-01  2.81309778792692e-01  3.00493179586588e-01
  3.20487819136578e-01  3.41276054815709e-01  3.62833797633509e-01
  3.85130146482326e-01  4.08127062036273e-01  4.31779088185042e-01
  4.56033129272484e-01  4.80828291445530e-01  5.06095796928280e-01
  5.31758980048638e-01  5.57733374331540e-01  5.83926899799761e-01
  6.10240159470238e-01  6.36566853238411e-01  6.62794315850062e-01
  6.88804183590125e-01  7.14473191422900e-01  7.39674098756070e-01
  7.64276738207768e-01  7.88149177432825e-01  8.11158980060562e-01
  8.33174547834963e-01  8.54066522287744e-01  8.73709221846502e-01
  8.91982087136670e-01  9.08771106648251e-01  9.23970193434287e-01
  9.37482484391422e-01  9.49221534461606e-01  9.59112380347211e-01
  9.67092451186721e-01  9.73112307267308e-01  9.77136192106997e-01
  9.79142387909023e-01  9.79123369308854e-01  9.77085755387743e-01
  9.73050064772785e-01  9.67050283322871e-01  9.59133258003988e-01
  9.49357934216346e-01  9.37794456684398e-01  9.24523156248756e-01
  9.09633446218975e-01  8.93222652618779e-01  8.75394802446861e-01
  8.56259393332432e-01  8.35930166476647e-01  8.14523902941897e-01
  7.92159260995602e-01  7.68955669741957e-01  7.45032291514638e-01
  7.20507062844879e-01  6.95495821066719e-01  6.70111521212788e-01
  6.44463545198847e-01  6.18657104235375e-01  5.92792731320344e-01
  5.66965862958428e-01  5.41266503194267e-01  5.15778967505982e-01
  4.90581698394155e-01  4.65747148220532e-01  4.41341722004157e-01
  4.17425774175113e-01  3.94053653203379e-01  3.71273787916546e-01
  3.49128810176348e-01  3.27655708555713e-01  3.06886008285769e-01
  2.86845973139619e-01  2.67556825264631e-01  2.49034979536068e-01
  2.31292289136380e-01  2.14336299883205e-01  1.98170510499175e-01
  1.82794637029816e-01  1.68204879258704e-01  1.54394187573075e-01
  1.41352528751598e-01  1.29067149294421e-01  1.17522835095298e-01
  1.06702166308726e-01  9.65857663567790e-02  8.71525441357904e-02
  7.83799285047931e-02  7.02440942809970e-02  6.27201790031962e-02
  5.57824898554097e-02  4.94047002173683e-02  4.35600354271427e-02
  3.82214474329685e-02  3.33617781254872e-02  2.89539112268273e-02
  2.49709127193893e-02  2.13861598663599e-02  1.81734589640243e-02
  1.53071520183412e-02  1.27622126015000e-02  1.05143311793502e-02
  8.53999024036950e-03  6.81652957448267e-03  5.32220207077824e-03
  4.03622040620340e-03  2.93879500343962e-03  2.01116362186657e-03
  1.23561299005045e-03  5.95492773982159e-04  7.52222587209195e-05
 -3.39709844169249e-04 -6.62752222102957e-04 -9.06304006516478e-04
 -1.08173370893432e-03 -1.19940368338945e-03 -1.26869973617461e-03
 -1.29806548309704e-03 -1.29504102775229e-03 -1.26630550433070e-03
 -1.21772299745189e-03 -1.15439131963510e-03 -1.08069309556790e-03
 -1.00034857985251e-03 -9.16469610586797e-04 -8.31614093524304e-04
 -7.47840408183599e-04 -6.66761135951741e-04 -5.89595533782707e-04
 -5.17220210116232e-04 -4.50217505963952e-04 -3.88921141775321e-04
 -3.33458757624564e-04 -2.83791049261567e-04 -2.39747282551786e-04
 -2.01057051697446e-04 -1.67378229062395e-04 -1.38321134064986e-04
 -1.13469022479370e-04 -9.23950636138678e-05 -7.46760290806455e-05
 -5.99029621122246e-05 -4.76891296296393e-05 -3.76755804814352e-05
 -2.95346426426553e-05 -2.29716906591488e-05 -1.77255033712323e-05
 -1.35675126184671e-05 -1.03002178873971e-05 -7.75501163440020e-06
 -5.78962697326072e-06 -4.28538557296319e-06 -3.14438980844429e-06
 -2.28677174495375e-06 -1.64808203281388e-06 -1.17687615777033e-06
 -8.32533531928583e-07 -5.83326199253048e-07 -4.04740254412147e-07
 -2.78041386036935e-07 -1.89068902641212e-07 -1.27237274242397e-07
 -8.47216939310203e-08 -5.58032837813536e-08 -3.63500429503205e-08
 -2.34110921180834e-08 -1.49038270554582e-08 -9.37599557603387e-09
 -5.82721062372403e-09 -3.57687928298368e-09 -2.16780704899446e-09
 -1.29681678841405e-09 -7.65495721227990e-10 -4.45732602952445e-10
 -2.55934691097800e-10 -1.44864541562480e-10 -8.08009588629274e-11
 -4.43962415187139e-11 -2.40201329283669e-11 -1.27925406037667e-11
 -6.70352743179907e-12 -3.45498748552604e-12 -1.75073097430741e-12
 -8.71849899012090e-13 -4.26506775538106e-13 -2.04870738757407e-13
 -9.65843601759461e-14 -4.46688451420505e-14 -2.02566159975976e-14
 -9.00287527330664e-15 -3.91949767767720e-15 -1.67067480847744e-15
 -6.96843781197588e-16 -2.84262021944429e-16 -1.13343482423210e-16
 -4.41538332959466e-17 -1.68029553246487e-17 -6.23995001218272e-18
 -2.25991841372951e-18 -7.97724997730226e-19 -2.74342327056285e-19
 -9.19174512388217e-20 -3.00366807709475e-20 -9.55523551396466e-21
 -2.95198367692259e-21 -8.85024291484004e-22 -2.57301631327366e-22
 -7.24844833320523e-23 -1.97707510001120e-23 -5.21709232489775e-24
 -1.33077208694489e-24 -3.27855082103042e-25 -7.79447676706540e-26
 -1.78662237999992e-26 -3.94478407103197e-27 -8.38208333024047e-28
 -1.71238743491075e-28 -3.36004914230608e-29 -6.32621399711267e-30
 -1.14168557003431e-30
 (i6, f12.0, f18.0, f8.3, i6)
   670  60.0000000  0.02500000000000  28.000     2
 (3e22.14)
  2.99785627573422e-06  3.14822239435847e-06  3.30613016966885e-06
  3.47195782587790e-06  3.64610255336458e-06  3.82898145956288e-06
  4.02103256751086e-06  4.22271586444773e-06  4.43451440296639e-06
  4.65693545735412e-06  4.89051173788764e-06  5.13580266598148e-06
  5.39339571324481e-06  5.66390780763799e-06  5.94798681010478e-06
  6.24631306518648e-06  6.55960102936013e-06  6.88860098093621e-06
  7.23410081568921e-06  7.59692793238457e-06  7.97795121286751e-06
  8.37808310127808e-06  8.79828178750214e-06  9.23955349997383e-06
  9.70295491336786e-06  1.01895956768869e-05  1.07006410692405e-05
  1.12373147865653e-05  1.18009018700825e-05  1.23927517802839e-05
  1.30142816252358e-05  1.36669795504470e-05  1.43524082986175e-05
  1.50722089476040e-05  1.58281048356225e-05  1.66219056829800e-05
  1.74555119202674e-05  1.83309192331880e-05  1.92502233350959e-05
  2.02156249782947e-05  2.12294352164674e-05  2.22940809303504e-05
  2.34121106302039e-05  2.45862005486439e-05  2.58191610385270e-05
  2.71139432910140e-05  2.84736463899823e-05  2.99015247193462e-05
  3.14009957413210e-05  3.29756481636020e-05  3.46292505156138e-05
  3.63657601535227e-05  3.81893327160834e-05  4.01043320533863e-05
  4.21153406524142e-05  4.42271705840162e-05  4.64448749976150e-05
  4.87737601905745e-05  5.12193982815851e-05  5.37876405172751e-05
  5.64846312448626e-05  5.93168225828409e-05  6.22909898256240e-05
  6.54142476180081e-05  6.86940669383456e-05  7.21382929304209e-05
  7.57551636268333e-05  7.95533296076293e-05  8.35418746419429e-05
  8.77303373600599e-05  9.21287340092996e-05  9.67475823456355e-05
  1.01597926719482e-04  1.06691364413861e-04  1.12040073298157e-04
  1.17656840862397e-04  1.23555094701606e-04  1.29748934521214e-04
  1.36253165741022e-04  1.43083334775153e-04  1.50255766073565e-04
  1.57787601011005e-04  1.65696838716639e-04  1.74002378939670e-04
  1.82724067053925e-04  1.91882741305004e-04  2.01500282415444e-04
  2.11599665660211e-04  2.22205015540201e-04  2.33341663178663e-04
  2.45036206578637e-04  2.57316573881721e-04  2.70212089778385e-04
  2.83753545224631e-04  2.97973270631504e-04  3.12905212695860e-04
  3.28585015058435e-04  3.45050102971953e-04  3.62339772185243e-04
  3.80495282245911e-04  3.99559954444847e-04  4.19579274629539e-04
  4.40601001129211e-04  4.62675278041956e-04  4.85854754153201e-04
  5.10194707757400e-04  5.35753177683946e-04  5.62591100821989e-04
  5.90772456477314e-04  6.20364417887819e-04  6.51437511258324e-04
  6.84065782680735e-04  7.18326973331768e-04  7.54302703351434e-04
  7.92078664836867e-04  8.31744824389203e-04  8.73395635699154e-04
  9.17130262645070e-04  9.63052813440776e-04  1.01127258635805e-03
  1.06190432760463e-03  1.11506850194625e-03  1.17089157670344e-03
  1.22950631977080e-03  1.29105211235762e-03  1.35567527715169e-03
  1.42352942268734e-03  1.49477580467629e-03  1.56958370516464e-03
  1.64813083035622e-03  1.73060372803394e-03  1.81719822552118e-03
  1.90811988919345e-03  2.00358450657599e-03  2.10381859214611e-03
  2.20905991796241e-03  2.31955807036203e-03  2.43557503395397e-03
  2.55738580426128e-03  2.68527903037649e-03  2.81955768910280e-03
  2.96053979207310e-03  3.10855912748504e-03  3.26396603805450e-03
  3.42712823701396e-03  3.59843166390357e-03  3.77828138213650e-03
  3.96710252029626e-03  4.16534125929205e-03  4.37346586754683e-03
  4.59196778654304e-03  4.82136276908902e-03  5.06219207288628e-03
  5.31502371193854e-03  5.58045376867251e-03  5.85910776953075e-03
  6.15164212715433e-03  6.45874565223264e-03  6.78114113836219e-03
  7.11958702332551e-03  7.47487913043781e-03  7.84785249365632e-03
  8.23938327049714e-03  8.65039074671596e-03  9.08183943724779e-03
  9.53474128768993e-03  1.00101579811962e-02  1.05092033555548e-02
  1.10330459356433e-02  1.15829115865448e-02  1.21600862929758e-02
  1.27659190707260e-02  1.34018250163698e-02  1.40692885013166e-02
  1.47698665171489e-02  1.55051921787894e-02  1.62769783929896e-02
  1.70870216994179e-02  1.79372062922938e-02  1.88295082306058e-02
  1.97659998455262e-02  2.07488543536480e-02  2.17803506855597e-02
  2.28628785388746e-02  2.39989436662567e-02  2.51911734082081e-02
  2.64423224819219e-02  2.77552790370441e-02  2.91330709902316e-02
  3.05788726504442e-02  3.20960116477829e-02  3.36879761785822e-02
  3.53584225808718e-02  3.71111832534884e-02  3.89502749344370e-02
  4.08799073525921e-02  4.29044922693281e-02  4.50286529256849e-02
  4.72572339122933e-02  4.95953114791687e-02  5.20482043037790e-02
  5.46214847353807e-02  5.73209905358173e-02  6.01528371352605e-02
  6.31234304251287e-02  6.62394801075032e-02  6.95080136243873e-02
  7.29363906881227e-02  7.65323184367358e-02  8.03038672374137e-02
  8.42594871631750e-02  8.84080251666627e-02  9.27587429783795e-02
  9.73213357532191e-02  1.02105951495213e-01  1.07123211284774e-01
  1.12384230339211e-01  1.17900639933131e-01  1.23684610209018e-01
  1.29748873906614e-01  1.36106751042302e-01  1.42772174566919e-01
  1.49759717035429e-01  1.57084618316036e-01  1.64762814373243e-01
  1.72810967153281e-01  1.81246495605254e-01  1.90087607867189e-01
  1.99353334650793e-01  2.09063563851030e-01  2.19239076417282e-01
  2.29901583507646e-01  2.41073764963322e-01  2.52779309124205e-01
  2.65042954017089e-01  2.77890529939031e-01  2.91349003461775e-01
  3.05446522876402e-01  3.20212465102371e-01  3.35677484071631e-01
  3.51873560612127e-01  3.68834053829987e-01  3.86593754011264e-01
  4.05188937036308e-01  4.24657420314512e-01  4.45038620229509e-01
  4.66373611088314e-01  4.88705185553285e-01  5.12077916542155e-01
  5.36538220554416e-01  5.62134422404102e-01  5.88916821291183e-01
  6.16937758179517e-01  6.46251684396547e-01  6.76915231393007e-01
  7.08987281566158e-01  7.42529040053042e-01  7.77604107370659e-01
  8.14278552788325e-01  8.52620988265722e-01  8.92702642825915e-01
  9.34597437143748e-01  9.78382058190691e-01  1.02413603367971e+00
  1.07194180609195e+00  1.12188480600192e+00  1.17405352442040e+00
  1.22853958381889e+00  1.28543780751191e+00  1.34484628697903e+00
  1.40686644677059e+00  1.47160310648129e+00  1.53916453938298e+00
  1.60966252713395e+00  1.68321241005081e+00  1.75993313231167e+00
  1.83994728147222e+00  1.92338112156849e+00  2.01036461912152e+00
  2.10103146118187e+00  2.19551906467514e+00  2.29396857603729e+00
  2.39652486031697e+00  2.50333647863276e+00  2.61455565301732e+00
  2.73033821743546e+00  2.85084355392454e+00  2.97623451243965e+00
  3.10667731331657e+00  3.24234143077625e+00  3.38339945622739e+00
  3.53002693974105e+00  3.68240220829362e+00  3.84070615898524e+00
  4.00512202584411e+00  4.17583511818943e+00  4.35303252910319e+00
  4.53690281196084e+00  4.72763562335717e+00  4.92542133038983e+00
  5.13045058063034e+00  5.34291383250673e+00  5.56300084468951e+00
  5.79090012193956e+00  6.02679831614802e+00  6.27087958017887e+00
  6.52332487306086e+00  6.78431121454446e+00  7.05401088755729e+00
  7.33259058673812e+00  7.62021051201401e+00  7.91702340541881e+00
  8.22317353078532e+00  8.53879559461231e+00  8.86401360836267e+00
  9.19893969111841e+00  9.54367281323585e+00  9.89829748073326e+00
  1.02628823620787e+01  1.06374788573501e+01  1.10221196132227e+01
  1.14168169841170e+01  1.18215614443583e+01  1.22363199533406e+01
  1.26610342791109e+01  1.30956192847314e+01  1.35399611839221e+01
  1.39939157720236e+01  1.44573066411865e+01  1.49299233869168e+01
  1.54115198179775e+01  1.59018121780524e+01  1.64004773938084e+01
  1.69071513605879e+01  1.74214272819099e+01  1.79428540771367e+01
  1.84709348765294e+01  1.90051256190699e+01  1.95448337771867e+01
  2.00894172243222e+01  2.06381832729526e+01  2.11903879023636e+01
  2.17452352042497e+01  2.23018770692555e+01  2.28594131449136e+01
  2.34168910874786e+01  2.39733071433553e+01  2.45276070804646e+01
  2.50786875073241e+01  2.56253976020045e+01  2.61665412848550e+01
  2.67008798603387e+01  2.72271351575788e+01  2.77439931930406e+01
  2.82501083832830e+01  2.87441083245385e+01  2.92245991651601e+01
  2.96901715772207e+01  3.01394073513076e+01  3.05708866072391e+01
  3.09831956371115e+01  3.13749353643131e+01  3.17447304171366e+01
  3.20912387928172e+01  3.24131620912460e+01  3.27092562787559e+01
  3.29783429446667e+01  3.32193209893154e+01  3.34311786898124e+01
  3.36130060552364e+01  3.37640074028090e+01  3.38835140373189e+01
  3.39709969441363e+01  3.40260793590287e+01  3.40485490932634e+01
  3.40383704618594e+01  3.39956956697906e+01  3.39208754786135e+01
  3.38144689976337e+01  3.36772523984462e+01  3.35102263847625e+01
  3.33146222111149e+01  3.30919060664997e+01  3.28437816219628e+01
  3.25721905599783e+01  3.22793108876157e+01  3.19675528756978e+01
  3.16395524363832e+01  3.12981618184002e+01  3.09464374662041e+01
  3.05876249594004e+01  3.02251409410902e+01  2.98625520027225e+01
  2.95035505005921e+01  2.91519273558586e+01  2.88115418815749e+01
  2.84862887876613e+01  2.81800625000484e+01  2.78967190351431e+01
  2.76400356840096e+01  2.74136688373567e+01  2.72211103223232e+01
  2.70656426819798e+01  2.69502938757472e+01  2.68777919229920e+01
  2.68505200656007e+01  2.68704730537483e+01  2.69392151982328e+01
  2.70578408576504e+01  2.72269380447655e+01  2.74465558473370e+01
  2.77161763548775e+01  2.80346917747039e+01  2.84003873889273e+01
  2.88109309802504e+01  2.92633692884456e+01  2.97541320178820e+01
  3.02790438200117e+01  3.08333446074345e+01  3.14117184381773e+01
  3.20083311135275e+01  3.26168764924757e+01  3.32306314179220e+01
  3.38425189823380e+01  3.44451797432892e+01  3.50310503305230e+01
  3.55924487451753e+01  3.61216655021509e+01  3.66110596204999e+01
  3.70531583237097e+01  3.74407591936922e+01  3.77670333878435e+01
  3.80256284451515e+01  3.82107691072578e+01  3.83173545265999e+01
  3.83410501887211e+01  3.82783728640115e+01  3.81267669095714e+01
  3.78846703008627e+01  3.75515688185240e+01  3.71280369613024e+01
  3.66157642484072e+01  3.60175657930150e+01  3.53373761970126e+01
  3.45802260814645e+01  3.37522008125678e+01  3.28603813055380e+01
  3.19127670711453e+01  3.09181820565993e+01  2.98861641324731e+01
  2.88268394924786e+01  2.77507835486398e+01  2.66688702901994e+01
  2.55921123916903e+01  2.45314946709120e+01  2.34978037583165e+01
  2.25014570710597e+01  2.15523343207800e+01  2.06596149004007e+01
  1.98316244782386e+01  1.90756940754372e+01  1.83980347299661e+01
  1.78036306082565e+01  1.72961530961820e+01  1.68778979881406e+01
  1.65497474348206e+01  1.63111577660878e+01  1.61601737632528e+01
  1.60934693531461e+01  1.61064141094171e+01  1.61931643526877e+01
  1.63467770704167e+01  1.65593443333628e+01  1.68221453885887e+01
  1.71258131665758e+01  1.74605115702784e+01  1.78161196300819e+01
  1.81824184228704e+01  1.85492765783385e+01  1.89068302381122e+01
  1.92456534948207e+01  1.95569156213541e+01  1.98325217895507e+01
  2.00652344708382e+01  2.02487732784987e+01  2.03778916442900e+01
  2.04484293857313e+01  2.04573408978161e+01  2.04026993650828e+01
  2.02836780131014e+01  2.01005099842989e+01  1.98544289102811e+01
  1.95475926505783e+01  1.91829929660681e+01  1.87643540897461e+01
  1.82960232502281e+01  1.77828561951116e+01  1.72301006654213e+01
  1.66432805968481e+01  1.60280835789039e+01  1.53902538124788e+01
  1.47354924722080e+01  1.40693670291452e+01  1.33972307255824e+01
  1.27241530359714e+01  1.20548616024521e+01  1.13936958133113e+01
  1.07445718976341e+01  1.01109591544423e+01  9.49586671428053e+00
  8.90184004775870e+00  8.33096629916976e+00  7.78488741536352e+00
  7.26481997755178e+00  6.77158060935212e+00  6.30561583292704e+00
  5.86703527118935e+00  5.45564714158039e+00  5.07099505682248e+00
  4.71239523083102e+00  4.37897328497747e+00  4.06969995359627e+00
  3.78342509716293e+00  3.51890954191818e+00  3.27485437458191e+00
  3.04992742475413e+00  2.84278676936463e+00  2.65210118053733e+00
  2.47656752302361e+00  2.31492517565143e+00  2.16596761068071e+00
  2.02855131334474e+00  1.90160225848831e+00  1.78412018724052e+00
  1.67518094110242e+00  1.57393711608028e+00  1.47961729768129e+00
  1.39152412753267e+00  1.30903143836831e+00  1.23158067477605e+00
  1.15867679570732e+00  1.08988383116221e+00  1.02482024153583e+00
  9.63154204121528e-01  9.04598928663852e-01  8.48908082315236e-01
  7.95871385346906e-01  7.45310421746924e-01  6.97074694445718e-01
  6.51037942672183e-01  6.07094729313965e-01  5.65157298587362e-01
  5.25152698932215e-01  4.87020162280257e-01  4.50708728717249e-01
  4.16175104490056e-01  3.83381741285697e-01  3.52295125214155e-01
  3.22884264960443e-01  2.95119369559593e-01  2.68970707578200e-01
  2.44407640255544e-01  2.21397822019105e-01  1.99906562108672e-01
  1.79896341050438e-01  1.61326475444887e-01  1.44152923761651e-01
  1.28328224973681e-01  1.13801560554917e-01  1.00518929203704e-01
  8.84234221516820e-02  7.74555857686914e-02  6.75538569386221e-02
  5.86550558433517e-02  5.06949201657765e-02  4.36086645252853e-02
  3.73315491148496e-02  3.17994421228919e-02  2.69493615125268e-02
  2.27199831362872e-02  1.90521038760345e-02  1.58890505082997e-02
  1.31770271760243e-02  1.08653966571877e-02  8.90689293038613e-03
  7.25776479057771e-03  5.87785235539545e-03  4.73060017264445e-03
  3.78301221674541e-03  3.00555531853088e-03  2.37201847217147e-03
  1.85933601018845e-03  1.44738283492700e-03  1.11874977616016e-03
  8.58506744977999e-04  6.53960725542290e-04  4.94414841326370e-04
  3.70933811087967e-04  2.76120123364257e-04  2.03904264298871e-04
  1.49351368101688e-04  1.08485772756079e-04  7.81341614661026e-05
  5.57873006735860e-05  3.94798242065357e-05  2.76870864163172e-05
  1.92378078006355e-05  1.32410218501567e-05  9.02575398615626e-06
  6.09181973731066e-06  4.07018907044902e-06  2.69144424235856e-06
  1.76098429384460e-06  1.13977093607917e-06  7.29559923898576e-07
  4.61712350810804e-07  2.88822752911508e-07  1.78533370692162e-07
  1.09021063028603e-07  6.57469775743929e-08  3.91455826269928e-08
  2.30035713153557e-08  1.33374343929499e-08  7.62729566542367e-09
  4.30070533708780e-09  2.39018081261236e-09  1.30881985085723e-09
  7.05891262058968e-10  3.74818462218378e-10  1.95874594019338e-10
  1.00696882556327e-10  5.09049473399934e-11  2.52951390317913e-11
  1.23498178673225e-11  5.92156770197374e-12  2.78719246196119e-12
  1.28720537524690e-12  5.83002933841885e-13  2.58834343481773e-13
  1.12585521834009e-13  4.79542641398603e-14  1.99906276761642e-14
  8.15169379187379e-15  3.24966140059076e-15  1.26582248017170e-15
  4.81640983134917e-16  1.78866197185778e-16  6.47895171866120e-17
  2.28762065791088e-17  7.86854363678770e-18  2.63486385045452e-18
  8.58440138522259e-19  2.71789789061715e-19  8.36089081672481e-20
  2.49674326778770e-20  7.23227543190593e-21  2.03060661220279e-21
  5.52189947235486e-22  1.45317207557830e-22  3.69791697733658e-23
  9.09172133460196e-24  2.15780702708073e-24  4.93942654873951e-25
  1.08955430597219e-25  2.31383044187033e-26  4.72625433505330e-27
  9.27659782161857e-28  1.74791382547959e-28  3.15845539779165e-29
  5.46772632503809e-30
  8.57961410427236e-25  9.78774144905159e-25  1.11659446390660e-24
  1.27381588436570e-24  1.45316864773161e-24  1.65776706980473e-24
  1.89116354536354e-24  2.15741014227810e-24  2.46112885099420e-24
  2.80759170481419e-24  3.20281215703471e-24  3.65364929532970e-24
  4.16792669558399e-24  4.75456797009110e-24  5.42375135326384e-24
  6.18708599655182e-24  7.05781301886146e-24  8.05103478583490e-24
  9.18397637817175e-24  1.04762837642517e-23  1.19503638249096e-23
  1.36317720996192e-23  1.55496549453522e-23  1.77372537367112e-23
  2.02324798041465e-23  2.30785700247530e-23  2.63248343681409e-23
  3.00275082817140e-23  3.42507246028735e-23  3.90676217405168e-23
  4.45616072103702e-23  5.08277982777134e-23  5.79746645032104e-23
  6.61259004535468e-23  7.54225607895990e-23  8.60254944456126e-23
  9.81181197428835e-23  1.11909588125866e-22  1.27638390868452e-22
  1.45576470685761e-22  1.66033908832465e-22  1.89364268117363e-22
  2.15970683485799e-22  2.46312804604083e-22  2.80914709442783e-22
  3.20373924443852e-22  3.65371705752445e-22  4.16684757516129e-22
  4.75198587769813e-22  5.41922730342354e-22  6.18008093021795e-22
  7.04766728425659e-22  8.03694365263707e-22  9.16496084638617e-22
  1.04511557950293e-21  1.19176849627305e-21  1.35898042692538e-21
  1.54963019881406e-21  1.76699919931009e-21  2.01482757462697e-21
  2.29737825864394e-21  2.61950992005094e-21  2.98676006698711e-21
  3.40543972001373e-21  3.88274125964653e-21  4.42686127698605e-21
  5.04714050900854e-21  5.75422322791376e-21  6.56023878147894e-21
  7.47900835396833e-21  8.52628044104672e-21  9.71999901433822e-21
  1.10806088997159e-20  1.26314035172446e-20  1.43989208400510e-20
  1.64133942362463e-20  1.87092657752609e-20  2.13257706230678e-20
  2.43076023365327e-20  2.77056702152279e-20  3.15779614013216e-20
  3.59905221599900e-20  4.10185747520255e-20  4.67477885600194e-20
  5.32757266853240e-20  6.07134921372995e-20  6.91876010356432e-20
  7.88421139945279e-20  8.98410611144261e-20  1.02371200842217e-19
  1.16645158451156e-19  1.32904996125973e-19  1.51426273717654e-19
  1.72522667267058e-19  1.96551221518293e-19  2.23918322994620e-19
  2.55086491957720e-19  2.90582104901127e-19  3.31004174352965e-19
  3.77034329918950e-19  4.29448163957062e-19  4.89128127344394e-19
  5.57078185822940e-19  6.34440475784220e-19  7.22514230520834e-19
  8.22777284429153e-19  9.36910503970975e-19  1.06682554102033e-18
  1.21469635727047e-18  1.38299502846803e-18  1.57453240530246e-18
  1.79250428485462e-18  2.04054383377866e-18  2.32278110318708e-18
  2.64391058703450e-18  3.00926790234659e-18  3.42491681283668e-18
  3.89774797944400e-18  4.43559100455980e-18  5.04734154392520e-18
  5.74310549447351e-18  6.53436253125982e-18  7.43415156598145e-18
  8.45728103788772e-18  9.62056733009289e-18  1.09431050360466e-17
  1.24465732885318e-17  1.41555829141058e-17  1.60980697974875e-17
  1.83057405418708e-17  2.08145773028072e-17  2.36654095663842e-17
  2.69045616498173e-17  3.05845858385823e-17  3.47650923550785e-17
  3.95136887974656e-17  4.49070433144637e-17  5.10320876149018e-17
  5.79873779758591e-17  6.58846347385609e-17  7.48504833995084e-17
  8.50284233513487e-17  9.65810536449023e-17  1.09692588874851e-16
  1.24571702489571e-16  1.41454739545031e-16  1.60609346229940e-16
  1.82338569453781e-16  2.06985486492049e-16  2.34938432213350e-16
  2.66636899869711e-16  3.02578200929643e-16  3.43324980091619e-16
  3.89513693584326e-16  4.41864172280221e-16  5.01190406212226e-16
  5.68412703968471e-16  6.44571399376295e-16  7.30842299108342e-16
  8.28554088629572e-16  9.39207940542614e-16  1.06449959924140e-15
  1.20634424918645e-15  1.36690451153912e-15  1.54862195574648e-15
  1.75425255952600e-15  1.98690660309582e-15  2.25009354211634e-15
  2.54777246931655e-15  2.88440884806571e-15  3.26503828296652e-15
  3.69533818405976e-15  4.18170828335726e-15  4.73136107656818e-15
  5.35242339020570e-15  6.05405041660541e-15  6.84655371790657e-15
  7.74154487736201e-15  8.75209667369426e-15  9.89292387469179e-15
  1.11805859918506e-14  1.26337146118664e-14  1.42732682259562e-14
  1.61228178185437e-14  1.82088668554998e-14  2.05612097351377e-14
  2.32133332348991e-14  2.62028660112149e-14  2.95720817929066e-14
  3.33684625582977e-14  3.76453287085876e-14  4.24625440555459e-14
  4.78873043353322e-14  5.39950189583588e-14  6.08702968113254e-14
  6.86080481618108e-14  7.73147160860620e-14  8.71096523654990e-14
  9.81266544936466e-14  1.10515682318599e-13  1.24444774946352e-13
  1.40102190853085e-13  1.57698796755162e-13  1.77470733653204e-13
  1.99682391676927e-13  2.24629728908012e-13  2.52643973312277e-13
  2.84095751309733e-13  3.19399691384309e-13  3.59019556572566e-13
  4.03473965686811e-13  4.53342769839448e-13  5.09274158273240e-13
  5.71992575781816e-13  6.42307543194491e-13  7.21123482630803e-13
  8.09450660566159e-13  9.08417374411772e-13  1.01928352229501e-12
  1.14345571138067e-12  1.28250407736710e-12  1.43818100710773e-12
  1.61244197772247e-12  1.80746874943926e-12  2.02569517586353e-12
  2.26983592496514e-12  2.54291843676875e-12  2.84831848036613e-12
  3.18979971341398e-12  3.57155769255885e-12  3.99826883358152e-12
  4.47514487608521e-12  5.00799347011724e-12  5.60328557143301e-12
  6.26823041007727e-12  7.01085888274481e-12  7.84011631639863e-12
  8.76596565745305e-12  9.79950226106018e-12  1.09530815885306e-11
  1.22404612703787e-11  1.36769591587970e-11  1.52796291800262e-11
  1.70674570044670e-11  1.90615777853897e-11  2.12855184767230e-11
  2.37654675313225e-11  2.65305751065078e-11  2.96132872679705e-11
  3.30497180911670e-11  3.68800640165971e-11  4.11490653276051e-11
  4.59065201948453e-11  5.12078573749993e-11  5.71147743778109e-11
  6.36959487251959e-11  7.10278308435859e-11  7.91955281544301e-11
  8.82937910853973e-11  9.84281130235105e-11  1.09715957696388e-10
  1.22288129114842e-10  1.36290301071657e-10  1.51884725283184e-10
  1.69252139628922e-10  1.88593900610412e-10  2.10134367167672e-10
  2.34123566396187e-10  2.60840175562272e-10  2.90594859166374e-10
  3.23734004742696e-10  3.60643906658351e-10  4.01755453509563e-10
  4.47549381876620e-10  4.98562167333035e-10  5.55392632829954e-10
  6.18709365047735e-10  6.89259041195460e-10  7.67875782257811e-10
  8.55491664030906e-10  9.53148534764485e-10  1.06201130808101e-09
  1.18338292244724e-09  1.31872118421544e-09  1.46965774055125e-09
  1.63801946195755e-09  1.82585255215332e-09  2.03544974646703e-09
  2.26938100933533e-09  2.53052819800446e-09  2.82212422381456e-09
  3.14779731608796e-09  3.51162107739913e-09  3.91817111492445e-09
  4.37258914192856e-09  4.88065556850691e-09  5.44887174336483e-09
  6.08455317199603e-09  6.79593522234906e-09  7.59229304360237e-09
  8.48407766560152e-09  9.48307052696850e-09  1.06025589970291e-08
  1.18575358217755e-08  1.32649258398952e-08  1.48438437925623e-08
  1.66158875922959e-08  1.86054720433564e-08  2.08402087129071e-08
  2.33513384709107e-08  2.61742241443990e-08  2.93489117967287e-08
  3.29207703594910e-08  3.69412207317077e-08  4.14685670571825e-08
  4.65689446917362e-08  5.23174014663704e-08  5.87991311988825e-08
  6.61108811302222e-08  7.43625580387907e-08  8.36790613220976e-08
  9.42023753382438e-08  1.06093957934339e-07  1.19537467256752e-07
  1.34741874993175e-07  1.51945020924113e-07  1.71417671473274e-07
  1.93468153758101e-07  2.18447646702932e-07  2.46756222248968e-07
  2.78849742668894e-07  3.15247734954682e-07  3.56542379845931e-07
  4.03408772547977e-07  4.56616633586033e-07  5.17043673198360e-07
  5.85690840523898e-07  6.63699720694204e-07  7.52372378784734e-07
  8.53193990507408e-07  9.67858645962123e-07  1.09829876360539e-06
  1.24671861313442e-06  1.41563251028015e-06  1.60790832148013e-06
  1.82681700708724e-06  2.07608901505429e-06  2.35997846279110e-06
  2.68333614571076e-06  3.05169256748680e-06  3.47135232368606e-06
  3.94950135309608e-06  4.49432876227130e-06  5.11516513630050e-06
  5.82263950876129e-06  6.62885741054821e-06  7.54760274562573e-06
  8.59456654976912e-06  9.78760609750077e-06  1.11470381975019e-05
  1.26959710323654e-05  1.44606793544585e-05  1.64710284851007e-05
  1.87609531197892e-05  2.13689977303882e-05  2.43389260159236e-05
  2.77204078146771e-05  3.15697927229919e-05  3.59509807245238e-05
  4.09364013090517e-05  4.66081136156924e-05  5.30590416968332e-05
  6.03943601932762e-05  6.87330475022030e-05  7.82096250261032e-05
  8.89761031236054e-05  1.01204156022505e-04  1.15087550560687e-04
  1.30844855236814e-04  1.48722459075814e-04  1.68997931833535e-04
  1.91983760115759e-04  2.18031496294151e-04  2.47536361002163e-04
  2.80942341175270e-04  3.18747831391390e-04  3.61511866283238e-04
  4.09860997855716e-04  4.64496872676354e-04  5.26204568040977e-04
  5.95861748738991e-04  6.74448709300509e-04  7.63059368325339e-04
  8.62913284907553e-04  9.75368767379413e-04  1.10193714691885e-03
  1.24429828873858e-03  1.40431741228730e-03  1.58406329168444e-03
  1.78582790484439e-03  2.01214759287547e-03  2.26582579181545e-03
  2.54995738313659e-03  2.86795470718140e-03  3.22357526782110e-03
  3.62095114183356e-03  4.06462009208603e-03  4.55955836163792e-03
  5.11121509900983e-03  5.72554834543419e-03  6.40906247420002e-03
  7.16884694307215e-03  8.01261618356493e-03  8.94875039524977e-03
  9.98633697944372e-03  1.11352122862105e-02  1.24060032797095e-02
  1.38101686991332e-02  1.53600391708495e-02  1.70688557112396e-02
  1.89508059508874e-02  2.10210573292649e-02  2.32957864607021e-02
  2.57922037388767e-02  2.85285722155902e-02  3.15242196283796e-02
  3.47995425157536e-02  3.83760010125036e-02  4.22761032216666e-02
  4.65233775648923e-02  5.11423318393977e-02  5.61583974005326e-02
  6.15978569910308e-02  6.74877546980251e-02  7.38557865324310e-02
  8.07301702022862e-02  8.81394926492212e-02  9.61125341881141e-02
  1.04678068049207e-01  1.13864634534180e-01  1.23700289105926e-01
  1.34212324073004e-01  1.45426964044907e-01  1.57369035402053e-01
  1.70061611029995e-01  1.83525631530786e-01  1.97779505112015e-01
  2.12838688833090e-01  2.28715254388479e-01  2.45417442540512e-01
  2.62949210683668e-01  2.81309778792692e-01  3.00493179586588e-01
  3.20487819136578e-01  3.41276054815709e-01  3.62833797633509e-01
  3.85130146482326e-01  4.08127062036273e-01  4.31779088185042e-01
  4.56033129272484e-01  4.80828291445530e-01  5.06095796928280e-01
  5.31758980048638e-01  5.57733374331540e-01  5.83926899799761e-01
  6.10240159470238e-01  6.36566853238411e-01  6.62794315850062e-01
  6.88804183590125e-01  7.14473191422900e-01  7.39674098756070e-01
  7.64276738207768e-01  7.88149177432825e-01  8.11158980060562e-01
  8.33174547834963e-01  8.54066522287744e-01  8.73709221846502e-01
  8.91982087136670e-01  9.08771106648251e-01  9.23970193434287e-01
  9.37482484391422e-01  9.49221534461606e-01  9.59112380347211e-01
  9.67092451186721e-01  9.73112307267308e-01  9.77136192106997e-01
  9.79142387909023e-01  9.79123369308854e-01  9.77085755387743e-01
  9.73050064772785e-01  9.67050283322871e-01  9.59133258003988e-01
  9.49357934216346e-01  9.37794456684398e-01  9.24523156248756e-01
  9.09633446218975e-01  8.93222652618779e-01  8.75394802446861e-01
  8.56259393332432e-01  8.35930166476647e-01  8.14523902941897e-01
  7.92159260995602e-01  7.68955669741957e-01  7.45032291514638e-01
  7.20507062844879e-01  6.95495821066719e-01  6.70111521212788e-01
  6.44463545198847e-01  6.18657104235375e-01  5.92792731320344e-01
  5.66965862958428e-01  5.41266503194267e-01  5.15778967505982e-01
  4.90581698394155e-01  4.65747148220532e-01  4.41341722004157e-01
  4.17425774175113e-01  3.94053653203379e-01  3.71273787916546e-01
  3.49128810176348e-01  3.27655708555713e-01  3.06886008285769e-01
  2.86845973139619e-01  2.67556825264631e-01  2.49034979536068e-01
  2.31292289136380e-01  2.14336299883205e-01  1.98170510499175e-01
  1.82794637029816e-01  1.68204879258704e-01  1.54394187573075e-01
  1.41352528751598e-01  1.29067149294421e-01  1.17522835095298e-01
  1.06702166308726e-01  9.65857663567790e-02  8.71525441357904e-02
  7.83799285047931e-02  7.02440942809970e-02  6.27201790031962e-02
  5.57824898554097e-02  4.94047002173683e-02  4.35600354271427e-02
  3.82214474329685e-02  3.33617781254872e-02  2.89539112268273e-02
  2.49709127193893e-02  2.13861598663599e-02  1.81734589640243e-02
  1.53071520183412e-02  1.27622126015000e-02  1.05143311793502e-02
  8.53999024036950e-03  6.81652957448267e-03  5.32220207077824e-03
  4.03622040620340e-03  2.93879500343962e-03  2.01116362186657e-03
  1.23561299005045e-03  5.95492773982159e-04  7.52222587209195e-05
 -3.39709844169249e-04 -6.62752222102957e-04 -9.06304006516478e-04
 -1.08173370893432e-03 -1.19940368338945e-03 -1.26869973617461e-03
 -1.29806548309704e-03 -1.29504102775229e-03 -1.26630550433070e-03
 -1.21772299745189e-03 -1.15439131963510e-03 -1.08069309556790e-03
 -1.00034857985251e-03 -9.16469610586797e-04 -8.31614093524304e-04
 -7.47840408183599e-04 -6.66761135951741e-04 -5.89595533782707e-04
 -5.17220210116232e-04 -4.50217505963952e-04 -3.88921141775321e-04
 -3.33458757624564e-04 -2.83791049261567e-04 -2.39747282551786e-04
 -2.01057051697446e-04 -1.67378229062395e-04 -1.38321134064986e-04
 -1.13469022479370e-04 -9.23950636138678e-05 -7.46760290806455e-05
 -5.99029621122246e-05 -4.76891296296393e-05 -3.76755804814352e-05
 -2.95346426426553e-05 -2.29716906591488e-05 -1.77255033712323e-05
 -1.35675126184671e-05 -1.03002178873971e-05 -7.75501163440020e-06
 -5.78962697326072e-06 -4.28538557296319e-06 -3.14438980844429e-06
 -2.28677174495375e-06 -1.64808203281388e-06 -1.17687615777033e-06
 -8.32533531928583e-07 -5.83326199253048e-07 -4.04740254412147e-07
 -2.78041386036935e-07 -1.89068902641212e-07 -1.27237274242397e-07
 -8.47216939310203e-08 -5.58032837813536e-08 -3.63500429503205e-08
 -2.34110921180834e-08 -1.49038270554582e-08 -9.37599557603387e-09
 -5.82721062372403e-09 -3.57687928298368e-09 -2.16780704899446e-09
 -1.29681678841405e-09 -7.65495721227990e-10 -4.45732602952445e-10
 -2.55934691097800e-10 -1.44864541562480e-10 -8.08009588629274e-11
 -4.43962415187139e-11 -2.40201329283669e-11 -1.27925406037667e-11
 -6.70352743179907e-12 -3.45498748552604e-12 -1.75073097430741e-12
 -8.71849899012090e-13 -4.26506775538106e-13 -2.04870738757407e-13
 -9.65843601759461e-14 -4.46688451420505e-14 -2.02566159975976e-14
 -9.00287527330664e-15 -3.91949767767720e-15 -1.67067480847744e-15
 -6.96843781197588e-16 -2.84262021944429e-16 -1.13343482423210e-16
 -4.41538332959466e-17 -1.68029553246487e-17 -6.23995001218272e-18
 -2.25991841372951e-18 -7.97724997730226e-19 -2.74342327056285e-19
 -9.19174512388217e-20 -3.00366807709475e-20 -9.55523551396466e-21
 -2.95198367692259e-21 -8.85024291484004e-22 -2.57301631327366e-22
 -7.24844833320523e-23 -1.97707510001120e-23 -5.21709232489775e-24
 -1.33077208694489e-24 -3.27855082103042e-25 -7.79447676706540e-26
 -1.78662237999992e-26 -3.94478407103197e-27 -8.38208333024047e-28
 -1.71238743491075e-28 -3.36004914230608e-29 -6.32621399711267e-30
 -1.14168557003431e-30
 (i6, f12.0, f18.0, f8.3, i6)
   670  60.0000000  0.02500000000000  28.000     2
 (3e22.14)
  2.99785627573422e-06  3.14822239435847e-06  3.30613016966885e-06
  3.47195782587790e-06  3.64610255336458e-06  3.82898145956288e-06
  4.02103256751086e-06  4.22271586444773e-06  4.43451440296639e-06
  4.65693545735412e-06  4.89051173788764e-06  5.13580266598148e-06
  5.39339571324481e-06  5.66390780763799e-06  5.94798681010478e-06
  6.24631306518648e-06  6.55960102936013e-06  6.88860098093621e-06
  7.23410081568921e-06  7.59692793238457e-06  7.97795121286751e-06
  8.37808310127808e-06  8.79828178750214e-06  9.23955349997383e-06
  9.70295491336786e-06  1.01895956768869e-05  1.07006410692405e-05
  1.12373147865653e-05  1.18009018700825e-05  1.23927517802839e-05
  1.30142816252358e-05  1.36669795504470e-05  1.43524082986175e-05
  1.50722089476040e-05  1.58281048356225e-05  1.66219056829800e-05
  1.74555119202674e-05  1.83309192331880e-05  1.92502233350959e-05
  2.02156249782947e-05  2.12294352164674e-05  2.22940809303504e-05
  2.34121106302039e-05  2.45862005486439e-05  2.58191610385270e-05
  2.71139432910140e-05  2.84736463899823e-05  2.99015247193462e-05
  3.14009957413210e-05  3.29756481636020e-05  3.46292505156138e-05
  3.63657601535227e-05  3.81893327160834e-05  4.01043320533863e-05
  4.21153406524142e-05  4.42271705840162e-05  4.64448749976150e-05
  4.87737601905745e-05  5.12193982815851e-05  5.37876405172751e-05
  5.64846312448626e-05  5.93168225828409e-05  6.22909898256240e-05
  6.54142476180081e-05  6.86940669383456e-05  7.21382929304209e-05
  7.57551636268333e-05  7.95533296076293e-05  8.35418746419429e-05
  8.77303373600599e-05  9.21287340092996e-05  9.67475823456355e-05
  1.01597926719482e-04  1.06691364413861e-04  1.12040073298157e-04
  1.17656840862397e-04  1.23555094701606e-04  1.29748934521214e-04
  1.36253165741022e-04  1.43083334775153e-04  1.50255766073565e-04
  1.57787601011005e-04  1.65696838716639e-04  1.74002378939670e-04
  1.82724067053925e-04  1.91882741305004e-04  2.01500282415444e-04
  2.11599665660211e-04  2.22205015540201e-04  2.33341663178663e-04
  2.45036206578637e-04  2.57316573881721e-04  2.70212089778385e-04
  2.83753545224631e-04  2.97973270631504e-04  3.12905212695860e-04
  3.28585015058435e-04  3.45050102971953e-04  3.62339772185243e-04
  3.80495282245911e-04  3.99559954444847e-04  4.19579274629539e-04
  4.40601001129211e-04  4.62675278041956e-04  4.85854754153201e-04
  5.10194707757400e-04  5.35753177683946e-04  5.62591100821989e-04
  5.90772456477314e-04  6.20364417887819e-04  6.51437511258324e-04
  6.84065782680735e-04  7.18326973331768e-04  7.54302703351434e-04
  7.92078664836867e-04  8.31744824389203e-04  8.73395635699154e-04
  9.17130262645070e-04  9.63052813440776e-04  1.01127258635805e-03
  1.06190432760463e-03  1.11506850194625e-03  1.17089157670344e-03
  1.22950631977080e-03  1.29105211235762e-03  1.35567527715169e-03
  1.42352942268734e-03  1.49477580467629e-03  1.56958370516464e-03
  1.64813083035622e-03  1.73060372803394e-03  1.81719822552118e-03
  1.90811988919345e-03  2.00358450657599e-03  2.10381859214611e-03
  2.20905991796241e-03  2.31955807036203e-03  2.43557503395397e-03
  2.55738580426128e-03  2.68527903037649e-03  2.81955768910280e-03
  2.96053979207310e-03  3.10855912748504e-03  3.26396603805450e-03
  3.42712823701396e-03  3.59843166390357e-03  3.77828138213650e-03
  3.96710252029626e-03  4.16534125929205e-03  4.37346586754683e-03
  4.59196778654304e-03  4.82136276908902e-03  5.06219207288628e-03
  5.31502371193854e-03  5.58045376867251e-03  5.85910776953075e-03
  6.15164212715433e-03  6.45874565223264e-03  6.78114113836219e-03
  7.11958702332551e-03  7.47487913043781e-03  7.84785249365632e-03
  8.23938327049714e-03  8.65039074671596e-03  9.08183943724779e-03
  9.53474128768993e-03  1.00101579811962e-02  1.05092033555548e-02
  1.10330459356433e-02  1.15829115865448e-02  1.21600862929758e-02
  1.27659190707260e-02  1.34018250163698e-02  1.40692885013166e-02
  1.47698665171489e-02  1.55051921787894e-02  1.62769783929896e-02
  1.70870216994179e-02  1.79372062922938e-02  1.88295082306058e-02
  1.97659998455262e-02  2.07488543536480e-02  2.17803506855597e-02
  2.28628785388746e-02  2.39989436662567e-02  2.51911734082081e-02
  2.64423224819219e-02  2.77552790370441e-02  2.91330709902316e-02
  3.05788726504442e-02  3.20960116477829e-02  3.36879761785822e-02
  3.53584225808718e-02  3.71111832534884e-02  3.89502749344370e-02
  4.08799073525921e-02  4.29044922693281e-02  4.50286529256849e-02
  4.72572339122933e-02  4.95953114791687e-02  5.20482043037790e-02
  5.46214847353807e-02  5.73209905358173e-02  6.01528371352605e-02
  6.31234304251287e-02  6.62394801075032e-02  6.95080136243873e-02
  7.29363906881227e-02  7.65323184367358e-02  8.03038672374137e-02
  8.42594871631750e-02  8.84080251666627e-02  9.27587429783795e-02
  9.73213357532191e-02  1.02105951495213e-01  1.07123211284774e-01
  1.12384230339211e-01  1.17900639933131e-01  1.23684610209018e-01
  1.29748873906614e-01  1.36106751042302e-01  1.42772174566919e-01
  1.49759717035429e-01  1.57084618316036e-01  1.64762814373243e-01
  1.72810967153281e-01  1.81246495605254e-01  1.90087607867189e-01
  1.99353334650793e-01  2.09063563851030e-01  2.19239076417282e-01
  2.29901583507646e-01  2.41073764963322e-01  2.52779309124205e-01
  2.65042954017089e-01  2.77890529939031e-01  2.91349003461775e-01
  3.05446522876402e-01  3.20212465102371e-01  3.35677484071631e-01
  3.51873560612127e-01  3.68834053829987e-01  3.86593754011264e-01
  4.05188937036308e-01  4.24657420314512e-01  4.45038620229509e-01
  4.66373611088314e-01  4.88705185553285e-01  5.12077916542155e-01
  5.36538220554416e-01  5.62134422404102e-01  5.88916821291183e-01
  6.16937758179517e-01  6.46251684396547e-01  6.76915231393007e-01
  7.08987281566158e-01  7.42529040053042e-01  7.77604107370659e-01
  8.14278552788325e-01  8.52620988265722e-01  8.92702642825915e-01
  9.34597437143748e-01  9.78382058190691e-01  1.02413603367971e+00
  1.07194180609195e+00  1.12188480600192e+00  1.17405352442040e+00
  1.22853958381889e+00  1.28543780751191e+00  1.34484628697903e+00
  1.40686644677059e+00  1.47160310648129e+00  1.53916453938298e+00
  1.60966252713395e+00  1.68321241005081e+00  1.75993313231167e+00
  1.83994728147222e+00  1.92338112156849e+00  2.01036461912152e+00
  2.10103146118187e+00  2.19551906467514e+00  2.29396857603729e+00
  2.39652486031697e+00  2.50333647863276e+00  2.61455565301732e+00
  2.73033821743546e+00  2.85084355392454e+00  2.97623451243965e+00
  3.10667731331657e+00  3.24234143077625e+00  3.38339945622739e+00
  3.53002693974105e+00  3.68240220829362e+00  3.84070615898524e+00
  4.00512202584411e+00  4.17583511818943e+00  4.35303252910319e+00
  4.53690281196084e+00  4.72763562335717e+00  4.92542133038983e+00
  5.13045058063034e+00  5.34291383250673e+00  5.56300084468951e+00
  5.79090012193956e+00  6.02679831614802e+00  6.27087958017887e+00
  6.52332487306086e+00  6.78431121454446e+00  7.05401088755729e+00
  7.33259058673812e+00  7.62021051201401e+00  7.91702340541881e+00
  8.22317353078532e+00  8.53879559461231e+00  8.86401360836267e+00
  9.19893969111841e+00  9.54367281323585e+00  9.89829748073326e+00
  1.02628823620787e+01  1.06374788573501e+01  1.10221196132227e+01
  1.14168169841170e+01  1.18215614443583e+01  1.22363199533406e+01
  1.26610342791109e+01  1.30956192847314e+01  1.35399611839221e+01
  1.39939157720236e+01  1.44573066411865e+01  1.49299233869168e+01
  1.54115198179775e+01  1.59018121780524e+01  1.64004773938084e+01
  1.69071513605879e+01  1.74214272819099e+01  1.79428540771367e+01
  1.84709348765294e+01  1.90051256190699e+01  1.95448337771867e+01
  2.00894172243222e+01  2.06381832729526e+01  2.11903879023636e+01
  2.17452352042497e+01  2.23018770692555e+01  2.28594131449136e+01
  2.34168910874786e+01  2.39733071433553e+01  2.45276070804646e+01
  2.50786875073241e+01  2.56253976020045e+01  2.61665412848550e+01
  2.67008798603387e+01  2.72271351575788e+01  2.77439931930406e+01
  2.82501083832830e+01  2.87441083245385e+01  2.92245991651601e+01
  2.96901715772207e+01  3.01394073513076e+01  3.05708866072391e+01
  3.09831956371115e+01  3.13749353643131e+01  3.17447304171366e+01
  3.20912387928172e+01  3.24131620912460e+01  3.27092562787559e+01
  3.29783429446667e+01  3.32193209893154e+01  3.34311786898124e+01
  3.36130060552364e+01  3.37640074028090e+01  3.38835140373189e+01
  3.39709969441363e+01  3.40260793590287e+01  3.40485490932634e+01
  3.40383704618594e+01  3.39956956697906e+01  3.39208754786135e+01
  3.38144689976337e+01  3.36772523984462e+01  3.35102263847625e+01
  3.33146222111149e+01  3.30919060664997e+01  3.28437816219628e+01
  3.25721905599783e+01  3.22793108876157e+01  3.19675528756978e+01
  3.16395524363832e+01  3.12981618184002e+01  3.09464374662041e+01
  3.05876249594004e+01  3.02251409410902e+01  2.98625520027225e+01
  2.95035505005921e+01  2.91519273558586e+01  2.88115418815749e+01
  2.84862887876613e+01  2.81800625000484e+01  2.78967190351431e+01
  2.76400356840096e+01  2.74136688373567e+01  2.72211103223232e+01
  2.70656426819798e+01  2.69502938757472e+01  2.68777919229920e+01
  2.68505200656007e+01  2.68704730537483e+01  2.69392151982328e+01
  2.70578408576504e+01  2.72269380447655e+01  2.74465558473370e+01
  2.77161763548775e+01  2.80346917747039e+01  2.84003873889273e+01
  2.88109309802504e+01  2.92633692884456e+01  2.97541320178820e+01
  3.02790438200117e+01  3.08333446074345e+01  3.14117184381773e+01
  3.20083311135275e+01  3.26168764924757e+01  3.32306314179220e+01
  3.38425189823380e+01  3.44451797432892e+01  3.50310503305230e+01
  3.55924487451753e+01  3.61216655021509e+01  3.66110596204999e+01
  3.70531583237097e+01  3.74407591936922e+01  3.77670333878435e+01
  3.80256284451515e+01  3.82107691072578e+01  3.83173545265999e+01
  3.83410501887211e+01  3.82783728640115e+01  3.81267669095714e+01
  3.78846703008627e+01  3.75515688185240e+01  3.71280369613024e+01
  3.66157642484072e+01  3.60175657930150e+01  3.53373761970126e+01
  3.45802260814645e+01  3.37522008125678e+01  3.28603813055380e+01
  3.19127670711453e+01  3.09181820565993e+01  2.98861641324731e+01
  2.88268394924786e+01  2.77507835486398e+01  2.66688702901994e+01
  2.55921123916903e+01  2.45314946709120e+01  2.34978037583165e+01
  2.25014570710597e+01  2.15523343207800e+01  2.06596149004007e+01
  1.98316244782386e+01  1.90756940754372e+01  1.83980347299661e+01
  1.78036306082565e+01  1.72961530961820e+01  1.68778979881406e+01
  1.65497474348206e+01  1.63111577660878e+01  1.61601737632528e+01
  1.60934693531461e+01  1.61064141094171e+01  1.61931643526877e+01
  1.63467770704167e+01  1.65593443333628e+01  1.68221453885887e+01
  1.71258131665758e+01  1.74605115702784e+01  1.78161196300819e+01
  1.81824184228704e+01  1.85492765783385e+01  1.89068302381122e+01
  1.92456534948207e+01  1.95569156213541e+01  1.98325217895507e+01
  2.00652344708382e+01  2.02487732784987e+01  2.03778916442900e+01
  2.04484293857313e+01  2.04573408978161e+01  2.04026993650828e+01
  2.02836780131014e+01  2.01005099842989e+01  1.98544289102811e+01
  1.95475926505783e+01  1.91829929660681e+01  1.87643540897461e+01
  1.82960232502281e+01  1.77828561951116e+01  1.72301006654213e+01
  1.66432805968481e+01  1.60280835789039e+01  1.53902538124788e+01
  1.47354924722080e+01  1.40693670291452e+01  1.33972307255824e+01
  1.27241530359714e+01  1.20548616024521e+01  1.13936958133113e+01
  1.07445718976341e+01  1.01109591544423e+01  9.49586671428053e+00
  8.90184004775870e+00  8.33096629916976e+00  7.78488741536352e+00
  7.26481997755178e+00  6.77158060935212e+00  6.30561583292704e+00
  5.86703527118935e+00  5.45564714158039e+00  5.07099505682248e+00
  4.71239523083102e+00  4.37897328497747e+00  4.06969995359627e+00
  3.78342509716293e+00  3.51890954191818e+00  3.27485437458191e+00
  3.04992742475413e+00  2.84278676936463e+00  2.65210118053733e+00
  2.47656752302361e+00  2.31492517565143e+00  2.16596761068071e+00
  2.02855131334474e+00  1.90160225848831e+00  1.78412018724052e+00
  1.67518094110242e+00  1.57393711608028e+00  1.47961729768129e+00
  1.39152412753267e+00  1.30903143836831e+00  1.23158067477605e+00
  1.15867679570732e+00  1.08988383116221e+00  1.02482024153583e+00
  9.63154204121528e-01  9.04598928663852e-01  8.48908082315236e-01
  7.95871385346906e-01  7.45310421746924e-01  6.97074694445718e-01
  6.51037942672183e-01  6.07094729313965e-01  5.65157298587362e-01
  5.25152698932215e-01  4.87020162280257e-01  4.50708728717249e-01
  4.16175104490056e-01  3.83381741285697e-01  3.52295125214155e-01
  3.22884264960443e-01  2.95119369559593e-01  2.68970707578200e-01
  2.44407640255544e-01  2.21397822019105e-01  1.99906562108672e-01
  1.79896341050438e-01  1.61326475444887e-01  1.44152923761651e-01
  1.28328224973681e-01  1.13801560554917e-01  1.00518929203704e-01
  8.84234221516820e-02  7.74555857686914e-02  6.75538569386221e-02
  5.86550558433517e-02  5.06949201657765e-02  4.36086645252853e-02
  3.73315491148496e-02  3.17994421228919e-02  2.69493615125268e-02
  2.27199831362872e-02  1.90521038760345e-02  1.58890505082997e-02
  1.31770271760243e-02  1.08653966571877e-02  8.90689293038613e-03
  7.25776479057771e-03  5.87785235539545e-03  4.73060017264445e-03
  3.78301221674541e-03  3.00555531853088e-03  2.37201847217147e-03
  1.85933601018845e-03  1.44738283492700e-03  1.11874977616016e-03
  8.58506744977999e-04  6.53960725542290e-04  4.94414841326370e-04
  3.70933811087967e-04  2.76120123364257e-04  2.03904264298871e-04
  1.49351368101688e-04  1.08485772756079e-04  7.81341614661026e-05
  5.57873006735860e-05  3.94798242065357e-05  2.76870864163172e-05
  1.92378078006355e-05  1.32410218501567e-05  9.02575398615626e-06
  6.09181973731066e-06  4.07018907044902e-06  2.69144424235856e-06
  1.76098429384460e-06  1.13977093607917e-06  7.29559923898576e-07
  4.61712350810804e-07  2.88822752911508e-07  1.78533370692162e-07
  1.09021063028603e-07  6.57469775743929e-08  3.91455826269928e-08
  2.30035713153557e-08  1.33374343929499e-08  7.62729566542367e-09
  4.30070533708780e-09  2.39018081261236e-09  1.30881985085723e-09
  7.05891262058968e-10  3.74818462218378e-10  1.95874594019338e-10
  1.00696882556327e-10  5.09049473399934e-11  2.52951390317913e-11
  1.23498178673225e-11  5.92156770197374e-12  2.78719246196119e-12
  1.28720537524690e-12  5.83002933841885e-13  2.58834343481773e-13
  1.12585521834009e-13  4.79542641398603e-14  1.99906276761642e-14
  8.15169379187379e-15  3.24966140059076e-15  1.26582248017170e-15
  4.81640983134917e-16  1.78866197185778e-16  6.47895171866120e-17
  2.28762065791088e-17  7.86854363678770e-18  2.63486385045452e-18
  8.58440138522259e-19  2.71789789061715e-19  8.36089081672481e-20
  2.49674326778770e-20  7.23227543190593e-21  2.03060661220279e-21
  5.52189947235486e-22  1.45317207557830e-22  3.69791697733658e-23
  9.09172133460196e-24  2.15780702708073e-24  4.93942654873951e-25
  1.08955430597219e-25  2.31383044187033e-26  4.72625433505330e-27
  9.27659782161857e-28  1.74791382547959e-28  3.15845539779165e-29
  5.46772632503809e-30
  8.57961410427236e-25  9.78774144905159e-25  1.11659446390660e-24
  1.27381588436570e-24  1.45316864773161e-24  1.65776706980473e-24
  1.89116354536354e-24  2.15741014227810e-24  2.46112885099420e-24
  2.80759170481419e-24  3.20281215703471e-24  3.65364929532970e-24
  4.16792669558399e-24  4.75456797009110e-24  5.42375135326384e-24
  6.18708599655182e-24  7.05781301886146e-24  8.05103478583490e-24
  9.18397637817175e-24  1.04762837642517e-23  1.19503638249096e-23
  1.36317720996192e-23  1.55496549453522e-23  1.77372537367112e-23
  2.02324798041465e-23  2.30785700247530e-23  2.63248343681409e-23
  3.00275082817140e-23  3.42507246028735e-23  3.90676217405168e-23
  4.45616072103702e-23  5.08277982777134e-23  5.79746645032104e-23
  6.61259004535468e-23  7.54225607895990e-23  8.60254944456126e-23
  9.81181197428835e-23  1.11909588125866e-22  1.27638390868452e-22
  1.45576470685761e-22  1.66033908832465e-22  1.89364268117363e-22
  2.15970683485799e-22  2.46312804604083e-22  2.80914709442783e-22
  3.20373924443852e-22  3.65371705752445e-22  4.16684757516129e-22
  4.75198587769813e-22  5.41922730342354e-22  6.18008093021795e-22
  7.04766728425659e-22  8.03694365263707e-22  9.16496084638617e-22
  1.04511557950293e-21  1.19176849627305e-21  1.35898042692538e-21
  1.54963019881406e-21  1.76699919931009e-21  2.01482757462697e-21
  2.29737825864394e-21  2.61950992005094e-21  2.98676006698711e-21
  3.40543972001373e-21  3.88274125964653e-21  4.42686127698605e-21
  5.04714050900854e-21  5.75422322791376e-21  6.56023878147894e-21
  7.47900835396833e-21  8.52628044104672e-21  9.71999901433822e-21
  1.10806088997159e-20  1.26314035172446e-20  1.43989208400510e-20
  1.64133942362463e-20  1.87092657752609e-20  2.13257706230678e-20
  2.43076023365327e-20  2.77056702152279e-20  3.15779614013216e-20
  3.59905221599900e-20  4.10185747520255e-20  4.67477885600194e-20
  5.32757266853240e-20  6.07134921372995e-20  6.91876010356432e-20
  7.88421139945279e-20  8.98410611144261e-20  1.02371200842217e-19
  1.16645158451156e-19  1.32904996125973e-19  1.51426273717654e-19
  1.72522667267058e-19  1.96551221518293e-19  2.23918322994620e-19
  2.55086491957720e-19  2.90582104901127e-19  3.31004174352965e-19
  3.77034329918950e-19  4.29448163957062e-19  4.89128127344394e-19
  5.57078185822940e-19  6.34440475784220e-19  7.22514230520834e-19
  8.22777284429153e-19  9.36910503970975e-19  1.06682554102033e-18
  1.21469635727047e-18  1.38299502846803e-18  1.57453240530246e-18
  1.79250428485462e-18  2.04054383377866e-18  2.32278110318708e-18
  2.64391058703450e-18  3.00926790234659e-18  3.42491681283668e-18
  3.89774797944400e-18  4.43559100455980e-18  5.04734154392520e-18
  5.74310549447351e-18  6.53436253125982e-18  7.43415156598145e-18
  8.45728103788772e-18  9.62056733009289e-18  1.09431050360466e-17
  1.24465732885318e-17  1.41555829141058e-17  1.60980697974875e-17
  1.83057405418708e-17  2.08145773028072e-17  2.36654095663842e-17
  2.69045616498173e-17  3.05845858385823e-17  3.47650923550785e-17
  3.95136887974656e-17  4.49070433144637e-17  5.10320876149018e-17
  5.79873779758591e-17  6.58846347385609e-17  7.48504833995084e-17
  8.50284233513487e-17  9.65810536449023e-17  1.09692588874851e-16
  1.24571702489571e-16  1.41454739545031e-16  1.60609346229940e-16
  1.82338569453781e-16  2.06985486492049e-16  2.34938432213350e-16
  2.66636899869711e-16  3.02578200929643e-16  3.43324980091619e-16
  3.89513693584326e-16  4.41864172280221e-16  5.01190406212226e-16
  5.68412703968471e-16  6.44571399376295e-16  7.30842299108342e-16
  8.28554088629572e-16  9.39207940542614e-16  1.06449959924140e-15
  1.20634424918645e-15  1.36690451153912e-15  1.54862195574648e-15
  1.75425255952600e-15  1.98690660309582e-15  2.25009354211634e-15
  2.54777246931655e-15  2.88440884806571e-15  3.26503828296652e-15
  3.69533818405976e-15  4.18170828335726e-15  4.73136107656818e-15
  5.35242339020570e-15  6.05405041660541e-15  6.84655371790657e-15
  7.74154487736201e-15  8.75209667369426e-15  9.89292387469179e-15
  1.11805859918506e-14  1.26337146118664e-14  1.42732682259562e-14
  1.61228178185437e-14  1.82088668554998e-14  2.05612097351377e-14
  2.32133332348991e-14  2.62028660112149e-14  2.95720817929066e-14
  3.33684625582977e-14  3.76453287085876e-14  4.24625440555459e-14
  4.78873043353322e-14  5.39950189583588e-14  6.08702968113254e-14
  6.86080481618108e-14  7.73147160860620e-14  8.71096523654990e-14
  9.81266544936466e-14  1.10515682318599e-13  1.24444774946352e-13
  1.40102190853085e-13  1.57698796755162e-13  1.77470733653204e-13
  1.99682391676927e-13  2.24629728908012e-13  2.52643973312277e-13
  2.84095751309733e-13  3.19399691384309e-13  3.59019556572566e-13
  4.03473965686811e-13  4.53342769839448e-13  5.09274158273240e-13
  5.71992575781816e-13  6.42307543194491e-13  7.21123482630803e-13
  8.09450660566159e-13  9.08417374411772e-13  1.01928352229501e-12
  1.14345571138067e-12  1.28250407736710e-12  1.43818100710773e-12
  1.61244197772247e-12  1.80746874943926e-12  2.02569517586353e-12
  2.26983592496514e-12  2.54291843676875e-12  2.84831848036613e-12
  3.18979971341398e-12  3.57155769255885e-12  3.99826883358152e-12
  4.47514487608521e-12  5.00799347011724e-12  5.60328557143301e-12
  6.26823041007727e-12  7.01085888274481e-12  7.84011631639863e-12
  8.76596565745305e-12  9.79950226106018e-12  1.09530815885306e-11
  1.22404612703787e-11  1.36769591587970e-11  1.52796291800262e-11
  1.70674570044670e-11  1.90615777853897e-11  2.12855184767230e-11
  2.37654675313225e-11  2.65305751065078e-11  2.96132872679705e-11
  3.30497180911670e-11  3.68800640165971e-11  4.11490653276051e-11
  4.59065201948453e-11  5.12078573749993e-11  5.71147743778109e-11
  6.36959487251959e-11  7.10278308435859e-11  7.91955281544301e-11
  8.82937910853973e-11  9.84281130235105e-11  1.09715957696388e-10
  1.22288129114842e-10  1.36290301071657e-10  1.51884725283184e-10
  1.69252139628922e-10  1.88593900610412e-10  2.10134367167672e-10
  2.34123566396187e-10  2.60840175562272e-10  2.90594859166374e-10
  3.23734004742696e-10  3.60643906658351e-10  4.01755453509563e-10
  4.47549381876620e-10  4.98562167333035e-10  5.55392632829954e-10
  6.18709365047735e-10  6.89259041195460e-10  7.67875782257811e-10
  8.55491664030906e-10  9.53148534764485e-10  1.06201130808101e-09
  1.18338292244724e-09  1.31872118421544e-09  1.46965774055125e-09
  1.63801946195755e-09  1.82585255215332e-09  2.03544974646703e-09
  2.26938100933533e-09  2.53052819800446e-09  2.82212422381456e-09
  3.14779731608796e-09  3.51162107739913e-09  3.91817111492445e-09
  4.37258914192856e-09  4.88065556850691e-09  5.44887174336483e-09
  6.08455317199603e-09  6.79593522234906e-09  7.59229304360237e-09
  8.48407766560152e-09  9.48307052696850e-09  1.06025589970291e-08
  1.18575358217755e-08  1.32649258398952e-08  1.48438437925623e-08
  1.66158875922959e-08  1.86054720433564e-08  2.08402087129071e-08
  2.33513384709107e-08  2.61742241443990e-08  2.93489117967287e-08
  3.29207703594910e-08  3.69412207317077e-08  4.14685670571825e-08
  4.65689446917362e-08  5.23174014663704e-08  5.87991311988825e-08
  6.61108811302222e-08  7.43625580387907e-08  8.36790613220976e-08
  9.42023753382438e-08  1.06093957934339e-07  1.19537467256752e-07
  1.34741874993175e-07  1.51945020924113e-07  1.71417671473274e-07
  1.93468153758101e-07  2.18447646702932e-07  2.46756222248968e-07
  2.78849742668894e-07  3.15247734954682e-07  3.56542379845931e-07
  4.03408772547977e-07  4.56616633586033e-07  5.17043673198360e-07
  5.85690840523898e-07  6.63699720694204e-07  7.52372378784734e-07
  8.53193990507408e-07  9.67858645962123e-07  1.09829876360539e-06
  1.24671861313442e-06  1.41563251028015e-06  1.60790832148013e-06
  1.82681700708724e-06  2.07608901505429e-06  2.35997846279110e-06
  2.68333614571076e-06  3.05169256748680e-06  3.47135232368606e-06
  3.94950135309608e-06  4.49432876227130e-06  5.11516513630050e-06
  5.82263950876129e-06  6.62885741054821e-06  7.54760274562573e-06
  8.59456654976912e-06  9.78760609750077e-06  1.11470381975019e-05
  1.26959710323654e-05  1.44606793544585e-05  1.64710284851007e-05
  1.87609531197892e-05  2.13689977303882e-05  2.43389260159236e-05
  2.77204078146771e-05  3.15697927229919e-05  3.59509807245238e-05
  4.09364013090517e-05  4.66081136156924e-05  5.30590416968332e-05
  6.03943601932762e-05  6.87330475022030e-05  7.82096250261032e-05
  8.89761031236054e-05  1.01204156022505e-04  1.15087550560687e-04
  1.30844855236814e-04  1.48722459075814e-04  1.68997931833535e-04
  1.91983760115759e-04  2.18031496294151e-04  2.47536361002163e-04
  2.80942341175270e-04  3.18747831391390e-04  3.61511866283238e-04
  4.09860997855716e-04  4.64496872676354e-04  5.26204568040977e-04
  5.95861748738991e-04  6.74448709300509e-04  7.63059368325339e-04
  8.62913284907553e-04  9.75368767379413e-04  1.10193714691885e-03
  1.24429828873858e-03  1.40431741228730e-03  1.58406329168444e-03
  1.78582790484439e-03  2.01214759287547e-03  2.26582579181545e-03
  2.54995738313659e-03  2.86795470718140e-03  3.22357526782110e-03
  3.62095114183356e-03  4.06462009208603e-03  4.55955836163792e-03
  5.11121509900983e-03  5.72554834543419e-03  6.40906247420002e-03
  7.16884694307215e-03  8.01261618356493e-03  8.94875039524977e-03
  9.98633697944372e-03  1.11352122862105e-02  1.24060032797095e-02
  1.38101686991332e-02  1.53600391708495e-02  1.70688557112396e-02
  1.89508059508874e-02  2.10210573292649e-02  2.32957864607021e-02
  2.57922037388767e-02  2.85285722155902e-02  3.15242196283796e-02
  3.47995425157536e-02  3.83760010125036e-02  4.22761032216666e-02
  4.65233775648923e-02  5.11423318393977e-02  5.61583974005326e-02
  6.15978569910308e-02  6.74877546980251e-02  7.38557865324310e-02
  8.07301702022862e-02  8.81394926492212e-02  9.61125341881141e-02
  1.04678068049207e-01  1.13864634534180e-01  1.23700289105926e-01
  1.34212324073004e-01  1.45426964044907e-01  1.57369035402053e-01
  1.70061611029995e-01  1.83525631530786e-01  1.97779505112015e-01
  2.12838688833090e-01  2.28715254388479e-01  2.45417442540512e-01
  2.62949210683668e-01  2.81309778792692e-01  3.00493179586588e-01
  3.20487819136578e-01  3.41276054815709e-01  3.62833797633509e-01
  3.85130146482326e-01  4.08127062036273e-01  4.31779088185042e-01
  4.56033129272484e-01  4.80828291445530e-01  5.06095796928280e-01
  5.31758980048638e-01  5.57733374331540e-01  5.83926899799761e-01
  6.10240159470238e-01  6.36566853238411e-01  6.62794315850062e-01
  6.88804183590125e-01  7.14473191422900e-01  7.39674098756070e-01
  7.64276738207768e-01  7.88149177432825e-01  8.11158980060562e-01
  8.33174547834963e-01  8.54066522287744e-01  8.73709221846502e-01
  8.91982087136670e-01  9.08771106648251e-01  9.23970193434287e-01
  9.37482484391422e-01  9.49221534461606e-01  9.59112380347211e-01
  9.67092451186721e-01  9.73112307267308e-01  9.77136192106997e-01
  9.79142387909023e-01  9.79123369308854e-01  9.77085755387743e-01
  9.73050064772785e-01  9.67050283322871e-01  9.59133258003988e-01
  9.49357934216346e-01  9.37794456684398e-01  9.24523156248756e-01
  9.09633446218975e-01  8.93222652618779e-01  8.75394802446861e-01
  8.56259393332432e-01  8.35930166476647e-01  8.14523902941897e-01
  7.92159260995602e-01  7.68955669741957e-01  7.45032291514638e-01
  7.20507062844879e-01  6.95495821066719e-01  6.70111521212788e-01
  6.44463545198847e-01  6.18657104235375e-01  5.92792731320344e-01
  5.66965862958428e-01  5.41266503194267e-01  5.15778967505982e-01
  4.90581698394155e-01  4.65747148220532e-01  4.41341722004157e-01
  4.17425774175113e-01  3.94053653203379e-01  3.71273787916546e-01
  3.49128810176348e-01  3.27655708555713e-01  3.06886008285769e-01
  2.86845973139619e-01  2.67556825264631e-01  2.49034979536068e-01
  2.31292289136380e-01  2.14336299883205e-01  1.98170510499175e-01
  1.82794637029816e-01  1.68204879258704e-01  1.54394187573075e-01
  1.41352528751598e-01  1.29067149294421e-01  1.17522835095298e-01
  1.06702166308726e-01  9.65857663567790e-02  8.71525441357904e-02
  7.83799285047931e-02  7.02440942809970e-02  6.27201790031962e-02
  5.57824898554097e-02  4.94047002173683e-02  4.35600354271427e-02
  3.82214474329685e-02  3.33617781254872e-02  2.89539112268273e-02
  2.49709127193893e-02  2.13861598663599e-02  1.81734589640243e-02
  1.53071520183412e-02  1.27622126015000e-02  1.05143311793502e-02
  8.53999024036950e-03  6.81652957448267e-03  5.32220207077824e-03
  4.03622040620340e-03  2.93879500343962e-03  2.01116362186657e-03
  1.23561299005045e-03  5.95492773982159e-04  7.52222587209195e-05
 -3.39709844169249e-04 -6.62752222102957e-04 -9.06304006516478e-04
 -1.08173370893432e-03 -1.19940368338945e-03 -1.26869973617461e-03
 -1.29806548309704e-03 -1.29504102775229e-03 -1.26630550433070e-03
 -1.21772299745189e-03 -1.15439131963510e-03 -1.08069309556790e-03
 -1.00034857985251e-03 -9.16469610586797e-04 -8.31614093524304e-04
 -7.47840408183599e-04 -6.66761135951741e-04 -5.89595533782707e-04
 -5.17220210116232e-04 -4.50217505963952e-04 -3.88921141775321e-04
 -3.33458757624564e-04 -2.83791049261567e-04 -2.39747282551786e-04
 -2.01057051697446e-04 -1.67378229062395e-04 -1.38321134064986e-04
 -1.13469022479370e-04 -9.23950636138678e-05 -7.46760290806455e-05
 -5.99029621122246e-05 -4.76891296296393e-05 -3.76755804814352e-05
 -2.95346426426553e-05 -2.29716906591488e-05 -1.77255033712323e-05
 -1.35675126184671e-05 -1.03002178873971e-05 -7.75501163440020e-06
 -5.78962697326072e-06 -4.28538557296319e-06 -3.14438980844429e-06
 -2.28677174495375e-06 -1.64808203281388e-06 -1.17687615777033e-06
 -8.32533531928583e-07 -5.83326199253048e-07 -4.04740254412147e-07
 -2.78041386036935e-07 -1.89068902641212e-07 -1.27237274242397e-07
 -8.47216939310203e-08 -5.58032837813536e-08 -3.63500429503205e-08
 -2.34110921180834e-08 -1.49038270554582e-08 -9.37599557603387e-09
 -5.82721062372403e-09 -3.57687928298368e-09 -2.16780704899446e-09
 -1.29681678841405e-09 -7.65495721227990e-10 -4.45732602952445e-10
 -2.55934691097800e-10 -1.44864541562480e-10 -8.08009588629274e-11
 -4.43962415187139e-11 -2.40201329283669e-11 -1.27925406037667e-11
 -6.70352743179907e-12 -3.45498748552604e-12 -1.75073097430741e-12
 -8.71849899012090e-13 -4.26506775538106e-13 -2.04870738757407e-13
 -9.65843601759461e-14 -4.46688451420505e-14 -2.02566159975976e-14
 -9.00287527330664e-15 -3.91949767767720e-15 -1.67067480847744e-15
 -6.96843781197588e-16 -2.84262021944429e-16 -1.13343482423210e-16
 -4.41538332959466e-17 -1.68029553246487e-17 -6.23995001218272e-18
 -2.25991841372951e-18 -7.97724997730226e-19 -2.74342327056285e-19
 -9.19174512388217e-20 -3.00366807709475e-20 -9.55523551396466e-21
 -2.95198367692259e-21 -8.85024291484004e-22 -2.57301631327366e-22
 -7.24844833320523e-23 -1.97707510001120e-23 -5.21709232489775e-24
 -1.33077208694489e-24 -3.27855082103042e-25 -7.79447676706540e-26
 -1.78662237999992e-26 -3.94478407103197e-27 -8.38208333024047e-28
 -1.71238743491075e-28 -3.36004914230608e-29 -6.32621399711267e-30
 -1.14168557003431e-30
 (i6, f12.0, f18.0, f8.3, i6)
   670  60.0000000  0.02500000000000  28.000     2
 (3e22.14)
  2.99785627573422e-06  3.14822239435847e-06  3.30613016966885e-06
  3.47195782587790e-06  3.64610255336458e-06  3.82898145956288e-06
  4.02103256751086e-06  4.22271586444773e-06  4.43451440296639e-06
  4.65693545735412e-06  4.89051173788764e-06  5.13580266598148e-06
  5.39339571324481e-06  5.66390780763799e-06  5.94798681010478e-06
  6.24631306518648e-06  6.55960102936013e-06  6.88860098093621e-06
  7.23410081568921e-06  7.59692793238457e-06  7.97795121286751e-06
  8.37808310127808e-06  8.79828178750214e-06  9.23955349997383e-06
  9.70295491336786e-06  1.01895956768869e-05  1.07006410692405e-05
  1.12373147865653e-05  1.18009018700825e-05  1.23927517802839e-05
  1.30142816252358e-05  1.36669795504470e-05  1.43524082986175e-05
  1.50722089476040e-05  1.58281048356225e-05  1.66219056829800e-05
  1.74555119202674e-05  1.83309192331880e-05  1.92502233350959e-05
  2.02156249782947e-05  2.12294352164674e-05  2.22940809303504e-05
  2.34121106302039e-05  2.45862005486439e-05  2.58191610385270e-05
  2.71139432910140e-05  2.84736463899823e-05  2.99015247193462e-05
  3.14009957413210e-05  3.29756481636020e-05  3.46292505156138e-05
  3.63657601535227e-05  3.81893327160834e-05  4.01043320533863e-05
  4.21153406524142e-05  4.42271705840162e-05  4.64448749976150e-05
  4.87737601905745e-05  5.12193982815851e-05  5.37876405172751e-05
  5.64846312448626e-05  5.93168225828409e-05  6.22909898256240e-05
  6.54142476180081e-05  6.86940669383456e-05  7.21382929304209e-05
  7.57551636268333e-05  7.95533296076293e-05  8.35418746419429e-05
  8.77303373600599e-05  9.21287340092996e-05  9.67475823456355e-05
  1.01597926719482e-04  1.06691364413861e-04  1.12040073298157e-04
  1.17656840862397e-04  1.23555094701606e-04  1.29748934521214e-04
  1.36253165741022e-04  1.43083334775153e-04  1.50255766073565e-04
  1.57787601011005e-04  1.65696838716639e-04  1.74002378939670e-04
  1.82724067053925e-04  1.91882741305004e-04  2.01500282415444e-04
  2.11599665660211e-04  2.22205015540201e-04  2.33341663178663e-04
  2.45036206578637e-04  2.57316573881721e-04  2.70212089778385e-04
  2.83753545224631e-04  2.97973270631504e-04  3.12905212695860e-04
  3.28585015058435e-04  3.45050102971953e-04  3.62339772185243e-04
  3.80495282245911e-04  3.99559954444847e-04  4.19579274629539e-04
  4.40601001129211e-04  4.62675278041956e-04  4.85854754153201e-04
  5.10194707757400e-04  5.35753177683946e-04  5.62591100821989e-04
  5.90772456477314e-04  6.20364417887819e-04  6.51437511258324e-04
  6.84065782680735e-04  7.18326973331768e-04  7.54302703351434e-04
  7.92078664836867e-04  8.31744824389203e-04  8.73395635699154e-04
  9.17130262645070e-04  9.63052813440776e-04  1.01127258635805e-03
  1.06190432760463e-03  1.11506850194625e-03  1.17089157670344e-03
  1.22950631977080e-03  1.29105211235762e-03  1.35567527715169e-03
  1.42352942268734e-03  1.49477580467629e-03  1.56958370516464e-03
  1.64813083035622e-03  1.73060372803394e-03  1.81719822552118e-03
  1.90811988919345e-03  2.00358450657599e-03  2.10381859214611e-03
  2.20905991796241e-03  2.31955807036203e-03  2.43557503395397e-03
  2.55738580426128e-03  2.68527903037649e-03  2.81955768910280e-03
  2.96053979207310e-03  3.10855912748504e-03  3.26396603805450e-03
  3.42712823701396e-03  3.59843166390357e-03  3.77828138213650e-03
  3.96710252029626e-03  4.16534125929205e-03  4.37346586754683e-03
  4.59196778654304e-03  4.82136276908902e-03  5.06219207288628e-03
  5.31502371193854e-03  5.58045376867251e-03  5.85910776953075e-03
  6.15164212715433e-03  6.45874565223264e-03  6.78114113836219e-03
  7.11958702332551e-03  7.47487913043781e-03  7.84785249365632e-03
  8.23938327049714e-03  8.65039074671596e-03  9.08183943724779e-03
  9.53474128768993e-03  1.00101579811962e-02  1.05092033555548e-02
  1.10330459356433e-02  1.15829115865448e-02  1.21600862929758e-02
  1.27659190707260e-02  1.34018250163698e-02  1.40692885013166e-02
  1.47698665171489e-02  1.55051921787894e-02  1.62769783929896e-02
  1.70870216994179e-02  1.79372062922938e-02  1.88295082306058e-02
  1.97659998455262e-02  2.07488543536480e-02  2.17803506855597e-02
  2.28628785388746e-02  2.39989436662567e-02  2.51911734082081e-02
  2.64423224819219e-02  2.77552790370441e-02  2.91330709902316e-02
  3.05788726504442e-02  3.20960116477829e-02  3.36879761785822e-02
  3.53584225808718e-02  3.71111832534884e-02  3.89502749344370e-02
  4.08799073525921e-02  4.29044922693281e-02  4.50286529256849e-02
  4.72572339122933e-02  4.95953114791687e-02  5.20482043037790e-02
  5.46214847353807e-02  5.73209905358173e-02  6.01528371352605e-02
  6.31234304251287e-02  6.62394801075032e-02  6.95080136243873e-02
  7.29363906881227e-02  7.65323184367358e-02  8.03038672374137e-02
  8.42594871631750e-02  8.84080251666627e-02  9.27587429783795e-02
  9.73213357532191e-02  1.02105951495213e-01  1.07123211284774e-01
  1.12384230339211e-01  1.17900639933131e-01  1.23684610209018e-01
  1.29748873906614e-01  1.36106751042302e-01  1.42772174566919e-01
  1.49759717035429e-01  1.57084618316036e-01  1.64762814373243e-01
  1.72810967153281e-01  1.81246495605254e-01  1.90087607867189e-01
  1.99353334650793e-01  2.09063563851030e-01  2.19239076417282e-01
  2.29901583507646e-01  2.41073764963322e-01  2.52779309124205e-01
  2.65042954017089e-01  2.77890529939031e-01  2.91349003461775e-01
  3.05446522876402e-01  3.20212465102371e-01  3.35677484071631e-01
  3.51873560612127e-01  3.68834053829987e-01  3.86593754011264e-01
  4.05188937036308e-01  4.24657420314512e-01  4.45038620229509e-01
  4.66373611088314e-01  4.88705185553285e-01  5.12077916542155e-01
  5.36538220554416e-01  5.62134422404102e-01  5.88916821291183e-01
  6.16937758179517e-01  6.46251684396547e-01  6.76915231393007e-01
  7.08987281566158e-01  7.42529040053042e-01  7.77604107370659e-01
  8.14278552788325e-01  8.52620988265722e-01  8.92702642825915e-01
  9.34597437143748e-01  9.78382058190691e-01  1.02413603367971e+00
  1.07194180609195e+00  1.12188480600192e+00  1.17405352442040e+00
  1.22853958381889e+00  1.28543780751191e+00  1.34484628697903e+00
  1.40686644677059e+00  1.47160310648129e+00  1.53916453938298e+00
  1.60966252713395e+00  1.68321241005081e+00  1.75993313231167e+00
  1.83994728147222e+00  1.92338112156849e+00  2.01036461912152e+00
  2.10103146118187e+00  2.19551906467514e+00  2.29396857603729e+00
  2.39652486031697e+00  2.50333647863276e+00  2.61455565301732e+00
  2.73033821743546e+00  2.85084355392454e+00  2.97623451243965e+00
  3.10667731331657e+00  3.24234143077625e+00  3.38339945622739e+00
  3.53002693974105e+00  3.68240220829362e+00  3.84070615898524e+00
  4.00512202584411e+00  4.17583511818943e+00  4.35303252910319e+00
  4.53690281196084e+00  4.72763562335717e+00  4.92542133038983e+00
  5.13045058063034e+00  5.34291383250673e+00  5.56300084468951e+00
  5.79090012193956e+00  6.02679831614802e+00  6.27087958017887e+00
  6.52332487306086e+00  6.78431121454446e+00  7.05401088755729e+00
  7.33259058673812e+00  7.62021051201401e+00  7.91702340541881e+00
  8.22317353078532e+00  8.53879559461231e+00  8.86401360836267e+00
  9.19893969111841e+00  9.54367281323585e+00  9.89829748073326e+00
  1.02628823620787e+01  1.06374788573501e+01  1.10221196132227e+01
  1.14168169841170e+01  1.18215614443583e+01  1.22363199533406e+01
  1.26610342791109e+01  1.30956192847314e+01  1.35399611839221e+01
  1.39939157720236e+01  1.44573066411865e+01  1.49299233869168e+01
  1.54115198179775e+01  1.59018121780524e+01  1.64004773938084e+01
  1.69071513605879e+01  1.74214272819099e+01  1.79428540771367e+01
  1.84709348765294e+01  1.90051256190699e+01  1.95448337771867e+01
  2.00894172243222e+01  2.06381832729526e+01  2.11903879023636e+01
  2.17452352042497e+01  2.23018770692555e+01  2.28594131449136e+01
  2.34168910874786e+01  2.39733071433553e+01  2.45276070804646e+01
  2.50786875073241e+01  2.56253976020045e+01  2.61665412848550e+01
  2.67008798603387e+01  2.72271351575788e+01  2.77439931930406e+01
  2.82501083832830e+01  2.87441083245385e+01  2.92245991651601e+01
  2.96901715772207e+01  3.01394073513076e+01  3.05708866072391e+01
  3.09831956371115e+01  3.13749353643131e+01  3.17447304171366e+01
  3.20912387928172e+01  3.24131620912460e+01  3.27092562787559e+01
  3.29783429446667e+01  3.32193209893154e+01  3.34311786898124e+01
  3.36130060552364e+01  3.37640074028090e+01  3.38835140373189e+01
  3.39709969441363e+01  3.40260793590287e+01  3.40485490932634e+01
  3.40383704618594e+01  3.39956956697906e+01  3.39208754786135e+01
  3.38144689976337e+01  3.36772523984462e+01  3.35102263847625e+01
  3.33146222111149e+01  3.30919060664997e+01  3.28437816219628e+01
  3.25721905599783e+01  3.22793108876157e+01  3.19675528756978e+01
  3.16395524363832e+01  3.12981618184002e+01  3.09464374662041e+01
  3.05876249594004e+01  3.02251409410902e+01  2.98625520027225e+01
  2.95035505005921e+01  2.91519273558586e+01  2.88115418815749e+01
  2.84862887876613e+01  2.81800625000484e+01  2.78967190351431e+01
  2.76400356840096e+01  2.74136688373567e+01  2.72211103223232e+01
  2.70656426819798e+01  2.69502938757472e+01  2.68777919229920e+01
  2.68505200656007e+01  2.68704730537483e+01  2.69392151982328e+01
  2.70578408576504e+01  2.72269380447655e+01  2.74465558473370e+01
  2.77161763548775e+01  2.80346917747039e+01  2.84003873889273e+01
  2.88109309802504e+01  2.92633692884456e+01  2.97541320178820e+01
  3.02790438200117e+01  3.08333446074345e+01  3.14117184381773e+01
  3.20083311135275e+01  3.26168764924757e+01  3.32306314179220e+01
  3.38425189823380e+01  3.44451797432892e+01  3.50310503305230e+01
  3.55924487451753e+01  3.61216655021509e+01  3.66110596204999e+01
  3.70531583237097e+01  3.74407591936922e+01  3.77670333878435e+01
  3.80256284451515e+01  3.82107691072578e+01  3.83173545265999e+01
  3.83410501887211e+01  3.82783728640115e+01  3.81267669095714e+01
  3.78846703008627e+01  3.75515688185240e+01  3.71280369613024e+01
  3.66157642484072e+01  3.60175657930150e+01  3.53373761970126e+01
  3.45802260814645e+01  3.37522008125678e+01  3.28603813055380e+01
  3.19127670711453e+01  3.09181820565993e+01  2.98861641324731e+01
  2.88268394924786e+01  2.77507835486398e+01  2.66688702901994e+01
  2.55921123916903e+01  2.45314946709120e+01  2.34978037583165e+01
  2.25014570710597e+01  2.15523343207800e+01  2.06596149004007e+01
  1.98316244782386e+01  1.90756940754372e+01  1.83980347299661e+01
  1.78036306082565e+01  1.72961530961820e+01  1.68778979881406e+01
  1.65497474348206e+01  1.63111577660878e+01  1.61601737632528e+01
  1.60934693531461e+01  1.61064141094171e+01  1.61931643526877e+01
  1.63467770704167e+01  1.65593443333628e+01  1.68221453885887e+01
  1.71258131665758e+01  1.74605115702784e+01  1.78161196300819e+01
  1.81824184228704e+01  1.85492765783385e+01  1.89068302381122e+01
  1.92456534948207e+01  1.95569156213541e+01  1.98325217895507e+01
  2.00652344708382e+01  2.02487732784987e+01  2.03778916442900e+01
  2.04484293857313e+01  2.04573408978161e+01  2.04026993650828e+01
  2.02836780131014e+01  2.01005099842989e+01  1.98544289102811e+01
  1.95475926505783e+01  1.91829929660681e+01  1.87643540897461e+01
  1.82960232502281e+01  1.77828561951116e+01  1.72301006654213e+01
  1.66432805968481e+01  1.60280835789039e+01  1.53902538124788e+01
  1.47354924722080e+01  1.40693670291452e+01  1.33972307255824e+01
  1.27241530359714e+01  1.20548616024521e+01  1.13936958133113e+01
  1.07445718976341e+01  1.01109591544423e+01  9.49586671428053e+00
  8.90184004775870e+00  8.33096629916976e+00  7.78488741536352e+00
  7.26481997755178e+00  6.77158060935212e+00  6.30561583292704e+00
  5.86703527118935e+00  5.45564714158039e+00  5.07099505682248e+00
  4.71239523083102e+00  4.37897328497747e+00  4.06969995359627e+00
  3.78342509716293e+00  3.51890954191818e+00  3.27485437458191e+00
  3.04992742475413e+00  2.84278676936463e+00  2.65210118053733e+00
  2.47656752302361e+00  2.31492517565143e+00  2.16596761068071e+00
  2.02855131334474e+00  1.90160225848831e+00  1.78412018724052e+00
  1.67518094110242e+00  1.57393711608028e+00  1.47961729768129e+00
  1.39152412753267e+00  1.30903143836831e+00  1.23158067477605e+00
  1.15867679570732e+00  1.08988383116221e+00  1.02482024153583e+00
  9.63154204121528e-01  9.04598928663852e-01  8.48908082315236e-01
  7.95871385346906e-01  7.45310421746924e-01  6.97074694445718e-01
  6.51037942672183e-01  6.07094729313965e-01  5.65157298587362e-01
  5.25152698932215e-01  4.87020162280257e-01  4.50708728717249e-01
  4.16175104490056e-01  3.83381741285697e-01  3.52295125214155e-01
  3.22884264960443e-01  2.95119369559593e-01  2.68970707578200e-01
  2.44407640255544e-01  2.21397822019105e-01  1.99906562108672e-01
  1.79896341050438e-01  1.61326475444887e-01  1.44152923761651e-01
  1.28328224973681e-01  1.13801560554917e-01  1.00518929203704e-01
  8.84234221516820e-02  7.74555857686914e-02  6.75538569386221e-02
  5.86550558433517e-02  5.06949201657765e-02  4.36086645252853e-02
  3.73315491148496e-02  3.17994421228919e-02  2.69493615125268e-02
  2.27199831362872e-02  1.90521038760345e-02  1.58890505082997e-02
  1.31770271760243e-02  1.08653966571877e-02  8.90689293038613e-03
  7.25776479057771e-03  5.87785235539545e-03  4.73060017264445e-03
  3.78301221674541e-03  3.00555531853088e-03  2.37201847217147e-03
  1.85933601018845e-03  1.44738283492700e-03  1.11874977616016e-03
  8.58506744977999e-04  6.53960725542290e-04  4.94414841326370e-04
  3.70933811087967e-04  2.76120123364257e-04  2.03904264298871e-04
  1.49351368101688e-04  1.08485772756079e-04  7.81341614661026e-05
  5.57873006735860e-05  3.94798242065357e-05  2.76870864163172e-05
  1.92378078006355e-05  1.32410218501567e-05  9.02575398615626e-06
  6.09181973731066e-06  4.07018907044902e-06  2.69144424235856e-06
  1.76098429384460e-06  1.13977093607917e-06  7.29559923898576e-07
  4.61712350810804e-07  2.88822752911508e-07  1.78533370692162e-07
  1.09021063028603e-07  6.57469775743929e-08  3.91455826269928e-08
  2.30035713153557e-08  1.33374343929499e-08  7.62729566542367e-09
  4.30070533708780e-09  2.39018081261236e-09  1.30881985085723e-09
  7.05891262058968e-10  3.74818462218378e-10  1.95874594019338e-10
  1.00696882556327e-10  5.09049473399934e-11  2.52951390317913e-11
  1.23498178673225e-11  5.92156770197374e-12  2.78719246196119e-12
  1.28720537524690e-12  5.83002933841885e-13  2.58834343481773e-13
  1.12585521834009e-13  4.79542641398603e-14  1.99906276761642e-14
  8.15169379187379e-15  3.24966140059076e-15  1.26582248017170e-15
  4.81640983134917e-16  1.78866197185778e-16  6.47895171866120e-17
  2.28762065791088e-17  7.86854363678770e-18  2.63486385045452e-18
  8.58440138522259e-19  2.71789789061715e-19  8.36089081672481e-20
  2.49674326778770e-20  7.23227543190593e-21  2.03060661220279e-21
  5.52189947235486e-22  1.45317207557830e-22  3.69791697733658e-23
  9.09172133460196e-24  2.15780702708073e-24  4.93942654873951e-25
  1.08955430597219e-25  2.31383044187033e-26  4.72625433505330e-27
  9.27659782161857e-28  1.74791382547959e-28  3.15845539779165e-29
  5.46772632503809e-30
  8.57961410427236e-25  9.78774144905159e-25  1.11659446390660e-24
  1.27381588436570e-24  1.45316864773161e-24  1.65776706980473e-24
  1.89116354536354e-24  2.15741014227810e-24  2.46112885099420e-24
  2.80759170481419e-24  3.20281215703471e-24  3.65364929532970e-24
  4.16792669558399e-24  4.75456797009110e-24  5.42375135326384e-24
  6.18708599655182e-24  7.05781301886146e-24  8.05103478583490e-24
  9.18397637817175e-24  1.04762837642517e-23  1.19503638249096e-23
  1.36317720996192e-23  1.55496549453522e-23  1.77372537367112e-23
  2.02324798041465e-23  2.30785700247530e-23  2.63248343681409e-23
  3.00275082817140e-23  3.42507246028735e-23  3.90676217405168e-23
  4.45616072103702e-23  5.08277982777134e-23  5.79746645032104e-23
  6.61259004535468e-23  7.54225607895990e-23  8.60254944456126e-23
  9.81181197428835e-23  1.11909588125866e-22  1.27638390868452e-22
  1.45576470685761e-22  1.66033908832465e-22  1.89364268117363e-22
  2.15970683485799e-22  2.46312804604083e-22  2.80914709442783e-22
  3.20373924443852e-22  3.65371705752445e-22  4.16684757516129e-22
  4.75198587769813e-22  5.41922730342354e-22  6.18008093021795e-22
  7.04766728425659e-22  8.03694365263707e-22  9.16496084638617e-22
  1.04511557950293e-21  1.19176849627305e-21  1.35898042692538e-21
  1.54963019881406e-21  1.76699919931009e-21  2.01482757462697e-21
  2.29737825864394e-21  2.61950992005094e-21  2.98676006698711e-21
  3.40543972001373e-21  3.88274125964653e-21  4.42686127698605e-21
  5.04714050900854e-21  5.75422322791376e-21  6.56023878147894e-21
  7.47900835396833e-21  8.52628044104672e-21  9.71999901433822e-21
  1.10806088997159e-20  1.26314035172446e-20  1.43989208400510e-20
  1.64133942362463e-20  1.87092657752609e-20  2.13257706230678e-20
  2.43076023365327e-20  2.77056702152279e-20  3.15779614013216e-20
  3.59905221599900e-20  4.10185747520255e-20  4.67477885600194e-20
  5.32757266853240e-20  6.07134921372995e-20  6.91876010356432e-20
  7.88421139945279e-20  8.98410611144261e-20  1.02371200842217e-19
  1.16645158451156e-19  1.32904996125973e-19  1.51426273717654e-19
  1.72522667267058e-19  1.96551221518293e-19  2.23918322994620e-19
  2.55086491957720e-19  2.90582104901127e-19  3.31004174352965e-19
  3.77034329918950e-19  4.29448163957062e-19  4.89128127344394e-19
  5.57078185822940e-19  6.34440475784220e-19  7.22514230520834e-19
  8.22777284429153e-19  9.36910503970975e-19  1.06682554102033e-18
  1.21469635727047e-18  1.38299502846803e-18  1.57453240530246e-18
  1.79250428485462e-18  2.04054383377866e-18  2.32278110318708e-18
  2.64391058703450e-18  3.00926790234659e-18  3.42491681283668e-18
  3.89774797944400e-18  4.43559100455980e-18  5.04734154392520e-18
  5.74310549447351e-18  6.53436253125982e-18  7.43415156598145e-18
  8.45728103788772e-18  9.62056733009289e-18  1.09431050360466e-17
  1.24465732885318e-17  1.41555829141058e-17  1.60980697974875e-17
  1.83057405418708e-17  2.08145773028072e-17  2.36654095663842e-17
  2.69045616498173e-17  3.05845858385823e-17  3.47650923550785e-17
  3.95136887974656e-17  4.49070433144637e-17  5.10320876149018e-17
  5.79873779758591e-17  6.58846347385609e-17  7.48504833995084e-17
  8.50284233513487e-17  9.65810536449023e-17  1.09692588874851e-16
  1.24571702489571e-16  1.41454739545031e-16  1.60609346229940e-16
  1.82338569453781e-16  2.06985486492049e-16  2.34938432213350e-16
  2.66636899869711e-16  3.02578200929643e-16  3.43324980091619e-16
  3.89513693584326e-16  4.41864172280221e-16  5.01190406212226e-16
  5.68412703968471e-16  6.44571399376295e-16  7.30842299108342e-16
  8.28554088629572e-16  9.39207940542614e-16  1.06449959924140e-15
  1.20634424918645e-15  1.36690451153912e-15  1.54862195574648e-15
  1.75425255952600e-15  1.98690660309582e-15  2.25009354211634e-15
  2.54777246931655e-15  2.88440884806571e-15  3.26503828296652e-15
  3.69533818405976e-15  4.18170828335726e-15  4.73136107656818e-15
  5.35242339020570e-15  6.05405041660541e-15  6.84655371790657e-15
  7.74154487736201e-15  8.75209667369426e-15  9.89292387469179e-15
  1.11805859918506e-14  1.26337146118664e-14  1.42732682259562e-14
  1.61228178185437e-14  1.82088668554998e-14  2.05612097351377e-14
  2.32133332348991e-14  2.62028660112149e-14  2.95720817929066e-14
  3.33684625582977e-14  3.76453287085876e-14  4.24625440555459e-14
  4.78873043353322e-14  5.39950189583588e-14  6.08702968113254e-14
  6.86080481618108e-14  7.73147160860620e-14  8.71096523654990e-14
  9.81266544936466e-14  1.10515682318599e-13  1.24444774946352e-13
  1.40102190853085e-13  1.57698796755162e-13  1.77470733653204e-13
  1.99682391676927e-13  2.24629728908012e-13  2.52643973312277e-13
  2.84095751309733e-13  3.19399691384309e-13  3.59019556572566e-13
  4.03473965686811e-13  4.53342769839448e-13  5.09274158273240e-13
  5.71992575781816e-13  6.42307543194491e-13  7.21123482630803e-13
  8.09450660566159e-13  9.08417374411772e-13  1.01928352229501e-12
  1.14345571138067e-12  1.28250407736710e-12  1.43818100710773e-12
  1.61244197772247e-12  1.80746874943926e-12  2.02569517586353e-12
  2.26983592496514e-12  2.54291843676875e-12  2.84831848036613e-12
  3.18979971341398e-12  3.57155769255885e-12  3.99826883358152e-12
  4.47514487608521e-12  5.00799347011724e-12  5.60328557143301e-12
  6.26823041007727e-12  7.01085888274481e-12  7.84011631639863e-12
  8.76596565745305e-12  9.79950226106018e-12  1.09530815885306e-11
  1.22404612703787e-11  1.36769591587970e-11  1.52796291800262e-11
  1.70674570044670e-11  1.90615777853897e-11  2.12855184767230e-11
  2.37654675313225e-11  2.65305751065078e-11  2.96132872679705e-11
  3.30497180911670e-11  3.68800640165971e-11  4.11490653276051e-11
  4.59065201948453e-11  5.12078573749993e-11  5.71147743778109e-11
  6.36959487251959e-11  7.10278308435859e-11  7.91955281544301e-11
  8.82937910853973e-11  9.84281130235105e-11  1.09715957696388e-10
  1.22288129114842e-10  1.36290301071657e-10  1.51884725283184e-10
  1.69252139628922e-10  1.88593900610412e-10  2.10134367167672e-10
  2.34123566396187e-10  2.60840175562272e-10  2.90594859166374e-10
  3.23734004742696e-10  3.60643906658351e-10  4.01755453509563e-10
  4.47549381876620e-10  4.98562167333035e-10  5.55392632829954e-10
  6.18709365047735e-10  6.89259041195460e-10  7.67875782257811e-10
  8.55491664030906e-10  9.53148534764485e-10  1.06201130808101e-09
  1.18338292244724e-09  1.31872118421544e-09  1.46965774055125e-09
  1.63801946195755e-09  1.82585255215332e-09  2.03544974646703e-09
  2.26938100933533e-09  2.53052819800446e-09  2.82212422381456e-09
  3.14779731608796e-09  3.51162107739913e-09  3.91817111492445e-09
  4.37258914192856e-09  4.88065556850691e-09  5.44887174336483e-09
  6.08455317199603e-09  6.79593522234906e-09  7.59229304360237e-09
  8.48407766560152e-09  9.48307052696850e-09  1.06025589970291e-08
  1.18575358217755e-08  1.32649258398952e-08  1.48438437925623e-08
  1.66158875922959e-08  1.86054720433564e-08  2.08402087129071e-08
  2.33513384709107e-08  2.61742241443990e-08  2.93489117967287e-08
  3.29207703594910e-08  3.69412207317077e-08  4.14685670571825e-08
  4.65689446917362e-08  5.23174014663704e-08  5.87991311988825e-08
  6.61108811302222e-08  7.43625580387907e-08  8.36790613220976e-08
  9.42023753382438e-08  1.06093957934339e-07  1.19537467256752e-07
  1.34741874993175e-07  1.51945020924113e-07  1.71417671473274e-07
  1.93468153758101e-07  2.18447646702932e-07  2.46756222248968e-07
  2.78849742668894e-07  3.15247734954682e-07  3.56542379845931e-07
  4.03408772547977e-07  4.56616633586033e-07  5.17043673198360e-07
  5.85690840523898e-07  6.63699720694204e-07  7.52372378784734e-07
  8.53193990507408e-07  9.67858645962123e-07  1.09829876360539e-06
  1.24671861313442e-06  1.41563251028015e-06  1.60790832148013e-06
  1.82681700708724e-06  2.07608901505429e-06  2.35997846279110e-06
  2.68333614571076e-06  3.05169256748680e-06  3.47135232368606e-06
  3.94950135309608e-06  4.49432876227130e-06  5.11516513630050e-06
  5.82263950876129e-06  6.62885741054821e-06  7.54760274562573e-06
  8.59456654976912e-06  9.78760609750077e-06  1.11470381975019e-05
  1.26959710323654e-05  1.44606793544585e-05  1.64710284851007e-05
  1.87609531197892e-05  2.13689977303882e-05  2.43389260159236e-05
  2.77204078146771e-05  3.15697927229919e-05  3.59509807245238e-05
  4.09364013090517e-05  4.66081136156924e-05  5.30590416968332e-05
  6.03943601932762e-05  6.87330475022030e-05  7.82096250261032e-05
  8.89761031236054e-05  1.01204156022505e-04  1.15087550560687e-04
  1.30844855236814e-04  1.48722459075814e-04  1.68997931833535e-04
  1.91983760115759e-04  2.18031496294151e-04  2.47536361002163e-04
  2.80942341175270e-04  3.18747831391390e-04  3.61511866283238e-04
  4.09860997855716e-04  4.64496872676354e-04  5.26204568040977e-04
  5.95861748738991e-04  6.74448709300509e-04  7.63059368325339e-04
  8.62913284907553e-04  9.75368767379413e-04  1.10193714691885e-03
  1.24429828873858e-03  1.40431741228730e-03  1.58406329168444e-03
  1.78582790484439e-03  2.01214759287547e-03  2.26582579181545e-03
  2.54995738313659e-03  2.86795470718140e-03  3.22357526782110e-03
  3.62095114183356e-03  4.06462009208603e-03  4.55955836163792e-03
  5.11121509900983e-03  5.72554834543419e-03  6.40906247420002e-03
  7.16884694307215e-03  8.01261618356493e-03  8.94875039524977e-03
  9.98633697944372e-03  1.11352122862105e-02  1.24060032797095e-02
  1.38101686991332e-02  1.53600391708495e-02  1.70688557112396e-02
  1.89508059508874e-02  2.10210573292649e-02  2.32957864607021e-02
  2.57922037388767e-02  2.85285722155902e-02  3.15242196283796e-02
  3.47995425157536e-02  3.83760010125036e-02  4.22761032216666e-02
  4.65233775648923e-02  5.11423318393977e-02  5.61583974005326e-02
  6.15978569910308e-02  6.74877546980251e-02  7.38557865324310e-02
  8.07301702022862e-02  8.81394926492212e-02  9.61125341881141e-02
  1.04678068049207e-01  1.13864634534180e-01  1.23700289105926e-01
  1.34212324073004e-01  1.45426964044907e-01  1.57369035402053e-01
  1.70061611029995e-01  1.83525631530786e-01  1.97779505112015e-01
  2.12838688833090e-01  2.28715254388479e-01  2.45417442540512e-01
  2.62949210683668e-01  2.81309778792692e-01  3.00493179586588e-01
  3.20487819136578e-01  3.41276054815709e-01  3.62833797633509e-01
  3.85130146482326e-01  4.08127062036273e-01  4.31779088185042e-01
  4.56033129272484e-01  4.80828291445530e-01  5.06095796928280e-01
  5.31758980048638e-01  5.57733374331540e-01  5.83926899799761e-01
  6.10240159470238e-01  6.36566853238411e-01  6.62794315850062e-01
  6.88804183590125e-01  7.14473191422900e-01  7.39674098756070e-01
  7.64276738207768e-01  7.88149177432825e-01  8.11158980060562e-01
  8.33174547834963e-01  8.54066522287744e-01  8.73709221846502e-01
  8.91982087136670e-01  9.08771106648251e-01  9.23970193434287e-01
  9.37482484391422e-01  9.49221534461606e-01  9.59112380347211e-01
  9.67092451186721e-01  9.73112307267308e-01  9.77136192106997e-01
  9.79142387909023e-01  9.79123369308854e-01  9.77085755387743e-01
  9.73050064772785e-01  9.67050283322871e-01  9.59133258003988e-01
  9.49357934216346e-01  9.37794456684398e-01  9.24523156248756e-01
  9.09633446218975e-01  8.93222652618779e-01  8.75394802446861e-01
  8.56259393332432e-01  8.35930166476647e-01  8.14523902941897e-01
  7.92159260995602e-01  7.68955669741957e-01  7.45032291514638e-01
  7.20507062844879e-01  6.95495821066719e-01  6.70111521212788e-01
  6.44463545198847e-01  6.18657104235375e-01  5.92792731320344e-01
  5.66965862958428e-01  5.41266503194267e-01  5.15778967505982e-01
  4.90581698394155e-01  4.65747148220532e-01  4.41341722004157e-01
  4.17425774175113e-01  3.94053653203379e-01  3.71273787916546e-01
  3.49128810176348e-01  3.27655708555713e-01  3.06886008285769e-01
  2.86845973139619e-01  2.67556825264631e-01  2.49034979536068e-01
  2.31292289136380e-01  2.14336299883205e-01  1.98170510499175e-01
  1.82794637029816e-01  1.68204879258704e-01  1.54394187573075e-01
  1.41352528751598e-01  1.29067149294421e-01  1.17522835095298e-01
  1.06702166308726e-01  9.65857663567790e-02  8.71525441357904e-02
  7.83799285047931e-02  7.02440942809970e-02  6.27201790031962e-02
  5.57824898554097e-02  4.94047002173683e-02  4.35600354271427e-02
  3.82214474329685e-02  3.33617781254872e-02  2.89539112268273e-02
  2.49709127193893e-02  2.13861598663599e-02  1.81734589640243e-02
  1.53071520183412e-02  1.27622126015000e-02  1.05143311793502e-02
  8.53999024036950e-03  6.81652957448267e-03  5.32220207077824e-03
  4.03622040620340e-03  2.93879500343962e-03  2.01116362186657e-03
  1.23561299005045e-03  5.95492773982159e-04  7.52222587209195e-05
 -3.39709844169249e-04 -6.62752222102957e-04 -9.06304006516478e-04
 -1.08173370893432e-03 -1.19940368338945e-03 -1.26869973617461e-03
 -1.29806548309704e-03 -1.29504102775229e-03 -1.26630550433070e-03
 -1.21772299745189e-03 -1.15439131963510e-03 -1.08069309556790e-03
 -1.00034857985251e-03 -9.16469610586797e-04 -8.31614093524304e-04
 -7.47840408183599e-04 -6.66761135951741e-04 -5.89595533782707e-04
 -5.17220210116232e-04 -4.50217505963952e-04 -3.88921141775321e-04
 -3.33458757624564e-04 -2.83791049261567e-04 -2.39747282551786e-04
 -2.01057051697446e-04 -1.67378229062395e-04 -1.38321134064986e-04
 -1.13469022479370e-04 -9.23950636138678e-05 -7.46760290806455e-05
 -5.99029621122246e-05 -4.76891296296393e-05 -3.76755804814352e-05
 -2.95346426426553e-05 -2.29716906591488e-05 -1.77255033712323e-05
 -1.35675126184671e-05 -1.03002178873971e-05 -7.75501163440020e-06
 -5.78962697326072e-06 -4.28538557296319e-06 -3.14438980844429e-06
 -2.28677174495375e-06 -1.64808203281388e-06 -1.17687615777033e-06
 -8.32533531928583e-07 -5.83326199253048e-07 -4.04740254412147e-07
 -2.78041386036935e-07 -1.89068902641212e-07 -1.27237274242397e-07
 -8.47216939310203e-08 -5.58032837813536e-08 -3.63500429503205e-08
 -2.34110921180834e-08 -1.49038270554582e-08 -9.37599557603387e-09
 -5.82721062372403e-09 -3.57687928298368e-09 -2.16780704899446e-09
 -1.29681678841405e-09 -7.65495721227990e-10 -4.45732602952445e-10
 -2.55934691097800e-10 -1.44864541562480e-10 -8.08009588629274e-11
 -4.43962415187139e-11 -2.40201329283669e-11 -1.27925406037667e-11
 -6.70352743179907e-12 -3.45498748552604e-12 -1.75073097430741e-12
 -8.71849899012090e-13 -4.26506775538106e-13 -2.04870738757407e-13
 -9.65843601759461e-14 -4.46688451420505e-14 -2.02566159975976e-14
 -9.00287527330664e-15 -3.91949767767720e-15 -1.67067480847744e-15
 -6.96843781197588e-16 -2.84262021944429e-16 -1.13343482423210e-16
 -4.41538332959466e-17 -1.68029553246487e-17 -6.23995001218272e-18
 -2.25991841372951e-18 -7.97724997730226e-19 -2.74342327056285e-19
 -9.19174512388217e-20 -3.00366807709475e-20 -9.55523551396466e-21
 -2.95198367692259e-21 -8.85024291484004e-22 -2.57301631327366e-22
 -7.24844833320523e-23 -1.97707510001120e-23 -5.21709232489775e-24
 -1.33077208694489e-24 -3.27855082103042e-25 -7.79447676706540e-26
 -1.78662237999992e-26 -3.94478407103197e-27 -8.38208333024047e-28
 -1.71238743491075e-28 -3.36004914230608e-29 -6.32621399711267e-30
 -1.14168557003431e-30
 (i6, f12.0, f18.0, f8.3, i6)
   670  60.0000000  0.02500000000000  28.000     2
 (3e22.14)
  2.99785627573422e-06  3.14822239435847e-06  3.30613016966885e-06
  3.47195782587790e-06  3.64610255336458e-06  3.82898145956288e-06
  4.02103256751086e-06  4.22271586444773e-06  4.43451440296639e-06
  4.65693545735412e-06  4.89051173788764e-06  5.13580266598148e-06
  5.39339571324481e-06  5.66390780763799e-06  5.94798681010478e-06
  6.24631306518648e-06  6.55960102936013e-06  6.88860098093621e-06
  7.23410081568921e-06  7.59692793238457e-06  7.97795121286751e-06
  8.37808310127808e-06  8.79828178750214e-06  9.23955349997383e-06
  9.70295491336786e-06  1.01895956768869e-05  1.07006410692405e-05
  1.12373147865653e-05  1.18009018700825e-05  1.23927517802839e-05
  1.30142816252358e-05  1.36669795504470e-05  1.43524082986175e-05
  1.50722089476040e-05  1.58281048356225e-05  1.66219056829800e-05
  1.74555119202674e-05  1.83309192331880e-05  1.92502233350959e-05
  2.02156249782947e-05  2.12294352164674e-05  2.22940809303504e-05
  2.34121106302039e-05  2.45862005486439e-05  2.58191610385270e-05
  2.71139432910140e-05  2.84736463899823e-05  2.99015247193462e-05
  3.14009957413210e-05  3.29756481636020e-05  3.46292505156138e-05
  3.63657601535227e-05  3.81893327160834e-05  4.01043320533863e-05
  4.21153406524142e-05  4.42271705840162e-05  4.64448749976150e-05
  4.87737601905745e-05  5.12193982815851e-05  5.37876405172751e-05
  5.64846312448626e-05  5.93168225828409e-05  6.22909898256240e-05
  6.54142476180081e-05  6.86940669383456e-05  7.21382929304209e-05
  7.57551636268333e-05  7.95533296076293e-05  8.35418746419429e-05
  8.77303373600599e-05  9.21287340092996e-05  9.67475823456355e-05
  1.01597926719482e-04  1.06691364413861e-04  1.12040073298157e-04
  1.17656840862397e-04  1.23555094701606e-04  1.29748934521214e-04
  1.36253165741022e-04  1.43083334775153e-04  1.50255766073565e-04
  1.57787601011005e-04  1.65696838716639e-04  1.74002378939670e-04
  1.82724067053925e-04  1.91882741305004e-04  2.01500282415444e-04
  2.11599665660211e-04  2.22205015540201e-04  2.33341663178663e-04
  2.45036206578637e-04  2.57316573881721e-04  2.70212089778385e-04
  2.83753545224631e-04  2.97973270631504e-04  3.12905212695860e-04
  3.28585015058435e-04  3.45050102971953e-04  3.62339772185243e-04
  3.80495282245911e-04  3.99559954444847e-04  4.19579274629539e-04
  4.40601001129211e-04  4.62675278041956e-04  4.85854754153201e-04
  5.10194707757400e-04  5.35753177683946e-04  5.62591100821989e-04
  5.90772456477314e-04  6.20364417887819e-04  6.51437511258324e-04
  6.84065782680735e-04  7.18326973331768e-04  7.54302703351434e-04
  7.92078664836867e-04  8.31744824389203e-04  8.73395635699154e-04
  9.17130262645070e-04  9.63052813440776e-04  1.01127258635805e-03
  1.06190432760463e-03  1.11506850194625e-03  1.17089157670344e-03
  1.22950631977080e-03  1.29105211235762e-03  1.35567527715169e-03
  1.42352942268734e-03  1.49477580467629e-03  1.56958370516464e-03
  1.64813083035622e-03  1.73060372803394e-03  1.81719822552118e-03
  1.90811988919345e-03  2.00358450657599e-03  2.10381859214611e-03
  2.20905991796241e-03  2.31955807036203e-03  2.43557503395397e-03
  2.55738580426128e-03  2.68527903037649e-03  2.81955768910280e-03
  2.96053979207310e-03  3.10855912748504e-03  3.26396603805450e-03
  3.42712823701396e-03  3.59843166390357e-03  3.77828138213650e-03
  3.96710252029626e-03  4.16534125929205e-03  4.37346586754683e-03
  4.59196778654304e-03  4.82136276908902e-03  5.06219207288628e-03
  5.31502371193854e-03  5.58045376867251e-03  5.85910776953075e-03
  6.15164212715433e-03  6.45874565223264e-03  6.78114113836219e-03
  7.11958702332551e-03  7.47487913043781e-03  7.84785249365632e-03
  8.23938327049714e-03  8.65039074671596e-03  9.08183943724779e-03
  9.53474128768993e-03  1.00101579811962e-02  1.05092033555548e-02
  1.10330459356433e-02  1.15829115865448e-02  1.21600862929758e-02
  1.27659190707260e-02  1.34018250163698e-02  1.40692885013166e-02
  1.47698665171489e-02  1.55051921787894e-02  1.62769783929896e-02
  1.70870216994179e-02  1.79372062922938e-02  1.88295082306058e-02
  1.97659998455262e-02  2.07488543536480e-02  2.17803506855597e-02
  2.28628785388746e-02  2.39989436662567e-02  2.51911734082081e-02
  2.64423224819219e-02  2.77552790370441e-02  2.91330709902316e-02
  3.05788726504442e-02  3.20960116477829e-02  3.36879761785822e-02
  3.53584225808718e-02  3.71111832534884e-02  3.89502749344370e-02
  4.08799073525921e-02  4.29044922693281e-02  4.50286529256849e-02
  4.72572339122933e-02  4.95953114791687e-02  5.20482043037790e-02
  5.46214847353807e-02  5.73209905358173e-02  6.01528371352605e-02
  6.31234304251287e-02  6.62394801075032e-02  6.95080136243873e-02
  7.29363906881227e-02  7.65323184367358e-02  8.03038672374137e-02
  8.42594871631750e-02  8.84080251666627e-02  9.27587429783795e-02
  9.73213357532191e-02  1.02105951495213e-01  1.07123211284774e-01
  1.12384230339211e-01  1.17900639933131e-01  1.23684610209018e-01
  1.29748873906614e-01  1.36106751042302e-01  1.42772174566919e-01
  1.49759717035429e-01  1.57084618316036e-01  1.64762814373243e-01
  1.72810967153281e-01  1.81246495605254e-01  1.90087607867189e-01
  1.99353334650793e-01  2.09063563851030e-01  2.19239076417282e-01
  2.29901583507646e-01  2.41073764963322e-01  2.52779309124205e-01
  2.65042954017089e-01  2.77890529939031e-01  2.91349003461775e-01
  3.05446522876402e-01  3.20212465102371e-01  3.35677484071631e-01
  3.51873560612127e-01  3.68834053829987e-01  3.86593754011264e-01
  4.05188937036308e-01  4.24657420314512e-01  4.45038620229509e-01
  4.66373611088314e-01  4.88705185553285e-01  5.12077916542155e-01
  5.36538220554416e-01  5.62134422404102e-01  5.88916821291183e-01
  6.16937758179517e-01  6.46251684396547e-01  6.76915231393007e-01
  7.08987281566158e-01  7.42529040053042e-01  7.77604107370659e-01
  8.14278552788325e-01  8.52620988265722e-01  8.92702642825915e-01
  9.34597437143748e-01  9.78382058190691e-01  1.02413603367971e+00
  1.07194180609195e+00  1.12188480600192e+00  1.17405352442040e+00
  1.22853958381889e+00  1.28543780751191e+00  1.34484628697903e+00
  1.40686644677059e+00  1.47160310648129e+00  1.53916453938298e+00
  1.60966252713395e+00  1.68321241005081e+00  1.75993313231167e+00
  1.83994728147222e+00  1.92338112156849e+00  2.01036461912152e+00
  2.10103146118187e+00  2.19551906467514e+00  2.29396857603729e+00
  2.39652486031697e+00  2.50333647863276e+00  2.61455565301732e+00
  2.73033821743546e+00  2.85084355392454e+00  2.97623451243965e+00
  3.10667731331657e+00  3.24234143077625e+00  3.38339945622739e+00
  3.53002693974105e+00  3.68240220829362e+00  3.84070615898524e+00
  4.00512202584411e+00  4.17583511818943e+00  4.35303252910319e+00
  4.53690281196084e+00  4.72763562335717e+00  4.92542133038983e+00
  5.13045058063034e+00  5.34291383250673e+00  5.56300084468951e+00
  5.79090012193956e+00  6.02679831614802e+00  6.27087958017887e+00
  6.52332487306086e+00  6.78431121454446e+00  7.05401088755729e+00
  7.33259058673812e+00  7.62021051201401e+00  7.91702340541881e+00
  8.22317353078532e+00  8.53879559461231e+00  8.86401360836267e+00
  9.19893969111841e+00  9.54367281323585e+00  9.89829748073326e+00
  1.02628823620787e+01  1.06374788573501e+01  1.10221196132227e+01
  1.14168169841170e+01  1.18215614443583e+01  1.22363199533406e+01
  1.26610342791109e+01  1.30956192847314e+01  1.35399611839221e+01
  1.39939157720236e+01  1.44573066411865e+01  1.49299233869168e+01
  1.54115198179775e+01  1.59018121780524e+01  1.64004773938084e+01
  1.69071513605879e+01  1.74214272819099e+01  1.79428540771367e+01
  1.84709348765294e+01  1.90051256190699e+01  1.95448337771867e+01
  2.00894172243222e+01  2.06381832729526e+01  2.11903879023636e+01
  2.17452352042497e+01  2.23018770692555e+01  2.28594131449136e+01
  2.34168910874786e+01  2.39733071433553e+01  2.45276070804646e+01
  2.50786875073241e+01  2.56253976020045e+01  2.61665412848550e+01
  2.67008798603387e+01  2.72271351575788e+01  2.77439931930406e+01
  2.82501083832830e+01  2.87441083245385e+01  2.92245991651601e+01
  2.96901715772207e+01  3.01394073513076e+01  3.05708866072391e+01
  3.09831956371115e+01  3.13749353643131e+01  3.17447304171366e+01
  3.20912387928172e+01  3.24131620912460e+01  3.27092562787559e+01
  3.29783429446667e+01  3.32193209893154e+01  3.34311786898124e+01
  3.36130060552364e+01  3.37640074028090e+01  3.38835140373189e+01
  3.39709969441363e+01  3.40260793590287e+01  3.40485490932634e+01
  3.40383704618594e+01  3.39956956697906e+01  3.39208754786135e+01
  3.38144689976337e+01  3.36772523984462e+01  3.35102263847625e+01
  3.33146222111149e+01  3.30919060664997e+01  3.28437816219628e+01
  3.25721905599783e+01  3.22793108876157e+01  3.19675528756978e+01
  3.16395524363832e+01  3.12981618184002e+01  3.09464374662041e+01
  3.05876249594004e+01  3.02251409410902e+01  2.98625520027225e+01
  2.95035505005921e+01  2.91519273558586e+01  2.88115418815749e+01
  2.84862887876613e+01  2.81800625000484e+01  2.78967190351431e+01
  2.76400356840096e+01  2.74136688373567e+01  2.72211103223232e+01
  2.70656426819798e+01  2.69502938757472e+01  2.68777919229920e+01
  2.68505200656007e+01  2.68704730537483e+01  2.69392151982328e+01
  2.70578408576504e+01  2.72269380447655e+01  2.74465558473370e+01
  2.77161763548775e+01  2.80346917747039e+01  2.84003873889273e+01
  2.88109309802504e+01  2.92633692884456e+01  2.97541320178820e+01
  3.02790438200117e+01  3.08333446074345e+01  3.14117184381773e+01
  3.20083311135275e+01  3.26168764924757e+01  3.32306314179220e+01
  3.38425189823380e+01  3.44451797432892e+01  3.50310503305230e+01
  3.55924487451753e+01  3.61216655021509e+01  3.66110596204999e+01
  3.70531583237097e+01  3.74407591936922e+01  3.77670333878435e+01
  3.80256284451515e+01  3.82107691072578e+01  3.83173545265999e+01
  3.83410501887211e+01  3.82783728640115e+01  3.81267669095714e+01
  3.78846703008627e+01  3.75515688185240e+01  3.71280369613024e+01
  3.66157642484072e+01  3.60175657930150e+01  3.53373761970126e+01
  3.45802260814645e+01  3.37522008125678e+01  3.28603813055380e+01
  3.19127670711453e+01  3.09181820565993e+01  2.98861641324731e+01
  2.88268394924786e+01  2.77507835486398e+01  2.66688702901994e+01
  2.55921123916903e+01  2.45314946709120e+01  2.34978037583165e+01
  2.25014570710597e+01  2.15523343207800e+01  2.06596149004007e+01
  1.98316244782386e+01  1.90756940754372e+01  1.83980347299661e+01
  1.78036306082565e+01  1.72961530961820e+01  1.68778979881406e+01
  1.65497474348206e+01  1.63111577660878e+01  1.61601737632528e+01
  1.60934693531461e+01  1.61064141094171e+01  1.61931643526877e+01
  1.63467770704167e+01  1.65593443333628e+01  1.68221453885887e+01
  1.71258131665758e+01  1.74605115702784e+01  1.78161196300819e+01
  1.81824184228704e+01  1.85492765783385e+01  1.89068302381122e+01
  1.92456534948207e+01  1.95569156213541e+01  1.98325217895507e+01
  2.00652344708382e+01  2.02487732784987e+01  2.03778916442900e+01
  2.04484293857313e+01  2.04573408978161e+01  2.04026993650828e+01
  2.02836780131014e+01  2.01005099842989e+01  1.98544289102811e+01
  1.95475926505783e+01  1.91829929660681e+01  1.87643540897461e+01
  1.82960232502281e+01  1.77828561951116e+01  1.72301006654213e+01
  1.66432805968481e+01  1.60280835789039e+01  1.53902538124788e+01
  1.47354924722080e+01  1.40693670291452e+01  1.33972307255824e+01
  1.27241530359714e+01  1.20548616024521e+01  1.13936958133113e+01
  1.07445718976341e+01  1.01109591544423e+01  9.49586671428053e+00
  8.90184004775870e+00  8.33096629916976e+00  7.78488741536352e+00
  7.26481997755178e+00  6.77158060935212e+00  6.30561583292704e+00
  5.86703527118935e+00  5.45564714158039e+00  5.07099505682248e+00
  4.71239523083102e+00  4.37897328497747e+00  4.06969995359627e+00
  3.78342509716293e+00  3.51890954191818e+00  3.27485437458191e+00
  3.04992742475413e+00  2.84278676936463e+00  2.65210118053733e+00
  2.47656752302361e+00  2.31492517565143e+00  2.16596761068071e+00
  2.02855131334474e+00  1.90160225848831e+00  1.78412018724052e+00
  1.67518094110242e+00  1.57393711608028e+00  1.47961729768129e+00
  1.39152412753267e+00  1.30903143836831e+00  1.23158067477605e+00
  1.15867679570732e+00  1.08988383116221e+00  1.02482024153583e+00
  9.63154204121528e-01  9.04598928663852e-01  8.48908082315236e-01
  7.95871385346906e-01  7.45310421746924e-01  6.97074694445718e-01
  6.51037942672183e-01  6.07094729313965e-01  5.65157298587362e-01
  5.25152698932215e-01  4.87020162280257e-01  4.50708728717249e-01
  4.16175104490056e-01  3.83381741285697e-01  3.52295125214155e-01
  3.22884264960443e-01  2.95119369559593e-01  2.68970707578200e-01
  2.44407640255544e-01  2.21397822019105e-01  1.99906562108672e-01
  1.79896341050438e-01  1.61326475444887e-01  1.44152923761651e-01
  1.28328224973681e-01  1.13801560554917e-01  1.00518929203704e-01
  8.84234221516820e-02  7.74555857686914e-02  6.75538569386221e-02
  5.86550558433517e-02  5.06949201657765e-02  4.36086645252853e-02
  3.73315491148496e-02  3.17994421228919e-02  2.69493615125268e-02
  2.27199831362872e-02  1.90521038760345e-02  1.58890505082997e-02
  1.31770271760243e-02  1.08653966571877e-02  8.90689293038613e-03
  7.25776479057771e-03  5.87785235539545e-03  4.73060017264445e-03
  3.78301221674541e-03  3.00555531853088e-03  2.37201847217147e-03
  1.85933601018845e-03  1.44738283492700e-03  1.11874977616016e-03
  8.58506744977999e-04  6.53960725542290e-04  4.94414841326370e-04
  3.70933811087967e-04  2.76120123364257e-04  2.03904264298871e-04
  1.49351368101688e-04  1.08485772756079e-04  7.81341614661026e-05
  5.57873006735860e-05  3.94798242065357e-05  2.76870864163172e-05
  1.92378078006355e-05  1.32410218501567e-05  9.02575398615626e-06
  6.09181973731066e-06  4.07018907044902e-06  2.69144424235856e-06
  1.76098429384460e-06  1.13977093607917e-06  7.29559923898576e-07
  4.61712350810804e-07  2.88822752911508e-07  1.78533370692162e-07
  1.09021063028603e-07  6.57469775743929e-08  3.91455826269928e-08
  2.30035713153557e-08  1.33374343929499e-08  7.62729566542367e-09
  4.30070533708780e-09  2.39018081261236e-09  1.30881985085723e-09
  7.05891262058968e-10  3.74818462218378e-10  1.95874594019338e-10
  1.00696882556327e-10  5.09049473399934e-11  2.52951390317913e-11
  1.23498178673225e-11  5.92156770197374e-12  2.78719246196119e-12
  1.28720537524690e-12  5.83002933841885e-13  2.58834343481773e-13
  1.12585521834009e-13  4.79542641398603e-14  1.99906276761642e-14
  8.15169379187379e-15  3.24966140059076e-15  1.26582248017170e-15
  4.81640983134917e-16  1.78866197185778e-16  6.47895171866120e-17
  2.28762065791088e-17  7.86854363678770e-18  2.63486385045452e-18
  8.58440138522259e-19  2.71789789061715e-19  8.36089081672481e-20
  2.49674326778770e-20  7.23227543190593e-21  2.03060661220279e-21
  5.52189947235486e-22  1.45317207557830e-22  3.69791697733658e-23
  9.09172133460196e-24  2.15780702708073e-24  4.93942654873951e-25
  1.08955430597219e-25  2.31383044187033e-26  4.72625433505330e-27
  9.27659782161857e-28  1.74791382547959e-28  3.15845539779165e-29
  5.46772632503809e-30
  8.57961410427236e-25  9.78774144905159e-25  1.11659446390660e-24
  1.27381588436570e-24  1.45316864773161e-24  1.65776706980473e-24
  1.89116354536354e-24  2.15741014227810e-24  2.46112885099420e-24
  2.80759170481419e-24  3.20281215703471e-24  3.65364929532970e-24
  4.16792669558399e-24  4.75456797009110e-24  5.42375135326384e-24
  6.18708599655182e-24  7.05781301886146e-24  8.05103478583490e-24
  9.18397637817175e-24  1.04762837642517e-23  1.19503638249096e-23
  1.36317720996192e-23  1.55496549453522e-23  1.77372537367112e-23
  2.02324798041465e-23  2.30785700247530e-23  2.63248343681409e-23
  3.00275082817140e-23  3.42507246028735e-23  3.90676217405168e-23
  4.45616072103702e-23  5.08277982777134e-23  5.79746645032104e-23
  6.61259004535468e-23  7.54225607895990e-23  8.60254944456126e-23
  9.81181197428835e-23  1.11909588125866e-22  1.27638390868452e-22
  1.45576470685761e-22  1.66033908832465e-22  1.89364268117363e-22
  2.15970683485799e-22  2.46312804604083e-22  2.80914709442783e-22
  3.20373924443852e-22  3.65371705752445e-22  4.16684757516129e-22
  4.75198587769813e-22  5.41922730342354e-22  6.18008093021795e-22
  7.04766728425659e-22  8.03694365263707e-22  9.16496084638617e-22
  1.04511557950293e-21  1.19176849627305e-21  1.35898042692538e-21
  1.54963019881406e-21  1.76699919931009e-21  2.01482757462697e-21
  2.29737825864394e-21  2.61950992005094e-21  2.98676006698711e-21
  3.40543972001373e-21  3.88274125964653e-21  4.42686127698605e-21
  5.04714050900854e-21  5.75422322791376e-21  6.56023878147894e-21
  7.47900835396833e-21  8.52628044104672e-21  9.71999901433822e-21
  1.10806088997159e-20  1.26314035172446e-20  1.43989208400510e-20
  1.64133942362463e-20  1.87092657752609e-20  2.13257706230678e-20
  2.43076023365327e-20  2.77056702152279e-20  3.15779614013216e-20
  3.59905221599900e-20  4.10185747520255e-20  4.67477885600194e-20
  5.32757266853240e-20  6.07134921372995e-20  6.91876010356432e-20
  7.88421139945279e-20  8.98410611144261e-20  1.02371200842217e-19
  1.16645158451156e-19  1.32904996125973e-19  1.51426273717654e-19
  1.72522667267058e-19  1.96551221518293e-19  2.23918322994620e-19
  2.55086491957720e-19  2.90582104901127e-19  3.31004174352965e-19
  3.77034329918950e-19  4.29448163957062e-19  4.89128127344394e-19
  5.57078185822940e-19  6.34440475784220e-19  7.22514230520834e-19
  8.22777284429153e-19  9.36910503970975e-19  1.06682554102033e-18
  1.21469635727047e-18  1.38299502846803e-18  1.57453240530246e-18
  1.79250428485462e-18  2.04054383377866e-18  2.32278110318708e-18
  2.64391058703450e-18  3.00926790234659e-18  3.42491681283668e-18
  3.89774797944400e-18  4.43559100455980e-18  5.04734154392520e-18
  5.74310549447351e-18  6.53436253125982e-18  7.43415156598145e-18
  8.45728103788772e-18  9.62056733009289e-18  1.09431050360466e-17
  1.24465732885318e-17  1.41555829141058e-17  1.60980697974875e-17
  1.83057405418708e-17  2.08145773028072e-17  2.36654095663842e-17
  2.69045616498173e-17  3.05845858385823e-17  3.47650923550785e-17
  3.95136887974656e-17  4.49070433144637e-17  5.10320876149018e-17
  5.79873779758591e-17  6.58846347385609e-17  7.48504833995084e-17
  8.50284233513487e-17  9.65810536449023e-17  1.09692588874851e-16
  1.24571702489571e-16  1.41454739545031e-16  1.60609346229940e-16
  1.82338569453781e-16  2.06985486492049e-16  2.34938432213350e-16
  2.66636899869711e-16  3.02578200929643e-16  3.43324980091619e-16
  3.89513693584326e-16  4.41864172280221e-16  5.01190406212226e-16
  5.68412703968471e-16  6.44571399376295e-16  7.30842299108342e-16
  8.28554088629572e-16  9.39207940542614e-16  1.06449959924140e-15
  1.20634424918645e-15  1.36690451153912e-15  1.54862195574648e-15
  1.75425255952600e-15  1.98690660309582e-15  2.25009354211634e-15
  2.54777246931655e-15  2.88440884806571e-15  3.26503828296652e-15
  3.69533818405976e-15  4.18170828335726e-15  4.73136107656818e-15
  5.35242339020570e-15  6.05405041660541e-15  6.84655371790657e-15
  7.74154487736201e-15  8.75209667369426e-15  9.89292387469179e-15
  1.11805859918506e-14  1.26337146118664e-14  1.42732682259562e-14
  1.61228178185437e-14  1.82088668554998e-14  2.05612097351377e-14
  2.32133332348991e-14  2.62028660112149e-14  2.95720817929066e-14
  3.33684625582977e-14  3.76453287085876e-14  4.24625440555459e-14
  4.78873043353322e-14  5.39950189583588e-14  6.08702968113254e-14
  6.86080481618108e-14  7.73147160860620e-14  8.71096523654990e-14
  9.81266544936466e-14  1.10515682318599e-13  1.24444774946352e-13
  1.40102190853085e-13  1.57698796755162e-13  1.77470733653204e-13
  1.99682391676927e-13  2.24629728908012e-13  2.52643973312277e-13
  2.84095751309733e-13  3.19399691384309e-13  3.59019556572566e-13
  4.03473965686811e-13  4.53342769839448e-13  5.09274158273240e-13
  5.71992575781816e-13  6.42307543194491e-13  7.21123482630803e-13
  8.09450660566159e-13  9.08417374411772e-13  1.01928352229501e-12
  1.14345571138067e-12  1.28250407736710e-12  1.43818100710773e-12
  1.61244197772247e-12  1.80746874943926e-12  2.02569517586353e-12
  2.26983592496514e-12  2.54291843676875e-12  2.84831848036613e-12
  3.18979971341398e-12  3.57155769255885e-12  3.99826883358152e-12
  4.47514487608521e-12  5.00799347011724e-12  5.60328557143301e-12
  6.26823041007727e-12  7.01085888274481e-12  7.84011631639863e-12
  8.76596565745305e-12  9.79950226106018e-12  1.09530815885306e-11
  1.22404612703787e-11  1.36769591587970e-11  1.52796291800262e-11
  1.70674570044670e-11  1.90615777853897e-11  2.12855184767230e-11
  2.37654675313225e-11  2.65305751065078e-11  2.96132872679705e-11
  3.30497180911670e-11  3.68800640165971e-11  4.11490653276051e-11
  4.59065201948453e-11  5.12078573749993e-11  5.71147743778109e-11
  6.36959487251959e-11  7.10278308435859e-11  7.91955281544301e-11
  8.82937910853973e-11  9.84281130235105e-11  1.09715957696388e-10
  1.22288129114842e-10  1.36290301071657e-10  1.51884725283184e-10
  1.69252139628922e-10  1.88593900610412e-10  2.10134367167672e-10
  2.34123566396187e-10  2.60840175562272e-10  2.90594859166374e-10
  3.23734004742696e-10  3.60643906658351e-10  4.01755453509563e-10
  4.47549381876620e-10  4.98562167333035e-10  5.55392632829954e-10
  6.18709365047735e-10  6.89259041195460e-10  7.67875782257811e-10
  8.55491664030906e-10  9.53148534764485e-10  1.06201130808101e-09
  1.18338292244724e-09  1.31872118421544e-09  1.46965774055125e-09
  1.63801946195755e-09  1.82585255215332e-09  2.03544974646703e-09
  2.26938100933533e-09  2.53052819800446e-09  2.82212422381456e-09
  3.14779731608796e-09  3.51162107739913e-09  3.91817111492445e-09
  4.37258914192856e-09  4.88065556850691e-09  5.44887174336483e-09
  6.08455317199603e-09  6.79593522234906e-09  7.59229304360237e-09
  8.48407766560152e-09  9.48307052696850e-09  1.06025589970291e-08
  1.18575358217755e-08  1.32649258398952e-08  1.48438437925623e-08
  1.66158875922959e-08  1.86054720433564e-08  2.08402087129071e-08
  2.33513384709107e-08  2.61742241443990e-08  2.93489117967287e-08
  3.29207703594910e-08  3.69412207317077e-08  4.14685670571825e-08
  4.65689446917362e-08  5.23174014663704e-08  5.87991311988825e-08
  6.61108811302222e-08  7.43625580387907e-08  8.36790613220976e-08
  9.42023753382438e-08  1.06093957934339e-07  1.19537467256752e-07
  1.34741874993175e-07  1.51945020924113e-07  1.71417671473274e-07
  1.93468153758101e-07  2.18447646702932e-07  2.46756222248968e-07
  2.78849742668894e-07  3.15247734954682e-07  3.56542379845931e-07
  4.03408772547977e-07  4.56616633586033e-07  5.17043673198360e-07
  5.85690840523898e-07  6.63699720694204e-07  7.52372378784734e-07
  8.53193990507408e-07  9.67858645962123e-07  1.09829876360539e-06
  1.24671861313442e-06  1.41563251028015e-06  1.60790832148013e-06
  1.82681700708724e-06  2.07608901505429e-06  2.35997846279110e-06
  2.68333614571076e-06  3.05169256748680e-06  3.47135232368606e-06
  3.94950135309608e-06  4.49432876227130e-06  5.11516513630050e-06
  5.82263950876129e-06  6.62885741054821e-06  7.54760274562573e-06
  8.59456654976912e-06  9.78760609750077e-06  1.11470381975019e-05
  1.26959710323654e-05  1.44606793544585e-05  1.64710284851007e-05
  1.87609531197892e-05  2.13689977303882e-05  2.43389260159236e-05
  2.77204078146771e-05  3.15697927229919e-05  3.59509807245238e-05
  4.09364013090517e-05  4.66081136156924e-05  5.30590416968332e-05
  6.03943601932762e-05  6.87330475022030e-05  7.82096250261032e-05
  8.89761031236054e-05  1.01204156022505e-04  1.15087550560687e-04
  1.30844855236814e-04  1.48722459075814e-04  1.68997931833535e-04
  1.91983760115759e-04  2.18031496294151e-04  2.47536361002163e-04
  2.80942341175270e-04  3.18747831391390e-04  3.61511866283238e-04
  4.09860997855716e-04  4.64496872676354e-04  5.26204568040977e-04
  5.95861748738991e-04  6.74448709300509e-04  7.63059368325339e-04
  8.62913284907553e-04  9.75368767379413e-04  1.10193714691885e-03
  1.24429828873858e-03  1.40431741228730e-03  1.58406329168444e-03
  1.78582790484439e-03  2.01214759287547e-03  2.26582579181545e-03
  2.54995738313659e-03  2.86795470718140e-03  3.22357526782110e-03
  3.62095114183356e-03  4.06462009208603e-03  4.55955836163792e-03
  5.11121509900983e-03  5.72554834543419e-03  6.40906247420002e-03
  7.16884694307215e-03  8.01261618356493e-03  8.94875039524977e-03
  9.98633697944372e-03  1.11352122862105e-02  1.24060032797095e-02
  1.38101686991332e-02  1.53600391708495e-02  1.70688557112396e-02
  1.89508059508874e-02  2.10210573292649e-02  2.32957864607021e-02
  2.57922037388767e-02  2.85285722155902e-02  3.15242196283796e-02
  3.47995425157536e-02  3.83760010125036e-02  4.22761032216666e-02
  4.65233775648923e-02  5.11423318393977e-02  5.61583974005326e-02
  6.15978569910308e-02  6.74877546980251e-02  7.38557865324310e-02
  8.07301702022862e-02  8.81394926492212e-02  9.61125341881141e-02
  1.04678068049207e-01  1.13864634534180e-01  1.23700289105926e-01
  1.34212324073004e-01  1.45426964044907e-01  1.57369035402053e-01
  1.70061611029995e-01  1.83525631530786e-01  1.97779505112015e-01
  2.12838688833090e-01  2.28715254388479e-01  2.45417442540512e-01
  2.62949210683668e-01  2.81309778792692e-01  3.00493179586588e-01
  3.20487819136578e-01  3.41276054815709e-01  3.62833797633509e-01
  3.85130146482326e-01  4.08127062036273e-01  4.31779088185042e-01
  4.56033129272484e-01  4.80828291445530e-01  5.06095796928280e-01
  5.31758980048638e-01  5.57733374331540e-01  5.83926899799761e-01
  6.10240159470238e-01  6.36566853238411e-01  6.62794315850062e-01
  6.88804183590125e-01  7.14473191422900e-01  7.39674098756070e-01
  7.64276738207768e-01  7.88149177432825e-01  8.11158980060562e-01
  8.33174547834963e-01  8.54066522287744e-01  8.73709221846502e-01
  8.91982087136670e-01  9.08771106648251e-01  9.23970193434287e-01
  9.37482484391422e-01  9.49221534461606e-01  9.59112380347211e-01
  9.67092451186721e-01  9.73112307267308e-01  9.77136192106997e-01
  9.79142387909023e-01  9.79123369308854e-01  9.77085755387743e-01
  9.73050064772785e-01  9.67050283322871e-01  9.59133258003988e-01
  9.49357934216346e-01  9.37794456684398e-01  9.24523156248756e-01
  9.09633446218975e-01  8.93222652618779e-01  8.75394802446861e-01
  8.56259393332432e-01  8.35930166476647e-01  8.14523902941897e-01
  7.92159260995602e-01  7.68955669741957e-01  7.45032291514638e-01
  7.20507062844879e-01  6.95495821066719e-01  6.70111521212788e-01
  6.44463545198847e-01  6.18657104235375e-01  5.92792731320344e-01
  5.66965862958428e-01  5.41266503194267e-01  5.15778967505982e-01
  4.90581698394155e-01  4.65747148220532e-01  4.41341722004157e-01
  4.17425774175113e-01  3.94053653203379e-01  3.71273787916546e-01
  3.49128810176348e-01  3.27655708555713e-01  3.06886008285769e-01
  2.86845973139619e-01  2.67556825264631e-01  2.49034979536068e-01
  2.31292289136380e-01  2.14336299883205e-01  1.98170510499175e-01
  1.82794637029816e-01  1.68204879258704e-01  1.54394187573075e-01
  1.41352528751598e-01  1.29067149294421e-01  1.17522835095298e-01
  1.06702166308726e-01  9.65857663567790e-02  8.71525441357904e-02
  7.83799285047931e-02  7.02440942809970e-02  6.27201790031962e-02
  5.57824898554097e-02  4.94047002173683e-02  4.35600354271427e-02
  3.82214474329685e-02  3.33617781254872e-02  2.89539112268273e-02
  2.49709127193893e-02  2.13861598663599e-02  1.81734589640243e-02
  1.53071520183412e-02  1.27622126015000e-02  1.05143311793502e-02
  8.53999024036950e-03  6.81652957448267e-03  5.32220207077824e-03
  4.03622040620340e-03  2.93879500343962e-03  2.01116362186657e-03
  1.23561299005045e-03  5.95492773982159e-04  7.52222587209195e-05
 -3.39709844169249e-04 -6.62752222102957e-04 -9.06304006516478e-04
 -1.08173370893432e-03 -1.19940368338945e-03 -1.26869973617461e-03
 -1.29806548309704e-03 -1.29504102775229e-03 -1.26630550433070e-03
 -1.21772299745189e-03 -1.15439131963510e-03 -1.08069309556790e-03
 -1.00034857985251e-03 -9.16469610586797e-04 -8.31614093524304e-04
 -7.47840408183599e-04 -6.66761135951741e-04 -5.89595533782707e-04
 -5.17220210116232e-04 -4.50217505963952e-04 -3.88921141775321e-04
 -3.33458757624564e-04 -2.83791049261567e-04 -2.39747282551786e-04
 -2.01057051697446e-04 -1.67378229062395e-04 -1.38321134064986e-04
 -1.13469022479370e-04 -9.23950636138678e-05 -7.46760290806455e-05
 -5.99029621122246e-05 -4.76891296296393e-05 -3.76755804814352e-05
 -2.95346426426553e-05 -2.29716906591488e-05 -1.77255033712323e-05
 -1.35675126184671e-05 -1.03002178873971e-05 -7.75501163440020e-06
 -5.78962697326072e-06 -4.28538557296319e-06 -3.14438980844429e-06
 -2.28677174495375e-06 -1.64808203281388e-06 -1.17687615777033e-06
 -8.32533531928583e-07 -5.83326199253048e-07 -4.04740254412147e-07
 -2.78041386036935e-07 -1.89068902641212e-07 -1.27237274242397e-07
 -8.47216939310203e-08 -5.58032837813536e-08 -3.63500429503205e-08
 -2.34110921180834e-08 -1.49038270554582e-08 -9.37599557603387e-09
 -5.82721062372403e-09 -3.57687928298368e-09 -2.16780704899446e-09
 -1.29681678841405e-09 -7.65495721227990e-10 -4.45732602952445e-10
 -2.55934691097800e-10 -1.44864541562480e-10 -8.08009588629274e-11
 -4.43962415187139e-11 -2.40201329283669e-11 -1.27925406037667e-11
 -6.70352743179907e-12 -3.45498748552604e-12 -1.75073097430741e-12
 -8.71849899012090e-13 -4.26506775538106e-13 -2.04870738757407e-13
 -9.65843601759461e-14 -4.46688451420505e-14 -2.02566159975976e-14
 -9.00287527330664e-15 -3.91949767767720e-15 -1.67067480847744e-15
 -6.96843781197588e-16 -2.84262021944429e-16 -1.13343482423210e-16
 -4.41538332959466e-17 -1.68029553246487e-17 -6.23995001218272e-18
 -2.25991841372951e-18 -7.97724997730226e-19 -2.74342327056285e-19
 -9.19174512388217e-20 -3.00366807709475e-20 -9.55523551396466e-21
 -2.95198367692259e-21 -8.85024291484004e-22 -2.57301631327366e-22
 -7.24844833320523e-23 -1.97707510001120e-23 -5.21709232489775e-24
 -1.33077208694489e-24 -3.27855082103042e-25 -7.79447676706540e-26
 -1.78662237999992e-26 -3.94478407103197e-27 -8.38208333024047e-28
 -1.71238743491075e-28 -3.36004914230608e-29 -6.32621399711267e-30
 -1.14168557003431e-30
 (i6, f12.0, f18.0, f8.3, i6)
   670  60.0000000  0.02500000000000  28.000     2
 (3e22.14)
  2.99785627573422e-06  3.14822239435847e-06  3.30613016966885e-06
  3.47195782587790e-06  3.64610255336458e-06  3.82898145956288e-06
  4.02103256751086e-06  4.22271586444773e-06  4.43451440296639e-06
  4.65693545735412e-06  4.89051173788764e-06  5.13580266598148e-06
  5.39339571324481e-06  5.66390780763799e-06  5.94798681010478e-06
  6.24631306518648e-06  6.55960102936013e-06  6.88860098093621e-06
  7.23410081568921e-06  7.59692793238457e-06  7.97795121286751e-06
  8.37808310127808e-06  8.79828178750214e-06  9.23955349997383e-06
  9.70295491336786e-06  1.01895956768869e-05  1.07006410692405e-05
  1.12373147865653e-05  1.18009018700825e-05  1.23927517802839e-05
  1.30142816252358e-05  1.36669795504470e-05  1.43524082986175e-05
  1.50722089476040e-05  1.58281048356225e-05  1.66219056829800e-05
  1.74555119202674e-05  1.83309192331880e-05  1.92502233350959e-05
  2.02156249782947e-05  2.12294352164674e-05  2.22940809303504e-05
  2.34121106302039e-05  2.45862005486439e-05  2.58191610385270e-05
  2.71139432910140e-05  2.84736463899823e-05  2.99015247193462e-05
  3.14009957413210e-05  3.29756481636020e-05  3.46292505156138e-05
  3.63657601535227e-05  3.81893327160834e-05  4.01043320533863e-05
  4.21153406524142e-05  4.42271705840162e-05  4.64448749976150e-05
  4.87737601905745e-05  5.12193982815851e-05  5.37876405172751e-05
  5.64846312448626e-05  5.93168225828409e-05  6.22909898256240e-05
  6.54142476180081e-05  6.86940669383456e-05  7.21382929304209e-05
  7.57551636268333e-05  7.95533296076293e-05  8.35418746419429e-05
  8.77303373600599e-05  9.21287340092996e-05  9.67475823456355e-05
  1.01597926719482e-04  1.06691364413861e-04  1.12040073298157e-04
  1.17656840862397e-04  1.23555094701606e-04  1.29748934521214e-04
  1.36253165741022e-04  1.43083334775153e-04  1.50255766073565e-04
  1.57787601011005e-04  1.65696838716639e-04  1.74002378939670e-04
  1.82724067053925e-04  1.91882741305004e-04  2.01500282415444e-04
  2.11599665660211e-04  2.22205015540201e-04  2.33341663178663e-04
  2.45036206578637e-04  2.57316573881721e-04  2.70212089778385e-04
  2.83753545224631e-04  2.97973270631504e-04  3.12905212695860e-04
  3.28585015058435e-04  3.45050102971953e-04  3.62339772185243e-04
  3.80495282245911e-04  3.99559954444847e-04  4.19579274629539e-04
  4.40601001129211e-04  4.62675278041956e-04  4.85854754153201e-04
  5.10194707757400e-04  5.35753177683946e-04  5.62591100821989e-04
  5.90772456477314e-04  6.20364417887819e-04  6.51437511258324e-04
  6.84065782680735e-04  7.18326973331768e-04  7.54302703351434e-04
  7.92078664836867e-04  8.31744824389203e-04  8.73395635699154e-04
  9.17130262645070e-04  9.63052813440776e-04  1.01127258635805e-03
  1.06190432760463e-03  1.11506850194625e-03  1.17089157670344e-03
  1.22950631977080e-03  1.29105211235762e-03  1.35567527715169e-03
  1.42352942268734e-03  1.49477580467629e-03  1.56958370516464e-03
  1.64813083035622e-03  1.73060372803394e-03  1.81719822552118e-03
  1.90811988919345e-03  2.00358450657599e-03  2.10381859214611e-03
  2.20905991796241e-03  2.31955807036203e-03  2.43557503395397e-03
  2.55738580426128e-03  2.68527903037649e-03  2.81955768910280e-03
  2.96053979207310e-03  3.10855912748504e-03  3.26396603805450e-03
  3.42712823701396e-03  3.59843166390357e-03  3.77828138213650e-03
  3.96710252029626e-03  4.16534125929205e-03  4.37346586754683e-03
  4.59196778654304e-03  4.82136276908902e-03  5.06219207288628e-03
  5.31502371193854e-03  5.58045376867251e-03  5.85910776953075e-03
  6.15164212715433e-03  6.45874565223264e-03  6.78114113836219e-03
  7.11958702332551e-03  7.47487913043781e-03  7.84785249365632e-03
  8.23938327049714e-03  8.65039074671596e-03  9.08183943724779e-03
  9.53474128768993e-03  1.00101579811962e-02  1.05092033555548e-02
  1.10330459356433e-02  1.15829115865448e-02  1.21600862929758e-02
  1.27659190707260e-02  1.34018250163698e-02  1.40692885013166e-02
  1.47698665171489e-02  1.55051921787894e-02  1.62769783929896e-02
  1.70870216994179e-02  1.79372062922938e-02  1.88295082306058e-02
  1.97659998455262e-02  2.07488543536480e-02  2.17803506855597e-02
  2.28628785388746e-02  2.39989436662567e-02  2.51911734082081e-02
  2.64423224819219e-02  2.77552790370441e-02  2.91330709902316e-02
  3.05788726504442e-02  3.20960116477829e-02  3.36879761785822e-02
  3.53584225808718e-02  3.71111832534884e-02  3.89502749344370e-02
  4.08799073525921e-02  4.29044922693281e-02  4.50286529256849e-02
  4.72572339122933e-02  4.95953114791687e-02  5.20482043037790e-02
  5.46214847353807e-02  5.73209905358173e-02  6.01528371352605e-02
  6.31234304251287e-02  6.62394801075032e-02  6.95080136243873e-02
  7.29363906881227e-02  7.65323184367358e-02  8.03038672374137e-02
  8.42594871631750e-02  8.84080251666627e-02  9.27587429783795e-02
  9.73213357532191e-02  1.02105951495213e-01  1.07123211284774e-01
  1.12384230339211e-01  1.17900639933131e-01  1.23684610209018e-01
  1.29748873906614e-01  1.36106751042302e-01  1.42772174566919e-01
  1.49759717035429e-01  1.57084618316036e-01  1.64762814373243e-01
  1.72810967153281e-01  1.81246495605254e-01  1.90087607867189e-01
  1.99353334650793e-01  2.09063563851030e-01  2.19239076417282e-01
  2.29901583507646e-01  2.41073764963322e-01  2.52779309124205e-01
  2.65042954017089e-01  2.77890529939031e-01  2.91349003461775e-01
  3.05446522876402e-01  3.20212465102371e-01  3.35677484071631e-01
  3.51873560612127e-01  3.68834053829987e-01  3.86593754011264e-01
  4.05188937036308e-01  4.24657420314512e-01  4.45038620229509e-01
  4.66373611088314e-01  4.88705185553285e-01  5.12077916542155e-01
  5.36538220554416e-01  5.62134422404102e-01  5.88916821291183e-01
  6.16937758179517e-01  6.46251684396547e-01  6.76915231393007e-01
  7.08987281566158e-01  7.42529040053042e-01  7.77604107370659e-01
  8.14278552788325e-01  8.52620988265722e-01  8.92702642825915e-01
  9.34597437143748e-01  9.78382058190691e-01  1.02413603367971e+00
  1.07194180609195e+00  1.12188480600192e+00  1.17405352442040e+00
  1.22853958381889e+00  1.28543780751191e+00  1.34484628697903e+00
  1.40686644677059e+00  1.47160310648129e+00  1.53916453938298e+00
  1.60966252713395e+00  1.68321241005081e+00  1.75993313231167e+00
  1.83994728147222e+00  1.92338112156849e+00  2.01036461912152e+00
  2.10103146118187e+00  2.19551906467514e+00  2.29396857603729e+00
  2.39652486031697e+00  2.50333647863276e+00  2.61455565301732e+00
  2.73033821743546e+00  2.85084355392454e+00  2.97623451243965e+00
  3.10667731331657e+00  3.24234143077625e+00  3.38339945622739e+00
  3.53002693974105e+00  3.68240220829362e+00  3.84070615898524e+00
  4.00512202584411e+00  4.17583511818943e+00  4.35303252910319e+00
  4.53690281196084e+00  4.72763562335717e+00  4.92542133038983e+00
  5.13045058063034e+00  5.34291383250673e+00  5.56300084468951e+00
  5.79090012193956e+00  6.02679831614802e+00  6.27087958017887e+00
  6.52332487306086e+00  6.78431121454446e+00  7.05401088755729e+00
  7.33259058673812e+00  7.62021051201401e+00  7.91702340541881e+00
  8.22317353078532e+00  8.53879559461231e+00  8.86401360836267e+00
  9.19893969111841e+00  9.54367281323585e+00  9.89829748073326e+00
  1.02628823620787e+01  1.06374788573501e+01  1.10221196132227e+01
  1.14168169841170e+01  1.18215614443583e+01  1.22363199533406e+01
  1.26610342791109e+01  1.30956192847314e+01  1.35399611839221e+01
  1.39939157720236e+01  1.44573066411865e+01  1.49299233869168e+01
  1.54115198179775e+01  1.59018121780524e+01  1.64004773938084e+01
  1.69071513605879e+01  1.74214272819099e+01  1.79428540771367e+01
  1.84709348765294e+01  1.90051256190699e+01  1.95448337771867e+01
  2.00894172243222e+01  2.06381832729526e+01  2.11903879023636e+01
  2.17452352042497e+01  2.23018770692555e+01  2.28594131449136e+01
  2.34168910874786e+01  2.39733071433553e+01  2.45276070804646e+01
  2.50786875073241e+01  2.56253976020045e+01  2.61665412848550e+01
  2.67008798603387e+01  2.72271351575788e+01  2.77439931930406e+01
  2.82501083832830e+01  2.87441083245385e+01  2.92245991651601e+01
  2.96901715772207e+01  3.01394073513076e+01  3.05708866072391e+01
  3.09831956371115e+01  3.13749353643131e+01  3.17447304171366e+01
  3.20912387928172e+01  3.24131620912460e+01  3.27092562787559e+01
  3.29783429446667e+01  3.32193209893154e+01  3.34311786898124e+01
  3.36130060552364e+01  3.37640074028090e+01  3.38835140373189e+01
  3.39709969441363e+01  3.40260793590287e+01  3.40485490932634e+01
  3.40383704618594e+01  3.39956956697906e+01  3.39208754786135e+01
  3.38144689976337e+01  3.36772523984462e+01  3.35102263847625e+01
  3.33146222111149e+01  3.30919060664997e+01  3.28437816219628e+01
  3.25721905599783e+01  3.22793108876157e+01  3.19675528756978e+01
  3.16395524363832e+01  3.12981618184002e+01  3.09464374662041e+01
  3.05876249594004e+01  3.02251409410902e+01  2.98625520027225e+01
  2.95035505005921e+01  2.91519273558586e+01  2.88115418815749e+01
  2.84862887876613e+01  2.81800625000484e+01  2.78967190351431e+01
  2.76400356840096e+01  2.74136688373567e+01  2.72211103223232e+01
  2.70656426819798e+01  2.69502938757472e+01  2.68777919229920e+01
  2.68505200656007e+01  2.68704730537483e+01  2.69392151982328e+01
  2.70578408576504e+01  2.72269380447655e+01  2.74465558473370e+01
  2.77161763548775e+01  2.80346917747039e+01  2.84003873889273e+01
  2.88109309802504e+01  2.92633692884456e+01  2.97541320178820e+01
  3.02790438200117e+01  3.08333446074345e+01  3.14117184381773e+01
  3.20083311135275e+01  3.26168764924757e+01  3.32306314179220e+01
  3.38425189823380e+01  3.44451797432892e+01  3.50310503305230e+01
  3.55924487451753e+01  3.61216655021509e+01  3.66110596204999e+01
  3.70531583237097e+01  3.74407591936922e+01  3.77670333878435e+01
  3.80256284451515e+01  3.82107691072578e+01  3.83173545265999e+01
  3.83410501887211e+01  3.82783728640115e+01  3.81267669095714e+01
  3.78846703008627e+01  3.75515688185240e+01  3.71280369613024e+01
  3.66157642484072e+01  3.60175657930150e+01  3.53373761970126e+01
  3.45802260814645e+01  3.37522008125678e+01  3.28603813055380e+01
  3.19127670711453e+01  3.09181820565993e+01  2.98861641324731e+01
  2.88268394924786e+01  2.77507835486398e+01  2.66688702901994e+01
  2.55921123916903e+01  2.45314946709120e+01  2.34978037583165e+01
  2.25014570710597e+01  2.15523343207800e+01  2.06596149004007e+01
  1.98316244782386e+01  1.90756940754372e+01  1.83980347299661e+01
  1.78036306082565e+01  1.72961530961820e+01  1.68778979881406e+01
  1.65497474348206e+01  1.63111577660878e+01  1.61601737632528e+01
  1.60934693531461e+01  1.61064141094171e+01  1.61931643526877e+01
  1.63467770704167e+01  1.65593443333628e+01  1.68221453885887e+01
  1.71258131665758e+01  1.74605115702784e+01  1.78161196300819e+01
  1.81824184228704e+01  1.85492765783385e+01  1.89068302381122e+01
  1.92456534948207e+01  1.95569156213541e+01  1.98325217895507e+01
  2.00652344708382e+01  2.02487732784987e+01  2.03778916442900e+01
  2.04484293857313e+01  2.04573408978161e+01  2.04026993650828e+01
  2.02836780131014e+01  2.01005099842989e+01  1.98544289102811e+01
  1.95475926505783e+01  1.91829929660681e+01  1.87643540897461e+01
  1.82960232502281e+01  1.77828561951116e+01  1.72301006654213e+01
  1.66432805968481e+01  1.60280835789039e+01  1.53902538124788e+01
  1.47354924722080e+01  1.40693670291452e+01  1.33972307255824e+01
  1.27241530359714e+01  1.20548616024521e+01  1.13936958133113e+01
  1.07445718976341e+01  1.01109591544423e+01  9.49586671428053e+00
  8.90184004775870e+00  8.33096629916976e+00  7.78488741536352e+00
  7.26481997755178e+00  6.77158060935212e+00  6.30561583292704e+00
  5.86703527118935e+00  5.45564714158039e+00  5.07099505682248e+00
  4.71239523083102e+00  4.37897328497747e+00  4.06969995359627e+00
  3.78342509716293e+00  3.51890954191818e+00  3.27485437458191e+00
  3.04992742475413e+00  2.84278676936463e+00  2.65210118053733e+00
  2.47656752302361e+00  2.31492517565143e+00  2.16596761068071e+00
  2.02855131334474e+00  1.90160225848831e+00  1.78412018724052e+00
  1.67518094110242e+00  1.57393711608028e+00  1.47961729768129e+00
  1.39152412753267e+00  1.30903143836831e+00  1.23158067477605e+00
  1.15867679570732e+00  1.08988383116221e+00  1.02482024153583e+00
  9.63154204121528e-01  9.04598928663852e-01  8.48908082315236e-01
  7.95871385346906e-01  7.45310421746924e-01  6.97074694445718e-01
  6.51037942672183e-01  6.07094729313965e-01  5.65157298587362e-01
  5.25152698932215e-01  4.87020162280257e-01  4.50708728717249e-01
  4.16175104490056e-01  3.83381741285697e-01  3.52295125214155e-01
  3.22884264960443e-01  2.95119369559593e-01  2.68970707578200e-01
  2.44407640255544e-01  2.21397822019105e-01  1.99906562108672e-01
  1.79896341050438e-01  1.61326475444887e-01  1.44152923761651e-01
  1.28328224973681e-01  1.13801560554917e-01  1.00518929203704e-01
  8.84234221516820e-02  7.74555857686914e-02  6.75538569386221e-02
  5.86550558433517e-02  5.06949201657765e-02  4.36086645252853e-02
  3.73315491148496e-02  3.17994421228919e-02  2.69493615125268e-02
  2.27199831362872e-02  1.90521038760345e-02  1.58890505082997e-02
  1.31770271760243e-02  1.08653966571877e-02  8.90689293038613e-03
  7.25776479057771e-03  5.87785235539545e-03  4.73060017264445e-03
  3.78301221674541e-03  3.00555531853088e-03  2.37201847217147e-03
  1.85933601018845e-03  1.44738283492700e-03  1.11874977616016e-03
  8.58506744977999e-04  6.53960725542290e-04  4.94414841326370e-04
  3.70933811087967e-04  2.76120123364257e-04  2.03904264298871e-04
  1.49351368101688e-04  1.08485772756079e-04  7.81341614661026e-05
  5.57873006735860e-05  3.94798242065357e-05  2.76870864163172e-05
  1.92378078006355e-05  1.32410218501567e-05  9.02575398615626e-06
  6.09181973731066e-06  4.07018907044902e-06  2.69144424235856e-06
  1.76098429384460e-06  1.13977093607917e-06  7.29559923898576e-07
  4.61712350810804e-07  2.88822752911508e-07  1.78533370692162e-07
  1.09021063028603e-07  6.57469775743929e-08  3.91455826269928e-08
  2.30035713153557e-08  1.33374343929499e-08  7.62729566542367e-09
  4.30070533708780e-09  2.39018081261236e-09  1.30881985085723e-09
  7.05891262058968e-10  3.74818462218378e-10  1.95874594019338e-10
  1.00696882556327e-10  5.09049473399934e-11  2.52951390317913e-11
  1.23498178673225e-11  5.92156770197374e-12  2.78719246196119e-12
  1.28720537524690e-12  5.83002933841885e-13  2.58834343481773e-13
  1.12585521834009e-13  4.79542641398603e-14  1.99906276761642e-14
  8.15169379187379e-15  3.24966140059076e-15  1.26582248017170e-15
  4.81640983134917e-16  1.78866197185778e-16  6.47895171866120e-17
  2.28762065791088e-17  7.86854363678770e-18  2.63486385045452e-18
  8.58440138522259e-19  2.71789789061715e-19  8.36089081672481e-20
  2.49674326778770e-20  7.23227543190593e-21  2.03060661220279e-21
  5.52189947235486e-22  1.45317207557830e-22  3.69791697733658e-23
  9.09172133460196e-24  2.15780702708073e-24  4.93942654873951e-25
  1.08955430597219e-25  2.31383044187033e-26  4.72625433505330e-27
  9.27659782161857e-28  1.74791382547959e-28  3.15845539779165e-29
  5.46772632503809e-30
  8.57961410427236e-25  9.78774144905159e-25  1.11659446390660e-24
  1.27381588436570e-24  1.45316864773161e-24  1.65776706980473e-24
  1.89116354536354e-24  2.15741014227810e-24  2.46112885099420e-24
  2.80759170481419e-24  3.20281215703471e-24  3.65364929532970e-24
  4.16792669558399e-24  4.75456797009110e-24  5.42375135326384e-24
  6.18708599655182e-24  7.05781301886146e-24  8.05103478583490e-24
  9.18397637817175e-24  1.04762837642517e-23  1.19503638249096e-23
  1.36317720996192e-23  1.55496549453522e-23  1.77372537367112e-23
  2.02324798041465e-23  2.30785700247530e-23  2.63248343681409e-23
  3.00275082817140e-23  3.42507246028735e-23  3.90676217405168e-23
  4.45616072103702e-23  5.08277982777134e-23  5.79746645032104e-23
  6.61259004535468e-23  7.54225607895990e-23  8.60254944456126e-23
  9.81181197428835e-23  1.11909588125866e-22  1.27638390868452e-22
  1.45576470685761e-22  1.66033908832465e-22  1.89364268117363e-22
  2.15970683485799e-22  2.46312804604083e-22  2.80914709442783e-22
  3.20373924443852e-22  3.65371705752445e-22  4.16684757516129e-22
  4.75198587769813e-22  5.41922730342354e-22  6.18008093021795e-22
  7.04766728425659e-22  8.03694365263707e-22  9.16496084638617e-22
  1.04511557950293e-21  1.19176849627305e-21  1.35898042692538e-21
  1.54963019881406e-21  1.76699919931009e-21  2.01482757462697e-21
  2.29737825864394e-21  2.61950992005094e-21  2.98676006698711e-21
  3.40543972001373e-21  3.88274125964653e-21  4.42686127698605e-21
  5.04714050900854e-21  5.75422322791376e-21  6.56023878147894e-21
  7.47900835396833e-21  8.52628044104672e-21  9.71999901433822e-21
  1.10806088997159e-20  1.26314035172446e-20  1.43989208400510e-20
  1.64133942362463e-20  1.87092657752609e-20  2.13257706230678e-20
  2.43076023365327e-20  2.77056702152279e-20  3.15779614013216e-20
  3.59905221599900e-20  4.10185747520255e-20  4.67477885600194e-20
  5.32757266853240e-20  6.07134921372995e-20  6.91876010356432e-20
  7.88421139945279e-20  8.98410611144261e-20  1.02371200842217e-19
  1.16645158451156e-19  1.32904996125973e-19  1.51426273717654e-19
  1.72522667267058e-19  1.96551221518293e-19  2.23918322994620e-19
  2.55086491957720e-19  2.90582104901127e-19  3.31004174352965e-19
  3.77034329918950e-19  4.29448163957062e-19  4.89128127344394e-19
  5.57078185822940e-19  6.34440475784220e-19  7.22514230520834e-19
  8.22777284429153e-19  9.36910503970975e-19  1.06682554102033e-18
  1.21469635727047e-18  1.38299502846803e-18  1.57453240530246e-18
  1.79250428485462e-18  2.04054383377866e-18  2.32278110318708e-18
  2.64391058703450e-18  3.00926790234659e-18  3.42491681283668e-18
  3.89774797944400e-18  4.43559100455980e-18  5.04734154392520e-18
  5.74310549447351e-18  6.53436253125982e-18  7.43415156598145e-18
  8.45728103788772e-18  9.62056733009289e-18  1.09431050360466e-17
  1.24465732885318e-17  1.41555829141058e-17  1.60980697974875e-17
  1.83057405418708e-17  2.08145773028072e-17  2.36654095663842e-17
  2.69045616498173e-17  3.05845858385823e-17  3.47650923550785e-17
  3.95136887974656e-17  4.49070433144637e-17  5.10320876149018e-17
  5.79873779758591e-17  6.58846347385609e-17  7.48504833995084e-17
  8.50284233513487e-17  9.65810536449023e-17  1.09692588874851e-16
  1.24571702489571e-16  1.41454739545031e-16  1.60609346229940e-16
  1.82338569453781e-16  2.06985486492049e-16  2.34938432213350e-16
  2.66636899869711e-16  3.02578200929643e-16  3.43324980091619e-16
  3.89513693584326e-16  4.41864172280221e-16  5.01190406212226e-16
  5.68412703968471e-16  6.44571399376295e-16  7.30842299108342e-16
  8.28554088629572e-16  9.39207940542614e-16  1.06449959924140e-15
  1.20634424918645e-15  1.36690451153912e-15  1.54862195574648e-15
  1.75425255952600e-15  1.98690660309582e-15  2.25009354211634e-15
  2.54777246931655e-15  2.88440884806571e-15  3.26503828296652e-15
  3.69533818405976e-15  4.18170828335726e-15  4.73136107656818e-15
  5.35242339020570e-15  6.05405041660541e-15  6.84655371790657e-15
  7.74154487736201e-15  8.75209667369426e-15  9.89292387469179e-15
  1.11805859918506e-14  1.26337146118664e-14  1.42732682259562e-14
  1.61228178185437e-14  1.82088668554998e-14  2.05612097351377e-14
  2.32133332348991e-14  2.62028660112149e-14  2.95720817929066e-14
  3.33684625582977e-14  3.76453287085876e-14  4.24625440555459e-14
  4.78873043353322e-14  5.39950189583588e-14  6.08702968113254e-14
  6.86080481618108e-14  7.73147160860620e-14  8.71096523654990e-14
  9.81266544936466e-14  1.10515682318599e-13  1.24444774946352e-13
  1.40102190853085e-13  1.57698796755162e-13  1.77470733653204e-13
  1.99682391676927e-13  2.24629728908012e-13  2.52643973312277e-13
  2.84095751309733e-13  3.19399691384309e-13  3.59019556572566e-13
  4.03473965686811e-13  4.53342769839448e-13  5.09274158273240e-13
  5.71992575781816e-13  6.42307543194491e-13  7.21123482630803e-13
  8.09450660566159e-13  9.08417374411772e-13  1.01928352229501e-12
  1.14345571138067e-12  1.28250407736710e-12  1.43818100710773e-12
  1.61244197772247e-12  1.80746874943926e-12  2.02569517586353e-12
  2.26983592496514e-12  2.54291843676875e-12  2.84831848036613e-12
  3.18979971341398e-12  3.57155769255885e-12  3.99826883358152e-12
  4.47514487608521e-12  5.00799347011724e-12  5.60328557143301e-12
  6.26823041007727e-12  7.01085888274481e-12  7.84011631639863e-12
  8.76596565745305e-12  9.79950226106018e-12  1.09530815885306e-11
  1.22404612703787e-11  1.36769591587970e-11  1.52796291800262e-11
  1.70674570044670e-11  1.90615777853897e-11  2.12855184767230e-11
  2.37654675313225e-11  2.65305751065078e-11  2.96132872679705e-11
  3.30497180911670e-11  3.68800640165971e-11  4.11490653276051e-11
  4.59065201948453e-11  5.12078573749993e-11  5.71147743778109e-11
  6.36959487251959e-11  7.10278308435859e-11  7.91955281544301e-11
  8.82937910853973e-11  9.84281130235105e-11  1.09715957696388e-10
  1.22288129114842e-10  1.36290301071657e-10  1.51884725283184e-10
  1.69252139628922e-10  1.88593900610412e-10  2.10134367167672e-10
  2.34123566396187e-10  2.60840175562272e-10  2.90594859166374e-10
  3.23734004742696e-10  3.60643906658351e-10  4.01755453509563e-10
  4.47549381876620e-10  4.98562167333035e-10  5.55392632829954e-10
  6.18709365047735e-10  6.89259041195460e-10  7.67875782257811e-10
  8.55491664030906e-10  9.53148534764485e-10  1.06201130808101e-09
  1.18338292244724e-09  1.31872118421544e-09  1.46965774055125e-09
  1.63801946195755e-09  1.82585255215332e-09  2.03544974646703e-09
  2.26938100933533e-09  2.53052819800446e-09  2.82212422381456e-09
  3.14779731608796e-09  3.51162107739913e-09  3.91817111492445e-09
  4.37258914192856e-09  4.88065556850691e-09  5.44887174336483e-09
  6.08455317199603e-09  6.79593522234906e-09  7.59229304360237e-09
  8.48407766560152e-09  9.48307052696850e-09  1.06025589970291e-08
  1.18575358217755e-08  1.32649258398952e-08  1.48438437925623e-08
  1.66158875922959e-08  1.86054720433564e-08  2.08402087129071e-08
  2.33513384709107e-08  2.61742241443990e-08  2.93489117967287e-08
  3.29207703594910e-08  3.69412207317077e-08  4.14685670571825e-08
  4.65689446917362e-08  5.23174014663704e-08  5.87991311988825e-08
  6.61108811302222e-08  7.43625580387907e-08  8.36790613220976e-08
  9.42023753382438e-08  1.06093957934339e-07  1.19537467256752e-07
  1.34741874993175e-07  1.51945020924113e-07  1.71417671473274e-07
  1.93468153758101e-07  2.18447646702932e-07  2.46756222248968e-07
  2.78849742668894e-07  3.15247734954682e-07  3.56542379845931e-07
  4.03408772547977e-07  4.56616633586033e-07  5.17043673198360e-07
  5.85690840523898e-07  6.63699720694204e-07  7.52372378784734e-07
  8.53193990507408e-07  9.67858645962123e-07  1.09829876360539e-06
  1.24671861313442e-06  1.41563251028015e-06  1.60790832148013e-06
  1.82681700708724e-06  2.07608901505429e-06  2.35997846279110e-06
  2.68333614571076e-06  3.05169256748680e-06  3.47135232368606e-06
  3.94950135309608e-06  4.49432876227130e-06  5.11516513630050e-06
  5.82263950876129e-06  6.62885741054821e-06  7.54760274562573e-06
  8.59456654976912e-06  9.78760609750077e-06  1.11470381975019e-05
  1.26959710323654e-05  1.44606793544585e-05  1.64710284851007e-05
  1.87609531197892e-05  2.13689977303882e-05  2.43389260159236e-05
  2.77204078146771e-05  3.15697927229919e-05  3.59509807245238e-05
  4.09364013090517e-05  4.66081136156924e-05  5.30590416968332e-05
  6.03943601932762e-05  6.87330475022030e-05  7.82096250261032e-05
  8.89761031236054e-05  1.01204156022505e-04  1.15087550560687e-04
  1.30844855236814e-04  1.48722459075814e-04  1.68997931833535e-04
  1.91983760115759e-04  2.18031496294151e-04  2.47536361002163e-04
  2.80942341175270e-04  3.18747831391390e-04  3.61511866283238e-04
  4.09860997855716e-04  4.64496872676354e-04  5.26204568040977e-04
  5.95861748738991e-04  6.74448709300509e-04  7.63059368325339e-04
  8.62913284907553e-04  9.75368767379413e-04  1.10193714691885e-03
  1.24429828873858e-03  1.40431741228730e-03  1.58406329168444e-03
  1.78582790484439e-03  2.01214759287547e-03  2.26582579181545e-03
  2.54995738313659e-03  2.86795470718140e-03  3.22357526782110e-03
  3.62095114183356e-03  4.06462009208603e-03  4.55955836163792e-03
  5.11121509900983e-03  5.72554834543419e-03  6.40906247420002e-03
  7.16884694307215e-03  8.01261618356493e-03  8.94875039524977e-03
  9.98633697944372e-03  1.11352122862105e-02  1.24060032797095e-02
  1.38101686991332e-02  1.53600391708495e-02  1.70688557112396e-02
  1.89508059508874e-02  2.10210573292649e-02  2.32957864607021e-02
  2.57922037388767e-02  2.85285722155902e-02  3.15242196283796e-02
  3.47995425157536e-02  3.83760010125036e-02  4.22761032216666e-02
  4.65233775648923e-02  5.11423318393977e-02  5.61583974005326e-02
  6.15978569910308e-02  6.74877546980251e-02  7.38557865324310e-02
  8.07301702022862e-02  8.81394926492212e-02  9.61125341881141e-02
  1.04678068049207e-01  1.13864634534180e-01  1.23700289105926e-01
  1.34212324073004e-01  1.45426964044907e-01  1.57369035402053e-01
  1.70061611029995e-01  1.83525631530786e-01  1.97779505112015e-01
  2.12838688833090e-01  2.28715254388479e-01  2.45417442540512e-01
  2.62949210683668e-01  2.81309778792692e-01  3.00493179586588e-01
  3.20487819136578e-01  3.41276054815709e-01  3.62833797633509e-01
  3.85130146482326e-01  4.08127062036273e-01  4.31779088185042e-01
  4.56033129272484e-01  4.80828291445530e-01  5.06095796928280e-01
  5.31758980048638e-01  5.57733374331540e-01  5.83926899799761e-01
  6.10240159470238e-01  6.36566853238411e-01  6.62794315850062e-01
  6.88804183590125e-01  7.14473191422900e-01  7.39674098756070e-01
  7.64276738207768e-01  7.88149177432825e-01  8.11158980060562e-01
  8.33174547834963e-01  8.54066522287744e-01  8.73709221846502e-01
  8.91982087136670e-01  9.08771106648251e-01  9.23970193434287e-01
  9.37482484391422e-01  9.49221534461606e-01  9.59112380347211e-01
  9.67092451186721e-01  9.73112307267308e-01  9.77136192106997e-01
  9.79142387909023e-01  9.79123369308854e-01  9.77085755387743e-01
  9.73050064772785e-01  9.67050283322871e-01  9.59133258003988e-01
  9.49357934216346e-01  9.37794456684398e-01  9.24523156248756e-01
  9.09633446218975e-01  8.93222652618779e-01  8.75394802446861e-01
  8.56259393332432e-01  8.35930166476647e-01  8.14523902941897e-01
  7.92159260995602e-01  7.68955669741957e-01  7.45032291514638e-01
  7.20507062844879e-01  6.95495821066719e-01  6.70111521212788e-01
  6.44463545198847e-01  6.18657104235375e-01  5.92792731320344e-01
  5.66965862958428e-01  5.41266503194267e-01  5.15778967505982e-01
  4.90581698394155e-01  4.65747148220532e-01  4.41341722004157e-01
  4.17425774175113e-01  3.94053653203379e-01  3.71273787916546e-01
  3.49128810176348e-01  3.27655708555713e-01  3.06886008285769e-01
  2.86845973139619e-01  2.67556825264631e-01  2.49034979536068e-01
  2.31292289136380e-01  2.14336299883205e-01  1.98170510499175e-01
  1.82794637029816e-01  1.68204879258704e-01  1.54394187573075e-01
  1.41352528751598e-01  1.29067149294421e-01  1.17522835095298e-01
  1.06702166308726e-01  9.65857663567790e-02  8.71525441357904e-02
  7.83799285047931e-02  7.02440942809970e-02  6.27201790031962e-02
  5.57824898554097e-02  4.94047002173683e-02  4.35600354271427e-02
  3.82214474329685e-02  3.33617781254872e-02  2.89539112268273e-02
  2.49709127193893e-02  2.13861598663599e-02  1.81734589640243e-02
  1.53071520183412e-02  1.27622126015000e-02  1.05143311793502e-02
  8.53999024036950e-03  6.81652957448267e-03  5.32220207077824e-03
  4.03622040620340e-03  2.93879500343962e-03  2.01116362186657e-03
  1.23561299005045e-03  5.95492773982159e-04  7.52222587209195e-05
 -3.39709844169249e-04 -6.62752222102957e-04 -9.06304006516478e-04
 -1.08173370893432e-03 -1.19940368338945e-03 -1.26869973617461e-03
 -1.29806548309704e-03 -1.29504102775229e-03 -1.26630550433070e-03
 -1.21772299745189e-03 -1.15439131963510e-03 -1.08069309556790e-03
 -1.00034857985251e-03 -9.16469610586797e-04 -8.31614093524304e-04
 -7.47840408183599e-04 -6.66761135951741e-04 -5.89595533782707e-04
 -5.17220210116232e-04 -4.50217505963952e-04 -3.88921141775321e-04
 -3.33458757624564e-04 -2.83791049261567e-04 -2.39747282551786e-04
 -2.01057051697446e-04 -1.67378229062395e-04 -1.38321134064986e-04
 -1.13469022479370e-04 -9.23950636138678e-05 -7.46760290806455e-05
 -5.99029621122246e-05 -4.76891296296393e-05 -3.76755804814352e-05
 -2.95346426426553e-05 -2.29716906591488e-05 -1.77255033712323e-05
 -1.35675126184671e-05 -1.03002178873971e-05 -7.75501163440020e-06
 -5.78962697326072e-06 -4.28538557296319e-06 -3.14438980844429e-06
 -2.28677174495375e-06 -1.64808203281388e-06 -1.17687615777033e-06
 -8.32533531928583e-07 -5.83326199253048e-07 -4.04740254412147e-07
 -2.78041386036935e-07 -1.89068902641212e-07 -1.27237274242397e-07
 -8.47216939310203e-08 -5.58032837813536e-08 -3.63500429503205e-08
 -2.34110921180834e-08 -1.49038270554582e-08 -9.37599557603387e-09
 -5.82721062372403e-09 -3.57687928298368e-09 -2.16780704899446e-09
 -1.29681678841405e-09 -7.65495721227990e-10 -4.45732602952445e-10
 -2.55934691097800e-10 -1.44864541562480e-10 -8.08009588629274e-11
 -4.43962415187139e-11 -2.40201329283669e-11 -1.27925406037667e-11
 -6.70352743179907e-12 -3.45498748552604e-12 -1.75073097430741e-12
 -8.71849899012090e-13 -4.26506775538106e-13 -2.04870738757407e-13
 -9.65843601759461e-14 -4.46688451420505e-14 -2.02566159975976e-14
 -9.00287527330664e-15 -3.91949767767720e-15 -1.67067480847744e-15
 -6.96843781197588e-16 -2.84262021944429e-16 -1.13343482423210e-16
 -4.41538332959466e-17 -1.68029553246487e-17 -6.23995001218272e-18
 -2.25991841372951e-18 -7.97724997730226e-19 -2.74342327056285e-19
 -9.19174512388217e-20 -3.00366807709475e-20 -9.55523551396466e-21
 -2.95198367692259e-21 -8.85024291484004e-22 -2.57301631327366e-22
 -7.24844833320523e-23 -1.97707510001120e-23 -5.21709232489775e-24
 -1.33077208694489e-24 -3.27855082103042e-25 -7.79447676706540e-26
 -1.78662237999992e-26 -3.94478407103197e-27 -8.38208333024047e-28
 -1.71238743491075e-28 -3.36004914230608e-29 -6.32621399711267e-30
 -1.14168557003431e-30
 (i6, f12.0, f18.0, f8.3, i6)
   670  60.0000000  0.02500000000000  28.000     2
 (3e22.14)
  2.99785627573422e-06  3.14822239435847e-06  3.30613016966885e-06
  3.47195782587790e-06  3.64610255336458e-06  3.82898145956288e-06
  4.02103256751086e-06  4.22271586444773e-06  4.43451440296639e-06
  4.65693545735412e-06  4.89051173788764e-06  5.13580266598148e-06
  5.39339571324481e-06  5.66390780763799e-06  5.94798681010478e-06
  6.24631306518648e-06  6.55960102936013e-06  6.88860098093621e-06
  7.23410081568921e-06  7.59692793238457e-06  7.97795121286751e-06
  8.37808310127808e-06  8.79828178750214e-06  9.23955349997383e-06
  9.70295491336786e-06  1.01895956768869e-05  1.07006410692405e-05
  1.12373147865653e-05  1.18009018700825e-05  1.23927517802839e-05
  1.30142816252358e-05  1.36669795504470e-05  1.43524082986175e-05
  1.50722089476040e-05  1.58281048356225e-05  1.66219056829800e-05
  1.74555119202674e-05  1.83309192331880e-05  1.92502233350959e-05
  2.02156249782947e-05  2.12294352164674e-05  2.22940809303504e-05
  2.34121106302039e-05  2.45862005486439e-05  2.58191610385270e-05
  2.71139432910140e-05  2.84736463899823e-05  2.99015247193462e-05
  3.14009957413210e-05  3.29756481636020e-05  3.46292505156138e-05
  3.63657601535227e-05  3.81893327160834e-05  4.01043320533863e-05
  4.21153406524142e-05  4.42271705840162e-05  4.64448749976150e-05
  4.87737601905745e-05  5.12193982815851e-05  5.37876405172751e-05
  5.64846312448626e-05  5.93168225828409e-05  6.22909898256240e-05
  6.54142476180081e-05  6.86940669383456e-05  7.21382929304209e-05
  7.57551636268333e-05  7.95533296076293e-05  8.35418746419429e-05
  8.77303373600599e-05  9.21287340092996e-05  9.67475823456355e-05
  1.01597926719482e-04  1.06691364413861e-04  1.12040073298157e-04
  1.17656840862397e-04  1.23555094701606e-04  1.29748934521214e-04
  1.36253165741022e-04  1.43083334775153e-04  1.50255766073565e-04
  1.57787601011005e-04  1.65696838716639e-04  1.74002378939670e-04
  1.82724067053925e-04  1.91882741305004e-04  2.01500282415444e-04
  2.11599665660211e-04  2.22205015540201e-04  2.33341663178663e-04
  2.45036206578637e-04  2.57316573881721e-04  2.70212089778385e-04
  2.83753545224631e-04  2.97973270631504e-04  3.12905212695860e-04
  3.28585015058435e-04  3.45050102971953e-04  3.62339772185243e-04
  3.80495282245911e-04  3.99559954444847e-04  4.19579274629539e-04
  4.40601001129211e-04  4.62675278041956e-04  4.85854754153201e-04
  5.10194707757400e-04  5.35753177683946e-04  5.62591100821989e-04
  5.90772456477314e-04  6.20364417887819e-04  6.51437511258324e-04
  6.84065782680735e-04  7.18326973331768e-04  7.54302703351434e-04
  7.92078664836867e-04  8.31744824389203e-04  8.73395635699154e-04
  9.17130262645070e-04  9.63052813440776e-04  1.01127258635805e-03
  1.06190432760463e-03  1.11506850194625e-03  1.17089157670344e-03
  1.22950631977080e-03  1.29105211235762e-03  1.35567527715169e-03
  1.42352942268734e-03  1.49477580467629e-03  1.56958370516464e-03
  1.64813083035622e-03  1.73060372803394e-03  1.81719822552118e-03
  1.90811988919345e-03  2.00358450657599e-03  2.10381859214611e-03
  2.20905991796241e-03  2.31955807036203e-03  2.43557503395397e-03
  2.55738580426128e-03  2.68527903037649e-03  2.81955768910280e-03
  2.96053979207310e-03  3.10855912748504e-03  3.26396603805450e-03
  3.42712823701396e-03  3.59843166390357e-03  3.77828138213650e-03
  3.96710252029626e-03  4.16534125929205e-03  4.37346586754683e-03
  4.59196778654304e-03  4.82136276908902e-03  5.06219207288628e-03
  5.31502371193854e-03  5.58045376867251e-03  5.85910776953075e-03
  6.15164212715433e-03  6.45874565223264e-03  6.78114113836219e-03
  7.11958702332551e-03  7.47487913043781e-03  7.84785249365632e-03
  8.23938327049714e-03  8.65039074671596e-03  9.08183943724779e-03
  9.53474128768993e-03  1.00101579811962e-02  1.05092033555548e-02
  1.10330459356433e-02  1.15829115865448e-02  1.21600862929758e-02
  1.27659190707260e-02  1.34018250163698e-02  1.40692885013166e-02
  1.47698665171489e-02  1.55051921787894e-02  1.62769783929896e-02
  1.70870216994179e-02  1.79372062922938e-02  1.88295082306058e-02
  1.97659998455262e-02  2.07488543536480e-02  2.17803506855597e-02
  2.28628785388746e-02  2.39989436662567e-02  2.51911734082081e-02
  2.64423224819219e-02  2.77552790370441e-02  2.91330709902316e-02
  3.05788726504442e-02  3.20960116477829e-02  3.36879761785822e-02
  3.53584225808718e-02  3.71111832534884e-02  3.89502749344370e-02
  4.08799073525921e-02  4.29044922693281e-02  4.50286529256849e-02
  4.72572339122933e-02  4.95953114791687e-02  5.20482043037790e-02
  5.46214847353807e-02  5.73209905358173e-02  6.01528371352605e-02
  6.31234304251287e-02  6.62394801075032e-02  6.95080136243873e-02
  7.29363906881227e-02  7.65323184367358e-02  8.03038672374137e-02
  8.42594871631750e-02  8.84080251666627e-02  9.27587429783795e-02
  9.73213357532191e-02  1.02105951495213e-01  1.07123211284774e-01
  1.12384230339211e-01  1.17900639933131e-01  1.23684610209018e-01
  1.29748873906614e-01  1.36106751042302e-01  1.42772174566919e-01
  1.49759717035429e-01  1.57084618316036e-01  1.64762814373243e-01
  1.72810967153281e-01  1.81246495605254e-01  1.90087607867189e-01
  1.99353334650793e-01  2.09063563851030e-01  2.19239076417282e-01
  2.29901583507646e-01  2.41073764963322e-01  2.52779309124205e-01
  2.65042954017089e-01  2.77890529939031e-01  2.91349003461775e-01
  3.05446522876402e-01  3.20212465102371e-01  3.35677484071631e-01
  3.51873560612127e-01  3.68834053829987e-01  3.86593754011264e-01
  4.05188937036308e-01  4.24657420314512e-01  4.45038620229509e-01
  4.66373611088314e-01  4.88705185553285e-01  5.12077916542155e-01
  5.36538220554416e-01  5.62134422404102e-01  5.88916821291183e-01
  6.16937758179517e-01  6.46251684396547e-01  6.76915231393007e-01
  7.08987281566158e-01  7.42529040053042e-01  7.77604107370659e-01
  8.14278552788325e-01  8.52620988265722e-01  8.92702642825915e-01
  9.34597437143748e-01  9.78382058190691e-01  1.02413603367971e+00
  1.07194180609195e+00  1.12188480600192e+00  1.17405352442040e+00
  1.22853958381889e+00  1.28543780751191e+00  1.34484628697903e+00
  1.40686644677059e+00  1.47160310648129e+00  1.53916453938298e+00
  1.60966252713395e+00  1.68321241005081e+00  1.75993313231167e+00
  1.83994728147222e+00  1.92338112156849e+00  2.01036461912152e+00
  2.10103146118187e+00  2.19551906467514e+00  2.29396857603729e+00
  2.39652486031697e+00  2.50333647863276e+00  2.61455565301732e+00
  2.73033821743546e+00  2.85084355392454e+00  2.97623451243965e+00
  3.10667731331657e+00  3.24234143077625e+00  3.38339945622739e+00
  3.53002693974105e+00  3.68240220829362e+00  3.84070615898524e+00
  4.00512202584411e+00  4.17583511818943e+00  4.35303252910319e+00
  4.53690281196084e+00  4.72763562335717e+00  4.92542133038983e+00
  5.13045058063034e+00  5.34291383250673e+00  5.56300084468951e+00
  5.79090012193956e+00  6.02679831614802e+00  6.27087958017887e+00
  6.52332487306086e+00  6.78431121454446e+00  7.05401088755729e+00
  7.33259058673812e+00  7.62021051201401e+00  7.91702340541881e+00
  8.22317353078532e+00  8.53879559461231e+00  8.86401360836267e+00
  9.19893969111841e+00  9.54367281323585e+00  9.89829748073326e+00
  1.02628823620787e+01  1.06374788573501e+01  1.10221196132227e+01
  1.14168169841170e+01  1.18215614443583e+01  1.22363199533406e+01
  1.26610342791109e+01  1.30956192847314e+01  1.35399611839221e+01
  1.39939157720236e+01  1.44573066411865e+01  1.49299233869168e+01
  1.54115198179775e+01  1.59018121780524e+01  1.64004773938084e+01
  1.69071513605879e+01  1.74214272819099e+01  1.79428540771367e+01
  1.84709348765294e+01  1.90051256190699e+01  1.95448337771867e+01
  2.00894172243222e+01  2.06381832729526e+01  2.11903879023636e+01
  2.17452352042497e+01  2.23018770692555e+01  2.28594131449136e+01
  2.34168910874786e+01  2.39733071433553e+01  2.45276070804646e+01
  2.50786875073241e+01  2.56253976020045e+01  2.61665412848550e+01
  2.67008798603387e+01  2.72271351575788e+01  2.77439931930406e+01
  2.82501083832830e+01  2.87441083245385e+01  2.92245991651601e+01
  2.96901715772207e+01  3.01394073513076e+01  3.05708866072391e+01
  3.09831956371115e+01  3.13749353643131e+01  3.17447304171366e+01
  3.20912387928172e+01  3.24131620912460e+01  3.27092562787559e+01
  3.29783429446667e+01  3.32193209893154e+01  3.34311786898124e+01
  3.36130060552364e+01  3.37640074028090e+01  3.38835140373189e+01
  3.39709969441363e+01  3.40260793590287e+01  3.40485490932634e+01
  3.40383704618594e+01  3.39956956697906e+01  3.39208754786135e+01
  3.38144689976337e+01  3.36772523984462e+01  3.35102263847625e+01
  3.33146222111149e+01  3.30919060664997e+01  3.28437816219628e+01
  3.25721905599783e+01  3.22793108876157e+01  3.19675528756978e+01
  3.16395524363832e+01  3.12981618184002e+01  3.09464374662041e+01
  3.05876249594004e+01  3.02251409410902e+01  2.98625520027225e+01
  2.95035505005921e+01  2.91519273558586e+01  2.88115418815749e+01
  2.84862887876613e+01  2.81800625000484e+01  2.78967190351431e+01
  2.76400356840096e+01  2.74136688373567e+01  2.72211103223232e+01
  2.70656426819798e+01  2.69502938757472e+01  2.68777919229920e+01
  2.68505200656007e+01  2.68704730537483e+01  2.69392151982328e+01
  2.70578408576504e+01  2.72269380447655e+01  2.74465558473370e+01
  2.77161763548775e+01  2.80346917747039e+01  2.84003873889273e+01
  2.88109309802504e+01  2.92633692884456e+01  2.97541320178820e+01
  3.02790438200117e+01  3.08333446074345e+01  3.14117184381773e+01
  3.20083311135275e+01  3.26168764924757e+01  3.32306314179220e+01
  3.38425189823380e+01  3.44451797432892e+01  3.50310503305230e+01
  3.55924487451753e+01  3.61216655021509e+01  3.66110596204999e+01
  3.70531583237097e+01  3.74407591936922e+01  3.77670333878435e+01
  3.80256284451515e+01  3.82107691072578e+01  3.83173545265999e+01
  3.83410501887211e+01  3.82783728640115e+01  3.81267669095714e+01
  3.78846703008627e+01  3.75515688185240e+01  3.71280369613024e+01
  3.66157642484072e+01  3.60175657930150e+01  3.53373761970126e+01
  3.45802260814645e+01  3.37522008125678e+01  3.28603813055380e+01
  3.19127670711453e+01  3.09181820565993e+01  2.98861641324731e+01
  2.88268394924786e+01  2.77507835486398e+01  2.66688702901994e+01
  2.55921123916903e+01  2.45314946709120e+01  2.34978037583165e+01
  2.25014570710597e+01  2.15523343207800e+01  2.06596149004007e+01
  1.98316244782386e+01  1.90756940754372e+01  1.83980347299661e+01
  1.78036306082565e+01  1.72961530961820e+01  1.68778979881406e+01
  1.65497474348206e+01  1.63111577660878e+01  1.61601737632528e+01
  1.60934693531461e+01  1.61064141094171e+01  1.61931643526877e+01
  1.63467770704167e+01  1.65593443333628e+01  1.68221453885887e+01
  1.71258131665758e+01  1.74605115702784e+01  1.78161196300819e+01
  1.81824184228704e+01  1.85492765783385e+01  1.89068302381122e+01
  1.92456534948207e+01  1.95569156213541e+01  1.98325217895507e+01
  2.00652344708382e+01  2.02487732784987e+01  2.03778916442900e+01
  2.04484293857313e+01  2.04573408978161e+01  2.04026993650828e+01
  2.02836780131014e+01  2.01005099842989e+01  1.98544289102811e+01
  1.95475926505783e+01  1.91829929660681e+01  1.87643540897461e+01
  1.82960232502281e+01  1.77828561951116e+01  1.72301006654213e+01
  1.66432805968481e+01  1.60280835789039e+01  1.53902538124788e+01
  1.47354924722080e+01  1.40693670291452e+01  1.33972307255824e+01
  1.27241530359714e+01  1.20548616024521e+01  1.13936958133113e+01
  1.07445718976341e+01  1.01109591544423e+01  9.49586671428053e+00
  8.90184004775870e+00  8.33096629916976e+00  7.78488741536352e+00
  7.26481997755178e+00  6.77158060935212e+00  6.30561583292704e+00
  5.86703527118935e+00  5.45564714158039e+00  5.07099505682248e+00
  4.71239523083102e+00  4.37897328497747e+00  4.06969995359627e+00
  3.78342509716293e+00  3.51890954191818e+00  3.27485437458191e+00
  3.04992742475413e+00  2.84278676936463e+00  2.65210118053733e+00
  2.47656752302361e+00  2.31492517565143e+00  2.16596761068071e+00
  2.02855131334474e+00  1.90160225848831e+00  1.78412018724052e+00
  1.67518094110242e+00  1.57393711608028e+00  1.47961729768129e+00
  1.39152412753267e+00  1.30903143836831e+00  1.23158067477605e+00
  1.15867679570732e+00  1.08988383116221e+00  1.02482024153583e+00
  9.63154204121528e-01  9.04598928663852e-01  8.48908082315236e-01
  7.95871385346906e-01  7.45310421746924e-01  6.97074694445718e-01
  6.51037942672183e-01  6.07094729313965e-01  5.65157298587362e-01
  5.25152698932215e-01  4.87020162280257e-01  4.50708728717249e-01
  4.16175104490056e-01  3.83381741285697e-01  3.52295125214155e-01
  3.22884264960443e-01  2.95119369559593e-01  2.68970707578200e-01
  2.44407640255544e-01  2.21397822019105e-01  1.99906562108672e-01
  1.79896341050438e-01  1.61326475444887e-01  1.44152923761651e-01
  1.28328224973681e-01  1.13801560554917e-01  1.00518929203704e-01
  8.84234221516820e-02  7.74555857686914e-02  6.75538569386221e-02
  5.86550558433517e-02  5.06949201657765e-02  4.36086645252853e-02
  3.73315491148496e-02  3.17994421228919e-02  2.69493615125268e-02
  2.27199831362872e-02  1.90521038760345e-02  1.58890505082997e-02
  1.31770271760243e-02  1.08653966571877e-02  8.90689293038613e-03
  7.25776479057771e-03  5.87785235539545e-03  4.73060017264445e-03
  3.78301221674541e-03  3.00555531853088e-03  2.37201847217147e-03
  1.85933601018845e-03  1.44738283492700e-03  1.11874977616016e-03
  8.58506744977999e-04  6.53960725542290e-04  4.94414841326370e-04
  3.70933811087967e-04  2.76120123364257e-04  2.03904264298871e-04
  1.49351368101688e-04  1.08485772756079e-04  7.81341614661026e-05
  5.57873006735860e-05  3.94798242065357e-05  2.76870864163172e-05
  1.92378078006355e-05  1.32410218501567e-05  9.02575398615626e-06
  6.09181973731066e-06  4.07018907044902e-06  2.69144424235856e-06
  1.76098429384460e-06  1.13977093607917e-06  7.29559923898576e-07
  4.61712350810804e-07  2.88822752911508e-07  1.78533370692162e-07
  1.09021063028603e-07  6.57469775743929e-08  3.91455826269928e-08
  2.30035713153557e-08  1.33374343929499e-08  7.62729566542367e-09
  4.30070533708780e-09  2.39018081261236e-09  1.30881985085723e-09
  7.05891262058968e-10  3.74818462218378e-10  1.95874594019338e-10
  1.00696882556327e-10  5.09049473399934e-11  2.52951390317913e-11
  1.23498178673225e-11  5.92156770197374e-12  2.78719246196119e-12
  1.28720537524690e-12  5.83002933841885e-13  2.58834343481773e-13
  1.12585521834009e-13  4.79542641398603e-14  1.99906276761642e-14
  8.15169379187379e-15  3.24966140059076e-15  1.26582248017170e-15
  4.81640983134917e-16  1.78866197185778e-16  6.47895171866120e-17
  2.28762065791088e-17  7.86854363678770e-18  2.63486385045452e-18
  8.58440138522259e-19  2.71789789061715e-19  8.36089081672481e-20
  2.49674326778770e-20  7.23227543190593e-21  2.03060661220279e-21
  5.52189947235486e-22  1.45317207557830e-22  3.69791697733658e-23
  9.09172133460196e-24  2.15780702708073e-24  4.93942654873951e-25
  1.08955430597219e-25  2.31383044187033e-26  4.72625433505330e-27
  9.27659782161857e-28  1.74791382547959e-28  3.15845539779165e-29
  5.46772632503809e-30
  8.57961410427236e-25  9.78774144905159e-25  1.11659446390660e-24
  1.27381588436570e-24  1.45316864773161e-24  1.65776706980473e-24
  1.89116354536354e-24  2.15741014227810e-24  2.46112885099420e-24
  2.80759170481419e-24  3.20281215703471e-24  3.65364929532970e-24
  4.16792669558399e-24  4.75456797009110e-24  5.42375135326384e-24
  6.18708599655182e-24  7.05781301886146e-24  8.05103478583490e-24
  9.18397637817175e-24  1.04762837642517e-23  1.19503638249096e-23
  1.36317720996192e-23  1.55496549453522e-23  1.77372537367112e-23
  2.02324798041465e-23  2.30785700247530e-23  2.63248343681409e-23
  3.00275082817140e-23  3.42507246028735e-23  3.90676217405168e-23
  4.45616072103702e-23  5.08277982777134e-23  5.79746645032104e-23
  6.61259004535468e-23  7.54225607895990e-23  8.60254944456126e-23
  9.81181197428835e-23  1.11909588125866e-22  1.27638390868452e-22
  1.45576470685761e-22  1.66033908832465e-22  1.89364268117363e-22
  2.15970683485799e-22  2.46312804604083e-22  2.80914709442783e-22
  3.20373924443852e-22  3.65371705752445e-22  4.16684757516129e-22
  4.75198587769813e-22  5.41922730342354e-22  6.18008093021795e-22
  7.04766728425659e-22  8.03694365263707e-22  9.16496084638617e-22
  1.04511557950293e-21  1.19176849627305e-21  1.35898042692538e-21
  1.54963019881406e-21  1.76699919931009e-21  2.01482757462697e-21
  2.29737825864394e-21  2.61950992005094e-21  2.98676006698711e-21
  3.40543972001373e-21  3.88274125964653e-21  4.42686127698605e-21
  5.04714050900854e-21  5.75422322791376e-21  6.56023878147894e-21
  7.47900835396833e-21  8.52628044104672e-21  9.71999901433822e-21
  1.10806088997159e-20  1.26314035172446e-20  1.43989208400510e-20
  1.64133942362463e-20  1.87092657752609e-20  2.13257706230678e-20
  2.43076023365327e-20  2.77056702152279e-20  3.15779614013216e-20
  3.59905221599900e-20  4.10185747520255e-20  4.67477885600194e-20
  5.32757266853240e-20  6.07134921372995e-20  6.91876010356432e-20
  7.88421139945279e-20  8.98410611144261e-20  1.02371200842217e-19
  1.16645158451156e-19  1.32904996125973e-19  1.51426273717654e-19
  1.72522667267058e-19  1.96551221518293e-19  2.23918322994620e-19
  2.55086491957720e-19  2.90582104901127e-19  3.31004174352965e-19
  3.77034329918950e-19  4.29448163957062e-19  4.89128127344394e-19
  5.57078185822940e-19  6.34440475784220e-19  7.22514230520834e-19
  8.22777284429153e-19  9.36910503970975e-19  1.06682554102033e-18
  1.21469635727047e-18  1.38299502846803e-18  1.57453240530246e-18
  1.79250428485462e-18  2.04054383377866e-18  2.32278110318708e-18
  2.64391058703450e-18  3.00926790234659e-18  3.42491681283668e-18
  3.89774797944400e-18  4.43559100455980e-18  5.04734154392520e-18
  5.74310549447351e-18  6.53436253125982e-18  7.43415156598145e-18
  8.45728103788772e-18  9.62056733009289e-18  1.09431050360466e-17
  1.24465732885318e-17  1.41555829141058e-17  1.60980697974875e-17
  1.83057405418708e-17  2.08145773028072e-17  2.36654095663842e-17
  2.69045616498173e-17  3.05845858385823e-17  3.47650923550785e-17
  3.95136887974656e-17  4.49070433144637e-17  5.10320876149018e-17
  5.79873779758591e-17  6.58846347385609e-17  7.48504833995084e-17
  8.50284233513487e-17  9.65810536449023e-17  1.09692588874851e-16
  1.24571702489571e-16  1.41454739545031e-16  1.60609346229940e-16
  1.82338569453781e-16  2.06985486492049e-16  2.34938432213350e-16
  2.66636899869711e-16  3.02578200929643e-16  3.43324980091619e-16
  3.89513693584326e-16  4.41864172280221e-16  5.01190406212226e-16
  5.68412703968471e-16  6.44571399376295e-16  7.30842299108342e-16
  8.28554088629572e-16  9.39207940542614e-16  1.06449959924140e-15
  1.20634424918645e-15  1.36690451153912e-15  1.54862195574648e-15
  1.75425255952600e-15  1.98690660309582e-15  2.25009354211634e-15
  2.54777246931655e-15  2.88440884806571e-15  3.26503828296652e-15
  3.69533818405976e-15  4.18170828335726e-15  4.73136107656818e-15
  5.35242339020570e-15  6.05405041660541e-15  6.84655371790657e-15
  7.74154487736201e-15  8.75209667369426e-15  9.89292387469179e-15
  1.11805859918506e-14  1.26337146118664e-14  1.42732682259562e-14
  1.61228178185437e-14  1.82088668554998e-14  2.05612097351377e-14
  2.32133332348991e-14  2.62028660112149e-14  2.95720817929066e-14
  3.33684625582977e-14  3.76453287085876e-14  4.24625440555459e-14
  4.78873043353322e-14  5.39950189583588e-14  6.08702968113254e-14
  6.86080481618108e-14  7.73147160860620e-14  8.71096523654990e-14
  9.81266544936466e-14  1.10515682318599e-13  1.24444774946352e-13
  1.40102190853085e-13  1.57698796755162e-13  1.77470733653204e-13
  1.99682391676927e-13  2.24629728908012e-13  2.52643973312277e-13
  2.84095751309733e-13  3.19399691384309e-13  3.59019556572566e-13
  4.03473965686811e-13  4.53342769839448e-13  5.09274158273240e-13
  5.71992575781816e-13  6.42307543194491e-13  7.21123482630803e-13
  8.09450660566159e-13  9.08417374411772e-13  1.01928352229501e-12
  1.14345571138067e-12  1.28250407736710e-12  1.43818100710773e-12
  1.61244197772247e-12  1.80746874943926e-12  2.02569517586353e-12
  2.26983592496514e-12  2.54291843676875e-12  2.84831848036613e-12
  3.18979971341398e-12  3.57155769255885e-12  3.99826883358152e-12
  4.47514487608521e-12  5.00799347011724e-12  5.60328557143301e-12
  6.26823041007727e-12  7.01085888274481e-12  7.84011631639863e-12
  8.76596565745305e-12  9.79950226106018e-12  1.09530815885306e-11
  1.22404612703787e-11  1.36769591587970e-11  1.52796291800262e-11
  1.70674570044670e-11  1.90615777853897e-11  2.12855184767230e-11
  2.37654675313225e-11  2.65305751065078e-11  2.96132872679705e-11
  3.30497180911670e-11  3.68800640165971e-11  4.11490653276051e-11
  4.59065201948453e-11  5.12078573749993e-11  5.71147743778109e-11
  6.36959487251959e-11  7.10278308435859e-11  7.91955281544301e-11
  8.82937910853973e-11  9.84281130235105e-11  1.09715957696388e-10
  1.22288129114842e-10  1.36290301071657e-10  1.51884725283184e-10
  1.69252139628922e-10  1.88593900610412e-10  2.10134367167672e-10
  2.34123566396187e-10  2.60840175562272e-10  2.90594859166374e-10
  3.23734004742696e-10  3.60643906658351e-10  4.01755453509563e-10
  4.47549381876620e-10  4.98562167333035e-10  5.55392632829954e-10
  6.18709365047735e-10  6.89259041195460e-10  7.67875782257811e-10
  8.55491664030906e-10  9.53148534764485e-10  1.06201130808101e-09
  1.18338292244724e-09  1.31872118421544e-09  1.46965774055125e-09
  1.63801946195755e-09  1.82585255215332e-09  2.03544974646703e-09
  2.26938100933533e-09  2.53052819800446e-09  2.82212422381456e-09
  3.14779731608796e-09  3.51162107739913e-09  3.91817111492445e-09
  4.37258914192856e-09  4.88065556850691e-09  5.44887174336483e-09
  6.08455317199603e-09  6.79593522234906e-09  7.59229304360237e-09
  8.48407766560152e-09  9.48307052696850e-09  1.06025589970291e-08
  1.18575358217755e-08  1.32649258398952e-08  1.48438437925623e-08
  1.66158875922959e-08  1.86054720433564e-08  2.08402087129071e-08
  2.33513384709107e-08  2.61742241443990e-08  2.93489117967287e-08
  3.29207703594910e-08  3.69412207317077e-08  4.14685670571825e-08
  4.65689446917362e-08  5.23174014663704e-08  5.87991311988825e-08
  6.61108811302222e-08  7.43625580387907e-08  8.36790613220976e-08
  9.42023753382438e-08  1.06093957934339e-07  1.19537467256752e-07
  1.34741874993175e-07  1.51945020924113e-07  1.71417671473274e-07
  1.93468153758101e-07  2.18447646702932e-07  2.46756222248968e-07
  2.78849742668894e-07  3.15247734954682e-07  3.56542379845931e-07
  4.03408772547977e-07  4.56616633586033e-07  5.17043673198360e-07
  5.85690840523898e-07  6.63699720694204e-07  7.52372378784734e-07
  8.53193990507408e-07  9.67858645962123e-07  1.09829876360539e-06
  1.24671861313442e-06  1.41563251028015e-06  1.60790832148013e-06
  1.82681700708724e-06  2.07608901505429e-06  2.35997846279110e-06
  2.68333614571076e-06  3.05169256748680e-06  3.47135232368606e-06
  3.94950135309608e-06  4.49432876227130e-06  5.11516513630050e-06
  5.82263950876129e-06  6.62885741054821e-06  7.54760274562573e-06
  8.59456654976912e-06  9.78760609750077e-06  1.11470381975019e-05
  1.26959710323654e-05  1.44606793544585e-05  1.64710284851007e-05
  1.87609531197892e-05  2.13689977303882e-05  2.43389260159236e-05
  2.77204078146771e-05  3.15697927229919e-05  3.59509807245238e-05
  4.09364013090517e-05  4.66081136156924e-05  5.30590416968332e-05
  6.03943601932762e-05  6.87330475022030e-05  7.82096250261032e-05
  8.89761031236054e-05  1.01204156022505e-04  1.15087550560687e-04
  1.30844855236814e-04  1.48722459075814e-04  1.68997931833535e-04
  1.91983760115759e-04  2.18031496294151e-04  2.47536361002163e-04
  2.80942341175270e-04  3.18747831391390e-04  3.61511866283238e-04
  4.09860997855716e-04  4.64496872676354e-04  5.26204568040977e-04
  5.95861748738991e-04  6.74448709300509e-04  7.63059368325339e-04
  8.62913284907553e-04  9.75368767379413e-04  1.10193714691885e-03
  1.24429828873858e-03  1.40431741228730e-03  1.58406329168444e-03
  1.78582790484439e-03  2.01214759287547e-03  2.26582579181545e-03
  2.54995738313659e-03  2.86795470718140e-03  3.22357526782110e-03
  3.62095114183356e-03  4.06462009208603e-03  4.55955836163792e-03
  5.11121509900983e-03  5.72554834543419e-03  6.40906247420002e-03
  7.16884694307215e-03  8.01261618356493e-03  8.94875039524977e-03
  9.98633697944372e-03  1.11352122862105e-02  1.24060032797095e-02
  1.38101686991332e-02  1.53600391708495e-02  1.70688557112396e-02
  1.89508059508874e-02  2.10210573292649e-02  2.32957864607021e-02
  2.57922037388767e-02  2.85285722155902e-02  3.15242196283796e-02
  3.47995425157536e-02  3.83760010125036e-02  4.22761032216666e-02
  4.65233775648923e-02  5.11423318393977e-02  5.61583974005326e-02
  6.15978569910308e-02  6.74877546980251e-02  7.38557865324310e-02
  8.07301702022862e-02  8.81394926492212e-02  9.61125341881141e-02
  1.04678068049207e-01  1.13864634534180e-01  1.23700289105926e-01
  1.34212324073004e-01  1.45426964044907e-01  1.57369035402053e-01
  1.70061611029995e-01  1.83525631530786e-01  1.97779505112015e-01
  2.12838688833090e-01  2.28715254388479e-01  2.45417442540512e-01
  2.62949210683668e-01  2.81309778792692e-01  3.00493179586588e-01
  3.20487819136578e-01  3.41276054815709e-01  3.62833797633509e-01
  3.85130146482326e-01  4.08127062036273e-01  4.31779088185042e-01
  4.56033129272484e-01  4.80828291445530e-01  5.06095796928280e-01
  5.31758980048638e-01  5.57733374331540e-01  5.83926899799761e-01
  6.10240159470238e-01  6.36566853238411e-01  6.62794315850062e-01
  6.88804183590125e-01  7.14473191422900e-01  7.39674098756070e-01
  7.64276738207768e-01  7.88149177432825e-01  8.11158980060562e-01
  8.33174547834963e-01  8.54066522287744e-01  8.73709221846502e-01
  8.91982087136670e-01  9.08771106648251e-01  9.23970193434287e-01
  9.37482484391422e-01  9.49221534461606e-01  9.59112380347211e-01
  9.67092451186721e-01  9.73112307267308e-01  9.77136192106997e-01
  9.79142387909023e-01  9.79123369308854e-01  9.77085755387743e-01
  9.73050064772785e-01  9.67050283322871e-01  9.59133258003988e-01
  9.49357934216346e-01  9.37794456684398e-01  9.24523156248756e-01
  9.09633446218975e-01  8.93222652618779e-01  8.75394802446861e-01
  8.56259393332432e-01  8.35930166476647e-01  8.14523902941897e-01
  7.92159260995602e-01  7.68955669741957e-01  7.45032291514638e-01
  7.20507062844879e-01  6.95495821066719e-01  6.70111521212788e-01
  6.44463545198847e-01  6.18657104235375e-01  5.92792731320344e-01
  5.66965862958428e-01  5.41266503194267e-01  5.15778967505982e-01
  4.90581698394155e-01  4.65747148220532e-01  4.41341722004157e-01
  4.17425774175113e-01  3.94053653203379e-01  3.71273787916546e-01
  3.49128810176348e-01  3.27655708555713e-01  3.06886008285769e-01
  2.86845973139619e-01  2.67556825264631e-01  2.49034979536068e-01
  2.31292289136380e-01  2.14336299883205e-01  1.98170510499175e-01
  1.82794637029816e-01  1.68204879258704e-01  1.54394187573075e-01
  1.41352528751598e-01  1.29067149294421e-01  1.17522835095298e-01
  1.06702166308726e-01  9.65857663567790e-02  8.71525441357904e-02
  7.83799285047931e-02  7.02440942809970e-02  6.27201790031962e-02
  5.57824898554097e-02  4.94047002173683e-02  4.35600354271427e-02
  3.82214474329685e-02  3.33617781254872e-02  2.89539112268273e-02
  2.49709127193893e-02  2.13861598663599e-02  1.81734589640243e-02
  1.53071520183412e-02  1.27622126015000e-02  1.05143311793502e-02
  8.53999024036950e-03  6.81652957448267e-03  5.32220207077824e-03
  4.03622040620340e-03  2.93879500343962e-03  2.01116362186657e-03
  1.23561299005045e-03  5.95492773982159e-04  7.52222587209195e-05
 -3.39709844169249e-04 -6.62752222102957e-04 -9.06304006516478e-04
 -1.08173370893432e-03 -1.19940368338945e-03 -1.26869973617461e-03
 -1.29806548309704e-03 -1.29504102775229e-03 -1.26630550433070e-03
 -1.21772299745189e-03 -1.15439131963510e-03 -1.08069309556790e-03
 -1.00034857985251e-03 -9.16469610586797e-04 -8.31614093524304e-04
 -7.47840408183599e-04 -6.66761135951741e-04 -5.89595533782707e-04
 -5.17220210116232e-04 -4.50217505963952e-04 -3.88921141775321e-04
 -3.33458757624564e-04 -2.83791049261567e-04 -2.39747282551786e-04
 -2.01057051697446e-04 -1.67378229062395e-04 -1.38321134064986e-04
 -1.13469022479370e-04 -9.23950636138678e-05 -7.46760290806455e-05
 -5.99029621122246e-05 -4.76891296296393e-05 -3.76755804814352e-05
 -2.95346426426553e-05 -2.29716906591488e-05 -1.77255033712323e-05
 -1.35675126184671e-05 -1.03002178873971e-05 -7.75501163440020e-06
 -5.78962697326072e-06 -4.28538557296319e-06 -3.14438980844429e-06
 -2.28677174495375e-06 -1.64808203281388e-06 -1.17687615777033e-06
 -8.32533531928583e-07 -5.83326199253048e-07 -4.04740254412147e-07
 -2.78041386036935e-07 -1.89068902641212e-07 -1.27237274242397e-07
 -8.47216939310203e-08 -5.58032837813536e-08 -3.63500429503205e-08
 -2.34110921180834e-08 -1.49038270554582e-08 -9.37599557603387e-09
 -5.82721062372403e-09 -3.57687928298368e-09 -2.16780704899446e-09
 -1.29681678841405e-09 -7.65495721227990e-10 -4.45732602952445e-10
 -2.55934691097800e-10 -1.44864541562480e-10 -8.08009588629274e-11
 -4.43962415187139e-11 -2.40201329283669e-11 -1.27925406037667e-11
 -6.70352743179907e-12 -3.45498748552604e-12 -1.75073097430741e-12
 -8.71849899012090e-13 -4.26506775538106e-13 -2.04870738757407e-13
 -9.65843601759461e-14 -4.46688451420505e-14 -2.02566159975976e-14
 -9.00287527330664e-15 -3.91949767767720e-15 -1.67067480847744e-15
 -6.96843781197588e-16 -2.84262021944429e-16 -1.13343482423210e-16
 -4.41538332959466e-17 -1.68029553246487e-17 -6.23995001218272e-18
 -2.25991841372951e-18 -7.97724997730226e-19 -2.74342327056285e-19
 -9.19174512388217e-20 -3.00366807709475e-20 -9.55523551396466e-21
 -2.95198367692259e-21 -8.85024291484004e-22 -2.57301631327366e-22
 -7.24844833320523e-23 -1.97707510001120e-23 -5.21709232489775e-24
 -1.33077208694489e-24 -3.27855082103042e-25 -7.79447676706540e-26
 -1.78662237999992e-26 -3.94478407103197e-27 -8.38208333024047e-28
 -1.71238743491075e-28 -3.36004914230608e-29 -6.32621399711267e-30
 -1.14168557003431e-30
 (i6, f12.0, f18.0, f8.3, i6)
   670  60.0000000  0.02500000000000  28.000     2
 (3e22.14)
  2.99785627573422e-06  3.14822239435847e-06  3.30613016966885e-06
  3.47195782587790e-06  3.64610255336458e-06  3.82898145956288e-06
  4.02103256751086e-06  4.22271586444773e-06  4.43451440296639e-06
  4.65693545735412e-06  4.89051173788764e-06  5.13580266598148e-06
  5.39339571324481e-06  5.66390780763799e-06  5.94798681010478e-06
  6.24631306518648e-06  6.55960102936013e-06  6.88860098093621e-06
  7.23410081568921e-06  7.59692793238457e-06  7.97795121286751e-06
  8.37808310127808e-06  8.79828178750214e-06  9.23955349997383e-06
  9.70295491336786e-06  1.01895956768869e-05  1.07006410692405e-05
  1.12373147865653e-05  1.18009018700825e-05  1.23927517802839e-05
  1.30142816252358e-05  1.36669795504470e-05  1.43524082986175e-05
  1.50722089476040e-05  1.58281048356225e-05  1.66219056829800e-05
  1.74555119202674e-05  1.83309192331880e-05  1.92502233350959e-05
  2.02156249782947e-05  2.12294352164674e-05  2.22940809303504e-05
  2.34121106302039e-05  2.45862005486439e-05  2.58191610385270e-05
  2.71139432910140e-05  2.84736463899823e-05  2.99015247193462e-05
  3.14009957413210e-05  3.29756481636020e-05  3.46292505156138e-05
  3.63657601535227e-05  3.81893327160834e-05  4.01043320533863e-05
  4.21153406524142e-05  4.42271705840162e-05  4.64448749976150e-05
  4.87737601905745e-05  5.12193982815851e-05  5.37876405172751e-05
  5.64846312448626e-05  5.93168225828409e-05  6.22909898256240e-05
  6.54142476180081e-05  6.86940669383456e-05  7.21382929304209e-05
  7.57551636268333e-05  7.95533296076293e-05  8.35418746419429e-05
  8.77303373600599e-05  9.21287340092996e-05  9.67475823456355e-05
  1.01597926719482e-04  1.06691364413861e-04  1.12040073298157e-04
  1.17656840862397e-04  1.23555094701606e-04  1.29748934521214e-04
  1.36253165741022e-04  1.43083334775153e-04  1.50255766073565e-04
  1.57787601011005e-04  1.65696838716639e-04  1.74002378939670e-04
  1.82724067053925e-04  1.91882741305004e-04  2.01500282415444e-04
  2.11599665660211e-04  2.22205015540201e-04  2.33341663178663e-04
  2.45036206578637e-04  2.57316573881721e-04  2.70212089778385e-04
  2.83753545224631e-04  2.97973270631504e-04  3.12905212695860e-04
  3.28585015058435e-04  3.45050102971953e-04  3.62339772185243e-04
  3.80495282245911e-04  3.99559954444847e-04  4.19579274629539e-04
  4.40601001129211e-04  4.62675278041956e-04  4.85854754153201e-04
  5.10194707757400e-04  5.35753177683946e-04  5.62591100821989e-04
  5.90772456477314e-04  6.20364417887819e-04  6.51437511258324e-04
  6.84065782680735e-04  7.18326973331768e-04  7.54302703351434e-04
  7.92078664836867e-04  8.31744824389203e-04  8.73395635699154e-04
  9.17130262645070e-04  9.63052813440776e-04  1.01127258635805e-03
  1.06190432760463e-03  1.11506850194625e-03  1.17089157670344e-03
  1.22950631977080e-03  1.29105211235762e-03  1.35567527715169e-03
  1.42352942268734e-03  1.49477580467629e-03  1.56958370516464e-03
  1.64813083035622e-03  1.73060372803394e-03  1.81719822552118e-03
  1.90811988919345e-03  2.00358450657599e-03  2.10381859214611e-03
  2.20905991796241e-03  2.31955807036203e-03  2.43557503395397e-03
  2.55738580426128e-03  2.68527903037649e-03  2.81955768910280e-03
  2.96053979207310e-03  3.10855912748504e-03  3.26396603805450e-03
  3.42712823701396e-03  3.59843166390357e-03  3.77828138213650e-03
  3.96710252029626e-03  4.16534125929205e-03  4.37346586754683e-03
  4.59196778654304e-03  4.82136276908902e-03  5.06219207288628e-03
  5.31502371193854e-03  5.58045376867251e-03  5.85910776953075e-03
  6.15164212715433e-03  6.45874565223264e-03  6.78114113836219e-03
  7.11958702332551e-03  7.47487913043781e-03  7.84785249365632e-03
  8.23938327049714e-03  8.65039074671596e-03  9.08183943724779e-03
  9.53474128768993e-03  1.00101579811962e-02  1.05092033555548e-02
  1.10330459356433e-02  1.15829115865448e-02  1.21600862929758e-02
  1.27659190707260e-02  1.34018250163698e-02  1.40692885013166e-02
  1.47698665171489e-02  1.55051921787894e-02  1.62769783929896e-02
  1.70870216994179e-02  1.79372062922938e-02  1.88295082306058e-02
  1.97659998455262e-02  2.07488543536480e-02  2.17803506855597e-02
  2.28628785388746e-02  2.39989436662567e-02  2.51911734082081e-02
  2.64423224819219e-02  2.77552790370441e-02  2.91330709902316e-02
  3.05788726504442e-02  3.20960116477829e-02  3.36879761785822e-02
  3.53584225808718e-02  3.71111832534884e-02  3.89502749344370e-02
  4.08799073525921e-02  4.29044922693281e-02  4.50286529256849e-02
  4.72572339122933e-02  4.95953114791687e-02  5.20482043037790e-02
  5.46214847353807e-02  5.73209905358173e-02  6.01528371352605e-02
  6.31234304251287e-02  6.62394801075032e-02  6.95080136243873e-02
  7.29363906881227e-02  7.65323184367358e-02  8.03038672374137e-02
  8.42594871631750e-02  8.84080251666627e-02  9.27587429783795e-02
  9.73213357532191e-02  1.02105951495213e-01  1.07123211284774e-01
  1.12384230339211e-01  1.17900639933131e-01  1.23684610209018e-01
  1.29748873906614e-01  1.36106751042302e-01  1.42772174566919e-01
  1.49759717035429e-01  1.57084618316036e-01  1.64762814373243e-01
  1.72810967153281e-01  1.81246495605254e-01  1.90087607867189e-01
  1.99353334650793e-01  2.09063563851030e-01  2.19239076417282e-01
  2.29901583507646e-01  2.41073764963322e-01  2.52779309124205e-01
  2.65042954017089e-01  2.77890529939031e-01  2.91349003461775e-01
  3.05446522876402e-01  3.20212465102371e-01  3.35677484071631e-01
  3.51873560612127e-01  3.68834053829987e-01  3.86593754011264e-01
  4.05188937036308e-01  4.24657420314512e-01  4.45038620229509e-01
  4.66373611088314e-01  4.88705185553285e-01  5.12077916542155e-01
  5.36538220554416e-01  5.62134422404102e-01  5.88916821291183e-01
  6.16937758179517e-01  6.46251684396547e-01  6.76915231393007e-01
  7.08987281566158e-01  7.42529040053042e-01  7.77604107370659e-01
  8.14278552788325e-01  8.52620988265722e-01  8.92702642825915e-01
  9.34597437143748e-01  9.78382058190691e-01  1.02413603367971e+00
  1.07194180609195e+00  1.12188480600192e+00  1.17405352442040e+00
  1.22853958381889e+00  1.28543780751191e+00  1.34484628697903e+00
  1.40686644677059e+00  1.47160310648129e+00  1.53916453938298e+00
  1.60966252713395e+00  1.68321241005081e+00  1.75993313231167e+00
  1.83994728147222e+00  1.92338112156849e+00  2.01036461912152e+00
  2.10103146118187e+00  2.19551906467514e+00  2.29396857603729e+00
  2.39652486031697e+00  2.50333647863276e+00  2.61455565301732e+00
  2.73033821743546e+00  2.85084355392454e+00  2.97623451243965e+00
  3.10667731331657e+00  3.24234143077625e+00  3.38339945622739e+00
  3.53002693974105e+00  3.68240220829362e+00  3.84070615898524e+00
  4.00512202584411e+00  4.17583511818943e+00  4.35303252910319e+00
  4.53690281196084e+00  4.72763562335717e+00  4.92542133038983e+00
  5.13045058063034e+00  5.34291383250673e+00  5.56300084468951e+00
  5.79090012193956e+00  6.02679831614802e+00  6.27087958017887e+00
  6.52332487306086e+00  6.78431121454446e+00  7.05401088755729e+00
  7.33259058673812e+00  7.62021051201401e+00  7.91702340541881e+00
  8.22317353078532e+00  8.53879559461231e+00  8.86401360836267e+00
  9.19893969111841e+00  9.54367281323585e+00  9.89829748073326e+00
  1.02628823620787e+01  1.06374788573501e+01  1.10221196132227e+01
  1.14168169841170e+01  1.18215614443583e+01  1.22363199533406e+01
  1.26610342791109e+01  1.30956192847314e+01  1.35399611839221e+01
  1.39939157720236e+01  1.44573066411865e+01  1.49299233869168e+01
  1.54115198179775e+01  1.59018121780524e+01  1.64004773938084e+01
  1.69071513605879e+01  1.74214272819099e+01  1.79428540771367e+01
  1.84709348765294e+01  1.90051256190699e+01  1.95448337771867e+01
  2.00894172243222e+01  2.06381832729526e+01  2.11903879023636e+01
  2.17452352042497e+01  2.23018770692555e+01  2.28594131449136e+01
  2.34168910874786e+01  2.39733071433553e+01  2.45276070804646e+01
  2.50786875073241e+01  2.56253976020045e+01  2.61665412848550e+01
  2.67008798603387e+01  2.72271351575788e+01  2.77439931930406e+01
  2.82501083832830e+01  2.87441083245385e+01  2.92245991651601e+01
  2.96901715772207e+01  3.01394073513076e+01  3.05708866072391e+01
  3.09831956371115e+01  3.13749353643131e+01  3.17447304171366e+01
  3.20912387928172e+01  3.24131620912460e+01  3.27092562787559e+01
  3.29783429446667e+01  3.32193209893154e+01  3.34311786898124e+01
  3.36130060552364e+01  3.37640074028090e+01  3.38835140373189e+01
  3.39709969441363e+01  3.40260793590287e+01  3.40485490932634e+01
  3.40383704618594e+01  3.39956956697906e+01  3.39208754786135e+01
  3.38144689976337e+01  3.36772523984462e+01  3.35102263847625e+01
  3.33146222111149e+01  3.30919060664997e+01  3.28437816219628e+01
  3.25721905599783e+01  3.22793108876157e+01  3.19675528756978e+01
  3.16395524363832e+01  3.12981618184002e+01  3.09464374662041e+01
  3.05876249594004e+01  3.02251409410902e+01  2.98625520027225e+01
  2.95035505005921e+01  2.91519273558586e+01  2.88115418815749e+01
  2.84862887876613e+01  2.81800625000484e+01  2.78967190351431e+01
  2.76400356840096e+01  2.74136688373567e+01  2.72211103223232e+01
  2.70656426819798e+01  2.69502938757472e+01  2.68777919229920e+01
  2.68505200656007e+01  2.68704730537483e+01  2.69392151982328e+01
  2.70578408576504e+01  2.72269380447655e+01  2.74465558473370e+01
  2.77161763548775e+01  2.80346917747039e+01  2.84003873889273e+01
  2.88109309802504e+01  2.92633692884456e+01  2.97541320178820e+01
  3.02790438200117e+01  3.08333446074345e+01  3.14117184381773e+01
  3.20083311135275e+01  3.26168764924757e+01  3.32306314179220e+01
  3.38425189823380e+01  3.44451797432892e+01  3.50310503305230e+01
  3.55924487451753e+01  3.61216655021509e+01  3.66110596204999e+01
  3.70531583237097e+01  3.74407591936922e+01  3.77670333878435e+01
  3.80256284451515e+01  3.82107691072578e+01  3.83173545265999e+01
  3.83410501887211e+01  3.82783728640115e+01  3.81267669095714e+01
  3.78846703008627e+01  3.75515688185240e+01  3.71280369613024e+01
  3.66157642484072e+01  3.60175657930150e+01  3.53373761970126e+01
  3.45802260814645e+01  3.37522008125678e+01  3.28603813055380e+01
  3.19127670711453e+01  3.09181820565993e+01  2.98861641324731e+01
  2.88268394924786e+01  2.77507835486398e+01  2.66688702901994e+01
  2.55921123916903e+01  2.45314946709120e+01  2.34978037583165e+01
  2.25014570710597e+01  2.15523343207800e+01  2.06596149004007e+01
  1.98316244782386e+01  1.90756940754372e+01  1.83980347299661e+01
  1.78036306082565e+01  1.72961530961820e+01  1.68778979881406e+01
  1.65497474348206e+01  1.63111577660878e+01  1.61601737632528e+01
  1.60934693531461e+01  1.61064141094171e+01  1.61931643526877e+01
  1.63467770704167e+01  1.65593443333628e+01  1.68221453885887e+01
  1.71258131665758e+01  1.74605115702784e+01  1.78161196300819e+01
  1.81824184228704e+01  1.85492765783385e+01  1.89068302381122e+01
  1.92456534948207e+01  1.95569156213541e+01  1.98325217895507e+01
  2.00652344708382e+01  2.02487732784987e+01  2.03778916442900e+01
  2.04484293857313e+01  2.04573408978161e+01  2.04026993650828e+01
  2.02836780131014e+01  2.01005099842989e+01  1.98544289102811e+01
  1.95475926505783e+01  1.91829929660681e+01  1.87643540897461e+01
  1.82960232502281e+01  1.77828561951116e+01  1.72301006654213e+01
  1.66432805968481e+01  1.60280835789039e+01  1.53902538124788e+01
  1.47354924722080e+01  1.40693670291452e+01  1.33972307255824e+01
  1.27241530359714e+01  1.20548616024521e+01  1.13936958133113e+01
  1.07445718976341e+01  1.01109591544423e+01  9.49586671428053e+00
  8.90184004775870e+00  8.33096629916976e+00  7.78488741536352e+00
  7.26481997755178e+00  6.77158060935212e+00  6.30561583292704e+00
  5.86703527118935e+00  5.45564714158039e+00  5.07099505682248e+00
  4.71239523083102e+00  4.37897328497747e+00  4.06969995359627e+00
  3.78342509716293e+00  3.51890954191818e+00  3.27485437458191e+00
  3.04992742475413e+00  2.84278676936463e+00  2.65210118053733e+00
  2.47656752302361e+00  2.31492517565143e+00  2.16596761068071e+00
  2.02855131334474e+00  1.90160225848831e+00  1.78412018724052e+00
  1.67518094110242e+00  1.57393711608028e+00  1.47961729768129e+00
  1.39152412753267e+00  1.30903143836831e+00  1.23158067477605e+00
  1.15867679570732e+00  1.08988383116221e+00  1.02482024153583e+00
  9.63154204121528e-01  9.04598928663852e-01  8.48908082315236e-01
  7.95871385346906e-01  7.45310421746924e-01  6.97074694445718e-01
  6.51037942672183e-01  6.07094729313965e-01  5.65157298587362e-01
  5.25152698932215e-01  4.87020162280257e-01  4.50708728717249e-01
  4.16175104490056e-01  3.83381741285697e-01  3.52295125214155e-01
  3.22884264960443e-01  2.95119369559593e-01  2.68970707578200e-01
  2.44407640255544e-01  2.21397822019105e-01  1.99906562108672e-01
  1.79896341050438e-01  1.61326475444887e-01  1.44152923761651e-01
  1.28328224973681e-01  1.13801560554917e-01  1.00518929203704e-01
  8.84234221516820e-02  7.74555857686914e-02  6.75538569386221e-02
  5.86550558433517e-02  5.06949201657765e-02  4.36086645252853e-02
  3.73315491148496e-02  3.17994421228919e-02  2.69493615125268e-02
  2.27199831362872e-02  1.90521038760345e-02  1.58890505082997e-02
  1.31770271760243e-02  1.08653966571877e-02  8.90689293038613e-03
  7.25776479057771e-03  5.87785235539545e-03  4.73060017264445e-03
  3.78301221674541e-03  3.00555531853088e-03  2.37201847217147e-03
  1.85933601018845e-03  1.44738283492700e-03  1.11874977616016e-03
  8.58506744977999e-04  6.53960725542290e-04  4.94414841326370e-04
  3.70933811087967e-04  2.76120123364257e-04  2.03904264298871e-04
  1.49351368101688e-04  1.08485772756079e-04  7.81341614661026e-05
  5.57873006735860e-05  3.94798242065357e-05  2.76870864163172e-05
  1.92378078006355e-05  1.32410218501567e-05  9.02575398615626e-06
  6.09181973731066e-06  4.07018907044902e-06  2.69144424235856e-06
  1.76098429384460e-06  1.13977093607917e-06  7.29559923898576e-07
  4.61712350810804e-07  2.88822752911508e-07  1.78533370692162e-07
  1.09021063028603e-07  6.57469775743929e-08  3.91455826269928e-08
  2.30035713153557e-08  1.33374343929499e-08  7.62729566542367e-09
  4.30070533708780e-09  2.39018081261236e-09  1.30881985085723e-09
  7.05891262058968e-10  3.74818462218378e-10  1.95874594019338e-10
  1.00696882556327e-10  5.09049473399934e-11  2.52951390317913e-11
  1.23498178673225e-11  5.92156770197374e-12  2.78719246196119e-12
  1.28720537524690e-12  5.83002933841885e-13  2.58834343481773e-13
  1.12585521834009e-13  4.79542641398603e-14  1.99906276761642e-14
  8.15169379187379e-15  3.24966140059076e-15  1.26582248017170e-15
  4.81640983134917e-16  1.78866197185778e-16  6.47895171866120e-17
  2.28762065791088e-17  7.86854363678770e-18  2.63486385045452e-18
  8.58440138522259e-19  2.71789789061715e-19  8.36089081672481e-20
  2.49674326778770e-20  7.23227543190593e-21  2.03060661220279e-21
  5.52189947235486e-22  1.45317207557830e-22  3.69791697733658e-23
  9.09172133460196e-24  2.15780702708073e-24  4.93942654873951e-25
  1.08955430597219e-25  2.31383044187033e-26  4.72625433505330e-27
  9.27659782161857e-28  1.74791382547959e-28  3.15845539779165e-29
  5.46772632503809e-30
  8.57961410427236e-25  9.78774144905159e-25  1.11659446390660e-24
  1.27381588436570e-24  1.45316864773161e-24  1.65776706980473e-24
  1.89116354536354e-24  2.15741014227810e-24  2.46112885099420e-24
  2.80759170481419e-24  3.20281215703471e-24  3.65364929532970e-24
  4.16792669558399e-24  4.75456797009110e-24  5.42375135326384e-24
  6.18708599655182e-24  7.05781301886146e-24  8.05103478583490e-24
  9.18397637817175e-24  1.04762837642517e-23  1.19503638249096e-23
  1.36317720996192e-23  1.55496549453522e-23  1.77372537367112e-23
  2.02324798041465e-23  2.30785700247530e-23  2.63248343681409e-23
  3.00275082817140e-23  3.42507246028735e-23  3.90676217405168e-23
  4.45616072103702e-23  5.08277982777134e-23  5.79746645032104e-23
  6.61259004535468e-23  7.54225607895990e-23  8.60254944456126e-23
  9.81181197428835e-23  1.11909588125866e-22  1.27638390868452e-22
  1.45576470685761e-22  1.66033908832465e-22  1.89364268117363e-22
  2.15970683485799e-22  2.46312804604083e-22  2.80914709442783e-22
  3.20373924443852e-22  3.65371705752445e-22  4.16684757516129e-22
  4.75198587769813e-22  5.41922730342354e-22  6.18008093021795e-22
  7.04766728425659e-22  8.03694365263707e-22  9.16496084638617e-22
  1.04511557950293e-21  1.19176849627305e-21  1.35898042692538e-21
  1.54963019881406e-21  1.76699919931009e-21  2.01482757462697e-21
  2.29737825864394e-21  2.61950992005094e-21  2.98676006698711e-21
  3.40543972001373e-21  3.88274125964653e-21  4.42686127698605e-21
  5.04714050900854e-21  5.75422322791376e-21  6.56023878147894e-21
  7.47900835396833e-21  8.52628044104672e-21  9.71999901433822e-21
  1.10806088997159e-20  1.26314035172446e-20  1.43989208400510e-20
  1.64133942362463e-20  1.87092657752609e-20  2.13257706230678e-20
  2.43076023365327e-20  2.77056702152279e-20  3.15779614013216e-20
  3.59905221599900e-20  4.10185747520255e-20  4.67477885600194e-20
  5.32757266853240e-20  6.07134921372995e-20  6.91876010356432e-20
  7.88421139945279e-20  8.98410611144261e-20  1.02371200842217e-19
  1.16645158451156e-19  1.32904996125973e-19  1.51426273717654e-19
  1.72522667267058e-19  1.96551221518293e-19  2.23918322994620e-19
  2.55086491957720e-19  2.90582104901127e-19  3.31004174352965e-19
  3.77034329918950e-19  4.29448163957062e-19  4.89128127344394e-19
  5.57078185822940e-19  6.34440475784220e-19  7.22514230520834e-19
  8.22777284429153e-19  9.36910503970975e-19  1.06682554102033e-18
  1.21469635727047e-18  1.38299502846803e-18  1.57453240530246e-18
  1.79250428485462e-18  2.04054383377866e-18  2.32278110318708e-18
  2.64391058703450e-18  3.00926790234659e-18  3.42491681283668e-18
  3.89774797944400e-18  4.43559100455980e-18  5.04734154392520e-18
  5.74310549447351e-18  6.53436253125982e-18  7.43415156598145e-18
  8.45728103788772e-18  9.62056733009289e-18  1.09431050360466e-17
  1.24465732885318e-17  1.41555829141058e-17  1.60980697974875e-17
  1.83057405418708e-17  2.08145773028072e-17  2.36654095663842e-17
  2.69045616498173e-17  3.05845858385823e-17  3.47650923550785e-17
  3.95136887974656e-17  4.49070433144637e-17  5.10320876149018e-17
  5.79873779758591e-17  6.58846347385609e-17  7.48504833995084e-17
  8.50284233513487e-17  9.65810536449023e-17  1.09692588874851e-16
  1.24571702489571e-16  1.41454739545031e-16  1.60609346229940e-16
  1.82338569453781e-16  2.06985486492049e-16  2.34938432213350e-16
  2.66636899869711e-16  3.02578200929643e-16  3.43324980091619e-16
  3.89513693584326e-16  4.41864172280221e-16  5.01190406212226e-16
  5.68412703968471e-16  6.44571399376295e-16  7.30842299108342e-16
  8.28554088629572e-16  9.39207940542614e-16  1.06449959924140e-15
  1.20634424918645e-15  1.36690451153912e-15  1.54862195574648e-15
  1.75425255952600e-15  1.98690660309582e-15  2.25009354211634e-15
  2.54777246931655e-15  2.88440884806571e-15  3.26503828296652e-15
  3.69533818405976e-15  4.18170828335726e-15  4.73136107656818e-15
  5.35242339020570e-15  6.05405041660541e-15  6.84655371790657e-15
  7.74154487736201e-15  8.75209667369426e-15  9.89292387469179e-15
  1.11805859918506e-14  1.26337146118664e-14  1.42732682259562e-14
  1.61228178185437e-14  1.82088668554998e-14  2.05612097351377e-14
  2.32133332348991e-14  2.62028660112149e-14  2.95720817929066e-14
  3.33684625582977e-14  3.76453287085876e-14  4.24625440555459e-14
  4.78873043353322e-14  5.39950189583588e-14  6.08702968113254e-14
  6.86080481618108e-14  7.73147160860620e-14  8.71096523654990e-14
  9.81266544936466e-14  1.10515682318599e-13  1.24444774946352e-13
  1.40102190853085e-13  1.57698796755162e-13  1.77470733653204e-13
  1.99682391676927e-13  2.24629728908012e-13  2.52643973312277e-13
  2.84095751309733e-13  3.19399691384309e-13  3.59019556572566e-13
  4.03473965686811e-13  4.53342769839448e-13  5.09274158273240e-13
  5.71992575781816e-13  6.42307543194491e-13  7.21123482630803e-13
  8.09450660566159e-13  9.08417374411772e-13  1.01928352229501e-12
  1.14345571138067e-12  1.28250407736710e-12  1.43818100710773e-12
  1.61244197772247e-12  1.80746874943926e-12  2.02569517586353e-12
  2.26983592496514e-12  2.54291843676875e-12  2.84831848036613e-12
  3.18979971341398e-12  3.57155769255885e-12  3.99826883358152e-12
  4.47514487608521e-12  5.00799347011724e-12  5.60328557143301e-12
  6.26823041007727e-12  7.01085888274481e-12  7.84011631639863e-12
  8.76596565745305e-12  9.79950226106018e-12  1.09530815885306e-11
  1.22404612703787e-11  1.36769591587970e-11  1.52796291800262e-11
  1.70674570044670e-11  1.90615777853897e-11  2.12855184767230e-11
  2.37654675313225e-11  2.65305751065078e-11  2.96132872679705e-11
  3.30497180911670e-11  3.68800640165971e-11  4.11490653276051e-11
  4.59065201948453e-11  5.12078573749993e-11  5.71147743778109e-11
  6.36959487251959e-11  7.10278308435859e-11  7.91955281544301e-11
  8.82937910853973e-11  9.84281130235105e-11  1.09715957696388e-10
  1.22288129114842e-10  1.36290301071657e-10  1.51884725283184e-10
  1.69252139628922e-10  1.88593900610412e-10  2.10134367167672e-10
  2.34123566396187e-10  2.60840175562272e-10  2.90594859166374e-10
  3.23734004742696e-10  3.60643906658351e-10  4.01755453509563e-10
  4.47549381876620e-10  4.98562167333035e-10  5.55392632829954e-10
  6.18709365047735e-10  6.89259041195460e-10  7.67875782257811e-10
  8.55491664030906e-10  9.53148534764485e-10  1.06201130808101e-09
  1.18338292244724e-09  1.31872118421544e-09  1.46965774055125e-09
  1.63801946195755e-09  1.82585255215332e-09  2.03544974646703e-09
  2.26938100933533e-09  2.53052819800446e-09  2.82212422381456e-09
  3.14779731608796e-09  3.51162107739913e-09  3.91817111492445e-09
  4.37258914192856e-09  4.88065556850691e-09  5.44887174336483e-09
  6.08455317199603e-09  6.79593522234906e-09  7.59229304360237e-09
  8.48407766560152e-09  9.48307052696850e-09  1.06025589970291e-08
  1.18575358217755e-08  1.32649258398952e-08  1.48438437925623e-08
  1.66158875922959e-08  1.86054720433564e-08  2.08402087129071e-08
  2.33513384709107e-08  2.61742241443990e-08  2.93489117967287e-08
  3.29207703594910e-08  3.69412207317077e-08  4.14685670571825e-08
  4.65689446917362e-08  5.23174014663704e-08  5.87991311988825e-08
  6.61108811302222e-08  7.43625580387907e-08  8.36790613220976e-08
  9.42023753382438e-08  1.06093957934339e-07  1.19537467256752e-07
  1.34741874993175e-07  1.51945020924113e-07  1.71417671473274e-07
  1.93468153758101e-07  2.18447646702932e-07  2.46756222248968e-07
  2.78849742668894e-07  3.15247734954682e-07  3.56542379845931e-07
  4.03408772547977e-07  4.56616633586033e-07  5.17043673198360e-07
  5.85690840523898e-07  6.63699720694204e-07  7.52372378784734e-07
  8.53193990507408e-07  9.67858645962123e-07  1.09829876360539e-06
  1.24671861313442e-06  1.41563251028015e-06  1.60790832148013e-06
  1.82681700708724e-06  2.07608901505429e-06  2.35997846279110e-06
  2.68333614571076e-06  3.05169256748680e-06  3.47135232368606e-06
  3.94950135309608e-06  4.49432876227130e-06  5.11516513630050e-06
  5.82263950876129e-06  6.62885741054821e-06  7.54760274562573e-06
  8.59456654976912e-06  9.78760609750077e-06  1.11470381975019e-05
  1.26959710323654e-05  1.44606793544585e-05  1.64710284851007e-05
  1.87609531197892e-05  2.13689977303882e-05  2.43389260159236e-05
  2.77204078146771e-05  3.15697927229919e-05  3.59509807245238e-05
  4.09364013090517e-05  4.66081136156924e-05  5.30590416968332e-05
  6.03943601932762e-05  6.87330475022030e-05  7.82096250261032e-05
  8.89761031236054e-05  1.01204156022505e-04  1.15087550560687e-04
  1.30844855236814e-04  1.48722459075814e-04  1.68997931833535e-04
  1.91983760115759e-04  2.18031496294151e-04  2.47536361002163e-04
  2.80942341175270e-04  3.18747831391390e-04  3.61511866283238e-04
  4.09860997855716e-04  4.64496872676354e-04  5.26204568040977e-04
  5.95861748738991e-04  6.74448709300509e-04  7.63059368325339e-04
  8.62913284907553e-04  9.75368767379413e-04  1.10193714691885e-03
  1.24429828873858e-03  1.40431741228730e-03  1.58406329168444e-03
  1.78582790484439e-03  2.01214759287547e-03  2.26582579181545e-03
  2.54995738313659e-03  2.86795470718140e-03  3.22357526782110e-03
  3.62095114183356e-03  4.06462009208603e-03  4.55955836163792e-03
  5.11121509900983e-03  5.72554834543419e-03  6.40906247420002e-03
  7.16884694307215e-03  8.01261618356493e-03  8.94875039524977e-03
  9.98633697944372e-03  1.11352122862105e-02  1.24060032797095e-02
  1.38101686991332e-02  1.53600391708495e-02  1.70688557112396e-02
  1.89508059508874e-02  2.10210573292649e-02  2.32957864607021e-02
  2.57922037388767e-02  2.85285722155902e-02  3.15242196283796e-02
  3.47995425157536e-02  3.83760010125036e-02  4.22761032216666e-02
  4.65233775648923e-02  5.11423318393977e-02  5.61583974005326e-02
  6.15978569910308e-02  6.74877546980251e-02  7.38557865324310e-02
  8.07301702022862e-02  8.81394926492212e-02  9.61125341881141e-02
  1.04678068049207e-01  1.13864634534180e-01  1.23700289105926e-01
  1.34212324073004e-01  1.45426964044907e-01  1.57369035402053e-01
  1.70061611029995e-01  1.83525631530786e-01  1.97779505112015e-01
  2.12838688833090e-01  2.28715254388479e-01  2.45417442540512e-01
  2.62949210683668e-01  2.81309778792692e-01  3.00493179586588e-01
  3.20487819136578e-01  3.41276054815709e-01  3.62833797633509e-01
  3.85130146482326e-01  4.08127062036273e-01  4.31779088185042e-01
  4.56033129272484e-01  4.80828291445530e-01  5.06095796928280e-01
  5.31758980048638e-01  5.57733374331540e-01  5.83926899799761e-01
  6.10240159470238e-01  6.36566853238411e-01  6.62794315850062e-01
  6.88804183590125e-01  7.14473191422900e-01  7.39674098756070e-01
  7.64276738207768e-01  7.88149177432825e-01  8.11158980060562e-01
  8.33174547834963e-01  8.54066522287744e-01  8.73709221846502e-01
  8.91982087136670e-01  9.08771106648251e-01  9.23970193434287e-01
  9.37482484391422e-01  9.49221534461606e-01  9.59112380347211e-01
  9.67092451186721e-01  9.73112307267308e-01  9.77136192106997e-01
  9.79142387909023e-01  9.79123369308854e-01  9.77085755387743e-01
  9.73050064772785e-01  9.67050283322871e-01  9.59133258003988e-01
  9.49357934216346e-01  9.37794456684398e-01  9.24523156248756e-01
  9.09633446218975e-01  8.93222652618779e-01  8.75394802446861e-01
  8.56259393332432e-01  8.35930166476647e-01  8.14523902941897e-01
  7.92159260995602e-01  7.68955669741957e-01  7.45032291514638e-01
  7.20507062844879e-01  6.95495821066719e-01  6.70111521212788e-01
  6.44463545198847e-01  6.18657104235375e-01  5.92792731320344e-01
  5.66965862958428e-01  5.41266503194267e-01  5.15778967505982e-01
  4.90581698394155e-01  4.65747148220532e-01  4.41341722004157e-01
  4.17425774175113e-01  3.94053653203379e-01  3.71273787916546e-01
  3.49128810176348e-01  3.27655708555713e-01  3.06886008285769e-01
  2.86845973139619e-01  2.67556825264631e-01  2.49034979536068e-01
  2.31292289136380e-01  2.14336299883205e-01  1.98170510499175e-01
  1.82794637029816e-01  1.68204879258704e-01  1.54394187573075e-01
  1.41352528751598e-01  1.29067149294421e-01  1.17522835095298e-01
  1.06702166308726e-01  9.65857663567790e-02  8.71525441357904e-02
  7.83799285047931e-02  7.02440942809970e-02  6.27201790031962e-02
  5.57824898554097e-02  4.94047002173683e-02  4.35600354271427e-02
  3.82214474329685e-02  3.33617781254872e-02  2.89539112268273e-02
  2.49709127193893e-02  2.13861598663599e-02  1.81734589640243e-02
  1.53071520183412e-02  1.27622126015000e-02  1.05143311793502e-02
  8.53999024036950e-03  6.81652957448267e-03  5.32220207077824e-03
  4.03622040620340e-03  2.93879500343962e-03  2.01116362186657e-03
  1.23561299005045e-03  5.95492773982159e-04  7.52222587209195e-05
 -3.39709844169249e-04 -6.62752222102957e-04 -9.06304006516478e-04
 -1.08173370893432e-03 -1.19940368338945e-03 -1.26869973617461e-03
 -1.29806548309704e-03 -1.29504102775229e-03 -1.26630550433070e-03
 -1.21772299745189e-03 -1.15439131963510e-03 -1.08069309556790e-03
 -1.00034857985251e-03 -9.16469610586797e-04 -8.31614093524304e-04
 -7.47840408183599e-04 -6.66761135951741e-04 -5.89595533782707e-04
 -5.17220210116232e-04 -4.50217505963952e-04 -3.88921141775321e-04
 -3.33458757624564e-04 -2.83791049261567e-04 -2.39747282551786e-04
 -2.01057051697446e-04 -1.67378229062395e-04 -1.38321134064986e-04
 -1.13469022479370e-04 -9.23950636138678e-05 -7.46760290806455e-05
 -5.99029621122246e-05 -4.76891296296393e-05 -3.76755804814352e-05
 -2.95346426426553e-05 -2.29716906591488e-05 -1.77255033712323e-05
 -1.35675126184671e-05 -1.03002178873971e-05 -7.75501163440020e-06
 -5.78962697326072e-06 -4.28538557296319e-06 -3.14438980844429e-06
 -2.28677174495375e-06 -1.64808203281388e-06 -1.17687615777033e-06
 -8.32533531928583e-07 -5.83326199253048e-07 -4.04740254412147e-07
 -2.78041386036935e-07 -1.89068902641212e-07 -1.27237274242397e-07
 -8.47216939310203e-08 -5.58032837813536e-08 -3.63500429503205e-08
 -2.34110921180834e-08 -1.49038270554582e-08 -9.37599557603387e-09
 -5.82721062372403e-09 -3.57687928298368e-09 -2.16780704899446e-09
 -1.29681678841405e-09 -7.65495721227990e-10 -4.45732602952445e-10
 -2.55934691097800e-10 -1.44864541562480e-10 -8.08009588629274e-11
 -4.43962415187139e-11 -2.40201329283669e-11 -1.27925406037667e-11
 -6.70352743179907e-12 -3.45498748552604e-12 -1.75073097430741e-12
 -8.71849899012090e-13 -4.26506775538106e-13 -2.04870738757407e-13
 -9.65843601759461e-14 -4.46688451420505e-14 -2.02566159975976e-14
 -9.00287527330664e-15 -3.91949767767720e-15 -1.67067480847744e-15
 -6.96843781197588e-16 -2.84262021944429e-16 -1.13343482423210e-16
 -4.41538332959466e-17 -1.68029553246487e-17 -6.23995001218272e-18
 -2.25991841372951e-18 -7.97724997730226e-19 -2.74342327056285e-19
 -9.19174512388217e-20 -3.00366807709475e-20 -9.55523551396466e-21
 -2.95198367692259e-21 -8.85024291484004e-22 -2.57301631327366e-22
 -7.24844833320523e-23 -1.97707510001120e-23 -5.21709232489775e-24
 -1.33077208694489e-24 -3.27855082103042e-25 -7.79447676706540e-26
 -1.78662237999992e-26 -3.94478407103197e-27 -8.38208333024047e-28
 -1.71238743491075e-28 -3.36004914230608e-29 -6.32621399711267e-30
 -1.14168557003431e-30
 (i6, f12.0, f18.0, f8.3, i6)
   670  60.0000000  0.02500000000000  28.000     2
 (3e22.14)
  2.99785627573422e-06  3.14822239435847e-06  3.30613016966885e-06
  3.47195782587790e-06  3.64610255336458e-06  3.82898145956288e-06
  4.02103256751086e-06  4.22271586444773e-06  4.43451440296639e-06
  4.65693545735412e-06  4.89051173788764e-06  5.13580266598148e-06
  5.39339571324481e-06  5.66390780763799e-06  5.94798681010478e-06
  6.24631306518648e-06  6.55960102936013e-06  6.88860098093621e-06
  7.23410081568921e-06  7.59692793238457e-06  7.97795121286751e-06
  8.37808310127808e-06  8.79828178750214e-06  9.23955349997383e-06
  9.70295491336786e-06  1.01895956768869e-05  1.07006410692405e-05
  1.12373147865653e-05  1.18009018700825e-05  1.23927517802839e-05
  1.30142816252358e-05  1.36669795504470e-05  1.43524082986175e-05
  1.50722089476040e-05  1.58281048356225e-05  1.66219056829800e-05
  1.74555119202674e-05  1.83309192331880e-05  1.92502233350959e-05
  2.02156249782947e-05  2.12294352164674e-05  2.22940809303504e-05
  2.34121106302039e-05  2.45862005486439e-05  2.58191610385270e-05
  2.71139432910140e-05  2.84736463899823e-05  2.99015247193462e-05
  3.14009957413210e-05  3.29756481636020e-05  3.46292505156138e-05
  3.63657601535227e-05  3.81893327160834e-05  4.01043320533863e-05
  4.21153406524142e-05  4.42271705840162e-05  4.64448749976150e-05
  4.87737601905745e-05  5.12193982815851e-05  5.37876405172751e-05
  5.64846312448626e-05  5.93168225828409e-05  6.22909898256240e-05
  6.54142476180081e-05  6.86940669383456e-05  7.21382929304209e-05
  7.57551636268333e-05  7.95533296076293e-05  8.35418746419429e-05
  8.77303373600599e-05  9.21287340092996e-05  9.67475823456355e-05
  1.01597926719482e-04  1.06691364413861e-04  1.12040073298157e-04
  1.17656840862397e-04  1.23555094701606e-04  1.29748934521214e-04
  1.36253165741022e-04  1.43083334775153e-04  1.50255766073565e-04
  1.57787601011005e-04  1.65696838716639e-04  1.74002378939670e-04
  1.82724067053925e-04  1.91882741305004e-04  2.01500282415444e-04
  2.11599665660211e-04  2.22205015540201e-04  2.33341663178663e-04
  2.45036206578637e-04  2.57316573881721e-04  2.70212089778385e-04
  2.83753545224631e-04  2.97973270631504e-04  3.12905212695860e-04
  3.28585015058435e-04  3.45050102971953e-04  3.62339772185243e-04
  3.80495282245911e-04  3.99559954444847e-04  4.19579274629539e-04
  4.40601001129211e-04  4.62675278041956e-04  4.85854754153201e-04
  5.10194707757400e-04  5.35753177683946e-04  5.62591100821989e-04
  5.90772456477314e-04  6.20364417887819e-04  6.51437511258324e-04
  6.84065782680735e-04  7.18326973331768e-04  7.54302703351434e-04
  7.92078664836867e-04  8.31744824389203e-04  8.73395635699154e-04
  9.17130262645070e-04  9.63052813440776e-04  1.01127258635805e-03
  1.06190432760463e-03  1.11506850194625e-03  1.17089157670344e-03
  1.22950631977080e-03  1.29105211235762e-03  1.35567527715169e-03
  1.42352942268734e-03  1.49477580467629e-03  1.56958370516464e-03
  1.64813083035622e-03  1.73060372803394e-03  1.81719822552118e-03
  1.90811988919345e-03  2.00358450657599e-03  2.10381859214611e-03
  2.20905991796241e-03  2.31955807036203e-03  2.43557503395397e-03
  2.55738580426128e-03  2.68527903037649e-03  2.81955768910280e-03
  2.96053979207310e-03  3.10855912748504e-03  3.26396603805450e-03
  3.42712823701396e-03  3.59843166390357e-03  3.77828138213650e-03
  3.96710252029626e-03  4.16534125929205e-03  4.37346586754683e-03
  4.59196778654304e-03  4.82136276908902e-03  5.06219207288628e-03
  5.31502371193854e-03  5.58045376867251e-03  5.85910776953075e-03
  6.15164212715433e-03  6.45874565223264e-03  6.78114113836219e-03
  7.11958702332551e-03  7.47487913043781e-03  7.84785249365632e-03
  8.23938327049714e-03  8.65039074671596e-03  9.08183943724779e-03
  9.53474128768993e-03  1.00101579811962e-02  1.05092033555548e-02
  1.10330459356433e-02  1.15829115865448e-02  1.21600862929758e-02
  1.27659190707260e-02  1.34018250163698e-02  1.40692885013166e-02
  1.47698665171489e-02  1.55051921787894e-02  1.62769783929896e-02
  1.70870216994179e-02  1.79372062922938e-02  1.88295082306058e-02
  1.97659998455262e-02  2.07488543536480e-02  2.17803506855597e-02
  2.28628785388746e-02  2.39989436662567e-02  2.51911734082081e-02
  2.64423224819219e-02  2.77552790370441e-02  2.91330709902316e-02
  3.05788726504442e-02  3.20960116477829e-02  3.36879761785822e-02
  3.53584225808718e-02  3.71111832534884e-02  3.89502749344370e-02
  4.08799073525921e-02  4.29044922693281e-02  4.50286529256849e-02
  4.72572339122933e-02  4.95953114791687e-02  5.20482043037790e-02
  5.46214847353807e-02  5.73209905358173e-02  6.01528371352605e-02
  6.31234304251287e-02  6.62394801075032e-02  6.95080136243873e-02
  7.29363906881227e-02  7.65323184367358e-02  8.03038672374137e-02
  8.42594871631750e-02  8.84080251666627e-02  9.27587429783795e-02
  9.73213357532191e-02  1.02105951495213e-01  1.07123211284774e-01
  1.12384230339211e-01  1.17900639933131e-01  1.23684610209018e-01
  1.29748873906614e-01  1.36106751042302e-01  1.42772174566919e-01
  1.49759717035429e-01  1.57084618316036e-01  1.64762814373243e-01
  1.72810967153281e-01  1.81246495605254e-01  1.90087607867189e-01
  1.99353334650793e-01  2.09063563851030e-01  2.19239076417282e-01
  2.29901583507646e-01  2.41073764963322e-01  2.52779309124205e-01
  2.65042954017089e-01  2.77890529939031e-01  2.91349003461775e-01
  3.05446522876402e-01  3.20212465102371e-01  3.35677484071631e-01
  3.51873560612127e-01  3.68834053829987e-01  3.86593754011264e-01
  4.05188937036308e-01  4.24657420314512e-01  4.45038620229509e-01
  4.66373611088314e-01  4.88705185553285e-01  5.12077916542155e-01
  5.36538220554416e-01  5.62134422404102e-01  5.88916821291183e-01
  6.16937758179517e-01  6.46251684396547e-01  6.76915231393007e-01
  7.08987281566158e-01  7.42529040053042e-01  7.77604107370659e-01
  8.14278552788325e-01  8.52620988265722e-01  8.92702642825915e-01
  9.34597437143748e-01  9.78382058190691e-01  1.02413603367971e+00
  1.07194180609195e+00  1.12188480600192e+00  1.17405352442040e+00
  1.22853958381889e+00  1.28543780751191e+00  1.34484628697903e+00
  1.40686644677059e+00  1.47160310648129e+00  1.53916453938298e+00
  1.60966252713395e+00  1.68321241005081e+00  1.75993313231167e+00
  1.83994728147222e+00  1.92338112156849e+00  2.01036461912152e+00
  2.10103146118187e+00  2.19551906467514e+00  2.29396857603729e+00
  2.39652486031697e+00  2.50333647863276e+00  2.61455565301732e+00
  2.73033821743546e+00  2.85084355392454e+00  2.97623451243965e+00
  3.10667731331657e+00  3.24234143077625e+00  3.38339945622739e+00
  3.53002693974105e+00  3.68240220829362e+00  3.84070615898524e+00
  4.00512202584411e+00  4.17583511818943e+00  4.35303252910319e+00
  4.53690281196084e+00  4.72763562335717e+00  4.92542133038983e+00
  5.13045058063034e+00  5.34291383250673e+00  5.56300084468951e+00
  5.79090012193956e+00  6.02679831614802e+00  6.27087958017887e+00
  6.52332487306086e+00  6.78431121454446e+00  7.05401088755729e+00
  7.33259058673812e+00  7.62021051201401e+00  7.91702340541881e+00
  8.22317353078532e+00  8.53879559461231e+00  8.86401360836267e+00
  9.19893969111841e+00  9.54367281323585e+00  9.89829748073326e+00
  1.02628823620787e+01  1.06374788573501e+01  1.10221196132227e+01
  1.14168169841170e+01  1.18215614443583e+01  1.22363199533406e+01
  1.26610342791109e+01  1.30956192847314e+01  1.35399611839221e+01
  1.39939157720236e+01  1.44573066411865e+01  1.49299233869168e+01
  1.54115198179775e+01  1.59018121780524e+01  1.64004773938084e+01
  1.69071513605879e+01  1.74214272819099e+01  1.79428540771367e+01
  1.84709348765294e+01  1.90051256190699e+01  1.95448337771867e+01
  2.00894172243222e+01  2.06381832729526e+01  2.11903879023636e+01
  2.17452352042497e+01  2.23018770692555e+01  2.28594131449136e+01
  2.34168910874786e+01  2.39733071433553e+01  2.45276070804646e+01
  2.50786875073241e+01  2.56253976020045e+01  2.61665412848550e+01
  2.67008798603387e+01  2.72271351575788e+01  2.77439931930406e+01
  2.82501083832830e+01  2.87441083245385e+01  2.92245991651601e+01
  2.96901715772207e+01  3.01394073513076e+01  3.05708866072391e+01
  3.09831956371115e+01  3.13749353643131e+01  3.17447304171366e+01
  3.20912387928172e+01  3.24131620912460e+01  3.27092562787559e+01
  3.29783429446667e+01  3.32193209893154e+01  3.34311786898124e+01
  3.36130060552364e+01  3.37640074028090e+01  3.38835140373189e+01
  3.39709969441363e+01  3.40260793590287e+01  3.40485490932634e+01
  3.40383704618594e+01  3.39956956697906e+01  3.39208754786135e+01
  3.38144689976337e+01  3.36772523984462e+01  3.35102263847625e+01
  3.33146222111149e+01  3.30919060664997e+01  3.28437816219628e+01
  3.25721905599783e+01  3.22793108876157e+01  3.19675528756978e+01
  3.16395524363832e+01  3.12981618184002e+01  3.09464374662041e+01
  3.05876249594004e+01  3.02251409410902e+01  2.98625520027225e+01
  2.95035505005921e+01  2.91519273558586e+01  2.88115418815749e+01
  2.84862887876613e+01  2.81800625000484e+01  2.78967190351431e+01
  2.76400356840096e+01  2.74136688373567e+01  2.72211103223232e+01
  2.70656426819798e+01  2.69502938757472e+01  2.68777919229920e+01
  2.68505200656007e+01  2.68704730537483e+01  2.69392151982328e+01
  2.70578408576504e+01  2.72269380447655e+01  2.74465558473370e+01
  2.77161763548775e+01  2.80346917747039e+01  2.84003873889273e+01
  2.88109309802504e+01  2.92633692884456e+01  2.97541320178820e+01
  3.02790438200117e+01  3.08333446074345e+01  3.14117184381773e+01
  3.20083311135275e+01  3.26168764924757e+01  3.32306314179220e+01
  3.38425189823380e+01  3.44451797432892e+01  3.50310503305230e+01
  3.55924487451753e+01  3.61216655021509e+01  3.66110596204999e+01
  3.70531583237097e+01  3.74407591936922e+01  3.77670333878435e+01
  3.80256284451515e+01  3.82107691072578e+01  3.83173545265999e+01
  3.83410501887211e+01  3.82783728640115e+01  3.81267669095714e+01
  3.78846703008627e+01  3.75515688185240e+01  3.71280369613024e+01
  3.66157642484072e+01  3.60175657930150e+01  3.53373761970126e+01
  3.45802260814645e+01  3.37522008125678e+01  3.28603813055380e+01
  3.19127670711453e+01  3.09181820565993e+01  2.98861641324731e+01
  2.88268394924786e+01  2.77507835486398e+01  2.66688702901994e+01
  2.55921123916903e+01  2.45314946709120e+01  2.34978037583165e+01
  2.25014570710597e+01  2.15523343207800e+01  2.06596149004007e+01
  1.98316244782386e+01  1.90756940754372e+01  1.83980347299661e+01
  1.78036306082565e+01  1.72961530961820e+01  1.68778979881406e+01
  1.65497474348206e+01  1.63111577660878e+01  1.61601737632528e+01
  1.60934693531461e+01  1.61064141094171e+01  1.61931643526877e+01
  1.63467770704167e+01  1.65593443333628e+01  1.68221453885887e+01
  1.71258131665758e+01  1.74605115702784e+01  1.78161196300819e+01
  1.81824184228704e+01  1.85492765783385e+01  1.89068302381122e+01
  1.92456534948207e+01  1.95569156213541e+01  1.98325217895507e+01
  2.00652344708382e+01  2.02487732784987e+01  2.03778916442900e+01
  2.04484293857313e+01  2.04573408978161e+01  2.04026993650828e+01
  2.02836780131014e+01  2.01005099842989e+01  1.98544289102811e+01
  1.95475926505783e+01  1.91829929660681e+01  1.87643540897461e+01
  1.82960232502281e+01  1.77828561951116e+01  1.72301006654213e+01
  1.66432805968481e+01  1.60280835789039e+01  1.53902538124788e+01
  1.47354924722080e+01  1.40693670291452e+01  1.33972307255824e+01
  1.27241530359714e+01  1.20548616024521e+01  1.13936958133113e+01
  1.07445718976341e+01  1.01109591544423e+01  9.49586671428053e+00
  8.90184004775870e+00  8.33096629916976e+00  7.78488741536352e+00
  7.26481997755178e+00  6.77158060935212e+00  6.30561583292704e+00
  5.86703527118935e+00  5.45564714158039e+00  5.07099505682248e+00
  4.71239523083102e+00  4.37897328497747e+00  4.06969995359627e+00
  3.78342509716293e+00  3.51890954191818e+00  3.27485437458191e+00
  3.04992742475413e+00  2.84278676936463e+00  2.65210118053733e+00
  2.47656752302361e+00  2.31492517565143e+00  2.16596761068071e+00
  2.02855131334474e+00  1.90160225848831e+00  1.78412018724052e+00
  1.67518094110242e+00  1.57393711608028e+00  1.47961729768129e+00
  1.39152412753267e+00  1.30903143836831e+00  1.23158067477605e+00
  1.15867679570732e+00  1.08988383116221e+00  1.02482024153583e+00
  9.63154204121528e-01  9.04598928663852e-01  8.48908082315236e-01
  7.95871385346906e-01  7.45310421746924e-01  6.97074694445718e-01
  6.51037942672183e-01  6.07094729313965e-01  5.65157298587362e-01
  5.25152698932215e-01  4.87020162280257e-01  4.50708728717249e-01
  4.16175104490056e-01  3.83381741285697e-01  3.52295125214155e-01
  3.22884264960443e-01  2.95119369559593e-01  2.68970707578200e-01
  2.44407640255544e-01  2.21397822019105e-01  1.99906562108672e-01
  1.79896341050438e-01  1.61326475444887e-01  1.44152923761651e-01
  1.28328224973681e-01  1.13801560554917e-01  1.00518929203704e-01
  8.84234221516820e-02  7.74555857686914e-02  6.75538569386221e-02
  5.86550558433517e-02  5.06949201657765e-02  4.36086645252853e-02
  3.73315491148496e-02  3.17994421228919e-02  2.69493615125268e-02
  2.27199831362872e-02  1.90521038760345e-02  1.58890505082997e-02
  1.31770271760243e-02  1.08653966571877e-02  8.90689293038613e-03
  7.25776479057771e-03  5.87785235539545e-03  4.73060017264445e-03
  3.78301221674541e-03  3.00555531853088e-03  2.37201847217147e-03
  1.85933601018845e-03  1.44738283492700e-03  1.11874977616016e-03
  8.58506744977999e-04  6.53960725542290e-04  4.94414841326370e-04
  3.70933811087967e-04  2.76120123364257e-04  2.03904264298871e-04
  1.49351368101688e-04  1.08485772756079e-04  7.81341614661026e-05
  5.57873006735860e-05  3.94798242065357e-05  2.76870864163172e-05
  1.92378078006355e-05  1.32410218501567e-05  9.02575398615626e-06
  6.09181973731066e-06  4.07018907044902e-06  2.69144424235856e-06
  1.76098429384460e-06  1.13977093607917e-06  7.29559923898576e-07
  4.61712350810804e-07  2.88822752911508e-07  1.78533370692162e-07
  1.09021063028603e-07  6.57469775743929e-08  3.91455826269928e-08
  2.30035713153557e-08  1.33374343929499e-08  7.62729566542367e-09
  4.30070533708780e-09  2.39018081261236e-09  1.30881985085723e-09
  7.05891262058968e-10  3.74818462218378e-10  1.95874594019338e-10
  1.00696882556327e-10  5.09049473399934e-11  2.52951390317913e-11
  1.23498178673225e-11  5.92156770197374e-12  2.78719246196119e-12
  1.28720537524690e-12  5.83002933841885e-13  2.58834343481773e-13
  1.12585521834009e-13  4.79542641398603e-14  1.99906276761642e-14
  8.15169379187379e-15  3.24966140059076e-15  1.26582248017170e-15
  4.81640983134917e-16  1.78866197185778e-16  6.47895171866120e-17
  2.28762065791088e-17  7.86854363678770e-18  2.63486385045452e-18
  8.58440138522259e-19  2.71789789061715e-19  8.36089081672481e-20
  2.49674326778770e-20  7.23227543190593e-21  2.03060661220279e-21
  5.52189947235486e-22  1.45317207557830e-22  3.69791697733658e-23
  9.09172133460196e-24  2.15780702708073e-24  4.93942654873951e-25
  1.08955430597219e-25  2.31383044187033e-26  4.72625433505330e-27
  9.27659782161857e-28  1.74791382547959e-28  3.15845539779165e-29
  5.46772632503809e-30
  8.57961410427236e-25  9.78774144905159e-25  1.11659446390660e-24
  1.27381588436570e-24  1.45316864773161e-24  1.65776706980473e-24
  1.89116354536354e-24  2.15741014227810e-24  2.46112885099420e-24
  2.80759170481419e-24  3.20281215703471e-24  3.65364929532970e-24
  4.16792669558399e-24  4.75456797009110e-24  5.42375135326384e-24
  6.18708599655182e-24  7.05781301886146e-24  8.05103478583490e-24
  9.18397637817175e-24  1.04762837642517e-23  1.19503638249096e-23
  1.36317720996192e-23  1.55496549453522e-23  1.77372537367112e-23
  2.02324798041465e-23  2.30785700247530e-23  2.63248343681409e-23
  3.00275082817140e-23  3.42507246028735e-23  3.90676217405168e-23
  4.45616072103702e-23  5.08277982777134e-23  5.79746645032104e-23
  6.61259004535468e-23  7.54225607895990e-23  8.60254944456126e-23
  9.81181197428835e-23  1.11909588125866e-22  1.27638390868452e-22
  1.45576470685761e-22  1.66033908832465e-22  1.89364268117363e-22
  2.15970683485799e-22  2.46312804604083e-22  2.80914709442783e-22
  3.20373924443852e-22  3.65371705752445e-22  4.16684757516129e-22
  4.75198587769813e-22  5.41922730342354e-22  6.18008093021795e-22
  7.04766728425659e-22  8.03694365263707e-22  9.16496084638617e-22
  1.04511557950293e-21  1.19176849627305e-21  1.35898042692538e-21
  1.54963019881406e-21  1.76699919931009e-21  2.01482757462697e-21
  2.29737825864394e-21  2.61950992005094e-21  2.98676006698711e-21
  3.40543972001373e-21  3.88274125964653e-21  4.42686127698605e-21
  5.04714050900854e-21  5.75422322791376e-21  6.56023878147894e-21
  7.47900835396833e-21  8.52628044104672e-21  9.71999901433822e-21
  1.10806088997159e-20  1.26314035172446e-20  1.43989208400510e-20
  1.64133942362463e-20  1.87092657752609e-20  2.13257706230678e-20
  2.43076023365327e-20  2.77056702152279e-20  3.15779614013216e-20
  3.59905221599900e-20  4.10185747520255e-20  4.67477885600194e-20
  5.32757266853240e-20  6.07134921372995e-20  6.91876010356432e-20
  7.88421139945279e-20  8.98410611144261e-20  1.02371200842217e-19
  1.16645158451156e-19  1.32904996125973e-19  1.51426273717654e-19
  1.72522667267058e-19  1.96551221518293e-19  2.23918322994620e-19
  2.55086491957720e-19  2.90582104901127e-19  3.31004174352965e-19
  3.77034329918950e-19  4.29448163957062e-19  4.89128127344394e-19
  5.57078185822940e-19  6.34440475784220e-19  7.22514230520834e-19
  8.22777284429153e-19  9.36910503970975e-19  1.06682554102033e-18
  1.21469635727047e-18  1.38299502846803e-18  1.57453240530246e-18
  1.79250428485462e-18  2.04054383377866e-18  2.32278110318708e-18
  2.64391058703450e-18  3.00926790234659e-18  3.42491681283668e-18
  3.89774797944400e-18  4.43559100455980e-18  5.04734154392520e-18
  5.74310549447351e-18  6.53436253125982e-18  7.43415156598145e-18
  8.45728103788772e-18  9.62056733009289e-18  1.09431050360466e-17
  1.24465732885318e-17  1.41555829141058e-17  1.60980697974875e-17
  1.83057405418708e-17  2.08145773028072e-17  2.36654095663842e-17
  2.69045616498173e-17  3.05845858385823e-17  3.47650923550785e-17
  3.95136887974656e-17  4.49070433144637e-17  5.10320876149018e-17
  5.79873779758591e-17  6.58846347385609e-17  7.48504833995084e-17
  8.50284233513487e-17  9.65810536449023e-17  1.09692588874851e-16
  1.24571702489571e-16  1.41454739545031e-16  1.60609346229940e-16
  1.82338569453781e-16  2.06985486492049e-16  2.34938432213350e-16
  2.66636899869711e-16  3.02578200929643e-16  3.43324980091619e-16
  3.89513693584326e-16  4.41864172280221e-16  5.01190406212226e-16
  5.68412703968471e-16  6.44571399376295e-16  7.30842299108342e-16
  8.28554088629572e-16  9.39207940542614e-16  1.06449959924140e-15
  1.20634424918645e-15  1.36690451153912e-15  1.54862195574648e-15
  1.75425255952600e-15  1.98690660309582e-15  2.25009354211634e-15
  2.54777246931655e-15  2.88440884806571e-15  3.26503828296652e-15
  3.69533818405976e-15  4.18170828335726e-15  4.73136107656818e-15
  5.35242339020570e-15  6.05405041660541e-15  6.84655371790657e-15
  7.74154487736201e-15  8.75209667369426e-15  9.89292387469179e-15
  1.11805859918506e-14  1.26337146118664e-14  1.42732682259562e-14
  1.61228178185437e-14  1.82088668554998e-14  2.05612097351377e-14
  2.32133332348991e-14  2.62028660112149e-14  2.95720817929066e-14
  3.33684625582977e-14  3.76453287085876e-14  4.24625440555459e-14
  4.78873043353322e-14  5.39950189583588e-14  6.08702968113254e-14
  6.86080481618108e-14  7.73147160860620e-14  8.71096523654990e-14
  9.81266544936466e-14  1.10515682318599e-13  1.24444774946352e-13
  1.40102190853085e-13  1.57698796755162e-13  1.77470733653204e-13
  1.99682391676927e-13  2.24629728908012e-13  2.52643973312277e-13
  2.84095751309733e-13  3.19399691384309e-13  3.59019556572566e-13
  4.03473965686811e-13  4.53342769839448e-13  5.09274158273240e-13
  5.71992575781816e-13  6.42307543194491e-13  7.21123482630803e-13
  8.09450660566159e-13  9.08417374411772e-13  1.01928352229501e-12
  1.14345571138067e-12  1.28250407736710e-12  1.43818100710773e-12
  1.61244197772247e-12  1.80746874943926e-12  2.02569517586353e-12
  2.26983592496514e-12  2.54291843676875e-12  2.84831848036613e-12
  3.18979971341398e-12  3.57155769255885e-12  3.99826883358152e-12
  4.47514487608521e-12  5.00799347011724e-12  5.60328557143301e-12
  6.26823041007727e-12  7.01085888274481e-12  7.84011631639863e-12
  8.76596565745305e-12  9.79950226106018e-12  1.09530815885306e-11
  1.22404612703787e-11  1.36769591587970e-11  1.52796291800262e-11
  1.70674570044670e-11  1.90615777853897e-11  2.12855184767230e-11
  2.37654675313225e-11  2.65305751065078e-11  2.96132872679705e-11
  3.30497180911670e-11  3.68800640165971e-11  4.11490653276051e-11
  4.59065201948453e-11  5.12078573749993e-11  5.71147743778109e-11
  6.36959487251959e-11  7.10278308435859e-11  7.91955281544301e-11
  8.82937910853973e-11  9.84281130235105e-11  1.09715957696388e-10
  1.22288129114842e-10  1.36290301071657e-10  1.51884725283184e-10
  1.69252139628922e-10  1.88593900610412e-10  2.10134367167672e-10
  2.34123566396187e-10  2.60840175562272e-10  2.90594859166374e-10
  3.23734004742696e-10  3.60643906658351e-10  4.01755453509563e-10
  4.47549381876620e-10  4.98562167333035e-10  5.55392632829954e-10
  6.18709365047735e-10  6.89259041195460e-10  7.67875782257811e-10
  8.55491664030906e-10  9.53148534764485e-10  1.06201130808101e-09
  1.18338292244724e-09  1.31872118421544e-09  1.46965774055125e-09
  1.63801946195755e-09  1.82585255215332e-09  2.03544974646703e-09
  2.26938100933533e-09  2.53052819800446e-09  2.82212422381456e-09
  3.14779731608796e-09  3.51162107739913e-09  3.91817111492445e-09
  4.37258914192856e-09  4.88065556850691e-09  5.44887174336483e-09
  6.08455317199603e-09  6.79593522234906e-09  7.59229304360237e-09
  8.48407766560152e-09  9.48307052696850e-09  1.06025589970291e-08
  1.18575358217755e-08  1.32649258398952e-08  1.48438437925623e-08
  1.66158875922959e-08  1.86054720433564e-08  2.08402087129071e-08
  2.33513384709107e-08  2.61742241443990e-08  2.93489117967287e-08
  3.29207703594910e-08  3.69412207317077e-08  4.14685670571825e-08
  4.65689446917362e-08  5.23174014663704e-08  5.87991311988825e-08
  6.61108811302222e-08  7.43625580387907e-08  8.36790613220976e-08
  9.42023753382438e-08  1.06093957934339e-07  1.19537467256752e-07
  1.34741874993175e-07  1.51945020924113e-07  1.71417671473274e-07
  1.93468153758101e-07  2.18447646702932e-07  2.46756222248968e-07
  2.78849742668894e-07  3.15247734954682e-07  3.56542379845931e-07
  4.03408772547977e-07  4.56616633586033e-07  5.17043673198360e-07
  5.85690840523898e-07  6.63699720694204e-07  7.52372378784734e-07
  8.53193990507408e-07  9.67858645962123e-07  1.09829876360539e-06
  1.24671861313442e-06  1.41563251028015e-06  1.60790832148013e-06
  1.82681700708724e-06  2.07608901505429e-06  2.35997846279110e-06
  2.68333614571076e-06  3.05169256748680e-06  3.47135232368606e-06
  3.94950135309608e-06  4.49432876227130e-06  5.11516513630050e-06
  5.82263950876129e-06  6.62885741054821e-06  7.54760274562573e-06
  8.59456654976912e-06  9.78760609750077e-06  1.11470381975019e-05
  1.26959710323654e-05  1.44606793544585e-05  1.64710284851007e-05
  1.87609531197892e-05  2.13689977303882e-05  2.43389260159236e-05
  2.77204078146771e-05  3.15697927229919e-05  3.59509807245238e-05
  4.09364013090517e-05  4.66081136156924e-05  5.30590416968332e-05
  6.03943601932762e-05  6.87330475022030e-05  7.82096250261032e-05
  8.89761031236054e-05  1.01204156022505e-04  1.15087550560687e-04
  1.30844855236814e-04  1.48722459075814e-04  1.68997931833535e-04
  1.91983760115759e-04  2.18031496294151e-04  2.47536361002163e-04
  2.80942341175270e-04  3.18747831391390e-04  3.61511866283238e-04
  4.09860997855716e-04  4.64496872676354e-04  5.26204568040977e-04
  5.95861748738991e-04  6.74448709300509e-04  7.63059368325339e-04
  8.62913284907553e-04  9.75368767379413e-04  1.10193714691885e-03
  1.24429828873858e-03  1.40431741228730e-03  1.58406329168444e-03
  1.78582790484439e-03  2.01214759287547e-03  2.26582579181545e-03
  2.54995738313659e-03  2.86795470718140e-03  3.22357526782110e-03
  3.62095114183356e-03  4.06462009208603e-03  4.55955836163792e-03
  5.11121509900983e-03  5.72554834543419e-03  6.40906247420002e-03
  7.16884694307215e-03  8.01261618356493e-03  8.94875039524977e-03
  9.98633697944372e-03  1.11352122862105e-02  1.24060032797095e-02
  1.38101686991332e-02  1.53600391708495e-02  1.70688557112396e-02
  1.89508059508874e-02  2.10210573292649e-02  2.32957864607021e-02
  2.57922037388767e-02  2.85285722155902e-02  3.15242196283796e-02
  3.47995425157536e-02  3.83760010125036e-02  4.22761032216666e-02
  4.65233775648923e-02  5.11423318393977e-02  5.61583974005326e-02
  6.15978569910308e-02  6.74877546980251e-02  7.38557865324310e-02
  8.07301702022862e-02  8.81394926492212e-02  9.61125341881141e-02
  1.04678068049207e-01  1.13864634534180e-01  1.23700289105926e-01
  1.34212324073004e-01  1.45426964044907e-01  1.57369035402053e-01
  1.70061611029995e-01  1.83525631530786e-01  1.97779505112015e-01
  2.12838688833090e-01  2.28715254388479e-01  2.45417442540512e-01
  2.62949210683668e-01  2.81309778792692e-01  3.00493179586588e-01
  3.20487819136578e-01  3.41276054815709e-01  3.62833797633509e-01
  3.85130146482326e-01  4.08127062036273e-01  4.31779088185042e-01
  4.56033129272484e-01  4.80828291445530e-01  5.06095796928280e-01
  5.31758980048638e-01  5.57733374331540e-01  5.83926899799761e-01
  6.10240159470238e-01  6.36566853238411e-01  6.62794315850062e-01
  6.88804183590125e-01  7.14473191422900e-01  7.39674098756070e-01
  7.64276738207768e-01  7.88149177432825e-01  8.11158980060562e-01
  8.33174547834963e-01  8.54066522287744e-01  8.73709221846502e-01
  8.91982087136670e-01  9.08771106648251e-01  9.23970193434287e-01
  9.37482484391422e-01  9.49221534461606e-01  9.59112380347211e-01
  9.67092451186721e-01  9.73112307267308e-01  9.77136192106997e-01
  9.79142387909023e-01  9.79123369308854e-01  9.77085755387743e-01
  9.73050064772785e-01  9.67050283322871e-01  9.59133258003988e-01
  9.49357934216346e-01  9.37794456684398e-01  9.24523156248756e-01
  9.09633446218975e-01  8.93222652618779e-01  8.75394802446861e-01
  8.56259393332432e-01  8.35930166476647e-01  8.14523902941897e-01
  7.92159260995602e-01  7.68955669741957e-01  7.45032291514638e-01
  7.20507062844879e-01  6.95495821066719e-01  6.70111521212788e-01
  6.44463545198847e-01  6.18657104235375e-01  5.92792731320344e-01
  5.66965862958428e-01  5.41266503194267e-01  5.15778967505982e-01
  4.90581698394155e-01  4.65747148220532e-01  4.41341722004157e-01
  4.17425774175113e-01  3.94053653203379e-01  3.71273787916546e-01
  3.49128810176348e-01  3.27655708555713e-01  3.06886008285769e-01
  2.86845973139619e-01  2.67556825264631e-01  2.49034979536068e-01
  2.31292289136380e-01  2.14336299883205e-01  1.98170510499175e-01
  1.82794637029816e-01  1.68204879258704e-01  1.54394187573075e-01
  1.41352528751598e-01  1.29067149294421e-01  1.17522835095298e-01
  1.06702166308726e-01  9.65857663567790e-02  8.71525441357904e-02
  7.83799285047931e-02  7.02440942809970e-02  6.27201790031962e-02
  5.57824898554097e-02  4.94047002173683e-02  4.35600354271427e-02
  3.82214474329685e-02  3.33617781254872e-02  2.89539112268273e-02
  2.49709127193893e-02  2.13861598663599e-02  1.81734589640243e-02
  1.53071520183412e-02  1.27622126015000e-02  1.05143311793502e-02
  8.53999024036950e-03  6.81652957448267e-03  5.32220207077824e-03
  4.03622040620340e-03  2.93879500343962e-03  2.01116362186657e-03
  1.23561299005045e-03  5.95492773982159e-04  7.52222587209195e-05
 -3.39709844169249e-04 -6.62752222102957e-04 -9.06304006516478e-04
 -1.08173370893432e-03 -1.19940368338945e-03 -1.26869973617461e-03
 -1.29806548309704e-03 -1.29504102775229e-03 -1.26630550433070e-03
 -1.21772299745189e-03 -1.15439131963510e-03 -1.08069309556790e-03
 -1.00034857985251e-03 -9.16469610586797e-04 -8.31614093524304e-04
 -7.47840408183599e-04 -6.66761135951741e-04 -5.89595533782707e-04
 -5.17220210116232e-04 -4.50217505963952e-04 -3.88921141775321e-04
 -3.33458757624564e-04 -2.83791049261567e-04 -2.39747282551786e-04
 -2.01057051697446e-04 -1.67378229062395e-04 -1.38321134064986e-04
 -1.13469022479370e-04 -9.23950636138678e-05 -7.46760290806455e-05
 -5.99029621122246e-05 -4.76891296296393e-05 -3.76755804814352e-05
 -2.95346426426553e-05 -2.29716906591488e-05 -1.77255033712323e-05
 -1.35675126184671e-05 -1.03002178873971e-05 -7.75501163440020e-06
 -5.78962697326072e-06 -4.28538557296319e-06 -3.14438980844429e-06
 -2.28677174495375e-06 -1.64808203281388e-06 -1.17687615777033e-06
 -8.32533531928583e-07 -5.83326199253048e-07 -4.04740254412147e-07
 -2.78041386036935e-07 -1.89068902641212e-07 -1.27237274242397e-07
 -8.47216939310203e-08 -5.58032837813536e-08 -3.63500429503205e-08
 -2.34110921180834e-08 -1.49038270554582e-08 -9.37599557603387e-09
 -5.82721062372403e-09 -3.57687928298368e-09 -2.16780704899446e-09
 -1.29681678841405e-09 -7.65495721227990e-10 -4.45732602952445e-10
 -2.55934691097800e-10 -1.44864541562480e-10 -8.08009588629274e-11
 -4.43962415187139e-11 -2.40201329283669e-11 -1.27925406037667e-11
 -6.70352743179907e-12 -3.45498748552604e-12 -1.75073097430741e-12
 -8.71849899012090e-13 -4.26506775538106e-13 -2.04870738757407e-13
 -9.65843601759461e-14 -4.46688451420505e-14 -2.02566159975976e-14
 -9.00287527330664e-15 -3.91949767767720e-15 -1.67067480847744e-15
 -6.96843781197588e-16 -2.84262021944429e-16 -1.13343482423210e-16
 -4.41538332959466e-17 -1.68029553246487e-17 -6.23995001218272e-18
 -2.25991841372951e-18 -7.97724997730226e-19 -2.74342327056285e-19
 -9.19174512388217e-20 -3.00366807709475e-20 -9.55523551396466e-21
 -2.95198367692259e-21 -8.85024291484004e-22 -2.57301631327366e-22
 -7.24844833320523e-23 -1.97707510001120e-23 -5.21709232489775e-24
 -1.33077208694489e-24 -3.27855082103042e-25 -7.79447676706540e-26
 -1.78662237999992e-26 -3.94478407103197e-27 -8.38208333024047e-28
 -1.71238743491075e-28 -3.36004914230608e-29 -6.32621399711267e-30
 -1.14168557003431e-30
 (i6, f12.0, f18.0, f8.3, i6)
   665  60.0000000  0.02500000000000  26.000     2
 (3e22.14)
  2.89367842424056e-06  3.03926416337058e-06  3.19217416623429e-06
  3.35277687843171e-06  3.52145927781226e-06  3.69862780643920e-06
  3.88470934940761e-06  4.08015226287050e-06  4.28542745374540e-06
  4.50102951369861e-06  4.72747791013526e-06  4.96531823705595e-06
  5.21512352879400e-06  5.47749563978326e-06  5.75306669368785e-06
  6.04250060535644e-06  6.34649467929327e-06  6.66578128843714e-06
  7.00112963736364e-06  7.35334761403223e-06  7.72328373467536e-06
  8.11182918635130e-06  8.51991997219943e-06  8.94853916446098e-06
  9.39871927073474e-06  9.87154471911107e-06  1.03681544682083e-05
  1.08897447482964e-05  1.14375719402125e-05  1.20129555988362e-05
  1.26172816285320e-05  1.32520056180625e-05  1.39186563430701e-05
  1.46188394444517e-05  1.53542412915747e-05  1.61266330394190e-05
  1.69378748896538e-05  1.77899205655411e-05  1.86848220117413e-05
  1.96247343300144e-05  2.06119209628517e-05  2.16487591373546e-05
  2.27377455825016e-05  2.38815025334042e-05  2.50827840371201e-05
  2.63444825748749e-05  2.76696360169507e-05  2.90614349264248e-05
  3.05232302297680e-05  3.20585412722440e-05  3.36710642777175e-05
  3.53646812329430e-05  3.71434692177542e-05  3.90117102033063e-05
  4.09739013421253e-05  4.30347657741387e-05  4.51992639752034e-05
  4.74726056744621e-05  4.98602623698968e-05  5.23679804712738e-05
  5.50017951024378e-05  5.77680445956262e-05  6.06733857126977e-05
  6.37248096293316e-05  6.69296587208900e-05  7.02956441892733e-05
  7.38308645739708e-05  7.75438251901159e-05  8.14434585413960e-05
  8.55391457552845e-05  8.98407390926256e-05  9.43585855847128e-05
  9.91035518546404e-05  1.04087050181565e-04  1.09321065870838e-04
  1.14818185993930e-04  1.20591629568457e-04  1.26655279247846e-04
  1.33023714598502e-04  1.39712247041574e-04  1.46736956543928e-04
  1.54114730144667e-04  1.61863302409469e-04  1.70001297907979e-04
  1.78548275816584e-04  1.87524776750446e-04  1.96952371938452e-04
  2.06853714855247e-04  2.17252595434913e-04  2.28173996993243e-04
  2.39644155994982e-04  2.51690624805550e-04  2.64342337579085e-04
  2.77629679434051e-04  2.91584559085794e-04  3.06240485101964e-04
  3.21632645965866e-04  3.37797994133494e-04  3.54775334284727e-04
  3.72605415975406e-04  3.91331030910729e-04  4.10997115066209e-04
  4.31650855901362e-04  4.53341804911870e-04  4.76121995793397e-04
  5.00046068486144e-04  5.25171399399136e-04  5.51558238114679e-04
  5.79269850897096e-04  6.08372671339762e-04  6.38936458506692e-04
  6.71034462933883e-04  7.04743600886665e-04  7.40144637269175e-04
  7.77322377627473e-04  8.16365869679648e-04  8.57368614855726e-04
  9.00428790331228e-04  9.45649482076992e-04  9.93138929463104e-04
  1.04301078199093e-03  1.09538436874065e-03  1.15038498117267e-03
  1.20814416991889e-03  1.26880005627514e-03  1.33249765908982e-03
  1.39938923782547e-03  1.46963465256937e-03  1.54340174183250e-03
  1.62086671899932e-03  1.70221458834920e-03  1.78763958159005e-03
  1.87734561592658e-03  1.97154677468631e-03  2.07046781162882e-03
  2.17434468006853e-03  2.28342508803396e-03  2.39796908071291e-03
  2.51824965152939e-03  2.64455338320585e-03  2.77718112031309e-03
  2.91644867477004e-03  3.06268756594811e-03  3.21624579699905e-03
  3.37748866918931e-03  3.54679963604988e-03  3.72458119927372e-03
  3.91125584834627e-03  4.10726704604051e-03  4.31308026192589e-03
  4.52918405626089e-03  4.75609121658813e-03  4.99433994964252e-03
  5.24449513112801e-03  5.50714961617579e-03  5.78292561333216e-03
  6.07247612511825e-03  6.37648645828027e-03  6.69567580708253e-03
  7.03079891300682e-03  7.38264780458290e-03  7.75205362096518e-03
  8.13988852335110e-03  8.54706769821815e-03  8.97455145677512e-03
  9.42334743505667e-03  9.89451289939668e-03  1.03891571621177e-02
  1.09084441126440e-02  1.14535948692307e-02  1.20258905570914e-02
  1.26266752184724e-02  1.32573588610183e-02  1.39194206505178e-02
  1.46144122548003e-02  1.53439613455595e-02  1.61097752653595e-02
  1.69136448671966e-02  1.77574485345728e-02  1.86431563899482e-02
  1.95728347003893e-02  2.05486504887612e-02  2.15728763601034e-02
  2.26478955523184e-02  2.37762072213857e-02  2.49604319712405e-02
  2.62033176391853e-02  2.75077453478046e-02  2.88767358352596e-02
  3.03134560755862e-02  3.18212262019991e-02  3.34035267456655e-02
  3.50640062038286e-02  3.68064889509224e-02  3.86349835074442e-02
  4.05536911811516e-02  4.25670150967891e-02  4.46795696294404e-02
  4.68961902593310e-02  4.92219438640719e-02  5.16621394671211e-02
  5.42223394601292e-02  5.69083713185359e-02  5.97263398296541e-02
  6.26826398538022e-02  6.57839696385982e-02  6.90373447087769e-02
  7.24501123520733e-02  7.60299667255648e-02  7.97849646037701e-02
  8.37235417939200e-02  8.78545302416081e-02  9.21871758524958e-02
  9.67311570550203e-02  1.01496604130883e-01  1.06494119338726e-01
  1.11734797859824e-01  1.17230249590726e-01  1.22992621814001e-01
  1.29034622772007e-01  1.35369546175195e-01  1.42011296671772e-01
  1.48974416309078e-01  1.56274112014898e-01  1.63926284129281e-01
  1.71947556013987e-01  1.80355304771835e-01  1.89167693100132e-01
  1.98403702312434e-01  2.08083166550455e-01  2.18226808218628e-01
  2.28856274663972e-01  2.39994176129008e-01  2.51664125000131e-01
  2.63890776376578e-01  2.76699869977370e-01  2.90118273411215e-01
  3.04174026818060e-01  3.18896388907376e-01  3.34315884393899e-01
  3.50464352848953e-01  3.67374998965626e-01  3.85082444243198e-01
  4.03622780084336e-01  4.23033622301336e-01  4.43354167011197e-01
  4.64625247910818e-01  4.86889394891407e-01  5.10190893978561e-01
  5.34575848537479e-01  5.60092241711780e-01  5.86790000025566e-01
  6.14721058088503e-01  6.43939424319262e-01  6.74501247604865e-01
  7.06464884780482e-01  7.39890968832386e-01  7.74842477665099e-01
  8.11384803320890e-01  8.49585821451205e-01  8.89515960889765e-01
  9.31248273103577e-01  9.74858501314018e-01  1.02042514903315e+00
  1.06802954776221e+00  1.11775592353699e+00  1.16969146203613e+00
  1.22392637185454e+00  1.28055394562860e+00  1.33967061853825e+00
  1.40137602380135e+00  1.46577304464300e+00  1.53296786225160e+00
  1.60306999915007e+00  1.67619235741584e+00  1.75245125107355e+00
  1.83196643204523e+00  1.91486110884202e+00  2.00126195734027e+00
  2.09129912270060e+00  2.18510621166133e+00  2.28282027420811e+00
  2.38458177368761e+00  2.49053454429702e+00  2.60082573490750e+00
  2.71560573800229e+00  2.83502810264003e+00  2.95924943002083e+00
  3.08842925054180e+00  3.22272988075526e+00  3.36231625898262e+00
  3.50735575796831e+00  3.65801797312354e+00  3.81447448469794e+00
  3.97689859234898e+00  4.14546502028156e+00  4.32034959145859e+00
  4.50172886885416e+00  4.68977976232003e+00  4.88467909892972e+00
  5.08660315531498e+00  5.29572714994437e+00  5.51222469383627e+00
  5.73626719758492e+00  5.96802323351336e+00  6.20765785068718e+00
  6.45533184182196e+00  6.71120096012821e+00  6.97541508509144e+00
  7.24811733565890e+00  7.52944313023995e+00  7.81951919198663e+00
  8.11846249972790e+00  8.42637918302105e+00  8.74336336246554e+00
  9.06949593457662e+00  9.40484330257209e+00  9.74945605371535e+00
  1.01033675851299e+01  1.04665926796561e+01  1.08391260350777e+01
  1.12209407489616e+01  1.16119867642855e+01  1.20121892789388e+01
  1.24214471260114e+01  1.28396311297228e+01  1.32665824451668e+01
  1.37021108887771e+01  1.41459932699761e+01  1.45979717318866e+01
  1.50577521150578e+01  1.55250023530983e+01  1.59993509168828e+01
  1.64803853191164e+01  1.69676506970813e+01  1.74606484891320e+01
  1.79588352243531e+01  1.84616214434860e+01  1.89683707734846e+01
  1.94783991752341e+01  1.99909743904984e+01  2.05053156076006e+01
  2.10205933762013e+01  2.15359297910548e+01  2.20503989761065e+01
  2.25630278918076e+01  2.30727974961587e+01  2.35786442824077e+01
  2.40794622263559e+01  2.45741051614251e+01  2.50613896167514e+01
  2.55400981329339e+01  2.60089830861413e+01  2.64667710351922e+01
  2.69121676146939e+01  2.73438629830349e+01  2.77605378454737e+01
  2.81608700475099e+01  2.85435417549554e+01  2.89072472040273e+01
  2.92507010237086e+01  2.95726471066113e+01  2.98718680121632e+01
  3.01471948635809e+01  3.03975177102251e+01  3.06217962930431e+01
  3.08190711712560e+01  3.09884751274881e+01  3.11292447853111e+01
  3.12407323419739e+01  3.13224173239455e+01  3.13739182470562e+01
  3.13950040712172e+01  3.13856053042908e+01  3.13458246321132e+01
  3.12759469039176e+01  3.11764483346377e+01  3.10480047423178e+01
  3.08914986606738e+01  3.07080251424109e+01  3.04988960859974e+01
  3.02656428933382e+01  3.00100173027952e+01  2.97339902044114e+01
  2.94397482971579e+01  2.91296884187024e+01  2.88064094240647e+01
  2.84727014834524e+01  2.81315327130829e+01  2.77860330507133e+01
  2.74394753517766e+01  2.70952536704867e+01  2.67568587721649e+01
  2.64278509194279e+01  2.61118300491511e+01  2.58124034763958e+01
  2.55331513295264e+01  2.52775899403657e+01  2.50491334984938e+01
  2.48510542805125e+01  2.46864418590688e+01  2.45581617065456e+01
  2.44688136668078e+01  2.44206908115448e+01  2.44157392194611e+01
  2.44555192587243e+01  2.45411689725001e+01  2.46733701793058e+01
  2.48523179166465e+01  2.50776938488261e+01  2.53486442518944e+01
  2.56637631691470e+01  2.60210812987412e+01  2.64180611266687e+01
  2.68515987802298e+01  2.73180329844540e+01  2.78131614620334e+01
  2.83322649945762e+01  2.88701392937359e+01  2.94211347061521e+01
  2.99792036694012e+01  3.05379557111637e+01  3.10907196605176e+01
  3.16306126044169e+01  3.21506150001331e+01  3.26436512108517e+01
  3.31026746230850e+01  3.35207563615636e+01  3.38911765212294e+01
  3.42075167248762e+01  3.44637527209306e+01  3.46543456697395e+01
  3.47743307027164e+01  3.48194012946195e+01  3.47859879895392e+01
  3.46713300019016e+01  3.44735382685757e+01  3.41916485660498e+01
  3.38256634013923e+01  3.33765814873708e+01  3.28464137614621e+01
  3.22381850577425e+01  3.15559207581040e+01  3.08046179334205e+01
  2.99902007701704e+01  2.91194602982828e+01  2.81999787560059e+01
  2.72400391940113e+01  2.62485212548613e+01  2.52347843392722e+01
  2.42085397197086e+01  2.31797134121568e+01  2.21583019321863e+01
  2.11542232884958e+01  2.01771657845929e+01  1.92364373746400e+01
  1.83408184184804e+01  1.74984207416101e+01  1.67165558789638e+01
  1.60016152918534e+01  1.53589651750214e+01  1.47928582321201e+01
  1.43063644697929e+01  1.39013227080581e+01  1.35783140410418e+01
  1.33366580482473e+01  1.31744320352513e+01  1.30885130910907e+01
  1.30746422403482e+01  1.31275094763693e+01  1.32408579925709e+01
  1.34076054896249e+01  1.36199800373150e+01  1.38696676209465e+01
  1.41479682105030e+01  1.44459569735517e+01  1.47546471127423e+01
  1.50651507641079e+01  1.53688344414429e+01  1.56574656645129e+01
  1.59233476591588e+01  1.61594393607195e+01  1.63594583783227e+01
  1.65179650705591e+01  1.66304264252779e+01  1.66932590081216e+01
  1.67038508217099e+01  1.66605624851101e+01  1.65627086697337e+01
  1.64105212113420e+01  1.62050957252575e+01  1.59483238889347e+01
  1.56428138020524e+01  1.52918009935020e+01  1.48990527174293e+01
  1.44687681660546e+01  1.40054771375864e+01  1.35139395429495e+01
  1.29990479200494e+01  1.24657348714327e+01  1.19188870539744e+01
  1.13632670440171e+01  1.08034440917994e+01  1.02437344688535e+01
  9.68815181865809e+00  9.14036764350244e+00  8.60368181046856e+00
  8.08100273906388e+00  7.57483674231195e+00  7.08728584053430e+00
  6.62005323969479e+00  6.17445558305276e+00  5.75144102025346e+00
  5.35161211256419e+00  4.97525258775211e+00  4.62235697900458e+00
  4.29266222328314e+00  3.98568035243249e+00  3.70073148288612e+00
  3.43697639304919e+00  3.19344806870265e+00  2.96908169274565e+00
  2.76274265372179e+00  2.57325224481004e+00  2.39941081932938e+00
  2.24001825755246e+00  2.09389168141445e+00  1.95988042708684e+00
  1.83687834848320e+00  1.72383357763444e+00  1.61975591113211e+00
  1.52372202198667e+00  1.43487871969606e+00  1.35244449201808e+00
  1.27570956687652e+00  1.20403472900313e+00  1.13684911667726e+00
  1.07364720995882e+00  1.01398520411837e+00  9.57476942135218e-01
  9.03789558982459e-01  8.52638968695492e-01  8.03785304334378e-01
  7.57028400467254e-01  7.12203389601352e-01  6.69176466816840e-01
  6.27840862472027e-01  5.88113050162380e-01  5.49929206733273e-01
  5.13241932961167e-01  4.78017236945570e-01  4.44231777822489e-01
  4.11870363962977e-01  3.80923698127191e-01  3.51386360803077e-01
  3.23255022853624e-01  2.96526878626629e-01  2.71198291195400e-01
  2.47263641802824e-01  2.24714376043268e-01  2.03538239413921e-01
  1.83718694879165e-01  1.65234514577879e-01  1.48059537206703e-01
  1.32162581419904e-01  1.17507504570221e-01  1.04053394462079e-01
  9.17548805416657e-02  8.05625493526510e-02  7.04234478982608e-02
  6.12816574353802e-02  5.30789195326105e-02  4.57552958600647e-02
  3.92498433106395e-02  3.35012866121677e-02  2.84486716562175e-02
  2.40319842538273e-02  2.01927209361023e-02  1.68744006312632e-02
  1.40230085246204e-02  1.15873660102484e-02  9.51942329720609e-03
  7.77447381234632e-03  6.31129196704318e-03  5.09219802404047e-03
  4.08305565731635e-03  3.25320927853680e-03  2.57536928943534e-03
  2.02545409245207e-03  1.58239797110239e-03  1.22793386266853e-03
  9.46359635821042e-04  7.24295810571895e-04  5.50441780477383e-04
  4.15336581917846e-04  3.11129167502338e-04  2.31362037466582e-04
  1.70771016394264e-04  1.25102972934742e-04  9.09523989044685e-05
  6.56170105630796e-05  4.69719192821159e-05  3.33614421588097e-05
  2.35072787740751e-05  1.64315570545830e-05  1.13931324536135e-05
  7.83549362539237e-06  5.34466560281199e-06  3.61559026811334e-06
  2.42558837570420e-06  1.61365201715156e-06  1.06447088615572e-06
  6.96249864796533e-07  4.51522766128868e-07  2.90303207169735e-07
  1.85034999895585e-07  1.16910845364452e-07  7.32182063185648e-08
  4.54470510452467e-08  2.79554442678832e-08  1.70390374249080e-08
  1.02890478759911e-08  6.15433287359338e-09  3.64562499896092e-09
  2.13821368423852e-09  1.24135262111597e-09  7.13168240083510e-10
  4.05298140141161e-10  2.27779852409557e-10  1.26537386478474e-10
  6.94565728619392e-11  3.76552464869012e-11  2.01538792241151e-11
  1.06439840843110e-11  5.54429348136630e-12  2.84683562106909e-12
  1.44020788698474e-12  7.17468378482903e-13  3.51770808289056e-13
  1.69651414892253e-13  8.04369598592098e-14  3.74725553820892e-14
  1.71428183590004e-14  7.69689429147414e-15  3.38972540346637e-15
  1.46345259497205e-15  6.19018141934619e-16  2.56380038796770e-16
  1.03911941367901e-16  4.11876191793480e-17  1.59575288134977e-17
  6.04209531419868e-18  2.23338911199473e-18  8.05430298324539e-19
  2.83218572576001e-19  9.70587654302447e-20  3.24124038483130e-20
  1.05586801500372e-20  3.34912801921420e-21  1.03190530452906e-21
  3.08611515167852e-22  8.95198219196168e-23  2.51665576322834e-23
  6.85141823248316e-24  1.80482569444836e-24
  2.48760274371638e-24  2.83795082731492e-24  3.23762551586212e-24
  3.69356899327131e-24  4.21370005681725e-24  4.80705143021637e-24
  5.48392637082537e-24  6.25607727988530e-24  7.13690940474024e-24
  8.14171315508543e-24  9.28792904947568e-24  1.05954498710573e-23
  1.20869652537590e-23  1.37883546518236e-23  1.57291354799616e-23
  1.79429741624089e-23  2.04682689133388e-23  2.33488143069412e-23
  2.66345591041173e-23  3.03824704085792e-23  3.46575190552139e-23
  3.95338032198393e-23  4.50958296169794e-23  5.14399743622579e-23
  5.86761486643663e-23  6.69296980315003e-23  7.63435676880908e-23
  8.70807714693506e-23  9.93272066697068e-23  1.13294863257697e-22
  1.29225482633418e-22  1.47394728811918e-22  1.68116943697436e-22
  1.91750568118661e-22  2.18704321694932e-22  2.49444247589512e-22
  2.84501743003058e-22  3.24482713113201e-22  3.70078005368415e-22
  4.22075302913776e-22  4.81372680839272e-22  5.48994057316167e-22
  6.26106804005492e-22  7.14041816928895e-22  8.14316390912104e-22
  9.28660288444260e-22  1.05904544815982e-21  1.20771984004375e-21
  1.37724604494342e-21  1.57054521621423e-21  1.79094717268840e-21
  2.04224747616282e-21  2.32877246501157e-21  2.65545335030006e-21
  3.02791063420485e-21  3.45255028514912e-21  3.93667330280474e-21
  4.48860053227910e-21  5.11781484418039e-21  5.83512309012789e-21
  6.65284057650090e-21  7.58500117837949e-21  8.64759664693273e-21
  9.85884915424169e-21  1.12395216776594e-20  1.28132714607112e-20
  1.46070525095796e-20  1.66515739053913e-20  1.89818216463067e-20
  2.16376527952334e-20  2.46644719161675e-20  2.81140011547267e-20
  3.20451568785493e-20  3.65250475668008e-20  4.16301096536388e-20
  4.74474003213111e-20  5.40760688416973e-20  6.16290310230510e-20
  7.02348746791563e-20  8.00400278560602e-20  9.12112258879801e-20
  1.03938318279747e-19  1.18437462006905e-19  1.34954754176900e-19
  1.53770364206939e-19  1.75203233862986e-19  1.99616422798779e-19
  2.27423187784805e-19  2.59093895790324e-19  2.95163884668948e-19
  3.36242400614592e-19  3.83022759044269e-19  4.36293895402739e-19
  4.96953494885502e-19  5.66022915592349e-19  6.44664148557303e-19
  7.34199090901136e-19  8.36131445535003e-19  9.52171602985186e-19
  1.08426490866456e-18  1.23462377302540e-18  1.40576414332832e-18
  1.60054692519503e-18  1.82222502074779e-18  2.07449673918055e-18
  2.36156643641388e-18  2.68821335459835e-18  3.05986976137841e-18
  3.48270963496879e-18  3.96374930643763e-18  4.51096165761587e-18
  5.13340568458404e-18  5.84137347585890e-18  6.64655692483242e-18
  7.56223680164966e-18  8.60349715515982e-18  9.78746840586232e-18
  1.11336029316954e-17  1.26639874464929e-17  1.44036970333054e-17
  1.63811963296326e-17  1.86287940782800e-17  2.11831580662428e-17
  2.40858983865537e-17  2.73842279872247e-17  3.11317106324137e-17
  3.53891077096180e-17  4.02253367923907e-17  4.57185565308399e-17
  5.19573943160095e-17  5.90423352749434e-17  6.70872935306741e-17
  7.62213893378882e-17  8.65909587188390e-17  9.83618256147830e-17
  1.11721870384901e-16  1.26883932776503e-16  1.44089092318469e-16
  1.63610374517366e-16  1.85756937337767e-16  2.10878799303991e-16
  2.39372178266278e-16  2.71685518525134e-16  3.08326293727614e-16
  3.49868683856554e-16  3.96962236879711e-16  4.50341639365399e-16
  5.10837735784195e-16  5.79389953506020e-16  6.57060309879380e-16
  7.45049199518351e-16  8.44713184258178e-16  9.57585035540053e-16
  1.08539630952987e-15  1.23010276950774e-15  1.39391300837255e-15
  1.57932066699435e-15  1.78914069212272e-15  2.02655013126482e-15
  2.29513402195088e-15  2.59893699999437e-15  2.94252132634929e-15
  3.33103211610192e-15  3.77027064682431e-15  4.26677672825066e-15
  4.82792123213578e-15  5.46201001181064e-15  6.17840058658346e-15
  6.98763312899671e-15  7.90157747431480e-15  8.93359807427658e-15
  1.00987390429745e-14  1.14139316946266e-14  1.28982272539313e-14
  1.45730577325780e-14  1.64625283148017e-14  1.85937449829373e-14
  2.09971815480601e-14  2.37070907321278e-14  2.67619644863095e-14
  3.02050493277915e-14  3.40849231437991e-14  3.84561406525680e-14
  4.33799555368051e-14  4.89251281824333e-14  5.51688289781436e-14
  6.21976482668194e-14  7.01087253052998e-14  7.90110099931359e-14
  8.90266726980537e-14  1.00292679239828e-13  1.12962550032953e-13
  1.27208324532987e-13  1.43222754523859e-13  1.61221752437297e-13
  1.81447123848992e-13  2.04169616573521e-13  2.29692322431611e-13
  2.58354471805147e-13  2.90535665609814e-13  3.26660594303758e-13
  3.67204299121080e-13  4.12698036885778e-13  4.63735816630514e-13
  5.20981683858645e-13  5.85177836777340e-13  6.57153668211826e-13
  7.37835837406153e-13  8.28259487497953e-13  9.29580737395601e-13
  1.04309059111861e-12  1.17023042360922e-12  1.31260921975339e-12
  1.47202276301431e-12  1.65047499204056e-12  1.85020176782692e-12
  2.07369732122705e-12  2.32374368051442e-12  2.60344341229656e-12
  2.91625604618659e-12  3.26603859507320e-12  3.65709062881183e-12
  4.09420441046985e-12  4.58272066113045e-12  5.12859058285468e-12
  5.73844483990558e-12  6.41967027713480e-12  7.18049524179118e-12
  8.03008447310895e-12  8.97864463195203e-12  1.00375416651301e-11
  1.12194313329733e-11  1.25384043804586e-11  1.40101479997313e-11
  1.56521254197692e-11  1.74837756682951e-11  1.95267357850366e-11
  2.18050880265412e-11  2.43456348951343e-11  2.71782051499465e-11
  3.03359943251187e-11  3.38559436849620e-11  3.77791620077413e-11
  4.21513950962921e-11  4.70235484911479e-11  5.24522695015819e-11
  5.85005953912450e-11  6.52386753626406e-11  7.27445748911971e-11
  8.11051719776850e-11  9.04171560307376e-11  1.00788141376654e-10
  1.12337908837506e-10  1.25199790446029e-10  1.39522214191199e-10
  1.55470427755323e-10  1.73228422516272e-10  1.93001081714366e-10
  2.15016579628448e-10  2.39529061939909e-10  2.66821641226932e-10
  2.97209745772143e-10  3.31044864686315e-10  3.68718737757611e-10
  4.10668044614988e-10  4.57379654716246e-10  5.09396507585991e-10
  5.67324201636176e-10  6.31838380041446e-10  7.03693013625585e-10
  7.83729693754351e-10  8.72888063029091e-10  9.72217528405249e-10
  1.08289042045590e-09  1.20621678425205e-09  1.34366101203887e-09
  1.49686055602681e-09  1.66764699163776e-09  1.85806973806779e-09
  2.07042278446927e-09  2.30727481763511e-09  2.57150320083945e-09
  2.86633231527302e-09  3.19537684574457e-09  3.56269067245303e-09
  3.97282212240662e-09  4.43087643831767e-09  4.94258644273427e-09
  5.51439251099446e-09  6.15353312318353e-09  6.86814744303004e-09
  7.66739157579936e-09  8.56157038968377e-09  9.56228705291314e-09
  1.06826127411426e-08  1.19372793220777e-08  1.33428982180359e-08
  1.49182091091118e-08  1.66843626565444e-08  1.86652420270879e-08
  2.08878286804634e-08  2.33826186664660e-08  2.61840965691568e-08
  2.93312752696092e-08  3.28683108547912e-08  3.68452033634977e-08
  4.13185955721580e-08  4.63526837985419e-08  5.20202566996000e-08
  5.84038803409068e-08  6.55972504481626e-08  7.37067357430171e-08
  8.28531397391448e-08  9.31737122382353e-08  1.04824446350725e-07
  1.17982701900932e-07  1.32850202023046e-07  1.49656456414765e-07
  1.68662672357518e-07  1.90166223418109e-07  2.14505755593387e-07
  2.42067022214402e-07  2.73289551719335e-07  3.08674267371931e-07
  3.48792194771101e-07  3.94294412299847e-07  4.45923421477752e-07
  5.04526139330361e-07  5.71068742881333e-07  6.46653628836847e-07
  7.32538787419116e-07  8.30159931936655e-07  9.41155772431694e-07
  1.06739687612225e-06  1.21101861792161e-06  1.37445879487407e-06
  1.56050055481532e-06  1.77232138176522e-06  2.01354897802867e-06
  2.28832500012735e-06  2.60137773293569e-06  2.95810493311764e-06
  3.36466823764388e-06  3.82810071885264e-06  4.35642937865308e-06
  4.95881460719582e-06  5.64570890354473e-06  6.42903744811656e-06
  7.32240345830594e-06  8.34132163524730e-06  9.50348343095772e-06
  1.08290583429803e-05  1.23410359769268e-05  1.40656142032509e-05
  1.60326394149457e-05  1.82761056147181e-05  2.08347199057513e-05
  2.37525428656195e-05  2.70797133169425e-05  3.08732681322362e-05
  3.51980689920131e-05  4.01278493663479e-05  4.57463966059676e-05
  5.21488856267369e-05  5.94433826654862e-05  6.77525395361777e-05
  7.72155011666252e-05  8.79900516089907e-05  1.00255026515406e-04
  1.14213022888665e-04  1.30093440368529e-04  1.48155891519221e-04
  1.68694022696478e-04  1.92039790896959e-04  2.18568246593856e-04
  2.48702877220167e-04  2.82921571026553e-04  3.21763266594877e-04
  3.65835358680520e-04  4.15821937785874e-04  4.72492946347721e-04
  5.36714342177981e-04  6.09459365769584e-04  6.91821016094869e-04
  7.85025846259954e-04  8.90449198621505e-04  1.00963200552437e-03
  1.14429929069204e-03  1.29638051209034e-03  1.46803189557628e-03
  1.66166091403655e-03  1.87995307416558e-03  2.12590117489349e-03
  2.40283721177141e-03  2.71446709440314e-03  3.06490835669217e-03
  3.45873102721631e-03  3.90100183164110e-03  4.39733188872598e-03
  4.95392805113648e-03  5.57764803305393e-03  6.27605944143002e-03
  7.05750281374882e-03  7.93115872851714e-03  8.90711902800432e-03
  9.99646214485892e-03  1.12113324867604e-02  1.25650237610487e-02
  1.40720660824839e-02  1.57483166014318e-02  1.76110533481204e-02
  1.96790718538163e-02  2.19727840464044e-02  2.45143187787856e-02
  2.73276232327863e-02  3.04385643204617e-02  3.38750290262449e-02
  3.76670225288289e-02  4.18467626997199e-02  4.64487695037766e-02
  5.15099475167911e-02  5.70696597066380e-02  6.31697903330935e-02
  6.98547946637367e-02  7.71717330086563e-02  8.51702863334657e-02
  9.39027505845745e-02  1.03424006567296e-01  1.13791462249289e-01
  1.25064963891250e-01  1.37306672734802e-01  1.50580903405582e-01
  1.64953920608403e-01  1.80493690384028e-01  1.97269582464111e-01
  2.15352020401721e-01  2.34812076286926e-01  2.55721007486298e-01
  2.78149732900806e-01  3.02168247324030e-01  3.27844972647834e-01
  3.55246046058315e-01  3.84434545850788e-01  4.15469657024294e-01
  4.48405779716986e-01  4.83291585196668e-01  5.20169025248443e-01
  5.59072302666697e-01  6.00026811641973e-01  6.43048058816105e-01
  6.88140576670273e-01  7.35296842804910e-01  7.84496219091931e-01
  8.35703926477681e-01  8.88870070852874e-01  9.43928737156820e-01
  1.00079716778913e+00  1.05937504308434e+00  1.11954388057001e+00
  1.18116657112667e+00  1.24408707022014e+00  1.30813026366210e+00
  1.37310202845447e+00  1.43878951052162e+00  1.50496164195847e+00
  1.57136992033836e+00  1.63774947114945e+00  1.70382041092107e+00
  1.76928952303280e+00  1.83385225067149e+00  1.89719500176927e+00
  1.95899775056440e+00  2.01893690909001e+00  2.07668843146436e+00
  2.13193110331909e+00  2.18434996096585e+00  2.23363977657628e+00
  2.27950854228312e+00  2.32168088189294e+00  2.35990131941088e+00
  2.39393733540199e+00  2.42358214577889e+00  2.44865714489879e+00
  2.46901396216622e+00  2.48453609171475e+00  2.49514006542543e+00
  2.50077615134202e+00  2.50142857159935e+00  2.49711524592770e+00
  2.48788707808059e+00  2.47382681293041e+00  2.45504750148427e+00
  2.43169061769567e+00  2.40392387772991e+00  2.37193881587737e+00
  2.33594817295520e+00  2.29618315437522e+00  2.25289061238332e+00
  2.20633020523353e+00  2.15677158120964e+00  2.10449163076915e+00
  2.04977184413047e+00  1.99289580559173e+00  1.93414684947337e+00
  1.87380589650515e+00  1.81214948345924e+00  1.74944799341428e+00
  1.68596408937102e+00  1.62195134944295e+00  1.55765309868681e+00
  1.49330142972097e+00  1.42911640216695e+00  1.36530540972761e+00
  1.30206270247053e+00  1.23956905186161e+00  1.17799154565495e+00
  1.11748350032675e+00  1.05818447891331e+00  1.00022040290971e+00
  9.43703747375738e-01  8.88733809238329e-01  8.35397039349924e-01
  7.83767429683439e-01  7.33906947595976e-01  6.85866009847275e-01
  6.39683989780760e-01  5.95389751087455e-01  5.53002203371330e-01
  5.12530873753726e-01  4.73976490159854e-01  4.37331572468055e-01
  4.02581026841045e-01  3.69702740551839e-01  3.38668173196663e-01
  3.09442941572771e-01  2.81987395131894e-01  2.56257179255359e-01
  2.32203783984351e-01  2.09775075896462e-01  1.88915811282541e-01
  1.69568128976779e-01  1.51672021568668e-01  1.35165783954125e-01
  1.19986438575021e-01  1.06070136800415e-01  9.33525362985309e-02
  8.17691543500124e-02  7.12556971949646e-02  6.17483657706618e-02
  5.31841381192667e-02  4.55010289868319e-02  3.86383270744433e-02
  3.25368104744744e-02  2.71389408374589e-02  2.23890367797039e-02
  1.82334270569960e-02  1.46205839644367e-02  1.15012374252111e-02
  8.82847016482837e-03  6.55779436588123e-03  4.64721014839308e-03
  3.05724623699407e-03  1.75098317335569e-03  6.94059423164171e-04
 -1.45339128966051e-04 -7.96505879880418e-04 -1.28625574069964e-03
 -1.63898224669287e-03 -1.87672869269772e-03 -2.01927231814948e-03
 -2.08422041751973e-03 -2.08711709452981e-03 -2.04155923422386e-03
 -1.95932013763836e-03 -1.85047915026309e-03 -1.72355553934873e-03
 -1.58564482414324e-03 -1.44255575859913e-03 -1.29894619849563e-03
 -1.15845616159990e-03 -1.02383650707523e-03 -8.97071814319645e-04
 -7.79496229469307e-04 -6.71901260622361e-04 -5.74634733657754e-04
 -4.87690361076520e-04 -4.10787616879639e-04 -3.43441843441161e-04
 -2.85024733042556e-04 -2.34815521147590e-04 -1.92043394696604e-04
 -1.55921753514817e-04 -1.25675063926362e-04 -1.00559110900709e-04
 -7.98754894909994e-05 -6.29811807863345e-05 -4.92940355732984e-05
 -3.82949449509485e-05 -2.95274160015157e-05 -2.25951973281843e-05
 -1.71585185379827e-05 -1.29294239992767e-05 -9.66659822196528e-06
 -7.17000102395419e-06 -5.27555780039907e-06 -3.85008505962538e-06
 -2.78657515427754e-06 -1.99991699311156e-06 -1.42309124532620e-06
 -1.00384894141579e-06 -7.01860084260394e-07 -4.86303510318467e-07
 -3.33859263155528e-07 -2.27059367752861e-07 -1.52951052538028e-07
 -1.02027178837507e-07 -6.73812669815282e-08 -4.40481819240954e-08
 -2.84960169442095e-08 -1.82391839036328e-08 -1.15474429713673e-08
 -7.22960947481050e-09 -4.47485591463973e-09 -2.73752619536191e-09
 -1.65475669174664e-09 -9.88031128836784e-10 -5.82577167467630e-10
 -3.39093900913088e-10 -1.94786671309634e-10 -1.10381848455267e-10
 -6.16871601401591e-11 -3.39871778851296e-11 -1.84545878025272e-11
 -9.87188958905428e-12 -5.20039439397866e-12 -2.69675304528117e-12
 -1.37606595100560e-12 -6.90637425751860e-13 -3.40791381494083e-13
 -1.65258847877257e-13 -7.87197288267678e-14 -3.68167339355304e-14
 -1.68983635395526e-14 -7.60801466298081e-15 -3.35822430430367e-15
 -1.45257594077002e-15 -6.15362031312323e-16 -2.55184402132831e-16
 -1.03532104546870e-16 -4.10703985461512e-17 -1.59224131325326e-17
 -6.03189153793309e-18 -2.23051536832260e-18 -8.04646474695621e-19
 -2.83011692280695e-19 -9.70059709351309e-20 -3.23993884936264e-20
 -1.05555831519006e-20 -3.34841737286247e-21 -1.03174819809488e-21
 -3.08578083938679e-22 -8.95129810966938e-23 -2.51652129148289e-23
 -6.85116455695360e-24 -1.80477981714119e-24
 (i6, f12.0, f18.0, f8.3, i6)
   665  60.0000000  0.02500000000000  26.000     2
 (3e22.14)
  2.89367842424056e-06  3.03926416337058e-06  3.19217416623429e-06
  3.35277687843171e-06  3.52145927781226e-06  3.69862780643920e-06
  3.88470934940761e-06  4.08015226287050e-06  4.28542745374540e-06
  4.50102951369861e-06  4.72747791013526e-06  4.96531823705595e-06
  5.21512352879400e-06  5.47749563978326e-06  5.75306669368785e-06
  6.04250060535644e-06  6.34649467929327e-06  6.66578128843714e-06
  7.00112963736364e-06  7.35334761403223e-06  7.72328373467536e-06
  8.11182918635130e-06  8.51991997219943e-06  8.94853916446098e-06
  9.39871927073474e-06  9.87154471911107e-06  1.03681544682083e-05
  1.08897447482964e-05  1.14375719402125e-05  1.20129555988362e-05
  1.26172816285320e-05  1.32520056180625e-05  1.39186563430701e-05
  1.46188394444517e-05  1.53542412915747e-05  1.61266330394190e-05
  1.69378748896538e-05  1.77899205655411e-05  1.86848220117413e-05
  1.96247343300144e-05  2.06119209628517e-05  2.16487591373546e-05
  2.27377455825016e-05  2.38815025334042e-05  2.50827840371201e-05
  2.63444825748749e-05  2.76696360169507e-05  2.90614349264248e-05
  3.05232302297680e-05  3.20585412722440e-05  3.36710642777175e-05
  3.53646812329430e-05  3.71434692177542e-05  3.90117102033063e-05
  4.09739013421253e-05  4.30347657741387e-05  4.51992639752034e-05
  4.74726056744621e-05  4.98602623698968e-05  5.23679804712738e-05
  5.50017951024378e-05  5.77680445956262e-05  6.06733857126977e-05
  6.37248096293316e-05  6.69296587208900e-05  7.02956441892733e-05
  7.38308645739708e-05  7.75438251901159e-05  8.14434585413960e-05
  8.55391457552845e-05  8.98407390926256e-05  9.43585855847128e-05
  9.91035518546404e-05  1.04087050181565e-04  1.09321065870838e-04
  1.14818185993930e-04  1.20591629568457e-04  1.26655279247846e-04
  1.33023714598502e-04  1.39712247041574e-04  1.46736956543928e-04
  1.54114730144667e-04  1.61863302409469e-04  1.70001297907979e-04
  1.78548275816584e-04  1.87524776750446e-04  1.96952371938452e-04
  2.06853714855247e-04  2.17252595434913e-04  2.28173996993243e-04
  2.39644155994982e-04  2.51690624805550e-04  2.64342337579085e-04
  2.77629679434051e-04  2.91584559085794e-04  3.06240485101964e-04
  3.21632645965866e-04  3.37797994133494e-04  3.54775334284727e-04
  3.72605415975406e-04  3.91331030910729e-04  4.10997115066209e-04
  4.31650855901362e-04  4.53341804911870e-04  4.76121995793397e-04
  5.00046068486144e-04  5.25171399399136e-04  5.51558238114679e-04
  5.79269850897096e-04  6.08372671339762e-04  6.38936458506692e-04
  6.71034462933883e-04  7.04743600886665e-04  7.40144637269175e-04
  7.77322377627473e-04  8.16365869679648e-04  8.57368614855726e-04
  9.00428790331228e-04  9.45649482076992e-04  9.93138929463104e-04
  1.04301078199093e-03  1.09538436874065e-03  1.15038498117267e-03
  1.20814416991889e-03  1.26880005627514e-03  1.33249765908982e-03
  1.39938923782547e-03  1.46963465256937e-03  1.54340174183250e-03
  1.62086671899932e-03  1.70221458834920e-03  1.78763958159005e-03
  1.87734561592658e-03  1.97154677468631e-03  2.07046781162882e-03
  2.17434468006853e-03  2.28342508803396e-03  2.39796908071291e-03
  2.51824965152939e-03  2.64455338320585e-03  2.77718112031309e-03
  2.91644867477004e-03  3.06268756594811e-03  3.21624579699905e-03
  3.37748866918931e-03  3.54679963604988e-03  3.72458119927372e-03
  3.91125584834627e-03  4.10726704604051e-03  4.31308026192589e-03
  4.52918405626089e-03  4.75609121658813e-03  4.99433994964252e-03
  5.24449513112801e-03  5.50714961617579e-03  5.78292561333216e-03
  6.07247612511825e-03  6.37648645828027e-03  6.69567580708253e-03
  7.03079891300682e-03  7.38264780458290e-03  7.75205362096518e-03
  8.13988852335110e-03  8.54706769821815e-03  8.97455145677512e-03
  9.42334743505667e-03  9.89451289939668e-03  1.03891571621177e-02
  1.09084441126440e-02  1.14535948692307e-02  1.20258905570914e-02
  1.26266752184724e-02  1.32573588610183e-02  1.39194206505178e-02
  1.46144122548003e-02  1.53439613455595e-02  1.61097752653595e-02
  1.69136448671966e-02  1.77574485345728e-02  1.86431563899482e-02
  1.95728347003893e-02  2.05486504887612e-02  2.15728763601034e-02
  2.26478955523184e-02  2.37762072213857e-02  2.49604319712405e-02
  2.62033176391853e-02  2.75077453478046e-02  2.88767358352596e-02
  3.03134560755862e-02  3.18212262019991e-02  3.34035267456655e-02
  3.50640062038286e-02  3.68064889509224e-02  3.86349835074442e-02
  4.05536911811516e-02  4.25670150967891e-02  4.46795696294404e-02
  4.68961902593310e-02  4.92219438640719e-02  5.16621394671211e-02
  5.42223394601292e-02  5.69083713185359e-02  5.97263398296541e-02
  6.26826398538022e-02  6.57839696385982e-02  6.90373447087769e-02
  7.24501123520733e-02  7.60299667255648e-02  7.97849646037701e-02
  8.37235417939200e-02  8.78545302416081e-02  9.21871758524958e-02
  9.67311570550203e-02  1.01496604130883e-01  1.06494119338726e-01
  1.11734797859824e-01  1.17230249590726e-01  1.22992621814001e-01
  1.29034622772007e-01  1.35369546175195e-01  1.42011296671772e-01
  1.48974416309078e-01  1.56274112014898e-01  1.63926284129281e-01
  1.71947556013987e-01  1.80355304771835e-01  1.89167693100132e-01
  1.98403702312434e-01  2.08083166550455e-01  2.18226808218628e-01
  2.28856274663972e-01  2.39994176129008e-01  2.51664125000131e-01
  2.63890776376578e-01  2.76699869977370e-01  2.90118273411215e-01
  3.04174026818060e-01  3.18896388907376e-01  3.34315884393899e-01
  3.50464352848953e-01  3.67374998965626e-01  3.85082444243198e-01
  4.03622780084336e-01  4.23033622301336e-01  4.43354167011197e-01
  4.64625247910818e-01  4.86889394891407e-01  5.10190893978561e-01
  5.34575848537479e-01  5.60092241711780e-01  5.86790000025566e-01
  6.14721058088503e-01  6.43939424319262e-01  6.74501247604865e-01
  7.06464884780482e-01  7.39890968832386e-01  7.74842477665099e-01
  8.11384803320890e-01  8.49585821451205e-01  8.89515960889765e-01
  9.31248273103577e-01  9.74858501314018e-01  1.02042514903315e+00
  1.06802954776221e+00  1.11775592353699e+00  1.16969146203613e+00
  1.22392637185454e+00  1.28055394562860e+00  1.33967061853825e+00
  1.40137602380135e+00  1.46577304464300e+00  1.53296786225160e+00
  1.60306999915007e+00  1.67619235741584e+00  1.75245125107355e+00
  1.83196643204523e+00  1.91486110884202e+00  2.00126195734027e+00
  2.09129912270060e+00  2.18510621166133e+00  2.28282027420811e+00
  2.38458177368761e+00  2.49053454429702e+00  2.60082573490750e+00
  2.71560573800229e+00  2.83502810264003e+00  2.95924943002083e+00
  3.08842925054180e+00  3.22272988075526e+00  3.36231625898262e+00
  3.50735575796831e+00  3.65801797312354e+00  3.81447448469794e+00
  3.97689859234898e+00  4.14546502028156e+00  4.32034959145859e+00
  4.50172886885416e+00  4.68977976232003e+00  4.88467909892972e+00
  5.08660315531498e+00  5.29572714994437e+00  5.51222469383627e+00
  5.73626719758492e+00  5.96802323351336e+00  6.20765785068718e+00
  6.45533184182196e+00  6.71120096012821e+00  6.97541508509144e+00
  7.24811733565890e+00  7.52944313023995e+00  7.81951919198663e+00
  8.11846249972790e+00  8.42637918302105e+00  8.74336336246554e+00
  9.06949593457662e+00  9.40484330257209e+00  9.74945605371535e+00
  1.01033675851299e+01  1.04665926796561e+01  1.08391260350777e+01
  1.12209407489616e+01  1.16119867642855e+01  1.20121892789388e+01
  1.24214471260114e+01  1.28396311297228e+01  1.32665824451668e+01
  1.37021108887771e+01  1.41459932699761e+01  1.45979717318866e+01
  1.50577521150578e+01  1.55250023530983e+01  1.59993509168828e+01
  1.64803853191164e+01  1.69676506970813e+01  1.74606484891320e+01
  1.79588352243531e+01  1.84616214434860e+01  1.89683707734846e+01
  1.94783991752341e+01  1.99909743904984e+01  2.05053156076006e+01
  2.10205933762013e+01  2.15359297910548e+01  2.20503989761065e+01
  2.25630278918076e+01  2.30727974961587e+01  2.35786442824077e+01
  2.40794622263559e+01  2.45741051614251e+01  2.50613896167514e+01
  2.55400981329339e+01  2.60089830861413e+01  2.64667710351922e+01
  2.69121676146939e+01  2.73438629830349e+01  2.77605378454737e+01
  2.81608700475099e+01  2.85435417549554e+01  2.89072472040273e+01
  2.92507010237086e+01  2.95726471066113e+01  2.98718680121632e+01
  3.01471948635809e+01  3.03975177102251e+01  3.06217962930431e+01
  3.08190711712560e+01  3.09884751274881e+01  3.11292447853111e+01
  3.12407323419739e+01  3.13224173239455e+01  3.13739182470562e+01
  3.13950040712172e+01  3.13856053042908e+01  3.13458246321132e+01
  3.12759469039176e+01  3.11764483346377e+01  3.10480047423178e+01
  3.08914986606738e+01  3.07080251424109e+01  3.04988960859974e+01
  3.02656428933382e+01  3.00100173027952e+01  2.97339902044114e+01
  2.94397482971579e+01  2.91296884187024e+01  2.88064094240647e+01
  2.84727014834524e+01  2.81315327130829e+01  2.77860330507133e+01
  2.74394753517766e+01  2.70952536704867e+01  2.67568587721649e+01
  2.64278509194279e+01  2.61118300491511e+01  2.58124034763958e+01
  2.55331513295264e+01  2.52775899403657e+01  2.50491334984938e+01
  2.48510542805125e+01  2.46864418590688e+01  2.45581617065456e+01
  2.44688136668078e+01  2.44206908115448e+01  2.44157392194611e+01
  2.44555192587243e+01  2.45411689725001e+01  2.46733701793058e+01
  2.48523179166465e+01  2.50776938488261e+01  2.53486442518944e+01
  2.56637631691470e+01  2.60210812987412e+01  2.64180611266687e+01
  2.68515987802298e+01  2.73180329844540e+01  2.78131614620334e+01
  2.83322649945762e+01  2.88701392937359e+01  2.94211347061521e+01
  2.99792036694012e+01  3.05379557111637e+01  3.10907196605176e+01
  3.16306126044169e+01  3.21506150001331e+01  3.26436512108517e+01
  3.31026746230850e+01  3.35207563615636e+01  3.38911765212294e+01
  3.42075167248762e+01  3.44637527209306e+01  3.46543456697395e+01
  3.47743307027164e+01  3.48194012946195e+01  3.47859879895392e+01
  3.46713300019016e+01  3.44735382685757e+01  3.41916485660498e+01
  3.38256634013923e+01  3.33765814873708e+01  3.28464137614621e+01
  3.22381850577425e+01  3.15559207581040e+01  3.08046179334205e+01
  2.99902007701704e+01  2.91194602982828e+01  2.81999787560059e+01
  2.72400391940113e+01  2.62485212548613e+01  2.52347843392722e+01
  2.42085397197086e+01  2.31797134121568e+01  2.21583019321863e+01
  2.11542232884958e+01  2.01771657845929e+01  1.92364373746400e+01
  1.83408184184804e+01  1.74984207416101e+01  1.67165558789638e+01
  1.60016152918534e+01  1.53589651750214e+01  1.47928582321201e+01
  1.43063644697929e+01  1.39013227080581e+01  1.35783140410418e+01
  1.33366580482473e+01  1.31744320352513e+01  1.30885130910907e+01
  1.30746422403482e+01  1.31275094763693e+01  1.32408579925709e+01
  1.34076054896249e+01  1.36199800373150e+01  1.38696676209465e+01
  1.41479682105030e+01  1.44459569735517e+01  1.47546471127423e+01
  1.50651507641079e+01  1.53688344414429e+01  1.56574656645129e+01
  1.59233476591588e+01  1.61594393607195e+01  1.63594583783227e+01
  1.65179650705591e+01  1.66304264252779e+01  1.66932590081216e+01
  1.67038508217099e+01  1.66605624851101e+01  1.65627086697337e+01
  1.64105212113420e+01  1.62050957252575e+01  1.59483238889347e+01
  1.56428138020524e+01  1.52918009935020e+01  1.48990527174293e+01
  1.44687681660546e+01  1.40054771375864e+01  1.35139395429495e+01
  1.29990479200494e+01  1.24657348714327e+01  1.19188870539744e+01
  1.13632670440171e+01  1.08034440917994e+01  1.02437344688535e+01
  9.68815181865809e+00  9.14036764350244e+00  8.60368181046856e+00
  8.08100273906388e+00  7.57483674231195e+00  7.08728584053430e+00
  6.62005323969479e+00  6.17445558305276e+00  5.75144102025346e+00
  5.35161211256419e+00  4.97525258775211e+00  4.62235697900458e+00
  4.29266222328314e+00  3.98568035243249e+00  3.70073148288612e+00
  3.43697639304919e+00  3.19344806870265e+00  2.96908169274565e+00
  2.76274265372179e+00  2.57325224481004e+00  2.39941081932938e+00
  2.24001825755246e+00  2.09389168141445e+00  1.95988042708684e+00
  1.83687834848320e+00  1.72383357763444e+00  1.61975591113211e+00
  1.52372202198667e+00  1.43487871969606e+00  1.35244449201808e+00
  1.27570956687652e+00  1.20403472900313e+00  1.13684911667726e+00
  1.07364720995882e+00  1.01398520411837e+00  9.57476942135218e-01
  9.03789558982459e-01  8.52638968695492e-01  8.03785304334378e-01
  7.57028400467254e-01  7.12203389601352e-01  6.69176466816840e-01
  6.27840862472027e-01  5.88113050162380e-01  5.49929206733273e-01
  5.13241932961167e-01  4.78017236945570e-01  4.44231777822489e-01
  4.11870363962977e-01  3.80923698127191e-01  3.51386360803077e-01
  3.23255022853624e-01  2.96526878626629e-01  2.71198291195400e-01
  2.47263641802824e-01  2.24714376043268e-01  2.03538239413921e-01
  1.83718694879165e-01  1.65234514577879e-01  1.48059537206703e-01
  1.32162581419904e-01  1.17507504570221e-01  1.04053394462079e-01
  9.17548805416657e-02  8.05625493526510e-02  7.04234478982608e-02
  6.12816574353802e-02  5.30789195326105e-02  4.57552958600647e-02
  3.92498433106395e-02  3.35012866121677e-02  2.84486716562175e-02
  2.40319842538273e-02  2.01927209361023e-02  1.68744006312632e-02
  1.40230085246204e-02  1.15873660102484e-02  9.51942329720609e-03
  7.77447381234632e-03  6.31129196704318e-03  5.09219802404047e-03
  4.08305565731635e-03  3.25320927853680e-03  2.57536928943534e-03
  2.02545409245207e-03  1.58239797110239e-03  1.22793386266853e-03
  9.46359635821042e-04  7.24295810571895e-04  5.50441780477383e-04
  4.15336581917846e-04  3.11129167502338e-04  2.31362037466582e-04
  1.70771016394264e-04  1.25102972934742e-04  9.09523989044685e-05
  6.56170105630796e-05  4.69719192821159e-05  3.33614421588097e-05
  2.35072787740751e-05  1.64315570545830e-05  1.13931324536135e-05
  7.83549362539237e-06  5.34466560281199e-06  3.61559026811334e-06
  2.42558837570420e-06  1.61365201715156e-06  1.06447088615572e-06
  6.96249864796533e-07  4.51522766128868e-07  2.90303207169735e-07
  1.85034999895585e-07  1.16910845364452e-07  7.32182063185648e-08
  4.54470510452467e-08  2.79554442678832e-08  1.70390374249080e-08
  1.02890478759911e-08  6.15433287359338e-09  3.64562499896092e-09
  2.13821368423852e-09  1.24135262111597e-09  7.13168240083510e-10
  4.05298140141161e-10  2.27779852409557e-10  1.26537386478474e-10
  6.94565728619392e-11  3.76552464869012e-11  2.01538792241151e-11
  1.06439840843110e-11  5.54429348136630e-12  2.84683562106909e-12
  1.44020788698474e-12  7.17468378482903e-13  3.51770808289056e-13
  1.69651414892253e-13  8.04369598592098e-14  3.74725553820892e-14
  1.71428183590004e-14  7.69689429147414e-15  3.38972540346637e-15
  1.46345259497205e-15  6.19018141934619e-16  2.56380038796770e-16
  1.03911941367901e-16  4.11876191793480e-17  1.59575288134977e-17
  6.04209531419868e-18  2.23338911199473e-18  8.05430298324539e-19
  2.83218572576001e-19  9.70587654302447e-20  3.24124038483130e-20
  1.05586801500372e-20  3.34912801921420e-21  1.03190530452906e-21
  3.08611515167852e-22  8.95198219196168e-23  2.51665576322834e-23
  6.85141823248316e-24  1.80482569444836e-24
  2.48760274371638e-24  2.83795082731492e-24  3.23762551586212e-24
  3.69356899327131e-24  4.21370005681725e-24  4.80705143021637e-24
  5.48392637082537e-24  6.25607727988530e-24  7.13690940474024e-24
  8.14171315508543e-24  9.28792904947568e-24  1.05954498710573e-23
  1.20869652537590e-23  1.37883546518236e-23  1.57291354799616e-23
  1.79429741624089e-23  2.04682689133388e-23  2.33488143069412e-23
  2.66345591041173e-23  3.03824704085792e-23  3.46575190552139e-23
  3.95338032198393e-23  4.50958296169794e-23  5.14399743622579e-23
  5.86761486643663e-23  6.69296980315003e-23  7.63435676880908e-23
  8.70807714693506e-23  9.93272066697068e-23  1.13294863257697e-22
  1.29225482633418e-22  1.47394728811918e-22  1.68116943697436e-22
  1.91750568118661e-22  2.18704321694932e-22  2.49444247589512e-22
  2.84501743003058e-22  3.24482713113201e-22  3.70078005368415e-22
  4.22075302913776e-22  4.81372680839272e-22  5.48994057316167e-22
  6.26106804005492e-22  7.14041816928895e-22  8.14316390912104e-22
  9.28660288444260e-22  1.05904544815982e-21  1.20771984004375e-21
  1.37724604494342e-21  1.57054521621423e-21  1.79094717268840e-21
  2.04224747616282e-21  2.32877246501157e-21  2.65545335030006e-21
  3.02791063420485e-21  3.45255028514912e-21  3.93667330280474e-21
  4.48860053227910e-21  5.11781484418039e-21  5.83512309012789e-21
  6.65284057650090e-21  7.58500117837949e-21  8.64759664693273e-21
  9.85884915424169e-21  1.12395216776594e-20  1.28132714607112e-20
  1.46070525095796e-20  1.66515739053913e-20  1.89818216463067e-20
  2.16376527952334e-20  2.46644719161675e-20  2.81140011547267e-20
  3.20451568785493e-20  3.65250475668008e-20  4.16301096536388e-20
  4.74474003213111e-20  5.40760688416973e-20  6.16290310230510e-20
  7.02348746791563e-20  8.00400278560602e-20  9.12112258879801e-20
  1.03938318279747e-19  1.18437462006905e-19  1.34954754176900e-19
  1.53770364206939e-19  1.75203233862986e-19  1.99616422798779e-19
  2.27423187784805e-19  2.59093895790324e-19  2.95163884668948e-19
  3.36242400614592e-19  3.83022759044269e-19  4.36293895402739e-19
  4.96953494885502e-19  5.66022915592349e-19  6.44664148557303e-19
  7.34199090901136e-19  8.36131445535003e-19  9.52171602985186e-19
  1.08426490866456e-18  1.23462377302540e-18  1.40576414332832e-18
  1.60054692519503e-18  1.82222502074779e-18  2.07449673918055e-18
  2.36156643641388e-18  2.68821335459835e-18  3.05986976137841e-18
  3.48270963496879e-18  3.96374930643763e-18  4.51096165761587e-18
  5.13340568458404e-18  5.84137347585890e-18  6.64655692483242e-18
  7.56223680164966e-18  8.60349715515982e-18  9.78746840586232e-18
  1.11336029316954e-17  1.26639874464929e-17  1.44036970333054e-17
  1.63811963296326e-17  1.86287940782800e-17  2.11831580662428e-17
  2.40858983865537e-17  2.73842279872247e-17  3.11317106324137e-17
  3.53891077096180e-17  4.02253367923907e-17  4.57185565308399e-17
  5.19573943160095e-17  5.90423352749434e-17  6.70872935306741e-17
  7.62213893378882e-17  8.65909587188390e-17  9.83618256147830e-17
  1.11721870384901e-16  1.26883932776503e-16  1.44089092318469e-16
  1.63610374517366e-16  1.85756937337767e-16  2.10878799303991e-16
  2.39372178266278e-16  2.71685518525134e-16  3.08326293727614e-16
  3.49868683856554e-16  3.96962236879711e-16  4.50341639365399e-16
  5.10837735784195e-16  5.79389953506020e-16  6.57060309879380e-16
  7.45049199518351e-16  8.44713184258178e-16  9.57585035540053e-16
  1.08539630952987e-15  1.23010276950774e-15  1.39391300837255e-15
  1.57932066699435e-15  1.78914069212272e-15  2.02655013126482e-15
  2.29513402195088e-15  2.59893699999437e-15  2.94252132634929e-15
  3.33103211610192e-15  3.77027064682431e-15  4.26677672825066e-15
  4.82792123213578e-15  5.46201001181064e-15  6.17840058658346e-15
  6.98763312899671e-15  7.90157747431480e-15  8.93359807427658e-15
  1.00987390429745e-14  1.14139316946266e-14  1.28982272539313e-14
  1.45730577325780e-14  1.64625283148017e-14  1.85937449829373e-14
  2.09971815480601e-14  2.37070907321278e-14  2.67619644863095e-14
  3.02050493277915e-14  3.40849231437991e-14  3.84561406525680e-14
  4.33799555368051e-14  4.89251281824333e-14  5.51688289781436e-14
  6.21976482668194e-14  7.01087253052998e-14  7.90110099931359e-14
  8.90266726980537e-14  1.00292679239828e-13  1.12962550032953e-13
  1.27208324532987e-13  1.43222754523859e-13  1.61221752437297e-13
  1.81447123848992e-13  2.04169616573521e-13  2.29692322431611e-13
  2.58354471805147e-13  2.90535665609814e-13  3.26660594303758e-13
  3.67204299121080e-13  4.12698036885778e-13  4.63735816630514e-13
  5.20981683858645e-13  5.85177836777340e-13  6.57153668211826e-13
  7.37835837406153e-13  8.28259487497953e-13  9.29580737395601e-13
  1.04309059111861e-12  1.17023042360922e-12  1.31260921975339e-12
  1.47202276301431e-12  1.65047499204056e-12  1.85020176782692e-12
  2.07369732122705e-12  2.32374368051442e-12  2.60344341229656e-12
  2.91625604618659e-12  3.26603859507320e-12  3.65709062881183e-12
  4.09420441046985e-12  4.58272066113045e-12  5.12859058285468e-12
  5.73844483990558e-12  6.41967027713480e-12  7.18049524179118e-12
  8.03008447310895e-12  8.97864463195203e-12  1.00375416651301e-11
  1.12194313329733e-11  1.25384043804586e-11  1.40101479997313e-11
  1.56521254197692e-11  1.74837756682951e-11  1.95267357850366e-11
  2.18050880265412e-11  2.43456348951343e-11  2.71782051499465e-11
  3.03359943251187e-11  3.38559436849620e-11  3.77791620077413e-11
  4.21513950962921e-11  4.70235484911479e-11  5.24522695015819e-11
  5.85005953912450e-11  6.52386753626406e-11  7.27445748911971e-11
  8.11051719776850e-11  9.04171560307376e-11  1.00788141376654e-10
  1.12337908837506e-10  1.25199790446029e-10  1.39522214191199e-10
  1.55470427755323e-10  1.73228422516272e-10  1.93001081714366e-10
  2.15016579628448e-10  2.39529061939909e-10  2.66821641226932e-10
  2.97209745772143e-10  3.31044864686315e-10  3.68718737757611e-10
  4.10668044614988e-10  4.57379654716246e-10  5.09396507585991e-10
  5.67324201636176e-10  6.31838380041446e-10  7.03693013625585e-10
  7.83729693754351e-10  8.72888063029091e-10  9.72217528405249e-10
  1.08289042045590e-09  1.20621678425205e-09  1.34366101203887e-09
  1.49686055602681e-09  1.66764699163776e-09  1.85806973806779e-09
  2.07042278446927e-09  2.30727481763511e-09  2.57150320083945e-09
  2.86633231527302e-09  3.19537684574457e-09  3.56269067245303e-09
  3.97282212240662e-09  4.43087643831767e-09  4.94258644273427e-09
  5.51439251099446e-09  6.15353312318353e-09  6.86814744303004e-09
  7.66739157579936e-09  8.56157038968377e-09  9.56228705291314e-09
  1.06826127411426e-08  1.19372793220777e-08  1.33428982180359e-08
  1.49182091091118e-08  1.66843626565444e-08  1.86652420270879e-08
  2.08878286804634e-08  2.33826186664660e-08  2.61840965691568e-08
  2.93312752696092e-08  3.28683108547912e-08  3.68452033634977e-08
  4.13185955721580e-08  4.63526837985419e-08  5.20202566996000e-08
  5.84038803409068e-08  6.55972504481626e-08  7.37067357430171e-08
  8.28531397391448e-08  9.31737122382353e-08  1.04824446350725e-07
  1.17982701900932e-07  1.32850202023046e-07  1.49656456414765e-07
  1.68662672357518e-07  1.90166223418109e-07  2.14505755593387e-07
  2.42067022214402e-07  2.73289551719335e-07  3.08674267371931e-07
  3.48792194771101e-07  3.94294412299847e-07  4.45923421477752e-07
  5.04526139330361e-07  5.71068742881333e-07  6.46653628836847e-07
  7.32538787419116e-07  8.30159931936655e-07  9.41155772431694e-07
  1.06739687612225e-06  1.21101861792161e-06  1.37445879487407e-06
  1.56050055481532e-06  1.77232138176522e-06  2.01354897802867e-06
  2.28832500012735e-06  2.60137773293569e-06  2.95810493311764e-06
  3.36466823764388e-06  3.82810071885264e-06  4.35642937865308e-06
  4.95881460719582e-06  5.64570890354473e-06  6.42903744811656e-06
  7.32240345830594e-06  8.34132163524730e-06  9.50348343095772e-06
  1.08290583429803e-05  1.23410359769268e-05  1.40656142032509e-05
  1.60326394149457e-05  1.82761056147181e-05  2.08347199057513e-05
  2.37525428656195e-05  2.70797133169425e-05  3.08732681322362e-05
  3.51980689920131e-05  4.01278493663479e-05  4.57463966059676e-05
  5.21488856267369e-05  5.94433826654862e-05  6.77525395361777e-05
  7.72155011666252e-05  8.79900516089907e-05  1.00255026515406e-04
  1.14213022888665e-04  1.30093440368529e-04  1.48155891519221e-04
  1.68694022696478e-04  1.92039790896959e-04  2.18568246593856e-04
  2.48702877220167e-04  2.82921571026553e-04  3.21763266594877e-04
  3.65835358680520e-04  4.15821937785874e-04  4.72492946347721e-04
  5.36714342177981e-04  6.09459365769584e-04  6.91821016094869e-04
  7.85025846259954e-04  8.90449198621505e-04  1.00963200552437e-03
  1.14429929069204e-03  1.29638051209034e-03  1.46803189557628e-03
  1.66166091403655e-03  1.87995307416558e-03  2.12590117489349e-03
  2.40283721177141e-03  2.71446709440314e-03  3.06490835669217e-03
  3.45873102721631e-03  3.90100183164110e-03  4.39733188872598e-03
  4.95392805113648e-03  5.57764803305393e-03  6.27605944143002e-03
  7.05750281374882e-03  7.93115872851714e-03  8.90711902800432e-03
  9.99646214485892e-03  1.12113324867604e-02  1.25650237610487e-02
  1.40720660824839e-02  1.57483166014318e-02  1.76110533481204e-02
  1.96790718538163e-02  2.19727840464044e-02  2.45143187787856e-02
  2.73276232327863e-02  3.04385643204617e-02  3.38750290262449e-02
  3.76670225288289e-02  4.18467626997199e-02  4.64487695037766e-02
  5.15099475167911e-02  5.70696597066380e-02  6.31697903330935e-02
  6.98547946637367e-02  7.71717330086563e-02  8.51702863334657e-02
  9.39027505845745e-02  1.03424006567296e-01  1.13791462249289e-01
  1.25064963891250e-01  1.37306672734802e-01  1.50580903405582e-01
  1.64953920608403e-01  1.80493690384028e-01  1.97269582464111e-01
  2.15352020401721e-01  2.34812076286926e-01  2.55721007486298e-01
  2.78149732900806e-01  3.02168247324030e-01  3.27844972647834e-01
  3.55246046058315e-01  3.84434545850788e-01  4.15469657024294e-01
  4.48405779716986e-01  4.83291585196668e-01  5.20169025248443e-01
  5.59072302666697e-01  6.00026811641973e-01  6.43048058816105e-01
  6.88140576670273e-01  7.35296842804910e-01  7.84496219091931e-01
  8.35703926477681e-01  8.88870070852874e-01  9.43928737156820e-01
  1.00079716778913e+00  1.05937504308434e+00  1.11954388057001e+00
  1.18116657112667e+00  1.24408707022014e+00  1.30813026366210e+00
  1.37310202845447e+00  1.43878951052162e+00  1.50496164195847e+00
  1.57136992033836e+00  1.63774947114945e+00  1.70382041092107e+00
  1.76928952303280e+00  1.83385225067149e+00  1.89719500176927e+00
  1.95899775056440e+00  2.01893690909001e+00  2.07668843146436e+00
  2.13193110331909e+00  2.18434996096585e+00  2.23363977657628e+00
  2.27950854228312e+00  2.32168088189294e+00  2.35990131941088e+00
  2.39393733540199e+00  2.42358214577889e+00  2.44865714489879e+00
  2.46901396216622e+00  2.48453609171475e+00  2.49514006542543e+00
  2.50077615134202e+00  2.50142857159935e+00  2.49711524592770e+00
  2.48788707808059e+00  2.47382681293041e+00  2.45504750148427e+00
  2.43169061769567e+00  2.40392387772991e+00  2.37193881587737e+00
  2.33594817295520e+00  2.29618315437522e+00  2.25289061238332e+00
  2.20633020523353e+00  2.15677158120964e+00  2.10449163076915e+00
  2.04977184413047e+00  1.99289580559173e+00  1.93414684947337e+00
  1.87380589650515e+00  1.81214948345924e+00  1.74944799341428e+00
  1.68596408937102e+00  1.62195134944295e+00  1.55765309868681e+00
  1.49330142972097e+00  1.42911640216695e+00  1.36530540972761e+00
  1.30206270247053e+00  1.23956905186161e+00  1.17799154565495e+00
  1.11748350032675e+00  1.05818447891331e+00  1.00022040290971e+00
  9.43703747375738e-01  8.88733809238329e-01  8.35397039349924e-01
  7.83767429683439e-01  7.33906947595976e-01  6.85866009847275e-01
  6.39683989780760e-01  5.95389751087455e-01  5.53002203371330e-01
  5.12530873753726e-01  4.73976490159854e-01  4.37331572468055e-01
  4.02581026841045e-01  3.69702740551839e-01  3.38668173196663e-01
  3.09442941572771e-01  2.81987395131894e-01  2.56257179255359e-01
  2.32203783984351e-01  2.09775075896462e-01  1.88915811282541e-01
  1.69568128976779e-01  1.51672021568668e-01  1.35165783954125e-01
  1.19986438575021e-01  1.06070136800415e-01  9.33525362985309e-02
  8.17691543500124e-02  7.12556971949646e-02  6.17483657706618e-02
  5.31841381192667e-02  4.55010289868319e-02  3.86383270744433e-02
  3.25368104744744e-02  2.71389408374589e-02  2.23890367797039e-02
  1.82334270569960e-02  1.46205839644367e-02  1.15012374252111e-02
  8.82847016482837e-03  6.55779436588123e-03  4.64721014839308e-03
  3.05724623699407e-03  1.75098317335569e-03  6.94059423164171e-04
 -1.45339128966051e-04 -7.96505879880418e-04 -1.28625574069964e-03
 -1.63898224669287e-03 -1.87672869269772e-03 -2.01927231814948e-03
 -2.08422041751973e-03 -2.08711709452981e-03 -2.04155923422386e-03
 -1.95932013763836e-03 -1.85047915026309e-03 -1.72355553934873e-03
 -1.58564482414324e-03 -1.44255575859913e-03 -1.29894619849563e-03
 -1.15845616159990e-03 -1.02383650707523e-03 -8.97071814319645e-04
 -7.79496229469307e-04 -6.71901260622361e-04 -5.74634733657754e-04
 -4.87690361076520e-04 -4.10787616879639e-04 -3.43441843441161e-04
 -2.85024733042556e-04 -2.34815521147590e-04 -1.92043394696604e-04
 -1.55921753514817e-04 -1.25675063926362e-04 -1.00559110900709e-04
 -7.98754894909994e-05 -6.29811807863345e-05 -4.92940355732984e-05
 -3.82949449509485e-05 -2.95274160015157e-05 -2.25951973281843e-05
 -1.71585185379827e-05 -1.29294239992767e-05 -9.66659822196528e-06
 -7.17000102395419e-06 -5.27555780039907e-06 -3.85008505962538e-06
 -2.78657515427754e-06 -1.99991699311156e-06 -1.42309124532620e-06
 -1.00384894141579e-06 -7.01860084260394e-07 -4.86303510318467e-07
 -3.33859263155528e-07 -2.27059367752861e-07 -1.52951052538028e-07
 -1.02027178837507e-07 -6.73812669815282e-08 -4.40481819240954e-08
 -2.84960169442095e-08 -1.82391839036328e-08 -1.15474429713673e-08
 -7.22960947481050e-09 -4.47485591463973e-09 -2.73752619536191e-09
 -1.65475669174664e-09 -9.88031128836784e-10 -5.82577167467630e-10
 -3.39093900913088e-10 -1.94786671309634e-10 -1.10381848455267e-10
 -6.16871601401591e-11 -3.39871778851296e-11 -1.84545878025272e-11
 -9.87188958905428e-12 -5.20039439397866e-12 -2.69675304528117e-12
 -1.37606595100560e-12 -6.90637425751860e-13 -3.40791381494083e-13
 -1.65258847877257e-13 -7.87197288267678e-14 -3.68167339355304e-14
 -1.68983635395526e-14 -7.60801466298081e-15 -3.35822430430367e-15
 -1.45257594077002e-15 -6.15362031312323e-16 -2.55184402132831e-16
 -1.03532104546870e-16 -4.10703985461512e-17 -1.59224131325326e-17
 -6.03189153793309e-18 -2.23051536832260e-18 -8.04646474695621e-19
 -2.83011692280695e-19 -9.70059709351309e-20 -3.23993884936264e-20
 -1.05555831519006e-20 -3.34841737286247e-21 -1.03174819809488e-21
 -3.08578083938679e-22 -8.95129810966938e-23 -2.51652129148289e-23
 -6.85116455695360e-24 -1.80477981714119e-24
