                        MPI RSPT
 RSPt version number:         rspt.6.0102221136
 Git hash of master, current:                  
 compiler flags             : -O2 -xHost -qmkl=sequential -DMKLFFT                    

                   MPI Task Configuration
 Tasks in k-point parallelization:                  64
 Tasks in intra-k-point parallelization:             1
 Total MPI tasks:                                   64
                   FFT Configuration
                                MKL FFT
 
 Readin: Please, set the env variable
  RSPT_SCRATCH to point to your scratch directory.



                           RSPT
                        OUTPUT for :
 LABEL                                                          
      time             date             host
     05.19         26 Apr 2025          n309

c Parameters (para.glo):
      integer     ncqpar, ntppar, nclpar, nlmpar, nsdpar, nthpar
     >          , nchpar, norpar, nrppar, nktpar, nttpar, nespar
     >          , ntlpar, nylpar, optpar, nptpar, ntepar
      parameter (
     >     ncqpar=         N/A
     >   , ntppar=    12, nclpar=    12
     >   , nlmpar=     8, nsdpar=     2
     >   , nthpar=   972, nchpar=   153
     >   , norpar=   128, nrppar=   539
     >   , nktpar= 13824, nttpar=     0
     >   , nespar=     2, ntlpar=     3
     >   , nylpar=    48, optpar=  5000
     >          )
      parameter (nptpar = nrppar + 100, ntepar = ntlpar * nespar)
c fix these
      integer     nftpar, nprpar, nkwpar, newpar, nutpar
      parameter (nftpar=512, nprpar=9, nkwpar=1, newpar=1, nutpar=1)

readin: DMFT requires that either prnt(7) or prnt(8)
 readin: are set to T. Current default sets prnt(7) = T.

  ntype    lm  lmwp     valence
     12     8     8       142.0
       warpin      warpmt        pmix
            T           T       0.050
       fulrel      spipol  iterations
            F           T           1
 control variables :
     +    1    +    2    +    3    +    4    +    5    +    6    +    7
 FFTFFFTFTFFFFFFFFFFFTFTFFFFFFFFTFFFFTFFFFFFFTFFFFFFFFFFFFFFFTFFFFFTTFFFF

      Exchange-Correlation function ...
         Perdew and Wang 1992                                           

    ntl     .   nes     .     .           .           .   log(epst)
      3     1     2     1     1         0.0         0.0     -38.000
   tail      ( t )**2     ( tR )**2         .     ?  .  .  .
      1    -0.1000000   -10.1062027     0.000     0  1  0  1
      2    -2.3000000  -232.4426618     0.000     0  1  0  1
      3    -1.5000000  -151.5930403     0.000     0  1  0  1

 Bravais lattice basis / 10.0529610 ... R(i,j) = R_i(j)
  1.00000000000000  .000000000000000  .000000000000000
  .000000000000000  1.00000000000000  .000000000000000
  .000000000000000  .000000000000000  .837809443140510

 Reciprocal lattice basis * 10.0529610 / twopi ... G(i,j) = G_i(j)
  1.00000000000000  .000000000000000  .000000000000000
  .000000000000000  1.00000000000000  .000000000000000
  .000000000000000  .000000000000000  1.19358883835388

 unit cell volume: 
       .837809443140510 * 10.0529610**3
       .200012271367320 * 10.0529610**3 * 4pi/3

 Procedures:
 Diagonalization    ... 2

 Brillouin zone integration ...

 Brillouin zone vectors :  1 point sets
          set        nkbz       iwsum
            1       13824       13824

     Integration method:
     Special points with Fermi smearing ...
          kT(mRy)     Ecut/kT
            3.000      24.000
      Spin axis ...
                 x                 y                 z
  0.00000000000000  0.00000000000000  0.00000000000000
             alpha              beta             gamma
  0.00000000000000  0.00000000000000  0.00000000000000
          Field strength        Field star   Mix Ratio
                  0.0000                 1    0.100000
 Type     Z     e   Sites   Harmonics
    1  26.0 10.00       1          81
            S       Sco/S       Sex/S       Sws/S     ScoFlag
    2.1311224   1.2544373   1.0000000   1.0000000           p
                       dx                r1   Nmt
      2.5000000000000E-02   3.071479453E-06   539
 G*t/2pi:                 1                   2                   3
        3.4029200000000E-01-1.5970800000000E-01 2.4999999999997E-01
       Core    Levels :   n           k         occ        flag
                          1          -1       2.000           0
                          2          -1       2.000           0
                          2           1       2.000           0
                          2          -2       4.000           0
                          3          -1       0.000           0
                          3           1       0.000           0
                          3          -2       0.000           0
      Valence levels:
           e  l  spin  n  i
           1  0  down  4  0
                   up  4  0
              1  down  4  0
                   up  4  0
              2  down  3 -1
                   up  3 -1
              3  down  4  0
                   up  4  0
              4  down  5  0
                   up  5  0
              5  down  6  0
                   up  6  0
              6  down  7  0
                   up  7  0
              7  down  8  0
                   up  8  0
              8  down  9  0
                   up  9  0
           2  0  down  3 -1
                   up  3 -1
              1  down  3 -1
                   up  3 -1
              2  down  3  0
                   up  3  0
              3  down  4  0
                   up  4  0
              4  down  5  0
                   up  5  0
              5  down  6  0
                   up  6  0
              6  down  7  0
                   up  7  0
              7  down  8  0
                   up  8  0
              8  down  9  0
                   up  9  0
 Type     Z     e   Sites   Harmonics
    2  26.0 10.00       1          81
            S       Sco/S       Sex/S       Sws/S     ScoFlag
    2.1311224   1.2544373   1.0000000   1.0000000           p
                       dx                r1   Nmt
      2.5000000000000E-02   3.071479453E-06   539
 G*t/2pi:                 1                   2                   3
        1.5970800000000E-01 3.4029200000000E-01 2.5000000000000E-01
       Core    Levels :   n           k         occ        flag
                          1          -1       2.000           0
                          2          -1       2.000           0
                          2           1       2.000           0
                          2          -2       4.000           0
                          3          -1       0.000           0
                          3           1       0.000           0
                          3          -2       0.000           0
      Valence levels:
           e  l  spin  n  i
           1  0  down  4  0
                   up  4  0
              1  down  4  0
                   up  4  0
              2  down  3 -1
                   up  3 -1
              3  down  4  0
                   up  4  0
              4  down  5  0
                   up  5  0
              5  down  6  0
                   up  6  0
              6  down  7  0
                   up  7  0
              7  down  8  0
                   up  8  0
              8  down  9  0
                   up  9  0
           2  0  down  3 -1
                   up  3 -1
              1  down  3 -1
                   up  3 -1
              2  down  3  0
                   up  3  0
              3  down  4  0
                   up  4  0
              4  down  5  0
                   up  5  0
              5  down  6  0
                   up  6  0
              6  down  7  0
                   up  7  0
              7  down  8  0
                   up  8  0
              8  down  9  0
                   up  9  0
 Type     Z     e   Sites   Harmonics
    3  26.0 10.00       1          81
            S       Sco/S       Sex/S       Sws/S     ScoFlag
    2.1311224   1.2544373   1.0000000   1.0000000           p
                       dx                r1   Nmt
      2.5000000000000E-02   3.071479453E-06   539
 G*t/2pi:                 1                   2                   3
        3.4029200000000E-01 1.5970800000000E-01-2.4999999999999E-01
       Core    Levels :   n           k         occ        flag
                          1          -1       2.000           0
                          2          -1       2.000           0
                          2           1       2.000           0
                          2          -2       4.000           0
                          3          -1       0.000           0
                          3           1       0.000           0
                          3          -2       0.000           0
      Valence levels:
           e  l  spin  n  i
           1  0  down  4  0
                   up  4  0
              1  down  4  0
                   up  4  0
              2  down  3 -1
                   up  3 -1
              3  down  4  0
                   up  4  0
              4  down  5  0
                   up  5  0
              5  down  6  0
                   up  6  0
              6  down  7  0
                   up  7  0
              7  down  8  0
                   up  8  0
              8  down  9  0
                   up  9  0
           2  0  down  3 -1
                   up  3 -1
              1  down  3 -1
                   up  3 -1
              2  down  3  0
                   up  3  0
              3  down  4  0
                   up  4  0
              4  down  5  0
                   up  5  0
              5  down  6  0
                   up  6  0
              6  down  7  0
                   up  7  0
              7  down  8  0
                   up  8  0
              8  down  9  0
                   up  9  0
 Type     Z     e   Sites   Harmonics
    4  26.0 10.00       1          81
            S       Sco/S       Sex/S       Sws/S     ScoFlag
    2.1311224   1.2544373   1.0000000   1.0000000           p
                       dx                r1   Nmt
      2.5000000000000E-02   3.071479453E-06   539
 G*t/2pi:                 1                   2                   3
        1.5970800000000E-01-3.4029200000000E-01-2.5000000000000E-01
       Core    Levels :   n           k         occ        flag
                          1          -1       2.000           0
                          2          -1       2.000           0
                          2           1       2.000           0
                          2          -2       4.000           0
                          3          -1       0.000           0
                          3           1       0.000           0
                          3          -2       0.000           0
      Valence levels:
           e  l  spin  n  i
           1  0  down  4  0
                   up  4  0
              1  down  4  0
                   up  4  0
              2  down  3 -1
                   up  3 -1
              3  down  4  0
                   up  4  0
              4  down  5  0
                   up  5  0
              5  down  6  0
                   up  6  0
              6  down  7  0
                   up  7  0
              7  down  8  0
                   up  8  0
              8  down  9  0
                   up  9  0
           2  0  down  3 -1
                   up  3 -1
              1  down  3 -1
                   up  3 -1
              2  down  3  0
                   up  3  0
              3  down  4  0
                   up  4  0
              4  down  5  0
                   up  5  0
              5  down  6  0
                   up  6  0
              6  down  7  0
                   up  7  0
              7  down  8  0
                   up  8  0
              8  down  9  0
                   up  9  0
 Type     Z     e   Sites   Harmonics
    5  26.0 10.00       1          81
            S       Sco/S       Sex/S       Sws/S     ScoFlag
    2.1311224   1.2544373   1.0000000   1.0000000           p
                       dx                r1   Nmt
      2.5000000000000E-02   3.071479453E-06   539
 G*t/2pi:                 1                   2                   3
       -1.5970800000000E-01 3.4029200000000E-01-2.4999999999999E-01
       Core    Levels :   n           k         occ        flag
                          1          -1       2.000           0
                          2          -1       2.000           0
                          2           1       2.000           0
                          2          -2       4.000           0
                          3          -1       0.000           0
                          3           1       0.000           0
                          3          -2       0.000           0
      Valence levels:
           e  l  spin  n  i
           1  0  down  4  0
                   up  4  0
              1  down  4  0
                   up  4  0
              2  down  3 -1
                   up  3 -1
              3  down  4  0
                   up  4  0
              4  down  5  0
                   up  5  0
              5  down  6  0
                   up  6  0
              6  down  7  0
                   up  7  0
              7  down  8  0
                   up  8  0
              8  down  9  0
                   up  9  0
           2  0  down  3 -1
                   up  3 -1
              1  down  3 -1
                   up  3 -1
              2  down  3  0
                   up  3  0
              3  down  4  0
                   up  4  0
              4  down  5  0
                   up  5  0
              5  down  6  0
                   up  6  0
              6  down  7  0
                   up  7  0
              7  down  8  0
                   up  8  0
              8  down  9  0
                   up  9  0
 Type     Z     e   Sites   Harmonics
    6  26.0 10.00       1          81
            S       Sco/S       Sex/S       Sws/S     ScoFlag
    2.1311224   1.2544373   1.0000000   1.0000000           p
                       dx                r1   Nmt
      2.5000000000000E-02   3.071479453E-06   539
 G*t/2pi:                 1                   2                   3
       -3.4029200000000E-01-1.5970800000000E-01-2.5000000000001E-01
       Core    Levels :   n           k         occ        flag
                          1          -1       2.000           0
                          2          -1       2.000           0
                          2           1       2.000           0
                          2          -2       4.000           0
                          3          -1       0.000           0
                          3           1       0.000           0
                          3          -2       0.000           0
      Valence levels:
           e  l  spin  n  i
           1  0  down  4  0
                   up  4  0
              1  down  4  0
                   up  4  0
              2  down  3 -1
                   up  3 -1
              3  down  4  0
                   up  4  0
              4  down  5  0
                   up  5  0
              5  down  6  0
                   up  6  0
              6  down  7  0
                   up  7  0
              7  down  8  0
                   up  8  0
              8  down  9  0
                   up  9  0
           2  0  down  3 -1
                   up  3 -1
              1  down  3 -1
                   up  3 -1
              2  down  3  0
                   up  3  0
              3  down  4  0
                   up  4  0
              4  down  5  0
                   up  5  0
              5  down  6  0
                   up  6  0
              6  down  7  0
                   up  7  0
              7  down  8  0
                   up  8  0
              8  down  9  0
                   up  9  0
 Type     Z     e   Sites   Harmonics
    7  26.0 10.00       1          81
            S       Sco/S       Sex/S       Sws/S     ScoFlag
    2.1311224   1.2544373   1.0000000   1.0000000           p
                       dx                r1   Nmt
      2.5000000000000E-02   3.071479453E-06   539
 G*t/2pi:                 1                   2                   3
       -1.5970800000000E-01-3.4029200000000E-01 2.5000000000000E-01
       Core    Levels :   n           k         occ        flag
                          1          -1       2.000           0
                          2          -1       2.000           0
                          2           1       2.000           0
                          2          -2       4.000           0
                          3          -1       0.000           0
                          3           1       0.000           0
                          3          -2       0.000           0
      Valence levels:
           e  l  spin  n  i
           1  0  down  4  0
                   up  4  0
              1  down  4  0
                   up  4  0
              2  down  3 -1
                   up  3 -1
              3  down  4  0
                   up  4  0
              4  down  5  0
                   up  5  0
              5  down  6  0
                   up  6  0
              6  down  7  0
                   up  7  0
              7  down  8  0
                   up  8  0
              8  down  9  0
                   up  9  0
           2  0  down  3 -1
                   up  3 -1
              1  down  3 -1
                   up  3 -1
              2  down  3  0
                   up  3  0
              3  down  4  0
                   up  4  0
              4  down  5  0
                   up  5  0
              5  down  6  0
                   up  6  0
              6  down  7  0
                   up  7  0
              7  down  8  0
                   up  8  0
              8  down  9  0
                   up  9  0
 Type     Z     e   Sites   Harmonics
    8  26.0 10.00       1          81
            S       Sco/S       Sex/S       Sws/S     ScoFlag
    2.1311224   1.2544373   1.0000000   1.0000000           p
                       dx                r1   Nmt
      2.5000000000000E-02   3.071479453E-06   539
 G*t/2pi:                 1                   2                   3
       -3.4029200000000E-01 1.5970800000000E-01 2.4999999999999E-01
       Core    Levels :   n           k         occ        flag
                          1          -1       2.000           0
                          2          -1       2.000           0
                          2           1       2.000           0
                          2          -2       4.000           0
                          3          -1       0.000           0
                          3           1       0.000           0
                          3          -2       0.000           0
      Valence levels:
           e  l  spin  n  i
           1  0  down  4  0
                   up  4  0
              1  down  4  0
                   up  4  0
              2  down  3 -1
                   up  3 -1
              3  down  4  0
                   up  4  0
              4  down  5  0
                   up  5  0
              5  down  6  0
                   up  6  0
              6  down  7  0
                   up  7  0
              7  down  8  0
                   up  8  0
              8  down  9  0
                   up  9  0
           2  0  down  3 -1
                   up  3 -1
              1  down  3 -1
                   up  3 -1
              2  down  3  0
                   up  3  0
              3  down  4  0
                   up  4  0
              4  down  5  0
                   up  5  0
              5  down  6  0
                   up  6  0
              6  down  7  0
                   up  7  0
              7  down  8  0
                   up  8  0
              8  down  9  0
                   up  9  0
 Type     Z     e   Sites   Harmonics
    9  15.0 10.00       1          81
            S       Sco/S       Sex/S       Sws/S     ScoFlag
    1.9792168   1.2544373   1.0000000   1.0000000           p
                       dx                r1   Nmt
      2.5000000000000E-02   4.944183267E-06   517
 G*t/2pi:                 1                   2                   3
        0.0000000000000E+00 0.0000000000000E+00 9.0000000000000E-15
       Core    Levels :   n           k         occ        flag
                          1          -1       2.000           0
                          2          -1       2.000           0
                          2           1       2.000           0
                          2          -2       4.000           0
      Valence levels:
           e  l  spin  n  i
           1  0  down  3  0
                   up  3  0
              1  down  3  0
                   up  3  0
              2  down  3  0
                   up  3  0
              3  down  4  0
                   up  4  0
              4  down  5  0
                   up  5  0
              5  down  6  0
                   up  6  0
              6  down  7  0
                   up  7  0
              7  down  8  0
                   up  8  0
              8  down  9  0
                   up  9  0
           2  0  down  3  0
                   up  3  0
              1  down  3  0
                   up  3  0
              2  down  3  0
                   up  3  0
              3  down  4  0
                   up  4  0
              4  down  5  0
                   up  5  0
              5  down  6  0
                   up  6  0
              6  down  7  0
                   up  7  0
              7  down  8  0
                   up  8  0
              8  down  9  0
                   up  9  0
 Type     Z     e   Sites   Harmonics
   10  15.0 10.00       1          81
            S       Sco/S       Sex/S       Sws/S     ScoFlag
    1.9792168   1.2544373   1.0000000   1.0000000           p
                       dx                r1   Nmt
      2.5000000000000E-02   4.944183267E-06   517
 G*t/2pi:                 1                   2                   3
        5.0000000000000E-01 5.0000000000000E-01 4.9999999999998E-01
       Core    Levels :   n           k         occ        flag
                          1          -1       2.000           0
                          2          -1       2.000           0
                          2           1       2.000           0
                          2          -2       4.000           0
      Valence levels:
           e  l  spin  n  i
           1  0  down  3  0
                   up  3  0
              1  down  3  0
                   up  3  0
              2  down  3  0
                   up  3  0
              3  down  4  0
                   up  4  0
              4  down  5  0
                   up  5  0
              5  down  6  0
                   up  6  0
              6  down  7  0
                   up  7  0
              7  down  8  0
                   up  8  0
              8  down  9  0
                   up  9  0
           2  0  down  3  0
                   up  3  0
              1  down  3  0
                   up  3  0
              2  down  3  0
                   up  3  0
              3  down  4  0
                   up  4  0
              4  down  5  0
                   up  5  0
              5  down  6  0
                   up  6  0
              6  down  7  0
                   up  7  0
              7  down  8  0
                   up  8  0
              8  down  9  0
                   up  9  0
 Type     Z     e   Sites   Harmonics
   11   4.0  2.00       1          81
            S       Sco/S       Sex/S       Sws/S     ScoFlag
    1.7102251   1.2544373   1.0000000   1.0000000           p
                       dx                r1   Nmt
      2.5000000000000E-02   4.593078373E-05   422
 G*t/2pi:                 1                   2                   3
        0.0000000000000E+00 0.0000000000000E+00-4.9999999999999E-01
       Core    Levels :   n           k         occ        flag
                          1          -1       2.000           0
      Valence levels:
           e  l  spin  n  i
           1  0  down  2  0
                   up  2  0
              1  down  2  0
                   up  2  0
              2  down  3  0
                   up  3  0
              3  down  4  0
                   up  4  0
              4  down  5  0
                   up  5  0
              5  down  6  0
                   up  6  0
              6  down  7  0
                   up  7  0
              7  down  8  0
                   up  8  0
              8  down  9  0
                   up  9  0
           2  0  down  2  0
                   up  2  0
              1  down  2  0
                   up  2  0
              2  down  3  0
                   up  3  0
              3  down  4  0
                   up  4  0
              4  down  5  0
                   up  5  0
              5  down  6  0
                   up  6  0
              6  down  7  0
                   up  7  0
              7  down  8  0
                   up  8  0
              8  down  9  0
                   up  9  0
 Type     Z     e   Sites   Harmonics
   12   4.0  2.00       1          81
            S       Sco/S       Sex/S       Sws/S     ScoFlag
    1.7102251   1.2544373   1.0000000   1.0000000           p
                       dx                r1   Nmt
      2.5000000000000E-02   4.593078373E-05   422
 G*t/2pi:                 1                   2                   3
        5.0000000000000E-01 5.0000000000000E-01 8.0000000000000E-15
       Core    Levels :   n           k         occ        flag
                          1          -1       2.000           0
      Valence levels:
           e  l  spin  n  i
           1  0  down  2  0
                   up  2  0
              1  down  2  0
                   up  2  0
              2  down  3  0
                   up  3  0
              3  down  4  0
                   up  4  0
              4  down  5  0
                   up  5  0
              5  down  6  0
                   up  6  0
              6  down  7  0
                   up  7  0
              7  down  8  0
                   up  8  0
              8  down  9  0
                   up  9  0
           2  0  down  2  0
                   up  2  0
              1  down  2  0
                   up  2  0
              2  down  3  0
                   up  3  0
              3  down  4  0
                   up  4  0
              4  down  5  0
                   up  5  0
              5  down  6  0
                   up  6  0
              6  down  7  0
                   up  7  0
              7  down  8  0
                   up  8  0
              8  down  9  0
                   up  9  0

 Valence Basis Functions.
        Bases    MD    EV
          128   656   356
        t  a  l  e     tail         
        1  1  0  1        1
        1  1  0  1        2
        1  1  0  1        3
        1  1  1  1        1
        1  1  1  1        2
        1  1  1  1        3
        1  1  2  1        1
        1  1  2  1        2
        1  1  0  2        1
        1  1  0  2        2
        1  1  1  2        1
        1  1  1  2        2
        2  1  0  1        1
        2  1  0  1        2
        2  1  0  1        3
        2  1  1  1        1
        2  1  1  1        2
        2  1  1  1        3
        2  1  2  1        1
        2  1  2  1        2
        2  1  0  2        1
        2  1  0  2        2
        2  1  1  2        1
        2  1  1  2        2
        3  1  0  1        1
        3  1  0  1        2
        3  1  0  1        3
        3  1  1  1        1
        3  1  1  1        2
        3  1  1  1        3
        3  1  2  1        1
        3  1  2  1        2
        3  1  0  2        1
        3  1  0  2        2
        3  1  1  2        1
        3  1  1  2        2
        4  1  0  1        1
        4  1  0  1        2
        4  1  0  1        3
        4  1  1  1        1
        4  1  1  1        2
        4  1  1  1        3
        4  1  2  1        1
        4  1  2  1        2
        4  1  0  2        1
        4  1  0  2        2
        4  1  1  2        1
        4  1  1  2        2
        5  1  0  1        1
        5  1  0  1        2
        5  1  0  1        3
        5  1  1  1        1
        5  1  1  1        2
        5  1  1  1        3
        5  1  2  1        1
        5  1  2  1        2
        5  1  0  2        1
        5  1  0  2        2
        5  1  1  2        1
        5  1  1  2        2
        6  1  0  1        1
        6  1  0  1        2
        6  1  0  1        3
        6  1  1  1        1
        6  1  1  1        2
        6  1  1  1        3
        6  1  2  1        1
        6  1  2  1        2
        6  1  0  2        1
        6  1  0  2        2
        6  1  1  2        1
        6  1  1  2        2
        7  1  0  1        1
        7  1  0  1        2
        7  1  0  1        3
        7  1  1  1        1
        7  1  1  1        2
        7  1  1  1        3
        7  1  2  1        1
        7  1  2  1        2
        7  1  0  2        1
        7  1  0  2        2
        7  1  1  2        1
        7  1  1  2        2
        8  1  0  1        1
        8  1  0  1        2
        8  1  0  1        3
        8  1  1  1        1
        8  1  1  1        2
        8  1  1  1        3
        8  1  2  1        1
        8  1  2  1        2
        8  1  0  2        1
        8  1  0  2        2
        8  1  1  2        1
        8  1  1  2        2
        9  1  0  1        1
        9  1  0  1        2
        9  1  0  1        3
        9  1  1  1        1
        9  1  1  1        2
        9  1  1  1        3
        9  1  2  1        1
        9  1  2  1        2
       10  1  0  1        1
       10  1  0  1        2
       10  1  0  1        3
       10  1  1  1        1
       10  1  1  1        2
       10  1  1  1        3
       10  1  2  1        1
       10  1  2  1        2
       11  1  0  1        1
       11  1  0  1        2
       11  1  0  1        3
       11  1  1  1        1
       11  1  1  1        2
       11  1  1  1        3
       11  1  2  1        1
       11  1  2  1        2
       12  1  0  1        1
       12  1  0  1        2
       12  1  0  1        3
       12  1  1  1        1
       12  1  1  1        2
       12  1  1  1        3
       12  1  2  1        1
       12  1  2  1        2

 unit cell volume:  851.191459107461
    radius of V/N:  2.56794548
       muffin tins      interstitial   v(I)/vcell
  431.201587234718  419.989871872742  .493414104874987
 FT initialization done

 Shift unit cell vectors. In Wyckof coordinates, :
     a                dx                dy                dz
     1  .000000000000000  .000000000000000  .000000000000000
     2  .000000000000000  .000000000000000  .000000000000000
     3  .000000000000000  .000000000000000  .000000000000000
     4  .000000000000000  .000000000000000  .000000000000000
     5  .000000000000000  .000000000000000  .000000000000000
     6  .000000000000000  .000000000000000  .000000000000000
     7  .000000000000000  .000000000000000  .000000000000000
     8  .000000000000000  .000000000000000  .000000000000000
     9  .000000000000000  .000000000000000  .000000000000000
    10  .000000000000000  .000000000000000  .000000000000000
    11  .000000000000000  .000000000000000  .000000000000000
    12  .000000000000000  .000000000000000  .000000000000000

 New unit cell vectors in Wyckoff coordinates:
     a                 x                 y                 z
     1  .340292000000000 -.159708000000000  .249999999999970
     2  .159708000000000  .340292000000000  .249999999999996
     3  .340292000000000  .159708000000000 -.249999999999992
     4  .159708000000000 -.340292000000000 -.250000000000001
     5 -.159708000000000  .340292000000000 -.249999999999989
     6 -.340292000000000 -.159708000000000 -.250000000000011
     7 -.159708000000000 -.340292000000000  .249999999999995
     8 -.340292000000000  .159708000000000  .249999999999987
     9  .000000000000000  .000000000000000  .000000000000009
    10  .500000000000000  .500000000000000  .499999999999976
    11  .000000000000000  .000000000000000 -.499999999999994
    12  .500000000000000  .500000000000000  .000000000000008
 Reciprocal lattice read from gvector

 Reciprocal lattice:
       Group:  1      Grid(-Mi:Mi):  M = ( 23, 23, 19)
       stars     vectors               max * S_a
       86151       86151         63.641352819281
 TIME: RLGEN:      0.006m in,      0.001m added,      0.007m total

 setchi: this lattice lacks inversion symmetry
         cut on interstitial potential:  0.1110223024625E-15
 TIME: SETCHI:      0.007m in,      0.000m added,      0.007m total

 Bravais lattice:
       Group:  1      Grid(-Mi:Mi):  M = ( 23, 23, 19)
       stars     vectors               max / S_a
       86151       86151         141.76692866181
 TIME: BLGEN:      0.007m in,      0.000m added,      0.008m total

 Nearest neighbors: min_{b+R} |b+R-a|, |b+R-a| < 1.1 (min|R|= 8.4224657)
  ta  tb         d/L        2S/d   d(au)    d(A)    a    b
   1   9 .4303203248 .9501491995 4.32599 2.28921    1    9
      12 .4303203248 .8879688631 4.32599 2.28921    1   12
      10 .4303203248 .9501491995 4.32599 2.28921    1   10
      11 .4303203248 .8879688631 4.32599 2.28921    1   11
       8 .4517224392 .9385830890 4.54114 2.40307    1    8
       4 .4906142352 .8641800664 4.93212 2.60996    1    4
       3 .5267900405 .8048349623 5.29579 2.80241    1    3
       6 .5267900405 .8048349623 5.29579 2.80241    1    6
       2 .5316113063 .7975357885 5.34426 2.82806    1    2
       7 .5316113063 .7975357885 5.34426 2.82806    1    7
   2  10 .4303203248 .9501491995 4.32599 2.28921    2   10
       9 .4303203248 .9501491995 4.32599 2.28921    2    9
      12 .4303203248 .8879688631 4.32599 2.28921    2   12
      11 .4303203248 .8879688631 4.32599 2.28921    2   11
       7 .4517224392 .9385830890 4.54114 2.40307    2    7
       3 .4906142352 .8641800664 4.93212 2.60996    2    3
       5 .5267900405 .8048349623 5.29579 2.80241    2    5
       4 .5267900405 .8048349623 5.29579 2.80241    2    4
       1 .5316113063 .7975357885 5.34426 2.82806    2    1
       8 .5316113063 .7975357885 5.34426 2.82806    2    8
   3  12 .4303203248 .8879688631 4.32599 2.28921    3   12
       9 .4303203248 .9501491995 4.32599 2.28921    3    9
      11 .4303203248 .8879688631 4.32599 2.28921    3   11
      10 .4303203248 .9501491995 4.32599 2.28921    3   10
       6 .4517224392 .9385830890 4.54114 2.40307    3    6
       2 .4906142352 .8641800664 4.93212 2.60996    3    2
       1 .5267900405 .8048349623 5.29579 2.80241    3    1
       8 .5267900405 .8048349623 5.29579 2.80241    3    8
       4 .5316113063 .7975357885 5.34426 2.82806    3    4
       5 .5316113063 .7975357885 5.34426 2.82806    3    5
   4  11 .4303203248 .8879688631 4.32599 2.28921    4   11
      12 .4303203248 .8879688631 4.32599 2.28921    4   12
       9 .4303203248 .9501491995 4.32599 2.28921    4    9
      10 .4303203248 .9501491995 4.32599 2.28921    4   10
       5 .4517224392 .9385830890 4.54114 2.40307    4    5
       1 .4906142352 .8641800664 4.93212 2.60996    4    1
       7 .5267900405 .8048349623 5.29579 2.80241    4    7
       2 .5267900405 .8048349623 5.29579 2.80241    4    2
       3 .5316113063 .7975357885 5.34426 2.82806    4    3
       6 .5316113063 .7975357885 5.34426 2.82806    4    6
   5  12 .4303203248 .8879688631 4.32599 2.28921    5   12
       9 .4303203248 .9501491995 4.32599 2.28921    5    9
      11 .4303203248 .8879688631 4.32599 2.28921    5   11
      10 .4303203248 .9501491995 4.32599 2.28921    5   10
       4 .4517224392 .9385830890 4.54114 2.40307    5    4
       8 .4906142352 .8641800664 4.93212 2.60996    5    8
       7 .5267900405 .8048349623 5.29579 2.80241    5    7
       2 .5267900405 .8048349623 5.29579 2.80241    5    2
       3 .5316113063 .7975357885 5.34426 2.82806    5    3
       6 .5316113063 .7975357885 5.34426 2.82806    5    6
   6  11 .4303203248 .8879688631 4.32599 2.28921    6   11
      10 .4303203248 .9501491995 4.32599 2.28921    6   10
      12 .4303203248 .8879688631 4.32599 2.28921    6   12
       9 .4303203248 .9501491995 4.32599 2.28921    6    9
       3 .4517224392 .9385830890 4.54114 2.40307    6    3
       7 .4906142352 .8641800664 4.93212 2.60996    6    7
       1 .5267900405 .8048349623 5.29579 2.80241    6    1
       8 .5267900405 .8048349623 5.29579 2.80241    6    8
       4 .5316113063 .7975357885 5.34426 2.82806    6    4
       5 .5316113063 .7975357885 5.34426 2.82806    6    5
   7  10 .4303203248 .9501491995 4.32599 2.28921    7   10
       9 .4303203248 .9501491995 4.32599 2.28921    7    9
      12 .4303203248 .8879688631 4.32599 2.28921    7   12
      11 .4303203248 .8879688631 4.32599 2.28921    7   11
       2 .4517224392 .9385830890 4.54114 2.40307    7    2
       6 .4906142352 .8641800664 4.93212 2.60996    7    6
       5 .5267900405 .8048349623 5.29579 2.80241    7    5
       4 .5267900405 .8048349623 5.29579 2.80241    7    4
       1 .5316113063 .7975357885 5.34426 2.82806    7    1
       8 .5316113063 .7975357885 5.34426 2.82806    7    8
   8   9 .4303203248 .9501491995 4.32599 2.28921    8    9
      12 .4303203248 .8879688631 4.32599 2.28921    8   12
      10 .4303203248 .9501491995 4.32599 2.28921    8   10
      11 .4303203248 .8879688631 4.32599 2.28921    8   11
       1 .4517224392 .9385830890 4.54114 2.40307    8    1
       5 .4906142352 .8641800664 4.93212 2.60996    8    5
       3 .5267900405 .8048349623 5.29579 2.80241    8    3
       6 .5267900405 .8048349623 5.29579 2.80241    8    6
       2 .5316113063 .7975357885 5.34426 2.82806    8    2
       7 .5316113063 .7975357885 5.34426 2.82806    8    7
   9  11 .4189047215 .8760954473 4.21123 2.22848    9   11
       1 .4303203248 .9501491995 4.32599 2.28921    9    1
       8 .4303203248 .9501491995 4.32599 2.28921    9    8
       7 .4303203248 .9501491995 4.32599 2.28921    9    7
       2 .4303203248 .9501491995 4.32599 2.28921    9    2
       5 .4303203248 .9501491995 4.32599 2.28921    9    5
       3 .4303203248 .9501491995 4.32599 2.28921    9    3
       4 .4303203248 .9501491995 4.32599 2.28921    9    4
       6 .4303203248 .9501491995 4.32599 2.28921    9    6
      12 .7071067811 .5190171119 7.10851 3.76166    9   12
  10  12 .4189047215 .8760954473 4.21123 2.22848   10   12
       2 .4303203248 .9501491995 4.32599 2.28921   10    2
       7 .4303203248 .9501491995 4.32599 2.28921   10    7
       8 .4303203248 .9501491995 4.32599 2.28921   10    8
       1 .4303203248 .9501491995 4.32599 2.28921   10    1
       6 .4303203248 .9501491995 4.32599 2.28921   10    6
       4 .4303203248 .9501491995 4.32599 2.28921   10    4
       3 .4303203248 .9501491995 4.32599 2.28921   10    3
       5 .4303203248 .9501491995 4.32599 2.28921   10    5
      11 .7071067811 .5190171119 7.10851 3.76166   10   11
  11   9 .4189047215 .8760954473 4.21123 2.22848   11    9
       6 .4303203248 .8879688631 4.32599 2.28921   11    6
       4 .4303203248 .8879688631 4.32599 2.28921   11    4
       3 .4303203248 .8879688631 4.32599 2.28921   11    3
       5 .4303203248 .8879688631 4.32599 2.28921   11    5
       2 .4303203248 .8879688631 4.32599 2.28921   11    2
       7 .4303203248 .8879688631 4.32599 2.28921   11    7
       8 .4303203248 .8879688631 4.32599 2.28921   11    8
       1 .4303203248 .8879688631 4.32599 2.28921   11    1
      10 .7071067811 .5190171119 7.10851 3.76166   11   10
  12  10 .4189047215 .8760954473 4.21123 2.22848   12   10
       1 .4303203248 .8879688631 4.32599 2.28921   12    1
       8 .4303203248 .8879688631 4.32599 2.28921   12    8
       7 .4303203248 .8879688631 4.32599 2.28921   12    7
       2 .4303203248 .8879688631 4.32599 2.28921   12    2
       5 .4303203248 .8879688631 4.32599 2.28921   12    5
       3 .4303203248 .8879688631 4.32599 2.28921   12    3
       4 .4303203248 .8879688631 4.32599 2.28921   12    4
       6 .4303203248 .8879688631 4.32599 2.28921   12    6
       9 .7071067811 .5190171119 7.10851 3.76166   12    9
 TIME: COUNTN:      0.008m in,      0.000m added,      0.008m total
 TIME: ORDINSTEP:      0.008m in,      0.001m added,      0.009m total
 TIME: INIT_GAUNT:      0.009m in,      0.000m added,      0.009m total
 Readpot:
       2 spins in the input potential
      81 harmonics in the input potential for type       1
      81 harmonics in the input potential for type       2
      81 harmonics in the input potential for type       3
      81 harmonics in the input potential for type       4
      81 harmonics in the input potential for type       5
      81 harmonics in the input potential for type       6
      81 harmonics in the input potential for type       7
      81 harmonics in the input potential for type       8
      81 harmonics in the input potential for type       9
      81 harmonics in the input potential for type      10
      81 harmonics in the input potential for type      11
      81 harmonics in the input potential for type      12
   86151 stars in the input potential
 TIME: GETPOT:      0.009m in,      0.004m added,      0.013m total
 TIME: GETEP:      0.013m in,      0.000m added,      0.013m total

 Muffin tin energies

   type         smt   nmt         sws   nws
      1   2.1311224   539   2.1311224   539
   spin           Q          xl        vinf
      1   0.0000000   0.4913906   0.1638204
   L  n      e(d~L)      e(d=0)        e(c)        d(c)     e(d=do)          do
   0  4  .389633465  .389633465  1.15214174 -1.00000000  3.04853962 -5.89377946
      3 -5.48366834 -5.48366834 -5.42879835 -5.89377946 -5.42879835 -5.89377946
   1  4  .586184042  1.32385795  2.16402782 -1.08670189  3.83315262 -4.79323472
      3 -3.15937916 -3.09400822 -2.96886387 -4.79323472 -2.96886387 -4.79323472
   2  3 -.698822852  .412849329  .760497353 -1.78599409
   3  4 -.095537857  3.61953610  4.68470038 -1.37680426
   4  5  .115962000  6.33598190  7.68572298 -1.43784316
   5  6  .274771473  9.46126652  11.0616757 -1.50777611
   6  7  .411532310  13.0423183  14.8840429 -1.57807517
   7  8  .536620926  17.0900436  19.1701302 -1.64708558
   8  9  .654730892  21.6073283  23.9253228 -1.71440624
   spin           Q          xl        vinf
      2   0.0000000   0.5051291   0.1905578
   L  n      e(d~L)      e(d=0)        e(c)        d(c)     e(d=do)          do
   0  4  .327394407  .327394407  1.08523701 -1.00000000  2.97875408 -5.95892851
      3 -5.63599860 -5.63599860 -5.58336163 -5.95892851 -5.58336163 -5.95892851
   1  4  .519051689  1.25634781  2.09487729 -1.08865491  3.77418106 -4.87469694
      3 -3.29915649 -3.23782449 -3.11823665 -4.87469694 -3.11823665 -4.87469694
   2  3 -.767069143  .300060683  .636207832 -1.86926330
   3  4 -.133722391  3.56602509  4.62587482 -1.38119276
   4  5  .083507495  6.28994538  7.63623264 -1.44063130
   5  6  .245752134  9.41936931  11.0171343 -1.50991095
   6  7  .384890284  13.0033069  14.8428742 -1.57982333
   7  8  .511737242  17.0532346  19.1314976 -1.64856892
   8  9  .631203436  21.5722848  23.8887014 -1.71569379

   type         smt   nmt         sws   nws
      2   2.1311224   539   2.1311224   539
   spin           Q          xl        vinf
      1   0.0000000   0.4913906   0.1638204
   L  n      e(d~L)      e(d=0)        e(c)        d(c)     e(d=do)          do
   0  4  .389633465  .389633465  1.15214174 -1.00000000  3.04853962 -5.89377946
      3 -5.48366834 -5.48366834 -5.42879835 -5.89377946 -5.42879835 -5.89377946
   1  4  .586184042  1.32385795  2.16402782 -1.08670189  3.83315262 -4.79323472
      3 -3.15937916 -3.09400822 -2.96886387 -4.79323472 -2.96886387 -4.79323472
   2  3 -.698822852  .412849328  .760497353 -1.78599409
   3  4 -.095537857  3.61953610  4.68470038 -1.37680426
   4  5  .115962000  6.33598190  7.68572298 -1.43784316
   5  6  .274771473  9.46126652  11.0616757 -1.50777611
   6  7  .411532310  13.0423183  14.8840429 -1.57807517
   7  8  .536620926  17.0900436  19.1701302 -1.64708558
   8  9  .654730892  21.6073283  23.9253228 -1.71440624
   spin           Q          xl        vinf
      2   0.0000000   0.5051291   0.1905578
   L  n      e(d~L)      e(d=0)        e(c)        d(c)     e(d=do)          do
   0  4  .327394407  .327394407  1.08523701 -1.00000000  2.97875408 -5.95892851
      3 -5.63599860 -5.63599860 -5.58336163 -5.95892851 -5.58336163 -5.95892851
   1  4  .519051689  1.25634781  2.09487729 -1.08865491  3.77418106 -4.87469694
      3 -3.29915649 -3.23782449 -3.11823665 -4.87469694 -3.11823665 -4.87469694
   2  3 -.767069143  .300060683  .636207832 -1.86926330
   3  4 -.133722391  3.56602509  4.62587482 -1.38119276
   4  5  .083507495  6.28994538  7.63623264 -1.44063130
   5  6  .245752134  9.41936931  11.0171343 -1.50991095
   6  7  .384890284  13.0033069  14.8428742 -1.57982333
   7  8  .511737242  17.0532346  19.1314976 -1.64856892
   8  9  .631203437  21.5722848  23.8887014 -1.71569379

   type         smt   nmt         sws   nws
      3   2.1311224   539   2.1311224   539
   spin           Q          xl        vinf
      1   0.0000000   0.4913906   0.1638204
   L  n      e(d~L)      e(d=0)        e(c)        d(c)     e(d=do)          do
   0  4  .389633465  .389633465  1.15214174 -1.00000000  3.04853962 -5.89377946
      3 -5.48366834 -5.48366834 -5.42879835 -5.89377946 -5.42879835 -5.89377946
   1  4  .586184042  1.32385795  2.16402782 -1.08670189  3.83315262 -4.79323472
      3 -3.15937916 -3.09400822 -2.96886387 -4.79323472 -2.96886387 -4.79323472
   2  3 -.698822852  .412849328  .760497353 -1.78599409
   3  4 -.095537857  3.61953610  4.68470038 -1.37680426
   4  5  .115962000  6.33598190  7.68572298 -1.43784316
   5  6  .274771473  9.46126652  11.0616757 -1.50777611
   6  7  .411532310  13.0423183  14.8840429 -1.57807517
   7  8  .536620926  17.0900436  19.1701302 -1.64708558
   8  9  .654730892  21.6073283  23.9253228 -1.71440624
   spin           Q          xl        vinf
      2   0.0000000   0.5051291   0.1905578
   L  n      e(d~L)      e(d=0)        e(c)        d(c)     e(d=do)          do
   0  4  .327394407  .327394407  1.08523701 -1.00000000  2.97875408 -5.95892851
      3 -5.63599860 -5.63599860 -5.58336163 -5.95892851 -5.58336163 -5.95892851
   1  4  .519051689  1.25634781  2.09487729 -1.08865491  3.77418106 -4.87469694
      3 -3.29915649 -3.23782449 -3.11823665 -4.87469694 -3.11823665 -4.87469694
   2  3 -.767069143  .300060683  .636207832 -1.86926330
   3  4 -.133722391  3.56602509  4.62587482 -1.38119276
   4  5  .083507495  6.28994538  7.63623264 -1.44063130
   5  6  .245752134  9.41936931  11.0171343 -1.50991095
   6  7  .384890284  13.0033069  14.8428742 -1.57982333
   7  8  .511737242  17.0532346  19.1314976 -1.64856892
   8  9  .631203436  21.5722848  23.8887014 -1.71569379

   type         smt   nmt         sws   nws
      4   2.1311224   539   2.1311224   539
   spin           Q          xl        vinf
      1   0.0000000   0.4913906   0.1638204
   L  n      e(d~L)      e(d=0)        e(c)        d(c)     e(d=do)          do
   0  4  .389633465  .389633465  1.15214174 -1.00000000  3.04853962 -5.89377946
      3 -5.48366834 -5.48366834 -5.42879835 -5.89377946 -5.42879835 -5.89377946
   1  4  .586184042  1.32385795  2.16402782 -1.08670189  3.83315262 -4.79323472
      3 -3.15937916 -3.09400822 -2.96886387 -4.79323472 -2.96886387 -4.79323472
   2  3 -.698822852  .412849328  .760497353 -1.78599409
   3  4 -.095537857  3.61953610  4.68470038 -1.37680426
   4  5  .115962000  6.33598190  7.68572298 -1.43784316
   5  6  .274771473  9.46126652  11.0616757 -1.50777611
   6  7  .411532310  13.0423183  14.8840429 -1.57807517
   7  8  .536620926  17.0900436  19.1701302 -1.64708558
   8  9  .654730892  21.6073283  23.9253228 -1.71440624
   spin           Q          xl        vinf
      2   0.0000000   0.5051291   0.1905578
   L  n      e(d~L)      e(d=0)        e(c)        d(c)     e(d=do)          do
   0  4  .327394407  .327394407  1.08523701 -1.00000000  2.97875408 -5.95892851
      3 -5.63599860 -5.63599860 -5.58336163 -5.95892851 -5.58336163 -5.95892851
   1  4  .519051689  1.25634781  2.09487729 -1.08865491  3.77418106 -4.87469694
      3 -3.29915649 -3.23782449 -3.11823665 -4.87469694 -3.11823665 -4.87469694
   2  3 -.767069143  .300060683  .636207832 -1.86926330
   3  4 -.133722391  3.56602509  4.62587482 -1.38119276
   4  5  .083507495  6.28994538  7.63623264 -1.44063130
   5  6  .245752134  9.41936931  11.0171343 -1.50991095
   6  7  .384890284  13.0033069  14.8428742 -1.57982333
   7  8  .511737242  17.0532346  19.1314976 -1.64856892
   8  9  .631203437  21.5722848  23.8887014 -1.71569379

   type         smt   nmt         sws   nws
      5   2.1311224   539   2.1311224   539
   spin           Q          xl        vinf
      1   0.0000000   0.4913906   0.1638204
   L  n      e(d~L)      e(d=0)        e(c)        d(c)     e(d=do)          do
   0  4  .389633465  .389633465  1.15214174 -1.00000000  3.04853962 -5.89377946
      3 -5.48366834 -5.48366834 -5.42879835 -5.89377946 -5.42879835 -5.89377946
   1  4  .586184042  1.32385795  2.16402782 -1.08670189  3.83315262 -4.79323472
      3 -3.15937916 -3.09400822 -2.96886387 -4.79323472 -2.96886387 -4.79323472
   2  3 -.698822852  .412849329  .760497353 -1.78599409
   3  4 -.095537857  3.61953610  4.68470038 -1.37680426
   4  5  .115962000  6.33598190  7.68572298 -1.43784316
   5  6  .274771473  9.46126652  11.0616757 -1.50777611
   6  7  .411532310  13.0423183  14.8840429 -1.57807517
   7  8  .536620926  17.0900436  19.1701302 -1.64708558
   8  9  .654730892  21.6073283  23.9253228 -1.71440624
   spin           Q          xl        vinf
      2   0.0000000   0.5051291   0.1905578
   L  n      e(d~L)      e(d=0)        e(c)        d(c)     e(d=do)          do
   0  4  .327394407  .327394407  1.08523701 -1.00000000  2.97875408 -5.95892851
      3 -5.63599860 -5.63599860 -5.58336163 -5.95892851 -5.58336163 -5.95892851
   1  4  .519051689  1.25634781  2.09487729 -1.08865491  3.77418106 -4.87469694
      3 -3.29915649 -3.23782449 -3.11823665 -4.87469694 -3.11823665 -4.87469694
   2  3 -.767069143  .300060683  .636207832 -1.86926330
   3  4 -.133722391  3.56602509  4.62587482 -1.38119276
   4  5  .083507495  6.28994538  7.63623264 -1.44063130
   5  6  .245752134  9.41936931  11.0171343 -1.50991095
   6  7  .384890284  13.0033069  14.8428742 -1.57982333
   7  8  .511737242  17.0532346  19.1314976 -1.64856892
   8  9  .631203436  21.5722848  23.8887014 -1.71569379

   type         smt   nmt         sws   nws
      6   2.1311224   539   2.1311224   539
   spin           Q          xl        vinf
      1   0.0000000   0.4913906   0.1638204
   L  n      e(d~L)      e(d=0)        e(c)        d(c)     e(d=do)          do
   0  4  .389633465  .389633465  1.15214174 -1.00000000  3.04853962 -5.89377946
      3 -5.48366834 -5.48366834 -5.42879835 -5.89377946 -5.42879835 -5.89377946
   1  4  .586184042  1.32385795  2.16402782 -1.08670189  3.83315262 -4.79323472
      3 -3.15937916 -3.09400822 -2.96886387 -4.79323472 -2.96886387 -4.79323472
   2  3 -.698822852  .412849329  .760497353 -1.78599409
   3  4 -.095537857  3.61953610  4.68470038 -1.37680426
   4  5  .115962000  6.33598190  7.68572299 -1.43784316
   5  6  .274771473  9.46126652  11.0616757 -1.50777611
   6  7  .411532310  13.0423183  14.8840429 -1.57807517
   7  8  .536620926  17.0900436  19.1701302 -1.64708558
   8  9  .654730892  21.6073283  23.9253228 -1.71440624
   spin           Q          xl        vinf
      2   0.0000000   0.5051291   0.1905578
   L  n      e(d~L)      e(d=0)        e(c)        d(c)     e(d=do)          do
   0  4  .327394407  .327394407  1.08523701 -1.00000000  2.97875408 -5.95892851
      3 -5.63599860 -5.63599860 -5.58336163 -5.95892851 -5.58336163 -5.95892851
   1  4  .519051689  1.25634782  2.09487729 -1.08865491  3.77418106 -4.87469694
      3 -3.29915649 -3.23782449 -3.11823665 -4.87469694 -3.11823665 -4.87469694
   2  3 -.767069143  .300060683  .636207832 -1.86926330
   3  4 -.133722391  3.56602509  4.62587482 -1.38119276
   4  5  .083507495  6.28994538  7.63623264 -1.44063130
   5  6  .245752134  9.41936931  11.0171343 -1.50991095
   6  7  .384890284  13.0033069  14.8428742 -1.57982333
   7  8  .511737242  17.0532346  19.1314976 -1.64856892
   8  9  .631203437  21.5722848  23.8887014 -1.71569379

   type         smt   nmt         sws   nws
      7   2.1311224   539   2.1311224   539
   spin           Q          xl        vinf
      1   0.0000000   0.4913906   0.1638204
   L  n      e(d~L)      e(d=0)        e(c)        d(c)     e(d=do)          do
   0  4  .389633465  .389633465  1.15214174 -1.00000000  3.04853962 -5.89377946
      3 -5.48366834 -5.48366834 -5.42879835 -5.89377946 -5.42879835 -5.89377946
   1  4  .586184042  1.32385795  2.16402782 -1.08670189  3.83315262 -4.79323472
      3 -3.15937916 -3.09400822 -2.96886387 -4.79323472 -2.96886387 -4.79323472
   2  3 -.698822852  .412849329  .760497353 -1.78599409
   3  4 -.095537857  3.61953610  4.68470038 -1.37680426
   4  5  .115962000  6.33598190  7.68572298 -1.43784316
   5  6  .274771473  9.46126652  11.0616757 -1.50777611
   6  7  .411532310  13.0423183  14.8840429 -1.57807517
   7  8  .536620926  17.0900436  19.1701302 -1.64708558
   8  9  .654730892  21.6073283  23.9253228 -1.71440624
   spin           Q          xl        vinf
      2   0.0000000   0.5051291   0.1905578
   L  n      e(d~L)      e(d=0)        e(c)        d(c)     e(d=do)          do
   0  4  .327394407  .327394407  1.08523701 -1.00000000  2.97875408 -5.95892851
      3 -5.63599860 -5.63599860 -5.58336163 -5.95892851 -5.58336163 -5.95892851
   1  4  .519051689  1.25634781  2.09487729 -1.08865491  3.77418106 -4.87469694
      3 -3.29915649 -3.23782449 -3.11823665 -4.87469694 -3.11823665 -4.87469694
   2  3 -.767069143  .300060683  .636207832 -1.86926330
   3  4 -.133722391  3.56602509  4.62587482 -1.38119276
   4  5  .083507495  6.28994538  7.63623264 -1.44063130
   5  6  .245752134  9.41936931  11.0171343 -1.50991095
   6  7  .384890284  13.0033069  14.8428742 -1.57982333
   7  8  .511737242  17.0532346  19.1314976 -1.64856892
   8  9  .631203436  21.5722848  23.8887014 -1.71569379

   type         smt   nmt         sws   nws
      8   2.1311224   539   2.1311224   539
   spin           Q          xl        vinf
      1   0.0000000   0.4913906   0.1638204
   L  n      e(d~L)      e(d=0)        e(c)        d(c)     e(d=do)          do
   0  4  .389633465  .389633465  1.15214174 -1.00000000  3.04853962 -5.89377946
      3 -5.48366834 -5.48366834 -5.42879835 -5.89377946 -5.42879835 -5.89377946
   1  4  .586184042  1.32385795  2.16402782 -1.08670189  3.83315262 -4.79323472
      3 -3.15937916 -3.09400822 -2.96886387 -4.79323472 -2.96886387 -4.79323472
   2  3 -.698822852  .412849329  .760497353 -1.78599409
   3  4 -.095537857  3.61953610  4.68470038 -1.37680426
   4  5  .115962000  6.33598190  7.68572299 -1.43784316
   5  6  .274771473  9.46126652  11.0616757 -1.50777611
   6  7  .411532310  13.0423183  14.8840429 -1.57807517
   7  8  .536620926  17.0900436  19.1701302 -1.64708558
   8  9  .654730892  21.6073283  23.9253228 -1.71440624
   spin           Q          xl        vinf
      2   0.0000000   0.5051291   0.1905578
   L  n      e(d~L)      e(d=0)        e(c)        d(c)     e(d=do)          do
   0  4  .327394407  .327394407  1.08523701 -1.00000000  2.97875408 -5.95892851
      3 -5.63599860 -5.63599860 -5.58336163 -5.95892851 -5.58336163 -5.95892851
   1  4  .519051689  1.25634782  2.09487729 -1.08865491  3.77418106 -4.87469694
      3 -3.29915649 -3.23782449 -3.11823665 -4.87469694 -3.11823665 -4.87469694
   2  3 -.767069143  .300060683  .636207832 -1.86926330
   3  4 -.133722391  3.56602509  4.62587482 -1.38119276
   4  5  .083507495  6.28994538  7.63623264 -1.44063130
   5  6  .245752134  9.41936931  11.0171343 -1.50991095
   6  7  .384890284  13.0033069  14.8428742 -1.57982333
   7  8  .511737242  17.0532346  19.1314976 -1.64856892
   8  9  .631203437  21.5722848  23.8887014 -1.71569379

   type         smt   nmt         sws   nws
      9   1.9792168   517   1.9792168   517
   spin           Q          xl        vinf
      1   0.0000000   0.6113609   0.0351803
   L  n      e(d~L)      e(d=0)        e(c)        d(c)     e(d=do)          do
   0  3 -1.01786319 -1.01786319 -.336938782 -1.00000000
   1  3 -.901286380 -.156671699  .666615792 -1.17226287
   2  3 -.877454995  1.16653781  2.06702675 -1.33525063
   3  4 -.499108433  3.87680665  5.15823505 -1.36821219
   4  5 -.270063256  6.96646028  8.54848651 -1.43666824
   5  6 -.088415569  10.5710267  12.4351023 -1.50832733
   6  7  .070694404  14.7145647  16.8546470 -1.57921926
   7  8  .217103382  19.4032414  21.8176645 -1.64844954
   8  9  .355603132  24.6381824  27.3272197 -1.71583784
   spin           Q          xl        vinf
      2   0.0000000   0.6088238   0.0345941
   L  n      e(d~L)      e(d=0)        e(c)        d(c)     e(d=do)          do
   0  3 -1.00860742 -1.00860742 -.327749253 -1.00000000
   1  3 -.892043523 -.147439459  .675663035 -1.17207037
   2  3 -.868162989  1.17571568  2.07586294 -1.33505999
   3  4 -.489870386  3.88638269  5.16776006 -1.36804418
   4  5 -.261015794  6.97603976  8.55808258 -1.43652357
   5  6 -.079542164  10.5805432  12.4446582 -1.50820027
   6  7  .079421341  14.7240031  16.8641328 -1.57910612
   7  8  .225708173  19.4126011  21.8270737 -1.64834774
   8  9  .364105398  24.6474672  27.3365535 -1.71574543

   type         smt   nmt         sws   nws
     10   1.9792168   517   1.9792168   517
   spin           Q          xl        vinf
      1   0.0000000   0.6113609   0.0351803
   L  n      e(d~L)      e(d=0)        e(c)        d(c)     e(d=do)          do
   0  3 -1.01786319 -1.01786319 -.336938782 -1.00000000
   1  3 -.901286380 -.156671699  .666615792 -1.17226287
   2  3 -.877454995  1.16653781  2.06702675 -1.33525063
   3  4 -.499108433  3.87680665  5.15823505 -1.36821219
   4  5 -.270063256  6.96646028  8.54848651 -1.43666824
   5  6 -.088415569  10.5710267  12.4351023 -1.50832733
   6  7  .070694404  14.7145647  16.8546470 -1.57921926
   7  8  .217103382  19.4032414  21.8176645 -1.64844954
   8  9  .355603132  24.6381824  27.3272197 -1.71583784
   spin           Q          xl        vinf
      2   0.0000000   0.6088238   0.0345941
   L  n      e(d~L)      e(d=0)        e(c)        d(c)     e(d=do)          do
   0  3 -1.00860742 -1.00860742 -.327749253 -1.00000000
   1  3 -.892043523 -.147439459  .675663035 -1.17207037
   2  3 -.868162989  1.17571568  2.07586294 -1.33505999
   3  4 -.489870386  3.88638269  5.16776006 -1.36804418
   4  5 -.261015794  6.97603976  8.55808258 -1.43652357
   5  6 -.079542164  10.5805432  12.4446582 -1.50820027
   6  7  .079421341  14.7240031  16.8641328 -1.57910612
   7  8  .225708173  19.4126011  21.8270737 -1.64834774
   8  9  .364105398  24.6474672  27.3365535 -1.71574543

   type         smt   nmt         sws   nws
     11   1.7102251   422   1.7102251   422
   spin           Q          xl        vinf
      1   0.0000000   0.6868024   0.1204714
   L  n      e(d~L)      e(d=0)        e(c)        d(c)     e(d=do)          do
   0  2  .124418643  .124418643  1.15923246 -1.00000000
   1  2 -.508741555  .443298845  1.44298911 -1.16659669
   2  3 -.068438468  3.06854365  4.51932339 -1.24289341
   3  4  .187282444  6.32869876  8.15799361 -1.32772166
   4  5  .394233065  10.3260099  12.5174847 -1.40958057
   5  6  .580739688  15.0722867  17.6216657 -1.48782829
   6  7  .756693880  20.5665472  23.4737302 -1.56274598
   7  8  .926484542  26.8051542  30.0718459 -1.63472051
   8  9  1.09236289  33.7840432  37.4128232 -1.70410742
   spin           Q          xl        vinf
      2   0.0000000   0.6777978   0.1274290
   L  n      e(d~L)      e(d=0)        e(c)        d(c)     e(d=do)          do
   0  2  .144932476  .144932476  1.17956630 -1.00000000
   1  2 -.487617993  .463961683  1.46283642 -1.16657469
   2  3 -.046535945  3.09042204  4.54094763 -1.24278359
   3  4  .209108348  6.35085131  8.18006454 -1.32760349
   4  5  .415863561  10.3482098  12.5396750 -1.40946667
   5  6  .602172985  15.0944530  17.6438565 -1.48772195
   6  7  .777952167  20.5886485  23.4958726 -1.56264775
   7  8  .947592514  26.8271792  30.0939199 -1.63462998
   8  9  1.11334254  33.8059891  37.4348218 -1.70402390

   type         smt   nmt         sws   nws
     12   1.7102251   422   1.7102251   422
   spin           Q          xl        vinf
      1   0.0000000   0.6868024   0.1204714
   L  n      e(d~L)      e(d=0)        e(c)        d(c)     e(d=do)          do
   0  2  .124418643  .124418643  1.15923246 -1.00000000
   1  2 -.508741555  .443298845  1.44298911 -1.16659669
   2  3 -.068438468  3.06854365  4.51932339 -1.24289341
   3  4  .187282444  6.32869876  8.15799361 -1.32772166
   4  5  .394233065  10.3260099  12.5174847 -1.40958057
   5  6  .580739688  15.0722867  17.6216657 -1.48782829
   6  7  .756693880  20.5665472  23.4737302 -1.56274598
   7  8  .926484542  26.8051542  30.0718459 -1.63472051
   8  9  1.09236289  33.7840432  37.4128232 -1.70410742
   spin           Q          xl        vinf
      2   0.0000000   0.6777978   0.1274290
   L  n      e(d~L)      e(d=0)        e(c)        d(c)     e(d=do)          do
   0  2  .144932476  .144932476  1.17956630 -1.00000000
   1  2 -.487617993  .463961683  1.46283642 -1.16657469
   2  3 -.046535945  3.09042204  4.54094763 -1.24278359
   3  4  .209108348  6.35085131  8.18006454 -1.32760349
   4  5  .415863561  10.3482098  12.5396750 -1.40946667
   5  6  .602172985  15.0944530  17.6438565 -1.48772195
   6  7  .777952167  20.5886485  23.4958726 -1.56264775
   7  8  .947592514  26.8271792  30.0939199 -1.63462998
   8  9  1.11334254  33.8059891  37.4348218 -1.70402390

      Energy parameters ...                          energy reset
                                                     | npr(mt) .ne. npr
                                                     | | e < e1(ws)
        t  e  l  spin  n mt           E       D(mt)  | | | e > e2
        1  1  0  down  4  4   0.3816733       0.009  - - * -
                   up  4  4   0.3560611      -0.033  - - - -
              1  down  4  4   0.5400560       0.820  - - * -
                   up  4  4   0.5029575       0.791  - - * -
              2  down  3  3   0.7604974      -1.786  * - - -
                   up  3  3   0.6362078      -1.869  * - - -
              3  down  4  4   0.5647838       2.396  - - * -
                   up  4  4   0.5440355       2.384  - - * -
              4  down  5  5   0.5791995       3.569  - - * -
                   up  5  5   0.5673547       3.560  - - * -
              5  down  6  6   0.6081079       4.652  - - * -
                   up  6  6   0.6042054       4.643  - - * -
              6  down  7  7   0.6176452       5.710  - - * -
                   up  7  7   0.6362225       5.696  - - * -
              7  down  8  8   0.6224941       6.751  - - * -
                   up  8  8   0.6327705       6.742  - - * -
              8  down  9  9   0.6240237       7.783  - - * -
                   up  9  9   0.6295683       7.775  - - * -
           2  0  down  3  3  -5.4287984      -5.893  * - - -
                   up  3  3  -5.5833616      -5.958  * - - -
              1  down  3  3  -2.9688639      -4.793  * - - -
                   up  3  3  -3.1182367      -4.874  * - - -
              2  down  3  3  -0.1648849       1.162  - - * -
                   up  3  3  -0.2887386       1.217  - - * -
              3  down  4  4  -0.7295235       3.113  - - * -
                   up  4  4  -0.6837897       3.070  - - * -
              4  down  5  5  -1.4181155       4.411  - - * -
                   up  5  5  -1.4867622       4.426  - - * -
              5  down  6  6  -2.3801855       5.684  - - * -
                   up  6  6  -2.5031042       5.715  - - * -
              6  down  7  7  -2.8835841       6.749  - - * -
                   up  7  7  -3.0139719       6.778  - - * -
              7  down  8  8  -3.0608340       7.716  - - * -
                   up  8  8  -3.2036407       7.745  - - * -
              8  down  9  9  -3.0646896       8.649  - - * -
                   up  9  9  -3.1917220       8.672  - - * -
        2  1  0  down  4  4   0.3816733       0.009  - - * -
                   up  4  4   0.3560611      -0.033  - - - -
              1  down  4  4   0.5400560       0.820  - - * -
                   up  4  4   0.5029575       0.791  - - * -
              2  down  3  3   0.7604974      -1.786  * - - -
                   up  3  3   0.6362078      -1.869  * - - -
              3  down  4  4   0.5647838       2.396  - - * -
                   up  4  4   0.5440355       2.384  - - * -
              4  down  5  5   0.5791995       3.569  - - * -
                   up  5  5   0.5673547       3.560  - - * -
              5  down  6  6   0.6081079       4.652  - - * -
                   up  6  6   0.6042054       4.643  - - * -
              6  down  7  7   0.6176452       5.710  - - * -
                   up  7  7   0.6362225       5.696  - - * -
              7  down  8  8   0.6224941       6.751  - - * -
                   up  8  8   0.6327705       6.742  - - * -
              8  down  9  9   0.6240237       7.783  - - * -
                   up  9  9   0.6295683       7.775  - - * -
           2  0  down  3  3  -5.4287984      -5.893  * - - -
                   up  3  3  -5.5833616      -5.958  * - - -
              1  down  3  3  -2.9688639      -4.793  * - - -
                   up  3  3  -3.1182367      -4.874  * - - -
              2  down  3  3  -0.1648849       1.162  - - * -
                   up  3  3  -0.2887386       1.217  - - * -
              3  down  4  4  -0.7295235       3.113  - - * -
                   up  4  4  -0.6837897       3.070  - - * -
              4  down  5  5  -1.4181155       4.411  - - * -
                   up  5  5  -1.4867622       4.426  - - * -
              5  down  6  6  -2.3801855       5.684  - - * -
                   up  6  6  -2.5031042       5.715  - - * -
              6  down  7  7  -2.8835841       6.749  - - * -
                   up  7  7  -3.0139719       6.778  - - * -
              7  down  8  8  -3.0608340       7.716  - - * -
                   up  8  8  -3.2036407       7.745  - - * -
              8  down  9  9  -3.0646896       8.649  - - * -
                   up  9  9  -3.1917220       8.672  - - * -
        3  1  0  down  4  4   0.3816733       0.009  - - * -
                   up  4  4   0.3560611      -0.033  - - - -
              1  down  4  4   0.5400560       0.820  - - * -
                   up  4  4   0.5029575       0.791  - - * -
              2  down  3  3   0.7604974      -1.786  * - - -
                   up  3  3   0.6362078      -1.869  * - - -
              3  down  4  4   0.5647838       2.396  - - * -
                   up  4  4   0.5440355       2.384  - - * -
              4  down  5  5   0.5791995       3.569  - - * -
                   up  5  5   0.5673547       3.560  - - * -
              5  down  6  6   0.6081079       4.652  - - * -
                   up  6  6   0.6042054       4.643  - - * -
              6  down  7  7   0.6176452       5.710  - - * -
                   up  7  7   0.6362225       5.696  - - * -
              7  down  8  8   0.6224941       6.751  - - * -
                   up  8  8   0.6327705       6.742  - - * -
              8  down  9  9   0.6240237       7.783  - - * -
                   up  9  9   0.6295683       7.775  - - * -
           2  0  down  3  3  -5.4287984      -5.893  * - - -
                   up  3  3  -5.5833616      -5.958  * - - -
              1  down  3  3  -2.9688639      -4.793  * - - -
                   up  3  3  -3.1182367      -4.874  * - - -
              2  down  3  3  -0.1648849       1.162  - - * -
                   up  3  3  -0.2887386       1.217  - - * -
              3  down  4  4  -0.7295235       3.113  - - * -
                   up  4  4  -0.6837897       3.070  - - * -
              4  down  5  5  -1.4181155       4.411  - - * -
                   up  5  5  -1.4867622       4.426  - - * -
              5  down  6  6  -2.3801855       5.684  - - * -
                   up  6  6  -2.5031042       5.715  - - * -
              6  down  7  7  -2.8835841       6.749  - - * -
                   up  7  7  -3.0139719       6.778  - - * -
              7  down  8  8  -3.0608340       7.716  - - * -
                   up  8  8  -3.2036407       7.745  - - * -
              8  down  9  9  -3.0646896       8.649  - - * -
                   up  9  9  -3.1917220       8.672  - - * -
        4  1  0  down  4  4   0.3816733       0.009  - - * -
                   up  4  4   0.3560611      -0.033  - - - -
              1  down  4  4   0.5400560       0.820  - - * -
                   up  4  4   0.5029575       0.791  - - * -
              2  down  3  3   0.7604974      -1.786  * - - -
                   up  3  3   0.6362078      -1.869  * - - -
              3  down  4  4   0.5647838       2.396  - - * -
                   up  4  4   0.5440355       2.384  - - * -
              4  down  5  5   0.5791995       3.569  - - * -
                   up  5  5   0.5673547       3.560  - - * -
              5  down  6  6   0.6081079       4.652  - - * -
                   up  6  6   0.6042054       4.643  - - * -
              6  down  7  7   0.6176452       5.710  - - * -
                   up  7  7   0.6362225       5.696  - - * -
              7  down  8  8   0.6224941       6.751  - - * -
                   up  8  8   0.6327705       6.742  - - * -
              8  down  9  9   0.6240237       7.783  - - * -
                   up  9  9   0.6295683       7.775  - - * -
           2  0  down  3  3  -5.4287984      -5.893  * - - -
                   up  3  3  -5.5833616      -5.958  * - - -
              1  down  3  3  -2.9688639      -4.793  * - - -
                   up  3  3  -3.1182367      -4.874  * - - -
              2  down  3  3  -0.1648849       1.162  - - * -
                   up  3  3  -0.2887386       1.217  - - * -
              3  down  4  4  -0.7295235       3.113  - - * -
                   up  4  4  -0.6837897       3.070  - - * -
              4  down  5  5  -1.4181155       4.411  - - * -
                   up  5  5  -1.4867622       4.426  - - * -
              5  down  6  6  -2.3801855       5.684  - - * -
                   up  6  6  -2.5031042       5.715  - - * -
              6  down  7  7  -2.8835841       6.749  - - * -
                   up  7  7  -3.0139719       6.778  - - * -
              7  down  8  8  -3.0608340       7.716  - - * -
                   up  8  8  -3.2036407       7.745  - - * -
              8  down  9  9  -3.0646896       8.649  - - * -
                   up  9  9  -3.1917220       8.672  - - * -
        5  1  0  down  4  4   0.3816733       0.009  - - * -
                   up  4  4   0.3560611      -0.033  - - - -
              1  down  4  4   0.5400560       0.820  - - * -
                   up  4  4   0.5029575       0.791  - - * -
              2  down  3  3   0.7604974      -1.786  * - - -
                   up  3  3   0.6362078      -1.869  * - - -
              3  down  4  4   0.5647838       2.396  - - * -
                   up  4  4   0.5440355       2.384  - - * -
              4  down  5  5   0.5791995       3.569  - - * -
                   up  5  5   0.5673547       3.560  - - * -
              5  down  6  6   0.6081079       4.652  - - * -
                   up  6  6   0.6042054       4.643  - - * -
              6  down  7  7   0.6176452       5.710  - - * -
                   up  7  7   0.6362225       5.696  - - * -
              7  down  8  8   0.6224941       6.751  - - * -
                   up  8  8   0.6327705       6.742  - - * -
              8  down  9  9   0.6240237       7.783  - - * -
                   up  9  9   0.6295683       7.775  - - * -
           2  0  down  3  3  -5.4287984      -5.893  * - - -
                   up  3  3  -5.5833616      -5.958  * - - -
              1  down  3  3  -2.9688639      -4.793  * - - -
                   up  3  3  -3.1182367      -4.874  * - - -
              2  down  3  3  -0.1648849       1.162  - - * -
                   up  3  3  -0.2887386       1.217  - - * -
              3  down  4  4  -0.7295235       3.113  - - * -
                   up  4  4  -0.6837897       3.070  - - * -
              4  down  5  5  -1.4181155       4.411  - - * -
                   up  5  5  -1.4867622       4.426  - - * -
              5  down  6  6  -2.3801855       5.684  - - * -
                   up  6  6  -2.5031042       5.715  - - * -
              6  down  7  7  -2.8835841       6.749  - - * -
                   up  7  7  -3.0139719       6.778  - - * -
              7  down  8  8  -3.0608340       7.716  - - * -
                   up  8  8  -3.2036407       7.745  - - * -
              8  down  9  9  -3.0646896       8.649  - - * -
                   up  9  9  -3.1917220       8.672  - - * -
        6  1  0  down  4  4   0.3816733       0.009  - - * -
                   up  4  4   0.3560611      -0.033  - - - -
              1  down  4  4   0.5400560       0.820  - - * -
                   up  4  4   0.5029575       0.791  - - * -
              2  down  3  3   0.7604974      -1.786  * - - -
                   up  3  3   0.6362078      -1.869  * - - -
              3  down  4  4   0.5647838       2.396  - - * -
                   up  4  4   0.5440355       2.384  - - * -
              4  down  5  5   0.5791995       3.569  - - * -
                   up  5  5   0.5673547       3.560  - - * -
              5  down  6  6   0.6081079       4.652  - - * -
                   up  6  6   0.6042054       4.643  - - * -
              6  down  7  7   0.6176452       5.710  - - * -
                   up  7  7   0.6362225       5.696  - - * -
              7  down  8  8   0.6224941       6.751  - - * -
                   up  8  8   0.6327705       6.742  - - * -
              8  down  9  9   0.6240237       7.783  - - * -
                   up  9  9   0.6295683       7.775  - - * -
           2  0  down  3  3  -5.4287984      -5.893  * - - -
                   up  3  3  -5.5833616      -5.958  * - - -
              1  down  3  3  -2.9688639      -4.793  * - - -
                   up  3  3  -3.1182367      -4.874  * - - -
              2  down  3  3  -0.1648849       1.162  - - * -
                   up  3  3  -0.2887386       1.217  - - * -
              3  down  4  4  -0.7295235       3.113  - - * -
                   up  4  4  -0.6837897       3.070  - - * -
              4  down  5  5  -1.4181155       4.411  - - * -
                   up  5  5  -1.4867622       4.426  - - * -
              5  down  6  6  -2.3801855       5.684  - - * -
                   up  6  6  -2.5031042       5.715  - - * -
              6  down  7  7  -2.8835841       6.749  - - * -
                   up  7  7  -3.0139719       6.778  - - * -
              7  down  8  8  -3.0608340       7.716  - - * -
                   up  8  8  -3.2036407       7.745  - - * -
              8  down  9  9  -3.0646896       8.649  - - * -
                   up  9  9  -3.1917220       8.672  - - * -
        7  1  0  down  4  4   0.3816733       0.009  - - * -
                   up  4  4   0.3560611      -0.033  - - - -
              1  down  4  4   0.5400560       0.820  - - * -
                   up  4  4   0.5029575       0.791  - - * -
              2  down  3  3   0.7604974      -1.786  * - - -
                   up  3  3   0.6362078      -1.869  * - - -
              3  down  4  4   0.5647838       2.396  - - * -
                   up  4  4   0.5440355       2.384  - - * -
              4  down  5  5   0.5791995       3.569  - - * -
                   up  5  5   0.5673547       3.560  - - * -
              5  down  6  6   0.6081079       4.652  - - * -
                   up  6  6   0.6042054       4.643  - - * -
              6  down  7  7   0.6176452       5.710  - - * -
                   up  7  7   0.6362225       5.696  - - * -
              7  down  8  8   0.6224941       6.751  - - * -
                   up  8  8   0.6327705       6.742  - - * -
              8  down  9  9   0.6240237       7.783  - - * -
                   up  9  9   0.6295683       7.775  - - * -
           2  0  down  3  3  -5.4287984      -5.893  * - - -
                   up  3  3  -5.5833616      -5.958  * - - -
              1  down  3  3  -2.9688639      -4.793  * - - -
                   up  3  3  -3.1182367      -4.874  * - - -
              2  down  3  3  -0.1648849       1.162  - - * -
                   up  3  3  -0.2887386       1.217  - - * -
              3  down  4  4  -0.7295235       3.113  - - * -
                   up  4  4  -0.6837897       3.070  - - * -
              4  down  5  5  -1.4181155       4.411  - - * -
                   up  5  5  -1.4867622       4.426  - - * -
              5  down  6  6  -2.3801855       5.684  - - * -
                   up  6  6  -2.5031042       5.715  - - * -
              6  down  7  7  -2.8835841       6.749  - - * -
                   up  7  7  -3.0139719       6.778  - - * -
              7  down  8  8  -3.0608340       7.716  - - * -
                   up  8  8  -3.2036407       7.745  - - * -
              8  down  9  9  -3.0646896       8.649  - - * -
                   up  9  9  -3.1917220       8.672  - - * -
        8  1  0  down  4  4   0.3816733       0.009  - - * -
                   up  4  4   0.3560611      -0.033  - - - -
              1  down  4  4   0.5400560       0.820  - - * -
                   up  4  4   0.5029575       0.791  - - * -
              2  down  3  3   0.7604974      -1.786  * - - -
                   up  3  3   0.6362078      -1.869  * - - -
              3  down  4  4   0.5647838       2.396  - - * -
                   up  4  4   0.5440355       2.384  - - * -
              4  down  5  5   0.5791995       3.569  - - * -
                   up  5  5   0.5673547       3.560  - - * -
              5  down  6  6   0.6081079       4.652  - - * -
                   up  6  6   0.6042054       4.643  - - * -
              6  down  7  7   0.6176452       5.710  - - * -
                   up  7  7   0.6362225       5.696  - - * -
              7  down  8  8   0.6224941       6.751  - - * -
                   up  8  8   0.6327705       6.742  - - * -
              8  down  9  9   0.6240237       7.783  - - * -
                   up  9  9   0.6295683       7.775  - - * -
           2  0  down  3  3  -5.4287984      -5.893  * - - -
                   up  3  3  -5.5833616      -5.958  * - - -
              1  down  3  3  -2.9688639      -4.793  * - - -
                   up  3  3  -3.1182367      -4.874  * - - -
              2  down  3  3  -0.1648849       1.162  - - * -
                   up  3  3  -0.2887386       1.217  - - * -
              3  down  4  4  -0.7295235       3.113  - - * -
                   up  4  4  -0.6837897       3.070  - - * -
              4  down  5  5  -1.4181155       4.411  - - * -
                   up  5  5  -1.4867622       4.426  - - * -
              5  down  6  6  -2.3801855       5.684  - - * -
                   up  6  6  -2.5031042       5.715  - - * -
              6  down  7  7  -2.8835841       6.749  - - * -
                   up  7  7  -3.0139719       6.778  - - * -
              7  down  8  8  -3.0608340       7.716  - - * -
                   up  8  8  -3.2036407       7.745  - - * -
              8  down  9  9  -3.0646896       8.649  - - * -
                   up  9  9  -3.1917220       8.672  - - * -
        9  1  0  down  3  3  -0.0635456      -1.518  - - - *
                   up  3  3  -0.0597882      -1.507  - - - *
              1  down  3  3   0.4239932      -0.778  - - - -
                   up  3  3   0.4084886      -0.740  - - - -
              2  down  3  3   0.6805735       0.525  - - * -
                   up  3  3   0.6219898       0.591  - - * -
              3  down  4  4   0.7011914       2.170  - - * -
                   up  4  4   0.6574844       2.199  - - * -
              4  down  5  5   0.7255455       3.388  - - * -
                   up  5  5   0.6850317       3.408  - - * -
              5  down  6  6   0.7285962       4.513  - - * -
                   up  6  6   0.6962549       4.527  - - * -
              6  down  7  7   0.6877357       5.607  - - * -
                   up  7  7   0.6629048       5.616  - - * -
              7  down  8  8   0.6982431       6.660  - - * -
                   up  8  8   0.6469917       6.675  - - * -
              8  down  9  9   0.6955150       7.703  - - * -
                   up  9  9   0.6474544       7.715  - - * -
           2  0  down  3  3  -0.1122515      -1.419  - - - *
                   up  3  3  -0.1000246      -1.425  - - - *
              1  down  3  3  -0.5749596       0.459  - - * -
                   up  3  3  -0.5257009       0.418  - - * -
              2  down  3  3  -0.9743140       1.839  - - * -
                   up  3  3  -1.3120744       2.059  - - * -
              3  down  4  4  -1.9888442       3.435  - - * -
                   up  4  4  -2.2655792       3.553  - - * -
              4  down  5  5  -2.6490230       4.612  - - * -
                   up  5  5  -2.8047950       4.666  - - * -
              5  down  6  6  -3.1182686       5.671  - - * -
                   up  6  6  -3.2111798       5.699  - - * -
              6  down  7  7  -3.1769302       6.610  - - * -
                   up  7  7  -3.3039713       6.643  - - * -
              7  down  8  8  -3.1106383       7.533  - - * -
                   up  8  8  -3.2497048       7.565  - - * -
              8  down  9  9  -2.9947830       8.460  - - * -
                   up  9  9  -3.1308449       8.489  - - * -
       10  1  0  down  3  3  -0.0635456      -1.518  - - - *
                   up  3  3  -0.0597882      -1.507  - - - *
              1  down  3  3   0.4239932      -0.778  - - - -
                   up  3  3   0.4084886      -0.740  - - - -
              2  down  3  3   0.6805735       0.525  - - * -
                   up  3  3   0.6219898       0.591  - - * -
              3  down  4  4   0.7011914       2.170  - - * -
                   up  4  4   0.6574844       2.199  - - * -
              4  down  5  5   0.7255455       3.388  - - * -
                   up  5  5   0.6850317       3.408  - - * -
              5  down  6  6   0.7285962       4.513  - - * -
                   up  6  6   0.6962549       4.527  - - * -
              6  down  7  7   0.6877357       5.607  - - * -
                   up  7  7   0.6629048       5.616  - - * -
              7  down  8  8   0.6982431       6.660  - - * -
                   up  8  8   0.6469917       6.675  - - * -
              8  down  9  9   0.6955150       7.703  - - * -
                   up  9  9   0.6474544       7.715  - - * -
           2  0  down  3  3  -0.1122515      -1.419  - - - *
                   up  3  3  -0.1000246      -1.425  - - - *
              1  down  3  3  -0.5749596       0.459  - - * -
                   up  3  3  -0.5257009       0.418  - - * -
              2  down  3  3  -0.9743140       1.839  - - * -
                   up  3  3  -1.3120744       2.059  - - * -
              3  down  4  4  -1.9888442       3.435  - - * -
                   up  4  4  -2.2655792       3.553  - - * -
              4  down  5  5  -2.6490230       4.612  - - * -
                   up  5  5  -2.8047950       4.666  - - * -
              5  down  6  6  -3.1182686       5.671  - - * -
                   up  6  6  -3.2111798       5.699  - - * -
              6  down  7  7  -3.1769302       6.610  - - * -
                   up  7  7  -3.3039713       6.643  - - * -
              7  down  8  8  -3.1106383       7.533  - - * -
                   up  8  8  -3.2497048       7.565  - - * -
              8  down  9  9  -2.9947830       8.460  - - * -
                   up  9  9  -3.1308449       8.489  - - * -
       11  1  0  down  2  2   0.3895525      -0.228  - - - -
                   up  2  2   0.3497576      -0.175  - - - -
              1  down  2  2   0.5617431      -0.114  - - - -
                   up  2  2   0.5086631      -0.043  - - - -
              2  down  3  3   0.6185594       1.450  - - * -
                   up  3  3   0.5774194       1.481  - - * -
              3  down  4  4   0.6038775       2.630  - - * -
                   up  4  4   0.6016245       2.638  - - * -
              4  down  5  5   0.6653738       3.699  - - * -
                   up  5  5   0.6617907       3.706  - - * -
              5  down  6  6   0.7045899       4.746  - - * -
                   up  6  6   0.6891620       4.755  - - * -
              6  down  7  7   0.6968261       5.787  - - * -
                   up  7  7   0.6652087       5.798  - - * -
              7  down  8  8   0.7012934       6.815  - - * -
                   up  8  8   0.6621084       6.825  - - * -
              8  down  9  9   0.6935644       7.838  - - * -
                   up  9  9   0.6600776       7.846  - - * -
           2  0  down  2  2   0.0504523       0.061  - - * -
                   up  2  2   0.1190917       0.021  - - * -
              1  down  2  2  -0.1890352       0.538  - - * -
                   up  2  2  -0.2246938       0.582  - - * -
              2  down  3  3  -0.5152551       1.973  - - * -
                   up  3  3  -0.6322163       2.033  - - * -
              3  down  4  4  -1.5137052       3.330  - - * -
                   up  4  4  -1.6123836       3.367  - - * -
              4  down  5  5  -2.5499164       4.544  - - * -
                   up  5  5  -2.6784708       4.581  - - * -
              5  down  6  6  -3.0718653       5.581  - - * -
                   up  6  6  -3.1973932       5.611  - - * -
              6  down  7  7  -3.1842669       6.532  - - * -
                   up  7  7  -3.3251684       6.561  - - * -
              7  down  8  8  -3.1375251       7.467  - - * -
                   up  8  8  -3.2715680       7.492  - - * -
              8  down  9  9  -2.9784879       8.397  - - * -
                   up  9  9  -3.1479718       8.426  - - * -
       12  1  0  down  2  2   0.3895525      -0.228  - - - -
                   up  2  2   0.3497576      -0.175  - - - -
              1  down  2  2   0.5617431      -0.114  - - - -
                   up  2  2   0.5086631      -0.043  - - - -
              2  down  3  3   0.6185594       1.450  - - * -
                   up  3  3   0.5774194       1.481  - - * -
              3  down  4  4   0.6038775       2.630  - - * -
                   up  4  4   0.6016245       2.638  - - * -
              4  down  5  5   0.6653738       3.699  - - * -
                   up  5  5   0.6617907       3.706  - - * -
              5  down  6  6   0.7045899       4.746  - - * -
                   up  6  6   0.6891620       4.755  - - * -
              6  down  7  7   0.6968261       5.787  - - * -
                   up  7  7   0.6652087       5.798  - - * -
              7  down  8  8   0.7012934       6.815  - - * -
                   up  8  8   0.6621084       6.825  - - * -
              8  down  9  9   0.6935644       7.838  - - * -
                   up  9  9   0.6600776       7.846  - - * -
           2  0  down  2  2   0.0504523       0.061  - - * -
                   up  2  2   0.1190917       0.021  - - * -
              1  down  2  2  -0.1890352       0.538  - - * -
                   up  2  2  -0.2246938       0.582  - - * -
              2  down  3  3  -0.5152551       1.973  - - * -
                   up  3  3  -0.6322163       2.033  - - * -
              3  down  4  4  -1.5137052       3.330  - - * -
                   up  4  4  -1.6123836       3.367  - - * -
              4  down  5  5  -2.5499164       4.544  - - * -
                   up  5  5  -2.6784708       4.581  - - * -
              5  down  6  6  -3.0718653       5.581  - - * -
                   up  6  6  -3.1973932       5.611  - - * -
              6  down  7  7  -3.1842669       6.532  - - * -
                   up  7  7  -3.3251684       6.561  - - * -
              7  down  8  8  -3.1375251       7.467  - - * -
                   up  8  8  -3.2715680       7.492  - - * -
              8  down  9  9  -2.9784879       8.397  - - * -
                   up  9  9  -3.1479718       8.426  - - * -
 TIME: setene:      0.013m in,      0.007m added,      0.020m total

 Interstitial kinetic energy parameters
  3 energies
     n           kappa^2
     1       -.100000000
     2       -2.29999999
     3       -1.50000000
 TIME: SENTLS:      0.020m in,      0.000m added,      0.020m total

      Radial functions ...
        t  l  e  spin  n           E           u         ru'
        1  0  1  down  4  .381673341 -.637894642 -.005862408
                   up  4  .356061113 -.632705691  .021168769
              2  down  3 -5.42879835  .041874114 -.246774383
                   up  3 -5.58336163  .040808299 -.243152168
           1  1  down  4  .540056017  .697727690  .571892367
                   up  4  .502957521  .696329540  .550517860
              2  down  3 -2.96886387 -.069849226  .334773464
                   up  3 -3.11823665 -.067669740  .329840367
           2  1  down  3  .760497353  .229739371 -.410313161
                   up  3  .636207832  .218504365 -.408442190
              2  down  3 -.164884905  .580705517  .674960685
                   up  3 -.288738624  .579827960  .705913676
           3  1  down  4  .564783787  .885318303  2.12083345
                   up  4  .544035452  .882901829  2.10483806
              2  down  4 -.729523485  .954086833  2.97015596
                   up  4 -.683789717  .948962128  2.91361962
           4  1  down  5  .579199513  1.01864454  3.63566145
                   up  5  .567354656  1.01713639  3.62050339
              2  down  5 -1.41811554  1.09039732  4.81013000
                   up  5 -1.48676224  1.09111148  4.82960083
           5  1  down  6  .608107897  1.12504987  5.23428964
                   up  6  .604205420  1.12386712  5.21820277
              2  down  6 -2.38018549  1.20609358  6.85517936
                   up  6 -2.50310416  1.20814065  6.90401899
           6  1  down  7  .617645161  1.21909626  6.96126843
                   up  7  .636222482  1.21772601  6.93599765
              2  down  7 -2.88358412  1.29569544  8.74406597
                   up  7 -3.01397187  1.29759106  8.79493216
           7  1  down  8  .622494134  1.30473601  8.80874659
                   up  8  .632770504  1.30383115  8.78998180
              2  down  8 -3.06083404  1.37217924  10.5871006
                   up  8 -3.20364067  1.37404483  10.6421768
           8  1  down  9  .624023697  1.38417735  10.7723906
                   up  9  .629568257  1.38353252  10.7575198
              2  down  9 -3.06468958  1.44201328  12.4717865
                   up  9 -3.19172195  1.44342570  12.5179358
        2  0  1  down  4  .381673341 -.637894642 -.005862408
                   up  4  .356061113 -.632705691  .021168769
              2  down  3 -5.42879835  .041874114 -.246774383
                   up  3 -5.58336163  .040808299 -.243152168
           1  1  down  4  .540056017  .697727690  .571892367
                   up  4  .502957520  .696329540  .550517860
              2  down  3 -2.96886387 -.069849226  .334773464
                   up  3 -3.11823665 -.067669740  .329840367
           2  1  down  3  .760497353  .229739371 -.410313161
                   up  3  .636207832  .218504365 -.408442190
              2  down  3 -.164884904  .580705517  .674960684
                   up  3 -.288738623  .579827959  .705913675
           3  1  down  4  .564783786  .885318303  2.12083345
                   up  4  .544035452  .882901829  2.10483806
              2  down  4 -.729523482  .954086833  2.97015596
                   up  4 -.683789716  .948962128  2.91361962
           4  1  down  5  .579199512  1.01864454  3.63566145
                   up  5  .567354656  1.01713639  3.62050339
              2  down  5 -1.41811554  1.09039732  4.81013000
                   up  5 -1.48676224  1.09111148  4.82960083
           5  1  down  6  .608107896  1.12504987  5.23428964
                   up  6  .604205419  1.12386712  5.21820277
              2  down  6 -2.38018550  1.20609358  6.85517937
                   up  6 -2.50310417  1.20814065  6.90401899
           6  1  down  7  .617645160  1.21909626  6.96126843
                   up  7  .636222482  1.21772601  6.93599765
              2  down  7 -2.88358412  1.29569544  8.74406596
                   up  7 -3.01397187  1.29759106  8.79493216
           7  1  down  8  .622494133  1.30473601  8.80874659
                   up  8  .632770504  1.30383115  8.78998180
              2  down  8 -3.06083404  1.37217924  10.5871006
                   up  8 -3.20364067  1.37404483  10.6421768
           8  1  down  9  .624023698  1.38417735  10.7723906
                   up  9  .629568257  1.38353252  10.7575198
              2  down  9 -3.06468958  1.44201328  12.4717865
                   up  9 -3.19172195  1.44342570  12.5179358
        3  0  1  down  4  .381673341 -.637894642 -.005862408
                   up  4  .356061113 -.632705691  .021168769
              2  down  3 -5.42879835  .041874114 -.246774383
                   up  3 -5.58336163  .040808299 -.243152168
           1  1  down  4  .540056017  .697727690  .571892367
                   up  4  .502957520  .696329540  .550517860
              2  down  3 -2.96886387 -.069849226  .334773464
                   up  3 -3.11823665 -.067669740  .329840367
           2  1  down  3  .760497353  .229739371 -.410313161
                   up  3  .636207832  .218504365 -.408442190
              2  down  3 -.164884904  .580705517  .674960685
                   up  3 -.288738624  .579827960  .705913677
           3  1  down  4  .564783787  .885318303  2.12083345
                   up  4  .544035453  .882901829  2.10483806
              2  down  4 -.729523479  .954086833  2.97015596
                   up  4 -.683789709  .948962128  2.91361961
           4  1  down  5  .579199513  1.01864454  3.63566145
                   up  5  .567354656  1.01713639  3.62050339
              2  down  5 -1.41811554  1.09039732  4.81013000
                   up  5 -1.48676224  1.09111148  4.82960082
           5  1  down  6  .608107897  1.12504987  5.23428964
                   up  6  .604205420  1.12386712  5.21820277
              2  down  6 -2.38018549  1.20609358  6.85517936
                   up  6 -2.50310417  1.20814065  6.90401899
           6  1  down  7  .617645161  1.21909626  6.96126843
                   up  7  .636222482  1.21772601  6.93599765
              2  down  7 -2.88358412  1.29569544  8.74406596
                   up  7 -3.01397187  1.29759106  8.79493216
           7  1  down  8  .622494134  1.30473601  8.80874659
                   up  8  .632770504  1.30383115  8.78998180
              2  down  8 -3.06083404  1.37217924  10.5871006
                   up  8 -3.20364067  1.37404483  10.6421768
           8  1  down  9  .624023698  1.38417735  10.7723906
                   up  9  .629568257  1.38353252  10.7575198
              2  down  9 -3.06468958  1.44201328  12.4717865
                   up  9 -3.19172195  1.44342570  12.5179358
        4  0  1  down  4  .381673341 -.637894642 -.005862408
                   up  4  .356061113 -.632705691  .021168769
              2  down  3 -5.42879835  .041874114 -.246774383
                   up  3 -5.58336163  .040808299 -.243152168
           1  1  down  4  .540056017  .697727690  .571892367
                   up  4  .502957520  .696329540  .550517860
              2  down  3 -2.96886387 -.069849226  .334773464
                   up  3 -3.11823665 -.067669740  .329840367
           2  1  down  3  .760497353  .229739371 -.410313161
                   up  3  .636207832  .218504365 -.408442190
              2  down  3 -.164884904  .580705517  .674960684
                   up  3 -.288738624  .579827960  .705913676
           3  1  down  4  .564783787  .885318303  2.12083345
                   up  4  .544035452  .882901829  2.10483806
              2  down  4 -.729523483  .954086833  2.97015596
                   up  4 -.683789715  .948962128  2.91361962
           4  1  down  5  .579199513  1.01864454  3.63566145
                   up  5  .567354656  1.01713639  3.62050339
              2  down  5 -1.41811553  1.09039732  4.81013000
                   up  5 -1.48676224  1.09111148  4.82960083
           5  1  down  6  .608107897  1.12504987  5.23428964
                   up  6  .604205420  1.12386712  5.21820277
              2  down  6 -2.38018549  1.20609358  6.85517936
                   up  6 -2.50310416  1.20814065  6.90401899
           6  1  down  7  .617645161  1.21909626  6.96126843
                   up  7  .636222483  1.21772601  6.93599765
              2  down  7 -2.88358412  1.29569544  8.74406597
                   up  7 -3.01397187  1.29759106  8.79493216
           7  1  down  8  .622494134  1.30473601  8.80874659
                   up  8  .632770504  1.30383115  8.78998180
              2  down  8 -3.06083404  1.37217924  10.5871006
                   up  8 -3.20364067  1.37404483  10.6421768
           8  1  down  9  .624023698  1.38417735  10.7723906
                   up  9  .629568257  1.38353252  10.7575198
              2  down  9 -3.06468958  1.44201328  12.4717865
                   up  9 -3.19172195  1.44342570  12.5179358
        5  0  1  down  4  .381673341 -.637894642 -.005862408
                   up  4  .356061113 -.632705691  .021168769
              2  down  3 -5.42879835  .041874114 -.246774383
                   up  3 -5.58336163  .040808299 -.243152168
           1  1  down  4  .540056017  .697727690  .571892367
                   up  4  .502957521  .696329540  .550517860
              2  down  3 -2.96886387 -.069849226  .334773464
                   up  3 -3.11823665 -.067669740  .329840367
           2  1  down  3  .760497353  .229739371 -.410313161
                   up  3  .636207832  .218504365 -.408442190
              2  down  3 -.164884905  .580705517  .674960685
                   up  3 -.288738624  .579827960  .705913676
           3  1  down  4  .564783787  .885318303  2.12083345
                   up  4  .544035452  .882901829  2.10483806
              2  down  4 -.729523485  .954086833  2.97015596
                   up  4 -.683789717  .948962128  2.91361962
           4  1  down  5  .579199513  1.01864454  3.63566145
                   up  5  .567354656  1.01713639  3.62050339
              2  down  5 -1.41811554  1.09039732  4.81013000
                   up  5 -1.48676224  1.09111148  4.82960083
           5  1  down  6  .608107897  1.12504987  5.23428964
                   up  6  .604205420  1.12386712  5.21820277
              2  down  6 -2.38018549  1.20609358  6.85517936
                   up  6 -2.50310416  1.20814065  6.90401899
           6  1  down  7  .617645161  1.21909626  6.96126843
                   up  7  .636222482  1.21772601  6.93599765
              2  down  7 -2.88358412  1.29569544  8.74406597
                   up  7 -3.01397187  1.29759106  8.79493216
           7  1  down  8  .622494134  1.30473601  8.80874659
                   up  8  .632770504  1.30383115  8.78998180
              2  down  8 -3.06083404  1.37217924  10.5871006
                   up  8 -3.20364067  1.37404483  10.6421768
           8  1  down  9  .624023697  1.38417735  10.7723906
                   up  9  .629568257  1.38353252  10.7575198
              2  down  9 -3.06468958  1.44201328  12.4717865
                   up  9 -3.19172195  1.44342570  12.5179358
        6  0  1  down  4  .381673341 -.637894642 -.005862408
                   up  4  .356061113 -.632705691  .021168769
              2  down  3 -5.42879835  .041874114 -.246774383
                   up  3 -5.58336163  .040808299 -.243152168
           1  1  down  4  .540056017  .697727690  .571892367
                   up  4  .502957520  .696329540  .550517860
              2  down  3 -2.96886387 -.069849226  .334773464
                   up  3 -3.11823665 -.067669740  .329840367
           2  1  down  3  .760497353  .229739371 -.410313161
                   up  3  .636207832  .218504365 -.408442190
              2  down  3 -.164884904  .580705517  .674960684
                   up  3 -.288738623  .579827959  .705913675
           3  1  down  4  .564783786  .885318303  2.12083345
                   up  4  .544035452  .882901829  2.10483806
              2  down  4 -.729523482  .954086833  2.97015596
                   up  4 -.683789716  .948962128  2.91361962
           4  1  down  5  .579199512  1.01864454  3.63566145
                   up  5  .567354656  1.01713639  3.62050339
              2  down  5 -1.41811554  1.09039732  4.81013000
                   up  5 -1.48676224  1.09111148  4.82960083
           5  1  down  6  .608107896  1.12504987  5.23428964
                   up  6  .604205419  1.12386712  5.21820277
              2  down  6 -2.38018550  1.20609358  6.85517937
                   up  6 -2.50310417  1.20814065  6.90401899
           6  1  down  7  .617645160  1.21909626  6.96126843
                   up  7  .636222482  1.21772601  6.93599765
              2  down  7 -2.88358412  1.29569544  8.74406596
                   up  7 -3.01397187  1.29759106  8.79493216
           7  1  down  8  .622494133  1.30473601  8.80874659
                   up  8  .632770504  1.30383115  8.78998180
              2  down  8 -3.06083404  1.37217924  10.5871006
                   up  8 -3.20364067  1.37404483  10.6421768
           8  1  down  9  .624023698  1.38417735  10.7723906
                   up  9  .629568257  1.38353252  10.7575198
              2  down  9 -3.06468958  1.44201328  12.4717865
                   up  9 -3.19172195  1.44342570  12.5179358
        7  0  1  down  4  .381673341 -.637894642 -.005862408
                   up  4  .356061113 -.632705691  .021168769
              2  down  3 -5.42879835  .041874114 -.246774383
                   up  3 -5.58336163  .040808299 -.243152168
           1  1  down  4  .540056017  .697727690  .571892367
                   up  4  .502957520  .696329540  .550517860
              2  down  3 -2.96886387 -.069849226  .334773464
                   up  3 -3.11823665 -.067669740  .329840367
           2  1  down  3  .760497353  .229739371 -.410313161
                   up  3  .636207832  .218504365 -.408442190
              2  down  3 -.164884904  .580705517  .674960685
                   up  3 -.288738624  .579827960  .705913677
           3  1  down  4  .564783787  .885318303  2.12083345
                   up  4  .544035453  .882901829  2.10483806
              2  down  4 -.729523479  .954086833  2.97015596
                   up  4 -.683789709  .948962128  2.91361961
           4  1  down  5  .579199513  1.01864454  3.63566145
                   up  5  .567354656  1.01713639  3.62050339
              2  down  5 -1.41811554  1.09039732  4.81013000
                   up  5 -1.48676224  1.09111148  4.82960083
           5  1  down  6  .608107897  1.12504987  5.23428964
                   up  6  .604205420  1.12386712  5.21820277
              2  down  6 -2.38018549  1.20609358  6.85517936
                   up  6 -2.50310417  1.20814065  6.90401899
           6  1  down  7  .617645161  1.21909626  6.96126843
                   up  7  .636222482  1.21772601  6.93599765
              2  down  7 -2.88358412  1.29569544  8.74406596
                   up  7 -3.01397187  1.29759106  8.79493216
           7  1  down  8  .622494134  1.30473601  8.80874659
                   up  8  .632770504  1.30383115  8.78998180
              2  down  8 -3.06083404  1.37217924  10.5871006
                   up  8 -3.20364067  1.37404483  10.6421768
           8  1  down  9  .624023698  1.38417735  10.7723906
                   up  9  .629568257  1.38353252  10.7575198
              2  down  9 -3.06468958  1.44201328  12.4717865
                   up  9 -3.19172195  1.44342570  12.5179358
        8  0  1  down  4  .381673341 -.637894642 -.005862408
                   up  4  .356061113 -.632705691  .021168769
              2  down  3 -5.42879835  .041874114 -.246774383
                   up  3 -5.58336163  .040808299 -.243152168
           1  1  down  4  .540056017  .697727690  .571892367
                   up  4  .502957520  .696329540  .550517860
              2  down  3 -2.96886387 -.069849226  .334773464
                   up  3 -3.11823665 -.067669740  .329840367
           2  1  down  3  .760497353  .229739371 -.410313161
                   up  3  .636207832  .218504365 -.408442190
              2  down  3 -.164884904  .580705517  .674960684
                   up  3 -.288738624  .579827960  .705913676
           3  1  down  4  .564783787  .885318303  2.12083345
                   up  4  .544035452  .882901829  2.10483806
              2  down  4 -.729523483  .954086833  2.97015596
                   up  4 -.683789715  .948962128  2.91361962
           4  1  down  5  .579199513  1.01864454  3.63566145
                   up  5  .567354656  1.01713639  3.62050339
              2  down  5 -1.41811553  1.09039732  4.81013000
                   up  5 -1.48676224  1.09111148  4.82960083
           5  1  down  6  .608107897  1.12504987  5.23428964
                   up  6  .604205420  1.12386712  5.21820277
              2  down  6 -2.38018549  1.20609358  6.85517936
                   up  6 -2.50310416  1.20814065  6.90401899
           6  1  down  7  .617645161  1.21909626  6.96126843
                   up  7  .636222483  1.21772601  6.93599765
              2  down  7 -2.88358412  1.29569544  8.74406597
                   up  7 -3.01397187  1.29759106  8.79493216
           7  1  down  8  .622494134  1.30473601  8.80874659
                   up  8  .632770504  1.30383115  8.78998180
              2  down  8 -3.06083404  1.37217924  10.5871006
                   up  8 -3.20364067  1.37404483  10.6421768
           8  1  down  9  .624023698  1.38417735  10.7723906
                   up  9  .629568257  1.38353252  10.7575198
              2  down  9 -3.06468958  1.44201328  12.4717865
                   up  9 -3.19172195  1.44342570  12.5179358
        9  0  1  down  3 -.063545619  .495045129 -.751349634
                   up  3 -.059788164  .495882342 -.747120113
              2  down  3 -.112251501  .502973664 -.713673706
                   up  3 -.100024587  .502432624 -.715992638
           1  1  down  3  .423993157 -.575524869  .447713653
                   up  3  .408488589 -.579019221  .428751912
              2  down  3 -.574959565 -.703960849 -.323016789
                   up  3 -.525700855 -.699328110 -.292171078
           2  1  down  3  .680573459  .714874700  .375149642
                   up  3  .621989826  .722854637  .427279034
              2  down  3 -.974313982  .878819115  1.61616323
                   up  3 -1.31207439  .906542324  1.86660065
           3  1  down  4  .701191378  .969611562  2.10452113
                   up  4  .657484354  .972639455  2.13872746
              2  down  4 -1.98884420  1.10201541  3.78542877
                   up  4 -2.26557924  1.11418753  3.95828586
           4  1  down  5  .725545490  1.12134315  3.79897616
                   up  5  .685031686  1.12328275  3.82790288
              2  down  5 -2.64902295  1.23730126  5.70665352
                   up  5 -2.80479504  1.24237326  5.79729121
           5  1  down  6  .728596235  1.24457687  5.61731697
                   up  6  .696254876  1.24579908  5.63957728
              2  down  6 -3.11826855  1.34624525  7.63390864
                   up  6 -3.21117979  1.34871388  7.68605886
           6  1  down  7  .687735682  1.35320816  7.58679371
                   up  7  .662904795  1.35400276  7.60378370
              2  down  7 -3.17693019  1.43613176  9.49237918
                   up  7 -3.30397134  1.43885389  9.55809470
           7  1  down  8  .698243103  1.45031102  9.65931143
                   up  8  .646991654  1.45146557  9.68785385
              2  down  8 -3.11063834  1.51876218  11.4406877
                   up  8 -3.24970479  1.52127807  11.5087294
           8  1  down  9  .695514956  1.54029224  11.8646885
                   up  9  .647454357  1.54121418  11.8903421
              2  down  9 -2.99478297  1.59698174  13.5108858
                   up  9 -3.13084489  1.59911182  13.5746120
       10  0  1  down  3 -.063545619  .495045129 -.751349634
                   up  3 -.059788164  .495882342 -.747120113
              2  down  3 -.112251501  .502973664 -.713673706
                   up  3 -.100024587  .502432624 -.715992638
           1  1  down  3  .423993157 -.575524869  .447713653
                   up  3  .408488589 -.579019221  .428751912
              2  down  3 -.574959565 -.703960849 -.323016789
                   up  3 -.525700855 -.699328110 -.292171078
           2  1  down  3  .680573459  .714874700  .375149642
                   up  3  .621989826  .722854637  .427279034
              2  down  3 -.974313982  .878819115  1.61616323
                   up  3 -1.31207439  .906542324  1.86660065
           3  1  down  4  .701191378  .969611562  2.10452113
                   up  4  .657484354  .972639455  2.13872746
              2  down  4 -1.98884420  1.10201541  3.78542877
                   up  4 -2.26557924  1.11418753  3.95828586
           4  1  down  5  .725545490  1.12134315  3.79897616
                   up  5  .685031686  1.12328275  3.82790288
              2  down  5 -2.64902295  1.23730126  5.70665352
                   up  5 -2.80479504  1.24237326  5.79729121
           5  1  down  6  .728596235  1.24457687  5.61731697
                   up  6  .696254876  1.24579908  5.63957728
              2  down  6 -3.11826855  1.34624525  7.63390864
                   up  6 -3.21117979  1.34871388  7.68605886
           6  1  down  7  .687735682  1.35320816  7.58679371
                   up  7  .662904795  1.35400276  7.60378370
              2  down  7 -3.17693019  1.43613176  9.49237918
                   up  7 -3.30397134  1.43885389  9.55809470
           7  1  down  8  .698243103  1.45031102  9.65931143
                   up  8  .646991654  1.45146557  9.68785385
              2  down  8 -3.11063834  1.51876218  11.4406877
                   up  8 -3.24970479  1.52127807  11.5087294
           8  1  down  9  .695514956  1.54029224  11.8646885
                   up  9  .647454357  1.54121418  11.8903421
              2  down  9 -2.99478297  1.59698174  13.5108858
                   up  9 -3.13084489  1.59911182  13.5746120
       11  0  1  down  2  .389552466 -.809499790  .184909129
                   up  2  .349757629 -.816085165  .142870075
              2  down  2  .050452337 -.845984174 -.051597313
                   up  2  .119091700 -.840892502 -.018027122
           1  1  down  2  .561743130  .770726532 -.087940662
                   up  2  .508663110  .780963337 -.033202118
              2  down  2 -.189035249  .870040387  .468465603
                   up  2 -.224693779  .876722671  .510147084
           2  1  down  3  .618559421  1.08918388  1.57914013
                   up  3  .577419370  1.09341502  1.61912601
              2  down  3 -.515255125  1.16094201  2.29108170
                   up  3 -.632216287  1.16918407  2.37727666
           3  1  down  4  .603877465  1.28614645  3.38230990
                   up  4  .601624463  1.28724443  3.39615409
              2  down  4 -1.51370517  1.37332731  4.57278517
                   up  4 -1.61238358  1.37797306  4.63951702
           4  1  down  5  .665373753  1.44284184  5.33751860
                   up  5  .661790706  1.44369639  5.35090202
              2  down  5 -2.54991638  1.54008823  6.99805600
                   up  5 -2.67847076  1.54432507  7.07426960
           5  1  down  6  .704589864  1.58108664  7.50398178
                   up  6  .689162005  1.58205185  7.52219484
              2  down  6 -3.07186526  1.67109076  9.32586350
                   up  6 -3.19739322  1.67438964  9.39564160
           6  1  down  7  .696826147  1.70736156  9.88052765
                   up  7  .665208718  1.70847337  9.90506650
              2  down  7 -3.18426685  1.78326435  11.6476304
                   up  7 -3.32516840  1.78628723  11.7204977
           7  1  down  8  .701293423  1.82353906  12.4268233
                   up  8  .662108388  1.82459222  12.4533274
              2  down  8 -3.13752508  1.88675660  14.0876126
                   up  8 -3.27156800  1.88921869  14.1540368
           8  1  down  9  .693564416  1.93224563  15.1442226
                   up  9  .660077602  1.93305572  15.1670471
              2  down  9 -2.97848785  1.98412982  16.6613538
                   up  9 -3.14797175  1.98674208  16.7393769
       12  0  1  down  2  .389552466 -.809499790  .184909129
                   up  2  .349757629 -.816085165  .142870075
              2  down  2  .050452337 -.845984174 -.051597313
                   up  2  .119091700 -.840892502 -.018027122
           1  1  down  2  .561743130  .770726532 -.087940662
                   up  2  .508663110  .780963337 -.033202118
              2  down  2 -.189035249  .870040387  .468465603
                   up  2 -.224693779  .876722671  .510147084
           2  1  down  3  .618559421  1.08918388  1.57914013
                   up  3  .577419370  1.09341502  1.61912601
              2  down  3 -.515255125  1.16094201  2.29108170
                   up  3 -.632216287  1.16918407  2.37727666
           3  1  down  4  .603877465  1.28614645  3.38230990
                   up  4  .601624463  1.28724443  3.39615409
              2  down  4 -1.51370517  1.37332731  4.57278517
                   up  4 -1.61238358  1.37797306  4.63951702
           4  1  down  5  .665373753  1.44284184  5.33751860
                   up  5  .661790706  1.44369639  5.35090202
              2  down  5 -2.54991638  1.54008823  6.99805600
                   up  5 -2.67847076  1.54432507  7.07426960
           5  1  down  6  .704589864  1.58108664  7.50398178
                   up  6  .689162005  1.58205185  7.52219484
              2  down  6 -3.07186526  1.67109076  9.32586350
                   up  6 -3.19739322  1.67438964  9.39564160
           6  1  down  7  .696826147  1.70736156  9.88052765
                   up  7  .665208718  1.70847337  9.90506650
              2  down  7 -3.18426685  1.78326435  11.6476304
                   up  7 -3.32516840  1.78628723  11.7204977
           7  1  down  8  .701293423  1.82353906  12.4268233
                   up  8  .662108388  1.82459222  12.4533274
              2  down  8 -3.13752508  1.88675660  14.0876126
                   up  8 -3.27156800  1.88921869  14.1540368
           8  1  down  9  .693564416  1.93224563  15.1442226
                   up  9  .660077602  1.93305572  15.1670471
              2  down  9 -2.97848785  1.98412982  16.6613538
                   up  9 -3.14797175  1.98674208  16.7393769
        t  l  e  spin  n  <du/de**2>       du/de   r(du/de)'
        1  0  1  down  4  .009458329  .094091751  .736471479
                   up  4  .009644263  .095672698  .738438883
              2  down  3  1.26502576 -1.14101007 -4.48084570
                   up  3  1.29065576 -1.15707137 -4.60343122
           1  1  down  4  .014169760 -.062399128 -.723707061
                   up  4  .013254763 -.065269338 -.725513119
              2  down  3  .815164181  .850615893  2.64177882
                   up  3  .832863687  .863498735  2.72607497
           2  1  down  3  .386139276 -.511314758 -1.12962943
                   up  3  .405770362 -.526540474 -1.16363523
              2  down  3  .115556599 -.261240092 -1.11174219
                   up  3  .121024094 -.267710055 -1.13524712
           3  1  down  4  .002987938 -.057762005 -.668394825
                   up  4  .003060966 -.058308752 -.670481488
              2  down  4  .002030819 -.048957639 -.644206149
                   up  4  .002111660 -.049724330 -.647123751
           4  1  down  5  .001072841 -.038882981 -.599415579
                   up  5  .001087296 -.039081667 -.600432433
              2  down  5  .000739684 -.033251219 -.576977568
                   up  5  .000740548 -.033249392 -.577184582
           5  1  down  6  .000526553 -.029498050 -.554298432
                   up  6  .000531514 -.029602543 -.554945067
              2  down  6  .000353133 -.024990452 -.531032277
                   up  6  .000350610 -.024908305 -.530671922
           6  1  down  7  .000296054 -.023591209 -.519581612
                   up  7  .000298705 -.023671935 -.520137126
              2  down  7  .000206138 -.020328023 -.499256189
                   up  7  .000204715 -.020265725 -.498900026
           7  1  down  8  .000181304 -.019509403 -.491309476
                   up  8  .000182377 -.019552691 -.491661956
              2  down  8  .000133363 -.017209749 -.474655619
                   up  8  .000132434 -.017157879 -.474297708
           8  1  down  9  .000117924 -.016519672 -.467505047
                   up  9  .000118417 -.016545216 -.467744356
              2  down  9  .000091411 -.014896459 -.454138612
                   up  9  .000090950 -.014863942 -.453887208
        2  0  1  down  4  .009458329  .094091751  .736471479
                   up  4  .009644263  .095672698  .738438883
              2  down  3  1.26502576 -1.14101007 -4.48084570
                   up  3  1.29065576 -1.15707137 -4.60343122
           1  1  down  4  .014169760 -.062399128 -.723707061
                   up  4  .013254763 -.065269338 -.725513119
              2  down  3  .815164181  .850615893  2.64177882
                   up  3  .832863687  .863498735  2.72607497
           2  1  down  3  .386139276 -.511314758 -1.12962943
                   up  3  .405770362 -.526540474 -1.16363523
              2  down  3  .115556599 -.261240092 -1.11174219
                   up  3  .121024095 -.267710056 -1.13524712
           3  1  down  4  .002987938 -.057762005 -.668394825
                   up  4  .003060966 -.058308751 -.670481488
              2  down  4  .002030819 -.048957639 -.644206149
                   up  4  .002111660 -.049724330 -.647123751
           4  1  down  5  .001072841 -.038882981 -.599415579
                   up  5  .001087296 -.039081667 -.600432433
              2  down  5  .000739684 -.033251219 -.576977568
                   up  5  .000740548 -.033249392 -.577184582
           5  1  down  6  .000526553 -.029498050 -.554298432
                   up  6  .000531514 -.029602543 -.554945067
              2  down  6  .000353133 -.024990452 -.531032277
                   up  6  .000350610 -.024908305 -.530671922
           6  1  down  7  .000296054 -.023591209 -.519581612
                   up  7  .000298705 -.023671935 -.520137126
              2  down  7  .000206138 -.020328023 -.499256189
                   up  7  .000204715 -.020265725 -.498900026
           7  1  down  8  .000181304 -.019509403 -.491309476
                   up  8  .000182377 -.019552691 -.491661956
              2  down  8  .000133363 -.017209749 -.474655619
                   up  8  .000132434 -.017157879 -.474297708
           8  1  down  9  .000117924 -.016519672 -.467505047
                   up  9  .000118417 -.016545216 -.467744356
              2  down  9  .000091411 -.014896459 -.454138612
                   up  9  .000090950 -.014863942 -.453887208
        3  0  1  down  4  .009458329  .094091751  .736471479
                   up  4  .009644263  .095672698  .738438883
              2  down  3  1.26502576 -1.14101007 -4.48084570
                   up  3  1.29065576 -1.15707137 -4.60343122
           1  1  down  4  .014169760 -.062399128 -.723707061
                   up  4  .013254763 -.065269338 -.725513119
              2  down  3  .815164181  .850615893  2.64177882
                   up  3  .832863687  .863498735  2.72607497
           2  1  down  3  .386139276 -.511314758 -1.12962943
                   up  3  .405770362 -.526540474 -1.16363523
              2  down  3  .115556599 -.261240092 -1.11174219
                   up  3  .121024094 -.267710055 -1.13524712
           3  1  down  4  .002987938 -.057762005 -.668394825
                   up  4  .003060966 -.058308752 -.670481488
              2  down  4  .002030819 -.048957640 -.644206149
                   up  4  .002111660 -.049724330 -.647123751
           4  1  down  5  .001072841 -.038882981 -.599415579
                   up  5  .001087296 -.039081667 -.600432433
              2  down  5  .000739684 -.033251219 -.576977568
                   up  5  .000740548 -.033249392 -.577184582
           5  1  down  6  .000526553 -.029498050 -.554298432
                   up  6  .000531514 -.029602543 -.554945067
              2  down  6  .000353133 -.024990452 -.531032277
                   up  6  .000350610 -.024908305 -.530671922
           6  1  down  7  .000296054 -.023591209 -.519581612
                   up  7  .000298705 -.023671935 -.520137126
              2  down  7  .000206138 -.020328023 -.499256189
                   up  7  .000204715 -.020265725 -.498900026
           7  1  down  8  .000181304 -.019509403 -.491309476
                   up  8  .000182377 -.019552691 -.491661956
              2  down  8  .000133363 -.017209749 -.474655619
                   up  8  .000132434 -.017157879 -.474297708
           8  1  down  9  .000117924 -.016519672 -.467505047
                   up  9  .000118417 -.016545216 -.467744356
              2  down  9  .000091411 -.014896459 -.454138612
                   up  9  .000090950 -.014863942 -.453887208
        4  0  1  down  4  .009458329  .094091751  .736471479
                   up  4  .009644263  .095672698  .738438883
              2  down  3  1.26502576 -1.14101007 -4.48084570
                   up  3  1.29065576 -1.15707137 -4.60343122
           1  1  down  4  .014169760 -.062399128 -.723707061
                   up  4  .013254763 -.065269338 -.725513119
              2  down  3  .815164181  .850615893  2.64177882
                   up  3  .832863687  .863498735  2.72607497
           2  1  down  3  .386139276 -.511314758 -1.12962943
                   up  3  .405770362 -.526540474 -1.16363523
              2  down  3  .115556599 -.261240092 -1.11174219
                   up  3  .121024094 -.267710055 -1.13524712
           3  1  down  4  .002987938 -.057762005 -.668394825
                   up  4  .003060966 -.058308752 -.670481488
              2  down  4  .002030819 -.048957639 -.644206149
                   up  4  .002111660 -.049724330 -.647123751
           4  1  down  5  .001072841 -.038882981 -.599415579
                   up  5  .001087296 -.039081667 -.600432433
              2  down  5  .000739684 -.033251219 -.576977568
                   up  5  .000740548 -.033249392 -.577184582
           5  1  down  6  .000526553 -.029498050 -.554298432
                   up  6  .000531514 -.029602543 -.554945067
              2  down  6  .000353133 -.024990452 -.531032277
                   up  6  .000350610 -.024908305 -.530671922
           6  1  down  7  .000296054 -.023591209 -.519581612
                   up  7  .000298705 -.023671935 -.520137126
              2  down  7  .000206138 -.020328023 -.499256189
                   up  7  .000204715 -.020265725 -.498900026
           7  1  down  8  .000181304 -.019509403 -.491309476
                   up  8  .000182377 -.019552691 -.491661956
              2  down  8  .000133363 -.017209749 -.474655619
                   up  8  .000132434 -.017157879 -.474297708
           8  1  down  9  .000117924 -.016519672 -.467505047
                   up  9  .000118417 -.016545216 -.467744356
              2  down  9  .000091411 -.014896459 -.454138612
                   up  9  .000090950 -.014863942 -.453887208
        5  0  1  down  4  .009458329  .094091751  .736471479
                   up  4  .009644263  .095672698  .738438883
              2  down  3  1.26502576 -1.14101007 -4.48084570
                   up  3  1.29065576 -1.15707137 -4.60343122
           1  1  down  4  .014169760 -.062399128 -.723707061
                   up  4  .013254763 -.065269338 -.725513119
              2  down  3  .815164181  .850615893  2.64177882
                   up  3  .832863687  .863498735  2.72607497
           2  1  down  3  .386139276 -.511314758 -1.12962943
                   up  3  .405770362 -.526540474 -1.16363523
              2  down  3  .115556599 -.261240092 -1.11174219
                   up  3  .121024094 -.267710055 -1.13524712
           3  1  down  4  .002987938 -.057762005 -.668394825
                   up  4  .003060966 -.058308751 -.670481488
              2  down  4  .002030819 -.048957639 -.644206149
                   up  4  .002111660 -.049724330 -.647123751
           4  1  down  5  .001072841 -.038882981 -.599415579
                   up  5  .001087296 -.039081667 -.600432433
              2  down  5  .000739684 -.033251219 -.576977568
                   up  5  .000740548 -.033249392 -.577184582
           5  1  down  6  .000526553 -.029498050 -.554298432
                   up  6  .000531514 -.029602543 -.554945067
              2  down  6  .000353133 -.024990452 -.531032277
                   up  6  .000350610 -.024908305 -.530671922
           6  1  down  7  .000296054 -.023591209 -.519581612
                   up  7  .000298705 -.023671935 -.520137126
              2  down  7  .000206138 -.020328023 -.499256189
                   up  7  .000204715 -.020265725 -.498900026
           7  1  down  8  .000181304 -.019509403 -.491309476
                   up  8  .000182377 -.019552691 -.491661956
              2  down  8  .000133363 -.017209749 -.474655619
                   up  8  .000132434 -.017157879 -.474297708
           8  1  down  9  .000117924 -.016519672 -.467505047
                   up  9  .000118417 -.016545216 -.467744356
              2  down  9  .000091411 -.014896459 -.454138612
                   up  9  .000090950 -.014863942 -.453887208
        6  0  1  down  4  .009458329  .094091751  .736471479
                   up  4  .009644263  .095672698  .738438883
              2  down  3  1.26502576 -1.14101007 -4.48084570
                   up  3  1.29065576 -1.15707137 -4.60343122
           1  1  down  4  .014169760 -.062399128 -.723707061
                   up  4  .013254763 -.065269338 -.725513119
              2  down  3  .815164181  .850615893  2.64177882
                   up  3  .832863687  .863498735  2.72607497
           2  1  down  3  .386139276 -.511314758 -1.12962943
                   up  3  .405770362 -.526540474 -1.16363523
              2  down  3  .115556599 -.261240092 -1.11174219
                   up  3  .121024095 -.267710055 -1.13524712
           3  1  down  4  .002987938 -.057762005 -.668394825
                   up  4  .003060966 -.058308751 -.670481488
              2  down  4  .002030819 -.048957639 -.644206149
                   up  4  .002111660 -.049724330 -.647123751
           4  1  down  5  .001072841 -.038882981 -.599415579
                   up  5  .001087296 -.039081667 -.600432433
              2  down  5  .000739684 -.033251219 -.576977568
                   up  5  .000740548 -.033249392 -.577184582
           5  1  down  6  .000526553 -.029498050 -.554298432
                   up  6  .000531514 -.029602543 -.554945067
              2  down  6  .000353133 -.024990452 -.531032277
                   up  6  .000350610 -.024908305 -.530671922
           6  1  down  7  .000296054 -.023591209 -.519581612
                   up  7  .000298705 -.023671935 -.520137126
              2  down  7  .000206138 -.020328023 -.499256189
                   up  7  .000204715 -.020265725 -.498900026
           7  1  down  8  .000181304 -.019509403 -.491309476
                   up  8  .000182377 -.019552691 -.491661956
              2  down  8  .000133363 -.017209749 -.474655619
                   up  8  .000132434 -.017157879 -.474297708
           8  1  down  9  .000117924 -.016519672 -.467505047
                   up  9  .000118417 -.016545216 -.467744356
              2  down  9  .000091411 -.014896459 -.454138612
                   up  9  .000090950 -.014863942 -.453887208
        7  0  1  down  4  .009458329  .094091751  .736471479
                   up  4  .009644263  .095672698  .738438883
              2  down  3  1.26502576 -1.14101007 -4.48084570
                   up  3  1.29065576 -1.15707137 -4.60343122
           1  1  down  4  .014169760 -.062399128 -.723707061
                   up  4  .013254763 -.065269338 -.725513119
              2  down  3  .815164181  .850615893  2.64177882
                   up  3  .832863687  .863498735  2.72607497
           2  1  down  3  .386139276 -.511314758 -1.12962943
                   up  3  .405770362 -.526540474 -1.16363523
              2  down  3  .115556599 -.261240092 -1.11174219
                   up  3  .121024094 -.267710055 -1.13524712
           3  1  down  4  .002987938 -.057762005 -.668394825
                   up  4  .003060966 -.058308752 -.670481488
              2  down  4  .002030819 -.048957640 -.644206149
                   up  4  .002111660 -.049724330 -.647123751
           4  1  down  5  .001072841 -.038882981 -.599415579
                   up  5  .001087296 -.039081667 -.600432433
              2  down  5  .000739684 -.033251219 -.576977568
                   up  5  .000740548 -.033249392 -.577184582
           5  1  down  6  .000526553 -.029498050 -.554298432
                   up  6  .000531514 -.029602543 -.554945067
              2  down  6  .000353133 -.024990452 -.531032277
                   up  6  .000350610 -.024908305 -.530671922
           6  1  down  7  .000296054 -.023591209 -.519581612
                   up  7  .000298705 -.023671935 -.520137126
              2  down  7  .000206138 -.020328023 -.499256189
                   up  7  .000204715 -.020265725 -.498900026
           7  1  down  8  .000181304 -.019509403 -.491309476
                   up  8  .000182377 -.019552691 -.491661956
              2  down  8  .000133363 -.017209749 -.474655619
                   up  8  .000132434 -.017157879 -.474297708
           8  1  down  9  .000117924 -.016519672 -.467505047
                   up  9  .000118417 -.016545216 -.467744356
              2  down  9  .000091411 -.014896459 -.454138612
                   up  9  .000090950 -.014863942 -.453887208
        8  0  1  down  4  .009458329  .094091751  .736471479
                   up  4  .009644263  .095672698  .738438883
              2  down  3  1.26502576 -1.14101007 -4.48084570
                   up  3  1.29065576 -1.15707137 -4.60343122
           1  1  down  4  .014169760 -.062399128 -.723707061
                   up  4  .013254763 -.065269338 -.725513119
              2  down  3  .815164181  .850615893  2.64177882
                   up  3  .832863687  .863498735  2.72607497
           2  1  down  3  .386139276 -.511314758 -1.12962943
                   up  3  .405770362 -.526540474 -1.16363523
              2  down  3  .115556599 -.261240092 -1.11174219
                   up  3  .121024094 -.267710055 -1.13524712
           3  1  down  4  .002987938 -.057762005 -.668394825
                   up  4  .003060966 -.058308751 -.670481488
              2  down  4  .002030819 -.048957639 -.644206149
                   up  4  .002111660 -.049724330 -.647123751
           4  1  down  5  .001072841 -.038882981 -.599415579
                   up  5  .001087296 -.039081667 -.600432433
              2  down  5  .000739684 -.033251219 -.576977568
                   up  5  .000740548 -.033249392 -.577184582
           5  1  down  6  .000526553 -.029498050 -.554298432
                   up  6  .000531514 -.029602543 -.554945067
              2  down  6  .000353133 -.024990452 -.531032277
                   up  6  .000350610 -.024908305 -.530671922
           6  1  down  7  .000296054 -.023591209 -.519581612
                   up  7  .000298705 -.023671935 -.520137126
              2  down  7  .000206138 -.020328023 -.499256189
                   up  7  .000204715 -.020265725 -.498900026
           7  1  down  8  .000181304 -.019509403 -.491309476
                   up  8  .000182377 -.019552691 -.491661956
              2  down  8  .000133363 -.017209749 -.474655619
                   up  8  .000132434 -.017157879 -.474297708
           8  1  down  9  .000117924 -.016519672 -.467505047
                   up  9  .000118417 -.016545216 -.467744356
              2  down  9  .000091411 -.014896459 -.454138612
                   up  9  .000090950 -.014863942 -.453887208
        9  0  1  down  3  .023194523 -.163621401 -.772296781
                   up  3  .023159158 -.163486993 -.772590880
              2  down  3  .022711565 -.161947878 -.774752686
                   up  3  .022759891 -.162103658 -.774617606
           1  1  down  3  .018122850  .143114609  .766617560
                   up  3  .017938731  .142386273  .767216406
              2  down  3  .011674706  .115140295  .770578049
                   up  3  .011885291  .116158466  .771030629
           2  1  down  3  .013611359 -.119121864 -.769315116
                   up  3  .013160825 -.117213613 -.768283269
              2  down  3  .006177447 -.082561667 -.726746193
                   up  3  .005326915 -.077242684 -.716370457
           3  1  down  4  .002219966 -.056570250 -.643879925
                   up  4  .002189680 -.056225465 -.643105885
              2  down  4  .001179159 -.043008920 -.606179344
                   up  4  .001109848 -.041917762 -.602348351
           4  1  down  5  .000841320 -.038498997 -.581001710
                   up  5  .000834043 -.038355239 -.580499221
              2  down  5  .000495688 -.030779115 -.550253712
                   up  5  .000484060 -.030476268 -.548837172
           5  1  down  6  .000410330 -.029035787 -.536994536
                   up  6  .000408139 -.028970297 -.536689462
              2  down  6  .000263019 -.024121672 -.512016080
                   up  6  .000260135 -.024012417 -.511387583
           6  1  down  7  .000228033 -.023080141 -.502738812
                   up  7  .000227258 -.023047572 -.502550032
              2  down  7  .000160843 -.019982984 -.483813445
                   up  7  .000158984 -.019888280 -.483179922
           7  1  down  8  .000138953 -.019036496 -.475112776
                   up  8  .000138295 -.018999386 -.474860736
              2  down  8  .000105204 -.016985730 -.460531984
                   up  8  .000104122 -.016914518 -.459989506
           8  1  down  9  .000089937 -.016081833 -.451836334
                   up  9  .000089606 -.016057699 -.451646854
              2  down  9  .000071950 -.014685221 -.440515003
                   up  9  .000071343 -.014635053 -.440085853
       10  0  1  down  3  .023194523 -.163621401 -.772296781
                   up  3  .023159158 -.163486993 -.772590880
              2  down  3  .022711565 -.161947878 -.774752686
                   up  3  .022759891 -.162103658 -.774617606
           1  1  down  3  .018122850  .143114609  .766617560
                   up  3  .017938731  .142386273  .767216406
              2  down  3  .011674706  .115140295  .770578049
                   up  3  .011885291  .116158466  .771030629
           2  1  down  3  .013611359 -.119121864 -.769315116
                   up  3  .013160825 -.117213613 -.768283269
              2  down  3  .006177447 -.082561667 -.726746193
                   up  3  .005326915 -.077242684 -.716370457
           3  1  down  4  .002219966 -.056570250 -.643879925
                   up  4  .002189680 -.056225465 -.643105885
              2  down  4  .001179159 -.043008920 -.606179344
                   up  4  .001109848 -.041917762 -.602348351
           4  1  down  5  .000841320 -.038498997 -.581001710
                   up  5  .000834043 -.038355239 -.580499221
              2  down  5  .000495688 -.030779115 -.550253712
                   up  5  .000484060 -.030476268 -.548837172
           5  1  down  6  .000410330 -.029035787 -.536994536
                   up  6  .000408139 -.028970297 -.536689462
              2  down  6  .000263019 -.024121672 -.512016080
                   up  6  .000260135 -.024012417 -.511387583
           6  1  down  7  .000228033 -.023080141 -.502738812
                   up  7  .000227258 -.023047572 -.502550032
              2  down  7  .000160843 -.019982984 -.483813445
                   up  7  .000158984 -.019888280 -.483179922
           7  1  down  8  .000138953 -.019036496 -.475112776
                   up  8  .000138295 -.018999386 -.474860736
              2  down  8  .000105204 -.016985730 -.460531984
                   up  8  .000104122 -.016914518 -.459989506
           8  1  down  9  .000089937 -.016081833 -.451836334
                   up  9  .000089606 -.016057699 -.451646854
              2  down  9  .000071950 -.014685221 -.440515003
                   up  9  .000071343 -.014635053 -.440085853
       11  0  1  down  2  .007477281  .110622402  .697060541
                   up  2  .007357629  .109601876  .697311686
              2  down  2  .006826308  .104608300  .697551757
                   up  2  .006914456  .105513260  .697619613
           1  1  down  2  .013697651 -.143383301 -.742324952
                   up  2  .013285982 -.141242881 -.742733864
              2  down  2  .009791531 -.121945615 -.737727130
                   up  2  .009578580 -.120637062 -.737139227
           2  1  down  3  .002252014 -.067191109 -.634264348
                   up  3  .002219090 -.066738288 -.633595488
              2  down  3  .001726038 -.059641506 -.621346773
                   up  3  .001673436 -.058821444 -.619693781
           3  1  down  4  .000792527 -.044145061 -.570713840
                   up  4  .000789496 -.044069357 -.570501714
              2  down  4  .000575430 -.038436964 -.553713470
                   up  4  .000565531 -.038151148 -.552743937
           4  1  down  5  .000367844 -.032575026 -.525739355
                   up  5  .000366734 -.032532499 -.525572166
              2  down  5  .000260005 -.028123835 -.507395304
                   up  5  .000256033 -.027942688 -.506559343
           5  1  down  6  .000196232 -.025446618 -.490557513
                   up  6  .000195575 -.025410610 -.490379475
              2  down  6  .000143848 -.022350913 -.474554702
                   up  6  .000142194 -.022244129 -.473950092
           6  1  down  7  .000114582 -.020618543 -.461737489
                   up  7  .000114152 -.020586382 -.461546038
              2  down  7  .000088936 -.018567318 -.449071017
                   up  7  .000088032 -.018489585 -.448556476
           7  1  down  8  .000071708 -.017178994 -.437651069
                   up  8  .000071460 -.017154581 -.437480665
              2  down  8  .000058447 -.015796207 -.427739784
                   up  8  .000057978 -.015744418 -.427347930
           8  1  down  9  .000047243 -.014609674 -.417029162
                   up  9  .000047121 -.014594227 -.416905093
              2  down  9  .000040142 -.013670629 -.409369062
                   up  9  .000039811 -.013624831 -.408979700
       12  0  1  down  2  .007477281  .110622402  .697060541
                   up  2  .007357629  .109601876  .697311686
              2  down  2  .006826308  .104608300  .697551757
                   up  2  .006914456  .105513260  .697619613
           1  1  down  2  .013697651 -.143383301 -.742324952
                   up  2  .013285982 -.141242881 -.742733864
              2  down  2  .009791531 -.121945615 -.737727130
                   up  2  .009578580 -.120637062 -.737139227
           2  1  down  3  .002252014 -.067191109 -.634264348
                   up  3  .002219090 -.066738288 -.633595488
              2  down  3  .001726038 -.059641506 -.621346773
                   up  3  .001673436 -.058821444 -.619693781
           3  1  down  4  .000792527 -.044145061 -.570713840
                   up  4  .000789496 -.044069357 -.570501714
              2  down  4  .000575430 -.038436964 -.553713470
                   up  4  .000565531 -.038151148 -.552743937
           4  1  down  5  .000367844 -.032575026 -.525739355
                   up  5  .000366734 -.032532499 -.525572166
              2  down  5  .000260005 -.028123835 -.507395304
                   up  5  .000256033 -.027942688 -.506559343
           5  1  down  6  .000196232 -.025446618 -.490557513
                   up  6  .000195575 -.025410610 -.490379475
              2  down  6  .000143848 -.022350913 -.474554702
                   up  6  .000142194 -.022244129 -.473950092
           6  1  down  7  .000114582 -.020618543 -.461737489
                   up  7  .000114152 -.020586382 -.461546038
              2  down  7  .000088936 -.018567318 -.449071017
                   up  7  .000088032 -.018489585 -.448556476
           7  1  down  8  .000071708 -.017178994 -.437651069
                   up  8  .000071460 -.017154581 -.437480665
              2  down  8  .000058447 -.015796207 -.427739784
                   up  8  .000057978 -.015744418 -.427347930
           8  1  down  9  .000047243 -.014609674 -.417029162
                   up  9  .000047121 -.014594227 -.416905093
              2  down  9  .000040142 -.013670629 -.409369062
                   up  9  .000039811 -.013624831 -.408979700
 TIME: xmt:      0.020m in,      0.003m added,      0.023m total
 TIME: CONVOPOT:      0.025m in,      0.002m added,      0.027m total

 splitting parameters for structure functions.
        nstgm        gcut nstrm        rcut   lmx          t2         eta
          392   2.9858065   392  31.0150124    10  -0.1000000   0.1878750
                                                   -2.3000000   0.1842542
                                                   -1.5000000   0.1817472
  EIGEN: Allocating arrays for the diagonalization.
  EIGEN: Starting the k-point loop.
 TIME: EIGEN:      0.027m in,     25.145m added,     25.172m total

 Cpulog for EIGEN:
             FC+VI           FC junk              STRC           O+T Int
            12.670            .00467            .54862            .18202
            O+H Mt              Diag               <I>
            10.575            .66826            .13143

      Electron entropy
         T   =  473.680159 K
         S/k =  1.51887982
         N   =  141.999999

 Eigenvalue sum: -188.811242490624
 fermi energy =  8.2050599952516E-01
        D(ef) =  1.5535427099909E+02
 eigenvalues within   71.9999999 mRy of E Fermi ...150943

 TIME: FERMI:     25.172m in,      0.281m added,     25.454m total
 TIME: EIGEN0:      0.027m in,     25.427m added,     25.454m total
 
 
 +---------------------------- BRIANNA --------------------------------+
 
 ***********************************************
      Initialization of the DMFT code
 ***********************************************
 
 Readin: Setting the temperature to   3.000000000000000E-003
 Readin: Info: Since nmats_tail < 1 the dynamical part of the asymptotics can not be calculated.
 Readin: The self-energies should be converged and checked before the Jij calcul
 ation.
 Readin: Skipping the DMFT loop (maxiter = 0, maxsolveriter = 0)
 Readin: Changing mixing%sigdiff_factor to 0d0. The chemical potential will be
         converged before a new self-energy is calculated. To only run the solver once
         per csc-iteration, set sig_acc to a high value.
 
 ***********************************************
     Formated and processed input data
 ***********************************************
 matsubara
   2400   150   150     0                        ! nmats nmats_head nmats_log nmats_tail
 
 energymesh
   1001  -1.00   1.00 0.010                      ! nemesh emin emax eim
 
 inputoutput
   T  F                                          ! readsig csc
 
 convergency
  1.00E-06 1.00E-04   0   0                      ! ndelta sigma_acc maxiter maxsolveriter

 projection
   1                                             ! basis_type

 verbose
 UppASD                                                                                              

 mixing
   3  0.15000  0.00000                           ! mix_method max_slope sigdiff_factor

 cluster                                         ! ID: 0502010100-obs
   4                                             ! ntot [eV] [UJ] [Cf] [irrXX] [Virtual] [IdXX] [Cpa XX]
   5  2  1  1  0                                 ! id
   6  2  1  1  0                                 ! id
   7  2  1  1  0                                 ! id
   8  2  1  1  0                                 ! id


 ***********************************************
      Initialization of cluster 0502010100-obs    
 ***********************************************
 
 ***********************************************
       ID 0502010100-obs     Spherically averaged Coloumb parameters
 ***********************************************

 ***********************************************
       ID 0502010100-obs     Initial local properties
 ***********************************************
 
       ID 0502010100-obs     Local hamiltonian:
 Real part:
  1.02833720638 -0.00436297613 -0.00002033164 -0.00114462059  0.00322221719  0.00000000000  0.00000000000  0.00000000000  0.00000000000  0.00000000000 -0.00355170679 -0.00011203397  0.00283337165 -0.00005041145 -0.00013448976  0.00000000000  0.00000000000  0.00000000000  0.00000000000  0.00000000000  0.00268534621  0.00058294003  0.00039624516 -0.00190695797  0.00338575394  0.00000000000  0.00000000000  0.00000000000  0.00000000000  0.00000000000  0.00092970270  0.01272696941  0.00024516083 -0.00449390587  0.00471482116  0.00000000000  0.00000000000  0.00000000000  0.00000000000  0.00000000000
 -0.00436297613  1.03431028920 -0.00068582378 -0.00002394459  0.00114462135  0.00000000000  0.00000000000  0.00000000000  0.00000000000  0.00000000000 -0.00026817828 -0.01001982787  0.00002987737 -0.00932258236  0.00029399218  0.00000000000  0.00000000000  0.00000000000  0.00000000000  0.00000000000 -0.00058294060  0.00137186517 -0.00001325259 -0.00092211427 -0.00190695256  0.00000000000  0.00000000000  0.00000000000  0.00000000000  0.00000000000  0.01270973184 -0.00529957528 -0.00527092767  0.00000188375  0.00377188315  0.00000000000  0.00000000000  0.00000000000  0.00000000000  0.00000000000
 -0.00002033164 -0.00068582378  1.05421351822  0.00068582574 -0.00002033238  0.00000000000  0.00000000000  0.00000000000  0.00000000000  0.00000000000  0.00005958634 -0.00011287965  0.01135108437  0.00011287452  0.00005959693  0.00000000000  0.00000000000  0.00000000000  0.00000000000  0.00000000000  0.00039624536  0.00001325297  0.00313236020 -0.00001325684  0.00039624495  0.00000000000  0.00000000000  0.00000000000  0.00000000000  0.00000000000 -0.00022941033 -0.00548148613 -0.01591259974  0.00548148461 -0.00022940657  0.00000000000  0.00000000000  0.00000000000  0.00000000000  0.00000000000
 -0.00114462059 -0.00002394459  0.00068582574  1.03431028968  0.00436297784  0.00000000000  0.00000000000  0.00000000000  0.00000000000  0.00000000000 -0.00029399243 -0.00932258051 -0.00002987738 -0.01001983144  0.00026817751  0.00000000000  0.00000000000  0.00000000000  0.00000000000  0.00000000000  0.00190695757 -0.00092211393  0.00001325721  0.00137186502  0.00058294542  0.00000000000  0.00000000000  0.00000000000  0.00000000000  0.00000000000 -0.00377187443  0.00000188319  0.00527092408 -0.00529956901 -0.01270972455  0.00000000000  0.00000000000  0.00000000000  0.00000000000  0.00000000000
  0.00322221719  0.00114462135 -0.00002033238  0.00436297784  1.02833720614  0.00000000000  0.00000000000  0.00000000000  0.00000000000  0.00000000000 -0.00013449451  0.00005040779  0.00283337847  0.00011203038 -0.00355169249  0.00000000000  0.00000000000  0.00000000000  0.00000000000  0.00000000000  0.00338575353  0.00190695216  0.00039624514 -0.00058294599  0.00268534604  0.00000000000  0.00000000000  0.00000000000  0.00000000000  0.00000000000  0.00471482115  0.00449390104  0.00024515707 -0.01272697726  0.00092970116  0.00000000000  0.00000000000  0.00000000000  0.00000000000  0.00000000000
  0.00000000000  0.00000000000  0.00000000000  0.00000000000  0.00000000000  0.87783109320 -0.00200596349 -0.00001612974  0.00034223202 -0.00108568925  0.00000000000  0.00000000000  0.00000000000  0.00000000000  0.00000000000 -0.00326228112 -0.00012875274  0.00232510532 -0.00007842086 -0.00022735400  0.00000000000  0.00000000000  0.00000000000  0.00000000000  0.00000000000  0.00254143525  0.00070024484  0.00050421123 -0.00161634800  0.00305689970  0.00000000000  0.00000000000  0.00000000000  0.00000000000  0.00000000000  0.00054674139  0.01104041646  0.00032873581 -0.00397889780  0.00412463869
  0.00000000000  0.00000000000  0.00000000000  0.00000000000  0.00000000000 -0.00200596349  0.88011224904 -0.00163577318 -0.00001888241 -0.00034223138  0.00000000000  0.00000000000  0.00000000000  0.00000000000  0.00000000000 -0.00029783366 -0.00898636981  0.00000826756 -0.00819593410  0.00020414502  0.00000000000  0.00000000000  0.00000000000  0.00000000000  0.00000000000 -0.00070024527  0.00128556943 -0.00029520921 -0.00078481907 -0.00161634265  0.00000000000  0.00000000000  0.00000000000  0.00000000000  0.00000000000  0.01102204795 -0.00470956674 -0.00462880812  0.00000131572  0.00325659652
  0.00000000000  0.00000000000  0.00000000000  0.00000000000  0.00000000000 -0.00001612974 -0.00163577318  0.89613539920  0.00163577522 -0.00001613070  0.00000000000  0.00000000000  0.00000000000  0.00000000000  0.00000000000  0.00015239512 -0.00008101513  0.01021451366  0.00008101042  0.00015240497  0.00000000000  0.00000000000  0.00000000000  0.00000000000  0.00000000000  0.00050421138  0.00029520951  0.00289249659 -0.00029521326  0.00050421089  0.00000000000  0.00000000000  0.00000000000  0.00000000000  0.00000000000 -0.00031716729 -0.00492134594 -0.01467260585  0.00492134463 -0.00031716350
  0.00000000000  0.00000000000  0.00000000000  0.00000000000  0.00000000000  0.00034223202 -0.00001888241  0.00163577522  0.88011224944  0.00200596514  0.00000000000  0.00000000000  0.00000000000  0.00000000000  0.00000000000 -0.00020414499 -0.00819593233 -0.00000826691 -0.00898637310  0.00029783296  0.00000000000  0.00000000000  0.00000000000  0.00000000000  0.00000000000  0.00161634766 -0.00078481886  0.00029521356  0.00128556943  0.00070025003  0.00000000000  0.00000000000  0.00000000000  0.00000000000  0.00000000000 -0.00325658866  0.00000131519  0.00462880477 -0.00470956126 -0.01102204141
  0.00000000000  0.00000000000  0.00000000000  0.00000000000  0.00000000000 -0.00108568925 -0.00034223138 -0.00001613070  0.00200596514  0.87783109299  0.00000000000  0.00000000000  0.00000000000  0.00000000000  0.00000000000 -0.00022735841  0.00007841753  0.00232511157  0.00012874941 -0.00326226792  0.00000000000  0.00000000000  0.00000000000  0.00000000000  0.00000000000  0.00305689933  0.00161634231  0.00050421104 -0.00070025046  0.00254143519  0.00000000000  0.00000000000  0.00000000000  0.00000000000  0.00000000000  0.00412463869  0.00397889329  0.00032873202 -0.01104042372  0.00054674011
 -0.00355170679 -0.00026817828  0.00005958634 -0.00029399243 -0.00013449451  0.00000000000  0.00000000000  0.00000000000  0.00000000000  0.00000000000  1.02833720500 -0.00436297624 -0.00002033204 -0.00114462125  0.00322221722  0.00000000000  0.00000000000  0.00000000000  0.00000000000  0.00000000000  0.00092970193 -0.01270972767 -0.00022941095  0.00377188118  0.00471482043  0.00000000000  0.00000000000  0.00000000000  0.00000000000  0.00000000000 -0.00198176912  0.00068271659 -0.00807413938 -0.00282148275  0.00022644950  0.00000000000  0.00000000000  0.00000000000  0.00000000000  0.00000000000
 -0.00011203397 -0.01001982787 -0.00011287965 -0.00932258051  0.00005040779  0.00000000000  0.00000000000  0.00000000000  0.00000000000  0.00000000000 -0.00436297624  1.03431029084 -0.00068582420 -0.00002394461  0.00114462070  0.00000000000  0.00000000000  0.00000000000  0.00000000000  0.00000000000 -0.01272697220 -0.00529957215  0.00548149009  0.00000188645 -0.00449390665  0.00000000000  0.00000000000  0.00000000000  0.00000000000  0.00000000000 -0.00068271792 -0.00030425568  0.00062964073  0.00541802554 -0.00282149064  0.00000000000  0.00000000000  0.00000000000  0.00000000000  0.00000000000
  0.00283337165  0.00002987737  0.01135108437 -0.00002987738  0.00283337847  0.00000000000  0.00000000000  0.00000000000  0.00000000000  0.00000000000 -0.00002033204 -0.00068582420  1.05421351828  0.00068582531 -0.00002033201  0.00000000000  0.00000000000  0.00000000000  0.00000000000  0.00000000000  0.00024516210  0.00527092312 -0.01591259975 -0.00527092863  0.00024515580  0.00000000000  0.00000000000  0.00000000000  0.00000000000  0.00000000000 -0.00807414095 -0.00062963912 -0.00735713747  0.00062964240 -0.00807414265  0.00000000000  0.00000000000  0.00000000000  0.00000000000  0.00000000000
 -0.00005041145 -0.00932258236  0.00011287452 -0.01001983144  0.00011203038  0.00000000000  0.00000000000  0.00000000000  0.00000000000  0.00000000000 -0.00114462125 -0.00002394461  0.00068582531  1.03431028814  0.00436297773  0.00000000000  0.00000000000  0.00000000000  0.00000000000  0.00000000000  0.00449390025  0.00000188048 -0.00548148064 -0.00529957215  0.01272697447  0.00000000000  0.00000000000  0.00000000000  0.00000000000  0.00000000000  0.00282148124  0.00541802894 -0.00062964080 -0.00030425289  0.00068270950  0.00000000000  0.00000000000  0.00000000000  0.00000000000  0.00000000000
 -0.00013448976  0.00029399218  0.00005959693  0.00026817751 -0.00355169249  0.00000000000  0.00000000000  0.00000000000  0.00000000000  0.00000000000  0.00322221722  0.00114462070 -0.00002033201  0.00436297773  1.02833720764  0.00000000000  0.00000000000  0.00000000000  0.00000000000  0.00000000000  0.00471482188 -0.00377187640 -0.00022940594  0.01270972873  0.00092970193  0.00000000000  0.00000000000  0.00000000000  0.00000000000  0.00000000000  0.00022645047  0.00282148913 -0.00807414423 -0.00068271083 -0.00198176772  0.00000000000  0.00000000000  0.00000000000  0.00000000000  0.00000000000
  0.00000000000  0.00000000000  0.00000000000  0.00000000000  0.00000000000 -0.00326228112 -0.00029783366  0.00015239512 -0.00020414499 -0.00022735841  0.00000000000  0.00000000000  0.00000000000  0.00000000000  0.00000000000  0.87783109209 -0.00200596374 -0.00001613025  0.00034223143 -0.00108568922  0.00000000000  0.00000000000  0.00000000000  0.00000000000  0.00000000000  0.00054674075 -0.01102204415 -0.00031716804  0.00325659486  0.00412463790  0.00000000000  0.00000000000  0.00000000000  0.00000000000  0.00000000000 -0.00190189316  0.00059918637 -0.00714195178 -0.00223489505  0.00014529281
  0.00000000000  0.00000000000  0.00000000000  0.00000000000  0.00000000000 -0.00012875274 -0.00898636981 -0.00008101513 -0.00819593233  0.00007841753  0.00000000000  0.00000000000  0.00000000000  0.00000000000  0.00000000000 -0.00200596374  0.88011225034 -0.00163577369 -0.00001888240 -0.00034223196  0.00000000000  0.00000000000  0.00000000000  0.00000000000  0.00000000000 -0.01104041932 -0.00470956401  0.00492134963  0.00000131825 -0.00397889854  0.00000000000  0.00000000000  0.00000000000  0.00000000000  0.00000000000 -0.00059918751 -0.00040062268  0.00037163742  0.00474547008 -0.00223490264
  0.00000000000  0.00000000000  0.00000000000  0.00000000000  0.00000000000  0.00232510532  0.00000826756  0.01021451366 -0.00000826691  0.00232511157  0.00000000000  0.00000000000  0.00000000000  0.00000000000  0.00000000000 -0.00001613025 -0.00163577369  0.89613539924  0.00163577470 -0.00001613023  0.00000000000  0.00000000000  0.00000000000  0.00000000000  0.00000000000  0.00032873695  0.00462880396 -0.01467260586 -0.00462880892  0.00032873088  0.00000000000  0.00000000000  0.00000000000  0.00000000000  0.00000000000 -0.00714195338 -0.00037163605 -0.00671279804  0.00037163918 -0.00714195471
  0.00000000000  0.00000000000  0.00000000000  0.00000000000  0.00000000000 -0.00007842086 -0.00819593410  0.00008101042 -0.00898637310  0.00012874941  0.00000000000  0.00000000000  0.00000000000  0.00000000000  0.00000000000  0.00034223143 -0.00001888240  0.00163577470  0.88011224821  0.00200596489  0.00000000000  0.00000000000  0.00000000000  0.00000000000  0.00000000000  0.00397889255  0.00000131266 -0.00492134093 -0.00470956400  0.01104042087  0.00000000000  0.00000000000  0.00000000000  0.00000000000  0.00000000000  0.00223489383  0.00474547314 -0.00037163782 -0.00040062003  0.00059917968
  0.00000000000  0.00000000000  0.00000000000  0.00000000000  0.00000000000 -0.00022735400  0.00020414502  0.00015240497  0.00029783296 -0.00326226792  0.00000000000  0.00000000000  0.00000000000  0.00000000000  0.00000000000 -0.00108568922 -0.00034223196 -0.00001613023  0.00200596489  0.87783109419  0.00000000000  0.00000000000  0.00000000000  0.00000000000  0.00000000000  0.00412463949 -0.00325659032 -0.00031716274  0.01102204520  0.00054674075  0.00000000000  0.00000000000  0.00000000000  0.00000000000  0.00000000000  0.00014529384  0.00223490141 -0.00714195631 -0.00059918081 -0.00190189178
  0.00268534621 -0.00058294060  0.00039624536  0.00190695757  0.00338575353  0.00000000000  0.00000000000  0.00000000000  0.00000000000  0.00000000000  0.00092970193 -0.01272697220  0.00024516210  0.00449390025  0.00471482188  0.00000000000  0.00000000000  0.00000000000  0.00000000000  0.00000000000  1.02833720776  0.00436297656 -0.00002033200  0.00114462041  0.00322221720  0.00000000000  0.00000000000  0.00000000000  0.00000000000  0.00000000000 -0.00355170387  0.00011203334  0.00283337087  0.00005041135 -0.00013449441  0.00000000000  0.00000000000  0.00000000000  0.00000000000  0.00000000000
  0.00058294003  0.00137186517  0.00001325297 -0.00092211393  0.00190695216  0.00000000000  0.00000000000  0.00000000000  0.00000000000  0.00000000000 -0.01270972767 -0.00529957215  0.00527092312  0.00000188048 -0.00377187640  0.00000000000  0.00000000000  0.00000000000  0.00000000000  0.00000000000  0.00436297656  1.03431028761  0.00068582382 -0.00002394460 -0.00114462156  0.00000000000  0.00000000000  0.00000000000  0.00000000000  0.00000000000  0.00026817793 -0.01001982850 -0.00002987760 -0.00932258062 -0.00029399072  0.00000000000  0.00000000000  0.00000000000  0.00000000000  0.00000000000
  0.00039624516 -0.00001325259  0.00313236020  0.00001325721  0.00039624514  0.00000000000  0.00000000000  0.00000000000  0.00000000000  0.00000000000 -0.00022941095  0.00548149009 -0.01591259975 -0.00548148064 -0.00022940594  0.00000000000  0.00000000000  0.00000000000  0.00000000000  0.00000000000 -0.00002033200  0.00068582382  1.05421351823 -0.00068582571 -0.00002033203  0.00000000000  0.00000000000  0.00000000000  0.00000000000  0.00000000000  0.00005958915  0.00011287916  0.01135108437 -0.00011287501  0.00005959411  0.00000000000  0.00000000000  0.00000000000  0.00000000000  0.00000000000
 -0.00190695797 -0.00092211427 -0.00001325684  0.00137186502 -0.00058294599  0.00000000000  0.00000000000  0.00000000000  0.00000000000  0.00000000000  0.00377188118  0.00000188645 -0.00527092863 -0.00529957215  0.01270972873  0.00000000000  0.00000000000  0.00000000000  0.00000000000  0.00000000000  0.00114462041 -0.00002394460 -0.00068582571  1.03431029130 -0.00436297740  0.00000000000  0.00000000000  0.00000000000  0.00000000000  0.00000000000  0.00029399387 -0.00932258225  0.00002987714 -0.01001983084 -0.00026817786  0.00000000000  0.00000000000  0.00000000000  0.00000000000  0.00000000000
  0.00338575394 -0.00190695256  0.00039624495  0.00058294542  0.00268534604  0.00000000000  0.00000000000  0.00000000000  0.00000000000  0.00000000000  0.00471482043 -0.00449390665  0.00024515580  0.01272697447  0.00092970193  0.00000000000  0.00000000000  0.00000000000  0.00000000000  0.00000000000  0.00322221720 -0.00114462156 -0.00002033203 -0.00436297740  1.02833720474  0.00000000000  0.00000000000  0.00000000000  0.00000000000  0.00000000000 -0.00013448984 -0.00005040790  0.00283337926 -0.00011203102 -0.00355169542  0.00000000000  0.00000000000  0.00000000000  0.00000000000  0.00000000000
  0.00000000000  0.00000000000  0.00000000000  0.00000000000  0.00000000000  0.00254143525 -0.00070024527  0.00050421138  0.00161634766  0.00305689933  0.00000000000  0.00000000000  0.00000000000  0.00000000000  0.00000000000  0.00054674075 -0.01104041932  0.00032873695  0.00397889255  0.00412463949  0.00000000000  0.00000000000  0.00000000000  0.00000000000  0.00000000000  0.87783109434  0.00200596381 -0.00001613021 -0.00034223228 -0.00108568924  0.00000000000  0.00000000000  0.00000000000  0.00000000000  0.00000000000 -0.00326227856  0.00012875224  0.00232510454  0.00007842070 -0.00022735831
  0.00000000000  0.00000000000  0.00000000000  0.00000000000  0.00000000000  0.00070024484  0.00128556943  0.00029520951 -0.00078481886  0.00161634231  0.00000000000  0.00000000000  0.00000000000  0.00000000000  0.00000000000 -0.01102204415 -0.00470956401  0.00462880396  0.00000131266 -0.00325659032  0.00000000000  0.00000000000  0.00000000000  0.00000000000  0.00000000000  0.00200596381  0.88011224778  0.00163577329 -0.00001888240  0.00034223110  0.00000000000  0.00000000000  0.00000000000  0.00000000000  0.00000000000  0.00029783332 -0.00898637040 -0.00000826779 -0.00819593253 -0.00020414369
  0.00000000000  0.00000000000  0.00000000000  0.00000000000  0.00000000000  0.00050421123 -0.00029520921  0.00289249659  0.00029521356  0.00050421104  0.00000000000  0.00000000000  0.00000000000  0.00000000000  0.00000000000 -0.00031716804  0.00492134963 -0.01467260586 -0.00492134093 -0.00031716274  0.00000000000  0.00000000000  0.00000000000  0.00000000000  0.00000000000 -0.00001613021  0.00163577329  0.89613539922 -0.00163577513 -0.00001613024  0.00000000000  0.00000000000  0.00000000000  0.00000000000  0.00000000000  0.00015239771  0.00008101474  0.01021451365 -0.00008101081  0.00015240238
  0.00000000000  0.00000000000  0.00000000000  0.00000000000  0.00000000000 -0.00161634800 -0.00078481907 -0.00029521326  0.00128556943 -0.00070025046  0.00000000000  0.00000000000  0.00000000000  0.00000000000  0.00000000000  0.00325659486  0.00000131825 -0.00462880892 -0.00470956400  0.01102204520  0.00000000000  0.00000000000  0.00000000000  0.00000000000  0.00000000000 -0.00034223228 -0.00001888240 -0.00163577513  0.88011225072 -0.00200596482  0.00000000000  0.00000000000  0.00000000000  0.00000000000  0.00000000000  0.00020414631 -0.00819593391  0.00000826669 -0.00898637253 -0.00029783330
  0.00000000000  0.00000000000  0.00000000000  0.00000000000  0.00000000000  0.00305689970 -0.00161634265  0.00050421089  0.00070025003  0.00254143519  0.00000000000  0.00000000000  0.00000000000  0.00000000000  0.00000000000  0.00412463790 -0.00397889854  0.00032873088  0.01104042087  0.00054674075  0.00000000000  0.00000000000  0.00000000000  0.00000000000  0.00000000000 -0.00108568924  0.00034223110 -0.00001613024 -0.00200596482  0.87783109191  0.00000000000  0.00000000000  0.00000000000  0.00000000000  0.00000000000 -0.00022735409 -0.00007841769  0.00232511235 -0.00012874991 -0.00326227048
  0.00092970270  0.01270973184 -0.00022941033 -0.00377187443  0.00471482115  0.00000000000  0.00000000000  0.00000000000  0.00000000000  0.00000000000 -0.00198176912 -0.00068271792 -0.00807414095  0.00282148124  0.00022645047  0.00000000000  0.00000000000  0.00000000000  0.00000000000  0.00000000000 -0.00355170387  0.00026817793  0.00005958915  0.00029399387 -0.00013448984  0.00000000000  0.00000000000  0.00000000000  0.00000000000  0.00000000000  1.02833720637  0.00436297667 -0.00002033239  0.00114462106  0.00322221721  0.00000000000  0.00000000000  0.00000000000  0.00000000000  0.00000000000
  0.01272696941 -0.00529957528 -0.00548148613  0.00000188319  0.00449390104  0.00000000000  0.00000000000  0.00000000000  0.00000000000  0.00000000000  0.00068271659 -0.00030425568 -0.00062963912  0.00541802894  0.00282148913  0.00000000000  0.00000000000  0.00000000000  0.00000000000  0.00000000000  0.00011203334 -0.01001982850  0.00011287916 -0.00932258225 -0.00005040790  0.00000000000  0.00000000000  0.00000000000  0.00000000000  0.00000000000  0.00436297667  1.03431028923  0.00068582425 -0.00002394460 -0.00114462091  0.00000000000  0.00000000000  0.00000000000  0.00000000000  0.00000000000
  0.00024516083 -0.00527092767 -0.01591259974  0.00527092408  0.00024515707  0.00000000000  0.00000000000  0.00000000000  0.00000000000  0.00000000000 -0.00807413938  0.00062964073 -0.00735713747 -0.00062964080 -0.00807414423  0.00000000000  0.00000000000  0.00000000000  0.00000000000  0.00000000000  0.00283337087 -0.00002987760  0.01135108437  0.00002987714  0.00283337926  0.00000000000  0.00000000000  0.00000000000  0.00000000000  0.00000000000 -0.00002033239  0.00068582425  1.05421351827 -0.00068582528 -0.00002033166  0.00000000000  0.00000000000  0.00000000000  0.00000000000  0.00000000000
 -0.00449390587  0.00000188375  0.00548148461 -0.00529956901 -0.01272697726  0.00000000000  0.00000000000  0.00000000000  0.00000000000  0.00000000000 -0.00282148275  0.00541802554  0.00062964240 -0.00030425289 -0.00068271083  0.00000000000  0.00000000000  0.00000000000  0.00000000000  0.00000000000  0.00005041135 -0.00932258062 -0.00011287501 -0.01001983084 -0.00011203102  0.00000000000  0.00000000000  0.00000000000  0.00000000000  0.00000000000  0.00114462106 -0.00002394460 -0.00068582528  1.03431028974 -0.00436297729  0.00000000000  0.00000000000  0.00000000000  0.00000000000  0.00000000000
  0.00471482116  0.00377188315 -0.00022940657 -0.01270972455  0.00092970116  0.00000000000  0.00000000000  0.00000000000  0.00000000000  0.00000000000  0.00022644950 -0.00282149064 -0.00807414265  0.00068270950 -0.00198176772  0.00000000000  0.00000000000  0.00000000000  0.00000000000  0.00000000000 -0.00013449441 -0.00029399072  0.00005959411 -0.00026817786 -0.00355169542  0.00000000000  0.00000000000  0.00000000000  0.00000000000  0.00000000000  0.00322221721 -0.00114462091 -0.00002033166 -0.00436297729  1.02833720624  0.00000000000  0.00000000000  0.00000000000  0.00000000000  0.00000000000
  0.00000000000  0.00000000000  0.00000000000  0.00000000000  0.00000000000  0.00054674139  0.01102204795 -0.00031716729 -0.00325658866  0.00412463869  0.00000000000  0.00000000000  0.00000000000  0.00000000000  0.00000000000 -0.00190189316 -0.00059918751 -0.00714195338  0.00223489383  0.00014529384  0.00000000000  0.00000000000  0.00000000000  0.00000000000  0.00000000000 -0.00326227856  0.00029783332  0.00015239771  0.00020414631 -0.00022735409  0.00000000000  0.00000000000  0.00000000000  0.00000000000  0.00000000000  0.87783109323  0.00200596406 -0.00001613072 -0.00034223170 -0.00108568923
  0.00000000000  0.00000000000  0.00000000000  0.00000000000  0.00000000000  0.01104041646 -0.00470956674 -0.00492134594  0.00000131519  0.00397889329  0.00000000000  0.00000000000  0.00000000000  0.00000000000  0.00000000000  0.00059918637 -0.00040062268 -0.00037163605  0.00474547314  0.00223490141  0.00000000000  0.00000000000  0.00000000000  0.00000000000  0.00000000000  0.00012875224 -0.00898637040  0.00008101474 -0.00819593391 -0.00007841769  0.00000000000  0.00000000000  0.00000000000  0.00000000000  0.00000000000  0.00200596406  0.88011224907  0.00163577380 -0.00001888240  0.00034223168
  0.00000000000  0.00000000000  0.00000000000  0.00000000000  0.00000000000  0.00032873581 -0.00462880812 -0.01467260585  0.00462880477  0.00032873202  0.00000000000  0.00000000000  0.00000000000  0.00000000000  0.00000000000 -0.00714195178  0.00037163742 -0.00671279804 -0.00037163782 -0.00714195631  0.00000000000  0.00000000000  0.00000000000  0.00000000000  0.00000000000  0.00232510454 -0.00000826779  0.01021451365  0.00000826669  0.00232511235  0.00000000000  0.00000000000  0.00000000000  0.00000000000  0.00000000000 -0.00001613072  0.00163577380  0.89613539926 -0.00163577461 -0.00001612976
  0.00000000000  0.00000000000  0.00000000000  0.00000000000  0.00000000000 -0.00397889780  0.00000131572  0.00492134463 -0.00470956126 -0.01104042372  0.00000000000  0.00000000000  0.00000000000  0.00000000000  0.00000000000 -0.00223489505  0.00474547008  0.00037163918 -0.00040062003 -0.00059918081  0.00000000000  0.00000000000  0.00000000000  0.00000000000  0.00000000000  0.00007842070 -0.00819593253 -0.00008101081 -0.00898637253 -0.00012874991  0.00000000000  0.00000000000  0.00000000000  0.00000000000  0.00000000000 -0.00034223170 -0.00001888240 -0.00163577461  0.88011224949 -0.00200596457
  0.00000000000  0.00000000000  0.00000000000  0.00000000000  0.00000000000  0.00412463869  0.00325659652 -0.00031716350 -0.01102204141  0.00054674011  0.00000000000  0.00000000000  0.00000000000  0.00000000000  0.00000000000  0.00014529281 -0.00223490264 -0.00714195471  0.00059917968 -0.00190189178  0.00000000000  0.00000000000  0.00000000000  0.00000000000  0.00000000000 -0.00022735831 -0.00020414369  0.00015240238 -0.00029783330 -0.00326227048  0.00000000000  0.00000000000  0.00000000000  0.00000000000  0.00000000000 -0.00108568923  0.00034223168 -0.00001612976 -0.00200596457  0.87783109311
 Imag part:
  0.00000000000  0.00436190184 -0.00115148296 -0.00114516242 -0.00000667580  0.00000000000  0.00000000000  0.00000000000  0.00000000000  0.00000000000  0.00474018246 -0.00016947282 -0.00137909341 -0.00015308708 -0.01576293650  0.00000000000  0.00000000000  0.00000000000  0.00000000000  0.00000000000 -0.00304717791 -0.00306436920 -0.00116746178  0.00138152734  0.00000000090  0.00000000000  0.00000000000  0.00000000000  0.00000000000  0.00000000000 -0.00015049415  0.01271598443  0.00771088142  0.00376944479 -0.00001254780  0.00000000000  0.00000000000  0.00000000000  0.00000000000  0.00000000000
 -0.00436190184  0.00000000000  0.00068722035 -0.01832936583  0.00114516227  0.00000000000  0.00000000000  0.00000000000  0.00000000000  0.00000000000 -0.00011472044  0.00487512619 -0.00008086001  0.00945219334 -0.00005343312  0.00000000000  0.00000000000  0.00000000000  0.00000000000  0.00000000000  0.00306436981  0.00140464103  0.00104494327 -0.00000000037 -0.00138153018  0.00000000000  0.00000000000  0.00000000000  0.00000000000  0.00000000000 -0.01273190790  0.00095029275 -0.00548549262 -0.00689740520 -0.00449017770  0.00000000000  0.00000000000  0.00000000000  0.00000000000  0.00000000000
  0.00115148296 -0.00068722035  0.00000000000 -0.00068722138 -0.00115148173  0.00000000000  0.00000000000  0.00000000000  0.00000000000  0.00000000000  0.00054391224  0.00010247307  0.00000001331  0.00010247888 -0.00054389723  0.00000000000  0.00000000000  0.00000000000  0.00000000000  0.00000000000 -0.00116746217 -0.00104494341  0.00000000098 -0.00104494343  0.00116746025  0.00000000000  0.00000000000  0.00000000000  0.00000000000  0.00000000000 -0.00770953179  0.00527616626 -0.00000002135  0.00527616267  0.00770953274  0.00000000000  0.00000000000  0.00000000000  0.00000000000  0.00000000000
  0.00114516242  0.01832936583  0.00068722138  0.00000000000 -0.00436190247  0.00000000000  0.00000000000  0.00000000000  0.00000000000  0.00000000000 -0.00005343199 -0.00945219278 -0.00008086132 -0.00487512710 -0.00011471945  0.00000000000  0.00000000000  0.00000000000  0.00000000000  0.00000000000 -0.00138152742 -0.00000000037  0.00104494357 -0.00140464289  0.00306436670  0.00000000000  0.00000000000  0.00000000000  0.00000000000  0.00000000000 -0.00449018251  0.00689740521 -0.00548549111 -0.00095028781 -0.01273191574  0.00000000000  0.00000000000  0.00000000000  0.00000000000  0.00000000000
  0.00000667580 -0.00114516227  0.00115148173  0.00436190247  0.00000000000  0.00000000000  0.00000000000  0.00000000000  0.00000000000  0.00000000000  0.01576294598 -0.00015309065  0.00137911276 -0.00016947079 -0.00474016852  0.00000000000  0.00000000000  0.00000000000  0.00000000000  0.00000000000  0.00000000091  0.00138153026  0.00116746064 -0.00306436731  0.00304718020  0.00000000000  0.00000000000  0.00000000000  0.00000000000  0.00000000000  0.00001254588  0.00376945348 -0.00771088232  0.01271597716  0.00015049492  0.00000000000  0.00000000000  0.00000000000  0.00000000000  0.00000000000
  0.00000000000  0.00000000000  0.00000000000  0.00000000000  0.00000000000  0.00000000000  0.00200477990  0.00061115151  0.00034157685 -0.00000440290  0.00000000000  0.00000000000  0.00000000000  0.00000000000  0.00000000000  0.00405790146 -0.00011541297 -0.00113344245 -0.00021652206 -0.01377029954  0.00000000000  0.00000000000  0.00000000000  0.00000000000  0.00000000000 -0.00268870202 -0.00264823197 -0.00102569539  0.00124795643  0.00000000097  0.00000000000  0.00000000000  0.00000000000  0.00000000000  0.00000000000 -0.00010507649  0.01102650893  0.00692798265  0.00325509272 -0.00000995722
  0.00000000000  0.00000000000  0.00000000000  0.00000000000  0.00000000000 -0.00200477990  0.00000000000  0.00163729438 -0.01384740859 -0.00034157683  0.00000000000  0.00000000000  0.00000000000  0.00000000000  0.00000000000 -0.00012578822  0.00411171410 -0.00008492982  0.00835464969 -0.00002523616  0.00000000000  0.00000000000  0.00000000000  0.00000000000  0.00000000000  0.00264823244  0.00110550074  0.00076105525 -0.00000000014 -0.00124795896  0.00000000000  0.00000000000  0.00000000000  0.00000000000  0.00000000000 -0.01104342696  0.00103552131 -0.00492408585 -0.00584557289 -0.00397589832
  0.00000000000  0.00000000000  0.00000000000  0.00000000000  0.00000000000 -0.00061115151 -0.00163729438  0.00000000000 -0.00163729519  0.00061115272  0.00000000000  0.00000000000  0.00000000000  0.00000000000  0.00000000000  0.00070008558  0.00015905731  0.00000001263  0.00015906248 -0.00070007112  0.00000000000  0.00000000000  0.00000000000  0.00000000000  0.00000000000 -0.00102569575 -0.00076105541  0.00000000046 -0.00076105539  0.00102569373  0.00000000000  0.00000000000  0.00000000000  0.00000000000  0.00000000000 -0.00692670628  0.00463244439 -0.00000002148  0.00463244104  0.00692670685
  0.00000000000  0.00000000000  0.00000000000  0.00000000000  0.00000000000 -0.00034157685  0.01384740859  0.00163729519  0.00000000000 -0.00200478041  0.00000000000  0.00000000000  0.00000000000  0.00000000000  0.00000000000 -0.00002523501 -0.00835464936 -0.00008493104 -0.00411171514 -0.00012578741  0.00000000000  0.00000000000  0.00000000000  0.00000000000  0.00000000000 -0.00124795647 -0.00000000014  0.00076105556 -0.00110550204  0.00264822962  0.00000000000  0.00000000000  0.00000000000  0.00000000000  0.00000000000 -0.00397590281  0.00584557289 -0.00492408454 -0.00103551643 -0.01104343421
  0.00000000000  0.00000000000  0.00000000000  0.00000000000  0.00000000000  0.00000440290  0.00034157683 -0.00061115272  0.00200478041  0.00000000000  0.00000000000  0.00000000000  0.00000000000  0.00000000000  0.00000000000  0.01377030884 -0.00021652519  0.00113346071 -0.00011541145 -0.00405788817  0.00000000000  0.00000000000  0.00000000000  0.00000000000  0.00000000000  0.00000000097  0.00124795900  0.00102569409 -0.00264823010  0.00268870429  0.00000000000  0.00000000000  0.00000000000  0.00000000000  0.00000000000  0.00000995476  0.00325510056 -0.00692798318  0.01102650240  0.00010507655
 -0.00474018246  0.00011472044 -0.00054391224  0.00005343199 -0.01576294598  0.00000000000  0.00000000000  0.00000000000  0.00000000000  0.00000000000  0.00000000000 -0.00436190141  0.00115148215  0.00114516262  0.00000667584  0.00000000000  0.00000000000  0.00000000000  0.00000000000  0.00000000000 -0.00015049431  0.01273191216 -0.00770953420  0.00449018280  0.00001254666  0.00000000000  0.00000000000  0.00000000000  0.00000000000  0.00000000000 -0.00075638907 -0.01135476688  0.00248310035  0.00521026564 -0.00000000184  0.00000000000  0.00000000000  0.00000000000  0.00000000000  0.00000000000
  0.00016947282 -0.00487512619 -0.00010247307  0.00945219278  0.00015309065  0.00000000000  0.00000000000  0.00000000000  0.00000000000  0.00000000000  0.00436190141  0.00000000000 -0.00068722031  0.01832936584 -0.00114516209  0.00000000000  0.00000000000  0.00000000000  0.00000000000  0.00000000000 -0.01271598054  0.00095029064 -0.00527616971  0.00689740822 -0.00376945203  0.00000000000  0.00000000000  0.00000000000  0.00000000000  0.00000000000  0.01135476648  0.00121847621  0.00646574447 -0.00000000506 -0.00521026788  0.00000000000  0.00000000000  0.00000000000  0.00000000000  0.00000000000
  0.00137909341  0.00008086001 -0.00000001331  0.00008086132 -0.00137911276  0.00000000000  0.00000000000  0.00000000000  0.00000000000  0.00000000000 -0.00115148215  0.00068722031  0.00000000000  0.00068722142  0.00115148257  0.00000000000  0.00000000000  0.00000000000  0.00000000000  0.00000000000  0.00771087993  0.00548548963 -0.00000001874  0.00548549408 -0.00771088380  0.00000000000  0.00000000000  0.00000000000  0.00000000000  0.00000000000  0.00248310132 -0.00646574671 -0.00000000714 -0.00646574629 -0.00248309397  0.00000000000  0.00000000000  0.00000000000  0.00000000000  0.00000000000
  0.00015308708 -0.00945219334 -0.00010247888  0.00487512710  0.00016947079  0.00000000000  0.00000000000  0.00000000000  0.00000000000  0.00000000000 -0.00114516262 -0.01832936584 -0.00068722142  0.00000000000  0.00436190290  0.00000000000  0.00000000000  0.00000000000  0.00000000000  0.00000000000 -0.00376944624 -0.00689740218 -0.00527615921 -0.00095028992 -0.01271598105  0.00000000000  0.00000000000  0.00000000000  0.00000000000  0.00000000000 -0.00521026830 -0.00000000506  0.00646574855 -0.00121848506  0.01135476379  0.00000000000  0.00000000000  0.00000000000  0.00000000000  0.00000000000
  0.01576293650  0.00005343312  0.00054389723  0.00011471945  0.00474016852  0.00000000000  0.00000000000  0.00000000000  0.00000000000  0.00000000000 -0.00000667584  0.00114516209 -0.00115148257 -0.00436190290  0.00000000000  0.00000000000  0.00000000000  0.00000000000  0.00000000000  0.00000000000 -0.00001254701  0.00449017741  0.00770953032  0.01273191149  0.00015049476  0.00000000000  0.00000000000  0.00000000000  0.00000000000  0.00000000000 -0.00000000184  0.00521027053 -0.00248309493 -0.01135476339  0.00075638620  0.00000000000  0.00000000000  0.00000000000  0.00000000000  0.00000000000
  0.00000000000  0.00000000000  0.00000000000  0.00000000000  0.00000000000 -0.00405790146  0.00012578822 -0.00070008558  0.00002523501 -0.01377030884  0.00000000000  0.00000000000  0.00000000000  0.00000000000  0.00000000000  0.00000000000 -0.00200477959 -0.00061115212 -0.00034157657  0.00000440291  0.00000000000  0.00000000000  0.00000000000  0.00000000000  0.00000000000 -0.00010507633  0.01104343064 -0.00692670878  0.00397590311  0.00000995580  0.00000000000  0.00000000000  0.00000000000  0.00000000000  0.00000000000 -0.00065830740 -0.00994623208  0.00205740084  0.00453690737 -0.00000000183
  0.00000000000  0.00000000000  0.00000000000  0.00000000000  0.00000000000  0.00011541297 -0.00411171410 -0.00015905731  0.00835464936  0.00021652519  0.00000000000  0.00000000000  0.00000000000  0.00000000000  0.00000000000  0.00200477959  0.00000000000 -0.00163729428  0.01384740859  0.00034157710  0.00000000000  0.00000000000  0.00000000000  0.00000000000  0.00000000000 -0.01102650547  0.00103551928 -0.00463244747  0.00584557579 -0.00325509936  0.00000000000  0.00000000000  0.00000000000  0.00000000000  0.00000000000  0.00994623178  0.00127737529  0.00587687916 -0.00000000496 -0.00453690925
  0.00000000000  0.00000000000  0.00000000000  0.00000000000  0.00000000000  0.00113344245  0.00008492982 -0.00000001263  0.00008493104 -0.00113346071  0.00000000000  0.00000000000  0.00000000000  0.00000000000  0.00000000000  0.00061115212  0.00163729428  0.00000000000  0.00163729529 -0.00061115211  0.00000000000  0.00000000000  0.00000000000  0.00000000000  0.00000000000  0.00692798070  0.00492408313 -0.00000001857  0.00492408725 -0.00692798513  0.00000000000  0.00000000000  0.00000000000  0.00000000000  0.00000000000  0.00205740183 -0.00587688127 -0.00000000747 -0.00587688082 -0.00205739457
  0.00000000000  0.00000000000  0.00000000000  0.00000000000  0.00000000000  0.00021652206 -0.00835464969 -0.00015906248  0.00411171514  0.00011541145  0.00000000000  0.00000000000  0.00000000000  0.00000000000  0.00000000000  0.00034157657 -0.01384740859 -0.00163729529  0.00000000000  0.00200478073  0.00000000000  0.00000000000  0.00000000000  0.00000000000  0.00000000000 -0.00325509392 -0.00584556998 -0.00463243795 -0.00103551847 -0.01102650586  0.00000000000  0.00000000000  0.00000000000  0.00000000000  0.00000000000 -0.00453690977 -0.00000000496  0.00587688294 -0.00127738372  0.00994622912
  0.00000000000  0.00000000000  0.00000000000  0.00000000000  0.00000000000  0.01377029954  0.00002523616  0.00070007112  0.00012578741  0.00405788817  0.00000000000  0.00000000000  0.00000000000  0.00000000000  0.00000000000 -0.00000440291 -0.00034157710  0.00061115211 -0.00200478073  0.00000000000  0.00000000000  0.00000000000  0.00000000000  0.00000000000  0.00000000000 -0.00000995619  0.00397589802  0.00692670435  0.01104343053  0.00010507671  0.00000000000  0.00000000000  0.00000000000  0.00000000000  0.00000000000 -0.00000000183  0.00453691165 -0.00205739556 -0.00994622883  0.00065830473
  0.00304717791 -0.00306436981  0.00116746217  0.00138152742 -0.00000000091  0.00000000000  0.00000000000  0.00000000000  0.00000000000  0.00000000000  0.00015049431  0.01271598054 -0.00771087993  0.00376944624  0.00001254701  0.00000000000  0.00000000000  0.00000000000  0.00000000000  0.00000000000  0.00000000000  0.00436190173  0.00115148380 -0.00114516176  0.00000667581  0.00000000000  0.00000000000  0.00000000000  0.00000000000  0.00000000000 -0.00474018471 -0.00016947157  0.00137909481 -0.00015308888  0.01576292906  0.00000000000  0.00000000000  0.00000000000  0.00000000000  0.00000000000
  0.00306436920 -0.00140464103  0.00104494341  0.00000000037 -0.00138153026  0.00000000000  0.00000000000  0.00000000000  0.00000000000  0.00000000000 -0.01273191216 -0.00095029064 -0.00548548963  0.00689740218 -0.00449017741  0.00000000000  0.00000000000  0.00000000000  0.00000000000  0.00000000000 -0.00436190173  0.00000000000  0.00068721992  0.01832936584  0.00114516291  0.00000000000  0.00000000000  0.00000000000  0.00000000000  0.00000000000 -0.00011472017 -0.00487512628 -0.00008085969 -0.00945219294 -0.00005343328  0.00000000000  0.00000000000  0.00000000000  0.00000000000  0.00000000000
  0.00116746178 -0.00104494327 -0.00000000098 -0.00104494357 -0.00116746064  0.00000000000  0.00000000000  0.00000000000  0.00000000000  0.00000000000  0.00770953420  0.00527616971  0.00000001874  0.00527615921 -0.00770953032  0.00000000000  0.00000000000  0.00000000000  0.00000000000  0.00000000000 -0.00115148380 -0.00068721992  0.00000000000 -0.00068722179  0.00115148091  0.00000000000  0.00000000000  0.00000000000  0.00000000000  0.00000000000 -0.00054391597  0.00010247496 -0.00000000739  0.00010247698  0.00054389350  0.00000000000  0.00000000000  0.00000000000  0.00000000000  0.00000000000
 -0.00138152734  0.00000000037  0.00104494343  0.00140464289  0.00306436731  0.00000000000  0.00000000000  0.00000000000  0.00000000000  0.00000000000 -0.00449018280 -0.00689740822 -0.00548549408  0.00095028992 -0.01273191149  0.00000000000  0.00000000000  0.00000000000  0.00000000000  0.00000000000  0.00114516176 -0.01832936584  0.00068722179  0.00000000000 -0.00436190257  0.00000000000  0.00000000000  0.00000000000  0.00000000000  0.00000000000 -0.00005343182  0.00945219319 -0.00008086165  0.00487512702 -0.00011471974  0.00000000000  0.00000000000  0.00000000000  0.00000000000  0.00000000000
 -0.00000000090  0.00138153018 -0.00116746025 -0.00306436670 -0.00304718020  0.00000000000  0.00000000000  0.00000000000  0.00000000000  0.00000000000 -0.00001254666  0.00376945203  0.00771088380  0.01271598105 -0.00015049476  0.00000000000  0.00000000000  0.00000000000  0.00000000000  0.00000000000 -0.00000667581 -0.00114516291 -0.00115148091  0.00436190257  0.00000000000  0.00000000000  0.00000000000  0.00000000000  0.00000000000  0.00000000000 -0.01576295343 -0.00015308885 -0.00137911136 -0.00016947205  0.00474016626  0.00000000000  0.00000000000  0.00000000000  0.00000000000  0.00000000000
  0.00000000000  0.00000000000  0.00000000000  0.00000000000  0.00000000000  0.00268870202 -0.00264823244  0.00102569575  0.00124795647 -0.00000000097  0.00000000000  0.00000000000  0.00000000000  0.00000000000  0.00000000000  0.00010507633  0.01102650547 -0.00692798070  0.00325509392  0.00000995619  0.00000000000  0.00000000000  0.00000000000  0.00000000000  0.00000000000  0.00000000000  0.00200477964 -0.00061115089  0.00034157745  0.00000440290  0.00000000000  0.00000000000  0.00000000000  0.00000000000  0.00000000000 -0.00405790374 -0.00011541199  0.00113344350 -0.00021652353  0.01377029252
  0.00000000000  0.00000000000  0.00000000000  0.00000000000  0.00000000000  0.00264823197 -0.00110550074  0.00076105541  0.00000000014 -0.00124795900  0.00000000000  0.00000000000  0.00000000000  0.00000000000  0.00000000000 -0.01104343064 -0.00103551928 -0.00492408313  0.00584556998 -0.00397589802  0.00000000000  0.00000000000  0.00000000000  0.00000000000  0.00000000000 -0.00200477964  0.00000000000  0.00163729386  0.01384740859 -0.00034157626  0.00000000000  0.00000000000  0.00000000000  0.00000000000  0.00000000000 -0.00012578784 -0.00411171421 -0.00008492954 -0.00835464938 -0.00002523620
  0.00000000000  0.00000000000  0.00000000000  0.00000000000  0.00000000000  0.00102569539 -0.00076105525 -0.00000000046 -0.00076105556 -0.00102569409  0.00000000000  0.00000000000  0.00000000000  0.00000000000  0.00000000000  0.00692670878  0.00463244747  0.00000001857  0.00463243795 -0.00692670435  0.00000000000  0.00000000000  0.00000000000  0.00000000000  0.00000000000  0.00061115089 -0.00163729386  0.00000000000 -0.00163729569 -0.00061115333  0.00000000000  0.00000000000  0.00000000000  0.00000000000  0.00000000000 -0.00070008894  0.00015905896 -0.00000000700  0.00015906082  0.00070006777
  0.00000000000  0.00000000000  0.00000000000  0.00000000000  0.00000000000 -0.00124795643  0.00000000014  0.00076105539  0.00110550204  0.00264823010  0.00000000000  0.00000000000  0.00000000000  0.00000000000  0.00000000000 -0.00397590311 -0.00584557579 -0.00492408725  0.00103551847 -0.01104343053  0.00000000000  0.00000000000  0.00000000000  0.00000000000  0.00000000000 -0.00034157745 -0.01384740859  0.00163729569  0.00000000000 -0.00200478066  0.00000000000  0.00000000000  0.00000000000  0.00000000000  0.00000000000 -0.00002523496  0.00835464967 -0.00008493133  0.00411171502 -0.00012578780
  0.00000000000  0.00000000000  0.00000000000  0.00000000000  0.00000000000 -0.00000000097  0.00124795896 -0.00102569373 -0.00264822962 -0.00268870429  0.00000000000  0.00000000000  0.00000000000  0.00000000000  0.00000000000 -0.00000995580  0.00325509936  0.00692798513  0.01102650586 -0.00010507671  0.00000000000  0.00000000000  0.00000000000  0.00000000000  0.00000000000 -0.00000440290  0.00034157626  0.00061115333  0.00200478066  0.00000000000  0.00000000000  0.00000000000  0.00000000000  0.00000000000  0.00000000000 -0.01377031587 -0.00021652372 -0.00113345966 -0.00011541244  0.00405788590
  0.00015049415  0.01273190790  0.00770953179  0.00449018251 -0.00001254588  0.00000000000  0.00000000000  0.00000000000  0.00000000000  0.00000000000  0.00075638907 -0.01135476648 -0.00248310132  0.00521026830  0.00000000184  0.00000000000  0.00000000000  0.00000000000  0.00000000000  0.00000000000  0.00474018471  0.00011472017  0.00054391597  0.00005343182  0.01576295343  0.00000000000  0.00000000000  0.00000000000  0.00000000000  0.00000000000  0.00000000000 -0.00436190131 -0.00115148298  0.00114516195 -0.00000667584  0.00000000000  0.00000000000  0.00000000000  0.00000000000  0.00000000000
 -0.01271598443 -0.00095029275 -0.00527616626 -0.00689740521 -0.00376945348  0.00000000000  0.00000000000  0.00000000000  0.00000000000  0.00000000000  0.01135476688 -0.00121847621  0.00646574671  0.00000000506 -0.00521027053  0.00000000000  0.00000000000  0.00000000000  0.00000000000  0.00000000000  0.00016947157  0.00487512628 -0.00010247496 -0.00945219319  0.00015308885  0.00000000000  0.00000000000  0.00000000000  0.00000000000  0.00000000000  0.00436190131  0.00000000000 -0.00068721988 -0.01832936583 -0.00114516272  0.00000000000  0.00000000000  0.00000000000  0.00000000000  0.00000000000
 -0.00771088142  0.00548549262  0.00000002135  0.00548549111  0.00771088232  0.00000000000  0.00000000000  0.00000000000  0.00000000000  0.00000000000 -0.00248310035 -0.00646574447  0.00000000714 -0.00646574855  0.00248309493  0.00000000000  0.00000000000  0.00000000000  0.00000000000  0.00000000000 -0.00137909481  0.00008085969  0.00000000739  0.00008086165  0.00137911136  0.00000000000  0.00000000000  0.00000000000  0.00000000000  0.00000000000  0.00115148298  0.00068721988  0.00000000000  0.00068722184 -0.00115148174  0.00000000000  0.00000000000  0.00000000000  0.00000000000  0.00000000000
 -0.00376944479  0.00689740520 -0.00527616267  0.00095028781 -0.01271597716  0.00000000000  0.00000000000  0.00000000000  0.00000000000  0.00000000000 -0.00521026564  0.00000000506  0.00646574629  0.00121848506  0.01135476339  0.00000000000  0.00000000000  0.00000000000  0.00000000000  0.00000000000  0.00015308888  0.00945219294 -0.00010247698 -0.00487512702  0.00016947205  0.00000000000  0.00000000000  0.00000000000  0.00000000000  0.00000000000 -0.00114516195  0.01832936583 -0.00068722184  0.00000000000  0.00436190301  0.00000000000  0.00000000000  0.00000000000  0.00000000000  0.00000000000
  0.00001254780  0.00449017770 -0.00770953274  0.01273191574 -0.00015049492  0.00000000000  0.00000000000  0.00000000000  0.00000000000  0.00000000000  0.00000000184  0.00521026788  0.00248309397 -0.01135476379 -0.00075638620  0.00000000000  0.00000000000  0.00000000000  0.00000000000  0.00000000000 -0.01576292906  0.00005343328 -0.00054389350  0.00011471974 -0.00474016626  0.00000000000  0.00000000000  0.00000000000  0.00000000000  0.00000000000  0.00000667584  0.00114516272  0.00115148174 -0.00436190301  0.00000000000  0.00000000000  0.00000000000  0.00000000000  0.00000000000  0.00000000000
  0.00000000000  0.00000000000  0.00000000000  0.00000000000  0.00000000000  0.00010507649  0.01104342696  0.00692670628  0.00397590281 -0.00000995476  0.00000000000  0.00000000000  0.00000000000  0.00000000000  0.00000000000  0.00065830740 -0.00994623178 -0.00205740183  0.00453690977  0.00000000183  0.00000000000  0.00000000000  0.00000000000  0.00000000000  0.00000000000  0.00405790374  0.00012578784  0.00070008894  0.00002523496  0.01377031587  0.00000000000  0.00000000000  0.00000000000  0.00000000000  0.00000000000  0.00000000000 -0.00200477934  0.00061115151 -0.00034157717 -0.00000440292
  0.00000000000  0.00000000000  0.00000000000  0.00000000000  0.00000000000 -0.01102650893 -0.00103552131 -0.00463244439 -0.00584557289 -0.00325510056  0.00000000000  0.00000000000  0.00000000000  0.00000000000  0.00000000000  0.00994623208 -0.00127737529  0.00587688127  0.00000000496 -0.00453691165  0.00000000000  0.00000000000  0.00000000000  0.00000000000  0.00000000000  0.00011541199  0.00411171421 -0.00015905896 -0.00835464967  0.00021652372  0.00000000000  0.00000000000  0.00000000000  0.00000000000  0.00000000000  0.00200477934  0.00000000000 -0.00163729376 -0.01384740858  0.00034157653
  0.00000000000  0.00000000000  0.00000000000  0.00000000000  0.00000000000 -0.00692798265  0.00492408585  0.00000002148  0.00492408454  0.00692798318  0.00000000000  0.00000000000  0.00000000000  0.00000000000  0.00000000000 -0.00205740084 -0.00587687916  0.00000000747 -0.00587688294  0.00205739556  0.00000000000  0.00000000000  0.00000000000  0.00000000000  0.00000000000 -0.00113344350  0.00008492954  0.00000000700  0.00008493133  0.00113345966  0.00000000000  0.00000000000  0.00000000000  0.00000000000  0.00000000000 -0.00061115151  0.00163729376  0.00000000000  0.00163729580  0.00061115273
  0.00000000000  0.00000000000  0.00000000000  0.00000000000  0.00000000000 -0.00325509272  0.00584557289 -0.00463244104  0.00103551643 -0.01102650240  0.00000000000  0.00000000000  0.00000000000  0.00000000000  0.00000000000 -0.00453690737  0.00000000496  0.00587688082  0.00127738372  0.00994622883  0.00000000000  0.00000000000  0.00000000000  0.00000000000  0.00000000000  0.00021652353  0.00835464938 -0.00015906082 -0.00411171502  0.00011541244  0.00000000000  0.00000000000  0.00000000000  0.00000000000  0.00000000000  0.00034157717  0.01384740858 -0.00163729580  0.00000000000  0.00200478098
  0.00000000000  0.00000000000  0.00000000000  0.00000000000  0.00000000000  0.00000995722  0.00397589832 -0.00692670685  0.01104343421 -0.00010507655  0.00000000000  0.00000000000  0.00000000000  0.00000000000  0.00000000000  0.00000000183  0.00453690925  0.00205739457 -0.00994622912 -0.00065830473  0.00000000000  0.00000000000  0.00000000000  0.00000000000  0.00000000000 -0.01377029252  0.00002523620 -0.00070006777  0.00012578780 -0.00405788590  0.00000000000  0.00000000000  0.00000000000  0.00000000000  0.00000000000  0.00000440292 -0.00034157653 -0.00061115273 -0.00200478098  0.00000000000
  
       ID 0502010100-obs Local overlap matrix before normalization (close to 1)
 Real part:
  0.97551110958 -0.00000211636  0.00000000000 -0.00001744942  0.00023533274  0.00000000000  0.00000000000  0.00000000000  0.00000000000  0.00000000000 -0.00030173343 -0.00000236206  0.00014923707 -0.00000468156 -0.00008057564  0.00000000000  0.00000000000  0.00000000000  0.00000000000  0.00000000000  0.00023841228  0.00007513710  0.00006420011 -0.00012812721  0.00026976030  0.00000000000  0.00000000000  0.00000000000  0.00000000000  0.00000000000  0.00004646297  0.00084115777  0.00001567517 -0.00036877471  0.00024201509  0.00000000000  0.00000000000  0.00000000000  0.00000000000  0.00000000000
 -0.00000211636  0.97565708778 -0.00000263322  0.00000000000  0.00001744942  0.00000000000  0.00000000000  0.00000000000  0.00000000000  0.00000000000 -0.00000758864 -0.00078481197 -0.00000088000 -0.00069630340  0.00001114078  0.00000000000  0.00000000000  0.00000000000  0.00000000000  0.00000000000 -0.00007513710  0.00014276079 -0.00003205179 -0.00005825277 -0.00012812721  0.00000000000  0.00000000000  0.00000000000  0.00000000000  0.00000000000  0.00084183890 -0.00040345392 -0.00039072737  0.00000000000  0.00033996857  0.00000000000  0.00000000000  0.00000000000  0.00000000000  0.00000000000
  0.00000000000 -0.00000263322  0.97664348949  0.00000263322  0.00000000000  0.00000000000  0.00000000000  0.00000000000  0.00000000000  0.00000000000  0.00007748900 -0.00000318278  0.00077782912  0.00000318278  0.00007748900  0.00000000000  0.00000000000  0.00000000000  0.00000000000  0.00000000000  0.00006420011  0.00003205179  0.00024008446 -0.00003205179  0.00006420011  0.00000000000  0.00000000000  0.00000000000  0.00000000000  0.00000000000 -0.00001567517 -0.00039840286 -0.00122161917  0.00039840286 -0.00001567517  0.00000000000  0.00000000000  0.00000000000  0.00000000000  0.00000000000
 -0.00001744942  0.00000000000  0.00000263322  0.97565708778  0.00000211636  0.00000000000  0.00000000000  0.00000000000  0.00000000000  0.00000000000 -0.00001114078 -0.00069630340  0.00000088000 -0.00078481197  0.00000758864  0.00000000000  0.00000000000  0.00000000000  0.00000000000  0.00000000000  0.00012812721 -0.00005825277  0.00003205179  0.00014276079  0.00007513710  0.00000000000  0.00000000000  0.00000000000  0.00000000000  0.00000000000 -0.00033996857  0.00000000000  0.00039072737 -0.00040345392 -0.00084183890  0.00000000000  0.00000000000  0.00000000000  0.00000000000  0.00000000000
  0.00023533274  0.00001744942  0.00000000000  0.00000211636  0.97551110958  0.00000000000  0.00000000000  0.00000000000  0.00000000000  0.00000000000 -0.00008057564  0.00000468156  0.00014923707  0.00000236206 -0.00030173343  0.00000000000  0.00000000000  0.00000000000  0.00000000000  0.00000000000  0.00026976030  0.00012812721  0.00006420011 -0.00007513710  0.00023841228  0.00000000000  0.00000000000  0.00000000000  0.00000000000  0.00000000000  0.00024201509  0.00036877471  0.00001567517 -0.00084115777  0.00004646297  0.00000000000  0.00000000000  0.00000000000  0.00000000000  0.00000000000
  0.00000000000  0.00000000000  0.00000000000  0.00000000000  0.00000000000  0.97774016623  0.00000110759  0.00000000000 -0.00001558492  0.00025145041  0.00000000000  0.00000000000  0.00000000000  0.00000000000  0.00000000000 -0.00026217115 -0.00000406079  0.00011886742 -0.00000481806 -0.00007293084  0.00000000000  0.00000000000  0.00000000000  0.00000000000  0.00000000000  0.00020902902  0.00007415714  0.00006316698 -0.00010415301  0.00023364009  0.00000000000  0.00000000000  0.00000000000  0.00000000000  0.00000000000  0.00003110883  0.00070948608  0.00002002203 -0.00031662950  0.00020479296
  0.00000000000  0.00000000000  0.00000000000  0.00000000000  0.00000000000  0.00000110759  0.97790167322 -0.00000616131 -0.00000000000  0.00001558492  0.00000000000  0.00000000000  0.00000000000  0.00000000000  0.00000000000 -0.00000991609 -0.00067368653 -0.00000145221 -0.00059253094  0.00000819023  0.00000000000  0.00000000000  0.00000000000  0.00000000000  0.00000000000 -0.00007415714  0.00012540551 -0.00004131512 -0.00004745473 -0.00010415301  0.00000000000  0.00000000000  0.00000000000  0.00000000000  0.00000000000  0.00071000037 -0.00034817129 -0.00032886364 -0.00000000000  0.00028666618
  0.00000000000  0.00000000000  0.00000000000  0.00000000000  0.00000000000  0.00000000000 -0.00000616131  0.97869733413  0.00000616131  0.00000000000  0.00000000000  0.00000000000  0.00000000000  0.00000000000  0.00000000000  0.00007200512 -0.00000209336  0.00067359926  0.00000209336  0.00007200512  0.00000000000  0.00000000000  0.00000000000  0.00000000000  0.00000000000  0.00006316698  0.00004131512  0.00020873520 -0.00004131512  0.00006316698  0.00000000000  0.00000000000  0.00000000000  0.00000000000  0.00000000000 -0.00002002203 -0.00034140063 -0.00107210281  0.00034140063 -0.00002002203
  0.00000000000  0.00000000000  0.00000000000  0.00000000000  0.00000000000 -0.00001558492 -0.00000000000  0.00000616131  0.97790167322 -0.00000110760  0.00000000000  0.00000000000  0.00000000000  0.00000000000  0.00000000000 -0.00000819023 -0.00059253094  0.00000145221 -0.00067368653  0.00000991609  0.00000000000  0.00000000000  0.00000000000  0.00000000000  0.00000000000  0.00010415301 -0.00004745473  0.00004131512  0.00012540551  0.00007415714  0.00000000000  0.00000000000  0.00000000000  0.00000000000  0.00000000000 -0.00028666618 -0.00000000000  0.00032886364 -0.00034817129 -0.00071000037
  0.00000000000  0.00000000000  0.00000000000  0.00000000000  0.00000000000  0.00025145041  0.00001558492  0.00000000000 -0.00000110760  0.97774016623  0.00000000000  0.00000000000  0.00000000000  0.00000000000  0.00000000000 -0.00007293084  0.00000481806  0.00011886742  0.00000406079 -0.00026217115  0.00000000000  0.00000000000  0.00000000000  0.00000000000  0.00000000000  0.00023364009  0.00010415301  0.00006316698 -0.00007415714  0.00020902902  0.00000000000  0.00000000000  0.00000000000  0.00000000000  0.00000000000  0.00020479296  0.00031662950  0.00002002203 -0.00070948608  0.00003110883
 -0.00030173343 -0.00000758864  0.00007748900 -0.00001114078 -0.00008057564  0.00000000000  0.00000000000  0.00000000000  0.00000000000  0.00000000000  0.97551110959 -0.00000211636  0.00000000000 -0.00001744942  0.00023533274  0.00000000000  0.00000000000  0.00000000000  0.00000000000  0.00000000000  0.00004646297 -0.00084183890 -0.00001567517  0.00033996857  0.00024201509  0.00000000000  0.00000000000  0.00000000000  0.00000000000  0.00000000000 -0.00017882925  0.00007383903 -0.00061585092 -0.00009080865  0.00002598302  0.00000000000  0.00000000000  0.00000000000  0.00000000000  0.00000000000
 -0.00000236206 -0.00078481197 -0.00000318278 -0.00069630340  0.00000468156  0.00000000000  0.00000000000  0.00000000000  0.00000000000  0.00000000000 -0.00000211636  0.97565708778 -0.00000263322  0.00000000000  0.00001744942  0.00000000000  0.00000000000  0.00000000000  0.00000000000  0.00000000000 -0.00084115777 -0.00040345392  0.00039840286  0.00000000000 -0.00036877471  0.00000000000  0.00000000000  0.00000000000  0.00000000000  0.00000000000 -0.00007383903 -0.00006649274 -0.00002399543  0.00039902440 -0.00009080865  0.00000000000  0.00000000000  0.00000000000  0.00000000000  0.00000000000
  0.00014923707 -0.00000088000  0.00077782912  0.00000088000  0.00014923707  0.00000000000  0.00000000000  0.00000000000  0.00000000000  0.00000000000  0.00000000000 -0.00000263322  0.97664348949  0.00000263322  0.00000000000  0.00000000000  0.00000000000  0.00000000000  0.00000000000  0.00000000000  0.00001567517  0.00039072737 -0.00122161917 -0.00039072737  0.00001567517  0.00000000000  0.00000000000  0.00000000000  0.00000000000  0.00000000000 -0.00061585092  0.00002399543 -0.00064474758 -0.00002399543 -0.00061585092  0.00000000000  0.00000000000  0.00000000000  0.00000000000  0.00000000000
 -0.00000468156 -0.00069630340  0.00000318278 -0.00078481197  0.00000236206  0.00000000000  0.00000000000  0.00000000000  0.00000000000  0.00000000000 -0.00001744942  0.00000000000  0.00000263322  0.97565708778  0.00000211636  0.00000000000  0.00000000000  0.00000000000  0.00000000000  0.00000000000  0.00036877471  0.00000000000 -0.00039840286 -0.00040345392  0.00084115777  0.00000000000  0.00000000000  0.00000000000  0.00000000000  0.00000000000  0.00009080865  0.00039902440  0.00002399543 -0.00006649274  0.00007383903  0.00000000000  0.00000000000  0.00000000000  0.00000000000  0.00000000000
 -0.00008057564  0.00001114078  0.00007748900  0.00000758864 -0.00030173343  0.00000000000  0.00000000000  0.00000000000  0.00000000000  0.00000000000  0.00023533274  0.00001744942  0.00000000000  0.00000211636  0.97551110959  0.00000000000  0.00000000000  0.00000000000  0.00000000000  0.00000000000  0.00024201509 -0.00033996857 -0.00001567517  0.00084183890  0.00004646297  0.00000000000  0.00000000000  0.00000000000  0.00000000000  0.00000000000  0.00002598302  0.00009080865 -0.00061585092 -0.00007383903 -0.00017882925  0.00000000000  0.00000000000  0.00000000000  0.00000000000  0.00000000000
  0.00000000000  0.00000000000  0.00000000000  0.00000000000  0.00000000000 -0.00026217115 -0.00000991609  0.00007200512 -0.00000819023 -0.00007293084  0.00000000000  0.00000000000  0.00000000000  0.00000000000  0.00000000000  0.97774016623  0.00000110759 -0.00000000000 -0.00001558492  0.00025145041  0.00000000000  0.00000000000  0.00000000000  0.00000000000  0.00000000000  0.00003110883 -0.00071000037 -0.00002002203  0.00028666618  0.00020479296  0.00000000000  0.00000000000  0.00000000000  0.00000000000  0.00000000000 -0.00015883725  0.00006223588 -0.00052607620 -0.00006480430  0.00002165996
  0.00000000000  0.00000000000  0.00000000000  0.00000000000  0.00000000000 -0.00000406079 -0.00067368653 -0.00000209336 -0.00059253094  0.00000481806  0.00000000000  0.00000000000  0.00000000000  0.00000000000  0.00000000000  0.00000110759  0.97790167322 -0.00000616131  0.00000000000  0.00001558492  0.00000000000  0.00000000000  0.00000000000  0.00000000000  0.00000000000 -0.00070948608 -0.00034817129  0.00034140063  0.00000000000 -0.00031662950  0.00000000000  0.00000000000  0.00000000000  0.00000000000  0.00000000000 -0.00006223588 -0.00006432994 -0.00003095320  0.00034036546 -0.00006480430
  0.00000000000  0.00000000000  0.00000000000  0.00000000000  0.00000000000  0.00011886742 -0.00000145221  0.00067359926  0.00000145221  0.00011886742  0.00000000000  0.00000000000  0.00000000000  0.00000000000  0.00000000000 -0.00000000000 -0.00000616131  0.97869733413  0.00000616131 -0.00000000000  0.00000000000  0.00000000000  0.00000000000  0.00000000000  0.00000000000  0.00002002203  0.00032886364 -0.00107210281 -0.00032886364  0.00002002203  0.00000000000  0.00000000000  0.00000000000  0.00000000000  0.00000000000 -0.00052607620  0.00003095320 -0.00056102721 -0.00003095320 -0.00052607620
  0.00000000000  0.00000000000  0.00000000000  0.00000000000  0.00000000000 -0.00000481806 -0.00059253094  0.00000209336 -0.00067368653  0.00000406079  0.00000000000  0.00000000000  0.00000000000  0.00000000000  0.00000000000 -0.00001558492  0.00000000000  0.00000616131  0.97790167322 -0.00000110759  0.00000000000  0.00000000000  0.00000000000  0.00000000000  0.00000000000  0.00031662950  0.00000000000 -0.00034140063 -0.00034817129  0.00070948608  0.00000000000  0.00000000000  0.00000000000  0.00000000000  0.00000000000  0.00006480430  0.00034036546  0.00003095320 -0.00006432994  0.00006223588
  0.00000000000  0.00000000000  0.00000000000  0.00000000000  0.00000000000 -0.00007293084  0.00000819023  0.00007200512  0.00000991609 -0.00026217115  0.00000000000  0.00000000000  0.00000000000  0.00000000000  0.00000000000  0.00025145041  0.00001558492 -0.00000000000 -0.00000110759  0.97774016623  0.00000000000  0.00000000000  0.00000000000  0.00000000000  0.00000000000  0.00020479296 -0.00028666618 -0.00002002203  0.00071000037  0.00003110883  0.00000000000  0.00000000000  0.00000000000  0.00000000000  0.00000000000  0.00002165996  0.00006480430 -0.00052607620 -0.00006223588 -0.00015883725
  0.00023841228 -0.00007513710  0.00006420011  0.00012812721  0.00026976030  0.00000000000  0.00000000000  0.00000000000  0.00000000000  0.00000000000  0.00004646297 -0.00084115777  0.00001567517  0.00036877471  0.00024201509  0.00000000000  0.00000000000  0.00000000000  0.00000000000  0.00000000000  0.97551110958  0.00000211636  0.00000000000  0.00001744942  0.00023533274  0.00000000000  0.00000000000  0.00000000000  0.00000000000  0.00000000000 -0.00030173343  0.00000236206  0.00014923707  0.00000468156 -0.00008057564  0.00000000000  0.00000000000  0.00000000000  0.00000000000  0.00000000000
  0.00007513710  0.00014276079  0.00003205179 -0.00005825277  0.00012812721  0.00000000000  0.00000000000  0.00000000000  0.00000000000  0.00000000000 -0.00084183890 -0.00040345392  0.00039072737  0.00000000000 -0.00033996857  0.00000000000  0.00000000000  0.00000000000  0.00000000000  0.00000000000  0.00000211636  0.97565708778  0.00000263322  0.00000000000 -0.00001744942  0.00000000000  0.00000000000  0.00000000000  0.00000000000  0.00000000000  0.00000758864 -0.00078481197  0.00000088000 -0.00069630340 -0.00001114078  0.00000000000  0.00000000000  0.00000000000  0.00000000000  0.00000000000
  0.00006420011 -0.00003205179  0.00024008446  0.00003205179  0.00006420011  0.00000000000  0.00000000000  0.00000000000  0.00000000000  0.00000000000 -0.00001567517  0.00039840286 -0.00122161917 -0.00039840286 -0.00001567517  0.00000000000  0.00000000000  0.00000000000  0.00000000000  0.00000000000  0.00000000000  0.00000263322  0.97664348949 -0.00000263322  0.00000000000  0.00000000000  0.00000000000  0.00000000000  0.00000000000  0.00000000000  0.00007748900  0.00000318278  0.00077782912 -0.00000318278  0.00007748900  0.00000000000  0.00000000000  0.00000000000  0.00000000000  0.00000000000
 -0.00012812721 -0.00005825277 -0.00003205179  0.00014276079 -0.00007513710  0.00000000000  0.00000000000  0.00000000000  0.00000000000  0.00000000000  0.00033996857  0.00000000000 -0.00039072737 -0.00040345392  0.00084183890  0.00000000000  0.00000000000  0.00000000000  0.00000000000  0.00000000000  0.00001744942  0.00000000000 -0.00000263322  0.97565708778 -0.00000211636  0.00000000000  0.00000000000  0.00000000000  0.00000000000  0.00000000000  0.00001114078 -0.00069630340 -0.00000088000 -0.00078481197 -0.00000758864  0.00000000000  0.00000000000  0.00000000000  0.00000000000  0.00000000000
  0.00026976030 -0.00012812721  0.00006420011  0.00007513710  0.00023841228  0.00000000000  0.00000000000  0.00000000000  0.00000000000  0.00000000000  0.00024201509 -0.00036877471  0.00001567517  0.00084115777  0.00004646297  0.00000000000  0.00000000000  0.00000000000  0.00000000000  0.00000000000  0.00023533274 -0.00001744942  0.00000000000 -0.00000211636  0.97551110958  0.00000000000  0.00000000000  0.00000000000  0.00000000000  0.00000000000 -0.00008057564 -0.00000468156  0.00014923707 -0.00000236206 -0.00030173343  0.00000000000  0.00000000000  0.00000000000  0.00000000000  0.00000000000
  0.00000000000  0.00000000000  0.00000000000  0.00000000000  0.00000000000  0.00020902902 -0.00007415714  0.00006316698  0.00010415301  0.00023364009  0.00000000000  0.00000000000  0.00000000000  0.00000000000  0.00000000000  0.00003110883 -0.00070948608  0.00002002203  0.00031662950  0.00020479296  0.00000000000  0.00000000000  0.00000000000  0.00000000000  0.00000000000  0.97774016623 -0.00000110760  0.00000000000  0.00001558492  0.00025145041  0.00000000000  0.00000000000  0.00000000000  0.00000000000  0.00000000000 -0.00026217115  0.00000406079  0.00011886742  0.00000481806 -0.00007293084
  0.00000000000  0.00000000000  0.00000000000  0.00000000000  0.00000000000  0.00007415714  0.00012540551  0.00004131512 -0.00004745473  0.00010415301  0.00000000000  0.00000000000  0.00000000000  0.00000000000  0.00000000000 -0.00071000037 -0.00034817129  0.00032886364  0.00000000000 -0.00028666618  0.00000000000  0.00000000000  0.00000000000  0.00000000000  0.00000000000 -0.00000110760  0.97790167322  0.00000616131 -0.00000000000 -0.00001558492  0.00000000000  0.00000000000  0.00000000000  0.00000000000  0.00000000000  0.00000991609 -0.00067368653  0.00000145221 -0.00059253094 -0.00000819023
  0.00000000000  0.00000000000  0.00000000000  0.00000000000  0.00000000000  0.00006316698 -0.00004131512  0.00020873520  0.00004131512  0.00006316698  0.00000000000  0.00000000000  0.00000000000  0.00000000000  0.00000000000 -0.00002002203  0.00034140063 -0.00107210281 -0.00034140063 -0.00002002203  0.00000000000  0.00000000000  0.00000000000  0.00000000000  0.00000000000  0.00000000000  0.00000616131  0.97869733413 -0.00000616131  0.00000000000  0.00000000000  0.00000000000  0.00000000000  0.00000000000  0.00000000000  0.00007200512  0.00000209336  0.00067359926 -0.00000209336  0.00007200512
  0.00000000000  0.00000000000  0.00000000000  0.00000000000  0.00000000000 -0.00010415301 -0.00004745473 -0.00004131512  0.00012540551 -0.00007415714  0.00000000000  0.00000000000  0.00000000000  0.00000000000  0.00000000000  0.00028666618  0.00000000000 -0.00032886364 -0.00034817129  0.00071000037  0.00000000000  0.00000000000  0.00000000000  0.00000000000  0.00000000000  0.00001558492 -0.00000000000 -0.00000616131  0.97790167322  0.00000110760  0.00000000000  0.00000000000  0.00000000000  0.00000000000  0.00000000000  0.00000819023 -0.00059253094 -0.00000145221 -0.00067368653 -0.00000991609
  0.00000000000  0.00000000000  0.00000000000  0.00000000000  0.00000000000  0.00023364009 -0.00010415301  0.00006316698  0.00007415714  0.00020902902  0.00000000000  0.00000000000  0.00000000000  0.00000000000  0.00000000000  0.00020479296 -0.00031662950  0.00002002203  0.00070948608  0.00003110883  0.00000000000  0.00000000000  0.00000000000  0.00000000000  0.00000000000  0.00025145041 -0.00001558492  0.00000000000  0.00000110760  0.97774016623  0.00000000000  0.00000000000  0.00000000000  0.00000000000  0.00000000000 -0.00007293084 -0.00000481806  0.00011886742 -0.00000406079 -0.00026217115
  0.00004646297  0.00084183890 -0.00001567517 -0.00033996857  0.00024201509  0.00000000000  0.00000000000  0.00000000000  0.00000000000  0.00000000000 -0.00017882925 -0.00007383903 -0.00061585092  0.00009080865  0.00002598302  0.00000000000  0.00000000000  0.00000000000  0.00000000000  0.00000000000 -0.00030173343  0.00000758864  0.00007748900  0.00001114078 -0.00008057564  0.00000000000  0.00000000000  0.00000000000  0.00000000000  0.00000000000  0.97551110958  0.00000211636 -0.00000000000  0.00001744942  0.00023533274  0.00000000000  0.00000000000  0.00000000000  0.00000000000  0.00000000000
  0.00084115777 -0.00040345392 -0.00039840286  0.00000000000  0.00036877471  0.00000000000  0.00000000000  0.00000000000  0.00000000000  0.00000000000  0.00007383903 -0.00006649274  0.00002399543  0.00039902440  0.00009080865  0.00000000000  0.00000000000  0.00000000000  0.00000000000  0.00000000000  0.00000236206 -0.00078481197  0.00000318278 -0.00069630340 -0.00000468156  0.00000000000  0.00000000000  0.00000000000  0.00000000000  0.00000000000  0.00000211636  0.97565708778  0.00000263322  0.00000000000 -0.00001744942  0.00000000000  0.00000000000  0.00000000000  0.00000000000  0.00000000000
  0.00001567517 -0.00039072737 -0.00122161917  0.00039072737  0.00001567517  0.00000000000  0.00000000000  0.00000000000  0.00000000000  0.00000000000 -0.00061585092 -0.00002399543 -0.00064474758  0.00002399543 -0.00061585092  0.00000000000  0.00000000000  0.00000000000  0.00000000000  0.00000000000  0.00014923707  0.00000088000  0.00077782912 -0.00000088000  0.00014923707  0.00000000000  0.00000000000  0.00000000000  0.00000000000  0.00000000000 -0.00000000000  0.00000263322  0.97664348949 -0.00000263322 -0.00000000000  0.00000000000  0.00000000000  0.00000000000  0.00000000000  0.00000000000
 -0.00036877471  0.00000000000  0.00039840286 -0.00040345392 -0.00084115777  0.00000000000  0.00000000000  0.00000000000  0.00000000000  0.00000000000 -0.00009080865  0.00039902440 -0.00002399543 -0.00006649274 -0.00007383903  0.00000000000  0.00000000000  0.00000000000  0.00000000000  0.00000000000  0.00000468156 -0.00069630340 -0.00000318278 -0.00078481197 -0.00000236206  0.00000000000  0.00000000000  0.00000000000  0.00000000000  0.00000000000  0.00001744942  0.00000000000 -0.00000263322  0.97565708778 -0.00000211636  0.00000000000  0.00000000000  0.00000000000  0.00000000000  0.00000000000
  0.00024201509  0.00033996857 -0.00001567517 -0.00084183890  0.00004646297  0.00000000000  0.00000000000  0.00000000000  0.00000000000  0.00000000000  0.00002598302 -0.00009080865 -0.00061585092  0.00007383903 -0.00017882925  0.00000000000  0.00000000000  0.00000000000  0.00000000000  0.00000000000 -0.00008057564 -0.00001114078  0.00007748900 -0.00000758864 -0.00030173343  0.00000000000  0.00000000000  0.00000000000  0.00000000000  0.00000000000  0.00023533274 -0.00001744942 -0.00000000000 -0.00000211636  0.97551110958  0.00000000000  0.00000000000  0.00000000000  0.00000000000  0.00000000000
  0.00000000000  0.00000000000  0.00000000000  0.00000000000  0.00000000000  0.00003110883  0.00071000037 -0.00002002203 -0.00028666618  0.00020479296  0.00000000000  0.00000000000  0.00000000000  0.00000000000  0.00000000000 -0.00015883725 -0.00006223588 -0.00052607620  0.00006480430  0.00002165996  0.00000000000  0.00000000000  0.00000000000  0.00000000000  0.00000000000 -0.00026217115  0.00000991609  0.00007200512  0.00000819023 -0.00007293084  0.00000000000  0.00000000000  0.00000000000  0.00000000000  0.00000000000  0.97774016623 -0.00000110759 -0.00000000000  0.00001558492  0.00025145041
  0.00000000000  0.00000000000  0.00000000000  0.00000000000  0.00000000000  0.00070948608 -0.00034817129 -0.00034140063 -0.00000000000  0.00031662950  0.00000000000  0.00000000000  0.00000000000  0.00000000000  0.00000000000  0.00006223588 -0.00006432994  0.00003095320  0.00034036546  0.00006480430  0.00000000000  0.00000000000  0.00000000000  0.00000000000  0.00000000000  0.00000406079 -0.00067368653  0.00000209336 -0.00059253094 -0.00000481806  0.00000000000  0.00000000000  0.00000000000  0.00000000000  0.00000000000 -0.00000110759  0.97790167322  0.00000616131  0.00000000000 -0.00001558492
  0.00000000000  0.00000000000  0.00000000000  0.00000000000  0.00000000000  0.00002002203 -0.00032886364 -0.00107210281  0.00032886364  0.00002002203  0.00000000000  0.00000000000  0.00000000000  0.00000000000  0.00000000000 -0.00052607620 -0.00003095320 -0.00056102721  0.00003095320 -0.00052607620  0.00000000000  0.00000000000  0.00000000000  0.00000000000  0.00000000000  0.00011886742  0.00000145221  0.00067359926 -0.00000145221  0.00011886742  0.00000000000  0.00000000000  0.00000000000  0.00000000000  0.00000000000 -0.00000000000  0.00000616131  0.97869733413 -0.00000616131 -0.00000000000
  0.00000000000  0.00000000000  0.00000000000  0.00000000000  0.00000000000 -0.00031662950 -0.00000000000  0.00034140063 -0.00034817129 -0.00070948608  0.00000000000  0.00000000000  0.00000000000  0.00000000000  0.00000000000 -0.00006480430  0.00034036546 -0.00003095320 -0.00006432994 -0.00006223588  0.00000000000  0.00000000000  0.00000000000  0.00000000000  0.00000000000  0.00000481806 -0.00059253094 -0.00000209336 -0.00067368653 -0.00000406079  0.00000000000  0.00000000000  0.00000000000  0.00000000000  0.00000000000  0.00001558492  0.00000000000 -0.00000616131  0.97790167322  0.00000110759
  0.00000000000  0.00000000000  0.00000000000  0.00000000000  0.00000000000  0.00020479296  0.00028666618 -0.00002002203 -0.00071000037  0.00003110883  0.00000000000  0.00000000000  0.00000000000  0.00000000000  0.00000000000  0.00002165996 -0.00006480430 -0.00052607620  0.00006223588 -0.00015883725  0.00000000000  0.00000000000  0.00000000000  0.00000000000  0.00000000000 -0.00007293084 -0.00000819023  0.00007200512 -0.00000991609 -0.00026217115  0.00000000000  0.00000000000  0.00000000000  0.00000000000  0.00000000000  0.00025145041 -0.00001558492 -0.00000000000  0.00000110759  0.97774016623
 Imag part:
  0.00000000000  0.00000211636  0.00039130507 -0.00001744942  0.00000000000  0.00000000000  0.00000000000  0.00000000000  0.00000000000  0.00000000000  0.00031069702 -0.00001230588 -0.00007537202 -0.00000857521 -0.00110644516  0.00000000000  0.00000000000  0.00000000000  0.00000000000  0.00000000000 -0.00017433122 -0.00020924262 -0.00008220771  0.00008196275 -0.00000000000  0.00000000000  0.00000000000  0.00000000000  0.00000000000  0.00000000000 -0.00000284635  0.00084183890  0.00058179504  0.00033996857 -0.00000000000  0.00000000000  0.00000000000  0.00000000000  0.00000000000  0.00000000000
 -0.00000211636  0.00000000000  0.00000263322 -0.00058728995  0.00001744942  0.00000000000  0.00000000000  0.00000000000  0.00000000000  0.00000000000 -0.00000405578  0.00032073195 -0.00000224816  0.00069282118 -0.00000107074  0.00000000000  0.00000000000  0.00000000000  0.00000000000  0.00000000000  0.00020924262  0.00009179535  0.00005608062  0.00000000000 -0.00008196275  0.00000000000  0.00000000000  0.00000000000  0.00000000000  0.00000000000 -0.00084115777  0.00003708652 -0.00039840286 -0.00045234339 -0.00036877471  0.00000000000  0.00000000000  0.00000000000  0.00000000000  0.00000000000
 -0.00039130507 -0.00000263322  0.00000000000 -0.00000263322  0.00039130507  0.00000000000  0.00000000000  0.00000000000  0.00000000000  0.00000000000  0.00014830695  0.00000292346  0.00000000000  0.00000292346 -0.00014830695  0.00000000000  0.00000000000  0.00000000000  0.00000000000  0.00000000000 -0.00008220771 -0.00005608062  0.00000000000 -0.00005608062  0.00008220771  0.00000000000  0.00000000000  0.00000000000  0.00000000000  0.00000000000 -0.00058179504  0.00039072737 -0.00000000000  0.00039072737  0.00058179504  0.00000000000  0.00000000000  0.00000000000  0.00000000000  0.00000000000
  0.00001744942  0.00058728995  0.00000263322  0.00000000000 -0.00000211636  0.00000000000  0.00000000000  0.00000000000  0.00000000000  0.00000000000 -0.00000107074 -0.00069282118 -0.00000224816 -0.00032073195 -0.00000405578  0.00000000000  0.00000000000  0.00000000000  0.00000000000  0.00000000000 -0.00008196275 -0.00000000000  0.00005608062 -0.00009179535  0.00020924262  0.00000000000  0.00000000000  0.00000000000  0.00000000000  0.00000000000 -0.00036877471  0.00045234339 -0.00039840286 -0.00003708652 -0.00084115777  0.00000000000  0.00000000000  0.00000000000  0.00000000000  0.00000000000
 -0.00000000000 -0.00001744942 -0.00039130507  0.00000211636  0.00000000000  0.00000000000  0.00000000000  0.00000000000  0.00000000000  0.00000000000  0.00110644516 -0.00000857521  0.00007537202 -0.00001230588 -0.00031069702  0.00000000000  0.00000000000  0.00000000000  0.00000000000  0.00000000000  0.00000000000  0.00008196275  0.00008220771 -0.00020924262  0.00017433122  0.00000000000  0.00000000000  0.00000000000  0.00000000000  0.00000000000  0.00000000000  0.00033996857 -0.00058179504  0.00084183890  0.00000284635  0.00000000000  0.00000000000  0.00000000000  0.00000000000  0.00000000000
  0.00000000000  0.00000000000  0.00000000000  0.00000000000  0.00000000000  0.00000000000 -0.00000110759  0.00036076562 -0.00001558492  0.00000000000  0.00000000000  0.00000000000  0.00000000000  0.00000000000  0.00000000000  0.00025593165 -0.00000959458 -0.00005810626 -0.00001106052 -0.00093501511  0.00000000000  0.00000000000  0.00000000000  0.00000000000  0.00000000000 -0.00014875836 -0.00017417113 -0.00006749096  0.00006914226 -0.00000000000  0.00000000000  0.00000000000  0.00000000000  0.00000000000  0.00000000000 -0.00000287192  0.00071000037  0.00050068470  0.00028666618 -0.00000000000
  0.00000000000  0.00000000000  0.00000000000  0.00000000000  0.00000000000  0.00000110759  0.00000000000  0.00000616131 -0.00047844804  0.00001558492  0.00000000000  0.00000000000  0.00000000000  0.00000000000  0.00000000000 -0.00000414082  0.00026500509 -0.00000171329  0.00059231485 -0.00000015490  0.00000000000  0.00000000000  0.00000000000  0.00000000000  0.00000000000  0.00017417113  0.00007176769  0.00003998407  0.00000000000 -0.00006914226  0.00000000000  0.00000000000  0.00000000000  0.00000000000  0.00000000000 -0.00070948608  0.00004287588 -0.00034140063 -0.00037129073 -0.00031662950
  0.00000000000  0.00000000000  0.00000000000  0.00000000000  0.00000000000 -0.00036076562 -0.00000616131  0.00000000000 -0.00000616131  0.00036076562  0.00000000000  0.00000000000  0.00000000000  0.00000000000  0.00000000000  0.00013761017  0.00000562653 -0.00000000000  0.00000562653 -0.00013761017  0.00000000000  0.00000000000  0.00000000000  0.00000000000  0.00000000000 -0.00006749096 -0.00003998407  0.00000000000 -0.00003998407  0.00006749096  0.00000000000  0.00000000000  0.00000000000  0.00000000000  0.00000000000 -0.00050068470  0.00032886364 -0.00000000000  0.00032886364  0.00050068470
  0.00000000000  0.00000000000  0.00000000000  0.00000000000  0.00000000000  0.00001558492  0.00047844804  0.00000616131  0.00000000000  0.00000110759  0.00000000000  0.00000000000  0.00000000000  0.00000000000  0.00000000000 -0.00000015490 -0.00059231485 -0.00000171329 -0.00026500509 -0.00000414082  0.00000000000  0.00000000000  0.00000000000  0.00000000000  0.00000000000 -0.00006914226 -0.00000000000  0.00003998407 -0.00007176769  0.00017417113  0.00000000000  0.00000000000  0.00000000000  0.00000000000  0.00000000000 -0.00031662950  0.00037129073 -0.00034140063 -0.00004287588 -0.00070948608
  0.00000000000  0.00000000000  0.00000000000  0.00000000000  0.00000000000 -0.00000000000 -0.00001558492 -0.00036076562 -0.00000110759  0.00000000000  0.00000000000  0.00000000000  0.00000000000  0.00000000000  0.00000000000  0.00093501511 -0.00001106052  0.00005810626 -0.00000959458 -0.00025593165  0.00000000000  0.00000000000  0.00000000000  0.00000000000  0.00000000000  0.00000000000  0.00006914226  0.00006749096 -0.00017417113  0.00014875836  0.00000000000  0.00000000000  0.00000000000  0.00000000000  0.00000000000  0.00000000000  0.00028666618 -0.00050068470  0.00071000037  0.00000287192
 -0.00031069702  0.00000405578 -0.00014830695  0.00000107074 -0.00110644516  0.00000000000  0.00000000000  0.00000000000  0.00000000000  0.00000000000  0.00000000000 -0.00000211636 -0.00039130507  0.00001744942 -0.00000000000  0.00000000000  0.00000000000  0.00000000000  0.00000000000  0.00000000000 -0.00000284635  0.00084115777 -0.00058179504  0.00036877471  0.00000000000  0.00000000000  0.00000000000  0.00000000000  0.00000000000  0.00000000000 -0.00007460483 -0.00080758323  0.00017225876  0.00036329638  0.00000000000  0.00000000000  0.00000000000  0.00000000000  0.00000000000  0.00000000000
  0.00001230588 -0.00032073195 -0.00000292346  0.00069282118  0.00000857521  0.00000000000  0.00000000000  0.00000000000  0.00000000000  0.00000000000  0.00000211636  0.00000000000 -0.00000263322  0.00058728995 -0.00001744942  0.00000000000  0.00000000000  0.00000000000  0.00000000000  0.00000000000 -0.00084183890  0.00003708652 -0.00039072737  0.00045234339 -0.00033996857  0.00000000000  0.00000000000  0.00000000000  0.00000000000  0.00000000000  0.00080758323  0.00020296982  0.00053527842  0.00000000000 -0.00036329638  0.00000000000  0.00000000000  0.00000000000  0.00000000000  0.00000000000
  0.00007537202  0.00000224816 -0.00000000000  0.00000224816 -0.00007537202  0.00000000000  0.00000000000  0.00000000000  0.00000000000  0.00000000000  0.00039130507  0.00000263322  0.00000000000  0.00000263322 -0.00039130507  0.00000000000  0.00000000000  0.00000000000  0.00000000000  0.00000000000  0.00058179504  0.00039840286 -0.00000000000  0.00039840286 -0.00058179504  0.00000000000  0.00000000000  0.00000000000  0.00000000000  0.00000000000  0.00017225876 -0.00053527842 -0.00000000000 -0.00053527842 -0.00017225876  0.00000000000  0.00000000000  0.00000000000  0.00000000000  0.00000000000
  0.00000857521 -0.00069282118 -0.00000292346  0.00032073195  0.00001230588  0.00000000000  0.00000000000  0.00000000000  0.00000000000  0.00000000000 -0.00001744942 -0.00058728995 -0.00000263322  0.00000000000  0.00000211636  0.00000000000  0.00000000000  0.00000000000  0.00000000000  0.00000000000 -0.00033996857 -0.00045234339 -0.00039072737 -0.00003708652 -0.00084183890  0.00000000000  0.00000000000  0.00000000000  0.00000000000  0.00000000000 -0.00036329638 -0.00000000000  0.00053527842 -0.00020296982  0.00080758323  0.00000000000  0.00000000000  0.00000000000  0.00000000000  0.00000000000
  0.00110644516  0.00000107074  0.00014830695  0.00000405578  0.00031069702  0.00000000000  0.00000000000  0.00000000000  0.00000000000  0.00000000000  0.00000000000  0.00001744942  0.00039130507 -0.00000211636  0.00000000000  0.00000000000  0.00000000000  0.00000000000  0.00000000000  0.00000000000 -0.00000000000  0.00036877471  0.00058179504  0.00084115777  0.00000284635  0.00000000000  0.00000000000  0.00000000000  0.00000000000  0.00000000000  0.00000000000  0.00036329638 -0.00017225876 -0.00080758323  0.00007460483  0.00000000000  0.00000000000  0.00000000000  0.00000000000  0.00000000000
  0.00000000000  0.00000000000  0.00000000000  0.00000000000  0.00000000000 -0.00025593165  0.00000414082 -0.00013761017  0.00000015490 -0.00093501511  0.00000000000  0.00000000000  0.00000000000  0.00000000000  0.00000000000  0.00000000000  0.00000110759 -0.00036076562  0.00001558492 -0.00000000000  0.00000000000  0.00000000000  0.00000000000  0.00000000000  0.00000000000 -0.00000287192  0.00070948608 -0.00050068470  0.00031662950 -0.00000000000  0.00000000000  0.00000000000  0.00000000000  0.00000000000  0.00000000000 -0.00006113572 -0.00068324897  0.00014202955  0.00030536929 -0.00000000000
  0.00000000000  0.00000000000  0.00000000000  0.00000000000  0.00000000000  0.00000959458 -0.00026500509 -0.00000562653  0.00059231485  0.00001106052  0.00000000000  0.00000000000  0.00000000000  0.00000000000  0.00000000000 -0.00000110759  0.00000000000 -0.00000616131  0.00047844804 -0.00001558492  0.00000000000  0.00000000000  0.00000000000  0.00000000000  0.00000000000 -0.00071000037  0.00004287588 -0.00032886364  0.00037129073 -0.00028666618  0.00000000000  0.00000000000  0.00000000000  0.00000000000  0.00000000000  0.00068324897  0.00018337014  0.00046421981 -0.00000000000 -0.00030536929
  0.00000000000  0.00000000000  0.00000000000  0.00000000000  0.00000000000  0.00005810626  0.00000171329  0.00000000000  0.00000171329 -0.00005810626  0.00000000000  0.00000000000  0.00000000000  0.00000000000  0.00000000000  0.00036076562  0.00000616131  0.00000000000  0.00000616131 -0.00036076562  0.00000000000  0.00000000000  0.00000000000  0.00000000000  0.00000000000  0.00050068470  0.00034140063  0.00000000000  0.00034140063 -0.00050068470  0.00000000000  0.00000000000  0.00000000000  0.00000000000  0.00000000000  0.00014202955 -0.00046421981 -0.00000000000 -0.00046421981 -0.00014202955
  0.00000000000  0.00000000000  0.00000000000  0.00000000000  0.00000000000  0.00001106052 -0.00059231485 -0.00000562653  0.00026500509  0.00000959458  0.00000000000  0.00000000000  0.00000000000  0.00000000000  0.00000000000 -0.00001558492 -0.00047844804 -0.00000616131  0.00000000000 -0.00000110759  0.00000000000  0.00000000000  0.00000000000  0.00000000000  0.00000000000 -0.00028666618 -0.00037129073 -0.00032886364 -0.00004287588 -0.00071000037  0.00000000000  0.00000000000  0.00000000000  0.00000000000  0.00000000000 -0.00030536929 -0.00000000000  0.00046421981 -0.00018337014  0.00068324897
  0.00000000000  0.00000000000  0.00000000000  0.00000000000  0.00000000000  0.00093501511  0.00000015490  0.00013761017  0.00000414082  0.00025593165  0.00000000000  0.00000000000  0.00000000000  0.00000000000  0.00000000000  0.00000000000  0.00001558492  0.00036076562  0.00000110759  0.00000000000  0.00000000000  0.00000000000  0.00000000000  0.00000000000  0.00000000000 -0.00000000000  0.00031662950  0.00050068470  0.00070948608  0.00000287192  0.00000000000  0.00000000000  0.00000000000  0.00000000000  0.00000000000  0.00000000000  0.00030536929 -0.00014202955 -0.00068324897  0.00006113572
  0.00017433122 -0.00020924262  0.00008220771  0.00008196275 -0.00000000000  0.00000000000  0.00000000000  0.00000000000  0.00000000000  0.00000000000  0.00000284635  0.00084183890 -0.00058179504  0.00033996857  0.00000000000  0.00000000000  0.00000000000  0.00000000000  0.00000000000  0.00000000000  0.00000000000  0.00000211636 -0.00039130507 -0.00001744942  0.00000000000  0.00000000000  0.00000000000  0.00000000000  0.00000000000  0.00000000000 -0.00031069702 -0.00001230588  0.00007537202 -0.00000857521  0.00110644516  0.00000000000  0.00000000000  0.00000000000  0.00000000000  0.00000000000
  0.00020924262 -0.00009179535  0.00005608062  0.00000000000 -0.00008196275  0.00000000000  0.00000000000  0.00000000000  0.00000000000  0.00000000000 -0.00084115777 -0.00003708652 -0.00039840286  0.00045234339 -0.00036877471  0.00000000000  0.00000000000  0.00000000000  0.00000000000  0.00000000000 -0.00000211636  0.00000000000  0.00000263322  0.00058728995  0.00001744942  0.00000000000  0.00000000000  0.00000000000  0.00000000000  0.00000000000 -0.00000405578 -0.00032073195 -0.00000224816 -0.00069282118 -0.00000107074  0.00000000000  0.00000000000  0.00000000000  0.00000000000  0.00000000000
  0.00008220771 -0.00005608062 -0.00000000000 -0.00005608062 -0.00008220771  0.00000000000  0.00000000000  0.00000000000  0.00000000000  0.00000000000  0.00058179504  0.00039072737  0.00000000000  0.00039072737 -0.00058179504  0.00000000000  0.00000000000  0.00000000000  0.00000000000  0.00000000000  0.00039130507 -0.00000263322  0.00000000000 -0.00000263322 -0.00039130507  0.00000000000  0.00000000000  0.00000000000  0.00000000000  0.00000000000 -0.00014830695  0.00000292346 -0.00000000000  0.00000292346  0.00014830695  0.00000000000  0.00000000000  0.00000000000  0.00000000000  0.00000000000
 -0.00008196275 -0.00000000000  0.00005608062  0.00009179535  0.00020924262  0.00000000000  0.00000000000  0.00000000000  0.00000000000  0.00000000000 -0.00036877471 -0.00045234339 -0.00039840286  0.00003708652 -0.00084115777  0.00000000000  0.00000000000  0.00000000000  0.00000000000  0.00000000000  0.00001744942 -0.00058728995  0.00000263322  0.00000000000 -0.00000211636  0.00000000000  0.00000000000  0.00000000000  0.00000000000  0.00000000000 -0.00000107074  0.00069282118 -0.00000224816  0.00032073195 -0.00000405578  0.00000000000  0.00000000000  0.00000000000  0.00000000000  0.00000000000
  0.00000000000  0.00008196275 -0.00008220771 -0.00020924262 -0.00017433122  0.00000000000  0.00000000000  0.00000000000  0.00000000000  0.00000000000 -0.00000000000  0.00033996857  0.00058179504  0.00084183890 -0.00000284635  0.00000000000  0.00000000000  0.00000000000  0.00000000000  0.00000000000 -0.00000000000 -0.00001744942  0.00039130507  0.00000211636  0.00000000000  0.00000000000  0.00000000000  0.00000000000  0.00000000000  0.00000000000 -0.00110644516 -0.00000857521 -0.00007537202 -0.00001230588  0.00031069702  0.00000000000  0.00000000000  0.00000000000  0.00000000000  0.00000000000
  0.00000000000  0.00000000000  0.00000000000  0.00000000000  0.00000000000  0.00014875836 -0.00017417113  0.00006749096  0.00006914226 -0.00000000000  0.00000000000  0.00000000000  0.00000000000  0.00000000000  0.00000000000  0.00000287192  0.00071000037 -0.00050068470  0.00028666618  0.00000000000  0.00000000000  0.00000000000  0.00000000000  0.00000000000  0.00000000000  0.00000000000 -0.00000110759 -0.00036076562 -0.00001558492 -0.00000000000  0.00000000000  0.00000000000  0.00000000000  0.00000000000  0.00000000000 -0.00025593165 -0.00000959458  0.00005810626 -0.00001106052  0.00093501511
  0.00000000000  0.00000000000  0.00000000000  0.00000000000  0.00000000000  0.00017417113 -0.00007176769  0.00003998407  0.00000000000 -0.00006914226  0.00000000000  0.00000000000  0.00000000000  0.00000000000  0.00000000000 -0.00070948608 -0.00004287588 -0.00034140063  0.00037129073 -0.00031662950  0.00000000000  0.00000000000  0.00000000000  0.00000000000  0.00000000000  0.00000110759  0.00000000000  0.00000616131  0.00047844804  0.00001558492  0.00000000000  0.00000000000  0.00000000000  0.00000000000  0.00000000000 -0.00000414082 -0.00026500509 -0.00000171329 -0.00059231485 -0.00000015490
  0.00000000000  0.00000000000  0.00000000000  0.00000000000  0.00000000000  0.00006749096 -0.00003998407 -0.00000000000 -0.00003998407 -0.00006749096  0.00000000000  0.00000000000  0.00000000000  0.00000000000  0.00000000000  0.00050068470  0.00032886364 -0.00000000000  0.00032886364 -0.00050068470  0.00000000000  0.00000000000  0.00000000000  0.00000000000  0.00000000000  0.00036076562 -0.00000616131  0.00000000000 -0.00000616131 -0.00036076562  0.00000000000  0.00000000000  0.00000000000  0.00000000000  0.00000000000 -0.00013761017  0.00000562653  0.00000000000  0.00000562653  0.00013761017
  0.00000000000  0.00000000000  0.00000000000  0.00000000000  0.00000000000 -0.00006914226 -0.00000000000  0.00003998407  0.00007176769  0.00017417113  0.00000000000  0.00000000000  0.00000000000  0.00000000000  0.00000000000 -0.00031662950 -0.00037129073 -0.00034140063  0.00004287588 -0.00070948608  0.00000000000  0.00000000000  0.00000000000  0.00000000000  0.00000000000  0.00001558492 -0.00047844804  0.00000616131  0.00000000000  0.00000110759  0.00000000000  0.00000000000  0.00000000000  0.00000000000  0.00000000000 -0.00000015490  0.00059231485 -0.00000171329  0.00026500509 -0.00000414082
  0.00000000000  0.00000000000  0.00000000000  0.00000000000  0.00000000000  0.00000000000  0.00006914226 -0.00006749096 -0.00017417113 -0.00014875836  0.00000000000  0.00000000000  0.00000000000  0.00000000000  0.00000000000  0.00000000000  0.00028666618  0.00050068470  0.00071000037 -0.00000287192  0.00000000000  0.00000000000  0.00000000000  0.00000000000  0.00000000000  0.00000000000 -0.00001558492  0.00036076562 -0.00000110759  0.00000000000  0.00000000000  0.00000000000  0.00000000000  0.00000000000  0.00000000000 -0.00093501511 -0.00001106052 -0.00005810626 -0.00000959458  0.00025593165
  0.00000284635  0.00084115777  0.00058179504  0.00036877471 -0.00000000000  0.00000000000  0.00000000000  0.00000000000  0.00000000000  0.00000000000  0.00007460483 -0.00080758323 -0.00017225876  0.00036329638 -0.00000000000  0.00000000000  0.00000000000  0.00000000000  0.00000000000  0.00000000000  0.00031069702  0.00000405578  0.00014830695  0.00000107074  0.00110644516  0.00000000000  0.00000000000  0.00000000000  0.00000000000  0.00000000000  0.00000000000 -0.00000211636  0.00039130507  0.00001744942  0.00000000000  0.00000000000  0.00000000000  0.00000000000  0.00000000000  0.00000000000
 -0.00084183890 -0.00003708652 -0.00039072737 -0.00045234339 -0.00033996857  0.00000000000  0.00000000000  0.00000000000  0.00000000000  0.00000000000  0.00080758323 -0.00020296982  0.00053527842  0.00000000000 -0.00036329638  0.00000000000  0.00000000000  0.00000000000  0.00000000000  0.00000000000  0.00001230588  0.00032073195 -0.00000292346 -0.00069282118  0.00000857521  0.00000000000  0.00000000000  0.00000000000  0.00000000000  0.00000000000  0.00000211636  0.00000000000 -0.00000263322 -0.00058728995 -0.00001744942  0.00000000000  0.00000000000  0.00000000000  0.00000000000  0.00000000000
 -0.00058179504  0.00039840286  0.00000000000  0.00039840286  0.00058179504  0.00000000000  0.00000000000  0.00000000000  0.00000000000  0.00000000000 -0.00017225876 -0.00053527842  0.00000000000 -0.00053527842  0.00017225876  0.00000000000  0.00000000000  0.00000000000  0.00000000000  0.00000000000 -0.00007537202  0.00000224816  0.00000000000  0.00000224816  0.00007537202  0.00000000000  0.00000000000  0.00000000000  0.00000000000  0.00000000000 -0.00039130507  0.00000263322  0.00000000000  0.00000263322  0.00039130507  0.00000000000  0.00000000000  0.00000000000  0.00000000000  0.00000000000
 -0.00033996857  0.00045234339 -0.00039072737  0.00003708652 -0.00084183890  0.00000000000  0.00000000000  0.00000000000  0.00000000000  0.00000000000 -0.00036329638 -0.00000000000  0.00053527842  0.00020296982  0.00080758323  0.00000000000  0.00000000000  0.00000000000  0.00000000000  0.00000000000  0.00000857521  0.00069282118 -0.00000292346 -0.00032073195  0.00001230588  0.00000000000  0.00000000000  0.00000000000  0.00000000000  0.00000000000 -0.00001744942  0.00058728995 -0.00000263322  0.00000000000  0.00000211636  0.00000000000  0.00000000000  0.00000000000  0.00000000000  0.00000000000
  0.00000000000  0.00036877471 -0.00058179504  0.00084115777 -0.00000284635  0.00000000000  0.00000000000  0.00000000000  0.00000000000  0.00000000000 -0.00000000000  0.00036329638  0.00017225876 -0.00080758323 -0.00007460483  0.00000000000  0.00000000000  0.00000000000  0.00000000000  0.00000000000 -0.00110644516  0.00000107074 -0.00014830695  0.00000405578 -0.00031069702  0.00000000000  0.00000000000  0.00000000000  0.00000000000  0.00000000000 -0.00000000000  0.00001744942 -0.00039130507 -0.00000211636  0.00000000000  0.00000000000  0.00000000000  0.00000000000  0.00000000000  0.00000000000
  0.00000000000  0.00000000000  0.00000000000  0.00000000000  0.00000000000  0.00000287192  0.00070948608  0.00050068470  0.00031662950 -0.00000000000  0.00000000000  0.00000000000  0.00000000000  0.00000000000  0.00000000000  0.00006113572 -0.00068324897 -0.00014202955  0.00030536929 -0.00000000000  0.00000000000  0.00000000000  0.00000000000  0.00000000000  0.00000000000  0.00025593165  0.00000414082  0.00013761017  0.00000015490  0.00093501511  0.00000000000  0.00000000000  0.00000000000  0.00000000000  0.00000000000  0.00000000000  0.00000110759  0.00036076562  0.00001558492 -0.00000000000
  0.00000000000  0.00000000000  0.00000000000  0.00000000000  0.00000000000 -0.00071000037 -0.00004287588 -0.00032886364 -0.00037129073 -0.00028666618  0.00000000000  0.00000000000  0.00000000000  0.00000000000  0.00000000000  0.00068324897 -0.00018337014  0.00046421981  0.00000000000 -0.00030536929  0.00000000000  0.00000000000  0.00000000000  0.00000000000  0.00000000000  0.00000959458  0.00026500509 -0.00000562653 -0.00059231485  0.00001106052  0.00000000000  0.00000000000  0.00000000000  0.00000000000  0.00000000000 -0.00000110759  0.00000000000 -0.00000616131 -0.00047844804 -0.00001558492
  0.00000000000  0.00000000000  0.00000000000  0.00000000000  0.00000000000 -0.00050068470  0.00034140063  0.00000000000  0.00034140063  0.00050068470  0.00000000000  0.00000000000  0.00000000000  0.00000000000  0.00000000000 -0.00014202955 -0.00046421981  0.00000000000 -0.00046421981  0.00014202955  0.00000000000  0.00000000000  0.00000000000  0.00000000000  0.00000000000 -0.00005810626  0.00000171329 -0.00000000000  0.00000171329  0.00005810626  0.00000000000  0.00000000000  0.00000000000  0.00000000000  0.00000000000 -0.00036076562  0.00000616131  0.00000000000  0.00000616131  0.00036076562
  0.00000000000  0.00000000000  0.00000000000  0.00000000000  0.00000000000 -0.00028666618  0.00037129073 -0.00032886364  0.00004287588 -0.00071000037  0.00000000000  0.00000000000  0.00000000000  0.00000000000  0.00000000000 -0.00030536929  0.00000000000  0.00046421981  0.00018337014  0.00068324897  0.00000000000  0.00000000000  0.00000000000  0.00000000000  0.00000000000  0.00001106052  0.00059231485 -0.00000562653 -0.00026500509  0.00000959458  0.00000000000  0.00000000000  0.00000000000  0.00000000000  0.00000000000 -0.00001558492  0.00047844804 -0.00000616131  0.00000000000 -0.00000110759
  0.00000000000  0.00000000000  0.00000000000  0.00000000000  0.00000000000  0.00000000000  0.00031662950 -0.00050068470  0.00070948608 -0.00000287192  0.00000000000  0.00000000000  0.00000000000  0.00000000000  0.00000000000  0.00000000000  0.00030536929  0.00014202955 -0.00068324897 -0.00006113572  0.00000000000  0.00000000000  0.00000000000  0.00000000000  0.00000000000 -0.00093501511  0.00000015490 -0.00013761017  0.00000414082 -0.00025593165  0.00000000000  0.00000000000  0.00000000000  0.00000000000  0.00000000000  0.00000000000  0.00001558492 -0.00036076562  0.00000110759  0.00000000000
 
 Warning : Could not find the sig file!
 Jij: The chemical potential is taken from the LDA calculation.
 
 Index of cluster, used for the Jij projection:      1
   nsites in this cluster (should be 1)           1
 
  Start calculating inter-atomic exchange using LKAG formalism.
 
  Non-relativistic formulation (isotropic exchange)
 
  INFO: Localised basis will be constructed using projections of BRIANNA
   You have chosen MTH projection
 
  The following chemical potential will be used:     0.820506
 
  List of neighbours will be generated automatically
 Radius of cluster to look for neighbours [in a] :    3.5000
  Maximal translations in each direction           4           4           5
  Total number of generated neighbours:         852
  INFO: UppASD outfile (jfile) will be produced
  Number of generated inequivalent neighbours:         852
 
 
  ----- Exchange parameters: initialisation  -----
  Structural information: 
  Central   7 (type   3) at   -1.60554  -3.42094   2.10562
  Neighbor  6 (type   2) at   -3.42094  -1.60554   6.31685 ; dist:    4.9321 a.u. (d/a= 0.4906 )[  1 ]
  Neighbor  6 (type   2) at   -3.42094  -1.60554  -2.10562 ; dist:    4.9321 a.u. (d/a= 0.4906 )[  1 ]
  Neighbor  5 (type   1) at   -1.60554  -6.63202  -2.10562 ; dist:    5.2958 a.u. (d/a= 0.5268 )[  1 ]
  Neighbor  5 (type   1) at   -1.60554  -6.63202   6.31685 ; dist:    5.2958 a.u. (d/a= 0.5268 )[  1 ]
  Neighbor  8 (type   4) at   -3.42094  -8.44742   2.10562 ; dist:    5.3443 a.u. (d/a= 0.5316 )[  1 ]
  Neighbor  8 (type   4) at   -3.42094   1.60554   2.10562 ; dist:    5.3443 a.u. (d/a= 0.5316 )[  1 ]
  Neighbor  5 (type   1) at   -1.60554   3.42094  -2.10562 ; dist:    8.0340 a.u. (d/a= 0.7992 )[  1 ]
  Neighbor  5 (type   1) at   -1.60554   3.42094   6.31685 ; dist:    8.0340 a.u. (d/a= 0.7992 )[  1 ]
  Neighbor  7 (type   3) at   -1.60554  -3.42094  -6.31685 ; dist:    8.4225 a.u. (d/a= 0.8378 )[  1 ]
  Neighbor  7 (type   3) at   -1.60554  -3.42094  10.52808 ; dist:    8.4225 a.u. (d/a= 0.8378 )[  1 ]
  Neighbor  6 (type   2) at   -3.42094 -11.65850   6.31685 ; dist:    9.4280 a.u. (d/a= 0.9378 )[  1 ]
  Neighbor  6 (type   2) at    6.63202  -1.60554   6.31685 ; dist:    9.4280 a.u. (d/a= 0.9378 )[  1 ]
  Neighbor  6 (type   2) at   -3.42094 -11.65850  -2.10562 ; dist:    9.4280 a.u. (d/a= 0.9378 )[  1 ]
  Neighbor  6 (type   2) at    6.63202  -1.60554  -2.10562 ; dist:    9.4280 a.u. (d/a= 0.9378 )[  1 ]
  Neighbor  8 (type   4) at    6.63202  -8.44742   2.10562 ; dist:    9.6500 a.u. (d/a= 0.9599 )[  1 ]
  Neighbor  8 (type   4) at    6.63202   1.60554   2.10562 ; dist:    9.6500 a.u. (d/a= 0.9599 )[  1 ]
  Neighbor  8 (type   4) at   -3.42094  -8.44742  10.52808 ; dist:    9.9749 a.u. (d/a= 0.9922 )[  1 ]
  Neighbor  8 (type   4) at   -3.42094   1.60554  10.52808 ; dist:    9.9749 a.u. (d/a= 0.9922 )[  1 ]
  Neighbor  8 (type   4) at   -3.42094  -8.44742  -6.31685 ; dist:    9.9749 a.u. (d/a= 0.9922 )[  1 ]
  Neighbor  8 (type   4) at   -3.42094   1.60554  -6.31685 ; dist:    9.9749 a.u. (d/a= 0.9922 )[  1 ]
  Neighbor  7 (type   3) at  -11.65850  -3.42094   2.10562 ; dist:   10.0530 a.u. (d/a= 1.0000 )[  1 ]
  Neighbor  7 (type   3) at   -1.60554   6.63202   2.10562 ; dist:   10.0530 a.u. (d/a= 1.0000 )[  1 ]
  Neighbor  7 (type   3) at    8.44742  -3.42094   2.10562 ; dist:   10.0530 a.u. (d/a= 1.0000 )[  1 ]
  Neighbor  7 (type   3) at   -1.60554 -13.47390   2.10562 ; dist:   10.0530 a.u. (d/a= 1.0000 )[  1 ]
  Neighbor  5 (type   1) at  -11.65850  -6.63202  -2.10562 ; dist:   11.3625 a.u. (d/a= 1.1303 )[  1 ]
  Neighbor  5 (type   1) at    8.44742  -6.63202  -2.10562 ; dist:   11.3625 a.u. (d/a= 1.1303 )[  1 ]
  Neighbor  5 (type   1) at  -11.65850  -6.63202   6.31685 ; dist:   11.3625 a.u. (d/a= 1.1303 )[  1 ]
  Neighbor  5 (type   1) at    8.44742  -6.63202   6.31685 ; dist:   11.3625 a.u. (d/a= 1.1303 )[  1 ]
  Neighbor  6 (type   2) at    6.63202 -11.65850   6.31685 ; dist:   12.3875 a.u. (d/a= 1.2322 )[  1 ]
  Neighbor  6 (type   2) at    6.63202 -11.65850  -2.10562 ; dist:   12.3875 a.u. (d/a= 1.2322 )[  1 ]
  Neighbor  6 (type   2) at  -13.47390  -1.60554   6.31685 ; dist:   12.7235 a.u. (d/a= 1.2657 )[  1 ]
  Neighbor  6 (type   2) at   -3.42094   8.44742   6.31685 ; dist:   12.7235 a.u. (d/a= 1.2657 )[  1 ]
  Neighbor  6 (type   2) at  -13.47390  -1.60554  -2.10562 ; dist:   12.7235 a.u. (d/a= 1.2657 )[  1 ]
  Neighbor  6 (type   2) at   -3.42094   8.44742  -2.10562 ; dist:   12.7235 a.u. (d/a= 1.2657 )[  1 ]
  Neighbor  8 (type   4) at    6.63202  -8.44742  10.52808 ; dist:   12.8086 a.u. (d/a= 1.2741 )[  1 ]
  Neighbor  8 (type   4) at    6.63202   1.60554  10.52808 ; dist:   12.8086 a.u. (d/a= 1.2741 )[  1 ]
  Neighbor  8 (type   4) at    6.63202  -8.44742  -6.31685 ; dist:   12.8086 a.u. (d/a= 1.2741 )[  1 ]
  Neighbor  8 (type   4) at    6.63202   1.60554  -6.31685 ; dist:   12.8086 a.u. (d/a= 1.2741 )[  1 ]
  Neighbor  5 (type   1) at  -11.65850   3.42094  -2.10562 ; dist:   12.8689 a.u. (d/a= 1.2801 )[  1 ]
  Neighbor  5 (type   1) at    8.44742   3.42094  -2.10562 ; dist:   12.8689 a.u. (d/a= 1.2801 )[  1 ]
  Neighbor  5 (type   1) at  -11.65850   3.42094   6.31685 ; dist:   12.8689 a.u. (d/a= 1.2801 )[  1 ]
  Neighbor  5 (type   1) at    8.44742   3.42094   6.31685 ; dist:   12.8689 a.u. (d/a= 1.2801 )[  1 ]
  Neighbor  8 (type   4) at  -13.47390  -8.44742   2.10562 ; dist:   12.8889 a.u. (d/a= 1.2821 )[  1 ]
  Neighbor  8 (type   4) at  -13.47390   1.60554   2.10562 ; dist:   12.8889 a.u. (d/a= 1.2821 )[  1 ]
  Neighbor  6 (type   2) at   -3.42094  -1.60554  14.73932 ; dist:   12.8919 a.u. (d/a= 1.2824 )[  1 ]
  Neighbor  6 (type   2) at   -3.42094  -1.60554 -10.52808 ; dist:   12.8919 a.u. (d/a= 1.2824 )[  1 ]
  Neighbor  5 (type   1) at   -1.60554  -6.63202 -10.52808 ; dist:   13.0354 a.u. (d/a= 1.2967 )[  1 ]
  Neighbor  5 (type   1) at   -1.60554  -6.63202  14.73932 ; dist:   13.0354 a.u. (d/a= 1.2967 )[  1 ]
  Neighbor  7 (type   3) at  -11.65850  -3.42094  -6.31685 ; dist:   13.1149 a.u. (d/a= 1.3046 )[  1 ]
  Neighbor  7 (type   3) at  -11.65850  -3.42094  10.52808 ; dist:   13.1149 a.u. (d/a= 1.3046 )[  1 ]
  Neighbor  7 (type   3) at   -1.60554   6.63202  -6.31685 ; dist:   13.1149 a.u. (d/a= 1.3046 )[  1 ]
  Neighbor  7 (type   3) at   -1.60554   6.63202  10.52808 ; dist:   13.1149 a.u. (d/a= 1.3046 )[  1 ]
  Neighbor  7 (type   3) at    8.44742  -3.42094  -6.31685 ; dist:   13.1149 a.u. (d/a= 1.3046 )[  1 ]
  Neighbor  7 (type   3) at    8.44742  -3.42094  10.52808 ; dist:   13.1149 a.u. (d/a= 1.3046 )[  1 ]
  Neighbor  7 (type   3) at   -1.60554 -13.47390  -6.31685 ; dist:   13.1149 a.u. (d/a= 1.3046 )[  1 ]
  Neighbor  7 (type   3) at   -1.60554 -13.47390  10.52808 ; dist:   13.1149 a.u. (d/a= 1.3046 )[  1 ]
  Neighbor  5 (type   1) at   -1.60554 -16.68498  -2.10562 ; dist:   13.9165 a.u. (d/a= 1.3843 )[  1 ]
  Neighbor  5 (type   1) at   -1.60554 -16.68498   6.31685 ; dist:   13.9165 a.u. (d/a= 1.3843 )[  1 ]
  Neighbor  7 (type   3) at  -11.65850   6.63202   2.10562 ; dist:   14.2170 a.u. (d/a= 1.4142 )[  1 ]
  Neighbor  7 (type   3) at    8.44742   6.63202   2.10562 ; dist:   14.2170 a.u. (d/a= 1.4142 )[  1 ]
  Neighbor  7 (type   3) at  -11.65850 -13.47390   2.10562 ; dist:   14.2170 a.u. (d/a= 1.4142 )[  1 ]
  Neighbor  7 (type   3) at    8.44742 -13.47390   2.10562 ; dist:   14.2170 a.u. (d/a= 1.4142 )[  1 ]
  Neighbor  5 (type   1) at   -1.60554   3.42094 -10.52808 ; dist:   14.3674 a.u. (d/a= 1.4292 )[  1 ]
  Neighbor  5 (type   1) at   -1.60554   3.42094  14.73932 ; dist:   14.3674 a.u. (d/a= 1.4292 )[  1 ]
  Neighbor  6 (type   2) at  -13.47390 -11.65850   6.31685 ; dist:   15.0483 a.u. (d/a= 1.4969 )[  1 ]
  Neighbor  6 (type   2) at    6.63202   8.44742   6.31685 ; dist:   15.0483 a.u. (d/a= 1.4969 )[  1 ]
  Neighbor  6 (type   2) at  -13.47390 -11.65850  -2.10562 ; dist:   15.0483 a.u. (d/a= 1.4969 )[  1 ]
  Neighbor  6 (type   2) at    6.63202   8.44742  -2.10562 ; dist:   15.0483 a.u. (d/a= 1.4969 )[  1 ]
  Neighbor  8 (type   4) at   -3.42094 -18.50038   2.10562 ; dist:   15.1883 a.u. (d/a= 1.5108 )[  1 ]
  Neighbor  8 (type   4) at   -3.42094  11.65850   2.10562 ; dist:   15.1883 a.u. (d/a= 1.5108 )[  1 ]
  Neighbor  6 (type   2) at   -3.42094 -11.65850  14.73932 ; dist:   15.1909 a.u. (d/a= 1.5111 )[  1 ]
  Neighbor  6 (type   2) at    6.63202  -1.60554  14.73932 ; dist:   15.1909 a.u. (d/a= 1.5111 )[  1 ]
  Neighbor  6 (type   2) at   -3.42094 -11.65850 -10.52808 ; dist:   15.1909 a.u. (d/a= 1.5111 )[  1 ]
  Neighbor  6 (type   2) at    6.63202  -1.60554 -10.52808 ; dist:   15.1909 a.u. (d/a= 1.5111 )[  1 ]
  Neighbor  8 (type   4) at  -13.47390  -8.44742  10.52808 ; dist:   15.3968 a.u. (d/a= 1.5316 )[  1 ]
  Neighbor  8 (type   4) at  -13.47390   1.60554  10.52808 ; dist:   15.3968 a.u. (d/a= 1.5316 )[  1 ]
  Neighbor  8 (type   4) at  -13.47390  -8.44742  -6.31685 ; dist:   15.3968 a.u. (d/a= 1.5316 )[  1 ]
  Neighbor  8 (type   4) at  -13.47390   1.60554  -6.31685 ; dist:   15.3968 a.u. (d/a= 1.5316 )[  1 ]
  Neighbor  5 (type   1) at  -11.65850  -6.63202 -10.52808 ; dist:   16.4616 a.u. (d/a= 1.6375 )[  1 ]
  Neighbor  5 (type   1) at    8.44742  -6.63202 -10.52808 ; dist:   16.4616 a.u. (d/a= 1.6375 )[  1 ]
  Neighbor  5 (type   1) at  -11.65850  -6.63202  14.73932 ; dist:   16.4616 a.u. (d/a= 1.6375 )[  1 ]
  Neighbor  5 (type   1) at    8.44742  -6.63202  14.73932 ; dist:   16.4616 a.u. (d/a= 1.6375 )[  1 ]
  Neighbor  7 (type   3) at  -11.65850 -13.47390  -6.31685 ; dist:   16.5246 a.u. (d/a= 1.6438 )[  1 ]
  Neighbor  7 (type   3) at  -11.65850 -13.47390  10.52808 ; dist:   16.5246 a.u. (d/a= 1.6438 )[  1 ]
  Neighbor  7 (type   3) at  -11.65850   6.63202  -6.31685 ; dist:   16.5246 a.u. (d/a= 1.6438 )[  1 ]
  Neighbor  7 (type   3) at  -11.65850   6.63202  10.52808 ; dist:   16.5246 a.u. (d/a= 1.6438 )[  1 ]
  Neighbor  7 (type   3) at    8.44742 -13.47390  -6.31685 ; dist:   16.5246 a.u. (d/a= 1.6438 )[  1 ]
  Neighbor  7 (type   3) at    8.44742 -13.47390  10.52808 ; dist:   16.5246 a.u. (d/a= 1.6438 )[  1 ]
  Neighbor  7 (type   3) at    8.44742   6.63202  -6.31685 ; dist:   16.5246 a.u. (d/a= 1.6438 )[  1 ]
  Neighbor  7 (type   3) at    8.44742   6.63202  10.52808 ; dist:   16.5246 a.u. (d/a= 1.6438 )[  1 ]
  Neighbor  7 (type   3) at   -1.60554  -3.42094 -14.73932 ; dist:   16.8449 a.u. (d/a= 1.6756 )[  1 ]
  Neighbor  7 (type   3) at   -1.60554  -3.42094  18.95055 ; dist:   16.8449 a.u. (d/a= 1.6756 )[  1 ]
  Neighbor  5 (type   1) at  -11.65850 -16.68498  -2.10562 ; dist:   17.1677 a.u. (d/a= 1.7077 )[  1 ]
  Neighbor  5 (type   1) at    8.44742 -16.68498  -2.10562 ; dist:   17.1677 a.u. (d/a= 1.7077 )[  1 ]
  Neighbor  5 (type   1) at  -11.65850 -16.68498   6.31685 ; dist:   17.1677 a.u. (d/a= 1.7077 )[  1 ]
  Neighbor  5 (type   1) at    8.44742 -16.68498   6.31685 ; dist:   17.1677 a.u. (d/a= 1.7077 )[  1 ]
  Neighbor  8 (type   4) at    6.63202 -18.50038   2.10562 ; dist:   17.1828 a.u. (d/a= 1.7092 )[  1 ]
  Neighbor  8 (type   4) at    6.63202  11.65850   2.10562 ; dist:   17.1828 a.u. (d/a= 1.7092 )[  1 ]
  Neighbor  6 (type   2) at    6.63202 -11.65850  14.73932 ; dist:   17.1850 a.u. (d/a= 1.7094 )[  1 ]
  Neighbor  6 (type   2) at    6.63202 -11.65850 -10.52808 ; dist:   17.1850 a.u. (d/a= 1.7094 )[  1 ]
  Neighbor  6 (type   2) at  -13.47390   8.44742   6.31685 ; dist:   17.3046 a.u. (d/a= 1.7213 )[  1 ]
  Neighbor  6 (type   2) at  -13.47390   8.44742  -2.10562 ; dist:   17.3046 a.u. (d/a= 1.7213 )[  1 ]
  Neighbor  8 (type   4) at   -3.42094 -18.50038  10.52808 ; dist:   17.3673 a.u. (d/a= 1.7276 )[  1 ]
  Neighbor  8 (type   4) at   -3.42094  11.65850  10.52808 ; dist:   17.3673 a.u. (d/a= 1.7276 )[  1 ]
  Neighbor  8 (type   4) at   -3.42094 -18.50038  -6.31685 ; dist:   17.3673 a.u. (d/a= 1.7276 )[  1 ]
  Neighbor  8 (type   4) at   -3.42094  11.65850  -6.31685 ; dist:   17.3673 a.u. (d/a= 1.7276 )[  1 ]
  Neighbor  5 (type   1) at   -1.60554  13.47390  -2.10562 ; dist:   17.4118 a.u. (d/a= 1.7320 )[  1 ]
  Neighbor  5 (type   1) at   -1.60554  13.47390   6.31685 ; dist:   17.4118 a.u. (d/a= 1.7320 )[  1 ]
  Neighbor  6 (type   2) at  -13.47390  -1.60554  14.73932 ; dist:   17.4288 a.u. (d/a= 1.7337 )[  1 ]
  Neighbor  6 (type   2) at   -3.42094   8.44742  14.73932 ; dist:   17.4288 a.u. (d/a= 1.7337 )[  1 ]
  Neighbor  6 (type   2) at  -13.47390  -1.60554 -10.52808 ; dist:   17.4288 a.u. (d/a= 1.7337 )[  1 ]
  Neighbor  6 (type   2) at   -3.42094   8.44742 -10.52808 ; dist:   17.4288 a.u. (d/a= 1.7337 )[  1 ]
  Neighbor  5 (type   1) at  -11.65850   3.42094 -10.52808 ; dist:   17.5352 a.u. (d/a= 1.7443 )[  1 ]
  Neighbor  5 (type   1) at    8.44742   3.42094 -10.52808 ; dist:   17.5352 a.u. (d/a= 1.7443 )[  1 ]
  Neighbor  5 (type   1) at  -11.65850   3.42094  14.73932 ; dist:   17.5352 a.u. (d/a= 1.7443 )[  1 ]
  Neighbor  5 (type   1) at    8.44742   3.42094  14.73932 ; dist:   17.5352 a.u. (d/a= 1.7443 )[  1 ]
  Neighbor  8 (type   4) at   -3.42094  -8.44742  18.95055 ; dist:   17.6724 a.u. (d/a= 1.7579 )[  1 ]
  Neighbor  8 (type   4) at   -3.42094   1.60554  18.95055 ; dist:   17.6724 a.u. (d/a= 1.7579 )[  1 ]
  Neighbor  8 (type   4) at   -3.42094  -8.44742 -14.73932 ; dist:   17.6724 a.u. (d/a= 1.7579 )[  1 ]
  Neighbor  8 (type   4) at   -3.42094   1.60554 -14.73932 ; dist:   17.6724 a.u. (d/a= 1.7579 )[  1 ]
  Neighbor  5 (type   1) at   -1.60554 -16.68498 -10.52808 ; dist:   18.3179 a.u. (d/a= 1.8221 )[  1 ]
  Neighbor  5 (type   1) at   -1.60554 -16.68498  14.73932 ; dist:   18.3179 a.u. (d/a= 1.8221 )[  1 ]
  Neighbor  6 (type   2) at   -3.42094 -21.71146   6.31685 ; dist:   18.8566 a.u. (d/a= 1.8757 )[  1 ]
  Neighbor  6 (type   2) at   16.68498  -1.60554   6.31685 ; dist:   18.8566 a.u. (d/a= 1.8757 )[  1 ]
  Neighbor  6 (type   2) at   -3.42094 -21.71146  -2.10562 ; dist:   18.8566 a.u. (d/a= 1.8757 )[  1 ]
  Neighbor  6 (type   2) at   16.68498  -1.60554  -2.10562 ; dist:   18.8566 a.u. (d/a= 1.8757 )[  1 ]
  Neighbor  8 (type   4) at   16.68498  -8.44742   2.10562 ; dist:   18.9686 a.u. (d/a= 1.8869 )[  1 ]
  Neighbor  8 (type   4) at   16.68498   1.60554   2.10562 ; dist:   18.9686 a.u. (d/a= 1.8869 )[  1 ]
  Neighbor  8 (type   4) at    6.63202 -18.50038  10.52808 ; dist:   19.1360 a.u. (d/a= 1.9035 )[  1 ]
  Neighbor  8 (type   4) at    6.63202  11.65850  10.52808 ; dist:   19.1360 a.u. (d/a= 1.9035 )[  1 ]
  Neighbor  8 (type   4) at    6.63202 -18.50038  -6.31685 ; dist:   19.1360 a.u. (d/a= 1.9035 )[  1 ]
  Neighbor  8 (type   4) at    6.63202  11.65850  -6.31685 ; dist:   19.1360 a.u. (d/a= 1.9035 )[  1 ]
  Neighbor  8 (type   4) at  -13.47390 -18.50038   2.10562 ; dist:   19.1898 a.u. (d/a= 1.9089 )[  1 ]
  Neighbor  8 (type   4) at  -13.47390  11.65850   2.10562 ; dist:   19.1898 a.u. (d/a= 1.9089 )[  1 ]
  Neighbor  6 (type   2) at  -13.47390 -11.65850  14.73932 ; dist:   19.1918 a.u. (d/a= 1.9091 )[  1 ]
  Neighbor  6 (type   2) at    6.63202   8.44742  14.73932 ; dist:   19.1918 a.u. (d/a= 1.9091 )[  1 ]
  Neighbor  6 (type   2) at  -13.47390 -11.65850 -10.52808 ; dist:   19.1918 a.u. (d/a= 1.9091 )[  1 ]
  Neighbor  6 (type   2) at    6.63202   8.44742 -10.52808 ; dist:   19.1918 a.u. (d/a= 1.9091 )[  1 ]
  Neighbor  8 (type   4) at    6.63202  -8.44742  18.95055 ; dist:   19.4133 a.u. (d/a= 1.9311 )[  1 ]
  Neighbor  8 (type   4) at    6.63202   1.60554  18.95055 ; dist:   19.4133 a.u. (d/a= 1.9311 )[  1 ]
  Neighbor  8 (type   4) at    6.63202  -8.44742 -14.73932 ; dist:   19.4133 a.u. (d/a= 1.9311 )[  1 ]
  Neighbor  8 (type   4) at    6.63202   1.60554 -14.73932 ; dist:   19.4133 a.u. (d/a= 1.9311 )[  1 ]
  Neighbor  7 (type   3) at  -11.65850  -3.42094 -14.73932 ; dist:   19.6167 a.u. (d/a= 1.9513 )[  1 ]
  Neighbor  7 (type   3) at  -11.65850  -3.42094  18.95055 ; dist:   19.6167 a.u. (d/a= 1.9513 )[  1 ]
  Neighbor  7 (type   3) at   -1.60554 -13.47390 -14.73932 ; dist:   19.6167 a.u. (d/a= 1.9513 )[  1 ]
  Neighbor  7 (type   3) at   -1.60554 -13.47390  18.95055 ; dist:   19.6167 a.u. (d/a= 1.9513 )[  1 ]
  Neighbor  7 (type   3) at   -1.60554   6.63202 -14.73932 ; dist:   19.6167 a.u. (d/a= 1.9513 )[  1 ]
  Neighbor  7 (type   3) at   -1.60554   6.63202  18.95055 ; dist:   19.6167 a.u. (d/a= 1.9513 )[  1 ]
  Neighbor  7 (type   3) at    8.44742  -3.42094 -14.73932 ; dist:   19.6167 a.u. (d/a= 1.9513 )[  1 ]
  Neighbor  7 (type   3) at    8.44742  -3.42094  18.95055 ; dist:   19.6167 a.u. (d/a= 1.9513 )[  1 ]
  Neighbor  5 (type   1) at  -11.65850  13.47390  -2.10562 ; dist:   20.1055 a.u. (d/a= 2.0000 )[  1 ]
  Neighbor  5 (type   1) at    8.44742  13.47390  -2.10562 ; dist:   20.1055 a.u. (d/a= 2.0000 )[  1 ]
  Neighbor  5 (type   1) at  -11.65850  13.47390   6.31685 ; dist:   20.1055 a.u. (d/a= 2.0000 )[  1 ]
  Neighbor  5 (type   1) at    8.44742  13.47390   6.31685 ; dist:   20.1055 a.u. (d/a= 2.0000 )[  1 ]
  Neighbor  7 (type   3) at  -21.71146  -3.42094   2.10562 ; dist:   20.1059 a.u. (d/a= 2.0000 )[  1 ]
  Neighbor  7 (type   3) at   -1.60554 -23.52686   2.10562 ; dist:   20.1059 a.u. (d/a= 2.0000 )[  1 ]
  Neighbor  7 (type   3) at   -1.60554  16.68498   2.10562 ; dist:   20.1059 a.u. (d/a= 2.0000 )[  1 ]
  Neighbor  7 (type   3) at   18.50038  -3.42094   2.10562 ; dist:   20.1059 a.u. (d/a= 2.0000 )[  1 ]
  Neighbor  6 (type   2) at    6.63202 -21.71146   6.31685 ; dist:   20.4972 a.u. (d/a= 2.0389 )[  1 ]
  Neighbor  6 (type   2) at   16.68498 -11.65850   6.31685 ; dist:   20.4972 a.u. (d/a= 2.0389 )[  1 ]
  Neighbor  6 (type   2) at    6.63202 -21.71146  -2.10562 ; dist:   20.4972 a.u. (d/a= 2.0389 )[  1 ]
  Neighbor  6 (type   2) at   16.68498 -11.65850  -2.10562 ; dist:   20.4972 a.u. (d/a= 2.0389 )[  1 ]
  Neighbor  8 (type   4) at   16.68498  -8.44742  10.52808 ; dist:   20.7544 a.u. (d/a= 2.0645 )[  1 ]
  Neighbor  8 (type   4) at   16.68498   1.60554  10.52808 ; dist:   20.7544 a.u. (d/a= 2.0645 )[  1 ]
  Neighbor  8 (type   4) at   16.68498  -8.44742  -6.31685 ; dist:   20.7544 a.u. (d/a= 2.0645 )[  1 ]
  Neighbor  8 (type   4) at   16.68498   1.60554  -6.31685 ; dist:   20.7544 a.u. (d/a= 2.0645 )[  1 ]
  Neighbor  5 (type   1) at  -21.71146  -6.63202  -2.10562 ; dist:   20.7917 a.u. (d/a= 2.0682 )[  1 ]
  Neighbor  5 (type   1) at   18.50038  -6.63202  -2.10562 ; dist:   20.7917 a.u. (d/a= 2.0682 )[  1 ]
  Neighbor  5 (type   1) at  -21.71146  -6.63202   6.31685 ; dist:   20.7917 a.u. (d/a= 2.0682 )[  1 ]
  Neighbor  5 (type   1) at   18.50038  -6.63202   6.31685 ; dist:   20.7917 a.u. (d/a= 2.0682 )[  1 ]
  Neighbor  5 (type   1) at  -11.65850 -16.68498 -10.52808 ; dist:   20.8951 a.u. (d/a= 2.0785 )[  1 ]
  Neighbor  5 (type   1) at    8.44742 -16.68498 -10.52808 ; dist:   20.8951 a.u. (d/a= 2.0785 )[  1 ]
  Neighbor  5 (type   1) at  -11.65850 -16.68498  14.73932 ; dist:   20.8951 a.u. (d/a= 2.0785 )[  1 ]
  Neighbor  5 (type   1) at    8.44742 -16.68498  14.73932 ; dist:   20.8951 a.u. (d/a= 2.0785 )[  1 ]
  Neighbor  8 (type   4) at  -13.47390 -18.50038  10.52808 ; dist:   20.9568 a.u. (d/a= 2.0846 )[  1 ]
  Neighbor  8 (type   4) at  -13.47390  11.65850  10.52808 ; dist:   20.9568 a.u. (d/a= 2.0846 )[  1 ]
  Neighbor  8 (type   4) at  -13.47390 -18.50038  -6.31685 ; dist:   20.9568 a.u. (d/a= 2.0846 )[  1 ]
  Neighbor  8 (type   4) at  -13.47390  11.65850  -6.31685 ; dist:   20.9568 a.u. (d/a= 2.0846 )[  1 ]
  Neighbor  6 (type   2) at  -13.47390   8.44742  14.73932 ; dist:   21.0078 a.u. (d/a= 2.0897 )[  1 ]
  Neighbor  6 (type   2) at  -13.47390   8.44742 -10.52808 ; dist:   21.0078 a.u. (d/a= 2.0897 )[  1 ]
  Neighbor  5 (type   1) at   -1.60554  13.47390 -10.52808 ; dist:   21.0961 a.u. (d/a= 2.0985 )[  1 ]
  Neighbor  5 (type   1) at   -1.60554  13.47390  14.73932 ; dist:   21.0961 a.u. (d/a= 2.0985 )[  1 ]
  Neighbor  8 (type   4) at  -13.47390  -8.44742  18.95055 ; dist:   21.2103 a.u. (d/a= 2.1099 )[  1 ]
  Neighbor  8 (type   4) at  -13.47390   1.60554  18.95055 ; dist:   21.2103 a.u. (d/a= 2.1099 )[  1 ]
  Neighbor  8 (type   4) at  -13.47390  -8.44742 -14.73932 ; dist:   21.2103 a.u. (d/a= 2.1099 )[  1 ]
  Neighbor  8 (type   4) at  -13.47390   1.60554 -14.73932 ; dist:   21.2103 a.u. (d/a= 2.1099 )[  1 ]
  Neighbor  6 (type   2) at   -3.42094  -1.60554  23.16178 ; dist:   21.2121 a.u. (d/a= 2.1100 )[  1 ]
  Neighbor  6 (type   2) at   -3.42094  -1.60554 -18.95055 ; dist:   21.2121 a.u. (d/a= 2.1100 )[  1 ]
  Neighbor  5 (type   1) at   -1.60554  -6.63202 -18.95055 ; dist:   21.2996 a.u. (d/a= 2.1187 )[  1 ]
  Neighbor  5 (type   1) at   -1.60554  -6.63202  23.16178 ; dist:   21.2996 a.u. (d/a= 2.1187 )[  1 ]
  Neighbor  5 (type   1) at  -21.71146   3.42094  -2.10562 ; dist:   21.6517 a.u. (d/a= 2.1538 )[  1 ]
  Neighbor  5 (type   1) at   18.50038   3.42094  -2.10562 ; dist:   21.6517 a.u. (d/a= 2.1538 )[  1 ]
  Neighbor  5 (type   1) at  -21.71146   3.42094   6.31685 ; dist:   21.6517 a.u. (d/a= 2.1538 )[  1 ]
  Neighbor  5 (type   1) at   18.50038   3.42094   6.31685 ; dist:   21.6517 a.u. (d/a= 2.1538 )[  1 ]
  Neighbor  7 (type   3) at  -21.71146  -3.42094  -6.31685 ; dist:   21.7988 a.u. (d/a= 2.1684 )[  1 ]
  Neighbor  7 (type   3) at  -21.71146  -3.42094  10.52808 ; dist:   21.7988 a.u. (d/a= 2.1684 )[  1 ]
  Neighbor  7 (type   3) at   -1.60554 -23.52686  -6.31685 ; dist:   21.7988 a.u. (d/a= 2.1684 )[  1 ]
  Neighbor  7 (type   3) at   -1.60554 -23.52686  10.52808 ; dist:   21.7988 a.u. (d/a= 2.1684 )[  1 ]
  Neighbor  7 (type   3) at   -1.60554  16.68498  -6.31685 ; dist:   21.7988 a.u. (d/a= 2.1684 )[  1 ]
  Neighbor  7 (type   3) at   -1.60554  16.68498  10.52808 ; dist:   21.7988 a.u. (d/a= 2.1684 )[  1 ]
  Neighbor  7 (type   3) at   18.50038  -3.42094  -6.31685 ; dist:   21.7988 a.u. (d/a= 2.1684 )[  1 ]
  Neighbor  7 (type   3) at   18.50038  -3.42094  10.52808 ; dist:   21.7988 a.u. (d/a= 2.1684 )[  1 ]
  Neighbor  7 (type   3) at  -11.65850 -13.47390 -14.73932 ; dist:   22.0426 a.u. (d/a= 2.1926 )[  1 ]
  Neighbor  7 (type   3) at  -11.65850 -13.47390  18.95055 ; dist:   22.0426 a.u. (d/a= 2.1926 )[  1 ]
  Neighbor  7 (type   3) at  -11.65850   6.63202 -14.73932 ; dist:   22.0426 a.u. (d/a= 2.1926 )[  1 ]
  Neighbor  7 (type   3) at  -11.65850   6.63202  18.95055 ; dist:   22.0426 a.u. (d/a= 2.1926 )[  1 ]
  Neighbor  7 (type   3) at    8.44742 -13.47390 -14.73932 ; dist:   22.0426 a.u. (d/a= 2.1926 )[  1 ]
  Neighbor  7 (type   3) at    8.44742 -13.47390  18.95055 ; dist:   22.0426 a.u. (d/a= 2.1926 )[  1 ]
  Neighbor  7 (type   3) at    8.44742   6.63202 -14.73932 ; dist:   22.0426 a.u. (d/a= 2.1926 )[  1 ]
  Neighbor  7 (type   3) at    8.44742   6.63202  18.95055 ; dist:   22.0426 a.u. (d/a= 2.1926 )[  1 ]
  Neighbor  5 (type   1) at   -1.60554   3.42094 -18.95055 ; dist:   22.1399 a.u. (d/a= 2.2023 )[  1 ]
  Neighbor  5 (type   1) at   -1.60554   3.42094  23.16178 ; dist:   22.1399 a.u. (d/a= 2.2023 )[  1 ]
  Neighbor  6 (type   2) at  -13.47390 -21.71146   6.31685 ; dist:   22.2067 a.u. (d/a= 2.2090 )[  1 ]
  Neighbor  6 (type   2) at   16.68498   8.44742   6.31685 ; dist:   22.2067 a.u. (d/a= 2.2090 )[  1 ]
  Neighbor  6 (type   2) at  -13.47390 -21.71146  -2.10562 ; dist:   22.2067 a.u. (d/a= 2.2090 )[  1 ]
  Neighbor  6 (type   2) at   16.68498   8.44742  -2.10562 ; dist:   22.2067 a.u. (d/a= 2.2090 )[  1 ]
  Neighbor  6 (type   2) at   -3.42094 -21.71146  14.73932 ; dist:   22.3036 a.u. (d/a= 2.2186 )[  1 ]
  Neighbor  6 (type   2) at   16.68498  -1.60554  14.73932 ; dist:   22.3036 a.u. (d/a= 2.2186 )[  1 ]
  Neighbor  6 (type   2) at   -3.42094 -21.71146 -10.52808 ; dist:   22.3036 a.u. (d/a= 2.2186 )[  1 ]
  Neighbor  6 (type   2) at   16.68498  -1.60554 -10.52808 ; dist:   22.3036 a.u. (d/a= 2.2186 )[  1 ]
  Neighbor  6 (type   2) at  -23.52686  -1.60554   6.31685 ; dist:   22.3959 a.u. (d/a= 2.2278 )[  1 ]
  Neighbor  6 (type   2) at   -3.42094  18.50038   6.31685 ; dist:   22.3959 a.u. (d/a= 2.2278 )[  1 ]
  Neighbor  6 (type   2) at   -3.42094  18.50038  -2.10562 ; dist:   22.3959 a.u. (d/a= 2.2278 )[  1 ]
  Neighbor  6 (type   2) at  -23.52686  -1.60554  -2.10562 ; dist:   22.3959 a.u. (d/a= 2.2278 )[  1 ]
  Neighbor  7 (type   3) at  -21.71146 -13.47390   2.10562 ; dist:   22.4791 a.u. (d/a= 2.2361 )[  1 ]
  Neighbor  7 (type   3) at  -21.71146   6.63202   2.10562 ; dist:   22.4791 a.u. (d/a= 2.2361 )[  1 ]
  Neighbor  7 (type   3) at  -11.65850 -23.52686   2.10562 ; dist:   22.4791 a.u. (d/a= 2.2361 )[  1 ]
  Neighbor  7 (type   3) at  -11.65850  16.68498   2.10562 ; dist:   22.4791 a.u. (d/a= 2.2361 )[  1 ]
  Neighbor  7 (type   3) at    8.44742 -23.52686   2.10562 ; dist:   22.4791 a.u. (d/a= 2.2361 )[  1 ]
  Neighbor  7 (type   3) at    8.44742  16.68498   2.10562 ; dist:   22.4791 a.u. (d/a= 2.2361 )[  1 ]
  Neighbor  7 (type   3) at   18.50038 -13.47390   2.10562 ; dist:   22.4791 a.u. (d/a= 2.2361 )[  1 ]
  Neighbor  7 (type   3) at   18.50038   6.63202   2.10562 ; dist:   22.4791 a.u. (d/a= 2.2361 )[  1 ]
  Neighbor  8 (type   4) at  -23.52686  -8.44742   2.10562 ; dist:   22.4902 a.u. (d/a= 2.2372 )[  1 ]
  Neighbor  8 (type   4) at  -23.52686   1.60554   2.10562 ; dist:   22.4902 a.u. (d/a= 2.2372 )[  1 ]
  Neighbor  8 (type   4) at   -3.42094 -18.50038  18.95055 ; dist:   22.6812 a.u. (d/a= 2.2562 )[  1 ]
  Neighbor  8 (type   4) at   -3.42094  11.65850  18.95055 ; dist:   22.6812 a.u. (d/a= 2.2562 )[  1 ]
  Neighbor  8 (type   4) at   -3.42094 -18.50038 -14.73932 ; dist:   22.6812 a.u. (d/a= 2.2562 )[  1 ]
  Neighbor  8 (type   4) at   -3.42094  11.65850 -14.73932 ; dist:   22.6812 a.u. (d/a= 2.2562 )[  1 ]
  Neighbor  6 (type   2) at   -3.42094 -11.65850  23.16178 ; dist:   22.6829 a.u. (d/a= 2.2563 )[  1 ]
  Neighbor  6 (type   2) at    6.63202  -1.60554  23.16178 ; dist:   22.6829 a.u. (d/a= 2.2563 )[  1 ]
  Neighbor  6 (type   2) at   -3.42094 -11.65850 -18.95055 ; dist:   22.6829 a.u. (d/a= 2.2563 )[  1 ]
  Neighbor  6 (type   2) at    6.63202  -1.60554 -18.95055 ; dist:   22.6829 a.u. (d/a= 2.2563 )[  1 ]
  Neighbor  5 (type   1) at  -11.65850  13.47390 -10.52808 ; dist:   23.3690 a.u. (d/a= 2.3246 )[  1 ]
  Neighbor  5 (type   1) at    8.44742  13.47390 -10.52808 ; dist:   23.3690 a.u. (d/a= 2.3246 )[  1 ]
  Neighbor  5 (type   1) at  -11.65850  13.47390  14.73932 ; dist:   23.3690 a.u. (d/a= 2.3246 )[  1 ]
  Neighbor  5 (type   1) at    8.44742  13.47390  14.73932 ; dist:   23.3690 a.u. (d/a= 2.3246 )[  1 ]
  Neighbor  5 (type   1) at  -11.65850  -6.63202 -18.95055 ; dist:   23.5528 a.u. (d/a= 2.3429 )[  1 ]
  Neighbor  5 (type   1) at    8.44742  -6.63202 -18.95055 ; dist:   23.5528 a.u. (d/a= 2.3429 )[  1 ]
  Neighbor  5 (type   1) at  -11.65850  -6.63202  23.16178 ; dist:   23.5528 a.u. (d/a= 2.3429 )[  1 ]
  Neighbor  5 (type   1) at    8.44742  -6.63202  23.16178 ; dist:   23.5528 a.u. (d/a= 2.3429 )[  1 ]
  Neighbor  5 (type   1) at   -1.60554 -26.73794  -2.10562 ; dist:   23.6942 a.u. (d/a= 2.3569 )[  1 ]
  Neighbor  5 (type   1) at   -1.60554 -26.73794   6.31685 ; dist:   23.6942 a.u. (d/a= 2.3569 )[  1 ]
  Neighbor  8 (type   4) at   16.68498 -18.50038   2.10562 ; dist:   23.7051 a.u. (d/a= 2.3580 )[  1 ]
  Neighbor  8 (type   4) at   16.68498  11.65850   2.10562 ; dist:   23.7051 a.u. (d/a= 2.3580 )[  1 ]
  Neighbor  6 (type   2) at    6.63202 -21.71146  14.73932 ; dist:   23.7068 a.u. (d/a= 2.3582 )[  1 ]
  Neighbor  6 (type   2) at   16.68498 -11.65850  14.73932 ; dist:   23.7068 a.u. (d/a= 2.3582 )[  1 ]
  Neighbor  6 (type   2) at    6.63202 -21.71146 -10.52808 ; dist:   23.7068 a.u. (d/a= 2.3582 )[  1 ]
  Neighbor  6 (type   2) at   16.68498 -11.65850 -10.52808 ; dist:   23.7068 a.u. (d/a= 2.3582 )[  1 ]
  Neighbor  6 (type   2) at  -23.52686 -11.65850   6.31685 ; dist:   23.7936 a.u. (d/a= 2.3668 )[  1 ]
  Neighbor  6 (type   2) at    6.63202  18.50038   6.31685 ; dist:   23.7936 a.u. (d/a= 2.3668 )[  1 ]
  Neighbor  6 (type   2) at  -23.52686 -11.65850  -2.10562 ; dist:   23.7936 a.u. (d/a= 2.3668 )[  1 ]
  Neighbor  6 (type   2) at    6.63202  18.50038  -2.10562 ; dist:   23.7936 a.u. (d/a= 2.3668 )[  1 ]
  Neighbor  5 (type   1) at  -21.71146  -6.63202 -10.52808 ; dist:   23.9618 a.u. (d/a= 2.3836 )[  1 ]
  Neighbor  5 (type   1) at   18.50038  -6.63202 -10.52808 ; dist:   23.9618 a.u. (d/a= 2.3836 )[  1 ]
  Neighbor  5 (type   1) at  -21.71146  -6.63202  14.73932 ; dist:   23.9618 a.u. (d/a= 2.3836 )[  1 ]
  Neighbor  5 (type   1) at   18.50038  -6.63202  14.73932 ; dist:   23.9618 a.u. (d/a= 2.3836 )[  1 ]
  Neighbor  7 (type   3) at  -21.71146 -13.47390  -6.31685 ; dist:   24.0052 a.u. (d/a= 2.3879 )[  1 ]
  Neighbor  7 (type   3) at  -21.71146 -13.47390  10.52808 ; dist:   24.0052 a.u. (d/a= 2.3879 )[  1 ]
  Neighbor  7 (type   3) at  -21.71146   6.63202  -6.31685 ; dist:   24.0052 a.u. (d/a= 2.3879 )[  1 ]
  Neighbor  7 (type   3) at  -21.71146   6.63202  10.52808 ; dist:   24.0052 a.u. (d/a= 2.3879 )[  1 ]
  Neighbor  7 (type   3) at  -11.65850 -23.52686  -6.31685 ; dist:   24.0052 a.u. (d/a= 2.3879 )[  1 ]
  Neighbor  7 (type   3) at  -11.65850 -23.52686  10.52808 ; dist:   24.0052 a.u. (d/a= 2.3879 )[  1 ]
  Neighbor  7 (type   3) at  -11.65850  16.68498  -6.31685 ; dist:   24.0052 a.u. (d/a= 2.3879 )[  1 ]
  Neighbor  7 (type   3) at  -11.65850  16.68498  10.52808 ; dist:   24.0052 a.u. (d/a= 2.3879 )[  1 ]
  Neighbor  7 (type   3) at    8.44742 -23.52686  -6.31685 ; dist:   24.0052 a.u. (d/a= 2.3879 )[  1 ]
  Neighbor  7 (type   3) at    8.44742 -23.52686  10.52808 ; dist:   24.0052 a.u. (d/a= 2.3879 )[  1 ]
  Neighbor  7 (type   3) at    8.44742  16.68498  -6.31685 ; dist:   24.0052 a.u. (d/a= 2.3879 )[  1 ]
  Neighbor  7 (type   3) at    8.44742  16.68498  10.52808 ; dist:   24.0052 a.u. (d/a= 2.3879 )[  1 ]
  Neighbor  7 (type   3) at   18.50038 -13.47390  -6.31685 ; dist:   24.0052 a.u. (d/a= 2.3879 )[  1 ]
  Neighbor  7 (type   3) at   18.50038 -13.47390  10.52808 ; dist:   24.0052 a.u. (d/a= 2.3879 )[  1 ]
  Neighbor  7 (type   3) at   18.50038   6.63202  -6.31685 ; dist:   24.0052 a.u. (d/a= 2.3879 )[  1 ]
  Neighbor  7 (type   3) at   18.50038   6.63202  10.52808 ; dist:   24.0052 a.u. (d/a= 2.3879 )[  1 ]
  Neighbor  8 (type   4) at  -23.52686  -8.44742  10.52808 ; dist:   24.0156 a.u. (d/a= 2.3889 )[  1 ]
  Neighbor  8 (type   4) at  -23.52686   1.60554  10.52808 ; dist:   24.0156 a.u. (d/a= 2.3889 )[  1 ]
  Neighbor  8 (type   4) at  -23.52686  -8.44742  -6.31685 ; dist:   24.0156 a.u. (d/a= 2.3889 )[  1 ]
  Neighbor  8 (type   4) at  -23.52686   1.60554  -6.31685 ; dist:   24.0156 a.u. (d/a= 2.3889 )[  1 ]
  Neighbor  8 (type   4) at    6.63202 -18.50038  18.95055 ; dist:   24.0624 a.u. (d/a= 2.3936 )[  1 ]
  Neighbor  8 (type   4) at    6.63202  11.65850  18.95055 ; dist:   24.0624 a.u. (d/a= 2.3936 )[  1 ]
  Neighbor  8 (type   4) at    6.63202 -18.50038 -14.73932 ; dist:   24.0624 a.u. (d/a= 2.3936 )[  1 ]
  Neighbor  8 (type   4) at    6.63202  11.65850 -14.73932 ; dist:   24.0624 a.u. (d/a= 2.3936 )[  1 ]
  Neighbor  6 (type   2) at    6.63202 -11.65850  23.16178 ; dist:   24.0640 a.u. (d/a= 2.3937 )[  1 ]
  Neighbor  6 (type   2) at    6.63202 -11.65850 -18.95055 ; dist:   24.0640 a.u. (d/a= 2.3937 )[  1 ]
  Neighbor  6 (type   2) at  -13.47390  -1.60554  23.16178 ; dist:   24.2387 a.u. (d/a= 2.4111 )[  1 ]
  Neighbor  6 (type   2) at   -3.42094   8.44742  23.16178 ; dist:   24.2387 a.u. (d/a= 2.4111 )[  1 ]
  Neighbor  6 (type   2) at  -13.47390  -1.60554 -18.95055 ; dist:   24.2387 a.u. (d/a= 2.4111 )[  1 ]
  Neighbor  6 (type   2) at   -3.42094   8.44742 -18.95055 ; dist:   24.2387 a.u. (d/a= 2.4111 )[  1 ]
  Neighbor  5 (type   1) at  -11.65850   3.42094 -18.95055 ; dist:   24.3153 a.u. (d/a= 2.4187 )[  1 ]
  Neighbor  5 (type   1) at    8.44742   3.42094 -18.95055 ; dist:   24.3153 a.u. (d/a= 2.4187 )[  1 ]
  Neighbor  5 (type   1) at  -11.65850   3.42094  23.16178 ; dist:   24.3153 a.u. (d/a= 2.4187 )[  1 ]
  Neighbor  5 (type   1) at    8.44742   3.42094  23.16178 ; dist:   24.3153 a.u. (d/a= 2.4187 )[  1 ]
  Neighbor  5 (type   1) at  -21.71146 -16.68498  -2.10562 ; dist:   24.4523 a.u. (d/a= 2.4324 )[  1 ]
  Neighbor  5 (type   1) at   18.50038 -16.68498  -2.10562 ; dist:   24.4523 a.u. (d/a= 2.4324 )[  1 ]
  Neighbor  5 (type   1) at  -21.71146 -16.68498   6.31685 ; dist:   24.4523 a.u. (d/a= 2.4324 )[  1 ]
  Neighbor  5 (type   1) at   18.50038 -16.68498   6.31685 ; dist:   24.4523 a.u. (d/a= 2.4324 )[  1 ]
  Neighbor  5 (type   1) at  -21.71146   3.42094 -10.52808 ; dist:   24.7117 a.u. (d/a= 2.4582 )[  1 ]
  Neighbor  5 (type   1) at   18.50038   3.42094 -10.52808 ; dist:   24.7117 a.u. (d/a= 2.4582 )[  1 ]
  Neighbor  5 (type   1) at  -21.71146   3.42094  14.73932 ; dist:   24.7117 a.u. (d/a= 2.4582 )[  1 ]
  Neighbor  5 (type   1) at   18.50038   3.42094  14.73932 ; dist:   24.7117 a.u. (d/a= 2.4582 )[  1 ]
  Neighbor  5 (type   1) at   -1.60554 -16.68498 -18.95055 ; dist:   24.8857 a.u. (d/a= 2.4755 )[  1 ]
  Neighbor  5 (type   1) at   -1.60554 -16.68498  23.16178 ; dist:   24.8857 a.u. (d/a= 2.4755 )[  1 ]
  Neighbor  8 (type   4) at   16.68498 -18.50038  10.52808 ; dist:   25.1569 a.u. (d/a= 2.5024 )[  1 ]
  Neighbor  8 (type   4) at   16.68498  11.65850  10.52808 ; dist:   25.1569 a.u. (d/a= 2.5024 )[  1 ]
  Neighbor  8 (type   4) at   16.68498 -18.50038  -6.31685 ; dist:   25.1569 a.u. (d/a= 2.5024 )[  1 ]
  Neighbor  8 (type   4) at   16.68498  11.65850  -6.31685 ; dist:   25.1569 a.u. (d/a= 2.5024 )[  1 ]
  Neighbor  8 (type   4) at   -3.42094  21.71146   2.10562 ; dist:   25.1979 a.u. (d/a= 2.5065 )[  1 ]
  Neighbor  8 (type   4) at   -3.42094 -28.55334   2.10562 ; dist:   25.1979 a.u. (d/a= 2.5065 )[  1 ]
  Neighbor  6 (type   2) at  -13.47390 -21.71146  14.73932 ; dist:   25.1994 a.u. (d/a= 2.5067 )[  1 ]
  Neighbor  6 (type   2) at   16.68498   8.44742  14.73932 ; dist:   25.1994 a.u. (d/a= 2.5067 )[  1 ]
  Neighbor  6 (type   2) at  -13.47390 -21.71146 -10.52808 ; dist:   25.1994 a.u. (d/a= 2.5067 )[  1 ]
  Neighbor  6 (type   2) at   16.68498   8.44742 -10.52808 ; dist:   25.1994 a.u. (d/a= 2.5067 )[  1 ]
  Neighbor  7 (type   3) at   -1.60554  -3.42094 -23.16178 ; dist:   25.2674 a.u. (d/a= 2.5134 )[  1 ]
  Neighbor  7 (type   3) at   -1.60554  -3.42094  27.37301 ; dist:   25.2674 a.u. (d/a= 2.5134 )[  1 ]
  Neighbor  6 (type   2) at  -23.52686   8.44742   6.31685 ; dist:   25.2812 a.u. (d/a= 2.5148 )[  1 ]
  Neighbor  6 (type   2) at  -13.47390  18.50038   6.31685 ; dist:   25.2812 a.u. (d/a= 2.5148 )[  1 ]
  Neighbor  6 (type   2) at  -23.52686   8.44742  -2.10562 ; dist:   25.2812 a.u. (d/a= 2.5148 )[  1 ]
  Neighbor  6 (type   2) at  -13.47390  18.50038  -2.10562 ; dist:   25.2812 a.u. (d/a= 2.5148 )[  1 ]
  Neighbor  6 (type   2) at  -23.52686  -1.60554  14.73932 ; dist:   25.3663 a.u. (d/a= 2.5233 )[  1 ]
  Neighbor  6 (type   2) at   -3.42094  18.50038  14.73932 ; dist:   25.3663 a.u. (d/a= 2.5233 )[  1 ]
  Neighbor  6 (type   2) at   -3.42094  18.50038 -10.52808 ; dist:   25.3663 a.u. (d/a= 2.5233 )[  1 ]
  Neighbor  6 (type   2) at  -23.52686  -1.60554 -10.52808 ; dist:   25.3663 a.u. (d/a= 2.5233 )[  1 ]
  Neighbor  8 (type   4) at   16.68498  -8.44742  18.95055 ; dist:   25.3685 a.u. (d/a= 2.5235 )[  1 ]
  Neighbor  8 (type   4) at   16.68498   1.60554  18.95055 ; dist:   25.3685 a.u. (d/a= 2.5235 )[  1 ]
  Neighbor  8 (type   4) at   16.68498  -8.44742 -14.73932 ; dist:   25.3685 a.u. (d/a= 2.5235 )[  1 ]
  Neighbor  8 (type   4) at   16.68498   1.60554 -14.73932 ; dist:   25.3685 a.u. (d/a= 2.5235 )[  1 ]
  Neighbor  8 (type   4) at  -13.47390 -18.50038  18.95055 ; dist:   25.5343 a.u. (d/a= 2.5400 )[  1 ]
  Neighbor  8 (type   4) at  -13.47390  11.65850  18.95055 ; dist:   25.5343 a.u. (d/a= 2.5400 )[  1 ]
  Neighbor  8 (type   4) at  -13.47390 -18.50038 -14.73932 ; dist:   25.5343 a.u. (d/a= 2.5400 )[  1 ]
  Neighbor  8 (type   4) at  -13.47390  11.65850 -14.73932 ; dist:   25.5343 a.u. (d/a= 2.5400 )[  1 ]
  Neighbor  6 (type   2) at  -13.47390 -11.65850  23.16178 ; dist:   25.5358 a.u. (d/a= 2.5401 )[  1 ]
  Neighbor  6 (type   2) at    6.63202   8.44742  23.16178 ; dist:   25.5358 a.u. (d/a= 2.5401 )[  1 ]
  Neighbor  6 (type   2) at  -13.47390 -11.65850 -18.95055 ; dist:   25.5358 a.u. (d/a= 2.5401 )[  1 ]
  Neighbor  6 (type   2) at    6.63202   8.44742 -18.95055 ; dist:   25.5358 a.u. (d/a= 2.5401 )[  1 ]
  Neighbor  5 (type   1) at  -11.65850 -26.73794  -2.10562 ; dist:   25.7387 a.u. (d/a= 2.5603 )[  1 ]
  Neighbor  5 (type   1) at    8.44742 -26.73794  -2.10562 ; dist:   25.7387 a.u. (d/a= 2.5603 )[  1 ]
  Neighbor  5 (type   1) at  -11.65850 -26.73794   6.31685 ; dist:   25.7387 a.u. (d/a= 2.5603 )[  1 ]
  Neighbor  5 (type   1) at    8.44742 -26.73794   6.31685 ; dist:   25.7387 a.u. (d/a= 2.5603 )[  1 ]
  Neighbor  8 (type   4) at   -3.42094  -8.44742  27.37301 ; dist:   25.8264 a.u. (d/a= 2.5690 )[  1 ]
  Neighbor  8 (type   4) at   -3.42094   1.60554  27.37301 ; dist:   25.8264 a.u. (d/a= 2.5690 )[  1 ]
  Neighbor  8 (type   4) at   -3.42094  -8.44742 -23.16178 ; dist:   25.8264 a.u. (d/a= 2.5690 )[  1 ]
  Neighbor  8 (type   4) at   -3.42094   1.60554 -23.16178 ; dist:   25.8264 a.u. (d/a= 2.5690 )[  1 ]
  Neighbor  6 (type   2) at   16.68498 -21.71146   6.31685 ; dist:   26.2073 a.u. (d/a= 2.6069 )[  1 ]
  Neighbor  6 (type   2) at   16.68498 -21.71146  -2.10562 ; dist:   26.2073 a.u. (d/a= 2.6069 )[  1 ]
  Neighbor  7 (type   3) at  -21.71146  -3.42094 -14.73932 ; dist:   26.2298 a.u. (d/a= 2.6092 )[  1 ]
  Neighbor  7 (type   3) at  -21.71146  -3.42094  18.95055 ; dist:   26.2298 a.u. (d/a= 2.6092 )[  1 ]
  Neighbor  7 (type   3) at   -1.60554 -23.52686 -14.73932 ; dist:   26.2298 a.u. (d/a= 2.6092 )[  1 ]
  Neighbor  7 (type   3) at   -1.60554 -23.52686  18.95055 ; dist:   26.2298 a.u. (d/a= 2.6092 )[  1 ]
  Neighbor  7 (type   3) at   -1.60554  16.68498 -14.73932 ; dist:   26.2298 a.u. (d/a= 2.6092 )[  1 ]
  Neighbor  7 (type   3) at   -1.60554  16.68498  18.95055 ; dist:   26.2298 a.u. (d/a= 2.6092 )[  1 ]
  Neighbor  7 (type   3) at   18.50038  -3.42094 -14.73932 ; dist:   26.2298 a.u. (d/a= 2.6092 )[  1 ]
  Neighbor  7 (type   3) at   18.50038  -3.42094  18.95055 ; dist:   26.2298 a.u. (d/a= 2.6092 )[  1 ]
  Neighbor  8 (type   4) at    6.63202  21.71146   2.10562 ; dist:   26.4480 a.u. (d/a= 2.6309 )[  1 ]
  Neighbor  8 (type   4) at    6.63202 -28.55334   2.10562 ; dist:   26.4480 a.u. (d/a= 2.6309 )[  1 ]
  Neighbor  5 (type   1) at   -1.60554 -26.73794 -10.52808 ; dist:   26.5197 a.u. (d/a= 2.6380 )[  1 ]
  Neighbor  5 (type   1) at   -1.60554 -26.73794  14.73932 ; dist:   26.5197 a.u. (d/a= 2.6380 )[  1 ]
  Neighbor  8 (type   4) at   -3.42094 -28.55334  10.52808 ; dist:   26.5682 a.u. (d/a= 2.6428 )[  1 ]
  Neighbor  8 (type   4) at   -3.42094  21.71146  10.52808 ; dist:   26.5682 a.u. (d/a= 2.6428 )[  1 ]
  Neighbor  8 (type   4) at   -3.42094 -28.55334  -6.31685 ; dist:   26.5682 a.u. (d/a= 2.6428 )[  1 ]
  Neighbor  8 (type   4) at   -3.42094  21.71146  -6.31685 ; dist:   26.5682 a.u. (d/a= 2.6428 )[  1 ]
  Neighbor  5 (type   1) at  -21.71146  13.47390  -2.10562 ; dist:   26.5973 a.u. (d/a= 2.6457 )[  1 ]
  Neighbor  5 (type   1) at   18.50038  13.47390  -2.10562 ; dist:   26.5973 a.u. (d/a= 2.6457 )[  1 ]
  Neighbor  5 (type   1) at  -21.71146  13.47390   6.31685 ; dist:   26.5973 a.u. (d/a= 2.6457 )[  1 ]
  Neighbor  5 (type   1) at   18.50038  13.47390   6.31685 ; dist:   26.5973 a.u. (d/a= 2.6457 )[  1 ]
  Neighbor  8 (type   4) at  -23.52686 -18.50038   2.10562 ; dist:   26.6070 a.u. (d/a= 2.6467 )[  1 ]
  Neighbor  8 (type   4) at  -23.52686  11.65850   2.10562 ; dist:   26.6070 a.u. (d/a= 2.6467 )[  1 ]
  Neighbor  6 (type   2) at  -23.52686 -11.65850  14.73932 ; dist:   26.6085 a.u. (d/a= 2.6468 )[  1 ]
  Neighbor  6 (type   2) at    6.63202  18.50038  14.73932 ; dist:   26.6085 a.u. (d/a= 2.6468 )[  1 ]
  Neighbor  6 (type   2) at  -23.52686 -11.65850 -10.52808 ; dist:   26.6085 a.u. (d/a= 2.6468 )[  1 ]
  Neighbor  6 (type   2) at    6.63202  18.50038 -10.52808 ; dist:   26.6085 a.u. (d/a= 2.6468 )[  1 ]
  Neighbor  5 (type   1) at  -11.65850 -16.68498 -18.95055 ; dist:   26.8395 a.u. (d/a= 2.6698 )[  1 ]
  Neighbor  5 (type   1) at    8.44742 -16.68498 -18.95055 ; dist:   26.8395 a.u. (d/a= 2.6698 )[  1 ]
  Neighbor  5 (type   1) at  -11.65850 -16.68498  23.16178 ; dist:   26.8395 a.u. (d/a= 2.6698 )[  1 ]
  Neighbor  5 (type   1) at    8.44742 -16.68498  23.16178 ; dist:   26.8395 a.u. (d/a= 2.6698 )[  1 ]
  Neighbor  6 (type   2) at  -13.47390   8.44742  23.16178 ; dist:   26.9273 a.u. (d/a= 2.6785 )[  1 ]
  Neighbor  6 (type   2) at  -13.47390   8.44742 -18.95055 ; dist:   26.9273 a.u. (d/a= 2.6785 )[  1 ]
  Neighbor  5 (type   1) at   -1.60554  13.47390 -18.95055 ; dist:   26.9963 a.u. (d/a= 2.6854 )[  1 ]
  Neighbor  5 (type   1) at   -1.60554  13.47390  23.16178 ; dist:   26.9963 a.u. (d/a= 2.6854 )[  1 ]
  Neighbor  8 (type   4) at    6.63202  -8.44742  27.37301 ; dist:   27.0474 a.u. (d/a= 2.6905 )[  1 ]
  Neighbor  8 (type   4) at    6.63202   1.60554  27.37301 ; dist:   27.0474 a.u. (d/a= 2.6905 )[  1 ]
  Neighbor  8 (type   4) at    6.63202  -8.44742 -23.16178 ; dist:   27.0474 a.u. (d/a= 2.6905 )[  1 ]
  Neighbor  8 (type   4) at    6.63202   1.60554 -23.16178 ; dist:   27.0474 a.u. (d/a= 2.6905 )[  1 ]
  Neighbor  7 (type   3) at  -11.65850  -3.42094 -23.16178 ; dist:   27.1938 a.u. (d/a= 2.7051 )[  1 ]
  Neighbor  7 (type   3) at  -11.65850  -3.42094  27.37301 ; dist:   27.1938 a.u. (d/a= 2.7051 )[  1 ]
  Neighbor  7 (type   3) at   -1.60554   6.63202 -23.16178 ; dist:   27.1938 a.u. (d/a= 2.7051 )[  1 ]
  Neighbor  7 (type   3) at   -1.60554   6.63202  27.37301 ; dist:   27.1938 a.u. (d/a= 2.7051 )[  1 ]
  Neighbor  7 (type   3) at    8.44742  -3.42094 -23.16178 ; dist:   27.1938 a.u. (d/a= 2.7051 )[  1 ]
  Neighbor  7 (type   3) at    8.44742  -3.42094  27.37301 ; dist:   27.1938 a.u. (d/a= 2.7051 )[  1 ]
  Neighbor  7 (type   3) at   -1.60554 -13.47390 -23.16178 ; dist:   27.1938 a.u. (d/a= 2.7051 )[  1 ]
  Neighbor  7 (type   3) at   -1.60554 -13.47390  27.37301 ; dist:   27.1938 a.u. (d/a= 2.7051 )[  1 ]
  Neighbor  5 (type   1) at  -21.71146 -16.68498 -10.52808 ; dist:   27.1991 a.u. (d/a= 2.7056 )[  1 ]
  Neighbor  5 (type   1) at   18.50038 -16.68498 -10.52808 ; dist:   27.1991 a.u. (d/a= 2.7056 )[  1 ]
  Neighbor  5 (type   1) at  -21.71146 -16.68498  14.73932 ; dist:   27.1991 a.u. (d/a= 2.7056 )[  1 ]
  Neighbor  5 (type   1) at   18.50038 -16.68498  14.73932 ; dist:   27.1991 a.u. (d/a= 2.7056 )[  1 ]
  Neighbor  5 (type   1) at   -1.60554  23.52686  -2.10562 ; dist:   27.2749 a.u. (d/a= 2.7131 )[  1 ]
  Neighbor  5 (type   1) at   -1.60554  23.52686   6.31685 ; dist:   27.2749 a.u. (d/a= 2.7131 )[  1 ]
  Neighbor  8 (type   4) at    6.63202  21.71146  10.52808 ; dist:   27.7567 a.u. (d/a= 2.7610 )[  1 ]
  Neighbor  8 (type   4) at    6.63202 -28.55334  10.52808 ; dist:   27.7567 a.u. (d/a= 2.7610 )[  1 ]
  Neighbor  8 (type   4) at    6.63202 -28.55334  -6.31685 ; dist:   27.7567 a.u. (d/a= 2.7610 )[  1 ]
  Neighbor  8 (type   4) at    6.63202  21.71146  -6.31685 ; dist:   27.7567 a.u. (d/a= 2.7610 )[  1 ]
  Neighbor  8 (type   4) at  -13.47390  21.71146   2.10562 ; dist:   27.7938 a.u. (d/a= 2.7647 )[  1 ]
  Neighbor  8 (type   4) at  -13.47390 -28.55334   2.10562 ; dist:   27.7938 a.u. (d/a= 2.7647 )[  1 ]
  Neighbor  8 (type   4) at  -23.52686 -18.50038  10.52808 ; dist:   27.9083 a.u. (d/a= 2.7761 )[  1 ]
  Neighbor  8 (type   4) at  -23.52686  11.65850  10.52808 ; dist:   27.9083 a.u. (d/a= 2.7761 )[  1 ]
  Neighbor  8 (type   4) at  -23.52686 -18.50038  -6.31685 ; dist:   27.9083 a.u. (d/a= 2.7761 )[  1 ]
  Neighbor  8 (type   4) at  -23.52686  11.65850  -6.31685 ; dist:   27.9083 a.u. (d/a= 2.7761 )[  1 ]
  Neighbor  6 (type   2) at  -23.52686   8.44742  14.73932 ; dist:   27.9466 a.u. (d/a= 2.7799 )[  1 ]
  Neighbor  6 (type   2) at  -13.47390  18.50038  14.73932 ; dist:   27.9466 a.u. (d/a= 2.7799 )[  1 ]
  Neighbor  6 (type   2) at  -23.52686   8.44742 -10.52808 ; dist:   27.9466 a.u. (d/a= 2.7799 )[  1 ]
  Neighbor  6 (type   2) at  -13.47390  18.50038 -10.52808 ; dist:   27.9466 a.u. (d/a= 2.7799 )[  1 ]
  Neighbor  6 (type   2) at   -3.42094 -21.71146  23.16178 ; dist:   27.9500 a.u. (d/a= 2.7803 )[  1 ]
  Neighbor  6 (type   2) at   16.68498  -1.60554  23.16178 ; dist:   27.9500 a.u. (d/a= 2.7803 )[  1 ]
  Neighbor  6 (type   2) at   -3.42094 -21.71146 -18.95055 ; dist:   27.9500 a.u. (d/a= 2.7803 )[  1 ]
  Neighbor  6 (type   2) at   16.68498  -1.60554 -18.95055 ; dist:   27.9500 a.u. (d/a= 2.7803 )[  1 ]
  Neighbor  7 (type   3) at  -21.71146   6.63202 -14.73932 ; dist:   28.0902 a.u. (d/a= 2.7942 )[  1 ]
  Neighbor  7 (type   3) at  -21.71146   6.63202  18.95055 ; dist:   28.0902 a.u. (d/a= 2.7942 )[  1 ]
  Neighbor  7 (type   3) at  -11.65850 -23.52686 -14.73932 ; dist:   28.0902 a.u. (d/a= 2.7942 )[  1 ]
  Neighbor  7 (type   3) at  -11.65850 -23.52686  18.95055 ; dist:   28.0902 a.u. (d/a= 2.7942 )[  1 ]
  Neighbor  7 (type   3) at  -11.65850  16.68498 -14.73932 ; dist:   28.0902 a.u. (d/a= 2.7942 )[  1 ]
  Neighbor  7 (type   3) at  -11.65850  16.68498  18.95055 ; dist:   28.0902 a.u. (d/a= 2.7942 )[  1 ]
  Neighbor  7 (type   3) at    8.44742 -23.52686 -14.73932 ; dist:   28.0902 a.u. (d/a= 2.7942 )[  1 ]
  Neighbor  7 (type   3) at    8.44742 -23.52686  18.95055 ; dist:   28.0902 a.u. (d/a= 2.7942 )[  1 ]
  Neighbor  7 (type   3) at    8.44742  16.68498 -14.73932 ; dist:   28.0902 a.u. (d/a= 2.7942 )[  1 ]
  Neighbor  7 (type   3) at    8.44742  16.68498  18.95055 ; dist:   28.0902 a.u. (d/a= 2.7942 )[  1 ]
  Neighbor  7 (type   3) at   18.50038   6.63202 -14.73932 ; dist:   28.0902 a.u. (d/a= 2.7942 )[  1 ]
  Neighbor  7 (type   3) at   18.50038   6.63202  18.95055 ; dist:   28.0902 a.u. (d/a= 2.7942 )[  1 ]
  Neighbor  7 (type   3) at  -21.71146 -13.47390 -14.73932 ; dist:   28.0902 a.u. (d/a= 2.7942 )[  1 ]
  Neighbor  7 (type   3) at  -21.71146 -13.47390  18.95055 ; dist:   28.0902 a.u. (d/a= 2.7942 )[  1 ]
  Neighbor  7 (type   3) at   18.50038 -13.47390 -14.73932 ; dist:   28.0902 a.u. (d/a= 2.7942 )[  1 ]
  Neighbor  7 (type   3) at   18.50038 -13.47390  18.95055 ; dist:   28.0902 a.u. (d/a= 2.7942 )[  1 ]
  Neighbor  8 (type   4) at  -23.52686  -8.44742  18.95055 ; dist:   28.0991 a.u. (d/a= 2.7951 )[  1 ]
  Neighbor  8 (type   4) at  -23.52686   1.60554  18.95055 ; dist:   28.0991 a.u. (d/a= 2.7951 )[  1 ]
  Neighbor  8 (type   4) at  -23.52686  -8.44742 -14.73932 ; dist:   28.0991 a.u. (d/a= 2.7951 )[  1 ]
  Neighbor  8 (type   4) at  -23.52686   1.60554 -14.73932 ; dist:   28.0991 a.u. (d/a= 2.7951 )[  1 ]
  Neighbor  5 (type   1) at  -11.65850 -26.73794 -10.52808 ; dist:   28.3611 a.u. (d/a= 2.8212 )[  1 ]
  Neighbor  5 (type   1) at    8.44742 -26.73794 -10.52808 ; dist:   28.3611 a.u. (d/a= 2.8212 )[  1 ]
  Neighbor  5 (type   1) at  -11.65850 -26.73794  14.73932 ; dist:   28.3611 a.u. (d/a= 2.8212 )[  1 ]
  Neighbor  5 (type   1) at    8.44742 -26.73794  14.73932 ; dist:   28.3611 a.u. (d/a= 2.8212 )[  1 ]
  Neighbor  8 (type   4) at  -13.47390  -8.44742  27.37301 ; dist:   28.3649 a.u. (d/a= 2.8215 )[  1 ]
  Neighbor  8 (type   4) at  -13.47390   1.60554  27.37301 ; dist:   28.3649 a.u. (d/a= 2.8215 )[  1 ]
  Neighbor  8 (type   4) at  -13.47390  -8.44742 -23.16178 ; dist:   28.3649 a.u. (d/a= 2.8215 )[  1 ]
  Neighbor  8 (type   4) at  -13.47390   1.60554 -23.16178 ; dist:   28.3649 a.u. (d/a= 2.8215 )[  1 ]
  Neighbor  7 (type   3) at  -21.71146 -23.52686   2.10562 ; dist:   28.4341 a.u. (d/a= 2.8284 )[  1 ]
  Neighbor  7 (type   3) at  -21.71146  16.68498   2.10562 ; dist:   28.4341 a.u. (d/a= 2.8284 )[  1 ]
  Neighbor  7 (type   3) at   18.50038 -23.52686   2.10562 ; dist:   28.4341 a.u. (d/a= 2.8284 )[  1 ]
  Neighbor  7 (type   3) at   18.50038  16.68498   2.10562 ; dist:   28.4341 a.u. (d/a= 2.8284 )[  1 ]
  Neighbor  6 (type   2) at   -3.42094 -31.76442   6.31685 ; dist:   28.7121 a.u. (d/a= 2.8561 )[  1 ]
  Neighbor  6 (type   2) at   26.73794  -1.60554   6.31685 ; dist:   28.7121 a.u. (d/a= 2.8561 )[  1 ]
  Neighbor  6 (type   2) at   -3.42094 -31.76442  -2.10562 ; dist:   28.7121 a.u. (d/a= 2.8561 )[  1 ]
  Neighbor  6 (type   2) at   26.73794  -1.60554  -2.10562 ; dist:   28.7121 a.u. (d/a= 2.8561 )[  1 ]
  Neighbor  8 (type   4) at   26.73794  -8.44742   2.10562 ; dist:   28.7857 a.u. (d/a= 2.8634 )[  1 ]
  Neighbor  8 (type   4) at   26.73794   1.60554   2.10562 ; dist:   28.7857 a.u. (d/a= 2.8634 )[  1 ]
  Neighbor  6 (type   2) at   16.68498 -21.71146  14.73932 ; dist:   28.7871 a.u. (d/a= 2.8635 )[  1 ]
  Neighbor  6 (type   2) at   16.68498 -21.71146 -10.52808 ; dist:   28.7871 a.u. (d/a= 2.8635 )[  1 ]
  Neighbor  5 (type   1) at  -11.65850  13.47390 -18.95055 ; dist:   28.8073 a.u. (d/a= 2.8656 )[  1 ]
  Neighbor  5 (type   1) at    8.44742  13.47390 -18.95055 ; dist:   28.8073 a.u. (d/a= 2.8656 )[  1 ]
  Neighbor  5 (type   1) at  -11.65850  13.47390  23.16178 ; dist:   28.8073 a.u. (d/a= 2.8656 )[  1 ]
  Neighbor  5 (type   1) at    8.44742  13.47390  23.16178 ; dist:   28.8073 a.u. (d/a= 2.8656 )[  1 ]
  Neighbor  6 (type   2) at  -23.52686 -21.71146   6.31685 ; dist:   28.8587 a.u. (d/a= 2.8707 )[  1 ]
  Neighbor  6 (type   2) at   16.68498  18.50038   6.31685 ; dist:   28.8587 a.u. (d/a= 2.8707 )[  1 ]
  Neighbor  6 (type   2) at  -23.52686 -21.71146  -2.10562 ; dist:   28.8587 a.u. (d/a= 2.8707 )[  1 ]
  Neighbor  6 (type   2) at   16.68498  18.50038  -2.10562 ; dist:   28.8587 a.u. (d/a= 2.8707 )[  1 ]
  Neighbor  7 (type   3) at  -11.65850 -13.47390 -23.16178 ; dist:   28.9925 a.u. (d/a= 2.8840 )[  1 ]
  Neighbor  7 (type   3) at  -11.65850 -13.47390  27.37301 ; dist:   28.9925 a.u. (d/a= 2.8840 )[  1 ]
  Neighbor  7 (type   3) at  -11.65850   6.63202 -23.16178 ; dist:   28.9925 a.u. (d/a= 2.8840 )[  1 ]
  Neighbor  7 (type   3) at  -11.65850   6.63202  27.37301 ; dist:   28.9925 a.u. (d/a= 2.8840 )[  1 ]
  Neighbor  7 (type   3) at    8.44742 -13.47390 -23.16178 ; dist:   28.9925 a.u. (d/a= 2.8840 )[  1 ]
  Neighbor  7 (type   3) at    8.44742 -13.47390  27.37301 ; dist:   28.9925 a.u. (d/a= 2.8840 )[  1 ]
  Neighbor  7 (type   3) at    8.44742   6.63202 -23.16178 ; dist:   28.9925 a.u. (d/a= 2.8840 )[  1 ]
  Neighbor  7 (type   3) at    8.44742   6.63202  27.37301 ; dist:   28.9925 a.u. (d/a= 2.8840 )[  1 ]
  Neighbor  8 (type   4) at  -13.47390 -28.55334  10.52808 ; dist:   29.0419 a.u. (d/a= 2.8889 )[  1 ]
  Neighbor  8 (type   4) at  -13.47390  21.71146  10.52808 ; dist:   29.0419 a.u. (d/a= 2.8889 )[  1 ]
  Neighbor  8 (type   4) at  -13.47390 -28.55334  -6.31685 ; dist:   29.0419 a.u. (d/a= 2.8889 )[  1 ]
  Neighbor  8 (type   4) at  -13.47390  21.71146  -6.31685 ; dist:   29.0419 a.u. (d/a= 2.8889 )[  1 ]
  Neighbor  5 (type   1) at  -11.65850  23.52686  -2.10562 ; dist:   29.0686 a.u. (d/a= 2.8915 )[  1 ]
  Neighbor  5 (type   1) at    8.44742  23.52686  -2.10562 ; dist:   29.0686 a.u. (d/a= 2.8915 )[  1 ]
  Neighbor  5 (type   1) at  -11.65850  23.52686   6.31685 ; dist:   29.0686 a.u. (d/a= 2.8915 )[  1 ]
  Neighbor  5 (type   1) at    8.44742  23.52686   6.31685 ; dist:   29.0686 a.u. (d/a= 2.8915 )[  1 ]
  Neighbor  8 (type   4) at   16.68498 -18.50038  18.95055 ; dist:   29.0807 a.u. (d/a= 2.8927 )[  1 ]
  Neighbor  8 (type   4) at   16.68498  11.65850  18.95055 ; dist:   29.0807 a.u. (d/a= 2.8927 )[  1 ]
  Neighbor  8 (type   4) at   16.68498 -18.50038 -14.73932 ; dist:   29.0807 a.u. (d/a= 2.8927 )[  1 ]
  Neighbor  8 (type   4) at   16.68498  11.65850 -14.73932 ; dist:   29.0807 a.u. (d/a= 2.8927 )[  1 ]
  Neighbor  6 (type   2) at    6.63202 -21.71146  23.16178 ; dist:   29.0820 a.u. (d/a= 2.8929 )[  1 ]
  Neighbor  6 (type   2) at   16.68498 -11.65850  23.16178 ; dist:   29.0820 a.u. (d/a= 2.8929 )[  1 ]
  Neighbor  6 (type   2) at    6.63202 -21.71146 -18.95055 ; dist:   29.0820 a.u. (d/a= 2.8929 )[  1 ]
  Neighbor  6 (type   2) at   16.68498 -11.65850 -18.95055 ; dist:   29.0820 a.u. (d/a= 2.8929 )[  1 ]
  Neighbor  5 (type   1) at  -21.71146  13.47390 -10.52808 ; dist:   29.1427 a.u. (d/a= 2.8989 )[  1 ]
  Neighbor  5 (type   1) at   18.50038  13.47390 -10.52808 ; dist:   29.1427 a.u. (d/a= 2.8989 )[  1 ]
  Neighbor  5 (type   1) at  -21.71146  13.47390  14.73932 ; dist:   29.1427 a.u. (d/a= 2.8989 )[  1 ]
  Neighbor  5 (type   1) at   18.50038  13.47390  14.73932 ; dist:   29.1427 a.u. (d/a= 2.8989 )[  1 ]
  Neighbor  5 (type   1) at  -21.71146  -6.63202 -18.95055 ; dist:   29.2903 a.u. (d/a= 2.9136 )[  1 ]
  Neighbor  5 (type   1) at   18.50038  -6.63202 -18.95055 ; dist:   29.2903 a.u. (d/a= 2.9136 )[  1 ]
  Neighbor  5 (type   1) at  -21.71146  -6.63202  23.16178 ; dist:   29.2903 a.u. (d/a= 2.9136 )[  1 ]
  Neighbor  5 (type   1) at   18.50038  -6.63202  23.16178 ; dist:   29.2903 a.u. (d/a= 2.9136 )[  1 ]
  Neighbor  8 (type   4) at   -3.42094 -18.50038  27.37301 ; dist:   29.4810 a.u. (d/a= 2.9326 )[  1 ]
  Neighbor  8 (type   4) at   -3.42094  11.65850  27.37301 ; dist:   29.4810 a.u. (d/a= 2.9326 )[  1 ]
  Neighbor  8 (type   4) at   -3.42094 -18.50038 -23.16178 ; dist:   29.4810 a.u. (d/a= 2.9326 )[  1 ]
  Neighbor  8 (type   4) at   -3.42094  11.65850 -23.16178 ; dist:   29.4810 a.u. (d/a= 2.9326 )[  1 ]
  Neighbor  6 (type   2) at   -3.42094  -1.60554  31.58425 ; dist:   29.5902 a.u. (d/a= 2.9434 )[  1 ]
  Neighbor  6 (type   2) at   -3.42094  -1.60554 -27.37301 ; dist:   29.5902 a.u. (d/a= 2.9434 )[  1 ]
  Neighbor  5 (type   1) at   -1.60554  -6.63202 -27.37301 ; dist:   29.6530 a.u. (d/a= 2.9497 )[  1 ]
  Neighbor  5 (type   1) at   -1.60554  -6.63202  31.58425 ; dist:   29.6530 a.u. (d/a= 2.9497 )[  1 ]
  Neighbor  7 (type   3) at  -21.71146 -23.52686  -6.31685 ; dist:   29.6553 a.u. (d/a= 2.9499 )[  1 ]
  Neighbor  7 (type   3) at  -21.71146 -23.52686  10.52808 ; dist:   29.6553 a.u. (d/a= 2.9499 )[  1 ]
  Neighbor  7 (type   3) at  -21.71146  16.68498  -6.31685 ; dist:   29.6553 a.u. (d/a= 2.9499 )[  1 ]
  Neighbor  7 (type   3) at  -21.71146  16.68498  10.52808 ; dist:   29.6553 a.u. (d/a= 2.9499 )[  1 ]
  Neighbor  7 (type   3) at   18.50038 -23.52686  -6.31685 ; dist:   29.6553 a.u. (d/a= 2.9499 )[  1 ]
  Neighbor  7 (type   3) at   18.50038 -23.52686  10.52808 ; dist:   29.6553 a.u. (d/a= 2.9499 )[  1 ]
  Neighbor  7 (type   3) at   18.50038  16.68498  -6.31685 ; dist:   29.6553 a.u. (d/a= 2.9499 )[  1 ]
  Neighbor  7 (type   3) at   18.50038  16.68498  10.52808 ; dist:   29.6553 a.u. (d/a= 2.9499 )[  1 ]
  Neighbor  5 (type   1) at   -1.60554  23.52686 -10.52808 ; dist:   29.7623 a.u. (d/a= 2.9606 )[  1 ]
  Neighbor  5 (type   1) at   -1.60554  23.52686  14.73932 ; dist:   29.7623 a.u. (d/a= 2.9606 )[  1 ]
  Neighbor  6 (type   2) at    6.63202 -31.76442   6.31685 ; dist:   29.8152 a.u. (d/a= 2.9658 )[  1 ]
  Neighbor  6 (type   2) at   26.73794 -11.65850   6.31685 ; dist:   29.8152 a.u. (d/a= 2.9658 )[  1 ]
  Neighbor  6 (type   2) at    6.63202 -31.76442  -2.10562 ; dist:   29.8152 a.u. (d/a= 2.9658 )[  1 ]
  Neighbor  6 (type   2) at   26.73794 -11.65850  -2.10562 ; dist:   29.8152 a.u. (d/a= 2.9658 )[  1 ]
  Neighbor  5 (type   1) at  -21.71146   3.42094 -18.95055 ; dist:   29.9069 a.u. (d/a= 2.9749 )[  1 ]
  Neighbor  5 (type   1) at   18.50038   3.42094 -18.95055 ; dist:   29.9069 a.u. (d/a= 2.9749 )[  1 ]
  Neighbor  5 (type   1) at  -21.71146   3.42094  23.16178 ; dist:   29.9069 a.u. (d/a= 2.9749 )[  1 ]
  Neighbor  5 (type   1) at   18.50038   3.42094  23.16178 ; dist:   29.9069 a.u. (d/a= 2.9749 )[  1 ]
  Neighbor  8 (type   4) at   26.73794  -8.44742  10.52808 ; dist:   29.9926 a.u. (d/a= 2.9835 )[  1 ]
  Neighbor  8 (type   4) at   26.73794   1.60554  10.52808 ; dist:   29.9926 a.u. (d/a= 2.9835 )[  1 ]
  Neighbor  8 (type   4) at   26.73794  -8.44742  -6.31685 ; dist:   29.9926 a.u. (d/a= 2.9835 )[  1 ]
  Neighbor  8 (type   4) at   26.73794   1.60554  -6.31685 ; dist:   29.9926 a.u. (d/a= 2.9835 )[  1 ]
  Neighbor  7 (type   3) at  -31.76442  -3.42094   2.10562 ; dist:   30.1589 a.u. (d/a= 3.0000 )[  1 ]
  Neighbor  7 (type   3) at   -1.60554  26.73794   2.10562 ; dist:   30.1589 a.u. (d/a= 3.0000 )[  1 ]
  Neighbor  7 (type   3) at   28.55334  -3.42094   2.10562 ; dist:   30.1589 a.u. (d/a= 3.0000 )[  1 ]
  Neighbor  7 (type   3) at   -1.60554 -33.57983   2.10562 ; dist:   30.1589 a.u. (d/a= 3.0000 )[  1 ]
  Neighbor  5 (type   1) at   -1.60554   3.42094 -27.37301 ; dist:   30.2622 a.u. (d/a= 3.0103 )[  1 ]
  Neighbor  5 (type   1) at   -1.60554   3.42094  31.58425 ; dist:   30.2622 a.u. (d/a= 3.0103 )[  1 ]
  Neighbor  8 (type   4) at   -3.42094 -28.55334  18.95055 ; dist:   30.3098 a.u. (d/a= 3.0150 )[  1 ]
  Neighbor  8 (type   4) at   -3.42094  21.71146  18.95055 ; dist:   30.3098 a.u. (d/a= 3.0150 )[  1 ]
  Neighbor  8 (type   4) at   -3.42094  21.71146 -14.73932 ; dist:   30.3098 a.u. (d/a= 3.0150 )[  1 ]
  Neighbor  8 (type   4) at   -3.42094 -28.55334 -14.73932 ; dist:   30.3098 a.u. (d/a= 3.0150 )[  1 ]
  Neighbor  6 (type   2) at  -13.47390 -21.71146  23.16178 ; dist:   30.3111 a.u. (d/a= 3.0151 )[  1 ]
  Neighbor  6 (type   2) at   16.68498   8.44742  23.16178 ; dist:   30.3111 a.u. (d/a= 3.0151 )[  1 ]
  Neighbor  6 (type   2) at  -13.47390 -21.71146 -18.95055 ; dist:   30.3111 a.u. (d/a= 3.0151 )[  1 ]
  Neighbor  6 (type   2) at   16.68498   8.44742 -18.95055 ; dist:   30.3111 a.u. (d/a= 3.0151 )[  1 ]
  Neighbor  6 (type   2) at   -3.42094  18.50038  23.16178 ; dist:   30.4500 a.u. (d/a= 3.0290 )[  1 ]
  Neighbor  6 (type   2) at  -23.52686  -1.60554  23.16178 ; dist:   30.4500 a.u. (d/a= 3.0290 )[  1 ]
  Neighbor  6 (type   2) at  -23.52686  -1.60554 -18.95055 ; dist:   30.4500 a.u. (d/a= 3.0290 )[  1 ]
  Neighbor  6 (type   2) at   -3.42094  18.50038 -18.95055 ; dist:   30.4500 a.u. (d/a= 3.0290 )[  1 ]
  Neighbor  8 (type   4) at    6.63202 -18.50038  27.37301 ; dist:   30.5563 a.u. (d/a= 3.0395 )[  1 ]
  Neighbor  8 (type   4) at    6.63202  11.65850  27.37301 ; dist:   30.5563 a.u. (d/a= 3.0395 )[  1 ]
  Neighbor  8 (type   4) at    6.63202 -18.50038 -23.16178 ; dist:   30.5563 a.u. (d/a= 3.0395 )[  1 ]
  Neighbor  8 (type   4) at    6.63202  11.65850 -23.16178 ; dist:   30.5563 a.u. (d/a= 3.0395 )[  1 ]
  Neighbor  5 (type   1) at  -31.76442  -6.63202  -2.10562 ; dist:   30.6203 a.u. (d/a= 3.0459 )[  1 ]
  Neighbor  5 (type   1) at   28.55334  -6.63202  -2.10562 ; dist:   30.6203 a.u. (d/a= 3.0459 )[  1 ]
  Neighbor  5 (type   1) at  -31.76442  -6.63202   6.31685 ; dist:   30.6203 a.u. (d/a= 3.0459 )[  1 ]
  Neighbor  5 (type   1) at   28.55334  -6.63202   6.31685 ; dist:   30.6203 a.u. (d/a= 3.0459 )[  1 ]
  Neighbor  6 (type   2) at   -3.42094 -11.65850  31.58425 ; dist:   30.6617 a.u. (d/a= 3.0500 )[  1 ]
  Neighbor  6 (type   2) at    6.63202  -1.60554  31.58425 ; dist:   30.6617 a.u. (d/a= 3.0500 )[  1 ]
  Neighbor  6 (type   2) at   -3.42094 -11.65850 -27.37301 ; dist:   30.6617 a.u. (d/a= 3.0500 )[  1 ]
  Neighbor  6 (type   2) at    6.63202  -1.60554 -27.37301 ; dist:   30.6617 a.u. (d/a= 3.0500 )[  1 ]
  Neighbor  6 (type   2) at  -13.47390 -31.76442   6.31685 ; dist:   31.0152 a.u. (d/a= 3.0852 )[  1 ]
  Neighbor  6 (type   2) at   26.73794   8.44742   6.31685 ; dist:   31.0152 a.u. (d/a= 3.0852 )[  1 ]
  Neighbor  6 (type   2) at  -13.47390 -31.76442  -2.10562 ; dist:   31.0152 a.u. (d/a= 3.0852 )[  1 ]
  Neighbor  6 (type   2) at   26.73794   8.44742  -2.10562 ; dist:   31.0152 a.u. (d/a= 3.0852 )[  1 ]
  Neighbor  5 (type   1) at  -21.71146 -26.73794  -2.10562 ; dist:   31.0752 a.u. (d/a= 3.0911 )[  1 ]
  Neighbor  5 (type   1) at   18.50038 -26.73794  -2.10562 ; dist:   31.0752 a.u. (d/a= 3.0911 )[  1 ]
  Neighbor  5 (type   1) at  -21.71146 -26.73794   6.31685 ; dist:   31.0752 a.u. (d/a= 3.0911 )[  1 ]
  Neighbor  5 (type   1) at   18.50038 -26.73794   6.31685 ; dist:   31.0752 a.u. (d/a= 3.0911 )[  1 ]
  Neighbor  8 (type   4) at   16.68498  21.71146   2.10562 ; dist:   31.0834 a.u. (d/a= 3.0920 )[  1 ]
  Neighbor  8 (type   4) at   16.68498 -28.55334   2.10562 ; dist:   31.0834 a.u. (d/a= 3.0920 )[  1 ]
  Neighbor  6 (type   2) at   -3.42094 -31.76442  14.73932 ; dist:   31.0847 a.u. (d/a= 3.0921 )[  1 ]
  Neighbor  6 (type   2) at   26.73794  -1.60554  14.73932 ; dist:   31.0847 a.u. (d/a= 3.0921 )[  1 ]
  Neighbor  6 (type   2) at   -3.42094 -31.76442 -10.52808 ; dist:   31.0847 a.u. (d/a= 3.0921 )[  1 ]
  Neighbor  6 (type   2) at   26.73794  -1.60554 -10.52808 ; dist:   31.0847 a.u. (d/a= 3.0921 )[  1 ]
  Neighbor  5 (type   1) at  -31.76442   3.42094  -2.10562 ; dist:   31.2106 a.u. (d/a= 3.1046 )[  1 ]
  Neighbor  5 (type   1) at   28.55334   3.42094  -2.10562 ; dist:   31.2106 a.u. (d/a= 3.1046 )[  1 ]
  Neighbor  5 (type   1) at  -31.76442   3.42094   6.31685 ; dist:   31.2106 a.u. (d/a= 3.1046 )[  1 ]
  Neighbor  5 (type   1) at   28.55334   3.42094   6.31685 ; dist:   31.2106 a.u. (d/a= 3.1046 )[  1 ]
  Neighbor  6 (type   2) at  -23.52686 -21.71146  14.73932 ; dist:   31.2202 a.u. (d/a= 3.1056 )[  1 ]
  Neighbor  6 (type   2) at   16.68498  18.50038  14.73932 ; dist:   31.2202 a.u. (d/a= 3.1056 )[  1 ]
  Neighbor  6 (type   2) at  -23.52686 -21.71146 -10.52808 ; dist:   31.2202 a.u. (d/a= 3.1056 )[  1 ]
  Neighbor  6 (type   2) at   16.68498  18.50038 -10.52808 ; dist:   31.2202 a.u. (d/a= 3.1056 )[  1 ]
  Neighbor  6 (type   2) at  -23.52686  18.50038   6.31685 ; dist:   31.2862 a.u. (d/a= 3.1121 )[  1 ]
  Neighbor  6 (type   2) at  -23.52686  18.50038  -2.10562 ; dist:   31.2862 a.u. (d/a= 3.1121 )[  1 ]
  Neighbor  5 (type   1) at  -11.65850  -6.63202 -27.37301 ; dist:   31.3107 a.u. (d/a= 3.1146 )[  1 ]
  Neighbor  5 (type   1) at    8.44742  -6.63202 -27.37301 ; dist:   31.3107 a.u. (d/a= 3.1146 )[  1 ]
  Neighbor  5 (type   1) at  -11.65850  -6.63202  31.58425 ; dist:   31.3107 a.u. (d/a= 3.1146 )[  1 ]
  Neighbor  5 (type   1) at    8.44742  -6.63202  31.58425 ; dist:   31.3107 a.u. (d/a= 3.1146 )[  1 ]
  Neighbor  7 (type   3) at  -31.76442  -3.42094  -6.31685 ; dist:   31.3129 a.u. (d/a= 3.1148 )[  1 ]
  Neighbor  7 (type   3) at  -31.76442  -3.42094  10.52808 ; dist:   31.3129 a.u. (d/a= 3.1148 )[  1 ]
  Neighbor  7 (type   3) at   -1.60554  26.73794  -6.31685 ; dist:   31.3129 a.u. (d/a= 3.1148 )[  1 ]
  Neighbor  7 (type   3) at   -1.60554  26.73794  10.52808 ; dist:   31.3129 a.u. (d/a= 3.1148 )[  1 ]
  Neighbor  7 (type   3) at   28.55334  -3.42094  -6.31685 ; dist:   31.3129 a.u. (d/a= 3.1148 )[  1 ]
  Neighbor  7 (type   3) at   28.55334  -3.42094  10.52808 ; dist:   31.3129 a.u. (d/a= 3.1148 )[  1 ]
  Neighbor  7 (type   3) at   -1.60554 -33.57983  -6.31685 ; dist:   31.3129 a.u. (d/a= 3.1148 )[  1 ]
  Neighbor  7 (type   3) at   -1.60554 -33.57983  10.52808 ; dist:   31.3129 a.u. (d/a= 3.1148 )[  1 ]
  Neighbor  8 (type   4) at    6.63202  21.71146  18.95055 ; dist:   31.3568 a.u. (d/a= 3.1192 )[  1 ]
  Neighbor  8 (type   4) at    6.63202 -28.55334  18.95055 ; dist:   31.3568 a.u. (d/a= 3.1192 )[  1 ]
  Neighbor  8 (type   4) at    6.63202 -28.55334 -14.73932 ; dist:   31.3568 a.u. (d/a= 3.1192 )[  1 ]
  Neighbor  8 (type   4) at    6.63202  21.71146 -14.73932 ; dist:   31.3568 a.u. (d/a= 3.1192 )[  1 ]
  Neighbor  5 (type   1) at  -11.65850  23.52686 -10.52808 ; dist:   31.4143 a.u. (d/a= 3.1249 )[  1 ]
  Neighbor  5 (type   1) at    8.44742  23.52686 -10.52808 ; dist:   31.4143 a.u. (d/a= 3.1249 )[  1 ]
  Neighbor  5 (type   1) at  -11.65850  23.52686  14.73932 ; dist:   31.4143 a.u. (d/a= 3.1249 )[  1 ]
  Neighbor  5 (type   1) at    8.44742  23.52686  14.73932 ; dist:   31.4143 a.u. (d/a= 3.1249 )[  1 ]
  Neighbor  5 (type   1) at   -1.60554 -26.73794 -18.95055 ; dist:   31.4173 a.u. (d/a= 3.1252 )[  1 ]
  Neighbor  5 (type   1) at   -1.60554 -26.73794  23.16178 ; dist:   31.4173 a.u. (d/a= 3.1252 )[  1 ]
  Neighbor  8 (type   4) at  -23.52686 -18.50038  18.95055 ; dist:   31.4910 a.u. (d/a= 3.1325 )[  1 ]
  Neighbor  8 (type   4) at  -23.52686  11.65850  18.95055 ; dist:   31.4910 a.u. (d/a= 3.1325 )[  1 ]
  Neighbor  8 (type   4) at  -23.52686 -18.50038 -14.73932 ; dist:   31.4910 a.u. (d/a= 3.1325 )[  1 ]
  Neighbor  8 (type   4) at  -23.52686  11.65850 -14.73932 ; dist:   31.4910 a.u. (d/a= 3.1325 )[  1 ]
  Neighbor  6 (type   2) at  -23.52686 -11.65850  23.16178 ; dist:   31.4923 a.u. (d/a= 3.1326 )[  1 ]
  Neighbor  6 (type   2) at    6.63202  18.50038  23.16178 ; dist:   31.4923 a.u. (d/a= 3.1326 )[  1 ]
  Neighbor  6 (type   2) at  -23.52686 -11.65850 -18.95055 ; dist:   31.4923 a.u. (d/a= 3.1326 )[  1 ]
  Neighbor  6 (type   2) at    6.63202  18.50038 -18.95055 ; dist:   31.4923 a.u. (d/a= 3.1326 )[  1 ]
  Neighbor  8 (type   4) at   16.68498  -8.44742  27.37301 ; dist:   31.5951 a.u. (d/a= 3.1429 )[  1 ]
  Neighbor  8 (type   4) at   16.68498   1.60554  27.37301 ; dist:   31.5951 a.u. (d/a= 3.1429 )[  1 ]
  Neighbor  8 (type   4) at   16.68498  -8.44742 -23.16178 ; dist:   31.5951 a.u. (d/a= 3.1429 )[  1 ]
  Neighbor  8 (type   4) at   16.68498   1.60554 -23.16178 ; dist:   31.5951 a.u. (d/a= 3.1429 )[  1 ]
  Neighbor  6 (type   2) at    6.63202 -11.65850  31.58425 ; dist:   31.6971 a.u. (d/a= 3.1530 )[  1 ]
  Neighbor  6 (type   2) at    6.63202 -11.65850 -27.37301 ; dist:   31.6971 a.u. (d/a= 3.1530 )[  1 ]
  Neighbor  8 (type   4) at  -13.47390 -18.50038  27.37301 ; dist:   31.7284 a.u. (d/a= 3.1561 )[  1 ]
  Neighbor  8 (type   4) at  -13.47390  11.65850  27.37301 ; dist:   31.7284 a.u. (d/a= 3.1561 )[  1 ]
  Neighbor  8 (type   4) at  -13.47390 -18.50038 -23.16178 ; dist:   31.7284 a.u. (d/a= 3.1561 )[  1 ]
  Neighbor  8 (type   4) at  -13.47390  11.65850 -23.16178 ; dist:   31.7284 a.u. (d/a= 3.1561 )[  1 ]
  Neighbor  7 (type   3) at  -31.76442 -13.47390   2.10562 ; dist:   31.7903 a.u. (d/a= 3.1623 )[  1 ]
  Neighbor  7 (type   3) at  -31.76442   6.63202   2.10562 ; dist:   31.7903 a.u. (d/a= 3.1623 )[  1 ]
  Neighbor  7 (type   3) at  -11.65850  26.73794   2.10562 ; dist:   31.7903 a.u. (d/a= 3.1623 )[  1 ]
  Neighbor  7 (type   3) at    8.44742  26.73794   2.10562 ; dist:   31.7903 a.u. (d/a= 3.1623 )[  1 ]
  Neighbor  7 (type   3) at   28.55334 -13.47390   2.10562 ; dist:   31.7903 a.u. (d/a= 3.1623 )[  1 ]
  Neighbor  7 (type   3) at   28.55334   6.63202   2.10562 ; dist:   31.7903 a.u. (d/a= 3.1623 )[  1 ]
  Neighbor  7 (type   3) at  -11.65850 -33.57983   2.10562 ; dist:   31.7903 a.u. (d/a= 3.1623 )[  1 ]
  Neighbor  7 (type   3) at    8.44742 -33.57983   2.10562 ; dist:   31.7903 a.u. (d/a= 3.1623 )[  1 ]
  Neighbor  6 (type   2) at  -13.47390  -1.60554  31.58425 ; dist:   31.8299 a.u. (d/a= 3.1662 )[  1 ]
  Neighbor  6 (type   2) at   -3.42094   8.44742  31.58425 ; dist:   31.8299 a.u. (d/a= 3.1662 )[  1 ]
  Neighbor  6 (type   2) at  -13.47390  -1.60554 -27.37301 ; dist:   31.8299 a.u. (d/a= 3.1662 )[  1 ]
  Neighbor  6 (type   2) at   -3.42094   8.44742 -27.37301 ; dist:   31.8299 a.u. (d/a= 3.1662 )[  1 ]
  Neighbor  5 (type   1) at  -11.65850   3.42094 -27.37301 ; dist:   31.8883 a.u. (d/a= 3.1720 )[  1 ]
  Neighbor  5 (type   1) at    8.44742   3.42094 -27.37301 ; dist:   31.8883 a.u. (d/a= 3.1720 )[  1 ]
  Neighbor  5 (type   1) at  -11.65850   3.42094  31.58425 ; dist:   31.8883 a.u. (d/a= 3.1720 )[  1 ]
  Neighbor  5 (type   1) at    8.44742   3.42094  31.58425 ; dist:   31.8883 a.u. (d/a= 3.1720 )[  1 ]
  Neighbor  5 (type   1) at  -21.71146 -16.68498 -18.95055 ; dist:   31.9929 a.u. (d/a= 3.1824 )[  1 ]
  Neighbor  5 (type   1) at   18.50038 -16.68498 -18.95055 ; dist:   31.9929 a.u. (d/a= 3.1824 )[  1 ]
  Neighbor  5 (type   1) at  -21.71146 -16.68498  23.16178 ; dist:   31.9929 a.u. (d/a= 3.1824 )[  1 ]
  Neighbor  5 (type   1) at   18.50038 -16.68498  23.16178 ; dist:   31.9929 a.u. (d/a= 3.1824 )[  1 ]
  Neighbor  8 (type   4) at   26.73794 -18.50038   2.10562 ; dist:   32.1052 a.u. (d/a= 3.1936 )[  1 ]
  Neighbor  8 (type   4) at   26.73794  11.65850   2.10562 ; dist:   32.1052 a.u. (d/a= 3.1936 )[  1 ]
  Neighbor  6 (type   2) at    6.63202 -31.76442  14.73932 ; dist:   32.1064 a.u. (d/a= 3.1937 )[  1 ]
  Neighbor  6 (type   2) at   26.73794 -11.65850  14.73932 ; dist:   32.1064 a.u. (d/a= 3.1937 )[  1 ]
  Neighbor  6 (type   2) at    6.63202 -31.76442 -10.52808 ; dist:   32.1064 a.u. (d/a= 3.1937 )[  1 ]
  Neighbor  6 (type   2) at   26.73794 -11.65850 -10.52808 ; dist:   32.1064 a.u. (d/a= 3.1937 )[  1 ]
  Neighbor  8 (type   4) at   16.68498 -28.55334  10.52808 ; dist:   32.2043 a.u. (d/a= 3.2035 )[  1 ]
  Neighbor  8 (type   4) at   16.68498  21.71146  10.52808 ; dist:   32.2043 a.u. (d/a= 3.2035 )[  1 ]
  Neighbor  8 (type   4) at   16.68498 -28.55334  -6.31685 ; dist:   32.2043 a.u. (d/a= 3.2035 )[  1 ]
  Neighbor  8 (type   4) at   16.68498  21.71146  -6.31685 ; dist:   32.2043 a.u. (d/a= 3.2035 )[  1 ]
  Neighbor  7 (type   3) at  -21.71146  -3.42094 -23.16178 ; dist:   32.2907 a.u. (d/a= 3.2121 )[  1 ]
  Neighbor  7 (type   3) at  -21.71146  -3.42094  27.37301 ; dist:   32.2907 a.u. (d/a= 3.2121 )[  1 ]
  Neighbor  7 (type   3) at   -1.60554 -23.52686 -23.16178 ; dist:   32.2907 a.u. (d/a= 3.2121 )[  1 ]
  Neighbor  7 (type   3) at   -1.60554 -23.52686  27.37301 ; dist:   32.2907 a.u. (d/a= 3.2121 )[  1 ]
  Neighbor  7 (type   3) at   -1.60554  16.68498 -23.16178 ; dist:   32.2907 a.u. (d/a= 3.2121 )[  1 ]
  Neighbor  7 (type   3) at   -1.60554  16.68498  27.37301 ; dist:   32.2907 a.u. (d/a= 3.2121 )[  1 ]
  Neighbor  7 (type   3) at   18.50038  -3.42094 -23.16178 ; dist:   32.2907 a.u. (d/a= 3.2121 )[  1 ]
  Neighbor  7 (type   3) at   18.50038  -3.42094  27.37301 ; dist:   32.2907 a.u. (d/a= 3.2121 )[  1 ]
  Neighbor  6 (type   2) at  -33.57983  -1.60554   6.31685 ; dist:   32.3015 a.u. (d/a= 3.2131 )[  1 ]
  Neighbor  6 (type   2) at   -3.42094  28.55334   6.31685 ; dist:   32.3015 a.u. (d/a= 3.2131 )[  1 ]
  Neighbor  6 (type   2) at   -3.42094  28.55334  -2.10562 ; dist:   32.3015 a.u. (d/a= 3.2131 )[  1 ]
  Neighbor  6 (type   2) at  -33.57983  -1.60554  -2.10562 ; dist:   32.3015 a.u. (d/a= 3.2131 )[  1 ]
  Neighbor  5 (type   1) at   -1.60554 -16.68498 -27.37301 ; dist:   32.3253 a.u. (d/a= 3.2155 )[  1 ]
  Neighbor  5 (type   1) at   -1.60554 -16.68498  31.58425 ; dist:   32.3253 a.u. (d/a= 3.2155 )[  1 ]
  Neighbor  8 (type   4) at  -33.57983  -8.44742   2.10562 ; dist:   32.3670 a.u. (d/a= 3.2196 )[  1 ]
  Neighbor  8 (type   4) at  -33.57983   1.60554   2.10562 ; dist:   32.3670 a.u. (d/a= 3.2196 )[  1 ]
  Neighbor  8 (type   4) at  -13.47390 -28.55334  18.95055 ; dist:   32.5000 a.u. (d/a= 3.2329 )[  1 ]
  Neighbor  8 (type   4) at  -13.47390  21.71146  18.95055 ; dist:   32.5000 a.u. (d/a= 3.2329 )[  1 ]
  Neighbor  8 (type   4) at  -13.47390 -28.55334 -14.73932 ; dist:   32.5000 a.u. (d/a= 3.2329 )[  1 ]
  Neighbor  8 (type   4) at  -13.47390  21.71146 -14.73932 ; dist:   32.5000 a.u. (d/a= 3.2329 )[  1 ]
  Neighbor  6 (type   2) at  -23.52686   8.44742  23.16178 ; dist:   32.6307 a.u. (d/a= 3.2459 )[  1 ]
  Neighbor  6 (type   2) at  -13.47390  18.50038  23.16178 ; dist:   32.6307 a.u. (d/a= 3.2459 )[  1 ]
  Neighbor  6 (type   2) at  -23.52686   8.44742 -18.95055 ; dist:   32.6307 a.u. (d/a= 3.2459 )[  1 ]
  Neighbor  6 (type   2) at  -13.47390  18.50038 -18.95055 ; dist:   32.6307 a.u. (d/a= 3.2459 )[  1 ]
  Neighbor  6 (type   2) at  -13.47390 -11.65850  31.58425 ; dist:   32.8284 a.u. (d/a= 3.2655 )[  1 ]
  Neighbor  6 (type   2) at    6.63202   8.44742  31.58425 ; dist:   32.8284 a.u. (d/a= 3.2655 )[  1 ]
  Neighbor  6 (type   2) at  -13.47390 -11.65850 -27.37301 ; dist:   32.8284 a.u. (d/a= 3.2655 )[  1 ]
  Neighbor  6 (type   2) at    6.63202   8.44742 -27.37301 ; dist:   32.8284 a.u. (d/a= 3.2655 )[  1 ]
  Neighbor  5 (type   1) at  -31.76442  -6.63202 -10.52808 ; dist:   32.8554 a.u. (d/a= 3.2682 )[  1 ]
  Neighbor  5 (type   1) at   28.55334  -6.63202 -10.52808 ; dist:   32.8554 a.u. (d/a= 3.2682 )[  1 ]
  Neighbor  5 (type   1) at  -31.76442  -6.63202  14.73932 ; dist:   32.8554 a.u. (d/a= 3.2682 )[  1 ]
  Neighbor  5 (type   1) at   28.55334  -6.63202  14.73932 ; dist:   32.8554 a.u. (d/a= 3.2682 )[  1 ]
  Neighbor  7 (type   3) at  -31.76442 -13.47390  -6.31685 ; dist:   32.8871 a.u. (d/a= 3.2714 )[  1 ]
  Neighbor  7 (type   3) at  -31.76442 -13.47390  10.52808 ; dist:   32.8871 a.u. (d/a= 3.2714 )[  1 ]
  Neighbor  7 (type   3) at  -31.76442   6.63202  -6.31685 ; dist:   32.8871 a.u. (d/a= 3.2714 )[  1 ]
  Neighbor  7 (type   3) at  -31.76442   6.63202  10.52808 ; dist:   32.8871 a.u. (d/a= 3.2714 )[  1 ]
  Neighbor  7 (type   3) at  -11.65850  26.73794  -6.31685 ; dist:   32.8871 a.u. (d/a= 3.2714 )[  1 ]
  Neighbor  7 (type   3) at  -11.65850  26.73794  10.52808 ; dist:   32.8871 a.u. (d/a= 3.2714 )[  1 ]
  Neighbor  7 (type   3) at    8.44742  26.73794  -6.31685 ; dist:   32.8871 a.u. (d/a= 3.2714 )[  1 ]
  Neighbor  7 (type   3) at    8.44742  26.73794  10.52808 ; dist:   32.8871 a.u. (d/a= 3.2714 )[  1 ]
  Neighbor  7 (type   3) at   28.55334 -13.47390  -6.31685 ; dist:   32.8871 a.u. (d/a= 3.2714 )[  1 ]
  Neighbor  7 (type   3) at   28.55334 -13.47390  10.52808 ; dist:   32.8871 a.u. (d/a= 3.2714 )[  1 ]
  Neighbor  7 (type   3) at   28.55334   6.63202  -6.31685 ; dist:   32.8871 a.u. (d/a= 3.2714 )[  1 ]
  Neighbor  7 (type   3) at   28.55334   6.63202  10.52808 ; dist:   32.8871 a.u. (d/a= 3.2714 )[  1 ]
  Neighbor  7 (type   3) at  -11.65850 -33.57983  -6.31685 ; dist:   32.8871 a.u. (d/a= 3.2714 )[  1 ]
  Neighbor  7 (type   3) at  -11.65850 -33.57983  10.52808 ; dist:   32.8871 a.u. (d/a= 3.2714 )[  1 ]
  Neighbor  7 (type   3) at    8.44742 -33.57983  -6.31685 ; dist:   32.8871 a.u. (d/a= 3.2714 )[  1 ]
  Neighbor  7 (type   3) at    8.44742 -33.57983  10.52808 ; dist:   32.8871 a.u. (d/a= 3.2714 )[  1 ]
  Neighbor  5 (type   1) at  -11.65850 -26.73794 -18.95055 ; dist:   32.9865 a.u. (d/a= 3.2813 )[  1 ]
  Neighbor  5 (type   1) at    8.44742 -26.73794 -18.95055 ; dist:   32.9865 a.u. (d/a= 3.2813 )[  1 ]
  Neighbor  5 (type   1) at  -11.65850 -26.73794  23.16178 ; dist:   32.9865 a.u. (d/a= 3.2813 )[  1 ]
  Neighbor  5 (type   1) at    8.44742 -26.73794  23.16178 ; dist:   32.9865 a.u. (d/a= 3.2813 )[  1 ]
  Neighbor  7 (type   3) at  -21.71146 -23.52686 -14.73932 ; dist:   33.0492 a.u. (d/a= 3.2875 )[  1 ]
  Neighbor  7 (type   3) at  -21.71146 -23.52686  18.95055 ; dist:   33.0492 a.u. (d/a= 3.2875 )[  1 ]
  Neighbor  7 (type   3) at  -21.71146  16.68498 -14.73932 ; dist:   33.0492 a.u. (d/a= 3.2875 )[  1 ]
  Neighbor  7 (type   3) at  -21.71146  16.68498  18.95055 ; dist:   33.0492 a.u. (d/a= 3.2875 )[  1 ]
  Neighbor  7 (type   3) at   18.50038 -23.52686 -14.73932 ; dist:   33.0492 a.u. (d/a= 3.2875 )[  1 ]
  Neighbor  7 (type   3) at   18.50038 -23.52686  18.95055 ; dist:   33.0492 a.u. (d/a= 3.2875 )[  1 ]
  Neighbor  7 (type   3) at   18.50038  16.68498 -14.73932 ; dist:   33.0492 a.u. (d/a= 3.2875 )[  1 ]
  Neighbor  7 (type   3) at   18.50038  16.68498  18.95055 ; dist:   33.0492 a.u. (d/a= 3.2875 )[  1 ]
  Neighbor  8 (type   4) at   26.73794 -18.50038  10.52808 ; dist:   33.1916 a.u. (d/a= 3.3017 )[  1 ]
  Neighbor  8 (type   4) at   26.73794  11.65850  10.52808 ; dist:   33.1916 a.u. (d/a= 3.3017 )[  1 ]
  Neighbor  8 (type   4) at   26.73794 -18.50038  -6.31685 ; dist:   33.1916 a.u. (d/a= 3.3017 )[  1 ]
  Neighbor  8 (type   4) at   26.73794  11.65850  -6.31685 ; dist:   33.1916 a.u. (d/a= 3.3017 )[  1 ]
  Neighbor  5 (type   1) at  -31.76442 -16.68498  -2.10562 ; dist:   33.2149 a.u. (d/a= 3.3040 )[  1 ]
  Neighbor  5 (type   1) at   28.55334 -16.68498  -2.10562 ; dist:   33.2149 a.u. (d/a= 3.3040 )[  1 ]
  Neighbor  5 (type   1) at  -31.76442 -16.68498   6.31685 ; dist:   33.2149 a.u. (d/a= 3.3040 )[  1 ]
  Neighbor  5 (type   1) at   28.55334 -16.68498   6.31685 ; dist:   33.2149 a.u. (d/a= 3.3040 )[  1 ]
  Neighbor  6 (type   2) at  -13.47390 -31.76442  14.73932 ; dist:   33.2238 a.u. (d/a= 3.3049 )[  1 ]
  Neighbor  6 (type   2) at   26.73794   8.44742  14.73932 ; dist:   33.2238 a.u. (d/a= 3.3049 )[  1 ]
  Neighbor  6 (type   2) at  -13.47390 -31.76442 -10.52808 ; dist:   33.2238 a.u. (d/a= 3.3049 )[  1 ]
  Neighbor  6 (type   2) at   26.73794   8.44742 -10.52808 ; dist:   33.2238 a.u. (d/a= 3.3049 )[  1 ]
  Neighbor  5 (type   1) at  -21.71146 -26.73794 -10.52808 ; dist:   33.2797 a.u. (d/a= 3.3104 )[  1 ]
  Neighbor  5 (type   1) at   18.50038 -26.73794 -10.52808 ; dist:   33.2797 a.u. (d/a= 3.3104 )[  1 ]
  Neighbor  5 (type   1) at  -21.71146 -26.73794  14.73932 ; dist:   33.2797 a.u. (d/a= 3.3104 )[  1 ]
  Neighbor  5 (type   1) at   18.50038 -26.73794  14.73932 ; dist:   33.2797 a.u. (d/a= 3.3104 )[  1 ]
  Neighbor  6 (type   2) at  -33.57983 -11.65850   6.31685 ; dist:   33.2858 a.u. (d/a= 3.3110 )[  1 ]
  Neighbor  6 (type   2) at    6.63202  28.55334   6.31685 ; dist:   33.2858 a.u. (d/a= 3.3110 )[  1 ]
  Neighbor  6 (type   2) at  -33.57983 -11.65850  -2.10562 ; dist:   33.2858 a.u. (d/a= 3.3110 )[  1 ]
  Neighbor  6 (type   2) at    6.63202  28.55334  -2.10562 ; dist:   33.2858 a.u. (d/a= 3.3110 )[  1 ]
  Neighbor  8 (type   4) at  -23.52686 -28.55334   2.10562 ; dist:   33.3494 a.u. (d/a= 3.3174 )[  1 ]
  Neighbor  8 (type   4) at  -23.52686  21.71146   2.10562 ; dist:   33.3494 a.u. (d/a= 3.3174 )[  1 ]
  Neighbor  8 (type   4) at   26.73794  -8.44742  18.95055 ; dist:   33.3522 a.u. (d/a= 3.3177 )[  1 ]
  Neighbor  8 (type   4) at   26.73794   1.60554  18.95055 ; dist:   33.3522 a.u. (d/a= 3.3177 )[  1 ]
  Neighbor  8 (type   4) at   26.73794  -8.44742 -14.73932 ; dist:   33.3522 a.u. (d/a= 3.3177 )[  1 ]
  Neighbor  8 (type   4) at   26.73794   1.60554 -14.73932 ; dist:   33.3522 a.u. (d/a= 3.3177 )[  1 ]
  Neighbor  6 (type   2) at   16.68498 -21.71146  23.16178 ; dist:   33.3534 a.u. (d/a= 3.3178 )[  1 ]
  Neighbor  6 (type   2) at   16.68498 -21.71146 -18.95055 ; dist:   33.3534 a.u. (d/a= 3.3178 )[  1 ]
  Neighbor  5 (type   1) at  -31.76442   3.42094 -10.52808 ; dist:   33.4063 a.u. (d/a= 3.3230 )[  1 ]
  Neighbor  5 (type   1) at   28.55334   3.42094 -10.52808 ; dist:   33.4063 a.u. (d/a= 3.3230 )[  1 ]
  Neighbor  5 (type   1) at  -31.76442   3.42094  14.73932 ; dist:   33.4063 a.u. (d/a= 3.3230 )[  1 ]
  Neighbor  5 (type   1) at   28.55334   3.42094  14.73932 ; dist:   33.4063 a.u. (d/a= 3.3230 )[  1 ]
  Neighbor  8 (type   4) at  -33.57983  -8.44742  10.52808 ; dist:   33.4449 a.u. (d/a= 3.3269 )[  1 ]
  Neighbor  8 (type   4) at  -33.57983   1.60554  10.52808 ; dist:   33.4449 a.u. (d/a= 3.3269 )[  1 ]
  Neighbor  8 (type   4) at  -33.57983  -8.44742  -6.31685 ; dist:   33.4449 a.u. (d/a= 3.3269 )[  1 ]
  Neighbor  8 (type   4) at  -33.57983   1.60554  -6.31685 ; dist:   33.4449 a.u. (d/a= 3.3269 )[  1 ]
  Neighbor  6 (type   2) at  -23.52686  18.50038  14.73932 ; dist:   33.4768 a.u. (d/a= 3.3300 )[  1 ]
  Neighbor  6 (type   2) at  -23.52686  18.50038 -10.52808 ; dist:   33.4768 a.u. (d/a= 3.3300 )[  1 ]
  Neighbor  5 (type   1) at   -1.60554 -36.79090  -2.10562 ; dist:   33.6346 a.u. (d/a= 3.3457 )[  1 ]
  Neighbor  5 (type   1) at   -1.60554 -36.79090   6.31685 ; dist:   33.6346 a.u. (d/a= 3.3457 )[  1 ]
  Neighbor  5 (type   1) at  -21.71146  13.47390 -18.95055 ; dist:   33.6607 a.u. (d/a= 3.3483 )[  1 ]
  Neighbor  5 (type   1) at   18.50038  13.47390 -18.95055 ; dist:   33.6607 a.u. (d/a= 3.3483 )[  1 ]
  Neighbor  5 (type   1) at  -21.71146  13.47390  23.16178 ; dist:   33.6607 a.u. (d/a= 3.3483 )[  1 ]
  Neighbor  5 (type   1) at   18.50038  13.47390  23.16178 ; dist:   33.6607 a.u. (d/a= 3.3483 )[  1 ]
  Neighbor  7 (type   3) at   -1.60554  -3.42094 -31.58425 ; dist:   33.6899 a.u. (d/a= 3.3512 )[  1 ]
  Neighbor  7 (type   3) at   -1.60554  -3.42094  35.79548 ; dist:   33.6899 a.u. (d/a= 3.3512 )[  1 ]
  Neighbor  7 (type   3) at  -21.71146 -13.47390 -23.16178 ; dist:   33.8194 a.u. (d/a= 3.3641 )[  1 ]
  Neighbor  7 (type   3) at  -21.71146 -13.47390  27.37301 ; dist:   33.8194 a.u. (d/a= 3.3641 )[  1 ]
  Neighbor  7 (type   3) at  -21.71146   6.63202 -23.16178 ; dist:   33.8194 a.u. (d/a= 3.3641 )[  1 ]
  Neighbor  7 (type   3) at  -21.71146   6.63202  27.37301 ; dist:   33.8194 a.u. (d/a= 3.3641 )[  1 ]
  Neighbor  7 (type   3) at  -11.65850 -23.52686 -23.16178 ; dist:   33.8194 a.u. (d/a= 3.3641 )[  1 ]
  Neighbor  7 (type   3) at  -11.65850 -23.52686  27.37301 ; dist:   33.8194 a.u. (d/a= 3.3641 )[  1 ]
  Neighbor  7 (type   3) at  -11.65850  16.68498 -23.16178 ; dist:   33.8194 a.u. (d/a= 3.3641 )[  1 ]
  Neighbor  7 (type   3) at  -11.65850  16.68498  27.37301 ; dist:   33.8194 a.u. (d/a= 3.3641 )[  1 ]
  Neighbor  7 (type   3) at    8.44742 -23.52686 -23.16178 ; dist:   33.8194 a.u. (d/a= 3.3641 )[  1 ]
  Neighbor  7 (type   3) at    8.44742 -23.52686  27.37301 ; dist:   33.8194 a.u. (d/a= 3.3641 )[  1 ]
  Neighbor  7 (type   3) at    8.44742  16.68498 -23.16178 ; dist:   33.8194 a.u. (d/a= 3.3641 )[  1 ]
  Neighbor  7 (type   3) at    8.44742  16.68498  27.37301 ; dist:   33.8194 a.u. (d/a= 3.3641 )[  1 ]
  Neighbor  7 (type   3) at   18.50038 -13.47390 -23.16178 ; dist:   33.8194 a.u. (d/a= 3.3641 )[  1 ]
  Neighbor  7 (type   3) at   18.50038 -13.47390  27.37301 ; dist:   33.8194 a.u. (d/a= 3.3641 )[  1 ]
  Neighbor  7 (type   3) at   18.50038   6.63202 -23.16178 ; dist:   33.8194 a.u. (d/a= 3.3641 )[  1 ]
  Neighbor  7 (type   3) at   18.50038   6.63202  27.37301 ; dist:   33.8194 a.u. (d/a= 3.3641 )[  1 ]
  Neighbor  8 (type   4) at  -23.52686  -8.44742  27.37301 ; dist:   33.8268 a.u. (d/a= 3.3649 )[  1 ]
  Neighbor  8 (type   4) at  -23.52686   1.60554  27.37301 ; dist:   33.8268 a.u. (d/a= 3.3649 )[  1 ]
  Neighbor  8 (type   4) at  -23.52686  -8.44742 -23.16178 ; dist:   33.8268 a.u. (d/a= 3.3649 )[  1 ]
  Neighbor  8 (type   4) at  -23.52686   1.60554 -23.16178 ; dist:   33.8268 a.u. (d/a= 3.3649 )[  1 ]
  Neighbor  5 (type   1) at  -11.65850 -16.68498 -27.37301 ; dist:   33.8524 a.u. (d/a= 3.3674 )[  1 ]
  Neighbor  5 (type   1) at    8.44742 -16.68498 -27.37301 ; dist:   33.8524 a.u. (d/a= 3.3674 )[  1 ]
  Neighbor  5 (type   1) at  -11.65850 -16.68498  31.58425 ; dist:   33.8524 a.u. (d/a= 3.3674 )[  1 ]
  Neighbor  5 (type   1) at    8.44742 -16.68498  31.58425 ; dist:   33.8524 a.u. (d/a= 3.3674 )[  1 ]
  Neighbor  5 (type   1) at  -21.71146  23.52686  -2.10562 ; dist:   33.8846 a.u. (d/a= 3.3706 )[  1 ]
  Neighbor  5 (type   1) at   18.50038  23.52686  -2.10562 ; dist:   33.8846 a.u. (d/a= 3.3706 )[  1 ]
  Neighbor  5 (type   1) at  -21.71146  23.52686   6.31685 ; dist:   33.8846 a.u. (d/a= 3.3706 )[  1 ]
  Neighbor  5 (type   1) at   18.50038  23.52686   6.31685 ; dist:   33.8846 a.u. (d/a= 3.3706 )[  1 ]
  Neighbor  6 (type   2) at  -13.47390   8.44742  31.58425 ; dist:   33.9221 a.u. (d/a= 3.3743 )[  1 ]
  Neighbor  6 (type   2) at  -13.47390   8.44742 -27.37301 ; dist:   33.9221 a.u. (d/a= 3.3743 )[  1 ]
  Neighbor  5 (type   1) at   -1.60554  13.47390 -27.37301 ; dist:   33.9768 a.u. (d/a= 3.3798 )[  1 ]
  Neighbor  5 (type   1) at   -1.60554  13.47390  31.58425 ; dist:   33.9768 a.u. (d/a= 3.3798 )[  1 ]
  Neighbor  6 (type   2) at   16.68498 -31.76442   6.31685 ; dist:   33.9946 a.u. (d/a= 3.3815 )[  1 ]
  Neighbor  6 (type   2) at   26.73794 -21.71146   6.31685 ; dist:   33.9946 a.u. (d/a= 3.3815 )[  1 ]
  Neighbor  6 (type   2) at   16.68498 -31.76442  -2.10562 ; dist:   33.9946 a.u. (d/a= 3.3815 )[  1 ]
  Neighbor  6 (type   2) at   26.73794 -21.71146  -2.10562 ; dist:   33.9946 a.u. (d/a= 3.3815 )[  1 ]
  Neighbor  8 (type   4) at   -3.42094  -8.44742  35.79548 ; dist:   34.1111 a.u. (d/a= 3.3931 )[  1 ]
  Neighbor  8 (type   4) at   -3.42094   1.60554  35.79548 ; dist:   34.1111 a.u. (d/a= 3.3931 )[  1 ]
  Neighbor  8 (type   4) at   -3.42094  -8.44742 -31.58425 ; dist:   34.1111 a.u. (d/a= 3.3931 )[  1 ]
  Neighbor  8 (type   4) at   -3.42094   1.60554 -31.58425 ; dist:   34.1111 a.u. (d/a= 3.3931 )[  1 ]
  Neighbor  5 (type   1) at   -1.60554  23.52686 -18.95055 ; dist:   34.1986 a.u. (d/a= 3.4018 )[  1 ]
  Neighbor  5 (type   1) at   -1.60554  23.52686  23.16178 ; dist:   34.1986 a.u. (d/a= 3.4018 )[  1 ]
  Neighbor  6 (type   2) at  -33.57983   8.44742   6.31685 ; dist:   34.3649 a.u. (d/a= 3.4184 )[  1 ]
  Neighbor  6 (type   2) at  -13.47390  28.55334   6.31685 ; dist:   34.3649 a.u. (d/a= 3.4184 )[  1 ]
  Neighbor  6 (type   2) at  -13.47390  28.55334  -2.10562 ; dist:   34.3649 a.u. (d/a= 3.4184 )[  1 ]
  Neighbor  6 (type   2) at  -33.57983   8.44742  -2.10562 ; dist:   34.3649 a.u. (d/a= 3.4184 )[  1 ]
  Neighbor  8 (type   4) at  -23.52686 -28.55334  10.52808 ; dist:   34.3965 a.u. (d/a= 3.4215 )[  1 ]
  Neighbor  8 (type   4) at  -23.52686  21.71146  10.52808 ; dist:   34.3965 a.u. (d/a= 3.4215 )[  1 ]
  Neighbor  8 (type   4) at  -23.52686 -28.55334  -6.31685 ; dist:   34.3965 a.u. (d/a= 3.4215 )[  1 ]
  Neighbor  8 (type   4) at  -23.52686  21.71146  -6.31685 ; dist:   34.3965 a.u. (d/a= 3.4215 )[  1 ]
  Neighbor  6 (type   2) at   -3.42094  28.55334  14.73932 ; dist:   34.4276 a.u. (d/a= 3.4246 )[  1 ]
  Neighbor  6 (type   2) at  -33.57983  -1.60554  14.73932 ; dist:   34.4276 a.u. (d/a= 3.4246 )[  1 ]
  Neighbor  6 (type   2) at   -3.42094  28.55334 -10.52808 ; dist:   34.4276 a.u. (d/a= 3.4246 )[  1 ]
  Neighbor  6 (type   2) at  -33.57983  -1.60554 -10.52808 ; dist:   34.4276 a.u. (d/a= 3.4246 )[  1 ]
  Neighbor  7 (type   3) at  -31.76442  -3.42094 -14.73932 ; dist:   34.5443 a.u. (d/a= 3.4362 )[  1 ]
  Neighbor  7 (type   3) at  -31.76442  -3.42094  18.95055 ; dist:   34.5443 a.u. (d/a= 3.4362 )[  1 ]
  Neighbor  7 (type   3) at   -1.60554 -33.57983 -14.73932 ; dist:   34.5443 a.u. (d/a= 3.4362 )[  1 ]
  Neighbor  7 (type   3) at   -1.60554 -33.57983  18.95055 ; dist:   34.5443 a.u. (d/a= 3.4362 )[  1 ]
  Neighbor  7 (type   3) at   -1.60554  26.73794 -14.73932 ; dist:   34.5443 a.u. (d/a= 3.4362 )[  1 ]
  Neighbor  7 (type   3) at   -1.60554  26.73794  18.95055 ; dist:   34.5443 a.u. (d/a= 3.4362 )[  1 ]
  Neighbor  7 (type   3) at   28.55334  -3.42094 -14.73932 ; dist:   34.5443 a.u. (d/a= 3.4362 )[  1 ]
  Neighbor  7 (type   3) at   28.55334  -3.42094  18.95055 ; dist:   34.5443 a.u. (d/a= 3.4362 )[  1 ]
  Neighbor  8 (type   4) at   16.68498 -18.50038  27.37301 ; dist:   34.6464 a.u. (d/a= 3.4464 )[  1 ]
  Neighbor  8 (type   4) at   16.68498  11.65850  27.37301 ; dist:   34.6464 a.u. (d/a= 3.4464 )[  1 ]
  Neighbor  8 (type   4) at   16.68498 -18.50038 -23.16178 ; dist:   34.6464 a.u. (d/a= 3.4464 )[  1 ]
  Neighbor  8 (type   4) at   16.68498  11.65850 -23.16178 ; dist:   34.6464 a.u. (d/a= 3.4464 )[  1 ]
  Neighbor  6 (type   2) at   -3.42094 -21.71146  31.58425 ; dist:   34.7394 a.u. (d/a= 3.4556 )[  1 ]
  Neighbor  6 (type   2) at   16.68498  -1.60554  31.58425 ; dist:   34.7394 a.u. (d/a= 3.4556 )[  1 ]
  Neighbor  6 (type   2) at   -3.42094 -21.71146 -27.37301 ; dist:   34.7394 a.u. (d/a= 3.4556 )[  1 ]
  Neighbor  6 (type   2) at   16.68498  -1.60554 -27.37301 ; dist:   34.7394 a.u. (d/a= 3.4556 )[  1 ]
  Neighbor  5 (type   1) at  -31.76442  13.47390  -2.10562 ; dist:   34.8243 a.u. (d/a= 3.4641 )[  1 ]
  Neighbor  5 (type   1) at   28.55334  13.47390  -2.10562 ; dist:   34.8243 a.u. (d/a= 3.4641 )[  1 ]
  Neighbor  5 (type   1) at  -31.76442  13.47390   6.31685 ; dist:   34.8243 a.u. (d/a= 3.4641 )[  1 ]
  Neighbor  5 (type   1) at   28.55334  13.47390   6.31685 ; dist:   34.8243 a.u. (d/a= 3.4641 )[  1 ]
  Neighbor  8 (type   4) at    6.63202  -8.44742  35.79548 ; dist:   35.0447 a.u. (d/a= 3.4860 )[  1 ]
  Neighbor  8 (type   4) at    6.63202   1.60554  35.79548 ; dist:   35.0447 a.u. (d/a= 3.4860 )[  1 ]
  Neighbor  8 (type   4) at    6.63202  -8.44742 -31.58425 ; dist:   35.0447 a.u. (d/a= 3.4860 )[  1 ]
  Neighbor  8 (type   4) at    6.63202   1.60554 -31.58425 ; dist:   35.0447 a.u. (d/a= 3.4860 )[  1 ]
  Neighbor  5 (type   1) at  -11.65850 -36.79090  -2.10562 ; dist:   35.1049 a.u. (d/a= 3.4920 )[  1 ]
  Neighbor  5 (type   1) at    8.44742 -36.79090  -2.10562 ; dist:   35.1049 a.u. (d/a= 3.4920 )[  1 ]
  Neighbor  5 (type   1) at  -11.65850 -36.79090   6.31685 ; dist:   35.1049 a.u. (d/a= 3.4920 )[  1 ]
  Neighbor  5 (type   1) at    8.44742 -36.79090   6.31685 ; dist:   35.1049 a.u. (d/a= 3.4920 )[  1 ]
  Neighbor  7 (type   3) at  -11.65850  -3.42094 -31.58425 ; dist:   35.1578 a.u. (d/a= 3.4973 )[  1 ]
  Neighbor  7 (type   3) at  -11.65850  -3.42094  35.79548 ; dist:   35.1578 a.u. (d/a= 3.4973 )[  1 ]
  Neighbor  7 (type   3) at   -1.60554 -13.47390 -31.58425 ; dist:   35.1578 a.u. (d/a= 3.4973 )[  1 ]
  Neighbor  7 (type   3) at   -1.60554 -13.47390  35.79548 ; dist:   35.1578 a.u. (d/a= 3.4973 )[  1 ]
  Neighbor  7 (type   3) at   -1.60554   6.63202 -31.58425 ; dist:   35.1578 a.u. (d/a= 3.4973 )[  1 ]
  Neighbor  7 (type   3) at   -1.60554   6.63202  35.79548 ; dist:   35.1578 a.u. (d/a= 3.4973 )[  1 ]
  Neighbor  7 (type   3) at    8.44742  -3.42094 -31.58425 ; dist:   35.1578 a.u. (d/a= 3.4973 )[  1 ]
  Neighbor  7 (type   3) at    8.44742  -3.42094  35.79548 ; dist:   35.1578 a.u. (d/a= 3.4973 )[  1 ]
  -----   END of the table of neighbours     -----
  N distinct sites:         4
    distinct sites:     5     6     7     8
 indices for type  1 :      1     2     3     4     5     6     7     8     9    10
 indices for type  2 :     11    12    13    14    15    16    17    18    19    20
 indices for type  3 :     21    22    23    24    25    26    27    28    29    30
 indices for type  4 :     31    32    33    34    35    36    37    38    39    40
  Number of indices for each type          10          10          10
          10
  maximal dimension                        10
 
 Spin Operators:
 S_x (central site): REAL
 0.00  0.00  0.00  0.00  0.00  0.50  0.00  0.00  0.00  0.00 
 0.00  0.00  0.00  0.00  0.00  0.00  0.50  0.00  0.00  0.00 
 0.00  0.00  0.00  0.00  0.00  0.00  0.00  0.50  0.00  0.00 
 0.00  0.00  0.00  0.00  0.00  0.00  0.00  0.00  0.50  0.00 
 0.00  0.00  0.00  0.00  0.00  0.00  0.00  0.00  0.00  0.50 
 0.50  0.00  0.00  0.00  0.00  0.00  0.00  0.00  0.00  0.00 
 0.00  0.50  0.00  0.00  0.00  0.00  0.00  0.00  0.00  0.00 
 0.00  0.00  0.50  0.00  0.00  0.00  0.00  0.00  0.00  0.00 
 0.00  0.00  0.00  0.50  0.00  0.00  0.00  0.00  0.00  0.00 
 0.00  0.00  0.00  0.00  0.50  0.00  0.00  0.00  0.00  0.00 
 
 S_y (central site): IMAG
 0.00  0.00  0.00  0.00  0.00  0.50  0.00  0.00  0.00  0.00 
 0.00  0.00  0.00  0.00  0.00  0.00  0.50  0.00  0.00  0.00 
 0.00  0.00  0.00  0.00  0.00  0.00  0.00  0.50  0.00  0.00 
 0.00  0.00  0.00  0.00  0.00  0.00  0.00  0.00  0.50  0.00 
 0.00  0.00  0.00  0.00  0.00  0.00  0.00  0.00  0.00  0.50 
-0.50  0.00  0.00  0.00  0.00  0.00  0.00  0.00  0.00  0.00 
 0.00 -0.50  0.00  0.00  0.00  0.00  0.00  0.00  0.00  0.00 
 0.00  0.00 -0.50  0.00  0.00  0.00  0.00  0.00  0.00  0.00 
 0.00  0.00  0.00 -0.50  0.00  0.00  0.00  0.00  0.00  0.00 
 0.00  0.00  0.00  0.00 -0.50  0.00  0.00  0.00  0.00  0.00 
 
 S_z (central site): REAL
-0.50  0.00  0.00  0.00  0.00  0.00  0.00  0.00  0.00  0.00 
 0.00 -0.50  0.00  0.00  0.00  0.00  0.00  0.00  0.00  0.00 
 0.00  0.00 -0.50  0.00  0.00  0.00  0.00  0.00  0.00  0.00 
 0.00  0.00  0.00 -0.50  0.00  0.00  0.00  0.00  0.00  0.00 
 0.00  0.00  0.00  0.00 -0.50  0.00  0.00  0.00  0.00  0.00 
 0.00  0.00  0.00  0.00  0.00  0.50  0.00  0.00  0.00  0.00 
 0.00  0.00  0.00  0.00  0.00  0.00  0.50  0.00  0.00  0.00 
 0.00  0.00  0.00  0.00  0.00  0.00  0.00  0.50  0.00  0.00 
 0.00  0.00  0.00  0.00  0.00  0.00  0.00  0.00  0.50  0.00 
 0.00  0.00  0.00  0.00  0.00  0.00  0.00  0.00  0.00  0.50 
 
  Non-relativistic limit: spin-up/dn states
 
 Indices for type  1 [up]     6     7     8     9    10
 Indices for type  1 [dn]     1     2     3     4     5
 Indices for type  2 [up]     6     7     8     9    10
 Indices for type  2 [dn]     1     2     3     4     5
 Indices for type  3 [up]     6     7     8     9    10
 Indices for type  3 [dn]     1     2     3     4     5
 Indices for type  4 [up]     6     7     8     9    10
 Indices for type  4 [dn]     1     2     3     4     5
 
 
 On-site exchange splitting (Delta) at the central atom (i\omega_n=1)
 Re
 -0.15051  -0.00236   0.00000  -0.00149  -0.00431
 -0.00236  -0.15420   0.00095   0.00001   0.00149
  0.00000   0.00095  -0.15808  -0.00095   0.00000
 -0.00149   0.00001  -0.00095  -0.15420   0.00236
 -0.00431   0.00149   0.00000   0.00236  -0.15051
 Im
  0.00000  -0.00236  -0.00176   0.00149  -0.00000
  0.00236   0.00000   0.00095  -0.00448  -0.00149
  0.00176  -0.00095   0.00000  -0.00095  -0.00176
 -0.00149   0.00448   0.00095   0.00000   0.00236
  0.00000   0.00149   0.00176  -0.00236   0.00000
 
 Spin moment at the central site    1.91437
 
  ----- Table of calculated Jij parameters ----- 
 Neighbor     dist.[au]     Jij [mRy]
     1         4.93213      1.592359
     2         4.93213      1.592359
     3         5.29580      1.189256
     4         5.29580      0.481603
     5         5.34427      1.178072
     6         5.34427      1.178072
     7         8.03404      0.236080
     8         8.03404      0.120679
     9         8.42247      0.337158
    10         8.42247      0.337158
    11         9.42802      0.107642
    12         9.42802      0.106713
    13         9.42802      0.107642
    14         9.42802      0.106713
    15         9.65002     -0.175664
    16         9.65002     -0.175664
    17         9.97492     -0.127900
    18         9.97492     -0.127900
    19         9.97492     -0.068734
    20         9.97492     -0.068734
    21        10.05296     -0.011736
    22        10.05296     -0.012017
    23        10.05296     -0.011736
    24        10.05296     -0.012017
    25        11.36255      0.001733
    26        11.36255      0.001733
    27        11.36255      0.018347
    28        11.36255      0.018347
    29        12.38746      0.018704
    30        12.38746      0.018704
    31        12.72353     -0.045361
    32        12.72353     -0.045424
    33        12.72353     -0.045361
    34        12.72353     -0.045424
    35        12.80862      0.013165
    36        12.80862      0.013165
    37        12.80862      0.063805
    38        12.80862      0.063805
    39        12.86887      0.045152
    40        12.86887      0.045152
    41        12.86887     -0.027624
    42        12.86887     -0.027624
    43        12.88889     -0.058618
    44        12.88889     -0.058618
    45        12.89192      0.003442
    46        12.89192      0.003442
    47        13.03539     -0.040760
    48        13.03539      0.033129
    49        13.11488      0.016744
    50        13.11488     -0.031325
    51        13.11488     -0.031203
    52        13.11488      0.016880
    53        13.11488     -0.031325
    54        13.11488      0.016744
    55        13.11488      0.016880
    56        13.11488     -0.031203
    57        13.91651     -0.002148
    58        13.91651     -0.018421
    59        14.21703      0.030841
    60        14.21703      0.015683
    61        14.21703      0.015683
    62        14.21703      0.030841
    63        14.36738      0.009442
    64        14.36738     -0.015902
    65        15.04825      0.030864
    66        15.04825      0.030845
    67        15.04825      0.030864
    68        15.04825      0.030845
    69        15.18833     -0.004625
    70        15.18833     -0.004625
    71        15.19090     -0.008370
    72        15.19090     -0.008282
    73        15.19090     -0.008370
    74        15.19090     -0.008282
    75        15.39680     -0.000683
    76        15.39680     -0.000683
    77        15.39680      0.008659
    78        15.39680      0.008659
    79        16.46157     -0.016805
    80        16.46157     -0.016805
    81        16.46157      0.004091
    82        16.46157      0.004091
    83        16.52459     -0.012863
    84        16.52459      0.001995
    85        16.52459     -0.017361
    86        16.52459     -0.017307
    87        16.52459     -0.017307
    88        16.52459     -0.017361
    89        16.52459      0.001995
    90        16.52459     -0.012863
    91        16.84493      0.003011
    92        16.84493      0.003011
    93        17.16774     -0.014562
    94        17.16774     -0.014562
    95        17.16774     -0.003797
    96        17.16774     -0.003797
    97        17.18275      0.015324
    98        17.18275      0.015324
    99        17.18502     -0.002075
   100        17.18502     -0.002075
   101        17.30464      0.009863
   102        17.30464      0.009863
   103        17.36730     -0.004992
   104        17.36730     -0.004992
   105        17.36730      0.002195
   106        17.36730      0.002195
   107        17.41179      0.003980
   108        17.41179     -0.001221
   109        17.42883     -0.011296
   110        17.42883     -0.011309
   111        17.42883     -0.011296
   112        17.42883     -0.011309
   113        17.53521      0.004568
   114        17.53521      0.004568
   115        17.53521      0.006090
   116        17.53521      0.006090
   117        17.67238      0.014618
   118        17.67238      0.014618
   119        17.67238     -0.009145
   120        17.67238     -0.009145
   121        18.31789      0.003555
   122        18.31789      0.010181
   123        18.85665      0.002851
   124        18.85665      0.002832
   125        18.85665      0.002851
   126        18.85665      0.002832
   127        18.96862     -0.007588
   128        18.96862     -0.007588
   129        19.13596     -0.001280
   130        19.13596     -0.001280
   131        19.13596     -0.000798
   132        19.13596     -0.000798
   133        19.18978     -0.002221
   134        19.18978     -0.002221
   135        19.19182      0.010213
   136        19.19182      0.010219
   137        19.19182      0.010213
   138        19.19182      0.010219
   139        19.41326      0.004314
   140        19.41326      0.004314
   141        19.41326      0.006218
   142        19.41326      0.006218
   143        19.61667     -0.003135
   144        19.61667      0.001635
   145        19.61667     -0.003156
   146        19.61667      0.001647
   147        19.61667      0.001647
   148        19.61667     -0.003156
   149        19.61667      0.001635
   150        19.61667     -0.003135
   151        20.10553     -0.000637
   152        20.10553     -0.000637
   153        20.10553      0.001550
   154        20.10553      0.001550
   155        20.10592     -0.003004
   156        20.10592     -0.003044
   157        20.10592     -0.003044
   158        20.10592     -0.003004
   159        20.49719      0.013654
   160        20.49719      0.013603
   161        20.49719      0.013654
   162        20.49719      0.013603
   163        20.75443     -0.002639
   164        20.75443     -0.002639
   165        20.75443     -0.002168
   166        20.75443     -0.002168
   167        20.79167      0.004049
   168        20.79167      0.004049
   169        20.79167      0.003254
   170        20.79167      0.003254
   171        20.89514     -0.000524
   172        20.89514     -0.000524
   173        20.89514     -0.003335
   174        20.89514     -0.003335
   175        20.95675      0.002700
   176        20.95675      0.002700
   177        20.95675      0.000869
   178        20.95675      0.000869
   179        21.00777     -0.000975
   180        21.00777     -0.000975
   181        21.09612      0.001326
   182        21.09612      0.000713
   183        21.21026      0.004035
   184        21.21026      0.004035
   185        21.21026      0.005956
   186        21.21026      0.005956
   187        21.21211      0.004987
   188        21.21211      0.004987
   189        21.29960     -0.011109
   190        21.29960      0.014473
   191        21.65165     -0.003785
   192        21.65165     -0.003785
   193        21.65165     -0.003447
   194        21.65165     -0.003447
   195        21.79876     -0.002383
   196        21.79876     -0.008187
   197        21.79876     -0.002396
   198        21.79876     -0.008241
   199        21.79876     -0.008241
   200        21.79876     -0.002396
   201        21.79876     -0.008187
   202        21.79876     -0.002383
   203        22.04259     -0.001515
   204        22.04259     -0.005492
   205        22.04259     -0.001063
   206        22.04259     -0.001050
   207        22.04259     -0.001050
   208        22.04259     -0.001063
   209        22.04259     -0.005492
   210        22.04259     -0.001515
   211        22.13986      0.003581
   212        22.13986      0.001252
   213        22.20666      0.001626
   214        22.20666      0.001641
   215        22.20666      0.001626
   216        22.20666      0.001641
   217        22.30357      0.002361
   218        22.30357      0.002348
   219        22.30357      0.002361
   220        22.30357      0.002348
   221        22.39586     -0.000453
   222        22.39586     -0.000451
   223        22.39586     -0.000451
   224        22.39586     -0.000453
   225        22.47910     -0.006693
   226        22.47910      0.001461
   227        22.47910     -0.006719
   228        22.47910      0.001469
   229        22.47910      0.001469
   230        22.47910     -0.006719
   231        22.47910      0.001461
   232        22.47910     -0.006693
   233        22.49022     -0.003019
   234        22.49022     -0.003019
   235        22.68120     -0.001445
   236        22.68120     -0.001445
   237        22.68120      0.001454
   238        22.68120      0.001454
   239        22.68293     -0.006018
   240        22.68293     -0.005998
   241        22.68293     -0.006018
   242        22.68293     -0.005998
   243        23.36896      0.000930
   244        23.36896      0.000930
   245        23.36896     -0.001224
   246        23.36896     -0.001224
   247        23.55282     -0.005764
   248        23.55282     -0.005764
   249        23.55282      0.000837
   250        23.55282      0.000837
   251        23.69424      0.000864
   252        23.69424      0.000480
   253        23.70512      0.000023
   254        23.70512      0.000023
   255        23.70677      0.002536
   256        23.70677      0.002522
   257        23.70677      0.002536
   258        23.70677      0.002522
   259        23.79362      0.009560
   260        23.79362      0.009599
   261        23.79362      0.009560
   262        23.79362      0.009599
   263        23.96183      0.001287
   264        23.96183      0.001287
   265        23.96183     -0.000496
   266        23.96183     -0.000496
   267        24.00517     -0.001905
   268        24.00517     -0.001526
   269        24.00517     -0.000901
   270        24.00517     -0.000731
   271        24.00517     -0.001911
   272        24.00517     -0.001534
   273        24.00517     -0.000740
   274        24.00517     -0.000910
   275        24.00517     -0.000910
   276        24.00517     -0.000740
   277        24.00517     -0.001534
   278        24.00517     -0.001911
   279        24.00517     -0.000731
   280        24.00517     -0.000901
   281        24.00517     -0.001526
   282        24.00517     -0.001905
   283        24.01558     -0.004452
   284        24.01558     -0.004452
   285        24.01558     -0.000521
   286        24.01558     -0.000521
   287        24.06239     -0.002224
   288        24.06239     -0.002224
   289        24.06239      0.001055
   290        24.06239      0.001055
   291        24.06401     -0.001006
   292        24.06401     -0.001006
   293        24.23873      0.000718
   294        24.23873      0.000719
   295        24.23873      0.000718
   296        24.23873      0.000719
   297        24.31533     -0.000186
   298        24.31533     -0.000186
   299        24.31533     -0.000018
   300        24.31533     -0.000018
   301        24.45235      0.000029
   302        24.45235      0.000029
   303        24.45235     -0.002321
   304        24.45235     -0.002321
   305        24.71173      0.001508
   306        24.71173      0.001508
   307        24.71173     -0.000487
   308        24.71173     -0.000487
   309        24.88567      0.000410
   310        24.88567     -0.001381
   311        25.15692      0.001382
   312        25.15692      0.001382
   313        25.15692      0.000051
   314        25.15692      0.000051
   315        25.19788      0.001965
   316        25.19788      0.001965
   317        25.19943     -0.001574
   318        25.19943     -0.001568
   319        25.19943     -0.001574
   320        25.19943     -0.001568
   321        25.26740     -0.006613
   322        25.26740     -0.006613
   323        25.28116     -0.003359
   324        25.28116     -0.003377
   325        25.28116     -0.003359
   326        25.28116     -0.003377
   327        25.36633      0.002541
   328        25.36633      0.002540
   329        25.36633      0.002540
   330        25.36633      0.002541
   331        25.36849     -0.000107
   332        25.36849     -0.000107
   333        25.36849     -0.003901
   334        25.36849     -0.003901
   335        25.53428     -0.001262
   336        25.53428     -0.001262
   337        25.53428      0.001291
   338        25.53428      0.001291
   339        25.53581      0.001279
   340        25.53581      0.001270
   341        25.53581      0.001279
   342        25.53581      0.001270
   343        25.73867     -0.000609
   344        25.73867     -0.000609
   345        25.73867      0.000678
   346        25.73867      0.000678
   347        25.82639      0.008697
   348        25.82639      0.008697
   349        25.82639     -0.000192
   350        25.82639     -0.000192
   351        26.20726      0.002853
   352        26.20726      0.002853
   353        26.22975     -0.002610
   354        26.22975      0.000962
   355        26.22975     -0.002610
   356        26.22975      0.000970
   357        26.22975      0.000970
   358        26.22975     -0.002610
   359        26.22975      0.000962
   360        26.22975     -0.002610
   361        26.44797      0.001757
   362        26.44797      0.001757
   363        26.51967      0.001217
   364        26.51967     -0.003599
   365        26.56824      0.000297
   366        26.56824      0.000297
   367        26.56824      0.001786
   368        26.56824      0.001786
   369        26.59734      0.002885
   370        26.59734      0.002885
   371        26.59734      0.000113
   372        26.59734      0.000113
   373        26.60703      0.000109
   374        26.60703      0.000109
   375        26.60850      0.001934
   376        26.60850      0.001945
   377        26.60850      0.001934
   378        26.60850      0.001945
   379        26.83950     -0.000373
   380        26.83950     -0.000373
   381        26.83950      0.002621
   382        26.83950      0.002621
   383        26.92728     -0.000152
   384        26.92728     -0.000152
   385        26.99626      0.001657
   386        26.99626      0.001694
   387        27.04744      0.000572
   388        27.04744      0.000572
   389        27.04744     -0.003178
   390        27.04744     -0.003178
   391        27.19381     -0.000202
   392        27.19381     -0.000490
   393        27.19381     -0.000500
   394        27.19381     -0.000210
   395        27.19381     -0.000490
   396        27.19381     -0.000202
   397        27.19381     -0.000210
   398        27.19381     -0.000500
   399        27.19914      0.001696
   400        27.19914      0.001696
   401        27.19914     -0.001925
   402        27.19914     -0.001925
   403        27.27487      0.000768
   404        27.27487     -0.001467
   405        27.75667      0.002159
   406        27.75667      0.002159
   407        27.75667     -0.000369
   408        27.75667     -0.000369
   409        27.79381     -0.000153
   410        27.79381     -0.000153
   411        27.90828      0.000788
   412        27.90828      0.000788
   413        27.90828     -0.000123
   414        27.90828     -0.000123
   415        27.94661      0.000810
   416        27.94661      0.000806
   417        27.94661      0.000810
   418        27.94661      0.000806
   419        27.94997      0.000408
   420        27.94997      0.000405
   421        27.94997      0.000408
   422        27.94997      0.000405
   423        28.09024     -0.000805
   424        28.09024     -0.000299
   425        28.09024     -0.001006
   426        28.09024      0.000743
   427        28.09024     -0.000304
   428        28.09024     -0.000801
   429        28.09024     -0.000801
   430        28.09024     -0.000304
   431        28.09024      0.000743
   432        28.09024     -0.001006
   433        28.09024      0.000743
   434        28.09024     -0.001004
   435        28.09024     -0.001004
   436        28.09024      0.000743
   437        28.09024     -0.000299
   438        28.09024     -0.000805
   439        28.09914     -0.001261
   440        28.09914     -0.001261
   441        28.09914     -0.001396
   442        28.09914     -0.001396
   443        28.36115      0.000520
   444        28.36115      0.000520
   445        28.36115     -0.001328
   446        28.36115     -0.001328
   447        28.36485      0.001084
   448        28.36485      0.001084
   449        28.36485      0.001963
   450        28.36485      0.001963
   451        28.43407      0.000865
   452        28.43407      0.000722
   453        28.43407      0.000722
   454        28.43407      0.000865
   455        28.71207     -0.001030
   456        28.71207     -0.001033
   457        28.71207     -0.001030
   458        28.71207     -0.001033
   459        28.78573      0.000804
   460        28.78573      0.000804
   461        28.78709     -0.000018
   462        28.78709     -0.000018
   463        28.80729     -0.000105
   464        28.80729     -0.000105
   465        28.80729      0.000519
   466        28.80729      0.000519
   467        28.85866      0.000352
   468        28.85866      0.000356
   469        28.85866      0.000352
   470        28.85866      0.000356
   471        28.99251     -0.000805
   472        28.99251      0.000804
   473        28.99251      0.002239
   474        28.99251      0.002241
   475        28.99251      0.002241
   476        28.99251      0.002239
   477        28.99251      0.000804
   478        28.99251     -0.000805
   479        29.04193     -0.000461
   480        29.04193     -0.000461
   481        29.04193     -0.000376
   482        29.04193     -0.000376
   483        29.06855      0.002912
   484        29.06855      0.002912
   485        29.06855      0.000487
   486        29.06855      0.000487
   487        29.08065      0.000028
   488        29.08065      0.000028
   489        29.08065      0.000618
   490        29.08065      0.000618
   491        29.08200      0.000049
   492        29.08200      0.000048
   493        29.08200      0.000049
   494        29.08200      0.000048
   495        29.14265     -0.000288
   496        29.14265     -0.000288
   497        29.14265     -0.000557
   498        29.14265     -0.000557
   499        29.29029      0.000206
   500        29.29029      0.000206
   501        29.29029      0.000721
   502        29.29029      0.000721
   503        29.48095     -0.000281
   504        29.48095     -0.000281
   505        29.48095     -0.000397
   506        29.48095     -0.000397
   507        29.59022     -0.000686
   508        29.59022     -0.000686
   509        29.65300     -0.000920
   510        29.65300      0.002691
   511        29.65525     -0.000452
   512        29.65525     -0.002468
   513        29.65525     -0.000460
   514        29.65525     -0.000458
   515        29.65525     -0.000458
   516        29.65525     -0.000460
   517        29.65525     -0.002468
   518        29.65525     -0.000452
   519        29.76230     -0.001945
   520        29.76230     -0.001843
   521        29.81517     -0.001189
   522        29.81517     -0.001182
   523        29.81517     -0.001189
   524        29.81517     -0.001182
   525        29.90688      0.000045
   526        29.90688      0.000045
   527        29.90688      0.000094
   528        29.90688      0.000094
   529        29.99260      0.001217
   530        29.99260      0.001217
   531        29.99260      0.001586
   532        29.99260      0.001586
   533        30.15888     -0.001223
   534        30.15888     -0.001218
   535        30.15888     -0.001223
   536        30.15888     -0.001218
   537        30.26220     -0.000325
   538        30.26220     -0.000137
   539        30.30982     -0.000043
   540        30.30982     -0.000043
   541        30.30982     -0.000364
   542        30.30982     -0.000364
   543        30.31111     -0.000498
   544        30.31111     -0.000500
   545        30.31111     -0.000498
   546        30.31111     -0.000500
   547        30.45000      0.000680
   548        30.45000      0.000672
   549        30.45000      0.000672
   550        30.45000      0.000680
   551        30.55631     -0.000831
   552        30.55631     -0.000831
   553        30.55631      0.001870
   554        30.55631      0.001870
   555        30.62032     -0.000536
   556        30.62032     -0.000536
   557        30.62032     -0.000284
   558        30.62032     -0.000284
   559        30.66175     -0.000194
   560        30.66175     -0.000193
   561        30.66175     -0.000194
   562        30.66175     -0.000193
   563        31.01524     -0.001295
   564        31.01524     -0.001291
   565        31.01524     -0.001295
   566        31.01524     -0.001291
   567        31.07515      0.000306
   568        31.07515      0.000306
   569        31.07515      0.000119
   570        31.07515      0.000119
   571        31.08345      0.000845
   572        31.08345      0.000845
   573        31.08470      0.000055
   574        31.08470      0.000054
   575        31.08470      0.000055
   576        31.08470      0.000054
   577        31.21064      0.001036
   578        31.21064      0.001036
   579        31.21064      0.000351
   580        31.21064      0.000351
   581        31.22015     -0.000157
   582        31.22015     -0.000158
   583        31.22015     -0.000157
   584        31.22015     -0.000158
   585        31.28616     -0.000945
   586        31.28616     -0.000945
   587        31.31074     -0.000598
   588        31.31074     -0.000598
   589        31.31074     -0.001324
   590        31.31074     -0.001324
   591        31.31288      0.000398
   592        31.31288     -0.000190
   593        31.31288     -0.000190
   594        31.31288      0.000400
   595        31.31288     -0.000190
   596        31.31288      0.000398
   597        31.31288      0.000400
   598        31.31288     -0.000190
   599        31.35677      0.001069
   600        31.35677      0.001069
   601        31.35677     -0.000207
   602        31.35677     -0.000207
   603        31.41427     -0.000290
   604        31.41427     -0.000290
   605        31.41427     -0.000092
   606        31.41427     -0.000092
   607        31.41726      0.000607
   608        31.41726     -0.001245
   609        31.49104     -0.000579
   610        31.49104     -0.000579
   611        31.49104      0.000349
   612        31.49104      0.000349
   613        31.49228      0.000025
   614        31.49228      0.000028
   615        31.49228      0.000025
   616        31.49228      0.000028
   617        31.59509     -0.000217
   618        31.59509     -0.000217
   619        31.59509     -0.000155
   620        31.59509     -0.000155
   621        31.69707     -0.000363
   622        31.69707     -0.000363
   623        31.72836     -0.000255
   624        31.72836     -0.000255
   625        31.72836      0.000394
   626        31.72836      0.000394
   627        31.79025      0.002039
   628        31.79025     -0.000005
   629        31.79025      0.000004
   630        31.79025      0.002051
   631        31.79025     -0.000005
   632        31.79025      0.002039
   633        31.79025      0.002051
   634        31.79025      0.000004
   635        31.82991      0.000634
   636        31.82991      0.000635
   637        31.82991      0.000634
   638        31.82991      0.000635
   639        31.88829     -0.000830
   640        31.88829     -0.000830
   641        31.88829     -0.000008
   642        31.88829     -0.000008
   643        31.99289      0.000680
   644        31.99289      0.000680
   645        31.99289     -0.000096
   646        31.99289     -0.000096
   647        32.10518      0.000955
   648        32.10518      0.000955
   649        32.10639     -0.000229
   650        32.10639     -0.000226
   651        32.10639     -0.000229
   652        32.10639     -0.000226
   653        32.20433     -0.000124
   654        32.20433     -0.000124
   655        32.20433      0.000511
   656        32.20433      0.000511
   657        32.29070     -0.001212
   658        32.29070      0.000393
   659        32.29070     -0.001212
   660        32.29070      0.000393
   661        32.29070      0.000393
   662        32.29070     -0.001212
   663        32.29070      0.000393
   664        32.29070     -0.001212
   665        32.30147     -0.000279
   666        32.30147     -0.000283
   667        32.30147     -0.000283
   668        32.30147     -0.000279
   669        32.32529     -0.000289
   670        32.32529     -0.001258
   671        32.36697      0.000172
   672        32.36697      0.000172
   673        32.49996     -0.000230
   674        32.49996     -0.000230
   675        32.49996      0.000270
   676        32.49996      0.000270
   677        32.63073     -0.000376
   678        32.63073     -0.000376
   679        32.63073     -0.000376
   680        32.63073     -0.000376
   681        32.82842      0.000373
   682        32.82842      0.000366
   683        32.82842      0.000373
   684        32.82842      0.000366
   685        32.85543     -0.000701
   686        32.85543     -0.000701
   687        32.85543     -0.000850
   688        32.85543     -0.000850
   689        32.88705      0.001142
   690        32.88705      0.000040
   691        32.88705      0.000027
   692        32.88705      0.000565
   693        32.88705      0.000574
   694        32.88705      0.000029
   695        32.88705      0.000043
   696        32.88705      0.001147
   697        32.88705      0.000565
   698        32.88705      0.000027
   699        32.88705      0.000040
   700        32.88705      0.001142
   701        32.88705      0.001147
   702        32.88705      0.000043
   703        32.88705      0.000029
   704        32.88705      0.000574
   705        32.98646     -0.000078
   706        32.98646     -0.000078
   707        32.98646     -0.000055
   708        32.98646     -0.000055
   709        33.04917      0.000556
   710        33.04917      0.000252
   711        33.04917      0.000380
   712        33.04917      0.000379
   713        33.04917      0.000379
   714        33.04917      0.000380
   715        33.04917      0.000252
   716        33.04917      0.000556
   717        33.19157      0.000186
   718        33.19157      0.000186
   719        33.19157      0.000182
   720        33.19157      0.000182
   721        33.21487     -0.000131
   722        33.21487     -0.000131
   723        33.21487     -0.000734
   724        33.21487     -0.000734
   725        33.22381     -0.000062
   726        33.22381     -0.000061
   727        33.22381     -0.000062
   728        33.22381     -0.000061
   729        33.27974      0.000007
   730        33.27974      0.000007
   731        33.27974      0.000147
   732        33.27974      0.000147
   733        33.28584     -0.001456
   734        33.28584     -0.001462
   735        33.28584     -0.001456
   736        33.28584     -0.001462
   737        33.34940     -0.000047
   738        33.34940     -0.000047
   739        33.35221      0.000412
   740        33.35221      0.000412
   741        33.35221      0.000421
   742        33.35221      0.000421
   743        33.35338     -0.000752
   744        33.35338     -0.000752
   745        33.40629     -0.000729
   746        33.40629     -0.000729
   747        33.40629     -0.000282
   748        33.40629     -0.000282
   749        33.44486     -0.000567
   750        33.44486     -0.000567
   751        33.44486      0.000260
   752        33.44486      0.000260
   753        33.47685      0.000789
   754        33.47685      0.000789
   755        33.63464      0.001044
   756        33.63464      0.000874
   757        33.66075      0.000502
   758        33.66075      0.000502
   759        33.66075     -0.000299
   760        33.66075     -0.000299
   761        33.68986     -0.001120
   762        33.68986     -0.001120
   763        33.81940      0.000183
   764        33.81940      0.000388
   765        33.81940      0.000255
   766        33.81940      0.000736
   767        33.81940      0.000181
   768        33.81940      0.000387
   769        33.81940      0.000740
   770        33.81940      0.000252
   771        33.81940      0.000252
   772        33.81940      0.000740
   773        33.81940      0.000387
   774        33.81940      0.000181
   775        33.81940      0.000736
   776        33.81940      0.000255
   777        33.81940      0.000388
   778        33.81940      0.000183
   779        33.82679     -0.000655
   780        33.82679     -0.000655
   781        33.82679     -0.000400
   782        33.82679     -0.000400
   783        33.85242     -0.001118
   784        33.85242     -0.001118
   785        33.85242      0.000417
   786        33.85242      0.000417
   787        33.88461      0.000261
   788        33.88461      0.000261
   789        33.88461     -0.000126
   790        33.88461     -0.000126
   791        33.92205      0.000131
   792        33.92205      0.000131
   793        33.97684     -0.000208
   794        33.97684      0.000106
   795        33.99456     -0.000090
   796        33.99456     -0.000090
   797        33.99456     -0.000090
   798        33.99456     -0.000090
   799        34.11111      0.001696
   800        34.11111      0.001696
   801        34.11111      0.000132
   802        34.11111      0.000132
   803        34.19863      0.000240
   804        34.19863     -0.000164
   805        34.36492     -0.000739
   806        34.36492     -0.000743
   807        34.36492     -0.000743
   808        34.36492     -0.000739
   809        34.39651     -0.000411
   810        34.39651     -0.000411
   811        34.39651      0.000154
   812        34.39651      0.000154
   813        34.42762      0.000219
   814        34.42762      0.000219
   815        34.42762      0.000219
   816        34.42762      0.000219
   817        34.54432     -0.000139
   818        34.54432     -0.000086
   819        34.54432     -0.000137
   820        34.54432     -0.000088
   821        34.54432     -0.000088
   822        34.54432     -0.000137
   823        34.54432     -0.000086
   824        34.54432     -0.000139
   825        34.64641     -0.000078
   826        34.64641     -0.000078
   827        34.64641      0.000525
   828        34.64641      0.000525
   829        34.73944     -0.000430
   830        34.73944     -0.000429
   831        34.73944     -0.000430
   832        34.73944     -0.000429
   833        34.82425     -0.000280
   834        34.82425     -0.000280
   835        34.82425     -0.000013
   836        34.82425     -0.000013
   837        35.04468     -0.000203
   838        35.04468     -0.000203
   839        35.04468     -0.001690
   840        35.04468     -0.001690
   841        35.10485     -0.000063
   842        35.10485     -0.000063
   843        35.10485      0.000384
   844        35.10485      0.000384
   845        35.15777      0.000268
   846        35.15777      0.000192
   847        35.15777      0.000267
   848        35.15777      0.000187
   849        35.15777      0.000187
   850        35.15777      0.000267
   851        35.15777      0.000192
   852        35.15777      0.000268
  ------------------  END  --------------------- 
 
 Positive Jij =  FM coupling
 Negative Jij = AFM coupling
 
 Signs are already flipped according to the spin directions.
 Assumed magnetic order (types):   1.0  1.0  1.0  1.0
 TO BE CHECKED WHEN THERE ARE SEVERAL L-ORBITALS PER SITE
 
 +---------------------------- END OF BRIANNA -----------------------------+
 
 
 TIME: DMFT:     25.454m in,     77.024m added,    102.478m total
 ***main: Stop before density.

 TIME: rspt:      0.005m in,    102.472m added,    102.478m total

 Cpulog for DIAGONAL:
             Total          Cholesky

            .66221            .09382

