    1     2     0     0     0     1.261681
    1     2     0     1     0     1.261681
    1     3     1     0     0     1.258919
    1     3     0     0     0     1.258919
    1     4     0     0    -1     1.227619
    1     5     0     0    -1    -0.011832
    1     5     0     1    -1    -0.011832
    1     6     1     0    -1    -0.010543
    1     6     0     0    -1    -0.010543
    1     4     0     0     0     0.438370
    1     3     0    -1     0     0.105219
    1     3     1     1     0     0.105219
    1     2    -1     0     0     0.105536
    1     2     1     1     0     0.105536
    1     5     0     0     0    -0.071402
    1     5     0     1     0    -0.071402
    1     6     0     0     0    -0.071643
    1     6     1     0     0    -0.071643
    1     1    -1    -1     0    -0.027350
    1     1     1     1     0    -0.027350
    1     1     0    -1     0    -0.019823
    1     1     0     1     0    -0.019823
    1     1    -1     0     0    -0.021471
    1     1     1     0     0    -0.021471
    1     6     0    -1    -1     0.031948
    1     6     1     1    -1     0.031948
    1     5    -1     0    -1     0.031812
    1     5     1     1    -1     0.031812
    1     4    -1    -1    -1     0.005872
    1     4     1     1    -1     0.005872
    1     4     0    -1    -1    -0.044582
    1     4     0     1    -1    -0.044582
    1     4    -1     0    -1    -0.045398
    1     4     1     0    -1    -0.045398
    1     6     0    -1     0     0.025422
    1     6     1     1     0     0.025422
    1     5    -1     0     0     0.025683
    1     5     1     1     0     0.025683
    1     4    -1    -1     0    -0.063483
    1     4     1     1     0    -0.063483
    1     4     0    -1     0    -0.015095
    1     4     0     1     0    -0.015095
    1     4    -1     0     0    -0.015349
    1     4     1     0     0    -0.015349
    1     1     0     0    -1     0.095989
    1     1     0     0     1     0.095989
    1     2    -1    -1     0     0.019299
    1     2     1     2     0     0.019299
    1     3    -1    -1     0     0.019264
    1     3     2     1     0     0.019264
    1     3     1    -1     0     0.019260
    1     3     0     1     0     0.019259
    1     2    -1     1     0     0.018760
    1     2     1     0     0     0.018760
    1     2     0     0    -1    -0.023410
    1     2     0     1    -1    -0.023410
    1     2     0     0     1    -0.023220
    1     2     0     1     1    -0.023220
    1     3     0     0    -1    -0.023087
    1     3     1     0    -1    -0.023087
    1     3     0     0     1    -0.023084
    1     3     1     0     1    -0.023084
    1     5    -1    -1    -1     0.012610
    1     5     1     2    -1     0.012610
    1     6    -1    -1    -1     0.012802
    1     6     2     1    -1     0.012802
    1     6     1    -1    -1     0.012802
    1     6     0     1    -1     0.012802
    1     5    -1     1    -1     0.012430
    1     5     1     0    -1     0.012430
    1     2     0    -1     0    -0.004115
    1     2     0     2     0    -0.004115
    1     3    -1     0     0    -0.003947
    1     3     2     0     0    -0.003947
    1     5    -1    -1     0     0.004976
    1     5     1     2     0     0.004976
    1     6    -1    -1     0     0.004924
    1     6     2     1     0     0.004924
    1     6     1    -1     0     0.004924
    1     6     0     1     0     0.004924
    1     5    -1     1     0     0.005046
    1     5     1     0     0     0.005046
    1     3     0    -1    -1    -0.016704
    1     3     1     1    -1    -0.016704
    1     3     0    -1     1    -0.016705
    1     3     1     1     1    -0.016705
    1     2    -1     0    -1    -0.016529
    1     2     1     1    -1    -0.016529
    1     2    -1     0     1    -0.016867
    1     2     1     1     1    -0.016867
    1     5     0    -1    -1    -0.012299
    1     5     0     2    -1    -0.012299
    1     6    -1     0    -1    -0.012067
    1     6     2     0    -1    -0.012067
    1     1    -1    -1    -1     0.013458
    1     1    -1    -1     1     0.013458
    1     1     1     1    -1     0.013458
    1     1     1     1     1     0.013458
    1     1     0    -1    -1     0.014089
    1     1     0    -1     1     0.014089
    1     1     0     1    -1     0.014089
    1     1     0     1     1     0.014089
    1     1    -1     0    -1     0.014101
    1     1    -1     0     1     0.014101
    1     1     1     0    -1     0.014101
    1     1     1     0     1     0.014101
    1     5     0    -1     0    -0.013573
    1     5     0     2     0    -0.013573
    1     6    -1     0     0    -0.013509
    1     6     2     0     0    -0.013509
    1     1    -1    -2     0     0.011632
    1     1     1     2     0     0.011632
    1     1    -2    -1     0     0.011557
    1     1     2     1     0     0.011557
    1     1     1    -1     0    -0.009778
    1     1    -1     1     0    -0.009778
    1     3     2     2     0     0.005407
    1     3    -1    -2     0     0.005407
    1     3     0    -2     0     0.005407
    1     3     1     2     0     0.005407
    1     2    -2    -1     0     0.005480
    1     2     2     2     0     0.005480
    1     2    -2     0     0     0.005432
    1     2     2     1     0     0.005432
    1     4    -1    -2    -1     0.009774
    1     4     1     2    -1     0.009774
    1     4     2     1    -1     0.009497
    1     4    -2    -1    -1     0.009497
    1     4    -1     1    -1     0.003673
    1     4     1    -1    -1     0.003673
    1     4     0     0    -2     0.026771
    1     2    -1    -1    -1     0.000046
    1     2     1     2    -1     0.000046
    1     2    -1    -1     1     0.000109
    1     2     1     2     1     0.000109
    1     3    -1    -1    -1     0.000148
    1     3     2     1    -1     0.000148
    1     3    -1    -1     1     0.000011
    1     3     2     1     1     0.000011
    1     3     1    -1    -1     0.000011
    1     3     0     1    -1     0.000011
    1     3     0     1     1     0.000148
    1     3     1    -1     1     0.000148
    1     2    -1     1    -1     0.000192
    1     2     1     0    -1     0.000192
    1     2    -1     1     1    -0.000012
    1     2     1     0     1    -0.000012
    1     6    -1    -2    -1    -0.007395
    1     6     2     2    -1    -0.007395
    1     6     0    -2    -1    -0.007395
    1     6     1     2    -1    -0.007395
    1     5    -2    -1    -1    -0.007383
    1     5     2     2    -1    -0.007383
    1     5    -2     0    -1    -0.007479
    1     5     2     1    -1    -0.007479
    1     4    -1    -2     0     0.002572
    1     4     1     2     0     0.002572
    1     4    -2    -1     0     0.002538
    1     4     2     1     0     0.002538
    1     4     1    -1     0     0.001229
    1     4    -1     1     0     0.001229
    1     5     0     0    -2     0.004617
    1     5     0     1    -2     0.004617
    1     6     0     0    -2     0.004734
    1     6     1     0    -2     0.004734
    1     6    -1    -2     0     0.000358
    1     6     2     2     0     0.000358
    1     6     0    -2     0     0.000358
    1     6     1     2     0     0.000358
    1     5    -2    -1     0     0.000309
    1     5     2     2     0     0.000309
    1     5    -2     0     0     0.000273
    1     5     2     1     0     0.000273
    1     2     0    -1    -1     0.000219
    1     2     0     2    -1     0.000219
    1     2     0    -1     1     0.000288
    1     2     0     2     1     0.000288
    1     3    -1     0    -1     0.000344
    1     3     2     0    -1     0.000344
    1     3    -1     0     1     0.000344
    1     3     2     0     1     0.000344
    1     1    -2    -2     0    -0.015076
    1     1     2     2     0    -0.015076
    1     1     0    -2     0    -0.004778
    1     1     0     2     0    -0.004778
    1     1    -2     0     0    -0.004212
    1     1     2     0     0    -0.004212
    1     6     0    -1    -2    -0.009665
    1     6     1     1    -2    -0.009665
    1     5    -1     0    -2    -0.009801
    1     5     1     1    -2    -0.009801
    1     4    -2    -2    -1     0.009926
    1     4     2     2    -1     0.009926
    1     4     0    -2    -1    -0.003889
    1     4     0     2    -1    -0.003889
    1     4    -2     0    -1    -0.003728
    1     4     2     0    -1    -0.003728
    1     4     0     0     1    -0.010449
    1     4    -1    -1    -2     0.014756
    1     4     1     1    -2     0.014756
    1     4     0    -1    -2     0.002286
    1     4     0     1    -2     0.002286
    1     4    -1     0    -2     0.002111
    1     4     1     0    -2     0.002111
    1     4    -2    -2     0    -0.000407
    1     4     2     2     0    -0.000407
    1     4     0    -2     0     0.001938
    1     4     0     2     0     0.001938
    1     4    -2     0     0     0.001780
    1     4     2     0     0     0.001780
    1     5     0     0     1    -0.000722
    1     5     0     1     1    -0.000722
    1     6     0     0     1    -0.000645
    1     6     1     0     1    -0.000645
    1     1    -1    -2    -1     0.000922
    1     1    -1    -2     1     0.000922
    1     1     1     2    -1     0.000922
    1     1     1     2     1     0.000922
    1     1    -2    -1    -1     0.000912
    1     1    -2    -1     1     0.000912
    1     1     2     1    -1     0.000912
    1     1     2     1     1     0.000912
    1     1     1    -1    -1     0.001411
    1     1     1    -1     1     0.001411
    1     1    -1     1    -1     0.001411
    1     1    -1     1     1     0.001411
    1     2    -1    -2     0    -0.005088
    1     2     1     3     0    -0.005088
    1     3    -2    -1     0    -0.005035
    1     3     3     1     0    -0.005035
    1     2    -1     2     0    -0.005173
    1     2     1    -1     0    -0.005173
    1     3    -1     1     0    -0.005035
    1     3     2    -1     0    -0.005035
    1     3     2     2    -1     0.000986
    1     3    -1    -2    -1     0.000986
    1     3    -1    -2     1     0.000015
    1     3     2     2     1     0.000015
    1     3     0    -2    -1     0.000015
    1     3     1     2    -1     0.000015
    1     3     0    -2     1     0.000986
    1     3     1     2     1     0.000986
    1     2    -2    -1    -1     0.001018
    1     2     2     2    -1     0.001018
    1     2    -2    -1     1     0.000050
    1     2     2     2     1     0.000050
    1     2    -2     0    -1     0.000025
    1     2     2     1    -1     0.000025
    1     2    -2     0     1     0.000932
    1     2     2     1     1     0.000932
    1     5    -1    -2    -1     0.000055
    1     5     1     3    -1     0.000055
    1     6    -2    -1    -1     0.000313
    1     6     3     1    -1     0.000313
    1     5    -1     2    -1     0.000151
    1     5     1    -1    -1     0.000151
    1     6    -1     1    -1     0.000313
    1     6     2    -1    -1     0.000313
    1     6     0    -1     1    -0.003653
    1     6     1     1     1    -0.003653
    1     5    -1     0     1    -0.003717
    1     5     1     1     1    -0.003717
    1     5    -1    -1    -2     0.000147
    1     5     1     2    -2     0.000147
    1     6    -1    -1    -2     0.000092
    1     6     2     1    -2     0.000092
    1     6     1    -1    -2     0.000092
    1     6     0     1    -2     0.000092
    1     5    -1     1    -2     0.000105
    1     5     1     0    -2     0.000105
    1     2    -2    -2     0    -0.000503
    1     2     2     3     0    -0.000503
    1     3     3     2     0    -0.000447
    1     3    -2    -2     0    -0.000447
    1     3     0     2     0    -0.000447
    1     3     1    -2     0    -0.000447
    1     2    -2     1     0    -0.000386
    1     2     2     0     0    -0.000386
    1     5    -1    -2     0    -0.001695
    1     5     1     3     0    -0.001695
    1     6    -2    -1     0    -0.001725
    1     6     3     1     0    -0.001725
    1     5    -1     2     0    -0.001696
    1     5     1    -1     0    -0.001696
    1     6    -1     1     0    -0.001725
    1     6     2    -1     0    -0.001725
    1     4    -1    -1     1     0.015691
    1     4     1     1     1     0.015691
    1     4     0    -1     1     0.003623
    1     4     0     1     1     0.003623
    1     4    -1     0     1     0.003867
    1     4     1     0     1     0.003867
    1     5    -2    -2    -1     0.001908
    1     5     2     3    -1     0.001908
    1     6     3     2    -1     0.001955
    1     6    -2    -2    -1     0.001955
    1     6     0     2    -1     0.001955
    1     6     1    -2    -1     0.001955
    1     5    -2     1    -1     0.002130
    1     5     2     0    -1     0.002130
    1     5     0    -1    -2     0.000657
    1     5     0     2    -2     0.000657
    1     6    -1     0    -2     0.000756
    1     6     2     0    -2     0.000756
    1     1    -2    -2    -1    -0.001581
    1     1    -2    -2     1    -0.001581
    1     1     2     2    -1    -0.001581
    1     1     2     2     1    -0.001581
    1     1     0    -2    -1    -0.000219
    1     1     0    -2     1    -0.000219
    1     1     0     2    -1    -0.000219
    1     1     0     2     1    -0.000219
    1     1    -2     0    -1    -0.000252
    1     1    -2     0     1    -0.000252
    1     1     2     0    -1    -0.000252
    1     1     2     0     1    -0.000252
    1     5    -2    -2     0    -0.000048
    1     5     2     3     0    -0.000048
    1     6    -2    -2     0    -0.000063
    1     6     3     2     0    -0.000063
    1     6     0     2     0    -0.000062
    1     6     1    -2     0    -0.000062
    1     5    -2     1     0     0.000028
    1     5     2     0     0     0.000028
    1     5    -1    -1     1     0.000344
    1     5     1     2     1     0.000344
    1     6    -1    -1     1     0.000306
    1     6     2     1     1     0.000306
    1     6     0     1     1     0.000306
    1     6     1    -1     1     0.000306
    1     5    -1     1     1     0.000278
    1     5     1     0     1     0.000278
    1     2     0    -2     0     0.007350
    1     2     0     3     0     0.007350
    1     3    -2     0     0     0.007260
    1     3     3     0     0     0.007260
    1     4    -1    -2    -2     0.000276
    1     4     1     2    -2     0.000276
    1     4    -2    -1    -2     0.000265
    1     4     2     1    -2     0.000265
    1     4     1    -1    -2     0.002257
    1     4    -1     1    -2     0.002257
    1     2    -1    -2    -1     0.000159
    1     2     1     3    -1     0.000159
    1     2    -1    -2     1     0.001020
    1     2     1     3     1     0.001020
    1     3    -2    -1    -1     0.000216
    1     3     3     1    -1     0.000216
    1     3    -2    -1     1     0.001161
    1     3     3     1     1     0.001161
    1     2    -1     2    -1     0.001064
    1     2     1    -1    -1     0.001064
    1     2    -1     2     1     0.000103
    1     2     1    -1     1     0.000103
    1     3    -1     1    -1     0.001161
    1     3     2    -1    -1     0.001161
    1     3    -1     1     1     0.000216
    1     3     2    -1     1     0.000216
    1     5     0    -2    -1     0.001636
    1     5     0     3    -1     0.001636
    1     6    -2     0    -1     0.001563
    1     6     3     0    -1     0.001563
    1     5     0    -1     1     0.002605
    1     5     0     2     1     0.002605
    1     6    -1     0     1     0.002460
    1     6     2     0     1     0.002460
    1     6     2     2    -2     0.000283
    1     6    -1    -2    -2     0.000283
    1     6     0    -2    -2     0.000283
    1     6     1     2    -2     0.000283
    1     5    -2    -1    -2     0.000280
    1     5     2     2    -2     0.000280
    1     5    -2     0    -2     0.000275
    1     5     2     1    -2     0.000275
    1     3    -1    -3     0    -0.000475
    1     3     2     3     0    -0.000475
    1     2    -3    -1     0    -0.000416
    1     2     3     2     0    -0.000416
    1     5     0    -2     0     0.000947
    1     5     0     3     0     0.000947
    1     6    -2     0     0     0.000936
    1     6     3     0     0     0.000936
    1     1     0     0    -2    -0.007080
    1     1     0     0     2    -0.007080
    1     2    -2    -2    -1     0.001510
    1     2     2     3    -1     0.001510
    1     2    -2    -2     1    -0.000726
    1     2     2     3     1    -0.000726
    1     3     3     2    -1     0.001541
    1     3    -2    -2    -1     0.001541
    1     3    -2    -2     1    -0.000689
    1     3     3     2     1    -0.000689
    1     3     0     2    -1    -0.000689
    1     3     1    -2    -1    -0.000689
    1     3     0     2     1     0.001541
    1     3     1    -2     1     0.001541
    1     2    -2     1    -1    -0.000666
    1     2     2     0    -1    -0.000666
    1     2    -2     1     1     0.001589
    1     2     2     0     1     0.001589
    1     1    -2    -3     0    -0.003621
    1     1     2     3     0    -0.003621
    1     1    -1    -3     0    -0.001061
    1     1     1     3     0    -0.001061
    1     1    -3    -2     0    -0.003778
    1     1     3     2     0    -0.003778
    1     1    -3    -1     0    -0.000974
    1     1     3     1     0    -0.000974
    1     1    -1     2     0     0.000281
    1     1     1    -2     0     0.000281
    1     1    -2     1     0     0.000399
    1     1     2    -1     0     0.000399
    1     6    -1    -3    -1     0.001570
    1     6     2     3    -1     0.001570
    1     5    -3    -1    -1     0.001701
    1     5     3     2    -1     0.001701
    1     2     0     0    -2     0.000372
    1     2     0     1    -2     0.000372
    1     2     0     0     2     0.000368
    1     2     0     1     2     0.000368
    1     3     0     0    -2     0.000516
    1     3     1     0    -2     0.000516
    1     3     1     0     2     0.000516
    1     3     0     0     2     0.000516
    1     4    -2    -3    -1    -0.001113
    1     4     2     3    -1    -0.001113
    1     4    -1    -3    -1    -0.000588
    1     4     1     3    -1    -0.000588
    1     4    -3    -2    -1    -0.001209
    1     4     3     2    -1    -0.001209
    1     4    -3    -1    -1    -0.000460
    1     4     3     1    -1    -0.000460
    1     4    -1     2    -1     0.001954
    1     4     1    -2    -1     0.001954
    1     4    -2     1    -1     0.002164
    1     4     2    -1    -1     0.002164
    1     6    -1    -3     0     0.000580
    1     6     2     3     0     0.000580
    1     5    -3    -1     0     0.000602
    1     5     3     2     0     0.000602
    1     4    -1    -2     1     0.000249
    1     4     1     2     1     0.000249
    1     4    -2    -1     1     0.000342
    1     4     2     1     1     0.000342
    1     4     1    -1     1     0.001778
    1     4    -1     1     1     0.001778
    1     4    -2    -2    -2    -0.000266
    1     4     2     2    -2    -0.000266
    1     4     0    -2    -2    -0.001264
    1     4     0     2    -2    -0.001264
    1     4    -2     0    -2    -0.001129
    1     4     2     0    -2    -0.001129
    1     4    -2    -3     0     0.001105
    1     4     2     3     0     0.001105
    1     4    -1    -3     0    -0.001560
    1     4     1     3     0    -0.001560
    1     4    -3    -2     0     0.001139
    1     4     3     2     0     0.001139
    1     4    -3    -1     0    -0.001493
    1     4     3     1     0    -0.001493
    1     4    -1     2     0     0.000262
    1     4     1    -2     0     0.000262
    1     4    -2     1     0     0.000377
    1     4     2    -1     0     0.000377
    1     6    -1    -2     1    -0.001247
    1     6     2     2     1    -0.001247
    1     6     0    -2     1    -0.001247
    1     6     1     2     1    -0.001247
    1     5    -2    -1     1    -0.001272
    1     5     2     2     1    -0.001272
    1     5    -2     0     1    -0.001240
    1     5     2     1     1    -0.001240
    1     3     0    -1    -2    -0.001185
    1     3     1     1    -2    -0.001185
    1     3     0    -1     2    -0.001185
    1     3     1     1     2    -0.001185
    1     2    -1     0    -2    -0.001258
    1     2     1     1    -2    -0.001258
    1     2    -1     0     2    -0.001227
    1     2     1     1     2    -0.001227
    1     3    -2    -3     0    -0.000295
    1     3     3     3     0    -0.000295
    1     2    -3    -2     0    -0.000191
    1     2     3     3     0    -0.000191
    1     3     0    -3     0    -0.000295
    1     3     1     3     0    -0.000295
    1     2    -3     0     0    -0.000262
    1     2     3     1     0    -0.000262
    1     1    -1    -1    -2     0.005565
    1     1    -1    -1     2     0.005564
    1     1     1     1    -2     0.005564
    1     1     1     1     2     0.005565
    1     1     0    -1    -2    -0.000524
    1     1     0    -1     2    -0.000524
    1     1     0     1    -2    -0.000524
    1     1     0     1     2    -0.000524
    1     1    -1     0    -2    -0.000502
    1     1    -1     0     2    -0.000502
    1     1     1     0    -2    -0.000502
    1     1     1     0     2    -0.000502
    1     2     0    -2    -1    -0.001302
    1     2     0     3    -1    -0.001302
    1     2     0    -2     1    -0.001264
    1     2     0     3     1    -0.001264
    1     3    -2     0    -1    -0.001275
    1     3     3     0    -1    -0.001275
    1     3    -2     0     1    -0.001275
    1     3     3     0     1    -0.001275
    1     6    -2    -3    -1     0.001903
    1     6     3     3    -1     0.001903
    1     5    -3    -2    -1     0.001892
    1     5     3     3    -1     0.001892
    1     6     0    -3    -1     0.001903
    1     6     1     3    -1     0.001903
    1     5    -3     0    -1     0.001971
    1     5     3     1    -1     0.001971
    1     5    -1    -2    -2    -0.001225
    1     5     1     3    -2    -0.001225
    1     6    -2    -1    -2    -0.001239
    1     6     3     1    -2    -0.001239
    1     5    -1     2    -2    -0.001265
    1     5     1    -1    -2    -0.001265
    1     6    -1     1    -2    -0.001240
    1     6     2    -1    -2    -0.001240
    1     6    -2    -3     0     0.000243
    1     6     3     3     0     0.000243
    1     5    -3    -2     0     0.000227
    1     5     3     3     0     0.000227
    1     6     0    -3     0     0.000244
    1     6     1     3     0     0.000244
    1     5    -3     0     0     0.000255
    1     5     3     1     0     0.000255
    1     4    -2    -2     1     0.001195
    1     4     2     2     1     0.001195
    1     4     0    -2     1     0.000688
    1     4     0     2     1     0.000688
    1     4    -2     0     1     0.000614
    1     4     2     0     1     0.000614
    1     3    -1    -3    -1    -0.000721
    1     3     2     3    -1    -0.000721
    1     3    -1    -3     1    -0.000721
    1     3     2     3     1    -0.000721
    1     2    -3    -1    -1    -0.000721
    1     2     3     2    -1    -0.000721
    1     2    -3    -1     1    -0.000658
    1     2     3     2     1    -0.000658
    1     5    -2    -2    -2     0.000084
    1     5     2     3    -2     0.000084
    1     6     3     2    -2     0.000096
    1     6    -2    -2    -2     0.000096
    1     6     0     2    -2     0.000096
    1     6     1    -2    -2     0.000096
    1     5    -2     1    -2     0.000128
    1     5     2     0    -2     0.000128
    1     2    -1    -1    -2    -0.001458
    1     2     1     2    -2    -0.001458
    1     2    -1    -1     2    -0.000473
    1     2     1     2     2    -0.000473
    1     3    -1    -1    -2    -0.001443
    1     3     2     1    -2    -0.001443
    1     3    -1    -1     2    -0.000451
    1     3     2     1     2    -0.000451
    1     3     0     1    -2    -0.000451
    1     3     1    -1    -2    -0.000451
    1     3     0     1     2    -0.001443
    1     3     1    -1     2    -0.001443
    1     2    -1     1    -2    -0.000512
    1     2     1     0    -2    -0.000512
    1     2    -1     1     2    -0.001470
    1     2     1     0     2    -0.001470
    1     1    -2    -3    -1     0.000020
    1     1    -2    -3     1     0.000020
    1     1     2     3    -1     0.000020
    1     1     2     3     1     0.000020
    1     1    -1    -3    -1     0.000335
    1     1    -1    -3     1     0.000335
    1     1     1     3    -1     0.000335
    1     1     1     3     1     0.000335
    1     1    -3    -2    -1     0.000083
    1     1    -3    -2     1     0.000083
    1     1     3     2    -1     0.000083
    1     1     3     2     1     0.000083
    1     1    -3    -1    -1     0.000386
    1     1    -3    -1     1     0.000386
    1     1     3     1    -1     0.000386
    1     1     3     1     1     0.000386
    1     1    -1     2    -1     0.000447
    1     1    -1     2     1     0.000447
    1     1     1    -2    -1     0.000447
    1     1     1    -2     1     0.000447
    1     1    -2     1    -1     0.000432
    1     1    -2     1     1     0.000432
    1     1     2    -1    -1     0.000432
    1     1     2    -1     1     0.000432
    1     1    -3    -3     0     0.002274
    1     1     3     3     0     0.002274
    1     1     0    -3     0     0.000841
    1     1     0     3     0     0.000841
    1     1    -3     0     0     0.001049
    1     1     3     0     0     0.001049
    2     3     0    -1     0     1.261708
    2     3     1     0     0     1.261708
    2     1     0    -1     0     1.261681
    2     1     0     0     0     1.261681
    2     5     0     0    -1     1.228065
    2     6     1     0    -1    -0.011818
    2     6     0    -1    -1    -0.011818
    2     4     0    -1    -1    -0.011832
    2     4     0     0    -1    -0.011832
    2     5     0     0     0     0.438485
    2     1    -1    -1     0     0.105536
    2     1     1     0     0     0.105536
    2     3     0     0     0     0.105541
    2     3     1    -1     0     0.105541
    2     6     0    -1     0    -0.071411
    2     6     1     0     0    -0.071411
    2     4     0    -1     0    -0.071402
    2     4     0     0     0    -0.071402
    2     2    -1    -1     0    -0.019501
    2     2     1     1     0    -0.019501
    2     2     0    -1     0    -0.019486
    2     2     0     1     0    -0.019486
    2     2     1     0     0    -0.028294
    2     2    -1     0     0    -0.028294
    2     4    -1    -1    -1     0.031812
    2     4     1     0    -1     0.031812
    2     6     1    -1    -1     0.031811
    2     6     0     0    -1     0.031811
    2     5    -1    -1    -1    -0.044703
    2     5     1     1    -1    -0.044703
    2     5     0    -1    -1    -0.044701
    2     5     0     1    -1    -0.044701
    2     5     1     0    -1     0.005756
    2     5    -1     0    -1     0.005756
    2     4    -1    -1     0     0.025683
    2     4     1     0     0     0.025683
    2     6     0     0     0     0.025683
    2     6     1    -1     0     0.025683
    2     5    -1    -1     0    -0.015836
    2     5     1     1     0    -0.015836
    2     5     0    -1     0    -0.015837
    2     5     0     1     0    -0.015837
    2     5     1     0     0    -0.063329
    2     5    -1     0     0    -0.063329
    2     2     0     0    -1     0.095764
    2     2     0     0     1     0.095764
    2     1    -1    -2     0     0.019299
    2     1     1     1     0     0.019299
    2     3     0    -2     0     0.019294
    2     3     1     1     0     0.019294
    2     3    -1    -1     0     0.018759
    2     3     2     0     0     0.018759
    2     1     1    -1     0     0.018760
    2     1    -1     0     0     0.018760
    2     3     0    -1     1    -0.023409
    2     3     1     0     1    -0.023409
    2     3     0    -1    -1    -0.023221
    2     3     1     0    -1    -0.023221
    2     1     0    -1     1    -0.023410
    2     1     0     0     1    -0.023410
    2     1     0    -1    -1    -0.023220
    2     1     0     0    -1    -0.023220
    2     4    -1    -2    -1     0.012610
    2     4     1     1    -1     0.012610
    2     6     0    -2    -1     0.012612
    2     6     1     1    -1     0.012612
    2     6    -1    -1    -1     0.012431
    2     6     2     0    -1     0.012431
    2     4     1    -1    -1     0.012430
    2     4    -1     0    -1     0.012430
    2     3    -1    -2     0    -0.004120
    2     3     2     1     0    -0.004120
    2     1     0    -2     0    -0.004115
    2     1     0     1     0    -0.004115
    2     4    -1    -2     0     0.004976
    2     4     1     1     0     0.004976
    2     6     0    -2     0     0.004976
    2     6     1     1     0     0.004976
    2     6    -1    -1     0     0.005046
    2     6     2     0     0     0.005046
    2     4     1    -1     0     0.005046
    2     4    -1     0     0     0.005046
    2     1    -1    -1     1    -0.016529
    2     1     1     0     1    -0.016529
    2     1    -1    -1    -1    -0.016867
    2     1     1     0    -1    -0.016867
    2     3     0     0     1    -0.016529
    2     3     1    -1     1    -0.016529
    2     3     0     0    -1    -0.016866
    2     3     1    -1    -1    -0.016866
    2     6    -1    -2    -1    -0.012300
    2     6     2     1    -1    -0.012300
    2     4     0    -2    -1    -0.012299
    2     4     0     1    -1    -0.012299
    2     2    -1    -1    -1     0.014198
    2     2    -1    -1     1     0.014198
    2     2     1     1    -1     0.014198
    2     2     1     1     1     0.014198
    2     2     0    -1    -1     0.014197
    2     2     0     1    -1     0.014197
    2     2     0    -1     1     0.014197
    2     2     0     1     1     0.014197
    2     2    -1     0    -1     0.013419
    2     2     1     0    -1     0.013419
    2     2     1     0     1     0.013419
    2     2    -1     0     1     0.013419
    2     6    -1    -2     0    -0.013573
    2     6     2     1     0    -0.013573
    2     4     0    -2     0    -0.013573
    2     4     0     1     0    -0.013573
    2     2    -1    -2     0    -0.010061
    2     2     1     2     0    -0.010061
    2     2    -2    -1     0     0.011778
    2     2     2     1     0     0.011778
    2     2    -1     1     0     0.011778
    2     2     1    -1     0     0.011778
    2     1     2     1     0     0.005480
    2     1    -2    -2     0     0.005480
    2     3     0     1     0     0.005480
    2     3     1    -2     0     0.005480
    2     1    -2    -1     0     0.005432
    2     1     2     0     0     0.005432
    2     3    -1     0     0     0.005432
    2     3     2    -1     0     0.005432
    2     5    -1    -2    -1     0.003605
    2     5     1     2    -1     0.003605
    2     5    -2    -1    -1     0.010016
    2     5     2     1    -1     0.010016
    2     5    -1     1    -1     0.010017
    2     5     1    -1    -1     0.010017
    2     5     0     0    -2     0.026529
    2     1    -1    -2     1     0.000046
    2     1     1     1     1     0.000046
    2     1    -1    -2    -1     0.000109
    2     1     1     1    -1     0.000109
    2     3     0    -2     1     0.000046
    2     3     1     1     1     0.000046
    2     3     0    -2    -1     0.000108
    2     3     1     1    -1     0.000108
    2     3    -1    -1     1     0.000192
    2     3     2     0     1     0.000192
    2     3    -1    -1    -1    -0.000012
    2     3     2     0    -1    -0.000012
    2     1     1    -1     1     0.000192
    2     1    -1     0     1     0.000192
    2     1    -1     0    -1    -0.000012
    2     1     1    -1    -1    -0.000012
    2     4     2     1    -1    -0.007383
    2     4    -2    -2    -1    -0.007383
    2     6     0     1    -1    -0.007383
    2     6     1    -2    -1    -0.007383
    2     4    -2    -1    -1    -0.007479
    2     4     2     0    -1    -0.007479
    2     6    -1     0    -1    -0.007480
    2     6     2    -1    -1    -0.007480
    2     5    -1    -2     0     0.000810
    2     5     1     2     0     0.000810
    2     5    -2    -1     0     0.002631
    2     5     2     1     0     0.002631
    2     5    -1     1     0     0.002631
    2     5     1    -1     0     0.002631
    2     6     0    -1    -2     0.004616
    2     6     1     0    -2     0.004616
    2     4     0    -1    -2     0.004617
    2     4     0     0    -2     0.004617
    2     4     2     1     0     0.000309
    2     4    -2    -2     0     0.000309
    2     6     0     1     0     0.000309
    2     6     1    -2     0     0.000309
    2     4    -2    -1     0     0.000273
    2     4     2     0     0     0.000273
    2     6    -1     0     0     0.000272
    2     6     2    -1     0     0.000272
    2     3    -1    -2     1     0.000219
    2     3     2     1     1     0.000219
    2     3    -1    -2    -1     0.000287
    2     3     2     1    -1     0.000287
    2     1     0    -2     1     0.000219
    2     1     0     1     1     0.000219
    2     1     0    -2    -1     0.000288
    2     1     0     1    -1     0.000288
    2     2    -2    -2     0    -0.004999
    2     2     2     2     0    -0.004999
    2     2     0    -2     0    -0.005000
    2     2     0     2     0    -0.005000
    2     2    -2     0     0    -0.015678
    2     2     2     0     0    -0.015678
    2     4    -1    -1    -2    -0.009801
    2     4     1     0    -2    -0.009801
    2     6     0     0    -2    -0.009800
    2     6     1    -1    -2    -0.009800
    2     5    -2    -2    -1    -0.004020
    2     5     2     2    -1    -0.004020
    2     5     0    -2    -1    -0.004021
    2     5     0     2    -1    -0.004021
    2     5    -2     0    -1     0.009161
    2     5     2     0    -1     0.009161
    2     5     0     0     1    -0.010401
    2     5    -1    -1    -2     0.002233
    2     5     1     1    -2     0.002233
    2     5     0    -1    -2     0.002232
    2     5     0     1    -2     0.002232
    2     5    -1     0    -2     0.014952
    2     5     1     0    -2     0.014952
    2     5     2     2     0     0.001893
    2     5    -2    -2     0     0.001893
    2     5     0    -2     0     0.001892
    2     5     0     2     0     0.001892
    2     5    -2     0     0    -0.000565
    2     5     2     0     0    -0.000565
    2     6     0    -1     1    -0.000720
    2     6     1     0     1    -0.000720
    2     4     0    -1     1    -0.000722
    2     4     0     0     1    -0.000722
    2     2    -1    -2    -1     0.001404
    2     2    -1    -2     1     0.001404
    2     2     1     2    -1     0.001404
    2     2     1     2     1     0.001404
    2     2    -2    -1    -1     0.001037
    2     2     2     1    -1     0.001037
    2     2    -2    -1     1     0.001037
    2     2     2     1     1     0.001037
    2     2    -1     1    -1     0.001037
    2     2    -1     1     1     0.001037
    2     2     1    -1    -1     0.001037
    2     2     1    -1     1     0.001037
    2     3     2     2     0    -0.005088
    2     3    -1    -3     0    -0.005088
    2     1     1     2     0    -0.005088
    2     1    -1    -3     0    -0.005088
    2     3     3     1     0    -0.005173
    2     3    -2    -2     0    -0.005173
    2     1    -1     1     0    -0.005173
    2     1     1    -2     0    -0.005173
    2     1     2     1     1     0.001018
    2     1    -2    -2     1     0.001018
    2     1     2     1    -1     0.000050
    2     1    -2    -2    -1     0.000050
    2     3     0     1     1     0.001018
    2     3     1    -2     1     0.001018
    2     3     0     1    -1     0.000050
    2     3     1    -2    -1     0.000050
    2     1    -2    -1     1     0.000025
    2     1     2     0     1     0.000025
    2     1    -2    -1    -1     0.000932
    2     1     2     0    -1     0.000932
    2     3    -1     0     1     0.000025
    2     3     2    -1     1     0.000025
    2     3    -1     0    -1     0.000933
    2     3     2    -1    -1     0.000933
    2     6     2     2    -1     0.000055
    2     6    -1    -3    -1     0.000055
    2     4     1     2    -1     0.000055
    2     4    -1    -3    -1     0.000055
    2     6    -2    -2    -1     0.000152
    2     6     3     1    -1     0.000152
    2     4    -1     1    -1     0.000151
    2     4     1    -2    -1     0.000151
    2     4    -1    -1     1    -0.003717
    2     4     1     0     1    -0.003717
    2     6     0     0     1    -0.003717
    2     6     1    -1     1    -0.003717
    2     4    -1    -2    -2     0.000147
    2     4     1     1    -2     0.000147
    2     6     0    -2    -2     0.000147
    2     6     1     1    -2     0.000147
    2     6    -1    -1    -2     0.000105
    2     6     2     0    -2     0.000105
    2     4    -1     0    -2     0.000105
    2     4     1    -1    -2     0.000105
    2     1     2     2     0    -0.000503
    2     1    -2    -3     0    -0.000503
    2     3     1     2     0    -0.000502
    2     3     0    -3     0    -0.000502
    2     3    -2    -1     0    -0.000385
    2     3     3     0     0    -0.000385
    2     1     2    -1     0    -0.000386
    2     1    -2     0     0    -0.000386
    2     6     2     2     0    -0.001695
    2     6    -1    -3     0    -0.001695
    2     4     1     2     0    -0.001695
    2     4    -1    -3     0    -0.001695
    2     6     3     1     0    -0.001696
    2     6    -2    -2     0    -0.001696
    2     4    -1     1     0    -0.001696
    2     4     1    -2     0    -0.001696
    2     5    -1    -1     1     0.003808
    2     5     1     1     1     0.003808
    2     5     0    -1     1     0.003808
    2     5     0     1     1     0.003808
    2     5    -1     0     1     0.015922
    2     5     1     0     1     0.015922
    2     4     2     2    -1     0.001908
    2     4    -2    -3    -1     0.001908
    2     6     1     2    -1     0.001909
    2     6     0    -3    -1     0.001909
    2     6    -2    -1    -1     0.002130
    2     6     3     0    -1     0.002130
    2     4     2    -1    -1     0.002130
    2     4    -2     0    -1     0.002130
    2     6    -1    -2    -2     0.000657
    2     6     2     1    -2     0.000657
    2     4     0    -2    -2     0.000657
    2     4     0     1    -2     0.000657
    2     2    -2    -2    -1    -0.000247
    2     2     2     2    -1    -0.000247
    2     2     2     2     1    -0.000247
    2     2    -2    -2     1    -0.000247
    2     2     0    -2    -1    -0.000247
    2     2     0     2    -1    -0.000247
    2     2     0    -2     1    -0.000247
    2     2     0     2     1    -0.000247
    2     2    -2     0    -1    -0.001479
    2     2    -2     0     1    -0.001479
    2     2     2     0    -1    -0.001479
    2     2     2     0     1    -0.001479
    2     4     2     2     0    -0.000048
    2     4    -2    -3     0    -0.000048
    2     6     1     2     0    -0.000048
    2     6     0    -3     0    -0.000048
    2     6    -2    -1     0     0.000028
    2     6     3     0     0     0.000028
    2     4    -2     0     0     0.000028
    2     4     2    -1     0     0.000028
    2     4    -1    -2     1     0.000344
    2     4     1     1     1     0.000344
    2     6     0    -2     1     0.000344
    2     6     1     1     1     0.000344
    2     6    -1    -1     1     0.000278
    2     6     2     0     1     0.000278
    2     4     1    -1     1     0.000278
    2     4    -1     0     1     0.000278
    2     3     3     2     0     0.007352
    2     3    -2    -3     0     0.007352
    2     1     0    -3     0     0.007350
    2     1     0     2     0     0.007350
    2     5    -1    -2    -2     0.002236
    2     5     1     2    -2     0.002236
    2     5    -2    -1    -2     0.000303
    2     5     2     1    -2     0.000303
    2     5    -1     1    -2     0.000303
    2     5     1    -1    -2     0.000303
    2     3     2     2     1     0.000159
    2     3    -1    -3     1     0.000159
    2     3    -1    -3    -1     0.001020
    2     3     2     2    -1     0.001020
    2     1     1     2     1     0.000159
    2     1    -1    -3     1     0.000159
    2     1    -1    -3    -1     0.001020
    2     1     1     2    -1     0.001020
    2     3    -2    -2     1     0.001064
    2     3     3     1     1     0.001064
    2     3    -2    -2    -1     0.000102
    2     3     3     1    -1     0.000102
    2     1    -1     1     1     0.001064
    2     1     1    -2     1     0.001064
    2     1    -1     1    -1     0.000103
    2     1     1    -2    -1     0.000103
    2     6     3     2    -1     0.001636
    2     6    -2    -3    -1     0.001636
    2     4     0     2    -1     0.001636
    2     4     0    -3    -1     0.001636
    2     6    -1    -2     1     0.002605
    2     6     2     1     1     0.002605
    2     4     0    -2     1     0.002605
    2     4     0     1     1     0.002605
    2     4     2     1    -2     0.000280
    2     4    -2    -2    -2     0.000280
    2     6     0     1    -2     0.000280
    2     6     1    -2    -2     0.000280
    2     4    -2    -1    -2     0.000275
    2     4     2     0    -2     0.000275
    2     6    -1     0    -2     0.000275
    2     6     2    -1    -2     0.000275
    2     1     3     1     0    -0.000416
    2     1    -3    -2     0    -0.000416
    2     3    -1     1     0    -0.000416
    2     3     2    -2     0    -0.000416
    2     6     3     2     0     0.000947
    2     6    -2    -3     0     0.000947
    2     4     0     2     0     0.000947
    2     4     0    -3     0     0.000947
    2     2     0     0    -2    -0.007224
    2     2     0     0     2    -0.007224
    2     1     2     2     1     0.001510
    2     1    -2    -3     1     0.001510
    2     1     2     2    -1    -0.000726
    2     1    -2    -3    -1    -0.000726
    2     3     1     2     1     0.001510
    2     3     0    -3     1     0.001510
    2     3     1     2    -1    -0.000726
    2     3     0    -3    -1    -0.000726
    2     3    -2    -1     1    -0.000667
    2     3     3     0     1    -0.000667
    2     3    -2    -1    -1     0.001589
    2     3     3     0    -1     0.001589
    2     1     2    -1     1    -0.000666
    2     1    -2     0     1    -0.000666
    2     1     2    -1    -1     0.001589
    2     1    -2     0    -1     0.001589
    2     2    -2    -3     0     0.000166
    2     2     2     3     0     0.000166
    2     2    -1    -3     0     0.000166
    2     2     1     3     0     0.000166
    2     2    -3    -2     0    -0.001136
    2     2     3     2     0    -0.001136
    2     2    -3    -1     0    -0.003579
    2     2     3     1     0    -0.003579
    2     2    -1     2     0    -0.001136
    2     2     1    -2     0    -0.001136
    2     2    -2     1     0    -0.003579
    2     2     2    -1     0    -0.003579
    2     4     3     1    -1     0.001701
    2     4    -3    -2    -1     0.001701
    2     6    -1     1    -1     0.001701
    2     6     2    -2    -1     0.001701
    2     3     0    -1     2     0.000372
    2     3     1     0     2     0.000372
    2     3     0    -1    -2     0.000369
    2     3     1     0    -2     0.000369
    2     1     0    -1     2     0.000372
    2     1     0     0     2     0.000372
    2     1     0    -1    -2     0.000368
    2     1     0     0    -2     0.000368
    2     5    -2    -3    -1     0.001882
    2     5     2     3    -1     0.001882
    2     5    -1    -3    -1     0.001882
    2     5     1     3    -1     0.001882
    2     5    -3    -2    -1    -0.000748
    2     5     3     2    -1    -0.000748
    2     5    -3    -1    -1    -0.000914
    2     5     3     1    -1    -0.000914
    2     5    -1     2    -1    -0.000748
    2     5     1    -2    -1    -0.000748
    2     5    -2     1    -1    -0.000914
    2     5     2    -1    -1    -0.000914
    2     4     3     1     0     0.000602
    2     4    -3    -2     0     0.000602
    2     6    -1     1     0     0.000602
    2     6     2    -2     0     0.000602
    2     5    -1    -2     1     0.001857
    2     5     1     2     1     0.001857
    2     5    -2    -1     1     0.000200
    2     5     2     1     1     0.000200
    2     5    -1     1     1     0.000200
    2     5     1    -1     1     0.000200
    2     5    -2    -2    -2    -0.001219
    2     5     2     2    -2    -0.001219
    2     5     0    -2    -2    -0.001219
    2     5     0     2    -2    -0.001219
    2     5    -2     0    -2    -0.000427
    2     5     2     0    -2    -0.000427
    2     5    -2    -3     0     0.000247
    2     5     2     3     0     0.000247
    2     5    -1    -3     0     0.000247
    2     5     1     3     0     0.000247
    2     5    -3    -2     0    -0.001696
    2     5     3     2     0    -0.001696
    2     5    -3    -1     0     0.001044
    2     5     3     1     0     0.001044
    2     5    -1     2     0    -0.001696
    2     5     1    -2     0    -0.001696
    2     5    -2     1     0     0.001044
    2     5     2    -1     0     0.001044
    2     4    -2    -2     1    -0.001272
    2     4     2     1     1    -0.001272
    2     6     0     1     1    -0.001272
    2     6     1    -2     1    -0.001272
    2     4    -2    -1     1    -0.001240
    2     4     2     0     1    -0.001240
    2     6    -1     0     1    -0.001240
    2     6     2    -1     1    -0.001240
    2     1    -1    -1     2    -0.001258
    2     1     1     0     2    -0.001258
    2     1    -1    -1    -2    -0.001227
    2     1     1     0    -2    -0.001227
    2     3     0     0     2    -0.001258
    2     3     1    -1     2    -0.001258
    2     3     0     0    -2    -0.001227
    2     3     1    -1    -2    -0.001227
    2     1     3     2     0    -0.000191
    2     1    -3    -3     0    -0.000191
    2     3     0     2     0    -0.000191
    2     3     1    -3     0    -0.000191
    2     1     3     0     0    -0.000262
    2     1    -3    -1     0    -0.000262
    2     3     3    -1     0    -0.000262
    2     3    -2     0     0    -0.000262
    2     2    -1    -1    -2    -0.000540
    2     2    -1    -1     2    -0.000540
    2     2     1     1    -2    -0.000540
    2     2     1     1     2    -0.000540
    2     2     0    -1    -2    -0.000540
    2     2     0    -1     2    -0.000540
    2     2     0     1    -2    -0.000540
    2     2     0     1     2    -0.000540
    2     2    -1     0    -2     0.005533
    2     2    -1     0     2     0.005533
    2     2     1     0    -2     0.005533
    2     2     1     0     2     0.005533
    2     3     3     2     1    -0.001302
    2     3    -2    -3     1    -0.001302
    2     3     3     2    -1    -0.001264
    2     3    -2    -3    -1    -0.001264
    2     1     0    -3     1    -0.001302
    2     1     0     2     1    -0.001302
    2     1     0    -3    -1    -0.001264
    2     1     0     2    -1    -0.001264
    2     4     3     2    -1     0.001892
    2     4    -3    -3    -1     0.001892
    2     6     0     2    -1     0.001892
    2     6     1    -3    -1     0.001892
    2     4     3     0    -1     0.001971
    2     4    -3    -1    -1     0.001971
    2     6     3    -1    -1     0.001971
    2     6    -2     0    -1     0.001971
    2     6     2     2    -2    -0.001224
    2     6    -1    -3    -2    -0.001224
    2     4     1     2    -2    -0.001225
    2     4    -1    -3    -2    -0.001225
    2     6     3     1    -2    -0.001264
    2     6    -2    -2    -2    -0.001264
    2     4    -1     1    -2    -0.001265
    2     4     1    -2    -2    -0.001265
    2     4     3     2     0     0.000227
    2     4    -3    -3     0     0.000227
    2     6     0     2     0     0.000227
    2     6     1    -3     0     0.000227
    2     4     3     0     0     0.000255
    2     4    -3    -1     0     0.000255
    2     6     3    -1     0     0.000255
    2     6    -2     0     0     0.000255
    2     5    -2    -2     1     0.000718
    2     5     2     2     1     0.000718
    2     5     0    -2     1     0.000718
    2     5     0     2     1     0.000718
    2     5    -2     0     1     0.001316
    2     5     2     0     1     0.001316
    2     1     3     1     1    -0.000721
    2     1    -3    -2     1    -0.000721
    2     1     3     1    -1    -0.000658
    2     1    -3    -2    -1    -0.000658
    2     3    -1     1     1    -0.000720
    2     3     2    -2     1    -0.000720
    2     3    -1     1    -1    -0.000658
    2     3     2    -2    -1    -0.000658
    2     4     2     2    -2     0.000084
    2     4    -2    -3    -2     0.000084
    2     6     1     2    -2     0.000085
    2     6     0    -3    -2     0.000085
    2     6    -2    -1    -2     0.000128
    2     6     3     0    -2     0.000128
    2     4    -2     0    -2     0.000128
    2     4     2    -1    -2     0.000128
    2     1    -1    -2     2    -0.001458
    2     1     1     1     2    -0.001458
    2     1    -1    -2    -2    -0.000473
    2     1     1     1    -2    -0.000473
    2     3     0    -2     2    -0.001458
    2     3     1     1     2    -0.001458
    2     3     0    -2    -2    -0.000473
    2     3     1     1    -2    -0.000473
    2     3    -1    -1     2    -0.000513
    2     3     2     0     2    -0.000513
    2     3    -1    -1    -2    -0.001470
    2     3     2     0    -2    -0.001470
    2     1     1    -1     2    -0.000512
    2     1    -1     0     2    -0.000512
    2     1     1    -1    -2    -0.001470
    2     1    -1     0    -2    -0.001470
    2     2    -2    -3    -1     0.000434
    2     2    -2    -3     1     0.000434
    2     2     2     3    -1     0.000434
    2     2     2     3     1     0.000434
    2     2    -1    -3    -1     0.000434
    2     2    -1    -3     1     0.000434
    2     2     1     3    -1     0.000434
    2     2     1     3     1     0.000434
    2     2    -3    -2    -1     0.000328
    2     2    -3    -2     1     0.000328
    2     2     3     2    -1     0.000328
    2     2     3     2     1     0.000328
    2     2    -3    -1    -1     0.000220
    2     2    -3    -1     1     0.000220
    2     2     3     1    -1     0.000220
    2     2     3     1     1     0.000220
    2     2    -1     2    -1     0.000328
    2     2    -1     2     1     0.000328
    2     2     1    -2    -1     0.000328
    2     2     1    -2     1     0.000328
    2     2    -2     1    -1     0.000219
    2     2    -2     1     1     0.000219
    2     2     2    -1    -1     0.000219
    2     2     2    -1     1     0.000219
    2     2    -3    -3     0     0.000835
    2     2     3     3     0     0.000835
    2     2     0    -3     0     0.000835
    2     2     0     3     0     0.000835
    2     2    -3     0     0     0.001812
    2     2     3     0     0     0.001812
    3     2    -1     0     0     1.261708
    3     2     0     1     0     1.261708
    3     1    -1     0     0     1.258919
    3     1     0     0     0     1.258919
    3     6     0     0    -1     1.227560
    3     5    -1     0    -1    -0.011818
    3     5     0     1    -1    -0.011818
    3     4    -1     0    -1    -0.010543
    3     4     0     0    -1    -0.010543
    3     6     0     0     0     0.438374
    3     1    -1    -1     0     0.105219
    3     1     0     1     0     0.105219
    3     2    -1     1     0     0.105541
    3     2     0     0     0     0.105541
    3     5    -1     0     0    -0.071411
    3     5     0     1     0    -0.071411
    3     4    -1     0     0    -0.071643
    3     4     0     0     0    -0.071643
    3     3    -1    -1     0    -0.019834
    3     3     1     1     0    -0.019834
    3     3     0    -1     0    -0.027353
    3     3     0     1     0    -0.027353
    3     3    -1     0     0    -0.021466
    3     3     1     0     0    -0.021466
    3     4    -1    -1    -1     0.031948
    3     4     0     1    -1     0.031948
    3     5    -1     1    -1     0.031811
    3     5     0     0    -1     0.031811
    3     6    -1    -1    -1    -0.044580
    3     6     1     1    -1    -0.044580
    3     6     0    -1    -1     0.005868
    3     6     0     1    -1     0.005868
    3     6    -1     0    -1    -0.045393
    3     6     1     0    -1    -0.045393
    3     4    -1    -1     0     0.025422
    3     4     0     1     0     0.025422
    3     5    -1     1     0     0.025683
    3     5     0     0     0     0.025683
    3     6    -1    -1     0    -0.015095
    3     6     1     1     0    -0.015095
    3     6     0    -1     0    -0.063477
    3     6     0     1     0    -0.063477
    3     6    -1     0     0    -0.015350
    3     6     1     0     0    -0.015350
    3     3     0     0    -1     0.095987
    3     3     0     0     1     0.095987
    3     2    -1    -1     0     0.019294
    3     2     0     2     0     0.019294
    3     1    -2    -1     0     0.019264
    3     1     1     1     0     0.019264
    3     2    -2     0     0     0.018759
    3     2     1     1     0     0.018759
    3     1    -1     1     0     0.019260
    3     1     0    -1     0     0.019259
    3     2    -1     0    -1    -0.023409
    3     2     0     1    -1    -0.023409
    3     2    -1     0     1    -0.023221
    3     2     0     1     1    -0.023221
    3     1    -1     0     1    -0.023087
    3     1     0     0     1    -0.023087
    3     1    -1     0    -1    -0.023084
    3     1     0     0    -1    -0.023084
    3     5    -1    -1    -1     0.012612
    3     5     0     2    -1     0.012612
    3     4    -2    -1    -1     0.012802
    3     4     1     1    -1     0.012802
    3     5    -2     0    -1     0.012431
    3     5     1     1    -1     0.012431
    3     4    -1     1    -1     0.012802
    3     4     0    -1    -1     0.012802
    3     2    -2    -1     0    -0.004120
    3     2     1     2     0    -0.004120
    3     1    -2     0     0    -0.003947
    3     1     1     0     0    -0.003947
    3     5    -1    -1     0     0.004976
    3     5     0     2     0     0.004976
    3     4    -2    -1     0     0.004924
    3     4     1     1     0     0.004924
    3     5    -2     0     0     0.005046
    3     5     1     1     0     0.005046
    3     4    -1     1     0     0.004924
    3     4     0    -1     0     0.004924
    3     1    -1    -1     1    -0.016704
    3     1     0     1     1    -0.016704
    3     1    -1    -1    -1    -0.016705
    3     1     0     1    -1    -0.016705
    3     2    -1     1    -1    -0.016529
    3     2     0     0    -1    -0.016529
    3     2    -1     1     1    -0.016866
    3     2     0     0     1    -0.016866
    3     5    -2    -1    -1    -0.012300
    3     5     1     2    -1    -0.012300
    3     4    -2     0    -1    -0.012067
    3     4     1     0    -1    -0.012067
    3     3    -1    -1    -1     0.014087
    3     3    -1    -1     1     0.014087
    3     3     1     1    -1     0.014087
    3     3     1     1     1     0.014087
    3     3     0    -1    -1     0.013458
    3     3     0    -1     1     0.013458
    3     3     0     1    -1     0.013458
    3     3     0     1     1     0.013458
    3     3    -1     0    -1     0.014099
    3     3    -1     0     1     0.014099
    3     3     1     0    -1     0.014099
    3     3     1     0     1     0.014099
    3     5    -2    -1     0    -0.013573
    3     5     1     2     0    -0.013573
    3     4    -2     0     0    -0.013509
    3     4     1     0     0    -0.013509
    3     3    -1    -2     0     0.011631
    3     3     1     2     0     0.011631
    3     3    -2    -1     0    -0.009778
    3     3     2     1     0    -0.009778
    3     3    -1     1     0     0.011556
    3     3     1    -1     0     0.011556
    3     1    -2    -2     0     0.005407
    3     1     1     2     0     0.005407
    3     1    -1    -2     0     0.005407
    3     1     0     2     0     0.005407
    3     2    -1     2     0     0.005480
    3     2     0    -1     0     0.005480
    3     2     1     0     0     0.005432
    3     2    -2     1     0     0.005432
    3     6    -1    -2    -1     0.009772
    3     6     1     2    -1     0.009772
    3     6    -2    -1    -1     0.003672
    3     6     2     1    -1     0.003672
    3     6    -1     1    -1     0.009496
    3     6     1    -1    -1     0.009496
    3     6     0     0    -2     0.026766
    3     2    -1    -1    -1     0.000046
    3     2     0     2    -1     0.000046
    3     2    -1    -1     1     0.000108
    3     2     0     2     1     0.000108
    3     1    -2    -1     1     0.000148
    3     1     1     1     1     0.000148
    3     1    -2    -1    -1     0.000011
    3     1     1     1    -1     0.000011
    3     2    -2     0    -1     0.000192
    3     2     1     1    -1     0.000192
    3     2    -2     0     1    -0.000012
    3     2     1     1     1    -0.000012
    3     1    -1     1     1     0.000011
    3     1     0    -1     1     0.000011
    3     1    -1     1    -1     0.000148
    3     1     0    -1    -1     0.000148
    3     4    -2    -2    -1    -0.007395
    3     4     1     2    -1    -0.007395
    3     4    -1    -2    -1    -0.007395
    3     4     0     2    -1    -0.007395
    3     5    -1     2    -1    -0.007383
    3     5     0    -1    -1    -0.007383
    3     5     1     0    -1    -0.007480
    3     5    -2     1    -1    -0.007480
    3     6    -1    -2     0     0.002572
    3     6     1     2     0     0.002572
    3     6    -2    -1     0     0.001228
    3     6     2     1     0     0.001228
    3     6    -1     1     0     0.002539
    3     6     1    -1     0     0.002539
    3     5    -1     0    -2     0.004616
    3     5     0     1    -2     0.004616
    3     4    -1     0    -2     0.004734
    3     4     0     0    -2     0.004734
    3     4    -2    -2     0     0.000358
    3     4     1     2     0     0.000358
    3     4    -1    -2     0     0.000358
    3     4     0     2     0     0.000358
    3     5    -1     2     0     0.000309
    3     5     0    -1     0     0.000309
    3     5     1     0     0     0.000272
    3     5    -2     1     0     0.000272
    3     2    -2    -1    -1     0.000219
    3     2     1     2    -1     0.000219
    3     2    -2    -1     1     0.000287
    3     2     1     2     1     0.000287
    3     1    -2     0     1     0.000344
    3     1     1     0     1     0.000344
    3     1    -2     0    -1     0.000344
    3     1     1     0    -1     0.000344
    3     3    -2    -2     0    -0.004778
    3     3     2     2     0    -0.004778
    3     3     0    -2     0    -0.015075
    3     3     0     2     0    -0.015075
    3     3    -2     0     0    -0.004213
    3     3     2     0     0    -0.004213
    3     4    -1    -1    -2    -0.009665
    3     4     0     1    -2    -0.009665
    3     5    -1     1    -2    -0.009800
    3     5     0     0    -2    -0.009800
    3     6    -2    -2    -1    -0.003888
    3     6     2     2    -1    -0.003888
    3     6     0    -2    -1     0.009926
    3     6     0     2    -1     0.009926
    3     6    -2     0    -1    -0.003728
    3     6     2     0    -1    -0.003728
    3     6     0     0     1    -0.010445
    3     6    -1    -1    -2     0.002286
    3     6     1     1    -2     0.002286
    3     6     0    -1    -2     0.014754
    3     6     0     1    -2     0.014754
    3     6    -1     0    -2     0.002110
    3     6     1     0    -2     0.002110
    3     6    -2    -2     0     0.001939
    3     6     2     2     0     0.001939
    3     6     0    -2     0    -0.000407
    3     6     0     2     0    -0.000407
    3     6    -2     0     0     0.001780
    3     6     2     0     0     0.001780
    3     5    -1     0     1    -0.000720
    3     5     0     1     1    -0.000720
    3     4    -1     0     1    -0.000645
    3     4     0     0     1    -0.000645
    3     3    -1    -2    -1     0.000923
    3     3    -1    -2     1     0.000923
    3     3     1     2    -1     0.000923
    3     3     1     2     1     0.000923
    3     3    -2    -1    -1     0.001411
    3     3    -2    -1     1     0.001411
    3     3     2     1    -1     0.001411
    3     3     2     1     1     0.001411
    3     3    -1     1    -1     0.000912
    3     3    -1     1     1     0.000912
    3     3     1    -1    -1     0.000912
    3     3     1    -1     1     0.000912
    3     2    -2    -2     0    -0.005088
    3     2     1     3     0    -0.005088
    3     2    -3    -1     0    -0.005173
    3     2     2     2     0    -0.005173
    3     1     2     1     0    -0.005035
    3     1    -3    -1     0    -0.005035
    3     1     1    -1     0    -0.005035
    3     1    -2     1     0    -0.005035
    3     1    -2    -2     1     0.000986
    3     1     1     2     1     0.000986
    3     1    -2    -2    -1     0.000015
    3     1     1     2    -1     0.000015
    3     1    -1    -2     1     0.000015
    3     1     0     2     1     0.000015
    3     1    -1    -2    -1     0.000986
    3     1     0     2    -1     0.000986
    3     2    -1     2    -1     0.001018
    3     2     0    -1    -1     0.001018
    3     2    -1     2     1     0.000050
    3     2     0    -1     1     0.000050
    3     2    -2     1    -1     0.000025
    3     2     1     0    -1     0.000025
    3     2    -2     1     1     0.000933
    3     2     1     0     1     0.000933
    3     5    -2    -2    -1     0.000055
    3     5     1     3    -1     0.000055
    3     5    -3    -1    -1     0.000152
    3     5     2     2    -1     0.000152
    3     4     2     1    -1     0.000313
    3     4    -3    -1    -1     0.000313
    3     4     1    -1    -1     0.000313
    3     4    -2     1    -1     0.000313
    3     4    -1    -1     1    -0.003653
    3     4     0     1     1    -0.003653
    3     5    -1     1     1    -0.003717
    3     5     0     0     1    -0.003717
    3     5    -1    -1    -2     0.000147
    3     5     0     2    -2     0.000147
    3     4    -2    -1    -2     0.000092
    3     4     1     1    -2     0.000092
    3     5    -2     0    -2     0.000105
    3     5     1     1    -2     0.000105
    3     4    -1     1    -2     0.000092
    3     4     0    -1    -2     0.000092
    3     1    -3    -2     0    -0.000447
    3     1     2     2     0    -0.000447
    3     2    -1    -2     0    -0.000502
    3     2     0     3     0    -0.000502
    3     1    -1     2     0    -0.000447
    3     1     0    -2     0    -0.000447
    3     2    -3     0     0    -0.000385
    3     2     2     1     0    -0.000385
    3     5    -2    -2     0    -0.001695
    3     5     1     3     0    -0.001695
    3     5    -3    -1     0    -0.001696
    3     5     2     2     0    -0.001696
    3     4     2     1     0    -0.001725
    3     4    -3    -1     0    -0.001725
    3     4     1    -1     0    -0.001725
    3     4    -2     1     0    -0.001725
    3     6    -1    -1     1     0.003622
    3     6     1     1     1     0.003622
    3     6     0    -1     1     0.015689
    3     6     0     1     1     0.015689
    3     6    -1     0     1     0.003867
    3     6     1     0     1     0.003867
    3     4    -3    -2    -1     0.001955
    3     4     2     2    -1     0.001955
    3     5    -1    -2    -1     0.001909
    3     5     0     3    -1     0.001909
    3     4    -1     2    -1     0.001955
    3     4     0    -2    -1     0.001955
    3     5    -3     0    -1     0.002130
    3     5     2     1    -1     0.002130
    3     5    -2    -1    -2     0.000657
    3     5     1     2    -2     0.000657
    3     4    -2     0    -2     0.000756
    3     4     1     0    -2     0.000756
    3     3    -2    -2    -1    -0.000219
    3     3    -2    -2     1    -0.000219
    3     3     2     2    -1    -0.000219
    3     3     2     2     1    -0.000219
    3     3     0    -2    -1    -0.001581
    3     3     0    -2     1    -0.001581
    3     3     0     2    -1    -0.001581
    3     3     0     2     1    -0.001581
    3     3    -2     0    -1    -0.000251
    3     3    -2     0     1    -0.000251
    3     3     2     0    -1    -0.000251
    3     3     2     0     1    -0.000251
    3     4    -3    -2     0    -0.000063
    3     4     2     2     0    -0.000063
    3     5    -1    -2     0    -0.000048
    3     5     0     3     0    -0.000048
    3     4    -1     2     0    -0.000062
    3     4     0    -2     0    -0.000062
    3     5    -3     0     0     0.000028
    3     5     2     1     0     0.000028
    3     5    -1    -1     1     0.000344
    3     5     0     2     1     0.000344
    3     4    -2    -1     1     0.000306
    3     4     1     1     1     0.000306
    3     5    -2     0     1     0.000278
    3     5     1     1     1     0.000278
    3     4    -1     1     1     0.000306
    3     4     0    -1     1     0.000306
    3     2    -3    -2     0     0.007352
    3     2     2     3     0     0.007352
    3     1     2     0     0     0.007260
    3     1    -3     0     0     0.007260
    3     6    -1    -2    -2     0.000277
    3     6     1     2    -2     0.000277
    3     6    -2    -1    -2     0.002258
    3     6     2     1    -2     0.002258
    3     6    -1     1    -2     0.000265
    3     6     1    -1    -2     0.000265
    3     2    -2    -2    -1     0.000159
    3     2     1     3    -1     0.000159
    3     2    -2    -2     1     0.001020
    3     2     1     3     1     0.001020
    3     2    -3    -1    -1     0.001064
    3     2     2     2    -1     0.001064
    3     2    -3    -1     1     0.000102
    3     2     2     2     1     0.000102
    3     1     2     1     1     0.000216
    3     1    -3    -1     1     0.000216
    3     1     2     1    -1     0.001161
    3     1    -3    -1    -1     0.001161
    3     1     1    -1     1     0.001161
    3     1    -2     1     1     0.001161
    3     1     1    -1    -1     0.000216
    3     1    -2     1    -1     0.000216
    3     5    -3    -2    -1     0.001636
    3     5     2     3    -1     0.001636
    3     4     2     0    -1     0.001563
    3     4    -3     0    -1     0.001563
    3     5    -2    -1     1     0.002605
    3     5     1     2     1     0.002605
    3     4    -2     0     1     0.002460
    3     4     1     0     1     0.002460
    3     4    -2    -2    -2     0.000283
    3     4     1     2    -2     0.000283
    3     4    -1    -2    -2     0.000283
    3     4     0     2    -2     0.000283
    3     5    -1     2    -2     0.000280
    3     5     0    -1    -2     0.000280
    3     5    -2     1    -2     0.000275
    3     5     1     0    -2     0.000275
    3     1    -2    -3     0    -0.000475
    3     1     1     3     0    -0.000475
    3     2    -2     2     0    -0.000416
    3     2     1    -1     0    -0.000416
    3     5    -3    -2     0     0.000947
    3     5     2     3     0     0.000947
    3     4     2     0     0     0.000936
    3     4    -3     0     0     0.000936
    3     3     0     0    -2    -0.007079
    3     3     0     0     2    -0.007079
    3     1    -3    -2     1     0.001541
    3     1     2     2     1     0.001541
    3     1    -3    -2    -1    -0.000689
    3     1     2     2    -1    -0.000689
    3     2    -1    -2    -1     0.001510
    3     2     0     3    -1     0.001510
    3     2    -1    -2     1    -0.000726
    3     2     0     3     1    -0.000726
    3     1    -1     2     1    -0.000689
    3     1     0    -2     1    -0.000689
    3     1    -1     2    -1     0.001541
    3     1     0    -2    -1     0.001541
    3     2    -3     0    -1    -0.000667
    3     2     2     1    -1    -0.000667
    3     2    -3     0     1     0.001589
    3     2     2     1     1     0.001589
    3     3    -2    -3     0    -0.001061
    3     3     2     3     0    -0.001061
    3     3    -1    -3     0    -0.003621
    3     3     1     3     0    -0.003621
    3     3    -3    -2     0     0.000282
    3     3     3     2     0     0.000282
    3     3    -3    -1     0     0.000400
    3     3     3     1     0     0.000400
    3     3    -1     2     0    -0.003778
    3     3     1    -2     0    -0.003778
    3     3    -2     1     0    -0.000974
    3     3     2    -1     0    -0.000974
    3     4    -2    -3    -1     0.001570
    3     4     1     3    -1     0.001570
    3     5    -2     2    -1     0.001701
    3     5     1    -1    -1     0.001701
    3     2    -1     0    -2     0.000372
    3     2     0     1    -2     0.000372
    3     2    -1     0     2     0.000369
    3     2     0     1     2     0.000369
    3     1    -1     0     2     0.000516
    3     1     0     0     2     0.000516
    3     1    -1     0    -2     0.000516
    3     1     0     0    -2     0.000516
    3     6    -2    -3    -1    -0.000588
    3     6     2     3    -1    -0.000588
    3     6    -1    -3    -1    -0.001113
    3     6     1     3    -1    -0.001113
    3     6    -3    -2    -1     0.001954
    3     6     3     2    -1     0.001954
    3     6    -3    -1    -1     0.002164
    3     6     3     1    -1     0.002164
    3     6    -1     2    -1    -0.001209
    3     6     1    -2    -1    -0.001209
    3     6    -2     1    -1    -0.000460
    3     6     2    -1    -1    -0.000460
    3     4    -2    -3     0     0.000580
    3     4     1     3     0     0.000580
    3     5    -2     2     0     0.000602
    3     5     1    -1     0     0.000602
    3     6    -1    -2     1     0.000250
    3     6     1     2     1     0.000250
    3     6    -2    -1     1     0.001778
    3     6     2     1     1     0.001778
    3     6    -1     1     1     0.000342
    3     6     1    -1     1     0.000342
    3     6    -2    -2    -2    -0.001264
    3     6     2     2    -2    -0.001264
    3     6     0    -2    -2    -0.000266
    3     6     0     2    -2    -0.000266
    3     6    -2     0    -2    -0.001128
    3     6     2     0    -2    -0.001128
    3     6    -2    -3     0    -0.001560
    3     6     2     3     0    -0.001560
    3     6    -1    -3     0     0.001105
    3     6     1     3     0     0.001105
    3     6    -3    -2     0     0.000262
    3     6     3     2     0     0.000262
    3     6    -3    -1     0     0.000377
    3     6     3     1     0     0.000377
    3     6    -1     2     0     0.001139
    3     6     1    -2     0     0.001139
    3     6    -2     1     0    -0.001493
    3     6     2    -1     0    -0.001493
    3     4    -2    -2     1    -0.001247
    3     4     1     2     1    -0.001247
    3     4    -1    -2     1    -0.001247
    3     4     0     2     1    -0.001247
    3     5    -1     2     1    -0.001272
    3     5     0    -1     1    -0.001272
    3     5     1     0     1    -0.001240
    3     5    -2     1     1    -0.001240
    3     1    -1    -1     2    -0.001185
    3     1     0     1     2    -0.001185
    3     1    -1    -1    -2    -0.001185
    3     1     0     1    -2    -0.001185
    3     2    -1     1    -2    -0.001258
    3     2     0     0    -2    -0.001258
    3     2    -1     1     2    -0.001227
    3     2     0     0     2    -0.001227
    3     1    -3    -3     0    -0.000295
    3     1     2     3     0    -0.000295
    3     1     0     3     0    -0.000295
    3     1    -1    -3     0    -0.000295
    3     2     0    -2     0    -0.000191
    3     2    -1     3     0    -0.000191
    3     2    -3     1     0    -0.000262
    3     2     2     0     0    -0.000262
    3     3    -1    -1    -2    -0.000524
    3     3    -1    -1     2    -0.000524
    3     3     1     1    -2    -0.000524
    3     3     1     1     2    -0.000524
    3     3     0    -1    -2     0.005564
    3     3     0    -1     2     0.005564
    3     3     0     1    -2     0.005564
    3     3     0     1     2     0.005564
    3     3    -1     0    -2    -0.000502
    3     3    -1     0     2    -0.000502
    3     3     1     0    -2    -0.000502
    3     3     1     0     2    -0.000502
    3     2    -3    -2    -1    -0.001302
    3     2     2     3    -1    -0.001302
    3     2    -3    -2     1    -0.001264
    3     2     2     3     1    -0.001264
    3     1     2     0     1    -0.001275
    3     1    -3     0     1    -0.001275
    3     1     2     0    -1    -0.001275
    3     1    -3     0    -1    -0.001275
    3     4    -3    -3    -1     0.001903
    3     4     2     3    -1     0.001903
    3     4    -1    -3    -1     0.001903
    3     4     0     3    -1     0.001903
    3     5     0    -2    -1     0.001892
    3     5    -1     3    -1     0.001892
    3     5    -3     1    -1     0.001971
    3     5     2     0    -1     0.001971
    3     5    -2    -2    -2    -0.001224
    3     5     1     3    -2    -0.001224
    3     5    -3    -1    -2    -0.001264
    3     5     2     2    -2    -0.001264
    3     4    -3    -1    -2    -0.001239
    3     4     2     1    -2    -0.001239
    3     4     1    -1    -2    -0.001240
    3     4    -2     1    -2    -0.001240
    3     4    -3    -3     0     0.000243
    3     4     2     3     0     0.000243
    3     4    -1    -3     0     0.000244
    3     4     0     3     0     0.000244
    3     5     0    -2     0     0.000227
    3     5    -1     3     0     0.000227
    3     5    -3     1     0     0.000255
    3     5     2     0     0     0.000255
    3     6    -2    -2     1     0.000688
    3     6     2     2     1     0.000688
    3     6     0    -2     1     0.001195
    3     6     0     2     1     0.001195
    3     6    -2     0     1     0.000614
    3     6     2     0     1     0.000614
    3     1    -2    -3     1    -0.000721
    3     1     1     3     1    -0.000721
    3     1    -2    -3    -1    -0.000721
    3     1     1     3    -1    -0.000721
    3     2    -2     2    -1    -0.000720
    3     2     1    -1    -1    -0.000720
    3     2    -2     2     1    -0.000658
    3     2     1    -1     1    -0.000658
    3     4    -3    -2    -2     0.000096
    3     4     2     2    -2     0.000096
    3     5    -1    -2    -2     0.000085
    3     5     0     3    -2     0.000085
    3     4    -1     2    -2     0.000096
    3     4     0    -2    -2     0.000096
    3     5    -3     0    -2     0.000128
    3     5     2     1    -2     0.000128
    3     2    -1    -1    -2    -0.001458
    3     2     0     2    -2    -0.001458
    3     2    -1    -1     2    -0.000473
    3     2     0     2     2    -0.000473
    3     1    -2    -1     2    -0.001443
    3     1     1     1     2    -0.001443
    3     1    -2    -1    -2    -0.000451
    3     1     1     1    -2    -0.000451
    3     2    -2     0    -2    -0.000513
    3     2     1     1    -2    -0.000513
    3     2    -2     0     2    -0.001470
    3     2     1     1     2    -0.001470
    3     1    -1     1     2    -0.000451
    3     1     0    -1     2    -0.000451
    3     1    -1     1    -2    -0.001443
    3     1     0    -1    -2    -0.001443
    3     3    -2    -3    -1     0.000335
    3     3    -2    -3     1     0.000335
    3     3     2     3    -1     0.000335
    3     3     2     3     1     0.000335
    3     3    -1    -3    -1     0.000020
    3     3    -1    -3     1     0.000020
    3     3     1     3    -1     0.000020
    3     3     1     3     1     0.000020
    3     3    -3    -2    -1     0.000447
    3     3    -3    -2     1     0.000447
    3     3     3     2    -1     0.000447
    3     3     3     2     1     0.000447
    3     3    -3    -1    -1     0.000432
    3     3    -3    -1     1     0.000432
    3     3     3     1    -1     0.000432
    3     3     3     1     1     0.000432
    3     3    -1     2    -1     0.000083
    3     3    -1     2     1     0.000083
    3     3     1    -2    -1     0.000083
    3     3     1    -2     1     0.000083
    3     3    -2     1    -1     0.000385
    3     3    -2     1     1     0.000385
    3     3     2    -1    -1     0.000385
    3     3     2    -1     1     0.000385
    3     3    -3    -3     0     0.000841
    3     3     3     3     0     0.000841
    3     3     0    -3     0     0.002273
    3     3     0     3     0     0.002273
    3     3    -3     0     0     0.001049
    3     3     3     0     0     0.001049
    4     5     0     0     0     1.261681
    4     5     0     1     0     1.261681
    4     6     1     0     0     1.258919
    4     6     0     0     0     1.258919
    4     1     0     0     1     1.227619
    4     2     0     0     1    -0.011832
    4     2     0     1     1    -0.011832
    4     3     0     0     1    -0.010543
    4     3     1     0     1    -0.010543
    4     1     0     0     0     0.438370
    4     6     0    -1     0     0.105219
    4     6     1     1     0     0.105219
    4     5    -1     0     0     0.105536
    4     5     1     1     0     0.105536
    4     2     0     0     0    -0.071402
    4     2     0     1     0    -0.071402
    4     3     1     0     0    -0.071643
    4     3     0     0     0    -0.071643
    4     4    -1    -1     0    -0.027350
    4     4     1     1     0    -0.027350
    4     4     0    -1     0    -0.019823
    4     4     0     1     0    -0.019823
    4     4    -1     0     0    -0.021471
    4     4     1     0     0    -0.021471
    4     3     0    -1     1     0.031948
    4     3     1     1     1     0.031948
    4     2    -1     0     1     0.031812
    4     2     1     1     1     0.031812
    4     1    -1    -1     1     0.005872
    4     1     1     1     1     0.005872
    4     1     0    -1     1    -0.044582
    4     1     0     1     1    -0.044582
    4     1    -1     0     1    -0.045398
    4     1     1     0     1    -0.045398
    4     3     0    -1     0     0.025422
    4     3     1     1     0     0.025422
    4     2    -1     0     0     0.025683
    4     2     1     1     0     0.025683
    4     1    -1    -1     0    -0.063483
    4     1     1     1     0    -0.063483
    4     1     0    -1     0    -0.015095
    4     1     0     1     0    -0.015095
    4     1    -1     0     0    -0.015349
    4     1     1     0     0    -0.015349
    4     4     0     0    -1     0.095989
    4     4     0     0     1     0.095989
    4     5    -1    -1     0     0.019299
    4     5     1     2     0     0.019299
    4     6    -1    -1     0     0.019264
    4     6     2     1     0     0.019264
    4     6     1    -1     0     0.019259
    4     6     0     1     0     0.019260
    4     5    -1     1     0     0.018760
    4     5     1     0     0     0.018760
    4     5     0     0    -1    -0.023220
    4     5     0     1    -1    -0.023220
    4     5     0     0     1    -0.023410
    4     5     0     1     1    -0.023410
    4     6     0     0    -1    -0.023084
    4     6     1     0    -1    -0.023084
    4     6     0     0     1    -0.023087
    4     6     1     0     1    -0.023087
    4     2    -1    -1     1     0.012610
    4     2     1     2     1     0.012610
    4     3    -1    -1     1     0.012802
    4     3     2     1     1     0.012802
    4     3     1    -1     1     0.012802
    4     3     0     1     1     0.012802
    4     2    -1     1     1     0.012430
    4     2     1     0     1     0.012430
    4     5     0    -1     0    -0.004115
    4     5     0     2     0    -0.004115
    4     6    -1     0     0    -0.003947
    4     6     2     0     0    -0.003947
    4     2    -1    -1     0     0.004976
    4     2     1     2     0     0.004976
    4     3    -1    -1     0     0.004924
    4     3     2     1     0     0.004924
    4     3     1    -1     0     0.004924
    4     3     0     1     0     0.004924
    4     2    -1     1     0     0.005046
    4     2     1     0     0     0.005046
    4     6     0    -1    -1    -0.016705
    4     6     1     1    -1    -0.016705
    4     6     0    -1     1    -0.016704
    4     6     1     1     1    -0.016704
    4     5    -1     0    -1    -0.016867
    4     5     1     1    -1    -0.016867
    4     5    -1     0     1    -0.016529
    4     5     1     1     1    -0.016529
    4     2     0    -1     1    -0.012299
    4     2     0     2     1    -0.012299
    4     3    -1     0     1    -0.012067
    4     3     2     0     1    -0.012067
    4     4    -1    -1    -1     0.013458
    4     4    -1    -1     1     0.013458
    4     4     1     1    -1     0.013458
    4     4     1     1     1     0.013458
    4     4     0    -1    -1     0.014089
    4     4     0    -1     1     0.014089
    4     4     0     1    -1     0.014089
    4     4     0     1     1     0.014089
    4     4    -1     0    -1     0.014101
    4     4    -1     0     1     0.014101
    4     4     1     0    -1     0.014101
    4     4     1     0     1     0.014101
    4     2     0    -1     0    -0.013573
    4     2     0     2     0    -0.013573
    4     3    -1     0     0    -0.013509
    4     3     2     0     0    -0.013509
    4     4    -1    -2     0     0.011632
    4     4     1     2     0     0.011632
    4     4    -2    -1     0     0.011557
    4     4     2     1     0     0.011557
    4     4     1    -1     0    -0.009778
    4     4    -1     1     0    -0.009778
    4     6     2     2     0     0.005407
    4     6    -1    -2     0     0.005407
    4     6     0    -2     0     0.005407
    4     6     1     2     0     0.005407
    4     5    -2    -1     0     0.005480
    4     5     2     2     0     0.005480
    4     5    -2     0     0     0.005432
    4     5     2     1     0     0.005432
    4     1    -1    -2     1     0.009774
    4     1     1     2     1     0.009774
    4     1     2     1     1     0.009497
    4     1    -2    -1     1     0.009497
    4     1    -1     1     1     0.003673
    4     1     1    -1     1     0.003673
    4     1     0     0     2     0.026771
    4     5    -1    -1    -1     0.000109
    4     5     1     2    -1     0.000109
    4     5    -1    -1     1     0.000046
    4     5     1     2     1     0.000046
    4     6    -1    -1    -1     0.000011
    4     6     2     1    -1     0.000011
    4     6    -1    -1     1     0.000148
    4     6     2     1     1     0.000148
    4     6     1    -1    -1     0.000148
    4     6     0     1    -1     0.000148
    4     6     1    -1     1     0.000011
    4     6     0     1     1     0.000011
    4     5    -1     1    -1    -0.000012
    4     5     1     0    -1    -0.000012
    4     5    -1     1     1     0.000192
    4     5     1     0     1     0.000192
    4     3    -1    -2     1    -0.007395
    4     3     2     2     1    -0.007395
    4     3     0    -2     1    -0.007395
    4     3     1     2     1    -0.007395
    4     2    -2    -1     1    -0.007383
    4     2     2     2     1    -0.007383
    4     2    -2     0     1    -0.007479
    4     2     2     1     1    -0.007479
    4     1    -1    -2     0     0.002572
    4     1     1     2     0     0.002572
    4     1    -2    -1     0     0.002538
    4     1     2     1     0     0.002538
    4     1     1    -1     0     0.001229
    4     1    -1     1     0     0.001229
    4     2     0     0     2     0.004617
    4     2     0     1     2     0.004617
    4     3     0     0     2     0.004734
    4     3     1     0     2     0.004734
    4     3    -1    -2     0     0.000358
    4     3     2     2     0     0.000358
    4     3     0    -2     0     0.000358
    4     3     1     2     0     0.000358
    4     2    -2    -1     0     0.000309
    4     2     2     2     0     0.000309
    4     2    -2     0     0     0.000273
    4     2     2     1     0     0.000273
    4     5     0    -1    -1     0.000288
    4     5     0     2    -1     0.000288
    4     5     0    -1     1     0.000219
    4     5     0     2     1     0.000219
    4     6    -1     0    -1     0.000344
    4     6     2     0    -1     0.000344
    4     6    -1     0     1     0.000344
    4     6     2     0     1     0.000344
    4     4    -2    -2     0    -0.015076
    4     4     2     2     0    -0.015076
    4     4     0    -2     0    -0.004778
    4     4     0     2     0    -0.004778
    4     4    -2     0     0    -0.004212
    4     4     2     0     0    -0.004212
    4     3     0    -1     2    -0.009665
    4     3     1     1     2    -0.009665
    4     2    -1     0     2    -0.009801
    4     2     1     1     2    -0.009801
    4     1    -2    -2     1     0.009926
    4     1     2     2     1     0.009926
    4     1     0    -2     1    -0.003889
    4     1     0     2     1    -0.003889
    4     1    -2     0     1    -0.003728
    4     1     2     0     1    -0.003728
    4     1     0     0    -1    -0.010449
    4     1    -1    -1     2     0.014756
    4     1     1     1     2     0.014756
    4     1     0    -1     2     0.002286
    4     1     0     1     2     0.002286
    4     1    -1     0     2     0.002111
    4     1     1     0     2     0.002111
    4     1    -2    -2     0    -0.000407
    4     1     2     2     0    -0.000407
    4     1     0    -2     0     0.001938
    4     1     0     2     0     0.001938
    4     1    -2     0     0     0.001780
    4     1     2     0     0     0.001780
    4     2     0     0    -1    -0.000722
    4     2     0     1    -1    -0.000722
    4     3     0     0    -1    -0.000645
    4     3     1     0    -1    -0.000645
    4     4    -1    -2    -1     0.000922
    4     4    -1    -2     1     0.000922
    4     4     1     2    -1     0.000922
    4     4     1     2     1     0.000922
    4     4    -2    -1    -1     0.000912
    4     4    -2    -1     1     0.000912
    4     4     2     1    -1     0.000912
    4     4     2     1     1     0.000912
    4     4     1    -1    -1     0.001411
    4     4     1    -1     1     0.001411
    4     4    -1     1    -1     0.001411
    4     4    -1     1     1     0.001411
    4     5    -1    -2     0    -0.005088
    4     5     1     3     0    -0.005088
    4     6    -2    -1     0    -0.005035
    4     6     3     1     0    -0.005035
    4     5    -1     2     0    -0.005173
    4     5     1    -1     0    -0.005173
    4     6    -1     1     0    -0.005035
    4     6     2    -1     0    -0.005035
    4     6     2     2    -1     0.000015
    4     6    -1    -2    -1     0.000015
    4     6    -1    -2     1     0.000986
    4     6     2     2     1     0.000986
    4     6     0    -2    -1     0.000986
    4     6     1     2    -1     0.000986
    4     6     0    -2     1     0.000015
    4     6     1     2     1     0.000015
    4     5    -2    -1    -1     0.000050
    4     5     2     2    -1     0.000050
    4     5    -2    -1     1     0.001018
    4     5     2     2     1     0.001018
    4     5    -2     0    -1     0.000932
    4     5     2     1    -1     0.000932
    4     5    -2     0     1     0.000025
    4     5     2     1     1     0.000025
    4     2    -1    -2     1     0.000055
    4     2     1     3     1     0.000055
    4     3    -2    -1     1     0.000313
    4     3     3     1     1     0.000313
    4     2    -1     2     1     0.000151
    4     2     1    -1     1     0.000151
    4     3    -1     1     1     0.000313
    4     3     2    -1     1     0.000313
    4     3     0    -1    -1    -0.003653
    4     3     1     1    -1    -0.003653
    4     2    -1     0    -1    -0.003717
    4     2     1     1    -1    -0.003717
    4     2    -1    -1     2     0.000147
    4     2     1     2     2     0.000147
    4     3    -1    -1     2     0.000092
    4     3     2     1     2     0.000092
    4     3     1    -1     2     0.000092
    4     3     0     1     2     0.000092
    4     2    -1     1     2     0.000105
    4     2     1     0     2     0.000105
    4     5    -2    -2     0    -0.000503
    4     5     2     3     0    -0.000503
    4     6     3     2     0    -0.000447
    4     6    -2    -2     0    -0.000447
    4     6     0     2     0    -0.000447
    4     6     1    -2     0    -0.000447
    4     5    -2     1     0    -0.000386
    4     5     2     0     0    -0.000386
    4     2    -1    -2     0    -0.001695
    4     2     1     3     0    -0.001695
    4     3    -2    -1     0    -0.001725
    4     3     3     1     0    -0.001725
    4     2    -1     2     0    -0.001696
    4     2     1    -1     0    -0.001696
    4     3    -1     1     0    -0.001725
    4     3     2    -1     0    -0.001725
    4     1    -1    -1    -1     0.015691
    4     1     1     1    -1     0.015691
    4     1     0    -1    -1     0.003623
    4     1     0     1    -1     0.003623
    4     1    -1     0    -1     0.003867
    4     1     1     0    -1     0.003867
    4     2    -2    -2     1     0.001908
    4     2     2     3     1     0.001908
    4     3     3     2     1     0.001955
    4     3    -2    -2     1     0.001955
    4     3     0     2     1     0.001955
    4     3     1    -2     1     0.001955
    4     2    -2     1     1     0.002130
    4     2     2     0     1     0.002130
    4     2     0    -1     2     0.000657
    4     2     0     2     2     0.000657
    4     3    -1     0     2     0.000756
    4     3     2     0     2     0.000756
    4     4    -2    -2    -1    -0.001581
    4     4    -2    -2     1    -0.001581
    4     4     2     2    -1    -0.001581
    4     4     2     2     1    -0.001581
    4     4     0    -2    -1    -0.000219
    4     4     0    -2     1    -0.000219
    4     4     0     2    -1    -0.000219
    4     4     0     2     1    -0.000219
    4     4    -2     0    -1    -0.000252
    4     4     2     0    -1    -0.000252
    4     4    -2     0     1    -0.000252
    4     4     2     0     1    -0.000252
    4     2    -2    -2     0    -0.000048
    4     2     2     3     0    -0.000048
    4     3    -2    -2     0    -0.000063
    4     3     3     2     0    -0.000063
    4     3     0     2     0    -0.000062
    4     3     1    -2     0    -0.000062
    4     2    -2     1     0     0.000028
    4     2     2     0     0     0.000028
    4     2    -1    -1    -1     0.000344
    4     2     1     2    -1     0.000344
    4     3    -1    -1    -1     0.000306
    4     3     2     1    -1     0.000306
    4     3     0     1    -1     0.000306
    4     3     1    -1    -1     0.000306
    4     2    -1     1    -1     0.000278
    4     2     1     0    -1     0.000278
    4     5     0    -2     0     0.007350
    4     5     0     3     0     0.007350
    4     6    -2     0     0     0.007260
    4     6     3     0     0     0.007260
    4     1    -1    -2     2     0.000276
    4     1     1     2     2     0.000276
    4     1    -2    -1     2     0.000265
    4     1     2     1     2     0.000265
    4     1     1    -1     2     0.002257
    4     1    -1     1     2     0.002257
    4     5    -1    -2    -1     0.001020
    4     5     1     3    -1     0.001020
    4     5    -1    -2     1     0.000159
    4     5     1     3     1     0.000159
    4     6    -2    -1    -1     0.001161
    4     6     3     1    -1     0.001161
    4     6    -2    -1     1     0.000216
    4     6     3     1     1     0.000216
    4     5    -1     2    -1     0.000103
    4     5     1    -1    -1     0.000103
    4     5    -1     2     1     0.001064
    4     5     1    -1     1     0.001064
    4     6    -1     1    -1     0.000216
    4     6     2    -1    -1     0.000216
    4     6    -1     1     1     0.001161
    4     6     2    -1     1     0.001161
    4     2     0    -2     1     0.001636
    4     2     0     3     1     0.001636
    4     3    -2     0     1     0.001563
    4     3     3     0     1     0.001563
    4     2     0    -1    -1     0.002605
    4     2     0     2    -1     0.002605
    4     3    -1     0    -1     0.002460
    4     3     2     0    -1     0.002460
    4     3    -1    -2     2     0.000283
    4     3     2     2     2     0.000283
    4     3     0    -2     2     0.000283
    4     3     1     2     2     0.000283
    4     2    -2    -1     2     0.000280
    4     2     2     2     2     0.000280
    4     2    -2     0     2     0.000275
    4     2     2     1     2     0.000275
    4     6    -1    -3     0    -0.000475
    4     6     2     3     0    -0.000475
    4     5    -3    -1     0    -0.000416
    4     5     3     2     0    -0.000416
    4     2     0    -2     0     0.000947
    4     2     0     3     0     0.000947
    4     3    -2     0     0     0.000936
    4     3     3     0     0     0.000936
    4     4     0     0    -2    -0.007080
    4     4     0     0     2    -0.007080
    4     5    -2    -2    -1    -0.000726
    4     5     2     3    -1    -0.000726
    4     5    -2    -2     1     0.001510
    4     5     2     3     1     0.001510
    4     6     3     2    -1    -0.000689
    4     6    -2    -2    -1    -0.000689
    4     6    -2    -2     1     0.001541
    4     6     3     2     1     0.001541
    4     6     0     2    -1     0.001541
    4     6     1    -2    -1     0.001541
    4     6     0     2     1    -0.000689
    4     6     1    -2     1    -0.000689
    4     5    -2     1    -1     0.001589
    4     5     2     0    -1     0.001589
    4     5    -2     1     1    -0.000666
    4     5     2     0     1    -0.000666
    4     4    -2    -3     0    -0.003621
    4     4     2     3     0    -0.003621
    4     4    -1    -3     0    -0.001061
    4     4     1     3     0    -0.001061
    4     4    -3    -2     0    -0.003778
    4     4     3     2     0    -0.003778
    4     4    -3    -1     0    -0.000974
    4     4     3     1     0    -0.000974
    4     4    -1     2     0     0.000281
    4     4     1    -2     0     0.000281
    4     4    -2     1     0     0.000399
    4     4     2    -1     0     0.000399
    4     3    -1    -3     1     0.001570
    4     3     2     3     1     0.001570
    4     2    -3    -1     1     0.001701
    4     2     3     2     1     0.001701
    4     5     0     0    -2     0.000368
    4     5     0     1    -2     0.000368
    4     5     0     0     2     0.000372
    4     5     0     1     2     0.000372
    4     6     0     0    -2     0.000516
    4     6     1     0    -2     0.000516
    4     6     1     0     2     0.000516
    4     6     0     0     2     0.000516
    4     1    -2    -3     1    -0.001113
    4     1     2     3     1    -0.001113
    4     1    -1    -3     1    -0.000588
    4     1     1     3     1    -0.000588
    4     1    -3    -2     1    -0.001209
    4     1     3     2     1    -0.001209
    4     1    -3    -1     1    -0.000460
    4     1     3     1     1    -0.000460
    4     1    -1     2     1     0.001954
    4     1     1    -2     1     0.001954
    4     1    -2     1     1     0.002164
    4     1     2    -1     1     0.002164
    4     3    -1    -3     0     0.000580
    4     3     2     3     0     0.000580
    4     2    -3    -1     0     0.000602
    4     2     3     2     0     0.000602
    4     1    -1    -2    -1     0.000249
    4     1     1     2    -1     0.000249
    4     1    -2    -1    -1     0.000342
    4     1     2     1    -1     0.000342
    4     1     1    -1    -1     0.001778
    4     1    -1     1    -1     0.001778
    4     1    -2    -2     2    -0.000266
    4     1     2     2     2    -0.000266
    4     1     0    -2     2    -0.001264
    4     1     0     2     2    -0.001264
    4     1    -2     0     2    -0.001129
    4     1     2     0     2    -0.001129
    4     1    -2    -3     0     0.001105
    4     1     2     3     0     0.001105
    4     1    -1    -3     0    -0.001560
    4     1     1     3     0    -0.001560
    4     1    -3    -2     0     0.001139
    4     1     3     2     0     0.001139
    4     1    -3    -1     0    -0.001493
    4     1     3     1     0    -0.001493
    4     1    -1     2     0     0.000262
    4     1     1    -2     0     0.000262
    4     1    -2     1     0     0.000377
    4     1     2    -1     0     0.000377
    4     3     2     2    -1    -0.001247
    4     3    -1    -2    -1    -0.001247
    4     3     0    -2    -1    -0.001247
    4     3     1     2    -1    -0.001247
    4     2    -2    -1    -1    -0.001272
    4     2     2     2    -1    -0.001272
    4     2    -2     0    -1    -0.001240
    4     2     2     1    -1    -0.001240
    4     6     0    -1    -2    -0.001185
    4     6     1     1    -2    -0.001185
    4     6     0    -1     2    -0.001185
    4     6     1     1     2    -0.001185
    4     5    -1     0    -2    -0.001227
    4     5     1     1    -2    -0.001227
    4     5    -1     0     2    -0.001258
    4     5     1     1     2    -0.001258
    4     6    -2    -3     0    -0.000295
    4     6     3     3     0    -0.000295
    4     5    -3    -2     0    -0.000191
    4     5     3     3     0    -0.000191
    4     6     0    -3     0    -0.000295
    4     6     1     3     0    -0.000295
    4     5    -3     0     0    -0.000262
    4     5     3     1     0    -0.000262
    4     4    -1    -1    -2     0.005565
    4     4    -1    -1     2     0.005564
    4     4     1     1    -2     0.005564
    4     4     1     1     2     0.005565
    4     4     0    -1    -2    -0.000524
    4     4     0    -1     2    -0.000524
    4     4     0     1    -2    -0.000524
    4     4     0     1     2    -0.000524
    4     4    -1     0    -2    -0.000502
    4     4    -1     0     2    -0.000502
    4     4     1     0    -2    -0.000502
    4     4     1     0     2    -0.000502
    4     5     0    -2    -1    -0.001264
    4     5     0     3    -1    -0.001264
    4     5     0    -2     1    -0.001302
    4     5     0     3     1    -0.001302
    4     6    -2     0    -1    -0.001275
    4     6     3     0    -1    -0.001275
    4     6    -2     0     1    -0.001275
    4     6     3     0     1    -0.001275
    4     3    -2    -3     1     0.001903
    4     3     3     3     1     0.001903
    4     2    -3    -2     1     0.001892
    4     2     3     3     1     0.001892
    4     3     0    -3     1     0.001903
    4     3     1     3     1     0.001903
    4     2    -3     0     1     0.001971
    4     2     3     1     1     0.001971
    4     2    -1    -2     2    -0.001225
    4     2     1     3     2    -0.001225
    4     3    -2    -1     2    -0.001239
    4     3     3     1     2    -0.001239
    4     2    -1     2     2    -0.001265
    4     2     1    -1     2    -0.001265
    4     3    -1     1     2    -0.001240
    4     3     2    -1     2    -0.001240
    4     3    -2    -3     0     0.000243
    4     3     3     3     0     0.000243
    4     2    -3    -2     0     0.000227
    4     2     3     3     0     0.000227
    4     3     0    -3     0     0.000244
    4     3     1     3     0     0.000244
    4     2    -3     0     0     0.000255
    4     2     3     1     0     0.000255
    4     1    -2    -2    -1     0.001195
    4     1     2     2    -1     0.001195
    4     1     0    -2    -1     0.000688
    4     1     0     2    -1     0.000688
    4     1    -2     0    -1     0.000614
    4     1     2     0    -1     0.000614
    4     6    -1    -3    -1    -0.000721
    4     6     2     3    -1    -0.000721
    4     6    -1    -3     1    -0.000721
    4     6     2     3     1    -0.000721
    4     5    -3    -1    -1    -0.000658
    4     5     3     2    -1    -0.000658
    4     5    -3    -1     1    -0.000721
    4     5     3     2     1    -0.000721
    4     2    -2    -2     2     0.000084
    4     2     2     3     2     0.000084
    4     3     3     2     2     0.000096
    4     3    -2    -2     2     0.000096
    4     3     0     2     2     0.000096
    4     3     1    -2     2     0.000096
    4     2    -2     1     2     0.000128
    4     2     2     0     2     0.000128
    4     5    -1    -1    -2    -0.000473
    4     5     1     2    -2    -0.000473
    4     5    -1    -1     2    -0.001458
    4     5     1     2     2    -0.001458
    4     6    -1    -1    -2    -0.000451
    4     6     2     1    -2    -0.000451
    4     6    -1    -1     2    -0.001443
    4     6     2     1     2    -0.001443
    4     6     0     1    -2    -0.001443
    4     6     1    -1    -2    -0.001443
    4     6     1    -1     2    -0.000451
    4     6     0     1     2    -0.000451
    4     5    -1     1    -2    -0.001470
    4     5     1     0    -2    -0.001470
    4     5    -1     1     2    -0.000512
    4     5     1     0     2    -0.000512
    4     4    -2    -3    -1     0.000020
    4     4     2     3    -1     0.000020
    4     4    -2    -3     1     0.000020
    4     4     2     3     1     0.000020
    4     4    -1    -3    -1     0.000335
    4     4     1     3    -1     0.000335
    4     4    -1    -3     1     0.000335
    4     4     1     3     1     0.000335
    4     4    -3    -2    -1     0.000083
    4     4    -3    -2     1     0.000083
    4     4     3     2    -1     0.000083
    4     4     3     2     1     0.000083
    4     4    -3    -1    -1     0.000386
    4     4    -3    -1     1     0.000386
    4     4     3     1    -1     0.000386
    4     4     3     1     1     0.000386
    4     4    -1     2    -1     0.000447
    4     4     1    -2    -1     0.000447
    4     4    -1     2     1     0.000447
    4     4     1    -2     1     0.000447
    4     4    -2     1    -1     0.000432
    4     4    -2     1     1     0.000432
    4     4     2    -1    -1     0.000432
    4     4     2    -1     1     0.000432
    4     4    -3    -3     0     0.002274
    4     4     3     3     0     0.002274
    4     4     0    -3     0     0.000841
    4     4     0     3     0     0.000841
    4     4    -3     0     0     0.001049
    4     4     3     0     0     0.001049
    5     6     0    -1     0     1.261708
    5     6     1     0     0     1.261708
    5     4     0    -1     0     1.261681
    5     4     0     0     0     1.261681
    5     2     0     0     1     1.228065
    5     3     0    -1     1    -0.011818
    5     3     1     0     1    -0.011818
    5     1     0    -1     1    -0.011832
    5     1     0     0     1    -0.011832
    5     2     0     0     0     0.438485
    5     4    -1    -1     0     0.105536
    5     4     1     0     0     0.105536
    5     6     0     0     0     0.105541
    5     6     1    -1     0     0.105541
    5     3     0    -1     0    -0.071411
    5     3     1     0     0    -0.071411
    5     1     0    -1     0    -0.071402
    5     1     0     0     0    -0.071402
    5     5    -1    -1     0    -0.019501
    5     5     1     1     0    -0.019501
    5     5     0    -1     0    -0.019486
    5     5     0     1     0    -0.019486
    5     5     1     0     0    -0.028294
    5     5    -1     0     0    -0.028294
    5     1    -1    -1     1     0.031812
    5     1     1     0     1     0.031812
    5     3     1    -1     1     0.031811
    5     3     0     0     1     0.031811
    5     2    -1    -1     1    -0.044703
    5     2     1     1     1    -0.044703
    5     2     0    -1     1    -0.044701
    5     2     0     1     1    -0.044701
    5     2     1     0     1     0.005756
    5     2    -1     0     1     0.005756
    5     1    -1    -1     0     0.025683
    5     1     1     0     0     0.025683
    5     3     0     0     0     0.025683
    5     3     1    -1     0     0.025683
    5     2    -1    -1     0    -0.015836
    5     2     1     1     0    -0.015836
    5     2     0    -1     0    -0.015837
    5     2     0     1     0    -0.015837
    5     2     1     0     0    -0.063329
    5     2    -1     0     0    -0.063329
    5     5     0     0    -1     0.095764
    5     5     0     0     1     0.095764
    5     4    -1    -2     0     0.019299
    5     4     1     1     0     0.019299
    5     6     0    -2     0     0.019294
    5     6     1     1     0     0.019294
    5     6    -1    -1     0     0.018759
    5     6     2     0     0     0.018759
    5     4     1    -1     0     0.018760
    5     4    -1     0     0     0.018760
    5     6     0    -1    -1    -0.023409
    5     6     1     0    -1    -0.023409
    5     6     0    -1     1    -0.023221
    5     6     1     0     1    -0.023221
    5     4     0    -1     1    -0.023220
    5     4     0     0     1    -0.023220
    5     4     0    -1    -1    -0.023410
    5     4     0     0    -1    -0.023410
    5     1    -1    -2     1     0.012610
    5     1     1     1     1     0.012610
    5     3     0    -2     1     0.012612
    5     3     1     1     1     0.012612
    5     3    -1    -1     1     0.012431
    5     3     2     0     1     0.012431
    5     1     1    -1     1     0.012430
    5     1    -1     0     1     0.012430
    5     6    -1    -2     0    -0.004120
    5     6     2     1     0    -0.004120
    5     4     0    -2     0    -0.004115
    5     4     0     1     0    -0.004115
    5     1    -1    -2     0     0.004976
    5     1     1     1     0     0.004976
    5     3     0    -2     0     0.004976
    5     3     1     1     0     0.004976
    5     3    -1    -1     0     0.005046
    5     3     2     0     0     0.005046
    5     1     1    -1     0     0.005046
    5     1    -1     0     0     0.005046
    5     4    -1    -1     1    -0.016867
    5     4     1     0     1    -0.016867
    5     4    -1    -1    -1    -0.016529
    5     4     1     0    -1    -0.016529
    5     6     0     0    -1    -0.016529
    5     6     1    -1    -1    -0.016529
    5     6     1    -1     1    -0.016866
    5     6     0     0     1    -0.016866
    5     3    -1    -2     1    -0.012300
    5     3     2     1     1    -0.012300
    5     1     0    -2     1    -0.012299
    5     1     0     1     1    -0.012299
    5     5    -1    -1    -1     0.014198
    5     5    -1    -1     1     0.014198
    5     5     1     1    -1     0.014198
    5     5     1     1     1     0.014198
    5     5     0    -1    -1     0.014197
    5     5     0    -1     1     0.014197
    5     5     0     1    -1     0.014197
    5     5     0     1     1     0.014197
    5     5    -1     0    -1     0.013419
    5     5    -1     0     1     0.013419
    5     5     1     0    -1     0.013419
    5     5     1     0     1     0.013419
    5     3    -1    -2     0    -0.013573
    5     3     2     1     0    -0.013573
    5     1     0    -2     0    -0.013573
    5     1     0     1     0    -0.013573
    5     5    -1    -2     0    -0.010061
    5     5     1     2     0    -0.010061
    5     5    -2    -1     0     0.011778
    5     5     2     1     0     0.011778
    5     5    -1     1     0     0.011778
    5     5     1    -1     0     0.011778
    5     4     2     1     0     0.005480
    5     4    -2    -2     0     0.005480
    5     6     0     1     0     0.005480
    5     6     1    -2     0     0.005480
    5     4    -2    -1     0     0.005432
    5     4     2     0     0     0.005432
    5     6    -1     0     0     0.005432
    5     6     2    -1     0     0.005432
    5     2    -1    -2     1     0.003605
    5     2     1     2     1     0.003605
    5     2    -2    -1     1     0.010016
    5     2     2     1     1     0.010016
    5     2    -1     1     1     0.010017
    5     2     1    -1     1     0.010017
    5     2     0     0     2     0.026529
    5     4    -1    -2     1     0.000109
    5     4     1     1     1     0.000109
    5     4    -1    -2    -1     0.000046
    5     4     1     1    -1     0.000046
    5     6     0    -2    -1     0.000046
    5     6     1     1    -1     0.000046
    5     6     0    -2     1     0.000108
    5     6     1     1     1     0.000108
    5     6    -1    -1    -1     0.000192
    5     6     2     0    -1     0.000192
    5     6    -1    -1     1    -0.000012
    5     6     2     0     1    -0.000012
    5     4     1    -1     1    -0.000012
    5     4    -1     0     1    -0.000012
    5     4    -1     0    -1     0.000192
    5     4     1    -1    -1     0.000192
    5     1     2     1     1    -0.007383
    5     1    -2    -2     1    -0.007383
    5     3     0     1     1    -0.007383
    5     3     1    -2     1    -0.007383
    5     1    -2    -1     1    -0.007479
    5     1     2     0     1    -0.007479
    5     3    -1     0     1    -0.007480
    5     3     2    -1     1    -0.007480
    5     2    -1    -2     0     0.000810
    5     2     1     2     0     0.000810
    5     2    -2    -1     0     0.002631
    5     2     2     1     0     0.002631
    5     2    -1     1     0     0.002631
    5     2     1    -1     0     0.002631
    5     3     0    -1     2     0.004616
    5     3     1     0     2     0.004616
    5     1     0    -1     2     0.004617
    5     1     0     0     2     0.004617
    5     1    -2    -2     0     0.000309
    5     1     2     1     0     0.000309
    5     3     0     1     0     0.000309
    5     3     1    -2     0     0.000309
    5     1    -2    -1     0     0.000273
    5     1     2     0     0     0.000273
    5     3    -1     0     0     0.000272
    5     3     2    -1     0     0.000272
    5     6    -1    -2    -1     0.000219
    5     6     2     1    -1     0.000219
    5     6    -1    -2     1     0.000287
    5     6     2     1     1     0.000287
    5     4     0    -2     1     0.000288
    5     4     0     1     1     0.000288
    5     4     0    -2    -1     0.000219
    5     4     0     1    -1     0.000219
    5     5    -2    -2     0    -0.004999
    5     5     2     2     0    -0.004999
    5     5     0    -2     0    -0.005000
    5     5     0     2     0    -0.005000
    5     5    -2     0     0    -0.015678
    5     5     2     0     0    -0.015678
    5     1    -1    -1     2    -0.009801
    5     1     1     0     2    -0.009801
    5     3     0     0     2    -0.009800
    5     3     1    -1     2    -0.009800
    5     2    -2    -2     1    -0.004020
    5     2     2     2     1    -0.004020
    5     2     0    -2     1    -0.004021
    5     2     0     2     1    -0.004021
    5     2    -2     0     1     0.009161
    5     2     2     0     1     0.009161
    5     2     0     0    -1    -0.010401
    5     2    -1    -1     2     0.002233
    5     2     1     1     2     0.002233
    5     2     0    -1     2     0.002232
    5     2     0     1     2     0.002232
    5     2    -1     0     2     0.014952
    5     2     1     0     2     0.014952
    5     2     2     2     0     0.001893
    5     2    -2    -2     0     0.001893
    5     2     0    -2     0     0.001892
    5     2     0     2     0     0.001892
    5     2    -2     0     0    -0.000565
    5     2     2     0     0    -0.000565
    5     3     0    -1    -1    -0.000720
    5     3     1     0    -1    -0.000720
    5     1     0    -1    -1    -0.000722
    5     1     0     0    -1    -0.000722
    5     5    -1    -2    -1     0.001404
    5     5    -1    -2     1     0.001404
    5     5     1     2    -1     0.001404
    5     5     1     2     1     0.001404
    5     5    -2    -1    -1     0.001037
    5     5    -2    -1     1     0.001037
    5     5     2     1    -1     0.001037
    5     5     2     1     1     0.001037
    5     5    -1     1    -1     0.001037
    5     5     1    -1    -1     0.001037
    5     5    -1     1     1     0.001037
    5     5     1    -1     1     0.001037
    5     6     2     2     0    -0.005088
    5     6    -1    -3     0    -0.005088
    5     4     1     2     0    -0.005088
    5     4    -1    -3     0    -0.005088
    5     6     3     1     0    -0.005173
    5     6    -2    -2     0    -0.005173
    5     4    -1     1     0    -0.005173
    5     4     1    -2     0    -0.005173
    5     4    -2    -2     1     0.000050
    5     4     2     1     1     0.000050
    5     4     2     1    -1     0.001018
    5     4    -2    -2    -1     0.001018
    5     6     0     1    -1     0.001018
    5     6     1    -2    -1     0.001018
    5     6     0     1     1     0.000050
    5     6     1    -2     1     0.000050
    5     4    -2    -1     1     0.000932
    5     4     2     0     1     0.000932
    5     4    -2    -1    -1     0.000025
    5     4     2     0    -1     0.000025
    5     6    -1     0    -1     0.000025
    5     6     2    -1    -1     0.000025
    5     6    -1     0     1     0.000933
    5     6     2    -1     1     0.000933
    5     3     2     2     1     0.000055
    5     3    -1    -3     1     0.000055
    5     1     1     2     1     0.000055
    5     1    -1    -3     1     0.000055
    5     3    -2    -2     1     0.000152
    5     3     3     1     1     0.000152
    5     1    -1     1     1     0.000151
    5     1     1    -2     1     0.000151
    5     1    -1    -1    -1    -0.003717
    5     1     1     0    -1    -0.003717
    5     3     1    -1    -1    -0.003717
    5     3     0     0    -1    -0.003717
    5     1    -1    -2     2     0.000147
    5     1     1     1     2     0.000147
    5     3     0    -2     2     0.000147
    5     3     1     1     2     0.000147
    5     3    -1    -1     2     0.000105
    5     3     2     0     2     0.000105
    5     1    -1     0     2     0.000105
    5     1     1    -1     2     0.000105
    5     4     2     2     0    -0.000503
    5     4    -2    -3     0    -0.000503
    5     6     1     2     0    -0.000502
    5     6     0    -3     0    -0.000502
    5     6    -2    -1     0    -0.000385
    5     6     3     0     0    -0.000385
    5     4     2    -1     0    -0.000386
    5     4    -2     0     0    -0.000386
    5     3     2     2     0    -0.001695
    5     3    -1    -3     0    -0.001695
    5     1     1     2     0    -0.001695
    5     1    -1    -3     0    -0.001695
    5     3     3     1     0    -0.001696
    5     3    -2    -2     0    -0.001696
    5     1    -1     1     0    -0.001696
    5     1     1    -2     0    -0.001696
    5     2    -1    -1    -1     0.003808
    5     2     1     1    -1     0.003808
    5     2     0    -1    -1     0.003808
    5     2     0     1    -1     0.003808
    5     2     1     0    -1     0.015922
    5     2    -1     0    -1     0.015922
    5     1     2     2     1     0.001908
    5     1    -2    -3     1     0.001908
    5     3     1     2     1     0.001909
    5     3     0    -3     1     0.001909
    5     3    -2    -1     1     0.002130
    5     3     3     0     1     0.002130
    5     1     2    -1     1     0.002130
    5     1    -2     0     1     0.002130
    5     3    -1    -2     2     0.000657
    5     3     2     1     2     0.000657
    5     1     0    -2     2     0.000657
    5     1     0     1     2     0.000657
    5     5    -2    -2    -1    -0.000247
    5     5    -2    -2     1    -0.000247
    5     5     2     2    -1    -0.000247
    5     5     2     2     1    -0.000247
    5     5     0    -2    -1    -0.000247
    5     5     0    -2     1    -0.000247
    5     5     0     2    -1    -0.000247
    5     5     0     2     1    -0.000247
    5     5    -2     0    -1    -0.001479
    5     5     2     0    -1    -0.001479
    5     5    -2     0     1    -0.001479
    5     5     2     0     1    -0.001479
    5     1    -2    -3     0    -0.000048
    5     1     2     2     0    -0.000048
    5     3     1     2     0    -0.000048
    5     3     0    -3     0    -0.000048
    5     3    -2    -1     0     0.000028
    5     3     3     0     0     0.000028
    5     1     2    -1     0     0.000028
    5     1    -2     0     0     0.000028
    5     1    -1    -2    -1     0.000344
    5     1     1     1    -1     0.000344
    5     3     0    -2    -1     0.000344
    5     3     1     1    -1     0.000344
    5     3    -1    -1    -1     0.000278
    5     3     2     0    -1     0.000278
    5     1     1    -1    -1     0.000278
    5     1    -1     0    -1     0.000278
    5     6     3     2     0     0.007352
    5     6    -2    -3     0     0.007352
    5     4     0    -3     0     0.007350
    5     4     0     2     0     0.007350
    5     2    -1    -2     2     0.002236
    5     2     1     2     2     0.002236
    5     2    -2    -1     2     0.000303
    5     2     2     1     2     0.000303
    5     2    -1     1     2     0.000303
    5     2     1    -1     2     0.000303
    5     6     2     2    -1     0.000159
    5     6    -1    -3    -1     0.000159
    5     6    -1    -3     1     0.001020
    5     6     2     2     1     0.001020
    5     4     1     2     1     0.001020
    5     4    -1    -3     1     0.001020
    5     4    -1    -3    -1     0.000159
    5     4     1     2    -1     0.000159
    5     6    -2    -2    -1     0.001064
    5     6     3     1    -1     0.001064
    5     6     3     1     1     0.000102
    5     6    -2    -2     1     0.000102
    5     4    -1     1     1     0.000103
    5     4     1    -2     1     0.000103
    5     4    -1     1    -1     0.001064
    5     4     1    -2    -1     0.001064
    5     3     3     2     1     0.001636
    5     3    -2    -3     1     0.001636
    5     1     0     2     1     0.001636
    5     1     0    -3     1     0.001636
    5     3    -1    -2    -1     0.002605
    5     3     2     1    -1     0.002605
    5     1     0    -2    -1     0.002605
    5     1     0     1    -1     0.002605
    5     1     2     1     2     0.000280
    5     1    -2    -2     2     0.000280
    5     3     0     1     2     0.000280
    5     3     1    -2     2     0.000280
    5     1    -2    -1     2     0.000275
    5     1     2     0     2     0.000275
    5     3    -1     0     2     0.000275
    5     3     2    -1     2     0.000275
    5     4     3     1     0    -0.000416
    5     4    -3    -2     0    -0.000416
    5     6    -1     1     0    -0.000416
    5     6     2    -2     0    -0.000416
    5     3     3     2     0     0.000947
    5     3    -2    -3     0     0.000947
    5     1     0     2     0     0.000947
    5     1     0    -3     0     0.000947
    5     5     0     0    -2    -0.007224
    5     5     0     0     2    -0.007224
    5     4    -2    -3     1    -0.000726
    5     4     2     2     1    -0.000726
    5     4     2     2    -1     0.001510
    5     4    -2    -3    -1     0.001510
    5     6     1     2    -1     0.001510
    5     6     0    -3    -1     0.001510
    5     6     1     2     1    -0.000726
    5     6     0    -3     1    -0.000726
    5     6    -2    -1    -1    -0.000667
    5     6     3     0    -1    -0.000667
    5     6    -2    -1     1     0.001589
    5     6     3     0     1     0.001589
    5     4     2    -1     1     0.001589
    5     4    -2     0     1     0.001589
    5     4     2    -1    -1    -0.000666
    5     4    -2     0    -1    -0.000666
    5     5    -2    -3     0     0.000166
    5     5     2     3     0     0.000166
    5     5    -1    -3     0     0.000166
    5     5     1     3     0     0.000166
    5     5    -3    -2     0    -0.001136
    5     5     3     2     0    -0.001136
    5     5    -3    -1     0    -0.003579
    5     5     3     1     0    -0.003579
    5     5    -1     2     0    -0.001136
    5     5     1    -2     0    -0.001136
    5     5    -2     1     0    -0.003579
    5     5     2    -1     0    -0.003579
    5     1     3     1     1     0.001701
    5     1    -3    -2     1     0.001701
    5     3    -1     1     1     0.001701
    5     3     2    -2     1     0.001701
    5     6     0    -1    -2     0.000372
    5     6     1     0    -2     0.000372
    5     6     0    -1     2     0.000369
    5     6     1     0     2     0.000369
    5     4     0    -1     2     0.000368
    5     4     0     0     2     0.000368
    5     4     0    -1    -2     0.000372
    5     4     0     0    -2     0.000372
    5     2    -2    -3     1     0.001882
    5     2     2     3     1     0.001882
    5     2    -1    -3     1     0.001882
    5     2     1     3     1     0.001882
    5     2    -3    -2     1    -0.000748
    5     2     3     2     1    -0.000748
    5     2    -3    -1     1    -0.000914
    5     2     3     1     1    -0.000914
    5     2    -1     2     1    -0.000748
    5     2     1    -2     1    -0.000748
    5     2    -2     1     1    -0.000914
    5     2     2    -1     1    -0.000914
    5     1     3     1     0     0.000602
    5     1    -3    -2     0     0.000602
    5     3    -1     1     0     0.000602
    5     3     2    -2     0     0.000602
    5     2    -1    -2    -1     0.001857
    5     2     1     2    -1     0.001857
    5     2    -2    -1    -1     0.000200
    5     2     2     1    -1     0.000200
    5     2    -1     1    -1     0.000200
    5     2     1    -1    -1     0.000200
    5     2    -2    -2     2    -0.001219
    5     2     2     2     2    -0.001219
    5     2     0    -2     2    -0.001219
    5     2     0     2     2    -0.001219
    5     2    -2     0     2    -0.000427
    5     2     2     0     2    -0.000427
    5     2    -2    -3     0     0.000247
    5     2     2     3     0     0.000247
    5     2    -1    -3     0     0.000247
    5     2     1     3     0     0.000247
    5     2    -3    -2     0    -0.001696
    5     2     3     2     0    -0.001696
    5     2    -3    -1     0     0.001044
    5     2     3     1     0     0.001044
    5     2    -1     2     0    -0.001696
    5     2     1    -2     0    -0.001696
    5     2    -2     1     0     0.001044
    5     2     2    -1     0     0.001044
    5     1    -2    -2    -1    -0.001272
    5     1     2     1    -1    -0.001272
    5     3     0     1    -1    -0.001272
    5     3     1    -2    -1    -0.001272
    5     1    -2    -1    -1    -0.001240
    5     1     2     0    -1    -0.001240
    5     3    -1     0    -1    -0.001240
    5     3     2    -1    -1    -0.001240
    5     4    -1    -1     2    -0.001227
    5     4     1     0     2    -0.001227
    5     4    -1    -1    -2    -0.001258
    5     4     1     0    -2    -0.001258
    5     6     0     0    -2    -0.001258
    5     6     1    -1    -2    -0.001258
    5     6     0     0     2    -0.001227
    5     6     1    -1     2    -0.001227
    5     4     3     2     0    -0.000191
    5     4    -3    -3     0    -0.000191
    5     6     0     2     0    -0.000191
    5     6     1    -3     0    -0.000191
    5     4     3     0     0    -0.000262
    5     4    -3    -1     0    -0.000262
    5     6     3    -1     0    -0.000262
    5     6    -2     0     0    -0.000262
    5     5    -1    -1    -2    -0.000540
    5     5    -1    -1     2    -0.000540
    5     5     1     1    -2    -0.000540
    5     5     1     1     2    -0.000540
    5     5     0    -1    -2    -0.000540
    5     5     0    -1     2    -0.000540
    5     5     0     1    -2    -0.000540
    5     5     0     1     2    -0.000540
    5     5    -1     0    -2     0.005533
    5     5    -1     0     2     0.005533
    5     5     1     0    -2     0.005533
    5     5     1     0     2     0.005533
    5     6     3     2    -1    -0.001302
    5     6    -2    -3    -1    -0.001302
    5     6     3     2     1    -0.001264
    5     6    -2    -3     1    -0.001264
    5     4     0     2     1    -0.001264
    5     4     0    -3     1    -0.001264
    5     4     0    -3    -1    -0.001302
    5     4     0     2    -1    -0.001302
    5     1     3     2     1     0.001892
    5     1    -3    -3     1     0.001892
    5     3     0     2     1     0.001892
    5     3     1    -3     1     0.001892
    5     1     3     0     1     0.001971
    5     1    -3    -1     1     0.001971
    5     3     3    -1     1     0.001971
    5     3    -2     0     1     0.001971
    5     3     2     2     2    -0.001224
    5     3    -1    -3     2    -0.001224
    5     1    -1    -3     2    -0.001225
    5     1     1     2     2    -0.001225
    5     3     3     1     2    -0.001264
    5     3    -2    -2     2    -0.001264
    5     1    -1     1     2    -0.001265
    5     1     1    -2     2    -0.001265
    5     1     3     2     0     0.000227
    5     1    -3    -3     0     0.000227
    5     3     0     2     0     0.000227
    5     3     1    -3     0     0.000227
    5     1     3     0     0     0.000255
    5     1    -3    -1     0     0.000255
    5     3     3    -1     0     0.000255
    5     3    -2     0     0     0.000255
    5     2     2     2    -1     0.000718
    5     2    -2    -2    -1     0.000718
    5     2     0    -2    -1     0.000718
    5     2     0     2    -1     0.000718
    5     2    -2     0    -1     0.001316
    5     2     2     0    -1     0.001316
    5     4     3     1     1    -0.000658
    5     4    -3    -2     1    -0.000658
    5     4     3     1    -1    -0.000721
    5     4    -3    -2    -1    -0.000721
    5     6    -1     1    -1    -0.000720
    5     6     2    -2    -1    -0.000720
    5     6    -1     1     1    -0.000658
    5     6     2    -2     1    -0.000658
    5     1     2     2     2     0.000084
    5     1    -2    -3     2     0.000084
    5     3     1     2     2     0.000085
    5     3     0    -3     2     0.000085
    5     3    -2    -1     2     0.000128
    5     3     3     0     2     0.000128
    5     1     2    -1     2     0.000128
    5     1    -2     0     2     0.000128
    5     4    -1    -2     2    -0.000473
    5     4     1     1     2    -0.000473
    5     4    -1    -2    -2    -0.001458
    5     4     1     1    -2    -0.001458
    5     6     0    -2    -2    -0.001458
    5     6     1     1    -2    -0.001458
    5     6     0    -2     2    -0.000473
    5     6     1     1     2    -0.000473
    5     6    -1    -1    -2    -0.000513
    5     6     2     0    -2    -0.000513
    5     6    -1    -1     2    -0.001470
    5     6     2     0     2    -0.001470
    5     4     1    -1     2    -0.001470
    5     4    -1     0     2    -0.001470
    5     4     1    -1    -2    -0.000512
    5     4    -1     0    -2    -0.000512
    5     5    -2    -3    -1     0.000434
    5     5     2     3    -1     0.000434
    5     5    -2    -3     1     0.000434
    5     5     2     3     1     0.000434
    5     5    -1    -3    -1     0.000434
    5     5     1     3    -1     0.000434
    5     5    -1    -3     1     0.000434
    5     5     1     3     1     0.000434
    5     5    -3    -2    -1     0.000328
    5     5    -3    -2     1     0.000328
    5     5     3     2    -1     0.000328
    5     5     3     2     1     0.000328
    5     5    -3    -1    -1     0.000220
    5     5     3     1    -1     0.000220
    5     5    -3    -1     1     0.000220
    5     5     3     1     1     0.000220
    5     5    -1     2    -1     0.000328
    5     5     1    -2    -1     0.000328
    5     5    -1     2     1     0.000328
    5     5     1    -2     1     0.000328
    5     5    -2     1    -1     0.000219
    5     5    -2     1     1     0.000219
    5     5     2    -1    -1     0.000219
    5     5     2    -1     1     0.000219
    5     5    -3    -3     0     0.000835
    5     5     3     3     0     0.000835
    5     5     0    -3     0     0.000835
    5     5     0     3     0     0.000835
    5     5    -3     0     0     0.001812
    5     5     3     0     0     0.001812
    6     5    -1     0     0     1.261708
    6     5     0     1     0     1.261708
    6     4    -1     0     0     1.258919
    6     4     0     0     0     1.258919
    6     3     0     0     1     1.227560
    6     2    -1     0     1    -0.011818
    6     2     0     1     1    -0.011818
    6     1    -1     0     1    -0.010543
    6     1     0     0     1    -0.010543
    6     3     0     0     0     0.438374
    6     4    -1    -1     0     0.105219
    6     4     0     1     0     0.105219
    6     5    -1     1     0     0.105541
    6     5     0     0     0     0.105541
    6     2    -1     0     0    -0.071411
    6     2     0     1     0    -0.071411
    6     1    -1     0     0    -0.071643
    6     1     0     0     0    -0.071643
    6     6    -1    -1     0    -0.019834
    6     6     1     1     0    -0.019834
    6     6     0    -1     0    -0.027353
    6     6     0     1     0    -0.027353
    6     6    -1     0     0    -0.021466
    6     6     1     0     0    -0.021466
    6     1    -1    -1     1     0.031948
    6     1     0     1     1     0.031948
    6     2    -1     1     1     0.031811
    6     2     0     0     1     0.031811
    6     3    -1    -1     1    -0.044580
    6     3     1     1     1    -0.044580
    6     3     0    -1     1     0.005868
    6     3     0     1     1     0.005868
    6     3    -1     0     1    -0.045393
    6     3     1     0     1    -0.045393
    6     1    -1    -1     0     0.025422
    6     1     0     1     0     0.025422
    6     2    -1     1     0     0.025683
    6     2     0     0     0     0.025683
    6     3    -1    -1     0    -0.015095
    6     3     1     1     0    -0.015095
    6     3     0    -1     0    -0.063477
    6     3     0     1     0    -0.063477
    6     3    -1     0     0    -0.015350
    6     3     1     0     0    -0.015350
    6     6     0     0     1     0.095987
    6     6     0     0    -1     0.095987
    6     5    -1    -1     0     0.019294
    6     5     0     2     0     0.019294
    6     4    -2    -1     0     0.019264
    6     4     1     1     0     0.019264
    6     5    -2     0     0     0.018759
    6     5     1     1     0     0.018759
    6     4    -1     1     0     0.019259
    6     4     0    -1     0     0.019260
    6     5    -1     0     1    -0.023409
    6     5     0     1     1    -0.023409
    6     5    -1     0    -1    -0.023221
    6     5     0     1    -1    -0.023221
    6     4    -1     0     1    -0.023084
    6     4     0     0     1    -0.023084
    6     4    -1     0    -1    -0.023087
    6     4     0     0    -1    -0.023087
    6     2    -1    -1     1     0.012612
    6     2     0     2     1     0.012612
    6     1    -2    -1     1     0.012802
    6     1     1     1     1     0.012802
    6     2    -2     0     1     0.012431
    6     2     1     1     1     0.012431
    6     1    -1     1     1     0.012802
    6     1     0    -1     1     0.012802
    6     5    -2    -1     0    -0.004120
    6     5     1     2     0    -0.004120
    6     4    -2     0     0    -0.003947
    6     4     1     0     0    -0.003947
    6     2    -1    -1     0     0.004976
    6     2     0     2     0     0.004976
    6     1    -2    -1     0     0.004924
    6     1     1     1     0     0.004924
    6     2    -2     0     0     0.005046
    6     2     1     1     0     0.005046
    6     1    -1     1     0     0.004924
    6     1     0    -1     0     0.004924
    6     4    -1    -1     1    -0.016705
    6     4     0     1     1    -0.016705
    6     4    -1    -1    -1    -0.016704
    6     4     0     1    -1    -0.016704
    6     5    -1     1     1    -0.016529
    6     5     0     0     1    -0.016529
    6     5    -1     1    -1    -0.016866
    6     5     0     0    -1    -0.016866
    6     2    -2    -1     1    -0.012300
    6     2     1     2     1    -0.012300
    6     1    -2     0     1    -0.012067
    6     1     1     0     1    -0.012067
    6     6    -1    -1    -1     0.014087
    6     6    -1    -1     1     0.014087
    6     6     1     1     1     0.014087
    6     6     1     1    -1     0.014087
    6     6     0    -1     1     0.013458
    6     6     0     1     1     0.013458
    6     6     0    -1    -1     0.013458
    6     6     0     1    -1     0.013458
    6     6    -1     0     1     0.014099
    6     6     1     0     1     0.014099
    6     6    -1     0    -1     0.014099
    6     6     1     0    -1     0.014099
    6     2    -2    -1     0    -0.013573
    6     2     1     2     0    -0.013573
    6     1    -2     0     0    -0.013509
    6     1     1     0     0    -0.013509
    6     6    -1    -2     0     0.011631
    6     6     1     2     0     0.011631
    6     6    -2    -1     0    -0.009778
    6     6     2     1     0    -0.009778
    6     6    -1     1     0     0.011556
    6     6     1    -1     0     0.011556
    6     4    -2    -2     0     0.005407
    6     4     1     2     0     0.005407
    6     4    -1    -2     0     0.005407
    6     4     0     2     0     0.005407
    6     5    -1     2     0     0.005480
    6     5     0    -1     0     0.005480
    6     5     1     0     0     0.005432
    6     5    -2     1     0     0.005432
    6     3    -1    -2     1     0.009772
    6     3     1     2     1     0.009772
    6     3    -2    -1     1     0.003672
    6     3     2     1     1     0.003672
    6     3    -1     1     1     0.009496
    6     3     1    -1     1     0.009496
    6     3     0     0     2     0.026766
    6     5    -1    -1     1     0.000046
    6     5     0     2     1     0.000046
    6     5    -1    -1    -1     0.000108
    6     5     0     2    -1     0.000108
    6     4    -2    -1     1     0.000011
    6     4     1     1     1     0.000011
    6     4    -2    -1    -1     0.000148
    6     4     1     1    -1     0.000148
    6     5    -2     0     1     0.000192
    6     5     1     1     1     0.000192
    6     5    -2     0    -1    -0.000012
    6     5     1     1    -1    -0.000012
    6     4    -1     1     1     0.000148
    6     4     0    -1     1     0.000148
    6     4    -1     1    -1     0.000011
    6     4     0    -1    -1     0.000011
    6     1    -2    -2     1    -0.007395
    6     1     1     2     1    -0.007395
    6     1    -1    -2     1    -0.007395
    6     1     0     2     1    -0.007395
    6     2    -1     2     1    -0.007383
    6     2     0    -1     1    -0.007383
    6     2     1     0     1    -0.007480
    6     2    -2     1     1    -0.007480
    6     3    -1    -2     0     0.002572
    6     3     1     2     0     0.002572
    6     3    -2    -1     0     0.001228
    6     3     2     1     0     0.001228
    6     3    -1     1     0     0.002539
    6     3     1    -1     0     0.002539
    6     2    -1     0     2     0.004616
    6     2     0     1     2     0.004616
    6     1    -1     0     2     0.004734
    6     1     0     0     2     0.004734
    6     1    -2    -2     0     0.000358
    6     1     1     2     0     0.000358
    6     1    -1    -2     0     0.000358
    6     1     0     2     0     0.000358
    6     2    -1     2     0     0.000309
    6     2     0    -1     0     0.000309
    6     2     1     0     0     0.000272
    6     2    -2     1     0     0.000272
    6     5    -2    -1     1     0.000219
    6     5     1     2     1     0.000219
    6     5    -2    -1    -1     0.000287
    6     5     1     2    -1     0.000287
    6     4    -2     0     1     0.000344
    6     4     1     0     1     0.000344
    6     4    -2     0    -1     0.000344
    6     4     1     0    -1     0.000344
    6     6    -2    -2     0    -0.004778
    6     6     2     2     0    -0.004778
    6     6     0    -2     0    -0.015075
    6     6     0     2     0    -0.015075
    6     6    -2     0     0    -0.004213
    6     6     2     0     0    -0.004213
    6     1    -1    -1     2    -0.009665
    6     1     0     1     2    -0.009665
    6     2    -1     1     2    -0.009800
    6     2     0     0     2    -0.009800
    6     3    -2    -2     1    -0.003888
    6     3     2     2     1    -0.003888
    6     3     0    -2     1     0.009926
    6     3     0     2     1     0.009926
    6     3    -2     0     1    -0.003728
    6     3     2     0     1    -0.003728
    6     3     0     0    -1    -0.010445
    6     3    -1    -1     2     0.002286
    6     3     1     1     2     0.002286
    6     3     0    -1     2     0.014754
    6     3     0     1     2     0.014754
    6     3    -1     0     2     0.002110
    6     3     1     0     2     0.002110
    6     3    -2    -2     0     0.001939
    6     3     2     2     0     0.001939
    6     3     0    -2     0    -0.000407
    6     3     0     2     0    -0.000407
    6     3    -2     0     0     0.001780
    6     3     2     0     0     0.001780
    6     2    -1     0    -1    -0.000720
    6     2     0     1    -1    -0.000720
    6     1    -1     0    -1    -0.000645
    6     1     0     0    -1    -0.000645
    6     6    -1    -2    -1     0.000923
    6     6    -1    -2     1     0.000923
    6     6     1     2    -1     0.000923
    6     6     1     2     1     0.000923
    6     6    -2    -1    -1     0.001411
    6     6    -2    -1     1     0.001411
    6     6     2     1     1     0.001411
    6     6     2     1    -1     0.001411
    6     6    -1     1    -1     0.000912
    6     6    -1     1     1     0.000912
    6     6     1    -1    -1     0.000912
    6     6     1    -1     1     0.000912
    6     5    -2    -2     0    -0.005088
    6     5     1     3     0    -0.005088
    6     5    -3    -1     0    -0.005173
    6     5     2     2     0    -0.005173
    6     4     2     1     0    -0.005035
    6     4    -3    -1     0    -0.005035
    6     4     1    -1     0    -0.005035
    6     4    -2     1     0    -0.005035
    6     4    -2    -2     1     0.000015
    6     4     1     2     1     0.000015
    6     4    -2    -2    -1     0.000986
    6     4     1     2    -1     0.000986
    6     4    -1    -2     1     0.000986
    6     4     0     2     1     0.000986
    6     4    -1    -2    -1     0.000015
    6     4     0     2    -1     0.000015
    6     5    -1     2     1     0.001018
    6     5     0    -1     1     0.001018
    6     5    -1     2    -1     0.000050
    6     5     0    -1    -1     0.000050
    6     5     1     0     1     0.000025
    6     5    -2     1     1     0.000025
    6     5     1     0    -1     0.000933
    6     5    -2     1    -1     0.000933
    6     2    -2    -2     1     0.000055
    6     2     1     3     1     0.000055
    6     2    -3    -1     1     0.000152
    6     2     2     2     1     0.000152
    6     1    -3    -1     1     0.000313
    6     1     2     1     1     0.000313
    6     1     1    -1     1     0.000313
    6     1    -2     1     1     0.000313
    6     1    -1    -1    -1    -0.003653
    6     1     0     1    -1    -0.003653
    6     2    -1     1    -1    -0.003717
    6     2     0     0    -1    -0.003717
    6     2    -1    -1     2     0.000147
    6     2     0     2     2     0.000147
    6     1    -2    -1     2     0.000092
    6     1     1     1     2     0.000092
    6     2    -2     0     2     0.000105
    6     2     1     1     2     0.000105
    6     1    -1     1     2     0.000092
    6     1     0    -1     2     0.000092
    6     4    -3    -2     0    -0.000447
    6     4     2     2     0    -0.000447
    6     5    -1    -2     0    -0.000502
    6     5     0     3     0    -0.000502
    6     4    -1     2     0    -0.000447
    6     4     0    -2     0    -0.000447
    6     5    -3     0     0    -0.000385
    6     5     2     1     0    -0.000385
    6     2    -2    -2     0    -0.001695
    6     2     1     3     0    -0.001695
    6     2    -3    -1     0    -0.001696
    6     2     2     2     0    -0.001696
    6     1    -3    -1     0    -0.001725
    6     1     2     1     0    -0.001725
    6     1     1    -1     0    -0.001725
    6     1    -2     1     0    -0.001725
    6     3    -1    -1    -1     0.003622
    6     3     1     1    -1     0.003622
    6     3     0    -1    -1     0.015689
    6     3     0     1    -1     0.015689
    6     3    -1     0    -1     0.003867
    6     3     1     0    -1     0.003867
    6     1    -3    -2     1     0.001955
    6     1     2     2     1     0.001955
    6     2    -1    -2     1     0.001909
    6     2     0     3     1     0.001909
    6     1    -1     2     1     0.001955
    6     1     0    -2     1     0.001955
    6     2    -3     0     1     0.002130
    6     2     2     1     1     0.002130
    6     2    -2    -1     2     0.000657
    6     2     1     2     2     0.000657
    6     1    -2     0     2     0.000756
    6     1     1     0     2     0.000756
    6     6    -2    -2     1    -0.000219
    6     6     2     2     1    -0.000219
    6     6    -2    -2    -1    -0.000219
    6     6     2     2    -1    -0.000219
    6     6     0    -2     1    -0.001581
    6     6     0     2     1    -0.001581
    6     6     0    -2    -1    -0.001581
    6     6     0     2    -1    -0.001581
    6     6    -2     0    -1    -0.000251
    6     6    -2     0     1    -0.000251
    6     6     2     0    -1    -0.000251
    6     6     2     0     1    -0.000251
    6     1    -3    -2     0    -0.000063
    6     1     2     2     0    -0.000063
    6     2    -1    -2     0    -0.000048
    6     2     0     3     0    -0.000048
    6     1    -1     2     0    -0.000062
    6     1     0    -2     0    -0.000062
    6     2    -3     0     0     0.000028
    6     2     2     1     0     0.000028
    6     2    -1    -1    -1     0.000344
    6     2     0     2    -1     0.000344
    6     1    -2    -1    -1     0.000306
    6     1     1     1    -1     0.000306
    6     2    -2     0    -1     0.000278
    6     2     1     1    -1     0.000278
    6     1    -1     1    -1     0.000306
    6     1     0    -1    -1     0.000306
    6     5    -3    -2     0     0.007352
    6     5     2     3     0     0.007352
    6     4     2     0     0     0.007260
    6     4    -3     0     0     0.007260
    6     3    -1    -2     2     0.000277
    6     3     1     2     2     0.000277
    6     3    -2    -1     2     0.002258
    6     3     2     1     2     0.002258
    6     3    -1     1     2     0.000265
    6     3     1    -1     2     0.000265
    6     5    -2    -2     1     0.000159
    6     5     1     3     1     0.000159
    6     5    -2    -2    -1     0.001020
    6     5     1     3    -1     0.001020
    6     5    -3    -1     1     0.001064
    6     5     2     2     1     0.001064
    6     5    -3    -1    -1     0.000102
    6     5     2     2    -1     0.000102
    6     4     2     1     1     0.001161
    6     4    -3    -1     1     0.001161
    6     4    -3    -1    -1     0.000216
    6     4     2     1    -1     0.000216
    6     4     1    -1     1     0.000216
    6     4    -2     1     1     0.000216
    6     4     1    -1    -1     0.001161
    6     4    -2     1    -1     0.001161
    6     2    -3    -2     1     0.001636
    6     2     2     3     1     0.001636
    6     1     2     0     1     0.001563
    6     1    -3     0     1     0.001563
    6     2    -2    -1    -1     0.002605
    6     2     1     2    -1     0.002605
    6     1    -2     0    -1     0.002460
    6     1     1     0    -1     0.002460
    6     1    -2    -2     2     0.000283
    6     1     1     2     2     0.000283
    6     1    -1    -2     2     0.000283
    6     1     0     2     2     0.000283
    6     2    -1     2     2     0.000280
    6     2     0    -1     2     0.000280
    6     2     1     0     2     0.000275
    6     2    -2     1     2     0.000275
    6     4    -2    -3     0    -0.000475
    6     4     1     3     0    -0.000475
    6     5    -2     2     0    -0.000416
    6     5     1    -1     0    -0.000416
    6     2    -3    -2     0     0.000947
    6     2     2     3     0     0.000947
    6     1     2     0     0     0.000936
    6     1    -3     0     0     0.000936
    6     6     0     0    -2    -0.007079
    6     6     0     0     2    -0.007079
    6     4    -3    -2     1    -0.000689
    6     4     2     2     1    -0.000689
    6     4    -3    -2    -1     0.001541
    6     4     2     2    -1     0.001541
    6     5    -1    -2     1     0.001510
    6     5     0     3     1     0.001510
    6     5    -1    -2    -1    -0.000726
    6     5     0     3    -1    -0.000726
    6     4    -1     2     1     0.001541
    6     4     0    -2     1     0.001541
    6     4    -1     2    -1    -0.000689
    6     4     0    -2    -1    -0.000689
    6     5    -3     0     1    -0.000667
    6     5     2     1     1    -0.000667
    6     5    -3     0    -1     0.001589
    6     5     2     1    -1     0.001589
    6     6    -2    -3     0    -0.001061
    6     6     2     3     0    -0.001061
    6     6    -1    -3     0    -0.003621
    6     6     1     3     0    -0.003621
    6     6    -3    -2     0     0.000282
    6     6     3     2     0     0.000282
    6     6    -3    -1     0     0.000400
    6     6     3     1     0     0.000400
    6     6    -1     2     0    -0.003778
    6     6     1    -2     0    -0.003778
    6     6    -2     1     0    -0.000974
    6     6     2    -1     0    -0.000974
    6     1    -2    -3     1     0.001570
    6     1     1     3     1     0.001570
    6     2    -2     2     1     0.001701
    6     2     1    -1     1     0.001701
    6     5    -1     0     2     0.000372
    6     5     0     1     2     0.000372
    6     5    -1     0    -2     0.000369
    6     5     0     1    -2     0.000369
    6     4    -1     0     2     0.000516
    6     4     0     0     2     0.000516
    6     4    -1     0    -2     0.000516
    6     4     0     0    -2     0.000516
    6     3    -2    -3     1    -0.000588
    6     3     2     3     1    -0.000588
    6     3    -1    -3     1    -0.001113
    6     3     1     3     1    -0.001113
    6     3    -3    -2     1     0.001954
    6     3     3     2     1     0.001954
    6     3    -3    -1     1     0.002164
    6     3     3     1     1     0.002164
    6     3    -1     2     1    -0.001209
    6     3     1    -2     1    -0.001209
    6     3    -2     1     1    -0.000460
    6     3     2    -1     1    -0.000460
    6     1    -2    -3     0     0.000580
    6     1     1     3     0     0.000580
    6     2    -2     2     0     0.000602
    6     2     1    -1     0     0.000602
    6     3    -1    -2    -1     0.000250
    6     3     1     2    -1     0.000250
    6     3    -2    -1    -1     0.001778
    6     3     2     1    -1     0.001778
    6     3    -1     1    -1     0.000342
    6     3     1    -1    -1     0.000342
    6     3    -2    -2     2    -0.001264
    6     3     2     2     2    -0.001264
    6     3     0    -2     2    -0.000266
    6     3     0     2     2    -0.000266
    6     3    -2     0     2    -0.001128
    6     3     2     0     2    -0.001128
    6     3    -2    -3     0    -0.001560
    6     3     2     3     0    -0.001560
    6     3    -1    -3     0     0.001105
    6     3     1     3     0     0.001105
    6     3    -3    -2     0     0.000262
    6     3     3     2     0     0.000262
    6     3    -3    -1     0     0.000377
    6     3     3     1     0     0.000377
    6     3    -1     2     0     0.001139
    6     3     1    -2     0     0.001139
    6     3    -2     1     0    -0.001493
    6     3     2    -1     0    -0.001493
    6     1    -2    -2    -1    -0.001247
    6     1     1     2    -1    -0.001247
    6     1    -1    -2    -1    -0.001247
    6     1     0     2    -1    -0.001247
    6     2    -1     2    -1    -0.001272
    6     2     0    -1    -1    -0.001272
    6     2    -2     1    -1    -0.001240
    6     2     1     0    -1    -0.001240
    6     4    -1    -1     2    -0.001185
    6     4     0     1     2    -0.001185
    6     4    -1    -1    -2    -0.001185
    6     4     0     1    -2    -0.001185
    6     5    -1     1     2    -0.001258
    6     5     0     0     2    -0.001258
    6     5    -1     1    -2    -0.001227
    6     5     0     0    -2    -0.001227
    6     4    -3    -3     0    -0.000295
    6     4     2     3     0    -0.000295
    6     4     0     3     0    -0.000295
    6     4    -1    -3     0    -0.000295
    6     5     0    -2     0    -0.000191
    6     5    -1     3     0    -0.000191
    6     5    -3     1     0    -0.000262
    6     5     2     0     0    -0.000262
    6     6    -1    -1    -2    -0.000524
    6     6    -1    -1     2    -0.000524
    6     6     1     1    -2    -0.000524
    6     6     1     1     2    -0.000524
    6     6     0    -1    -2     0.005564
    6     6     0    -1     2     0.005564
    6     6     0     1    -2     0.005564
    6     6     0     1     2     0.005564
    6     6    -1     0    -2    -0.000502
    6     6    -1     0     2    -0.000502
    6     6     1     0    -2    -0.000502
    6     6     1     0     2    -0.000502
    6     5    -3    -2     1    -0.001302
    6     5     2     3     1    -0.001302
    6     5    -3    -2    -1    -0.001264
    6     5     2     3    -1    -0.001264
    6     4     2     0     1    -0.001275
    6     4    -3     0     1    -0.001275
    6     4     2     0    -1    -0.001275
    6     4    -3     0    -1    -0.001275
    6     1    -3    -3     1     0.001903
    6     1     2     3     1     0.001903
    6     1     0     3     1     0.001903
    6     1    -1    -3     1     0.001903
    6     2     0    -2     1     0.001892
    6     2    -1     3     1     0.001892
    6     2    -3     1     1     0.001971
    6     2     2     0     1     0.001971
    6     2    -2    -2     2    -0.001224
    6     2     1     3     2    -0.001224
    6     2    -3    -1     2    -0.001264
    6     2     2     2     2    -0.001264
    6     1    -3    -1     2    -0.001239
    6     1     2     1     2    -0.001239
    6     1     1    -1     2    -0.001240
    6     1    -2     1     2    -0.001240
    6     1    -3    -3     0     0.000243
    6     1     2     3     0     0.000243
    6     1     0     3     0     0.000244
    6     1    -1    -3     0     0.000244
    6     2     0    -2     0     0.000227
    6     2    -1     3     0     0.000227
    6     2    -3     1     0     0.000255
    6     2     2     0     0     0.000255
    6     3    -2    -2    -1     0.000688
    6     3     2     2    -1     0.000688
    6     3     0    -2    -1     0.001195
    6     3     0     2    -1     0.001195
    6     3    -2     0    -1     0.000614
    6     3     2     0    -1     0.000614
    6     4    -2    -3     1    -0.000721
    6     4     1     3     1    -0.000721
    6     4    -2    -3    -1    -0.000721
    6     4     1     3    -1    -0.000721
    6     5    -2     2     1    -0.000720
    6     5     1    -1     1    -0.000720
    6     5    -2     2    -1    -0.000658
    6     5     1    -1    -1    -0.000658
    6     1    -3    -2     2     0.000096
    6     1     2     2     2     0.000096
    6     2    -1    -2     2     0.000085
    6     2     0     3     2     0.000085
    6     1    -1     2     2     0.000096
    6     1     0    -2     2     0.000096
    6     2    -3     0     2     0.000128
    6     2     2     1     2     0.000128
    6     5    -1    -1     2    -0.001458
    6     5     0     2     2    -0.001458
    6     5    -1    -1    -2    -0.000473
    6     5     0     2    -2    -0.000473
    6     4    -2    -1     2    -0.000451
    6     4     1     1     2    -0.000451
    6     4    -2    -1    -2    -0.001443
    6     4     1     1    -2    -0.001443
    6     5    -2     0     2    -0.000513
    6     5     1     1     2    -0.000513
    6     5    -2     0    -2    -0.001470
    6     5     1     1    -2    -0.001470
    6     4    -1     1     2    -0.001443
    6     4     0    -1     2    -0.001443
    6     4    -1     1    -2    -0.000451
    6     4     0    -1    -2    -0.000451
    6     6    -2    -3    -1     0.000335
    6     6    -2    -3     1     0.000335
    6     6     2     3    -1     0.000335
    6     6     2     3     1     0.000335
    6     6    -1    -3    -1     0.000020
    6     6    -1    -3     1     0.000020
    6     6     1     3    -1     0.000020
    6     6     1     3     1     0.000020
    6     6    -3    -2    -1     0.000447
    6     6    -3    -2     1     0.000447
    6     6     3     2    -1     0.000447
    6     6     3     2     1     0.000447
    6     6    -3    -1    -1     0.000432
    6     6    -3    -1     1     0.000432
    6     6     3     1    -1     0.000432
    6     6     3     1     1     0.000432
    6     6    -1     2    -1     0.000083
    6     6    -1     2     1     0.000083
    6     6     1    -2    -1     0.000083
    6     6     1    -2     1     0.000083
    6     6    -2     1    -1     0.000385
    6     6    -2     1     1     0.000385
    6     6     2    -1    -1     0.000385
    6     6     2    -1     1     0.000385
    6     6    -3    -3     0     0.000841
    6     6     3     3     0     0.000841
    6     6     0    -3     0     0.002273
    6     6     0     3     0     0.002273
    6     6    -3     0     0     0.001049
    6     6     3     0     0     0.001049
