   1    4    0    0    0    1.592359
   1    4    0    0    1    1.592359
   1    3    0    0    0    0.481603
   1    3    0    0    1    1.189256
   1    2    0   -1    0    1.178072
   1    2    0    0    0    1.178072
   1    3    0   -1    0    0.120679
   1    3    0   -1    1    0.236080
   1    1    0    0   -1    0.337158
   1    1    0    0    1    0.337158
   1    4    1    0    0    0.106713
   1    4    0    1    0    0.107642
   1    4    1    0    1    0.106713
   1    4    0    1    1    0.107642
   1    2    1   -1    0   -0.175664
   1    2    1    0    0   -0.175664
   1    2    0   -1   -1   -0.127900
   1    2    0    0   -1   -0.127900
   1    2    0   -1    1   -0.068734
   1    2    0    0    1   -0.068734
   1    1   -1    0    0   -0.011736
   1    1    0   -1    0   -0.012017
   1    1    0    1    0   -0.012017
   1    1    1    0    0   -0.011736
   1    3   -1    0    0    0.018347
   1    3    1    0    0    0.018347
   1    3   -1    0    1    0.001733
   1    3    1    0    1    0.001733
   1    4    1    1    0    0.018704
   1    4    1    1    1    0.018704
   1    4   -1    0    0   -0.045361
   1    4    0   -1    0   -0.045424
   1    4   -1    0    1   -0.045361
   1    4    0   -1    1   -0.045424
   1    2    1   -1   -1    0.013165
   1    2    1    0   -1    0.013165
   1    2    1   -1    1    0.063805
   1    2    1    0    1    0.063805
   1    3   -1   -1    0   -0.027624
   1    3    1   -1    0   -0.027624
   1    3   -1   -1    1    0.045152
   1    3    1   -1    1    0.045152
   1    2   -1   -1    0   -0.058618
   1    2   -1    0    0   -0.058618
   1    4    0    0   -1    0.003442
   1    4    0    0    2    0.003442
   1    3    0    0   -1    0.033129
   1    3    0    0    2   -0.040760
   1    1   -1    0   -1   -0.031325
   1    1   -1    0    1    0.016744
   1    1    0   -1   -1    0.016880
   1    1    0   -1    1   -0.031203
   1    1    0    1   -1   -0.031203
   1    1    0    1    1    0.016880
   1    1    1    0   -1    0.016744
   1    1    1    0    1   -0.031325
   1    3    0    1    0   -0.018421
   1    3    0    1    1   -0.002148
   1    1   -1   -1    0    0.030841
   1    1   -1    1    0    0.015683
   1    1    1   -1    0    0.015683
   1    1    1    1    0    0.030841
   1    3    0   -1   -1   -0.015902
   1    3    0   -1    2    0.009442
   1    4    1   -1    0    0.030845
   1    4   -1    1    0    0.030864
   1    4    1   -1    1    0.030845
   1    4   -1    1    1    0.030864
   1    2    0   -2    0   -0.004625
   1    2    0    1    0   -0.004625
   1    4    0    1   -1   -0.008370
   1    4    1    0   -1   -0.008282
   1    4    1    0    2   -0.008282
   1    4    0    1    2   -0.008370
   1    2   -1   -1   -1   -0.000683
   1    2   -1    0   -1   -0.000683
   1    2   -1   -1    1    0.008659
   1    2   -1    0    1    0.008659
   1    3   -1    0   -1    0.004091
   1    3    1    0   -1    0.004091
   1    3   -1    0    2   -0.016805
   1    3    1    0    2   -0.016805
   1    1   -1   -1   -1   -0.017307
   1    1   -1   -1    1   -0.017361
   1    1   -1    1   -1    0.001995
   1    1   -1    1    1   -0.012863
   1    1    1   -1   -1   -0.012863
   1    1    1   -1    1    0.001995
   1    1    1    1   -1   -0.017361
   1    1    1    1    1   -0.017307
   1    1    0    0   -2    0.003011
   1    1    0    0    2    0.003011
   1    3   -1    1    0   -0.003797
   1    3    1    1    0   -0.003797
   1    3   -1    1    1   -0.014562
   1    3    1    1    1   -0.014562
   1    2    1   -2    0    0.015324
   1    2    1    1    0    0.015324
   1    4    1    1   -1   -0.002075
   1    4    1    1    2   -0.002075
   1    4   -1   -1    0    0.009863
   1    4   -1   -1    1    0.009863
   1    2    0   -2   -1   -0.004992
   1    2    0    1   -1   -0.004992
   1    2    0   -2    1    0.002195
   1    2    0    1    1    0.002195
   1    3    0   -2    0   -0.001221
   1    3    0   -2    1    0.003980
   1    4   -1    0   -1   -0.011296
   1    4    0   -1   -1   -0.011309
   1    4   -1    0    2   -0.011296
   1    4    0   -1    2   -0.011309
   1    3   -1   -1   -1    0.006090
   1    3    1   -1   -1    0.006090
   1    3   -1   -1    2    0.004568
   1    3    1   -1    2    0.004568
   1    2    0   -1   -2    0.014618
   1    2    0    0   -2    0.014618
   1    2    0   -1    2   -0.009145
   1    2    0    0    2   -0.009145
   1    3    0    1   -1    0.010181
   1    3    0    1    2    0.003555
   1    4    0    2    0    0.002851
   1    4    2    0    0    0.002832
   1    4    0    2    1    0.002851
   1    4    2    0    1    0.002832
   1    2    2   -1    0   -0.007588
   1    2    2    0    0   -0.007588
   1    2    1   -2   -1   -0.001280
   1    2    1    1   -1   -0.001280
   1    2    1   -2    1   -0.000798
   1    2    1    1    1   -0.000798
   1    2   -1   -2    0   -0.002221
   1    2   -1    1    0   -0.002221
   1    4   -1    1   -1    0.010213
   1    4    1   -1   -1    0.010219
   1    4   -1    1    2    0.010213
   1    4    1   -1    2    0.010219
   1    2    1   -1   -2    0.004314
   1    2    1    0   -2    0.004314
   1    2    1   -1    2    0.006218
   1    2    1    0    2    0.006218
   1    1   -1    0   -2    0.001635
   1    1   -1    0    2   -0.003135
   1    1    0   -1   -2   -0.003156
   1    1    0   -1    2    0.001647
   1    1    0    1   -2    0.001647
   1    1    0    1    2   -0.003156
   1    1    1    0   -2   -0.003135
   1    1    1    0    2    0.001635
   1    3   -1   -2    0    0.001550
   1    3    1   -2    0    0.001550
   1    3   -1   -2    1   -0.000637
   1    3    1   -2    1   -0.000637
   1    1   -2    0    0   -0.003004
   1    1    0   -2    0   -0.003044
   1    1    0    2    0   -0.003044
   1    1    2    0    0   -0.003004
   1    4    1    2    0    0.013654
   1    4    2    1    0    0.013603
   1    4    1    2    1    0.013654
   1    4    2    1    1    0.013603
   1    2    2   -1   -1   -0.002639
   1    2    2    0   -1   -0.002639
   1    2    2   -1    1   -0.002168
   1    2    2    0    1   -0.002168
   1    3   -2    0    0    0.003254
   1    3    2    0    0    0.003254
   1    3   -2    0    1    0.004049
   1    3    2    0    1    0.004049
   1    3   -1    1   -1   -0.003335
   1    3    1    1   -1   -0.003335
   1    3   -1    1    2   -0.000524
   1    3    1    1    2   -0.000524
   1    2   -1   -2   -1    0.002700
   1    2   -1    1   -1    0.002700
   1    2   -1   -2    1    0.000869
   1    2   -1    1    1    0.000869
   1    4   -1   -1   -1   -0.000975
   1    4   -1   -1    2   -0.000975
   1    3    0   -2   -1    0.000713
   1    3    0   -2    2    0.001326
   1    2   -1   -1   -2    0.004035
   1    2   -1    0   -2    0.004035
   1    2   -1   -1    2    0.005956
   1    2   -1    0    2    0.005956
   1    4    0    0   -2    0.004987
   1    4    0    0    3    0.004987
   1    3    0    0   -2    0.014473
   1    3    0    0    3   -0.011109
   1    3   -2   -1    0   -0.003447
   1    3    2   -1    0   -0.003447
   1    3   -2   -1    1   -0.003785
   1    3    2   -1    1   -0.003785
   1    1   -2    0   -1   -0.008187
   1    1   -2    0    1   -0.002383
   1    1    0   -2   -1   -0.002396
   1    1    0   -2    1   -0.008241
   1    1    0    2   -1   -0.008241
   1    1    0    2    1   -0.002396
   1    1    2    0   -1   -0.002383
   1    1    2    0    1   -0.008187
   1    1   -1   -1   -2   -0.001050
   1    1   -1   -1    2   -0.001063
   1    1   -1    1   -2   -0.005492
   1    1   -1    1    2   -0.001515
   1    1    1   -1   -2   -0.001515
   1    1    1   -1    2   -0.005492
   1    1    1    1   -2   -0.001063
   1    1    1    1    2   -0.001050
   1    3    0   -1   -2    0.001252
   1    3    0   -1    3    0.003581
   1    4   -1    2    0    0.001626
   1    4    2   -1    0    0.001641
   1    4   -1    2    1    0.001626
   1    4    2   -1    1    0.001641
   1    4    0    2   -1    0.002361
   1    4    2    0   -1    0.002348
   1    4    0    2    2    0.002361
   1    4    2    0    2    0.002348
   1    4   -2    0    0   -0.000453
   1    4    0   -2    0   -0.000451
   1    4   -2    0    1   -0.000453
   1    4    0   -2    1   -0.000451
   1    1   -2   -1    0    0.001461
   1    1   -2    1    0   -0.006693
   1    1   -1   -2    0    0.001469
   1    1   -1    2    0   -0.006719
   1    1    1   -2    0   -0.006719
   1    1    1    2    0    0.001469
   1    1    2   -1    0   -0.006693
   1    1    2    1    0    0.001461
   1    2   -2   -1    0   -0.003019
   1    2   -2    0    0   -0.003019
   1    2    0   -2   -2   -0.001445
   1    2    0    1   -2   -0.001445
   1    2    0   -2    2    0.001454
   1    2    0    1    2    0.001454
   1    4    0    1   -2   -0.006018
   1    4    1    0   -2   -0.005998
   1    4    0    1    3   -0.006018
   1    4    1    0    3   -0.005998
   1    3   -1   -2   -1   -0.001224
   1    3    1   -2   -1   -0.001224
   1    3   -1   -2    2    0.000930
   1    3    1   -2    2    0.000930
   1    3   -1    0   -2    0.000837
   1    3    1    0   -2    0.000837
   1    3   -1    0    3   -0.005764
   1    3    1    0    3   -0.005764
   1    3    0    2    0    0.000480
   1    3    0    2    1    0.000864
   1    2    2   -2    0    0.000023
   1    2    2    1    0    0.000023
   1    4    1    2   -1    0.002536
   1    4    2    1   -1    0.002522
   1    4    1    2    2    0.002536
   1    4    2    1    2    0.002522
   1    4    1   -2    0    0.009599
   1    4   -2    1    0    0.009560
   1    4    1   -2    1    0.009599
   1    4   -2    1    1    0.009560
   1    3   -2    0   -1   -0.000496
   1    3    2    0   -1   -0.000496
   1    3   -2    0    2    0.001287
   1    3    2    0    2    0.001287
   1    1   -2   -1   -1   -0.000731
   1    1   -2   -1    1   -0.000901
   1    1   -2    1   -1   -0.001526
   1    1   -2    1    1   -0.001905
   1    1   -1   -2   -1   -0.000910
   1    1   -1   -2    1   -0.000740
   1    1   -1    2   -1   -0.001534
   1    1   -1    2    1   -0.001911
   1    1    1   -2   -1   -0.001911
   1    1    1   -2    1   -0.001534
   1    1    1    2   -1   -0.000740
   1    1    1    2    1   -0.000910
   1    1    2   -1   -1   -0.001905
   1    1    2   -1    1   -0.001526
   1    1    2    1   -1   -0.000901
   1    1    2    1    1   -0.000731
   1    2   -2   -1   -1   -0.004452
   1    2   -2    0   -1   -0.004452
   1    2   -2   -1    1   -0.000521
   1    2   -2    0    1   -0.000521
   1    2    1   -2   -2   -0.002224
   1    2    1    1   -2   -0.002224
   1    2    1   -2    2    0.001055
   1    2    1    1    2    0.001055
   1    4    1    1   -2   -0.001006
   1    4    1    1    3   -0.001006
   1    4   -1    0   -2    0.000718
   1    4    0   -1   -2    0.000719
   1    4   -1    0    3    0.000718
   1    4    0   -1    3    0.000719
   1    3   -1   -1   -2   -0.000018
   1    3    1   -1   -2   -0.000018
   1    3   -1   -1    3   -0.000186
   1    3    1   -1    3   -0.000186
   1    3   -2    1    0   -0.002321
   1    3    2    1    0   -0.002321
   1    3   -2    1    1    0.000029
   1    3    2    1    1    0.000029
   1    3   -2   -1   -1   -0.000487
   1    3    2   -1   -1   -0.000487
   1    3   -2   -1    2    0.001508
   1    3    2   -1    2    0.001508
   1    3    0    1   -2   -0.001381
   1    3    0    1    3    0.000410
   1    2    2   -2   -1    0.001382
   1    2    2    1   -1    0.001382
   1    2    2   -2    1    0.000051
   1    2    2    1    1    0.000051
   1    2    0    2    0    0.001965
   1    2    0   -3    0    0.001965
   1    4   -1    2   -1   -0.001574
   1    4    2   -1   -1   -0.001568
   1    4   -1    2    2   -0.001574
   1    4    2   -1    2   -0.001568
   1    1    0    0   -3   -0.006613
   1    1    0    0    3   -0.006613
   1    4   -2   -1    0   -0.003359
   1    4   -1   -2    0   -0.003377
   1    4   -2   -1    1   -0.003359
   1    4   -1   -2    1   -0.003377
   1    4   -2    0   -1    0.002541
   1    4    0   -2   -1    0.002540
   1    4    0   -2    2    0.002540
   1    4   -2    0    2    0.002541
   1    2    2   -1   -2   -0.000107
   1    2    2    0   -2   -0.000107
   1    2    2   -1    2   -0.003901
   1    2    2    0    2   -0.003901
   1    2   -1   -2   -2   -0.001262
   1    2   -1    1   -2   -0.001262
   1    2   -1   -2    2    0.001291
   1    2   -1    1    2    0.001291
   1    4    1   -1   -2    0.001270
   1    4   -1    1   -2    0.001279
   1    4   -1    1    3    0.001279
   1    4    1   -1    3    0.001270
   1    3   -1    2    0    0.000678
   1    3    1    2    0    0.000678
   1    3   -1    2    1   -0.000609
   1    3    1    2    1   -0.000609
   1    2    0   -1   -3    0.008697
   1    2    0    0   -3    0.008697
   1    2    0   -1    3   -0.000192
   1    2    0    0    3   -0.000192
   1    4    2    2    0    0.002853
   1    4    2    2    1    0.002853
   1    1   -2    0   -2    0.000962
   1    1   -2    0    2   -0.002610
   1    1    0   -2   -2   -0.002610
   1    1    0   -2    2    0.000970
   1    1    0    2   -2    0.000970
   1    1    0    2    2   -0.002610
   1    1    2    0   -2   -0.002610
   1    1    2    0    2    0.000962
   1    2    1    2    0    0.001757
   1    2    1   -3    0    0.001757
   1    3    0    2   -1   -0.003599
   1    3    0    2    2    0.001217
   1    2    0   -3   -1    0.000297
   1    2    0    2   -1    0.000297
   1    2    0    2    1    0.001786
   1    2    0   -3    1    0.001786
   1    3   -2   -2    0    0.000113
   1    3    2   -2    0    0.000113
   1    3   -2   -2    1    0.002885
   1    3    2   -2    1    0.002885
   1    2   -2   -2    0    0.000109
   1    2   -2    1    0    0.000109
   1    4   -2    1   -1    0.001934
   1    4    1   -2   -1    0.001945
   1    4    1   -2    2    0.001945
   1    4   -2    1    2    0.001934
   1    3   -1    1   -2    0.002621
   1    3    1    1   -2    0.002621
   1    3   -1    1    3   -0.000373
   1    3    1    1    3   -0.000373
   1    4   -1   -1   -2   -0.000152
   1    4   -1   -1    3   -0.000152
   1    3    0   -2   -2    0.001694
   1    3    0   -2    3    0.001657
   1    2    1   -1   -3    0.000572
   1    2    1    0   -3    0.000572
   1    2    1   -1    3   -0.003178
   1    2    1    0    3   -0.003178
   1    1   -1    0   -3   -0.000490
   1    1   -1    0    3   -0.000202
   1    1    0   -1   -3   -0.000210
   1    1    0   -1    3   -0.000500
   1    1    0    1   -3   -0.000500
   1    1    0    1    3   -0.000210
   1    1    1    0   -3   -0.000202
   1    1    1    0    3   -0.000490
   1    3   -2    1   -1   -0.001925
   1    3    2    1   -1   -0.001925
   1    3   -2    1    2    0.001696
   1    3    2    1    2    0.001696
   1    3    0   -3    0   -0.001467
   1    3    0   -3    1    0.000768
   1    2    1    2   -1    0.002159
   1    2    1   -3   -1    0.002159
   1    2    1    2    1   -0.000369
   1    2    1   -3    1   -0.000369
   1    2   -1    2    0   -0.000153
   1    2   -1   -3    0   -0.000153
   1    2   -2   -2   -1    0.000788
   1    2   -2    1   -1    0.000788
   1    2   -2   -2    1   -0.000123
   1    2   -2    1    1   -0.000123
   1    4   -2   -1   -1    0.000810
   1    4   -1   -2   -1    0.000806
   1    4   -2   -1    2    0.000810
   1    4   -1   -2    2    0.000806
   1    4    0    2   -2    0.000408
   1    4    2    0   -2    0.000405
   1    4    0    2    3    0.000408
   1    4    2    0    3    0.000405
   1    1   -2   -1   -2   -0.000299
   1    1   -2   -1    2   -0.000805
   1    1   -2    1   -2    0.000743
   1    1   -2    1    2   -0.001004
   1    1   -1   -2   -2   -0.000801
   1    1   -1   -2    2   -0.000304
   1    1   -1    2   -2    0.000743
   1    1   -1    2    2   -0.001006
   1    1    1   -2   -2   -0.001006
   1    1    1   -2    2    0.000743
   1    1    1    2   -2   -0.000304
   1    1    1    2    2   -0.000801
   1    1    2   -1   -2   -0.001004
   1    1    2   -1    2    0.000743
   1    1    2    1   -2   -0.000805
   1    1    2    1    2   -0.000299
   1    2   -2   -1   -2   -0.001261
   1    2   -2    0   -2   -0.001261
   1    2   -2   -1    2   -0.001396
   1    2   -2    0    2   -0.001396
   1    3   -1    2   -1   -0.001328
   1    3    1    2   -1   -0.001328
   1    3   -1    2    2    0.000520
   1    3    1    2    2    0.000520
   1    2   -1   -1   -3    0.001084
   1    2   -1    0   -3    0.001084
   1    2   -1   -1    3    0.001963
   1    2   -1    0    3    0.001963
   1    1   -2   -2    0    0.000722
   1    1   -2    2    0    0.000865
   1    1    2   -2    0    0.000865
   1    1    2    2    0    0.000722
   1    4    0    3    0   -0.001030
   1    4    3    0    0   -0.001033
   1    4    0    3    1   -0.001030
   1    4    3    0    1   -0.001033
   1    2    3   -1    0    0.000804
   1    2    3    0    0    0.000804
   1    4    2    2   -1   -0.000018
   1    4    2    2    2   -0.000018
   1    3   -1   -2   -2    0.000519
   1    3    1   -2   -2    0.000519
   1    3   -1   -2    3   -0.000105
   1    3    1   -2    3   -0.000105
   1    4   -2    2    0    0.000352
   1    4    2   -2    0    0.000356
   1    4   -2    2    1    0.000352
   1    4    2   -2    1    0.000356
   1    1   -1   -1   -3    0.002241
   1    1   -1   -1    3    0.002239
   1    1   -1    1   -3    0.000804
   1    1   -1    1    3   -0.000805
   1    1    1   -1   -3   -0.000805
   1    1    1   -1    3    0.000804
   1    1    1    1   -3    0.002239
   1    1    1    1    3    0.002241
   1    2   -1    2   -1   -0.000461
   1    2   -1   -3   -1   -0.000461
   1    2   -1   -3    1   -0.000376
   1    2   -1    2    1   -0.000376
   1    3   -1   -3    0    0.000487
   1    3    1   -3    0    0.000487
   1    3   -1   -3    1    0.002912
   1    3    1   -3    1    0.002912
   1    2    2   -2   -2    0.000028
   1    2    2    1   -2    0.000028
   1    2    2   -2    2    0.000618
   1    2    2    1    2    0.000618
   1    4    1    2   -2    0.000049
   1    4    2    1   -2    0.000048
   1    4    1    2    3    0.000049
   1    4    2    1    3    0.000048
   1    3   -2   -2   -1   -0.000557
   1    3    2   -2   -1   -0.000557
   1    3   -2   -2    2   -0.000288
   1    3    2   -2    2   -0.000288
   1    3   -2    0   -2    0.000721
   1    3    2    0   -2    0.000721
   1    3   -2    0    3    0.000206
   1    3    2    0    3    0.000206
   1    2    0   -2   -3   -0.000281
   1    2    0    1   -3   -0.000281
   1    2    0   -2    3   -0.000397
   1    2    0    1    3   -0.000397
   1    4    0    0   -3   -0.000686
   1    4    0    0    4   -0.000686
   1    3    0    0   -3    0.002691
   1    3    0    0    4   -0.000920
   1    1   -2   -2   -1   -0.000458
   1    1   -2   -2    1   -0.000460
   1    1   -2    2   -1   -0.002468
   1    1   -2    2    1   -0.000452
   1    1    2   -2   -1   -0.000452
   1    1    2   -2    1   -0.002468
   1    1    2    2   -1   -0.000460
   1    1    2    2    1   -0.000458
   1    3    0   -3   -1   -0.001843
   1    3    0   -3    2   -0.001945
   1    4    1    3    0   -0.001189
   1    4    3    1    0   -0.001182
   1    4    1    3    1   -0.001189
   1    4    3    1    1   -0.001182
   1    3   -2   -1   -2    0.000094
   1    3    2   -1   -2    0.000094
   1    3   -2   -1    3    0.000045
   1    3    2   -1    3    0.000045
   1    2    3   -1   -1    0.001217
   1    2    3    0   -1    0.001217
   1    2    3   -1    1    0.001586
   1    2    3    0    1    0.001586
   1    1   -3    0    0   -0.001223
   1    1    0   -3    0   -0.001218
   1    1    0    3    0   -0.001218
   1    1    3    0    0   -0.001223
   1    3    0   -1   -3   -0.000137
   1    3    0   -1    4   -0.000325
   1    2    0   -3   -2   -0.000043
   1    2    0    2   -2   -0.000043
   1    2    0   -3    2   -0.000364
   1    2    0    2    2   -0.000364
   1    4   -1    2   -2   -0.000498
   1    4    2   -1   -2   -0.000500
   1    4   -1    2    3   -0.000498
   1    4    2   -1    3   -0.000500
   1    4    0   -2   -2    0.000680
   1    4   -2    0   -2    0.000672
   1    4   -2    0    3    0.000672
   1    4    0   -2    3    0.000680
   1    2    1   -2   -3   -0.000831
   1    2    1    1   -3   -0.000831
   1    2    1   -2    3    0.001870
   1    2    1    1    3    0.001870
   1    3   -3    0    0   -0.000284
   1    3    3    0    0   -0.000284
   1    3   -3    0    1   -0.000536
   1    3    3    0    1   -0.000536
   1    4    0    1   -3   -0.000194
   1    4    1    0   -3   -0.000193
   1    4    0    1    4   -0.000194
   1    4    1    0    4   -0.000193
   1    4   -1    3    0   -0.001295
   1    4    3   -1    0   -0.001291
   1    4   -1    3    1   -0.001295
   1    4    3   -1    1   -0.001291
   1    3   -2    2    0    0.000119
   1    3    2    2    0    0.000119
   1    3   -2    2    1    0.000306
   1    3    2    2    1    0.000306
   1    2    2    2    0    0.000845
   1    2    2   -3    0    0.000845
   1    4    0    3   -1    0.000055
   1    4    3    0   -1    0.000054
   1    4    0    3    2    0.000055
   1    4    3    0    2    0.000054
   1    3   -3   -1    0    0.000351
   1    3    3   -1    0    0.000351
   1    3   -3   -1    1    0.001036
   1    3    3   -1    1    0.001036
   1    4   -2    2   -1   -0.000157
   1    4    2   -2   -1   -0.000158
   1    4   -2    2    2   -0.000157
   1    4    2   -2    2   -0.000158
   1    4   -2   -2    0   -0.000945
   1    4   -2   -2    1   -0.000945
   1    3   -1    0   -3   -0.001324
   1    3    1    0   -3   -0.001324
   1    3   -1    0    4   -0.000598
   1    3    1    0    4   -0.000598
   1    1   -3    0   -1   -0.000190
   1    1   -3    0    1    0.000398
   1    1    0   -3   -1    0.000400
   1    1    0   -3    1   -0.000190
   1    1    0    3   -1   -0.000190
   1    1    0    3    1    0.000400
   1    1    3    0   -1    0.000398
   1    1    3    0    1   -0.000190
   1    2    1    2   -2    0.001069
   1    2    1   -3   -2    0.001069
   1    2    1   -3    2   -0.000207
   1    2    1    2    2   -0.000207
   1    3   -1   -3   -1   -0.000092
   1    3    1   -3   -1   -0.000092
   1    3   -1   -3    2   -0.000290
   1    3    1   -3    2   -0.000290
   1    3    0    2   -2   -0.001245
   1    3    0    2    3    0.000607
   1    2   -2   -2   -2   -0.000579
   1    2   -2    1   -2   -0.000579
   1    2   -2   -2    2    0.000349
   1    2   -2    1    2    0.000349
   1    4    1   -2   -2    0.000028
   1    4   -2    1   -2    0.000025
   1    4   -2    1    3    0.000025
   1    4    1   -2    3    0.000028
   1    2    2   -1   -3   -0.000217
   1    2    2    0   -3   -0.000217
   1    2    2   -1    3   -0.000155
   1    2    2    0    3   -0.000155
   1    4    1    1   -3   -0.000363
   1    4    1    1    4   -0.000363
   1    2   -1   -2   -3   -0.000255
   1    2   -1    1   -3   -0.000255
   1    2   -1   -2    3    0.000394
   1    2   -1    1    3    0.000394
   1    1   -3   -1    0   -0.000005
   1    1   -3    1    0    0.002039
   1    1   -1   -3    0    0.000004
   1    1   -1    3    0    0.002051
   1    1    1   -3    0    0.002051
   1    1    1    3    0    0.000004
   1    1    3   -1    0    0.002039
   1    1    3    1    0   -0.000005
   1    4   -1    0   -3    0.000634
   1    4    0   -1   -3    0.000635
   1    4   -1    0    4    0.000634
   1    4    0   -1    4    0.000635
   1    3   -1   -1   -3   -0.000008
   1    3    1   -1   -3   -0.000008
   1    3   -1   -1    4   -0.000830
   1    3    1   -1    4   -0.000830
   1    3   -2    1   -2   -0.000096
   1    3    2    1   -2   -0.000096
   1    3   -2    1    3    0.000680
   1    3    2    1    3    0.000680
   1    2    3   -2    0    0.000955
   1    2    3    1    0    0.000955
   1    4    1    3   -1   -0.000229
   1    4    3    1   -1   -0.000226
   1    4    1    3    2   -0.000229
   1    4    3    1    2   -0.000226
   1    2    2    2   -1   -0.000124
   1    2    2   -3   -1   -0.000124
   1    2    2   -3    1    0.000511
   1    2    2    2    1    0.000511
   1    1   -2    0   -3    0.000393
   1    1   -2    0    3   -0.001212
   1    1    0   -2   -3   -0.001212
   1    1    0   -2    3    0.000393
   1    1    0    2   -3    0.000393
   1    1    0    2    3   -0.001212
   1    1    2    0   -3   -0.001212
   1    1    2    0    3    0.000393
   1    4   -3    0    0   -0.000279
   1    4    0   -3    0   -0.000283
   1    4   -3    0    1   -0.000279
   1    4    0   -3    1   -0.000283
   1    3    0    1   -3   -0.001258
   1    3    0    1    4   -0.000289
   1    2   -3   -1    0    0.000172
   1    2   -3    0    0    0.000172
   1    2   -1   -3   -2   -0.000230
   1    2   -1    2   -2   -0.000230
   1    2   -1   -3    2    0.000270
   1    2   -1    2    2    0.000270
   1    4   -2   -1   -2   -0.000376
   1    4   -1   -2   -2   -0.000376
   1    4   -2   -1    3   -0.000376
   1    4   -1   -2    3   -0.000376
   1    4   -1    1   -3    0.000373
   1    4    1   -1   -3    0.000366
   1    4   -1    1    4    0.000373
   1    4    1   -1    4    0.000366
   1    3   -3    0   -1   -0.000850
   1    3    3    0   -1   -0.000850
   1    3   -3    0    2   -0.000701
   1    3    3    0    2   -0.000701
   1    1   -3   -1   -1    0.000565
   1    1   -3   -1    1    0.000027
   1    1   -3    1   -1    0.000040
   1    1   -3    1    1    0.001142
   1    1   -1   -3   -1    0.000029
   1    1   -1   -3    1    0.000574
   1    1   -1    3   -1    0.000043
   1    1   -1    3    1    0.001147
   1    1    1   -3   -1    0.001147
   1    1    1   -3    1    0.000043
   1    1    1    3   -1    0.000574
   1    1    1    3    1    0.000029
   1    1    3   -1   -1    0.001142
   1    1    3   -1    1    0.000040
   1    1    3    1   -1    0.000027
   1    1    3    1    1    0.000565
   1    3   -1    2   -2   -0.000055
   1    3    1    2   -2   -0.000055
   1    3   -1    2    3   -0.000078
   1    3    1    2    3   -0.000078
   1    1   -2   -2   -2    0.000379
   1    1   -2   -2    2    0.000380
   1    1   -2    2   -2    0.000252
   1    1   -2    2    2    0.000556
   1    1    2   -2   -2    0.000556
   1    1    2   -2    2    0.000252
   1    1    2    2   -2    0.000380
   1    1    2    2    2    0.000379
   1    2    3   -2   -1    0.000186
   1    2    3    1   -1    0.000186
   1    2    3   -2    1    0.000182
   1    2    3    1    1    0.000182
   1    3   -3    1    0   -0.000734
   1    3    3    1    0   -0.000734
   1    3   -3    1    1   -0.000131
   1    3    3    1    1   -0.000131
   1    4   -1    3   -1   -0.000062
   1    4    3   -1   -1   -0.000061
   1    4   -1    3    2   -0.000062
   1    4    3   -1    2   -0.000061
   1    3   -2    2   -1    0.000147
   1    3    2    2   -1    0.000147
   1    3   -2    2    2    0.000007
   1    3    2    2    2    0.000007
   1    4   -3    1    0   -0.001456
   1    4    1   -3    0   -0.001462
   1    4   -3    1    1   -0.001456
   1    4    1   -3    1   -0.001462
   1    2   -2   -3    0   -0.000047
   1    2   -2    2    0   -0.000047
   1    2    3   -1   -2    0.000412
   1    2    3    0   -2    0.000412
   1    2    3   -1    2    0.000421
   1    2    3    0    2    0.000421
   1    4    2    2   -2   -0.000752
   1    4    2    2    3   -0.000752
   1    3   -3   -1   -1   -0.000282
   1    3    3   -1   -1   -0.000282
   1    3   -3   -1    2   -0.000729
   1    3    3   -1    2   -0.000729
   1    2   -3   -1   -1   -0.000567
   1    2   -3    0   -1   -0.000567
   1    2   -3   -1    1    0.000260
   1    2   -3    0    1    0.000260
   1    4   -2   -2   -1    0.000789
   1    4   -2   -2    2    0.000789
   1    3    0    3    0    0.000874
   1    3    0    3    1    0.001044
   1    3   -2   -2   -2   -0.000299
   1    3    2   -2   -2   -0.000299
   1    3   -2   -2    3    0.000502
   1    3    2   -2    3    0.000502
   1    1    0    0   -4   -0.001120
   1    1    0    0    4   -0.001120
   1    1   -2   -1   -3    0.000736
   1    1   -2   -1    3    0.000255
   1    1   -2    1   -3    0.000388
   1    1   -2    1    3    0.000183
   1    1   -1   -2   -3    0.000252
   1    1   -1   -2    3    0.000740
   1    1   -1    2   -3    0.000387
   1    1   -1    2    3    0.000181
   1    1    1   -2   -3    0.000181
   1    1    1   -2    3    0.000387
   1    1    1    2   -3    0.000740
   1    1    1    2    3    0.000252
   1    1    2   -1   -3    0.000183
   1    1    2   -1    3    0.000388
   1    1    2    1   -3    0.000255
   1    1    2    1    3    0.000736
   1    2   -2   -1   -3   -0.000655
   1    2   -2    0   -3   -0.000655
   1    2   -2   -1    3   -0.000400
   1    2   -2    0    3   -0.000400
   1    3   -1    1   -3    0.000417
   1    3    1    1   -3    0.000417
   1    3   -1    1    4   -0.001118
   1    3    1    1    4   -0.001118
   1    3   -2   -3    0   -0.000126
   1    3    2   -3    0   -0.000126
   1    3   -2   -3    1    0.000261
   1    3    2   -3    1    0.000261
   1    4   -1   -1   -3    0.000131
   1    4   -1   -1    4    0.000131
   1    3    0   -2   -3    0.000106
   1    3    0   -2    4   -0.000208
   1    4    2    3    0   -0.000090
   1    4    3    2    0   -0.000090
   1    4    2    3    1   -0.000090
   1    4    3    2    1   -0.000090
   1    2    0   -1   -4    0.001696
   1    2    0    0   -4    0.001696
   1    2    0   -1    4    0.000132
   1    2    0    0    4    0.000132
   1    3    0   -3   -2   -0.000164
   1    3    0   -3    3    0.000240
   1    4   -3   -1    0   -0.000739
   1    4   -1   -3    0   -0.000743
   1    4   -3   -1    1   -0.000739
   1    4   -1   -3    1   -0.000743
   1    2   -2   -3   -1   -0.000411
   1    2   -2    2   -1   -0.000411
   1    2   -2   -3    1    0.000154
   1    2   -2    2    1    0.000154
   1    4   -3    0   -1    0.000219
   1    4    0   -3   -1    0.000219
   1    4   -3    0    2    0.000219
   1    4    0   -3    2    0.000219
   1    1   -3    0   -2   -0.000086
   1    1   -3    0    2   -0.000139
   1    1    0   -3   -2   -0.000137
   1    1    0   -3    2   -0.000088
   1    1    0    3   -2   -0.000088
   1    1    0    3    2   -0.000137
   1    1    3    0   -2   -0.000139
   1    1    3    0    2   -0.000086
   1    2    2   -2   -3   -0.000078
   1    2    2    1   -3   -0.000078
   1    2    2   -2    3    0.000525
   1    2    2    1    3    0.000525
   1    4    0    2   -3   -0.000430
   1    4    2    0   -3   -0.000429
   1    4    0    2    4   -0.000430
   1    4    2    0    4   -0.000429
   1    3   -3   -2    0   -0.000013
   1    3    3   -2    0   -0.000013
   1    3   -3   -2    1   -0.000280
   1    3    3   -2    1   -0.000280
   1    2    1   -1   -4   -0.000203
   1    2    1    0   -4   -0.000203
   1    2    1   -1    4   -0.001690
   1    2    1    0    4   -0.001690
   1    3   -1    3    0    0.000384
   1    3    1    3    0    0.000384
   1    3   -1    3    1   -0.000063
   1    3    1    3    1   -0.000063
   1    1   -1    0   -4    0.000192
   1    1   -1    0    4    0.000268
   1    1    0   -1   -4    0.000267
   1    1    0   -1    4    0.000187
   1    1    0    1   -4    0.000187
   1    1    0    1    4    0.000267
   1    1    1    0   -4    0.000268
   1    1    1    0    4    0.000192
   1    8    1    0    0    1.277153
   1    6    1    0    0    1.190021
   1    6    1    0    1    0.481508
   1    7    0    0    0    1.183612
   1    7    1    0    0    1.177784
   1    8    0    0    0   -0.657169
   1    8    1   -1    0   -0.657169
   1    6    0    0    0    0.234860
   1    6    0    0    1    0.120805
   1    5    1   -1    0   -0.025583
   1    5    0   -1    0    0.007555
   1    5    0    0    0   -0.004198
   1    5    1    0    0    0.008661
   1    5    1   -1    1   -0.003488
   1    5    0   -1    1    0.007757
   1    5    0    0    1   -0.026562
   1    5    1    0    1    0.008862
   1    8    1    0   -1    0.062649
   1    8    1    0    1    0.062340
   1    7    0    1    0   -0.175425
   1    7    1    1    0   -0.176037
   1    8    0   -1    0    0.585978
   1    7    0    0   -1   -0.068648
   1    7    1    0   -1   -0.068425
   1    7    0    0    1   -0.127757
   1    7    1    0    1   -0.127685
   1    8    0    0   -1    0.001028
   1    8    1   -1   -1    0.001073
   1    8    0    0    1    0.000876
   1    8    1   -1    1    0.000832
   1    6    1   -1    0    0.001574
   1    6    1    1    0    0.001780
   1    6    1   -1    1    0.018088
   1    6    1    1    1    0.018443
   1    7    0    1   -1    0.063731
   1    7    1    1   -1    0.063817
   1    7    0    1    1    0.013109
   1    7    1    1    1    0.013224
   1    8    0   -1   -1   -0.052850
   1    8    0   -1    1   -0.052846
   1    6    0   -1    0    0.045132
   1    6    0    1    0    0.045266
   1    6    0   -1    1   -0.027684
   1    6    0    1    1   -0.027453
   1    7    0   -1    0   -0.058603
   1    7    1   -1    0   -0.059026
   1    6    1    0   -1   -0.040842
   1    6    1    0    2    0.033047
   1    8    1    1    0   -0.012114
   1    8    2    0    0   -0.012114
   1    6    2    0    0   -0.002163
   1    6    2    0    1   -0.018390
   1    6    0    0   -1    0.009620
   1    6    0    0    2   -0.015963
   1    5    0   -1   -1    0.011212
   1    5    0    0   -1   -0.074975
   1    5    1   -1   -1   -0.020474
   1    5    1    0   -1    0.011257
   1    5    0   -1    2    0.011085
   1    5    1   -1    2   -0.074924
   1    5    1    0    2    0.011130
   1    5    0    0    2   -0.020386
   1    8    0    1    0    0.012093
   1    8    2   -1    0    0.012093
   1    7   -1    0    0   -0.004525
   1    7    2    0    0   -0.004750
   1    7    0   -1   -1    0.008541
   1    7    1   -1   -1    0.008632
   1    7    0   -1    1   -0.000655
   1    7    1   -1    1   -0.000690
   1    8    1    1   -1   -0.000293
   1    8    2    0   -1   -0.000296
   1    8    1    1    1   -0.000327
   1    8    2    0    1   -0.000324
   1    5   -1   -1    0   -0.017025
   1    5   -1    0    0   -0.029168
   1    5    0   -2    0   -0.003979
   1    5    0    1    0   -0.029142
   1    5    1   -2    0   -0.019817
   1    5    1    1    0   -0.017029
   1    5    2   -1    0   -0.019731
   1    5    2    0    0   -0.003936
   1    5   -1   -1    1   -0.003967
   1    5   -1    0    1   -0.019775
   1    5    0   -2    1   -0.017020
   1    5    0    1    1   -0.019689
   1    5    1   -2    1   -0.029180
   1    5    1    1    1   -0.003924
   1    5    2   -1    1   -0.029153
   1    5    2    0    1   -0.017023
   1    6    1   -1   -1   -0.016855
   1    6    1    1   -1   -0.016792
   1    6    1   -1    2    0.004047
   1    6    1    1    2    0.004109
   1    8    0    1   -1    0.011643
   1    8    2   -1   -1    0.011619
   1    8    0    1    1    0.011604
   1    8    2   -1    1    0.011629
   1    6    2   -1    0   -0.014493
   1    6    2    1    0   -0.014551
   1    6    2   -1    1   -0.003781
   1    6    2    1    1   -0.003792
   1    7   -1    1    0    0.015318
   1    7    2    1    0    0.015237
   1    8   -1    0    0    0.015336
   1    8    1   -2    0    0.015336
   1    7   -1    0   -1    0.002219
   1    7    2    0   -1    0.002173
   1    7   -1    0    1   -0.004969
   1    7    2    0    1   -0.004965
   1    6   -1    0    0    0.003995
   1    6   -1    0    1   -0.001239
   1    8    1    0   -2   -0.008426
   1    8    1    0    2   -0.008480
   1    6    0   -1   -1    0.004540
   1    6    0    1   -1    0.004535
   1    6    0   -1    2    0.006092
   1    6    0    1    2    0.006109
   1    7    0    0   -2   -0.009103
   1    7    1    0   -2   -0.009108
   1    7    0    0    2    0.014506
   1    7    1    0    2    0.014598
   1    8   -1   -1    0   -0.015732
   1    8    0   -2    0   -0.015732
   1    6    2    0   -1    0.003558
   1    6    2    0    2    0.010181
   1    8    0    0   -2    0.010029
   1    8    1   -1   -2    0.010021
   1    8    0    0    2    0.009997
   1    8    1   -1    2    0.010005
   1    8    2    1    0   -0.004211
   1    7    0    2    0   -0.007608
   1    7    1    2    0   -0.007637
   1    7   -1    1   -1   -0.000807
   1    7    2    1   -1   -0.000807
   1    7   -1    1    1   -0.001294
   1    7    2    1    1   -0.001275
   1    8   -1    0   -1    0.010666
   1    8    1   -2   -1    0.010672
   1    8   -1    0    1    0.010644
   1    8    1   -2    1    0.010639
   1    7   -1   -1    0   -0.002221
   1    7    2   -1    0   -0.002236
   1    7    0    1   -2    0.006197
   1    7    1    1   -2    0.006225
   1    7    0    1    2    0.004321
   1    7    1    1    2    0.004296
   1    8    0   -1   -2   -0.007120
   1    8    0   -1    2   -0.007051
   1    8   -1   -1   -1    0.002070
   1    8    0   -2   -1    0.002077
   1    8   -1   -1    1    0.002044
   1    8    0   -2    1    0.002036
   1    6   -1   -1    0   -0.000627
   1    6   -1    1    0   -0.000601
   1    6   -1   -1    1    0.001562
   1    6   -1    1    1    0.001556
   1    5   -1   -1   -1    0.005128
   1    5   -1    0   -1   -0.003178
   1    5    0   -2   -1   -0.001892
   1    5    0    1   -1   -0.003175
   1    5    1   -2   -1    0.002657
   1    5    1    1   -1    0.005133
   1    5    2   -1   -1    0.002654
   1    5    2    0   -1   -0.001875
   1    5   -1   -1    2   -0.001852
   1    5   -1    0    2    0.002654
   1    5    0   -2    2    0.005156
   1    5    0    1    2    0.002651
   1    5    1   -2    2   -0.003158
   1    5    1    1    2   -0.001835
   1    5    2   -1    2   -0.003154
   1    5    2    0    2    0.005162
   1    8    2    1   -1    0.000308
   1    8    2    1    1    0.000294
   1    7    0    2   -1   -0.002179
   1    7    1    2   -1   -0.002181
   1    7    0    2    1   -0.002641
   1    7    1    2    1   -0.002655
   1    6    1   -2    0    0.004089
   1    6    1    2    0    0.004060
   1    6    1   -2    1    0.003263
   1    6    1    2    1    0.003277
   1    6    2   -1   -1   -0.000527
   1    6    2    1   -1   -0.000518
   1    6    2   -1    2   -0.003350
   1    6    2    1    2   -0.003315
   1    7   -1   -1   -1    0.000868
   1    7    2   -1   -1    0.000871
   1    7   -1   -1    1    0.002682
   1    7    2   -1    1    0.002715
   1    6   -1    0   -1    0.001325
   1    6   -1    0    2    0.000707
   1    7    0   -1   -2    0.005937
   1    7    1   -1   -2    0.005952
   1    7    0   -1    2    0.004036
   1    7    1   -1    2    0.004014
   1    6    1    0   -2   -0.011137
   1    6    1    0    3    0.014432
   1    8   -1    1    0    0.004514
   1    8    2   -2    0    0.004514
   1    6    0   -2    0   -0.003803
   1    6    0    2    0   -0.003787
   1    6    0   -2    1   -0.003473
   1    6    0    2    1   -0.003457
   1    8    1    1   -2   -0.000940
   1    8    2    0   -2   -0.000936
   1    8    1    1    2   -0.000917
   1    8    2    0    2   -0.000921
   1    5   -1   -2    0   -0.004374
   1    5   -1    1    0    0.000763
   1    5    2   -2    0   -0.005858
   1    5    2    1    0   -0.004386
   1    5   -1   -2    1   -0.004359
   1    5   -1    1    1   -0.005856
   1    5    2   -2    1    0.000781
   1    5    2    1    1   -0.004370
   1    6    0    0   -2    0.003611
   1    6    0    0    3    0.001248
   1    5    0   -1   -2    0.002217
   1    5    0    0   -2   -0.018897
   1    5    1   -1   -2   -0.001909
   1    5    1    0   -2    0.002227
   1    5    0   -1    3    0.002213
   1    5    0    0    3   -0.001900
   1    5    1   -1    3   -0.018867
   1    5    1    0    3    0.002223
   1    7    1   -2    0   -0.003020
   1    7    0   -2    0   -0.003023
   1    8    0    1   -2    0.003463
   1    8    2   -1   -2    0.003461
   1    8    0    1    2    0.003467
   1    8    2   -1    2    0.003469
   1    7   -1    0   -2    0.001453
   1    7    2    0   -2    0.001432
   1    7   -1    0    2   -0.001445
   1    7    2    0    2   -0.001445
   1    8   -1    1   -1   -0.000396
   1    8    2   -2   -1   -0.000396
   1    8   -1    1    1   -0.000409
   1    8    2   -2    1   -0.000409
   1    6   -1   -1   -1    0.000938
   1    6   -1    1   -1    0.000931
   1    6   -1   -1    2   -0.001230
   1    6   -1    1    2   -0.001227
   1    8    1    2    0   -0.002326
   1    8    3    0    0   -0.002326
   1    6    1   -1   -2   -0.005777
   1    6    1    1   -2   -0.005777
   1    6    1   -1    3    0.000830
   1    6    1    1    3    0.000839
   1    6    3    0    0    0.000874
   1    6    3    0    1    0.000484
   1    7   -1    2    0    0.000026
   1    7    2    2    0    0.000019
   1    8   -1   -2    0    0.005051
   1    6    1   -2   -1    0.001294
   1    6    1    2   -1    0.001289
   1    6    1   -2    2   -0.000490
   1    6    1    2    2   -0.000489
   1    7    0   -2   -1   -0.000525
   1    7    1   -2   -1   -0.000522
   1    7    0   -2    1   -0.004454
   1    7    1   -2    1   -0.004450
   1    7   -1    1   -2    0.001050
   1    7    2    1   -2    0.001055
   1    7   -1    1    2   -0.002221
   1    7    2    1    2   -0.002228
   1    8   -1    0   -2    0.003066
   1    8    1   -2   -2    0.003078
   1    8   -1    0    2    0.003072
   1    8    1   -2    2    0.003060
   1    8    0    2    0   -0.004678
   1    8    3   -1    0   -0.004678
   1    6    0   -1   -2   -0.000180
   1    6    0    1   -2   -0.000196
   1    6    0   -1    3   -0.000031
   1    6    0    1    3    0.000002
   1    6    2   -2    0    0.000022
   1    6    2    2    0    0.000030
   1    6    2   -2    1   -0.002316
   1    6    2    2    1   -0.002325
   1    6    0   -2   -1    0.001492
   1    6    0    2   -1    0.001493
   1    6    0   -2    2   -0.000483
   1    6    0    2    2   -0.000486
   1    5   -1   -2   -1   -0.002509
   1    5   -1    1   -1   -0.001335
   1    5    2   -2   -1   -0.000128
   1    5    2    1   -1   -0.002522
   1    5   -1   -2    2   -0.002517
   1    5   -1    1    2   -0.000130
   1    5    2   -2    2   -0.001320
   1    5    2    1    2   -0.002530
   1    8    0   -2   -2   -0.000599
   1    8   -1   -1   -2   -0.000605
   1    8    0   -2    2   -0.000592
   1    8   -1   -1    2   -0.000586
   1    6    2    0   -2    0.000414
   1    6    2    0    3   -0.001379
   1    8    1    2   -1   -0.000225
   1    8    3    0   -1   -0.000225
   1    8    1    2    1   -0.000226
   1    8    3    0    1   -0.000226
   1    7   -1    2   -1    0.000051
   1    7    2    2   -1    0.000049
   1    7   -1    2    1    0.001376
   1    7    2    2    1    0.001380
   1    7   -2    0    0    0.001957
   1    7    3    0    0    0.001956
   1    8    2    1   -2    0.002756
   1    8    2    1    2    0.002766
   1    8   -1   -2   -1    0.004461
   1    8   -1   -2    1    0.004459
   1    7    0    2   -2   -0.003902
   1    7    1    2   -2   -0.003901
   1    7    0    2    2   -0.000104
   1    7    1    2    2   -0.000108
   1    7   -1   -1   -2    0.001283
   1    7    2   -1   -2    0.001291
   1    7   -1   -1    2   -0.001256
   1    7    2   -1    2   -0.001249
   1    8    1    0   -3   -0.002666
   1    8    1    0    3   -0.002674
   1    8    0    2   -1   -0.001819
   1    8    3   -1   -1   -0.001818
   1    8    0    2    1   -0.001812
   1    8    3   -1    1   -0.001814
   1    6    3   -1    0   -0.000610
   1    6    3    1    0   -0.000612
   1    6    3   -1    1    0.000676
   1    6    3    1    1    0.000669
   1    7    0    0   -3   -0.000188
   1    7    1    0   -3   -0.000200
   1    7    0    0    3    0.008671
   1    7    1    0    3    0.008670
   1    5   -2   -1    0   -0.000643
   1    5   -2    0    0    0.000956
   1    5    0    2    0    0.000963
   1    5    1    2    0   -0.000646
   1    5    0   -3    0   -0.001720
   1    5    1   -3    0    0.000929
   1    5    3   -1    0    0.000932
   1    5    3    0    0   -0.001731
   1    5   -2   -1    1   -0.001720
   1    5   -2    0    1    0.000923
   1    5    0   -3    1   -0.000646
   1    5    0    2    1    0.000926
   1    5    1   -3    1    0.000946
   1    5    1    2    1   -0.001731
   1    5    3   -1    1    0.000953
   1    5    3    0    1   -0.000649
   1    8    0    0   -3    0.001284
   1    8    1   -1   -3    0.001283
   1    8    0    0    3    0.001278
   1    8    1   -1    3    0.001279
   1    5   -1   -1   -2   -0.000283
   1    5   -1    0   -2   -0.004283
   1    5    0   -2   -2   -0.002717
   1    5    0    1   -2   -0.004279
   1    5    1   -2   -2   -0.001443
   1    5    1    1   -2   -0.000282
   1    5    2   -1   -2   -0.001449
   1    5    2    0   -2   -0.002715
   1    5   -1   -1    3   -0.002713
   1    5   -1    0    3   -0.001442
   1    5    0   -2    3   -0.000284
   1    5    0    1    3   -0.001448
   1    5    1   -2    3   -0.004289
   1    5    1    1    3   -0.002710
   1    5    2   -1    3   -0.004285
   1    5    2    0    3   -0.000283
   1    7   -2    1    0    0.001749
   1    7    3    1    0    0.001758
   1    6    3    0   -1    0.001218
   1    6    3    0    2   -0.003590
   1    7   -2    0   -1    0.001787
   1    7    3    0   -1    0.001785
   1    7   -2    0    1    0.000292
   1    7    3    0    1    0.000293
   1    6   -1   -2    0    0.002885
   1    6   -1    2    0    0.002884
   1    6   -1   -2    1    0.000111
   1    6   -1    2    1    0.000111
   1    7   -1   -2    0    0.000116
   1    7    2   -2    0    0.000110
   1    8    2    2    0   -0.000298
   1    8    3    1    0   -0.000298
   1    6    2   -1   -2   -0.000378
   1    6    2    1   -2   -0.000370
   1    6    2   -1    3    0.002613
   1    6    2    1    3    0.002624
   1    6   -1    0   -2    0.001646
   1    6   -1    0    3    0.001699
   1    7    0    1   -3   -0.003197
   1    7    1    1   -3   -0.003171
   1    7    0    1    3    0.000565
   1    7    1    1    3    0.000566
   1    8    0   -1   -3   -0.002813
   1    8    0   -1    3   -0.002803
   1    8   -2    0    0   -0.002971
   1    8    1   -3    0   -0.002971
   1    6    2   -2   -1    0.001698
   1    6    2    2   -1    0.001697
   1    6    2   -2    2   -0.001932
   1    6    2    2    2   -0.001924
   1    6   -2    0    0    0.000773
   1    6   -2    0    1   -0.001464
   1    8   -1    1   -2   -0.000762
   1    8    2   -2   -2   -0.000761
   1    8   -1    1    2   -0.000767
   1    8    2   -2    2   -0.000768
   1    7   -2    1   -1   -0.000373
   1    7    3    1   -1   -0.000363
   1    7   -2    1    1    0.002151
   1    7    3    1    1    0.002165
   1    7   -2   -1    0   -0.000157
   1    7    3   -1    0   -0.000149
   1    8   -2   -1    0   -0.000936
   1    8    0   -3    0   -0.000936
   1    7   -1   -2   -1   -0.000123
   1    7    2   -2   -1   -0.000114
   1    7   -1   -2    1    0.000788
   1    7    2   -2    1    0.000789
   1    7    0   -2   -2   -0.001398
   1    7    1   -2   -2   -0.001398
   1    7    0   -2    2   -0.001265
   1    7    1   -2    2   -0.001266
   1    8    2    2   -1    0.000725
   1    8    3    1   -1    0.000725
   1    8    2    2    1    0.000722
   1    8    3    1    1    0.000722
   1    6    3   -1   -1    0.000523
   1    6    3    1   -1    0.000524
   1    6    3   -1    2   -0.001328
   1    6    3    1    2   -0.001326
   1    7    0   -1   -3    0.001963
   1    7    1   -1   -3    0.001960
   1    7    0   -1    3    0.001088
   1    7    1   -1    3    0.001088
   1    8   -2    0   -1    0.001520
   1    8    1   -3   -1    0.001519
   1    8   -2    0    1    0.001519
   1    8    1   -3    1    0.001520
   1    5   -2   -1   -1    0.000771
   1    5   -2    0   -1    0.000524
   1    5    0    2   -1    0.000518
   1    5    1    2   -1    0.000768
   1    5    0   -3   -1   -0.000065
   1    5    1   -3   -1    0.000041
   1    5    3   -1   -1    0.000039
   1    5    3    0   -1   -0.000071
   1    5   -2   -1    2   -0.000063
   1    5   -2    0    2    0.000045
   1    5    0    2    2    0.000043
   1    5    1    2    2   -0.000069
   1    5    0   -3    2    0.000775
   1    5    1   -3    2    0.000523
   1    5    3   -1    2    0.000518
   1    5    3    0    2    0.000771
   1    8    1    1   -3    0.001814
   1    8    2    0   -3    0.001813
   1    8    1    1    3    0.001818
   1    8    2    0    3    0.001820
   1    7    0    3    0    0.000803
   1    7    1    3    0    0.000808
   1    8   -1    2    0   -0.000948
   1    8    3   -2    0   -0.000948
   1    6   -1   -1   -2   -0.000108
   1    6   -1    1   -2   -0.000104
   1    6   -1   -1    3    0.000515
   1    6   -1    1    3    0.000519
   1    8    1    2   -2    0.000741
   1    8    3    0   -2    0.000738
   1    8    1    2    2    0.000738
   1    8    3    0    2    0.000741
   1    7   -2   -1   -1   -0.000376
   1    7    3   -1   -1   -0.000368
   1    7   -2   -1    1   -0.000463
   1    7    3   -1    1   -0.000458
   1    8   -2   -1   -1   -0.000942
   1    8    0   -3   -1   -0.000943
   1    8   -2   -1    1   -0.000948
   1    8    0   -3    1   -0.000946
   1    6   -2   -1    0    0.002920
   1    6   -2    1    0    0.002905
   1    6   -2   -1    1    0.000493
   1    6   -2    1    1    0.000483
   1    7   -1    2   -2    0.000622
   1    7    2    2   -2    0.000620
   1    7   -1    2    2    0.000026
   1    7    2    2    2    0.000027
   1    6   -1   -2   -1   -0.000286
   1    6   -1    2   -1   -0.000288
   1    6   -1   -2    2   -0.000557
   1    6   -1    2    2   -0.000557
   1    8   -1   -2   -2   -0.000851
   1    8   -1   -2    2   -0.000851
   1    6    1   -2   -2    0.000205
   1    6    1    2   -2    0.000207
   1    6    1   -2    3    0.000720
   1    6    1    2    3    0.000722
   1    8    0    1   -3    0.002485
   1    8    2   -1   -3    0.002484
   1    8    0    1    3    0.002487
   1    8    2   -1    3    0.002488
   1    7   -1    0   -3   -0.000400
   1    7    2    0   -3   -0.000406
   1    7   -1    0    3   -0.000277
   1    7    2    0    3   -0.000277
   1    8    0    2   -2   -0.000305
   1    8    3   -1   -2   -0.000302
   1    8    0    2    2   -0.000303
   1    8    3   -1    2   -0.000305
   1    5   -2   -2    0   -0.000976
   1    5   -2    1    0   -0.000908
   1    5   -1   -3    0    0.000046
   1    5   -1    2    0   -0.000909
   1    5    2   -3    0    0.000637
   1    5    2    2    0   -0.000979
   1    5    3   -2    0    0.000637
   1    5    3    1    0    0.000044
   1    5   -2   -2    1    0.000042
   1    5   -2    1    1    0.000634
   1    5   -1    2    1    0.000634
   1    5    2    2    1    0.000039
   1    5   -1   -3    1   -0.000978
   1    5    2   -3    1   -0.000905
   1    5    3   -2    1   -0.000907
   1    5    3    1    1   -0.000982
   1    6    1    0   -3   -0.000920
   1    6    1    0    4    0.002685
   1    6   -2    0   -1   -0.001944
   1    6   -2    0    2   -0.001842
   1    6    0   -2   -2    0.000047
   1    6    0    2   -2    0.000042
   1    6    0   -2    3    0.000095
   1    6    0    2    3    0.000093
   1    5   -1   -2   -2   -0.000832
   1    5   -1    1   -2    0.001136
   1    5    2   -2   -2   -0.000107
   1    5    2    1   -2   -0.000835
   1    5   -1   -2    3   -0.000831
   1    5   -1    1    3   -0.000104
   1    5    2   -2    3    0.001133
   1    5    2    1    3   -0.000834
   1    7    0    3   -1    0.001589
   1    7    1    3   -1    0.001588
   1    7    0    3    1    0.001217
   1    7    1    3    1    0.001220
   1    8   -1    2   -1   -0.000042
   1    8    3   -2   -1   -0.000043
   1    8   -1    2    1   -0.000045
   1    8    3   -2    1   -0.000044
   1    8   -2    1    0   -0.000839
   1    8    2   -3    0   -0.000839
   1    6    0    0   -3   -0.000327
   1    6    0    0    4   -0.000144
   1    7   -2    0   -2   -0.000365
   1    7    3    0   -2   -0.000368
   1    7   -2    0    2   -0.000046
   1    7    3    0    2   -0.000047
   1    5    0   -1   -3    0.000343
   1    5    0    0   -3   -0.002022
   1    5    1   -1   -3    0.000474
   1    5    1    0   -3    0.000351
   1    5    0   -1    4    0.000349
   1    5    0    0    4    0.000484
   1    5    1   -1    4   -0.002012
   1    5    1    0    4    0.000356
   1    7   -1    1   -3    0.001872
   1    7    2    1   -3    0.001870
   1    7   -1    1    3   -0.000830
   1    7    2    1    3   -0.000833
   1    8   -1    0   -3    0.001087
   1    8    1   -2   -3    0.001087
   1    8   -1    0    3    0.001092
   1    8    1   -2    3    0.001092
   1    6    1   -3    0   -0.000536
   1    6    1    3    0   -0.000537
   1    6    1   -3    1   -0.000283
   1    6    1    3    1   -0.000285
   1    6    3   -2    0    0.000306
   1    6    3    2    0    0.000308
   1    6    3   -2    1    0.000118
   1    6    3    2    1    0.000118
   1    7   -2    2    0    0.000842
   1    7    3    2    0    0.000843
   1    8   -1   -1   -3   -0.000766
   1    8    0   -2   -3   -0.000768
   1    8    0   -2    3   -0.000763
   1    8   -1   -1    3   -0.000765
   1    8   -2    1   -1   -0.000487
   1    8    2   -3   -1   -0.000488
   1    8   -2    1    1   -0.000493
   1    8    2   -3    1   -0.000492
   1    6    0   -3    0    0.001035
   1    6    0    3    0    0.001040
   1    6    0   -3    1    0.000351
   1    6    0    3    1    0.000354
   1    6    1   -1   -3   -0.000600
   1    6    1    1   -3   -0.000601
   1    6    1   -1    4   -0.001317
   1    6    1    1    4   -0.001326
   1    7   -2    1   -2   -0.000209
   1    7    3    1   -2   -0.000205
   1    7   -2    1    2    0.001065
   1    7    3    1    2    0.001067
   1    6   -2   -1   -1   -0.000286
   1    6   -2    1   -1   -0.000289
   1    6   -2   -1    2   -0.000090
   1    6   -2    1    2   -0.000095
   1    6    3    0   -2    0.000607
   1    6    3    0    3   -0.001244
   1    8    2    1   -3   -0.000048
   1    8    2    1    3   -0.000051
   1    7   -1   -2   -2    0.000347
   1    7    2   -2   -2    0.000350
   1    7   -1   -2    2   -0.000578
   1    7    2   -2    2   -0.000577
   1    7    0    2   -3   -0.000158
   1    7    1    2   -3   -0.000152
   1    7    1    2    3   -0.000215
   1    7    0    2    3   -0.000217
   1    8    2    2   -2   -0.000187
   1    8    3    1   -2   -0.000186
   1    8    2    2    2   -0.000189
   1    8    3    1    2   -0.000190
   1    7   -1   -1   -3    0.000394
   1    7    2   -1   -3    0.000394
   1    7   -1   -1    3   -0.000256
   1    7    2   -1    3   -0.000254
   1    8   -2   -2    0   -0.003249
   1    8   -1   -3    0   -0.003249
   1    6    0   -1   -3   -0.000831
   1    6    0    1   -3   -0.000831
   1    6    0   -1    4   -0.000009
   1    6    0    1    4   -0.000004
   1    5   -2   -2   -1   -0.000063
   1    5   -2    1   -1   -0.000412
   1    5   -1    2   -1   -0.000413
   1    5    2    2   -1   -0.000063
   1    5   -1   -3   -1   -0.000447
   1    5    2   -3   -1    0.000425
   1    5    3   -2   -1    0.000426
   1    5    3    1   -1   -0.000449
   1    5   -2   -2    2   -0.000447
   1    5   -2    1    2    0.000422
   1    5   -1    2    2    0.000423
   1    5    2    2    2   -0.000450
   1    5   -1   -3    2   -0.000058
   1    5    2   -3    2   -0.000413
   1    5    3   -2    2   -0.000414
   1    5    3    1    2   -0.000058
   1    8   -2    0   -2    0.000868
   1    8    1   -3   -2    0.000869
   1    8   -2    0    2    0.000865
   1    8    1   -3    2    0.000865
   1    6    2   -2   -2    0.000679
   1    6    2    2   -2    0.000679
   1    6    2   -2    3   -0.000097
   1    6    2    2    3   -0.000096
   1    7   -1    3    0    0.000954
   1    7    2    3    0    0.000955
   1    7   -2    2   -1    0.000513
   1    7    3    2   -1    0.000512
   1    7   -2    2    1   -0.000124
   1    7    3    2    1   -0.000125
   1    6    2    0   -3   -0.000287
   1    6    2    0    4   -0.001255
   1    7    0   -3    0    0.000171
   1    7    1   -3    0    0.000170
   1    7   -2   -1   -2    0.000268
   1    7    3   -1   -2    0.000271
   1    7   -2   -1    2   -0.000229
   1    7    3   -1    2   -0.000230
   1    8   -2   -1   -2   -0.000475
   1    8    0   -3   -2   -0.000473
   1    8   -2   -1    2   -0.000476
   1    8    0   -3    2   -0.000477
   1    6    1   -3   -1   -0.000701
   1    6    1    3   -1   -0.000702
   1    6    1   -3    2   -0.000851
   1    6    1    3    2   -0.000852
   1    8   -2   -2   -1    0.000343
   1    8   -1   -3   -1    0.000344
   1    8   -2   -2    1    0.000344
   1    8   -1   -3    1    0.000343
   1    8    3    2    0   -0.000717
   1    6    3   -1   -2   -0.000080
   1    6    3    1   -2   -0.000078
   1    6    3   -1    3   -0.000056
   1    6    3    1    3   -0.000053
   1    8   -1    1   -3   -0.001140
   1    8    2   -2   -3   -0.001139
   1    8   -1    1    3   -0.001141
   1    8    2   -2    3   -0.001141
   1    5   -2   -1   -2    0.000083
   1    5   -2    0   -2    0.000032
   1    5    0    2   -2    0.000034
   1    5    1    2   -2    0.000085
   1    5    0   -3   -2   -0.000239
   1    5    1   -3   -2   -0.000438
   1    5    3   -1   -2   -0.000441
   1    5    3    0   -2   -0.000240
   1    5   -2   -1    3   -0.000234
   1    5   -2    0    3   -0.000437
   1    5    0   -3    3    0.000087
   1    5    0    2    3   -0.000440
   1    5    1   -3    3    0.000035
   1    5    1    2    3   -0.000236
   1    5    3   -1    3    0.000037
   1    5    3    0    3    0.000089
   1    7   -1    3   -1    0.000179
   1    7    2    3   -1    0.000182
   1    7   -1    3    1    0.000187
   1    7    2    3    1    0.000185
   1    6    2   -3    0   -0.000131
   1    6    2    3    0   -0.000129
   1    6    2   -3    1   -0.000738
   1    6    2    3    1   -0.000736
   1    6    3   -2   -1    0.000007
   1    6    3    2   -1    0.000008
   1    6    3   -2    2    0.000147
   1    6    3    2    2    0.000147
   1    7   -2   -2    0   -0.000045
   1    7    3   -2    0   -0.000046
   1    7    0    3   -2    0.000422
   1    7    1    3   -2    0.000419
   1    7    0    3    2    0.000412
   1    7    1    3    2    0.000413
   1    8   -1    2   -2   -0.000114
   1    8    3   -2   -2   -0.000113
   1    8   -1    2    2   -0.000115
   1    8    3   -2    2   -0.000115
   1    6    0   -3   -1   -0.000730
   1    6    0    3   -1   -0.000729
   1    6    0   -3    2   -0.000283
   1    6    0    3    2   -0.000282
   1    7    0   -3   -1    0.000261
   1    7    1   -3   -1    0.000261
   1    7    0   -3    1   -0.000568
   1    7    1   -3    1   -0.000565
   1    5   -1   -1   -3   -0.000149
   1    5   -1    0   -3   -0.001160
   1    5    0   -2   -3    0.000655
   1    5    0    1   -3   -0.001161
   1    5    1   -2   -3   -0.000451
   1    5    1    1   -3   -0.000149
   1    5    2   -1   -3   -0.000453
   1    5    2    0   -3    0.000659
   1    5   -1   -1    4    0.000656
   1    5   -1    0    4   -0.000454
   1    5    0   -2    4   -0.000150
   1    5    0    1    4   -0.000456
   1    5    1   -2    4   -0.001161
   1    5    1    1    4    0.000659
   1    5    2   -1    4   -0.001162
   1    5    2    0    4   -0.000150
   1    8    4    0    0    0.000232
   1    8    1    3    0    0.000232
   1    6    4    0    0    0.001043
   1    6    4    0    1    0.000874
   1    6   -1   -2   -2    0.000500
   1    6   -1    2   -2    0.000501
   1    6   -1   -2    3   -0.000301
   1    6   -1    2    3   -0.000300
   1    7    0   -2   -3   -0.000403
   1    7    1   -2   -3   -0.000399
   1    7    0   -2    3   -0.000656
   1    7    1   -2    3   -0.000656
   1    6    2   -1   -3   -0.001118
   1    6    2    1   -3   -0.001118
   1    6    2   -1    4    0.000416
   1    6    2    1    4    0.000414
   1    6   -2   -2    0    0.000260
   1    6   -2    2    0    0.000261
   1    6   -2   -2    1   -0.000127
   1    6   -2    2    1   -0.000127
   1    6   -1    0   -3   -0.000207
   1    6   -1    0    4    0.000104
   1    8    1    0   -4    0.000060
   1    8    1    0    4    0.000055
   1    8    3    2   -1   -0.000045
   1    8    3    2    1   -0.000044
   1    8    4   -1    0    0.000071
   1    8    0    3    0    0.000071
   1    7    0    0   -4    0.000135
   1    7    1    0   -4    0.000131
   1    7    0    0    4    0.001695
   1    7    1    0    4    0.001690
   1    6   -2    0   -2    0.000241
   1    6   -2    0    3   -0.000163
   1    7   -2   -2   -1    0.000155
   1    7    3   -2   -1    0.000154
   1    7   -2   -2    1   -0.000410
   1    7    3   -2    1   -0.000410
   1    8   -2    1   -2   -0.000339
   1    8    2   -3   -2   -0.000339
   1    8   -2    1    2   -0.000340
   1    8    2   -3    2   -0.000340
   1    8    0    0   -4    0.000261
   1    8    1   -1   -4    0.000261
   1    8    0    0    4    0.000257
   1    8    1   -1    4    0.000257
   1    8    1    2   -3    0.000152
   1    8    3    0   -3    0.000151
   1    8    1    2    3    0.000151
   1    8    3    0    3    0.000152
   1    8    4    0   -1   -0.000442
   1    8    1    3   -1   -0.000442
   1    8    4    0    1   -0.000442
   1    8    1    3    1   -0.000441
   1    7   -1    2   -3    0.000525
   1    7    2    2   -3    0.000523
   1    7   -1    2    3   -0.000079
   1    7    2    2    3   -0.000079
   1    8   -1   -2   -3   -0.000964
   1    8   -1   -2    3   -0.000964
   1    6   -1   -3    0   -0.000281
   1    6   -1    3    0   -0.000281
   1    6   -1   -3    1   -0.000015
   1    6   -1    3    1   -0.000013
   1    7    0    1   -4   -0.001693
   1    7    1    1   -4   -0.001687
   1    7    0    1    4   -0.000202
   1    7    1    1    4   -0.000201
   1    8    0   -1   -4   -0.000600
   1    8    0   -1    4   -0.000604
   1    8    0    2   -3    0.000074
   1    8    3   -1   -3    0.000076
   1    8    0    2    3    0.000074
   1    8    3   -1    3    0.000072
   1    8    4   -1   -1   -0.000280
   1    8    0    3   -1   -0.000280
   1    8    4   -1    1   -0.000279
   1    8    0    3    1   -0.000278
   1    6    4   -1    0   -0.000064
   1    6    4    1    0   -0.000061
   1    6    4   -1    1    0.000383
   1    6    4    1    1    0.000386
   2    3    0    0    0    1.592359
   2    3    0    0    1    1.592359
   2    4    0    1    0    1.189256
   2    4    0    1    1    0.481603
   2    1    0    1    0    1.178072
   2    1    0    0    0    1.178072
   2    4    0    0    0    0.236080
   2    4    0    0    1    0.120679
   2    2    0    0   -1    0.337158
   2    2    0    0    1    0.337158
   2    3    0    1    0    0.107642
   2    3   -1    0    0    0.106713
   2    3    0    1    1    0.107642
   2    3   -1    0    1    0.106713
   2    1   -1    1    0   -0.175664
   2    1   -1    0    0   -0.175664
   2    1    0    1    1   -0.127900
   2    1    0    0    1   -0.127900
   2    1    0    0   -1   -0.068734
   2    1    0    1   -1   -0.068734
   2    2   -1    0    0   -0.011736
   2    2    0   -1    0   -0.012017
   2    2    1    0    0   -0.011736
   2    2    0    1    0   -0.012017
   2    4   -1    1    0    0.001733
   2    4    1    1    0    0.001733
   2    4   -1    1    1    0.018347
   2    4    1    1    1    0.018347
   2    3   -1    1    0    0.018704
   2    3   -1    1    1    0.018704
   2    3    0   -1    0   -0.045424
   2    3    1    0    0   -0.045361
   2    3    0   -1    1   -0.045424
   2    3    1    0    1   -0.045361
   2    1   -1    1    1    0.013165
   2    1   -1    0    1    0.013165
   2    1   -1    0   -1    0.063805
   2    1   -1    1   -1    0.063805
   2    4   -1    0    0    0.045152
   2    4    1    0    0    0.045152
   2    4   -1    0    1   -0.027624
   2    4    1    0    1   -0.027624
   2    1    1    1    0   -0.058618
   2    1    1    0    0   -0.058618
   2    3    0    0   -1    0.003442
   2    3    0    0    2    0.003442
   2    4    0    1   -1   -0.040760
   2    4    0    1    2    0.033129
   2    2   -1    0   -1   -0.031325
   2    2   -1    0    1    0.016744
   2    2    0   -1   -1   -0.031203
   2    2    0   -1    1    0.016880
   2    2    1    0   -1    0.016744
   2    2    1    0    1   -0.031325
   2    2    0    1   -1    0.016880
   2    2    0    1    1   -0.031203
   2    4    0    2    0   -0.002148
   2    4    0    2    1   -0.018421
   2    2   -1   -1    0    0.015683
   2    2    1   -1    0    0.030841
   2    2   -1    1    0    0.030841
   2    2    1    1    0    0.015683
   2    4    0    0   -1    0.009442
   2    4    0    0    2   -0.015902
   2    3    1    1    0    0.030864
   2    3   -1   -1    0    0.030845
   2    3   -1   -1    1    0.030845
   2    3    1    1    1    0.030864
   2    1    0   -1    0   -0.004625
   2    1    0    2    0   -0.004625
   2    3   -1    0   -1   -0.008282
   2    3    0    1   -1   -0.008370
   2    3   -1    0    2   -0.008282
   2    3    0    1    2   -0.008370
   2    1    1    1    1   -0.000683
   2    1    1    0    1   -0.000683
   2    1    1    1   -1    0.008659
   2    1    1    0   -1    0.008659
   2    4   -1    1   -1   -0.016805
   2    4    1    1   -1   -0.016805
   2    4   -1    1    2    0.004091
   2    4    1    1    2    0.004091
   2    2   -1   -1   -1    0.001995
   2    2   -1   -1    1   -0.012863
   2    2   -1    1   -1   -0.017307
   2    2   -1    1    1   -0.017361
   2    2    1   -1   -1   -0.017361
   2    2    1   -1    1   -0.017307
   2    2    1    1   -1   -0.012863
   2    2    1    1    1    0.001995
   2    2    0    0   -2    0.003011
   2    2    0    0    2    0.003011
   2    4   -1    2    0   -0.014562
   2    4    1    2    0   -0.014562
   2    4   -1    2    1   -0.003797
   2    4    1    2    1   -0.003797
   2    1   -1   -1    0    0.015324
   2    1   -1    2    0    0.015324
   2    3   -1    1   -1   -0.002075
   2    3   -1    1    2   -0.002075
   2    3    1   -1    0    0.009863
   2    3    1   -1    1    0.009863
   2    1    0   -1    1   -0.004992
   2    1    0    2    1   -0.004992
   2    1    0   -1   -1    0.002195
   2    1    0    2   -1    0.002195
   2    4    0   -1    0    0.003980
   2    4    0   -1    1   -0.001221
   2    3    0   -1   -1   -0.011309
   2    3    1    0   -1   -0.011296
   2    3    0   -1    2   -0.011309
   2    3    1    0    2   -0.011296
   2    4   -1    0   -1    0.004568
   2    4    1    0   -1    0.004568
   2    4   -1    0    2    0.006090
   2    4    1    0    2    0.006090
   2    1    0    0    2    0.014618
   2    1    0    1    2    0.014618
   2    1    0    0   -2   -0.009145
   2    1    0    1   -2   -0.009145
   2    4    0    2   -1    0.003555
   2    4    0    2    2    0.010181
   2    3   -2    0    0    0.002832
   2    3    0    2    0    0.002851
   2    3   -2    0    1    0.002832
   2    3    0    2    1    0.002851
   2    1   -2    0    0   -0.007588
   2    1   -2    1    0   -0.007588
   2    1   -1   -1    1   -0.001280
   2    1   -1    2    1   -0.001280
   2    1   -1   -1   -1   -0.000798
   2    1   -1    2   -1   -0.000798
   2    1    1   -1    0   -0.002221
   2    1    1    2    0   -0.002221
   2    3    1    1   -1    0.010213
   2    3   -1   -1   -1    0.010219
   2    3   -1   -1    2    0.010219
   2    3    1    1    2    0.010213
   2    1   -1    0    2    0.004314
   2    1   -1    1    2    0.004314
   2    1   -1    0   -2    0.006218
   2    1   -1    1   -2    0.006218
   2    2   -1    0   -2    0.001635
   2    2   -1    0    2   -0.003135
   2    2    0   -1   -2    0.001647
   2    2    0   -1    2   -0.003156
   2    2    0    1   -2   -0.003156
   2    2    0    1    2    0.001647
   2    2    1    0   -2   -0.003135
   2    2    1    0    2    0.001635
   2    4   -1   -1    0   -0.000637
   2    4    1   -1    0   -0.000637
   2    4   -1   -1    1    0.001550
   2    4    1   -1    1    0.001550
   2    2   -2    0    0   -0.003004
   2    2    0   -2    0   -0.003044
   2    2    0    2    0   -0.003044
   2    2    2    0    0   -0.003004
   2    3   -2    1    0    0.013603
   2    3   -1    2    0    0.013654
   2    3   -2    1    1    0.013603
   2    3   -1    2    1    0.013654
   2    1   -2    0    1   -0.002639
   2    1   -2    1    1   -0.002639
   2    1   -2    0   -1   -0.002168
   2    1   -2    1   -1   -0.002168
   2    4   -2    1    0    0.004049
   2    4    2    1    0    0.004049
   2    4   -2    1    1    0.003254
   2    4    2    1    1    0.003254
   2    4   -1    2   -1   -0.000524
   2    4    1    2   -1   -0.000524
   2    4   -1    2    2   -0.003335
   2    4    1    2    2   -0.003335
   2    1    1   -1    1    0.002700
   2    1    1    2    1    0.002700
   2    1    1   -1   -1    0.000869
   2    1    1    2   -1    0.000869
   2    3    1   -1   -1   -0.000975
   2    3    1   -1    2   -0.000975
   2    4    0   -1   -1    0.001326
   2    4    0   -1    2    0.000713
   2    1    1    0    2    0.004035
   2    1    1    1    2    0.004035
   2    1    1    0   -2    0.005956
   2    1    1    1   -2    0.005956
   2    3    0    0   -2    0.004987
   2    3    0    0    3    0.004987
   2    4    0    1   -2   -0.011109
   2    4    0    1    3    0.014473
   2    4   -2    0    0   -0.003785
   2    4    2    0    0   -0.003785
   2    4   -2    0    1   -0.003447
   2    4    2    0    1   -0.003447
   2    2   -2    0   -1   -0.008187
   2    2   -2    0    1   -0.002383
   2    2    0   -2   -1   -0.008241
   2    2    0   -2    1   -0.002396
   2    2    0    2   -1   -0.002396
   2    2    0    2    1   -0.008241
   2    2    2    0   -1   -0.002383
   2    2    2    0    1   -0.008187
   2    2   -1   -1   -2   -0.005492
   2    2   -1   -1    2   -0.001515
   2    2   -1    1   -2   -0.001050
   2    2   -1    1    2   -0.001063
   2    2    1   -1   -2   -0.001063
   2    2    1   -1    2   -0.001050
   2    2    1    1   -2   -0.001515
   2    2    1    1    2   -0.005492
   2    4    0    0   -2    0.003581
   2    4    0    0    3    0.001252
   2    3   -2   -1    0    0.001641
   2    3    1    2    0    0.001626
   2    3   -2   -1    1    0.001641
   2    3    1    2    1    0.001626
   2    3   -2    0   -1    0.002348
   2    3    0    2   -1    0.002361
   2    3   -2    0    2    0.002348
   2    3    0    2    2    0.002361
   2    3    0   -2    0   -0.000451
   2    3    2    0    0   -0.000453
   2    3    0   -2    1   -0.000451
   2    3    2    0    1   -0.000453
   2    2   -2   -1    0   -0.006693
   2    2   -2    1    0    0.001461
   2    2   -1   -2    0   -0.006719
   2    2   -1    2    0    0.001469
   2    2    1   -2    0    0.001469
   2    2    1    2    0   -0.006719
   2    2    2   -1    0    0.001461
   2    2    2    1    0   -0.006693
   2    1    2    1    0   -0.003019
   2    1    2    0    0   -0.003019
   2    1    0   -1    2   -0.001445
   2    1    0    2    2   -0.001445
   2    1    0   -1   -2    0.001454
   2    1    0    2   -2    0.001454
   2    3    0    1   -2   -0.006018
   2    3   -1    0   -2   -0.005998
   2    3    0    1    3   -0.006018
   2    3   -1    0    3   -0.005998
   2    4   -1   -1   -1    0.000930
   2    4    1   -1   -1    0.000930
   2    4   -1   -1    2   -0.001224
   2    4    1   -1    2   -0.001224
   2    4   -1    1   -2   -0.005764
   2    4    1    1   -2   -0.005764
   2    4   -1    1    3    0.000837
   2    4    1    1    3    0.000837
   2    4    0    3    0    0.000864
   2    4    0    3    1    0.000480
   2    1   -2   -1    0    0.000023
   2    1   -2    2    0    0.000023
   2    3   -2    1   -1    0.002522
   2    3   -1    2   -1    0.002536
   2    3   -2    1    2    0.002522
   2    3   -1    2    2    0.002536
   2    3   -1   -2    0    0.009599
   2    3    2    1    0    0.009560
   2    3   -1   -2    1    0.009599
   2    3    2    1    1    0.009560
   2    4   -2    1   -1    0.001287
   2    4    2    1   -1    0.001287
   2    4   -2    1    2   -0.000496
   2    4    2    1    2   -0.000496
   2    2   -2   -1   -1   -0.001526
   2    2   -2   -1    1   -0.001905
   2    2   -2    1   -1   -0.000731
   2    2   -2    1    1   -0.000901
   2    2   -1   -2   -1   -0.001534
   2    2   -1   -2    1   -0.001911
   2    2   -1    2   -1   -0.000910
   2    2   -1    2    1   -0.000740
   2    2    1   -2   -1   -0.000740
   2    2    1   -2    1   -0.000910
   2    2    1    2   -1   -0.001911
   2    2    1    2    1   -0.001534
   2    2    2   -1   -1   -0.000901
   2    2    2   -1    1   -0.000731
   2    2    2    1   -1   -0.001905
   2    2    2    1    1   -0.001526
   2    1    2    0    1   -0.004452
   2    1    2    1    1   -0.004452
   2    1    2    0   -1   -0.000521
   2    1    2    1   -1   -0.000521
   2    1   -1   -1    2   -0.002224
   2    1   -1    2    2   -0.002224
   2    1   -1   -1   -2    0.001055
   2    1   -1    2   -2    0.001055
   2    3   -1    1   -2   -0.001006
   2    3   -1    1    3   -0.001006
   2    3    0   -1   -2    0.000719
   2    3    1    0   -2    0.000718
   2    3    0   -1    3    0.000719
   2    3    1    0    3    0.000718
   2    4   -1    0   -2   -0.000186
   2    4    1    0   -2   -0.000186
   2    4   -1    0    3   -0.000018
   2    4    1    0    3   -0.000018
   2    4   -2    2    0    0.000029
   2    4    2    2    0    0.000029
   2    4   -2    2    1   -0.002321
   2    4    2    2    1   -0.002321
   2    4   -2    0   -1    0.001508
   2    4    2    0   -1    0.001508
   2    4   -2    0    2   -0.000487
   2    4    2    0    2   -0.000487
   2    4    0    2   -2    0.000410
   2    4    0    2    3   -0.001381
   2    1   -2   -1    1    0.001382
   2    1   -2    2    1    0.001382
   2    1   -2   -1   -1    0.000051
   2    1   -2    2   -1    0.000051
   2    1    0   -2    0    0.001965
   2    1    0    3    0    0.001965
   2    3   -2   -1   -1   -0.001568
   2    3    1    2   -1   -0.001574
   2    3   -2   -1    2   -0.001568
   2    3    1    2    2   -0.001574
   2    2    0    0   -3   -0.006613
   2    2    0    0    3   -0.006613
   2    3    1   -2    0   -0.003377
   2    3    2   -1    0   -0.003359
   2    3    1   -2    1   -0.003377
   2    3    2   -1    1   -0.003359
   2    3    0   -2   -1    0.002540
   2    3    2    0   -1    0.002541
   2    3    0   -2    2    0.002540
   2    3    2    0    2    0.002541
   2    1   -2    0    2   -0.000107
   2    1   -2    1    2   -0.000107
   2    1   -2    0   -2   -0.003901
   2    1   -2    1   -2   -0.003901
   2    1    1   -1    2   -0.001262
   2    1    1    2    2   -0.001262
   2    1    1   -1   -2    0.001291
   2    1    1    2   -2    0.001291
   2    3   -1   -1   -2    0.001270
   2    3    1    1   -2    0.001279
   2    3   -1   -1    3    0.001270
   2    3    1    1    3    0.001279
   2    4   -1    3    0   -0.000609
   2    4    1    3    0   -0.000609
   2    4   -1    3    1    0.000678
   2    4    1    3    1    0.000678
   2    1    0    1    3    0.008697
   2    1    0    0    3    0.008697
   2    1    0    0   -3   -0.000192
   2    1    0    1   -3   -0.000192
   2    3   -2    2    0    0.002853
   2    3   -2    2    1    0.002853
   2    2   -2    0   -2    0.000962
   2    2   -2    0    2   -0.002610
   2    2    0   -2   -2    0.000970
   2    2    0   -2    2   -0.002610
   2    2    0    2   -2   -0.002610
   2    2    0    2    2    0.000970
   2    2    2    0   -2   -0.002610
   2    2    2    0    2    0.000962
   2    1   -1   -2    0    0.001757
   2    1   -1    3    0    0.001757
   2    4    0    3   -1    0.001217
   2    4    0    3    2   -0.003599
   2    1    0   -2    1    0.000297
   2    1    0    3    1    0.000297
   2    1    0   -2   -1    0.001786
   2    1    0    3   -1    0.001786
   2    4   -2   -1    0    0.002885
   2    4    2   -1    0    0.002885
   2    4   -2   -1    1    0.000113
   2    4    2   -1    1    0.000113
   2    1    2   -1    0    0.000109
   2    1    2    2    0    0.000109
   2    3   -1   -2   -1    0.001945
   2    3    2    1   -1    0.001934
   2    3   -1   -2    2    0.001945
   2    3    2    1    2    0.001934
   2    4   -1    2   -2   -0.000373
   2    4    1    2   -2   -0.000373
   2    4   -1    2    3    0.002621
   2    4    1    2    3    0.002621
   2    3    1   -1   -2   -0.000152
   2    3    1   -1    3   -0.000152
   2    4    0   -1   -2    0.001657
   2    4    0   -1    3    0.001694
   2    1   -1    0    3    0.000572
   2    1   -1    1    3    0.000572
   2    1   -1    0   -3   -0.003178
   2    1   -1    1   -3   -0.003178
   2    2   -1    0   -3   -0.000490
   2    2   -1    0    3   -0.000202
   2    2    0   -1   -3   -0.000500
   2    2    0   -1    3   -0.000210
   2    2    1    0   -3   -0.000202
   2    2    1    0    3   -0.000490
   2    2    0    1   -3   -0.000210
   2    2    0    1    3   -0.000500
   2    4   -2    2   -1    0.001696
   2    4    2    2   -1    0.001696
   2    4   -2    2    2   -0.001925
   2    4    2    2    2   -0.001925
   2    4    0   -2    0    0.000768
   2    4    0   -2    1   -0.001467
   2    1   -1   -2    1    0.002159
   2    1   -1    3    1    0.002159
   2    1   -1   -2   -1   -0.000369
   2    1   -1    3   -1   -0.000369
   2    1    1   -2    0   -0.000153
   2    1    1    3    0   -0.000153
   2    1    2   -1    1    0.000788
   2    1    2    2    1    0.000788
   2    1    2   -1   -1   -0.000123
   2    1    2    2   -1   -0.000123
   2    3    1   -2   -1    0.000806
   2    3    2   -1   -1    0.000810
   2    3    1   -2    2    0.000806
   2    3    2   -1    2    0.000810
   2    3   -2    0   -2    0.000405
   2    3    0    2   -2    0.000408
   2    3   -2    0    3    0.000405
   2    3    0    2    3    0.000408
   2    2   -2   -1   -2    0.000743
   2    2   -2   -1    2   -0.001004
   2    2   -1   -2   -2    0.000743
   2    2   -1   -2    2   -0.001006
   2    2   -1    2   -2   -0.000801
   2    2   -1    2    2   -0.000304
   2    2    1   -2   -2   -0.000304
   2    2    1   -2    2   -0.000801
   2    2    1    2   -2   -0.001006
   2    2    1    2    2    0.000743
   2    2    2   -1   -2   -0.000805
   2    2    2   -1    2   -0.000299
   2    2   -2    1   -2   -0.000299
   2    2   -2    1    2   -0.000805
   2    2    2    1   -2   -0.001004
   2    2    2    1    2    0.000743
   2    1    2    0    2   -0.001261
   2    1    2    1    2   -0.001261
   2    1    2    1   -2   -0.001396
   2    1    2    0   -2   -0.001396
   2    4   -1    3   -1    0.000520
   2    4    1    3   -1    0.000520
   2    4   -1    3    2   -0.001328
   2    4    1    3    2   -0.001328
   2    1    1    0    3    0.001084
   2    1    1    1    3    0.001084
   2    1    1    0   -3    0.001963
   2    1    1    1   -3    0.001963
   2    2   -2   -2    0    0.000865
   2    2   -2    2    0    0.000722
   2    2    2   -2    0    0.000722
   2    2    2    2    0    0.000865
   2    3   -3    0    0   -0.001033
   2    3    0    3    0   -0.001030
   2    3   -3    0    1   -0.001033
   2    3    0    3    1   -0.001030
   2    1   -3    0    0    0.000804
   2    1   -3    1    0    0.000804
   2    3   -2    2   -1   -0.000018
   2    3   -2    2    2   -0.000018
   2    4   -1   -1   -2   -0.000105
   2    4    1   -1   -2   -0.000105
   2    4   -1   -1    3    0.000519
   2    4    1   -1    3    0.000519
   2    3   -2   -2    0    0.000356
   2    3    2    2    0    0.000352
   2    3   -2   -2    1    0.000356
   2    3    2    2    1    0.000352
   2    2   -1   -1   -3    0.000804
   2    2   -1   -1    3   -0.000805
   2    2   -1    1   -3    0.002241
   2    2   -1    1    3    0.002239
   2    2    1   -1   -3    0.002239
   2    2    1   -1    3    0.002241
   2    2    1    1   -3   -0.000805
   2    2    1    1    3    0.000804
   2    1    1   -2    1   -0.000461
   2    1    1    3    1   -0.000461
   2    1    1   -2   -1   -0.000376
   2    1    1    3   -1   -0.000376
   2    4   -1   -2    0    0.002912
   2    4    1   -2    0    0.002912
   2    4   -1   -2    1    0.000487
   2    4    1   -2    1    0.000487
   2    1   -2   -1    2    0.000028
   2    1   -2    2    2    0.000028
   2    1   -2   -1   -2    0.000618
   2    1   -2    2   -2    0.000618
   2    3   -2    1   -2    0.000048
   2    3   -1    2   -2    0.000049
   2    3   -2    1    3    0.000048
   2    3   -1    2    3    0.000049
   2    4   -2   -1   -1   -0.000288
   2    4    2   -1   -1   -0.000288
   2    4   -2   -1    2   -0.000557
   2    4    2   -1    2   -0.000557
   2    4   -2    1   -2    0.000206
   2    4    2    1   -2    0.000206
   2    4   -2    1    3    0.000721
   2    4    2    1    3    0.000721
   2    1    0   -1    3   -0.000281
   2    1    0    2    3   -0.000281
   2    1    0   -1   -3   -0.000397
   2    1    0    2   -3   -0.000397
   2    3    0    0   -3   -0.000686
   2    3    0    0    4   -0.000686
   2    4    0    1   -3   -0.000920
   2    4    0    1    4    0.002691
   2    2   -2   -2   -1   -0.002468
   2    2   -2   -2    1   -0.000452
   2    2   -2    2   -1   -0.000458
   2    2   -2    2    1   -0.000460
   2    2    2   -2   -1   -0.000460
   2    2    2   -2    1   -0.000458
   2    2    2    2   -1   -0.000452
   2    2    2    2    1   -0.002468
   2    4    0   -2   -1   -0.001945
   2    4    0   -2    2   -0.001843
   2    3   -3    1    0   -0.001182
   2    3   -1    3    0   -0.001189
   2    3   -3    1    1   -0.001182
   2    3   -1    3    1   -0.001189
   2    4   -2    0   -2    0.000045
   2    4    2    0   -2    0.000045
   2    4   -2    0    3    0.000094
   2    4    2    0    3    0.000094
   2    1   -3    0    1    0.001217
   2    1   -3    1    1    0.001217
   2    1   -3    0   -1    0.001586
   2    1   -3    1   -1    0.001586
   2    2   -3    0    0   -0.001223
   2    2    0   -3    0   -0.001218
   2    2    3    0    0   -0.001223
   2    2    0    3    0   -0.001218
   2    4    0    0   -3   -0.000325
   2    4    0    0    4   -0.000137
   2    1    0   -2    2   -0.000043
   2    1    0    3    2   -0.000043
   2    1    0   -2   -2   -0.000364
   2    1    0    3   -2   -0.000364
   2    3   -2   -1   -2   -0.000500
   2    3    1    2   -2   -0.000498
   2    3   -2   -1    3   -0.000500
   2    3    1    2    3   -0.000498
   2    3    0   -2   -2    0.000680
   2    3    2    0   -2    0.000672
   2    3    0   -2    3    0.000680
   2    3    2    0    3    0.000672
   2    1   -1   -1    3   -0.000831
   2    1   -1    2    3   -0.000831
   2    1   -1   -1   -3    0.001870
   2    1   -1    2   -3    0.001870
   2    4   -3    1    0   -0.000536
   2    4    3    1    0   -0.000536
   2    4   -3    1    1   -0.000284
   2    4    3    1    1   -0.000284
   2    3   -1    0   -3   -0.000193
   2    3    0    1   -3   -0.000194
   2    3   -1    0    4   -0.000193
   2    3    0    1    4   -0.000194
   2    3   -3   -1    0   -0.001291
   2    3    1    3    0   -0.001295
   2    3   -3   -1    1   -0.001291
   2    3    1    3    1   -0.001295
   2    4   -2    3    0    0.000306
   2    4    2    3    0    0.000306
   2    4   -2    3    1    0.000119
   2    4    2    3    1    0.000119
   2    1   -2   -2    0    0.000845
   2    1   -2    3    0    0.000845
   2    3   -3    0   -1    0.000054
   2    3    0    3   -1    0.000055
   2    3   -3    0    2    0.000054
   2    3    0    3    2    0.000055
   2    4   -3    0    0    0.001036
   2    4    3    0    0    0.001036
   2    4   -3    0    1    0.000351
   2    4    3    0    1    0.000351
   2    3   -2   -2   -1   -0.000158
   2    3    2    2   -1   -0.000157
   2    3   -2   -2    2   -0.000158
   2    3    2    2    2   -0.000157
   2    3    2   -2    0   -0.000945
   2    3    2   -2    1   -0.000945
   2    4   -1    1   -3   -0.000598
   2    4    1    1   -3   -0.000598
   2    4   -1    1    4   -0.001324
   2    4    1    1    4   -0.001324
   2    2   -3    0   -1   -0.000190
   2    2   -3    0    1    0.000398
   2    2    0   -3   -1   -0.000190
   2    2    0   -3    1    0.000400
   2    2    3    0   -1    0.000398
   2    2    3    0    1   -0.000190
   2    2    0    3   -1    0.000400
   2    2    0    3    1   -0.000190
   2    1   -1   -2    2    0.001069
   2    1   -1    3    2    0.001069
   2    1   -1   -2   -2   -0.000207
   2    1   -1    3   -2   -0.000207
   2    4   -1   -2   -1   -0.000290
   2    4    1   -2   -1   -0.000290
   2    4   -1   -2    2   -0.000092
   2    4    1   -2    2   -0.000092
   2    4    0    3   -2    0.000607
   2    4    0    3    3   -0.001245
   2    1    2   -1    2   -0.000579
   2    1    2    2    2   -0.000579
   2    1    2   -1   -2    0.000349
   2    1    2    2   -2    0.000349
   2    3   -1   -2   -2    0.000028
   2    3    2    1   -2    0.000025
   2    3   -1   -2    3    0.000028
   2    3    2    1    3    0.000025
   2    1   -2    0    3   -0.000217
   2    1   -2    1    3   -0.000217
   2    1   -2    0   -3   -0.000155
   2    1   -2    1   -3   -0.000155
   2    3   -1    1   -3   -0.000363
   2    3   -1    1    4   -0.000363
   2    1    1   -1    3   -0.000255
   2    1    1    2    3   -0.000255
   2    1    1   -1   -3    0.000394
   2    1    1    2   -3    0.000394
   2    2   -3   -1    0    0.002039
   2    2   -3    1    0   -0.000005
   2    2   -1   -3    0    0.002051
   2    2    1   -3    0    0.000004
   2    2    3   -1    0   -0.000005
   2    2    3    1    0    0.002039
   2    2   -1    3    0    0.000004
   2    2    1    3    0    0.002051
   2    3    0   -1   -3    0.000635
   2    3    1    0   -3    0.000634
   2    3    0   -1    4    0.000635
   2    3    1    0    4    0.000634
   2    4   -1    0   -3   -0.000830
   2    4    1    0   -3   -0.000830
   2    4   -1    0    4   -0.000008
   2    4    1    0    4   -0.000008
   2    4   -2    2   -2    0.000680
   2    4    2    2   -2    0.000680
   2    4   -2    2    3   -0.000096
   2    4    2    2    3   -0.000096
   2    1   -3   -1    0    0.000955
   2    1   -3    2    0    0.000955
   2    3   -3    1   -1   -0.000226
   2    3   -1    3   -1   -0.000229
   2    3   -3    1    2   -0.000226
   2    3   -1    3    2   -0.000229
   2    1   -2   -2    1   -0.000124
   2    1   -2    3    1   -0.000124
   2    1   -2   -2   -1    0.000511
   2    1   -2    3   -1    0.000511
   2    2   -2    0   -3    0.000393
   2    2   -2    0    3   -0.001212
   2    2    0   -2   -3    0.000393
   2    2    0   -2    3   -0.001212
   2    2    0    2   -3   -0.001212
   2    2    0    2    3    0.000393
   2    2    2    0   -3   -0.001212
   2    2    2    0    3    0.000393
   2    3    0   -3    0   -0.000283
   2    3    3    0    0   -0.000279
   2    3    0   -3    1   -0.000283
   2    3    3    0    1   -0.000279
   2    4    0    2   -3   -0.000289
   2    4    0    2    4   -0.001258
   2    1    3    0    0    0.000172
   2    1    3    1    0    0.000172
   2    1    1   -2    2   -0.000230
   2    1    1    3    2   -0.000230
   2    1    1   -2   -2    0.000270
   2    1    1    3   -2    0.000270
   2    3    1   -2   -2   -0.000376
   2    3    2   -1   -2   -0.000376
   2    3    1   -2    3   -0.000376
   2    3    2   -1    3   -0.000376
   2    3   -1   -1   -3    0.000366
   2    3    1    1   -3    0.000373
   2    3    1    1    4    0.000373
   2    3   -1   -1    4    0.000366
   2    4   -3    1   -1   -0.000701
   2    4    3    1   -1   -0.000701
   2    4   -3    1    2   -0.000850
   2    4    3    1    2   -0.000850
   2    2   -3   -1   -1    0.000040
   2    2   -3   -1    1    0.001142
   2    2   -3    1   -1    0.000565
   2    2   -3    1    1    0.000027
   2    2   -1   -3   -1    0.000043
   2    2   -1   -3    1    0.001147
   2    2    1   -3   -1    0.000574
   2    2    1   -3    1    0.000029
   2    2    3   -1   -1    0.000027
   2    2    3   -1    1    0.000565
   2    2    3    1   -1    0.001142
   2    2    3    1    1    0.000040
   2    2   -1    3   -1    0.000029
   2    2   -1    3    1    0.000574
   2    2    1    3   -1    0.001147
   2    2    1    3    1    0.000043
   2    4   -1    3   -2   -0.000078
   2    4    1    3   -2   -0.000078
   2    4   -1    3    3   -0.000055
   2    4    1    3    3   -0.000055
   2    2   -2   -2   -2    0.000252
   2    2   -2   -2    2    0.000556
   2    2   -2    2   -2    0.000379
   2    2   -2    2    2    0.000380
   2    2    2   -2   -2    0.000380
   2    2    2   -2    2    0.000379
   2    2    2    2   -2    0.000556
   2    2    2    2    2    0.000252
   2    1   -3   -1    1    0.000186
   2    1   -3    2    1    0.000186
   2    1   -3   -1   -1    0.000182
   2    1   -3    2   -1    0.000182
   2    4   -3    2    0   -0.000131
   2    4    3    2    0   -0.000131
   2    4   -3    2    1   -0.000734
   2    4    3    2    1   -0.000734
   2    3   -3   -1   -1   -0.000061
   2    3    1    3   -1   -0.000062
   2    3   -3   -1    2   -0.000061
   2    3    1    3    2   -0.000062
   2    4   -2    3   -1    0.000007
   2    4    2    3   -1    0.000007
   2    4   -2    3    2    0.000147
   2    4    2    3    2    0.000147
   2    3   -1   -3    0   -0.001462
   2    3    3    1    0   -0.001456
   2    3   -1   -3    1   -0.001462
   2    3    3    1    1   -0.001456
   2    1    2   -2    0   -0.000047
   2    1    2    3    0   -0.000047
   2    1   -3    0    2    0.000412
   2    1   -3    1    2    0.000412
   2    1   -3    0   -2    0.000421
   2    1   -3    1   -2    0.000421
   2    3   -2    2   -2   -0.000752
   2    3   -2    2    3   -0.000752
   2    4   -3    0   -1   -0.000729
   2    4    3    0   -1   -0.000729
   2    4   -3    0    2   -0.000282
   2    4    3    0    2   -0.000282
   2    1    3    0    1   -0.000567
   2    1    3    1    1   -0.000567
   2    1    3    0   -1    0.000260
   2    1    3    1   -1    0.000260
   2    3    2   -2   -1    0.000789
   2    3    2   -2    2    0.000789
   2    4    0    4    0    0.001044
   2    4    0    4    1    0.000874
   2    4   -2   -1   -2    0.000502
   2    4    2   -1   -2    0.000502
   2    4   -2   -1    3   -0.000299
   2    4    2   -1    3   -0.000299
   2    2    0    0   -4   -0.001120
   2    2    0    0    4   -0.001120
   2    2   -2   -1   -3    0.000388
   2    2   -2   -1    3    0.000183
   2    2   -2    1   -3    0.000736
   2    2   -2    1    3    0.000255
   2    2   -1   -2   -3    0.000387
   2    2   -1   -2    3    0.000181
   2    2   -1    2   -3    0.000252
   2    2   -1    2    3    0.000740
   2    2    1   -2   -3    0.000740
   2    2    1   -2    3    0.000252
   2    2    1    2   -3    0.000181
   2    2    1    2    3    0.000387
   2    2    2   -1   -3    0.000255
   2    2    2   -1    3    0.000736
   2    2    2    1   -3    0.000183
   2    2    2    1    3    0.000388
   2    1    2    0    3   -0.000655
   2    1    2    1    3   -0.000655
   2    1    2    0   -3   -0.000400
   2    1    2    1   -3   -0.000400
   2    4   -1    2   -3   -0.001118
   2    4    1    2   -3   -0.001118
   2    4   -1    2    4    0.000417
   2    4    1    2    4    0.000417
   2    4   -2   -2    0    0.000261
   2    4    2   -2    0    0.000261
   2    4   -2   -2    1   -0.000126
   2    4    2   -2    1   -0.000126
   2    3    1   -1   -3    0.000131
   2    3    1   -1    4    0.000131
   2    4    0   -1   -3   -0.000208
   2    4    0   -1    4    0.000106
   2    3   -3    2    0   -0.000090
   2    3   -2    3    0   -0.000090
   2    3   -3    2    1   -0.000090
   2    3   -2    3    1   -0.000090
   2    1    0    0    4    0.001696
   2    1    0    1    4    0.001696
   2    1    0    0   -4    0.000132
   2    1    0    1   -4    0.000132
   2    4    0   -2   -2    0.000240
   2    4    0   -2    3   -0.000164
   2    3    1   -3    0   -0.000743
   2    3    3   -1    0   -0.000739
   2    3    1   -3    1   -0.000743
   2    3    3   -1    1   -0.000739
   2    1    2   -2    1   -0.000411
   2    1    2    3    1   -0.000411
   2    1    2   -2   -1    0.000154
   2    1    2    3   -1    0.000154
   2    3    0   -3   -1    0.000219
   2    3    3    0   -1    0.000219
   2    3    0   -3    2    0.000219
   2    3    3    0    2    0.000219
   2    2   -3    0   -2   -0.000086
   2    2   -3    0    2   -0.000139
   2    2    0   -3   -2   -0.000088
   2    2    0   -3    2   -0.000137
   2    2    0    3   -2   -0.000137
   2    2    0    3    2   -0.000088
   2    2    3    0   -2   -0.000139
   2    2    3    0    2   -0.000086
   2    1   -2   -1    3   -0.000078
   2    1   -2    2    3   -0.000078
   2    1   -2   -1   -3    0.000525
   2    1   -2    2   -3    0.000525
   2    3   -2    0   -3   -0.000429
   2    3    0    2   -3   -0.000430
   2    3   -2    0    4   -0.000429
   2    3    0    2    4   -0.000430
   2    4   -3   -1    0   -0.000280
   2    4    3   -1    0   -0.000280
   2    4   -3   -1    1   -0.000013
   2    4    3   -1    1   -0.000013
   2    1   -1    0    4   -0.000203
   2    1   -1    1    4   -0.000203
   2    1   -1    0   -4   -0.001690
   2    1   -1    1   -4   -0.001690
   2    4   -1    4    0   -0.000063
   2    4    1    4    0   -0.000063
   2    4   -1    4    1    0.000384
   2    4    1    4    1    0.000384
   2    2   -1    0   -4    0.000192
   2    2   -1    0    4    0.000268
   2    2    0   -1   -4    0.000187
   2    2    0   -1    4    0.000267
   2    2    0    1   -4    0.000267
   2    2    0    1    4    0.000187
   2    2    1    0   -4    0.000268
   2    2    1    0    4    0.000192
   2    7    0    1    0    1.277153
   2    5    0    0    0    0.481508
   2    5    0    0    1    1.190021
   2    8    1    0    0    1.183612
   2    8    0    0    0    1.177784
   2    7    1    1    0   -0.657169
   2    7    0    0    0   -0.657169
   2    5    1    0    0    0.120805
   2    5    1    0    1    0.234860
   2    6    1    1    1   -0.004198
   2    6    0    0    1   -0.025583
   2    6    0    1    1    0.008661
   2    6    1    0    1    0.007555
   2    6    0    1    0    0.008862
   2    6    1    0    0    0.007757
   2    6    1    1    0   -0.026562
   2    6    0    0    0   -0.003488
   2    7    0    1    1    0.062649
   2    7    0    1   -1    0.062340
   2    8    1    1    0   -0.175425
   2    8    0    1    0   -0.176037
   2    7    1    0    0    0.585978
   2    8    1    0    1   -0.068648
   2    8    0    0    1   -0.068425
   2    8    1    0   -1   -0.127757
   2    8    0    0   -1   -0.127685
   2    7    0    0    1    0.001073
   2    7    1    1    1    0.001028
   2    7    0    0   -1    0.000832
   2    7    1    1   -1    0.000876
   2    5    0   -1    0    0.018088
   2    5    0    1    0    0.018443
   2    5    0   -1    1    0.001574
   2    5    0    1    1    0.001780
   2    8    0    1    1    0.063817
   2    8    1    1    1    0.063731
   2    8    1    1   -1    0.013109
   2    8    0    1   -1    0.013224
   2    7    1    0    1   -0.052850
   2    7    1    0   -1   -0.052846
   2    5    1   -1    0   -0.027684
   2    5    1    1    0   -0.027453
   2    5    1   -1    1    0.045132
   2    5    1    1    1    0.045266
   2    8    1   -1    0   -0.058603
   2    8    0   -1    0   -0.059026
   2    5    0    0   -1    0.033047
   2    5    0    0    2   -0.040842
   2    7   -1    1    0   -0.012114
   2    7    0    2    0   -0.012114
   2    5   -1    0    0   -0.018390
   2    5   -1    0    1   -0.002163
   2    5    1    0   -1   -0.015963
   2    5    1    0    2    0.009620
   2    6    0    0    2   -0.020474
   2    6    0    1    2    0.011257
   2    6    1    0    2    0.011212
   2    6    1    1    2   -0.074975
   2    6    1    0   -1    0.011085
   2    6    1    1   -1   -0.020386
   2    6    0    0   -1   -0.074924
   2    6    0    1   -1    0.011130
   2    7   -1    0    0    0.012093
   2    7    1    2    0    0.012093
   2    8   -1    0    0   -0.004750
   2    8    2    0    0   -0.004525
   2    8    1   -1    1    0.008541
   2    8    0   -1    1    0.008632
   2    8    1   -1   -1   -0.000655
   2    8    0   -1   -1   -0.000690
   2    7   -1    1    1   -0.000296
   2    7    0    2    1   -0.000293
   2    7   -1    1   -1   -0.000324
   2    7    0    2   -1   -0.000327
   2    6   -1    0    1   -0.019731
   2    6   -1    1    1   -0.003936
   2    6    0   -1    1   -0.019817
   2    6    0    2    1   -0.017029
   2    6    1   -1    1   -0.003979
   2    6    1    2    1   -0.029142
   2    6    2    0    1   -0.017025
   2    6    2    1    1   -0.029168
   2    6   -1    0    0   -0.029153
   2    6   -1    1    0   -0.017023
   2    6    0   -1    0   -0.029180
   2    6    0    2    0   -0.003924
   2    6    1   -1    0   -0.017020
   2    6    1    2    0   -0.019689
   2    6    2    0    0   -0.003967
   2    6    2    1    0   -0.019775
   2    5    0   -1   -1    0.004047
   2    5    0    1   -1    0.004109
   2    5    0   -1    2   -0.016855
   2    5    0    1    2   -0.016792
   2    7   -1    0    1    0.011619
   2    7    1    2    1    0.011643
   2    7   -1    0   -1    0.011629
   2    7    1    2   -1    0.011604
   2    5   -1   -1    0   -0.003781
   2    5   -1    1    0   -0.003792
   2    5   -1   -1    1   -0.014493
   2    5   -1    1    1   -0.014551
   2    8   -1    1    0    0.015237
   2    8    2    1    0    0.015318
   2    7    0   -1    0    0.015336
   2    7    2    1    0    0.015336
   2    8   -1    0    1    0.002173
   2    8    2    0    1    0.002219
   2    8   -1    0   -1   -0.004965
   2    8    2    0   -1   -0.004969
   2    5    2    0    0   -0.001239
   2    5    2    0    1    0.003995
   2    7    0    1    2   -0.008426
   2    7    0    1   -2   -0.008480
   2    5    1   -1   -1    0.006092
   2    5    1    1   -1    0.006109
   2    5    1   -1    2    0.004540
   2    5    1    1    2    0.004535
   2    8    0    0    2   -0.009108
   2    8    1    0    2   -0.009103
   2    8    0    0   -2    0.014598
   2    8    1    0   -2    0.014506
   2    7    1   -1    0   -0.015732
   2    7    2    0    0   -0.015732
   2    5   -1    0   -1    0.010181
   2    5   -1    0    2    0.003558
   2    7    0    0    2    0.010021
   2    7    1    1    2    0.010029
   2    7    0    0   -2    0.010005
   2    7    1    1   -2    0.009997
   2    7   -1    2    0   -0.004211
   2    8    0    2    0   -0.007637
   2    8    1    2    0   -0.007608
   2    8   -1    1    1   -0.000807
   2    8    2    1    1   -0.000807
   2    8   -1    1   -1   -0.001275
   2    8    2    1   -1   -0.001294
   2    7    0   -1    1    0.010672
   2    7    2    1    1    0.010666
   2    7    0   -1   -1    0.010639
   2    7    2    1   -1    0.010644
   2    8   -1   -1    0   -0.002236
   2    8    2   -1    0   -0.002221
   2    8    0    1    2    0.006225
   2    8    1    1    2    0.006197
   2    8    0    1   -2    0.004296
   2    8    1    1   -2    0.004321
   2    7    1    0    2   -0.007120
   2    7    1    0   -2   -0.007051
   2    7    1   -1    1    0.002077
   2    7    2    0    1    0.002070
   2    7    1   -1   -1    0.002036
   2    7    2    0   -1    0.002044
   2    5    2   -1    0    0.001562
   2    5    2    1    0    0.001556
   2    5    2   -1    1   -0.000627
   2    5    2    1    1   -0.000601
   2    6   -1    0    2    0.002654
   2    6   -1    1    2   -0.001875
   2    6    0   -1    2    0.002657
   2    6    0    2    2    0.005133
   2    6    1   -1    2   -0.001892
   2    6    1    2    2   -0.003175
   2    6    2    0    2    0.005128
   2    6    2    1    2   -0.003178
   2    6   -1    0   -1   -0.003154
   2    6   -1    1   -1    0.005162
   2    6    0   -1   -1   -0.003158
   2    6    0    2   -1   -0.001835
   2    6    1   -1   -1    0.005156
   2    6    1    2   -1    0.002651
   2    6    2    0   -1   -0.001852
   2    6    2    1   -1    0.002654
   2    7   -1    2    1    0.000308
   2    7   -1    2   -1    0.000294
   2    8    0    2    1   -0.002181
   2    8    1    2    1   -0.002179
   2    8    0    2   -1   -0.002655
   2    8    1    2   -1   -0.002641
   2    5    0   -2    0    0.003263
   2    5    0    2    0    0.003277
   2    5    0   -2    1    0.004089
   2    5    0    2    1    0.004060
   2    5   -1   -1   -1   -0.003350
   2    5   -1    1   -1   -0.003315
   2    5   -1   -1    2   -0.000527
   2    5   -1    1    2   -0.000518
   2    8   -1   -1    1    0.000871
   2    8    2   -1    1    0.000868
   2    8   -1   -1   -1    0.002715
   2    8    2   -1   -1    0.002682
   2    5    2    0   -1    0.000707
   2    5    2    0    2    0.001325
   2    8    0   -1    2    0.005952
   2    8    1   -1    2    0.005937
   2    8    0   -1   -2    0.004014
   2    8    1   -1   -2    0.004036
   2    5    0    0   -2    0.014432
   2    5    0    0    3   -0.011137
   2    7   -1   -1    0    0.004514
   2    7    2    2    0    0.004514
   2    5    1   -2    0   -0.003473
   2    5    1    2    0   -0.003457
   2    5    1   -2    1   -0.003803
   2    5    1    2    1   -0.003787
   2    7   -1    1    2   -0.000936
   2    7    0    2    2   -0.000940
   2    7   -1    1   -2   -0.000921
   2    7    0    2   -2   -0.000917
   2    6   -1   -1    1   -0.005858
   2    6   -1    2    1   -0.004386
   2    6    2   -1    1   -0.004374
   2    6    2    2    1    0.000763
   2    6   -1   -1    0    0.000781
   2    6   -1    2    0   -0.004370
   2    6    2   -1    0   -0.004359
   2    6    2    2    0   -0.005856
   2    5    1    0   -2    0.001248
   2    5    1    0    3    0.003611
   2    6    0    0    3   -0.001909
   2    6    0    1    3    0.002227
   2    6    1    0    3    0.002217
   2    6    1    1    3   -0.018897
   2    6    0    0   -2   -0.018867
   2    6    0    1   -2    0.002223
   2    6    1    0   -2    0.002213
   2    6    1    1   -2   -0.001900
   2    8    1   -2    0   -0.003023
   2    8    0   -2    0   -0.003020
   2    7   -1    0    2    0.003461
   2    7    1    2    2    0.003463
   2    7   -1    0   -2    0.003469
   2    7    1    2   -2    0.003467
   2    8   -1    0    2    0.001432
   2    8    2    0    2    0.001453
   2    8   -1    0   -2   -0.001445
   2    8    2    0   -2   -0.001445
   2    7   -1   -1    1   -0.000396
   2    7    2    2    1   -0.000396
   2    7   -1   -1   -1   -0.000409
   2    7    2    2   -1   -0.000409
   2    5    2   -1   -1   -0.001230
   2    5    2    1   -1   -0.001227
   2    5    2   -1    2    0.000938
   2    5    2    1    2    0.000931
   2    7   -2    1    0   -0.002326
   2    7    0    3    0   -0.002326
   2    5    0   -1   -2    0.000830
   2    5    0    1   -2    0.000839
   2    5    0   -1    3   -0.005777
   2    5    0    1    3   -0.005777
   2    5   -2    0    0    0.000484
   2    5   -2    0    1    0.000874
   2    8   -1    2    0    0.000019
   2    8    2    2    0    0.000026
   2    7    2   -1    0    0.005051
   2    5    0   -2   -1   -0.000490
   2    5    0    2   -1   -0.000489
   2    5    0   -2    2    0.001294
   2    5    0    2    2    0.001289
   2    8    1   -2    1   -0.000525
   2    8    0   -2    1   -0.000522
   2    8    0   -2   -1   -0.004450
   2    8    1   -2   -1   -0.004454
   2    8   -1    1    2    0.001055
   2    8    2    1    2    0.001050
   2    8   -1    1   -2   -0.002228
   2    8    2    1   -2   -0.002221
   2    7    0   -1    2    0.003078
   2    7    2    1    2    0.003066
   2    7    0   -1   -2    0.003060
   2    7    2    1   -2    0.003072
   2    7   -2    0    0   -0.004678
   2    7    1    3    0   -0.004678
   2    5    1   -1   -2   -0.000031
   2    5    1    1   -2    0.000002
   2    5    1   -1    3   -0.000180
   2    5    1    1    3   -0.000196
   2    5   -1   -2    0   -0.002316
   2    5   -1    2    0   -0.002325
   2    5   -1   -2    1    0.000022
   2    5   -1    2    1    0.000030
   2    5    1   -2   -1   -0.000483
   2    5    1    2   -1   -0.000486
   2    5    1   -2    2    0.001492
   2    5    1    2    2    0.001493
   2    6   -1   -1    2   -0.000128
   2    6   -1    2    2   -0.002522
   2    6    2   -1    2   -0.002509
   2    6    2    2    2   -0.001335
   2    6   -1   -1   -1   -0.001320
   2    6   -1    2   -1   -0.002530
   2    6    2   -1   -1   -0.002517
   2    6    2    2   -1   -0.000130
   2    7    1   -1    2   -0.000599
   2    7    2    0    2   -0.000605
   2    7    1   -1   -2   -0.000592
   2    7    2    0   -2   -0.000586
   2    5   -1    0   -2   -0.001379
   2    5   -1    0    3    0.000414
   2    7   -2    1    1   -0.000225
   2    7   -2    1   -1   -0.000226
   2    7    0    3    1   -0.000225
   2    7    0    3   -1   -0.000226
   2    8   -1    2    1    0.000049
   2    8    2    2    1    0.000051
   2    8   -1    2   -1    0.001380
   2    8    2    2   -1    0.001376
   2    8   -2    0    0    0.001956
   2    8    3    0    0    0.001957
   2    7   -1    2    2    0.002756
   2    7   -1    2   -2    0.002766
   2    7    2   -1    1    0.004461
   2    7    2   -1   -1    0.004459
   2    8    0    2    2   -0.003901
   2    8    1    2    2   -0.003902
   2    8    0    2   -2   -0.000108
   2    8    1    2   -2   -0.000104
   2    8   -1   -1    2    0.001291
   2    8    2   -1    2    0.001283
   2    8   -1   -1   -2   -0.001249
   2    8    2   -1   -2   -0.001256
   2    7    0    1    3   -0.002666
   2    7    0    1   -3   -0.002674
   2    7   -2    0    1   -0.001818
   2    7   -2    0   -1   -0.001814
   2    7    1    3    1   -0.001819
   2    7    1    3   -1   -0.001812
   2    5   -2   -1    0    0.000676
   2    5   -2    1    0    0.000669
   2    5   -2   -1    1   -0.000610
   2    5   -2    1    1   -0.000612
   2    8    0    0    3   -0.000200
   2    8    1    0    3   -0.000188
   2    8    1    0   -3    0.008671
   2    8    0    0   -3    0.008670
   2    6   -2    0    1    0.000932
   2    6   -2    1    1   -0.001731
   2    6    0   -2    1    0.000929
   2    6    1   -2    1   -0.001720
   2    6    0    3    1   -0.000646
   2    6    1    3    1    0.000963
   2    6    3    1    1    0.000956
   2    6    3    0    1   -0.000643
   2    6   -2    0    0    0.000953
   2    6   -2    1    0   -0.000649
   2    6    0   -2    0    0.000946
   2    6    0    3    0   -0.001731
   2    6    1   -2    0   -0.000646
   2    6    1    3    0    0.000926
   2    6    3    1    0    0.000923
   2    6    3    0    0   -0.001720
   2    7    0    0    3    0.001283
   2    7    1    1    3    0.001284
   2    7    0    0   -3    0.001279
   2    7    1    1   -3    0.001278
   2    6    1   -1    3   -0.002717
   2    6    1    2    3   -0.004279
   2    6   -1    0    3   -0.001449
   2    6   -1    1    3   -0.002715
   2    6    0   -1    3   -0.001443
   2    6    0    2    3   -0.000282
   2    6    2    0    3   -0.000283
   2    6    2    1    3   -0.004283
   2    6   -1    0   -2   -0.004285
   2    6   -1    1   -2   -0.000283
   2    6    0   -1   -2   -0.004289
   2    6    0    2   -2   -0.002710
   2    6    1   -1   -2   -0.000284
   2    6    1    2   -2   -0.001448
   2    6    2    0   -2   -0.002713
   2    6    2    1   -2   -0.001442
   2    8   -2    1    0    0.001758
   2    8    3    1    0    0.001749
   2    5   -2    0   -1   -0.003590
   2    5   -2    0    2    0.001218
   2    8   -2    0    1    0.001785
   2    8    3    0    1    0.001787
   2    8   -2    0   -1    0.000293
   2    8    3    0   -1    0.000292
   2    5    2   -2    0    0.000111
   2    5    2    2    0    0.000111
   2    5    2   -2    1    0.002885
   2    5    2    2    1    0.002884
   2    8   -1   -2    0    0.000110
   2    8    2   -2    0    0.000116
   2    7   -2    2    0   -0.000298
   2    7   -1    3    0   -0.000298
   2    5   -1   -1   -2    0.002613
   2    5   -1    1   -2    0.002624
   2    5   -1   -1    3   -0.000378
   2    5   -1    1    3   -0.000370
   2    5    2    0   -2    0.001699
   2    5    2    0    3    0.001646
   2    8    1    1    3   -0.003197
   2    8    0    1    3   -0.003171
   2    8    0    1   -3    0.000566
   2    8    1    1   -3    0.000565
   2    7    1    0    3   -0.002813
   2    7    1    0   -3   -0.002803
   2    7    0   -2    0   -0.002971
   2    7    3    1    0   -0.002971
   2    5   -1   -2   -1   -0.001932
   2    5   -1    2   -1   -0.001924
   2    5   -1   -2    2    0.001698
   2    5   -1    2    2    0.001697
   2    5    3    0    0   -0.001464
   2    5    3    0    1    0.000773
   2    7   -1   -1    2   -0.000761
   2    7    2    2    2   -0.000762
   2    7   -1   -1   -2   -0.000768
   2    7    2    2   -2   -0.000767
   2    8   -2    1    1   -0.000363
   2    8    3    1    1   -0.000373
   2    8   -2    1   -1    0.002165
   2    8    3    1   -1    0.002151
   2    8   -2   -1    0   -0.000149
   2    8    3   -1    0   -0.000157
   2    7    1   -2    0   -0.000936
   2    7    3    0    0   -0.000936
   2    8   -1   -2    1   -0.000114
   2    8    2   -2    1   -0.000123
   2    8   -1   -2   -1    0.000789
   2    8    2   -2   -1    0.000788
   2    8    0   -2    2   -0.001398
   2    8    1   -2    2   -0.001398
   2    8    0   -2   -2   -0.001266
   2    8    1   -2   -2   -0.001265
   2    7   -2    2    1    0.000725
   2    7   -1    3    1    0.000725
   2    7   -2    2   -1    0.000722
   2    7   -1    3   -1    0.000722
   2    5   -2   -1   -1   -0.001328
   2    5   -2    1   -1   -0.001326
   2    5   -2   -1    2    0.000523
   2    5   -2    1    2    0.000524
   2    8    0   -1    3    0.001960
   2    8    1   -1    3    0.001963
   2    8    0   -1   -3    0.001088
   2    8    1   -1   -3    0.001088
   2    7    0   -2    1    0.001519
   2    7    0   -2   -1    0.001520
   2    7    3    1    1    0.001520
   2    7    3    1   -1    0.001519
   2    6   -2    0    2    0.000039
   2    6   -2    1    2   -0.000071
   2    6    0   -2    2    0.000041
   2    6    0    3    2    0.000768
   2    6    1   -2    2   -0.000065
   2    6    1    3    2    0.000518
   2    6    3    1    2    0.000524
   2    6    3    0    2    0.000771
   2    6   -2    0   -1    0.000518
   2    6   -2    1   -1    0.000771
   2    6    0   -2   -1    0.000523
   2    6    1   -2   -1    0.000775
   2    6    0    3   -1   -0.000069
   2    6    1    3   -1    0.000043
   2    6    3    1   -1    0.000045
   2    6    3    0   -1   -0.000063
   2    7   -1    1    3    0.001813
   2    7    0    2    3    0.001814
   2    7   -1    1   -3    0.001820
   2    7    0    2   -3    0.001818
   2    8    0    3    0    0.000808
   2    8    1    3    0    0.000803
   2    7   -2   -1    0   -0.000948
   2    7    2    3    0   -0.000948
   2    5    2   -1   -2    0.000515
   2    5    2    1   -2    0.000519
   2    5    2   -1    3   -0.000108
   2    5    2    1    3   -0.000104
   2    7   -2    1    2    0.000738
   2    7    0    3    2    0.000741
   2    7   -2    1   -2    0.000741
   2    7    0    3   -2    0.000738
   2    8   -2   -1    1   -0.000368
   2    8    3   -1    1   -0.000376
   2    8   -2   -1   -1   -0.000458
   2    8    3   -1   -1   -0.000463
   2    7    1   -2    1   -0.000943
   2    7    1   -2   -1   -0.000946
   2    7    3    0    1   -0.000942
   2    7    3    0   -1   -0.000948
   2    5    3   -1    0    0.000493
   2    5    3    1    0    0.000483
   2    5    3   -1    1    0.002920
   2    5    3    1    1    0.002905
   2    8   -1    2    2    0.000620
   2    8    2    2    2    0.000622
   2    8   -1    2   -2    0.000027
   2    8    2    2   -2    0.000026
   2    5    2   -2   -1   -0.000557
   2    5    2    2   -1   -0.000557
   2    5    2   -2    2   -0.000286
   2    5    2    2    2   -0.000288
   2    7    2   -1    2   -0.000851
   2    7    2   -1   -2   -0.000851
   2    5    0   -2   -2    0.000720
   2    5    0    2   -2    0.000722
   2    5    0   -2    3    0.000205
   2    5    0    2    3    0.000207
   2    7   -1    0    3    0.002484
   2    7    1    2    3    0.002485
   2    7   -1    0   -3    0.002488
   2    7    1    2   -3    0.002487
   2    8   -1    0    3   -0.000406
   2    8    2    0    3   -0.000400
   2    8   -1    0   -3   -0.000277
   2    8    2    0   -3   -0.000277
   2    7   -2    0    2   -0.000302
   2    7    1    3    2   -0.000305
   2    7   -2    0   -2   -0.000305
   2    7    1    3   -2   -0.000303
   2    6   -2   -1    1    0.000637
   2    6   -2    2    1    0.000044
   2    6   -1   -2    1    0.000637
   2    6    2   -2    1    0.000046
   2    6   -1    3    1   -0.000979
   2    6    2    3    1   -0.000909
   2    6    3   -1    1   -0.000976
   2    6    3    2    1   -0.000908
   2    6   -2   -1    0   -0.000907
   2    6   -2    2    0   -0.000982
   2    6   -1   -2    0   -0.000905
   2    6    2   -2    0   -0.000978
   2    6   -1    3    0    0.000039
   2    6    2    3    0    0.000634
   2    6    3   -1    0    0.000042
   2    6    3    2    0    0.000634
   2    5    0    0   -3    0.002685
   2    5    0    0    4   -0.000920
   2    5    3    0   -1   -0.001842
   2    5    3    0    2   -0.001944
   2    5    1   -2   -2    0.000095
   2    5    1    2   -2    0.000093
   2    5    1   -2    3    0.000047
   2    5    1    2    3    0.000042
   2    6   -1   -1    3   -0.000107
   2    6   -1    2    3   -0.000835
   2    6    2   -1    3   -0.000832
   2    6    2    2    3    0.001136
   2    6   -1   -1   -2    0.001133
   2    6   -1    2   -2   -0.000834
   2    6    2   -1   -2   -0.000831
   2    6    2    2   -2   -0.000104
   2    8    0    3    1    0.001588
   2    8    1    3    1    0.001589
   2    8    0    3   -1    0.001220
   2    8    1    3   -1    0.001217
   2    7   -2   -1    1   -0.000043
   2    7    2    3    1   -0.000042
   2    7   -2   -1   -1   -0.000044
   2    7    2    3   -1   -0.000045
   2    7   -1   -2    0   -0.000839
   2    7    3    2    0   -0.000839
   2    5    1    0   -3   -0.000144
   2    5    1    0    4   -0.000327
   2    8   -2    0    2   -0.000368
   2    8    3    0    2   -0.000365
   2    8   -2    0   -2   -0.000047
   2    8    3    0   -2   -0.000046
   2    6    0    0    4    0.000474
   2    6    0    1    4    0.000351
   2    6    1    0    4    0.000343
   2    6    1    1    4   -0.002022
   2    6    0    0   -3   -0.002012
   2    6    0    1   -3    0.000356
   2    6    1    0   -3    0.000349
   2    6    1    1   -3    0.000484
   2    8   -1    1    3    0.001870
   2    8    2    1    3    0.001872
   2    8   -1    1   -3   -0.000833
   2    8    2    1   -3   -0.000830
   2    7    0   -1    3    0.001087
   2    7    2    1    3    0.001087
   2    7    0   -1   -3    0.001092
   2    7    2    1   -3    0.001092
   2    5    0   -3    0   -0.000283
   2    5    0    3    0   -0.000285
   2    5    0   -3    1   -0.000536
   2    5    0    3    1   -0.000537
   2    5   -2   -2    0    0.000118
   2    5   -2    2    0    0.000118
   2    5   -2   -2    1    0.000306
   2    5   -2    2    1    0.000308
   2    8   -2    2    0    0.000843
   2    8    3    2    0    0.000842
   2    7    1   -1    3   -0.000768
   2    7    2    0    3   -0.000766
   2    7    1   -1   -3   -0.000763
   2    7    2    0   -3   -0.000765
   2    7   -1   -2    1   -0.000488
   2    7   -1   -2   -1   -0.000492
   2    7    3    2    1   -0.000487
   2    7    3    2   -1   -0.000493
   2    5    1   -3    0    0.000351
   2    5    1    3    0    0.000354
   2    5    1   -3    1    0.001035
   2    5    1    3    1    0.001040
   2    5    0   -1   -3   -0.001317
   2    5    0    1   -3   -0.001326
   2    5    0   -1    4   -0.000600
   2    5    0    1    4   -0.000601
   2    8   -2    1    2   -0.000205
   2    8    3    1    2   -0.000209
   2    8   -2    1   -2    0.001067
   2    8    3    1   -2    0.001065
   2    5    3   -1   -1   -0.000090
   2    5    3    1   -1   -0.000095
   2    5    3   -1    2   -0.000286
   2    5    3    1    2   -0.000289
   2    5   -2    0   -2   -0.001244
   2    5   -2    0    3    0.000607
   2    7   -1    2    3   -0.000048
   2    7   -1    2   -3   -0.000051
   2    8   -1   -2    2    0.000350
   2    8    2   -2    2    0.000347
   2    8   -1   -2   -2   -0.000577
   2    8    2   -2   -2   -0.000578
   2    8    0    2    3   -0.000152
   2    8    1    2    3   -0.000158
   2    8    0    2   -3   -0.000215
   2    8    1    2   -3   -0.000217
   2    7   -2    2    2   -0.000186
   2    7   -1    3    2   -0.000187
   2    7   -2    2   -2   -0.000190
   2    7   -1    3   -2   -0.000189
   2    8   -1   -1    3    0.000394
   2    8    2   -1    3    0.000394
   2    8   -1   -1   -3   -0.000254
   2    8    2   -1   -3   -0.000256
   2    7    2   -2    0   -0.003249
   2    7    3   -1    0   -0.003249
   2    5    1   -1   -3   -0.000009
   2    5    1    1   -3   -0.000004
   2    5    1   -1    4   -0.000831
   2    5    1    1    4   -0.000831
   2    6   -2   -1    2    0.000426
   2    6   -2    2    2   -0.000449
   2    6   -1   -2    2    0.000425
   2    6    2   -2    2   -0.000447
   2    6   -1    3    2   -0.000063
   2    6    2    3    2   -0.000413
   2    6    3   -1    2   -0.000063
   2    6    3    2    2   -0.000412
   2    6   -2   -1   -1   -0.000414
   2    6   -2    2   -1   -0.000058
   2    6   -1   -2   -1   -0.000413
   2    6    2   -2   -1   -0.000058
   2    6   -1    3   -1   -0.000450
   2    6    2    3   -1    0.000423
   2    6    3   -1   -1   -0.000447
   2    6    3    2   -1    0.000422
   2    7    0   -2    2    0.000869
   2    7    3    1    2    0.000868
   2    7    0   -2   -2    0.000865
   2    7    3    1   -2    0.000865
   2    5   -1   -2   -2   -0.000097
   2    5   -1    2   -2   -0.000096
   2    5   -1   -2    3    0.000679
   2    5   -1    2    3    0.000679
   2    8   -1    3    0    0.000955
   2    8    2    3    0    0.000954
   2    8   -2    2    1    0.000512
   2    8    3    2    1    0.000513
   2    8   -2    2   -1   -0.000125
   2    8    3    2   -1   -0.000124
   2    5   -1    0   -3   -0.001255
   2    5   -1    0    4   -0.000287
   2    8    0   -3    0    0.000170
   2    8    1   -3    0    0.000171
   2    8   -2   -1    2    0.000271
   2    8    3   -1    2    0.000268
   2    8   -2   -1   -2   -0.000230
   2    8    3   -1   -2   -0.000229
   2    7    1   -2    2   -0.000473
   2    7    3    0    2   -0.000475
   2    7    1   -2   -2   -0.000477
   2    7    3    0   -2   -0.000476
   2    5    0   -3   -1   -0.000851
   2    5    0    3   -1   -0.000852
   2    5    0   -3    2   -0.000701
   2    5    0    3    2   -0.000702
   2    7    2   -2    1    0.000344
   2    7    3   -1    1    0.000343
   2    7    2   -2   -1    0.000343
   2    7    3   -1   -1    0.000344
   2    7   -2    3    0   -0.000717
   2    5   -2   -1   -2   -0.000056
   2    5   -2    1   -2   -0.000053
   2    5   -2   -1    3   -0.000080
   2    5   -2    1    3   -0.000078
   2    7   -1   -1    3   -0.001139
   2    7    2    2    3   -0.001140
   2    7   -1   -1   -3   -0.001141
   2    7    2    2   -3   -0.001141
   2    6   -2    0    3   -0.000441
   2    6   -2    1    3   -0.000240
   2    6    0   -2    3   -0.000438
   2    6    0    3    3    0.000085
   2    6    1   -2    3   -0.000239
   2    6    1    3    3    0.000034
   2    6    3    1    3    0.000032
   2    6    3    0    3    0.000083
   2    6   -2    0   -2    0.000037
   2    6   -2    1   -2    0.000089
   2    6    0   -2   -2    0.000035
   2    6    0    3   -2   -0.000236
   2    6    1   -2   -2    0.000087
   2    6    1    3   -2   -0.000440
   2    6    3    0   -2   -0.000234
   2    6    3    1   -2   -0.000437
   2    8   -1    3    1    0.000182
   2    8    2    3    1    0.000179
   2    8   -1    3   -1    0.000185
   2    8    2    3   -1    0.000187
   2    5   -1   -3    0   -0.000738
   2    5   -1    3    0   -0.000736
   2    5   -1   -3    1   -0.000131
   2    5   -1    3    1   -0.000129
   2    5   -2   -2   -1    0.000147
   2    5   -2    2   -1    0.000147
   2    5   -2   -2    2    0.000007
   2    5   -2    2    2    0.000008
   2    8   -2   -2    0   -0.000046
   2    8    3   -2    0   -0.000045
   2    8    0    3    2    0.000419
   2    8    1    3    2    0.000422
   2    8    0    3   -2    0.000413
   2    8    1    3   -2    0.000412
   2    7   -2   -1    2   -0.000113
   2    7    2    3    2   -0.000114
   2    7   -2   -1   -2   -0.000115
   2    7    2    3   -2   -0.000115
   2    5    1   -3   -1   -0.000283
   2    5    1    3   -1   -0.000282
   2    5    1   -3    2   -0.000730
   2    5    1    3    2   -0.000729
   2    8    0   -3    1    0.000261
   2    8    1   -3    1    0.000261
   2    8    0   -3   -1   -0.000565
   2    8    1   -3   -1   -0.000568
   2    6   -1    0    4   -0.000453
   2    6   -1    1    4    0.000659
   2    6    0   -1    4   -0.000451
   2    6    0    2    4   -0.000149
   2    6    1   -1    4    0.000655
   2    6    1    2    4   -0.001161
   2    6    2    0    4   -0.000149
   2    6    2    1    4   -0.001160
   2    6   -1    0   -3   -0.001162
   2    6   -1    1   -3   -0.000150
   2    6    0   -1   -3   -0.001161
   2    6    0    2   -3    0.000659
   2    6    1   -1   -3   -0.000150
   2    6    1    2   -3   -0.000456
   2    6    2    0   -3    0.000656
   2    6    2    1   -3   -0.000454
   2    7   -3    1    0    0.000232
   2    7    0    4    0    0.000232
   2    5   -3    0    0    0.000874
   2    5   -3    0    1    0.001043
   2    5    2   -2   -2   -0.000301
   2    5    2    2   -2   -0.000300
   2    5    2   -2    3    0.000500
   2    5    2    2    3    0.000501
   2    8    1   -2    3   -0.000403
   2    8    0   -2    3   -0.000399
   2    8    0   -2   -3   -0.000656
   2    8    1   -2   -3   -0.000656
   2    5   -1   -1   -3    0.000416
   2    5   -1    1   -3    0.000414
   2    5   -1   -1    4   -0.001118
   2    5   -1    1    4   -0.001118
   2    5    3   -2    0   -0.000127
   2    5    3    2    0   -0.000127
   2    5    3   -2    1    0.000260
   2    5    3    2    1    0.000261
   2    5    2    0   -3    0.000104
   2    5    2    0    4   -0.000207
   2    7    0    1    4    0.000060
   2    7    0    1   -4    0.000055
   2    7   -2    3    1   -0.000045
   2    7   -2    3   -1   -0.000044
   2    7    1    4    0    0.000071
   2    7   -3    0    0    0.000071
   2    8    0    0    4    0.000131
   2    8    1    0    4    0.000135
   2    8    0    0   -4    0.001690
   2    8    1    0   -4    0.001695
   2    5    3    0   -2   -0.000163
   2    5    3    0    3    0.000241
   2    8   -2   -2    1    0.000154
   2    8    3   -2    1    0.000155
   2    8   -2   -2   -1   -0.000410
   2    8    3   -2   -1   -0.000410
   2    7   -1   -2    2   -0.000339
   2    7    3    2    2   -0.000339
   2    7   -1   -2   -2   -0.000340
   2    7    3    2   -2   -0.000340
   2    7    0    0    4    0.000261
   2    7    1    1    4    0.000261
   2    7    0    0   -4    0.000257
   2    7    1    1   -4    0.000257
   2    7   -2    1    3    0.000151
   2    7    0    3    3    0.000152
   2    7   -2    1   -3    0.000152
   2    7    0    3   -3    0.000151
   2    7   -3    1    1   -0.000442
   2    7    0    4   -1   -0.000441
   2    7    0    4    1   -0.000442
   2    7   -3    1   -1   -0.000442
   2    8   -1    2    3    0.000523
   2    8    2    2    3    0.000525
   2    8   -1    2   -3   -0.000079
   2    8    2    2   -3   -0.000079
   2    7    2   -1    3   -0.000964
   2    7    2   -1   -3   -0.000964
   2    5    2   -3    0   -0.000015
   2    5    2    3    0   -0.000013
   2    5    2   -3    1   -0.000281
   2    5    2    3    1   -0.000281
   2    8    0    1    4   -0.001687
   2    8    1    1    4   -0.001693
   2    8    0    1   -4   -0.000201
   2    8    1    1   -4   -0.000202
   2    7    1    0    4   -0.000600
   2    7    1    0   -4   -0.000604
   2    7   -2    0    3    0.000076
   2    7    1    3    3    0.000074
   2    7   -2    0   -3    0.000072
   2    7    1    3   -3    0.000074
   2    7    1    4    1   -0.000280
   2    7   -3    0    1   -0.000280
   2    7    1    4   -1   -0.000278
   2    7   -3    0   -1   -0.000279
   2    5   -3   -1    0    0.000383
   2    5   -3    1    0    0.000386
   2    5   -3   -1    1   -0.000064
   2    5   -3    1    1   -0.000061
   3    2    0    0    0    1.592359
   3    2    0    0   -1    1.592359
   3    1    0    0    0    0.481603
   3    1    0    0   -1    1.189256
   3    4    0    1    0    1.178072
   3    4    0    0    0    1.178072
   3    1    0    1    0    0.120679
   3    1    0    1   -1    0.236080
   3    3    0    0   -1    0.337158
   3    3    0    0    1    0.337158
   3    2    1    0    0    0.106713
   3    2    0   -1    0    0.107642
   3    2    1    0   -1    0.106713
   3    2    0   -1   -1    0.107642
   3    4    1    1    0   -0.175664
   3    4    1    0    0   -0.175664
   3    4    0    0    1   -0.127900
   3    4    0    1    1   -0.127900
   3    4    0    1   -1   -0.068734
   3    4    0    0   -1   -0.068734
   3    3   -1    0    0   -0.011736
   3    3    0   -1    0   -0.012017
   3    3    0    1    0   -0.012017
   3    3    1    0    0   -0.011736
   3    1   -1    0    0    0.018347
   3    1    1    0    0    0.018347
   3    1   -1    0   -1    0.001733
   3    1    1    0   -1    0.001733
   3    2    1   -1    0    0.018704
   3    2    1   -1   -1    0.018704
   3    2   -1    0    0   -0.045361
   3    2    0    1    0   -0.045424
   3    2   -1    0   -1   -0.045361
   3    2    0    1   -1   -0.045424
   3    4    1    0    1    0.013165
   3    4    1    1    1    0.013165
   3    4    1    1   -1    0.063805
   3    4    1    0   -1    0.063805
   3    1   -1    1    0   -0.027624
   3    1    1    1    0   -0.027624
   3    1   -1    1   -1    0.045152
   3    1    1    1   -1    0.045152
   3    4   -1    1    0   -0.058618
   3    4   -1    0    0   -0.058618
   3    2    0    0    1    0.003442
   3    2    0    0   -2    0.003442
   3    1    0    0    1    0.033129
   3    1    0    0   -2   -0.040760
   3    3   -1    0   -1    0.016744
   3    3   -1    0    1   -0.031325
   3    3    0   -1   -1    0.016880
   3    3    0   -1    1   -0.031203
   3    3    0    1   -1   -0.031203
   3    3    0    1    1    0.016880
   3    3    1    0   -1   -0.031325
   3    3    1    0    1    0.016744
   3    1    0   -1    0   -0.018421
   3    1    0   -1   -1   -0.002148
   3    3   -1   -1    0    0.015683
   3    3   -1    1    0    0.030841
   3    3    1   -1    0    0.030841
   3    3    1    1    0    0.015683
   3    1    0    1    1   -0.015902
   3    1    0    1   -2    0.009442
   3    2    1    1    0    0.030845
   3    2   -1   -1    0    0.030864
   3    2   -1   -1   -1    0.030864
   3    2    1    1   -1    0.030845
   3    4    0   -1    0   -0.004625
   3    4    0    2    0   -0.004625
   3    2    0   -1    1   -0.008370
   3    2    1    0    1   -0.008282
   3    2    0   -1   -2   -0.008370
   3    2    1    0   -2   -0.008282
   3    4   -1    0    1   -0.000683
   3    4   -1    1    1   -0.000683
   3    4   -1    1   -1    0.008659
   3    4   -1    0   -1    0.008659
   3    1   -1    0    1    0.004091
   3    1    1    0    1    0.004091
   3    1   -1    0   -2   -0.016805
   3    1    1    0   -2   -0.016805
   3    3   -1   -1   -1   -0.012863
   3    3   -1   -1    1    0.001995
   3    3   -1    1   -1   -0.017361
   3    3   -1    1    1   -0.017307
   3    3    1   -1   -1   -0.017307
   3    3    1   -1    1   -0.017361
   3    3    1    1   -1    0.001995
   3    3    1    1    1   -0.012863
   3    3    0    0   -2    0.003011
   3    3    0    0    2    0.003011
   3    1   -1   -1    0   -0.003797
   3    1    1   -1    0   -0.003797
   3    1   -1   -1   -1   -0.014562
   3    1    1   -1   -1   -0.014562
   3    4    1   -1    0    0.015324
   3    4    1    2    0    0.015324
   3    2    1   -1    1   -0.002075
   3    2    1   -1   -2   -0.002075
   3    2   -1    1    0    0.009863
   3    2   -1    1   -1    0.009863
   3    4    0   -1    1   -0.004992
   3    4    0    2    1   -0.004992
   3    4    0   -1   -1    0.002195
   3    4    0    2   -1    0.002195
   3    1    0    2    0   -0.001221
   3    1    0    2   -1    0.003980
   3    2   -1    0    1   -0.011296
   3    2    0    1    1   -0.011309
   3    2   -1    0   -2   -0.011296
   3    2    0    1   -2   -0.011309
   3    1   -1    1    1    0.006090
   3    1    1    1    1    0.006090
   3    1   -1    1   -2    0.004568
   3    1    1    1   -2    0.004568
   3    4    0    0    2    0.014618
   3    4    0    1    2    0.014618
   3    4    0    0   -2   -0.009145
   3    4    0    1   -2   -0.009145
   3    1    0   -1    1    0.010181
   3    1    0   -1   -2    0.003555
   3    2    0   -2    0    0.002851
   3    2    2    0    0    0.002832
   3    2    0   -2   -1    0.002851
   3    2    2    0   -1    0.002832
   3    4    2    0    0   -0.007588
   3    4    2    1    0   -0.007588
   3    4    1   -1    1   -0.001280
   3    4    1    2    1   -0.001280
   3    4    1   -1   -1   -0.000798
   3    4    1    2   -1   -0.000798
   3    4   -1   -1    0   -0.002221
   3    4   -1    2    0   -0.002221
   3    2    1    1    1    0.010219
   3    2   -1   -1    1    0.010213
   3    2   -1   -1   -2    0.010213
   3    2    1    1   -2    0.010219
   3    4    1    0    2    0.004314
   3    4    1    1    2    0.004314
   3    4    1    0   -2    0.006218
   3    4    1    1   -2    0.006218
   3    3   -1    0   -2   -0.003135
   3    3   -1    0    2    0.001635
   3    3    0   -1   -2   -0.003156
   3    3    0   -1    2    0.001647
   3    3    0    1   -2    0.001647
   3    3    0    1    2   -0.003156
   3    3    1    0   -2    0.001635
   3    3    1    0    2   -0.003135
   3    1   -1    2    0    0.001550
   3    1    1    2    0    0.001550
   3    1   -1    2   -1   -0.000637
   3    1    1    2   -1   -0.000637
   3    3   -2    0    0   -0.003004
   3    3    0   -2    0   -0.003044
   3    3    0    2    0   -0.003044
   3    3    2    0    0   -0.003004
   3    2    1   -2    0    0.013654
   3    2    2   -1    0    0.013603
   3    2    1   -2   -1    0.013654
   3    2    2   -1   -1    0.013603
   3    4    2    0    1   -0.002639
   3    4    2    1    1   -0.002639
   3    4    2    0   -1   -0.002168
   3    4    2    1   -1   -0.002168
   3    1   -2    0    0    0.003254
   3    1    2    0    0    0.003254
   3    1   -2    0   -1    0.004049
   3    1    2    0   -1    0.004049
   3    1   -1   -1    1   -0.003335
   3    1    1   -1    1   -0.003335
   3    1   -1   -1   -2   -0.000524
   3    1    1   -1   -2   -0.000524
   3    4   -1   -1    1    0.002700
   3    4   -1    2    1    0.002700
   3    4   -1   -1   -1    0.000869
   3    4   -1    2   -1    0.000869
   3    2   -1    1    1   -0.000975
   3    2   -1    1   -2   -0.000975
   3    1    0    2    1    0.000713
   3    1    0    2   -2    0.001326
   3    4   -1    0    2    0.004035
   3    4   -1    1    2    0.004035
   3    4   -1    0   -2    0.005956
   3    4   -1    1   -2    0.005956
   3    2    0    0    2    0.004987
   3    2    0    0   -3    0.004987
   3    1    0    0    2    0.014473
   3    1    0    0   -3   -0.011109
   3    1   -2    1    0   -0.003447
   3    1    2    1    0   -0.003447
   3    1   -2    1   -1   -0.003785
   3    1    2    1   -1   -0.003785
   3    3   -2    0   -1   -0.002383
   3    3   -2    0    1   -0.008187
   3    3    0   -2   -1   -0.002396
   3    3    0   -2    1   -0.008241
   3    3    0    2   -1   -0.008241
   3    3    0    2    1   -0.002396
   3    3    2    0   -1   -0.008187
   3    3    2    0    1   -0.002383
   3    3   -1   -1   -2   -0.001515
   3    3   -1   -1    2   -0.005492
   3    3   -1    1   -2   -0.001063
   3    3   -1    1    2   -0.001050
   3    3    1   -1   -2   -0.001050
   3    3    1   -1    2   -0.001063
   3    3    1    1   -2   -0.005492
   3    3    1    1    2   -0.001515
   3    1    0    1    2    0.001252
   3    1    0    1   -3    0.003581
   3    2   -1   -2    0    0.001626
   3    2    2    1    0    0.001641
   3    2   -1   -2   -1    0.001626
   3    2    2    1   -1    0.001641
   3    2    0   -2    1    0.002361
   3    2    2    0    1    0.002348
   3    2    0   -2   -2    0.002361
   3    2    2    0   -2    0.002348
   3    2    0    2    0   -0.000451
   3    2   -2    0    0   -0.000453
   3    2   -2    0   -1   -0.000453
   3    2    0    2   -1   -0.000451
   3    3   -2   -1    0   -0.006693
   3    3   -2    1    0    0.001461
   3    3   -1   -2    0   -0.006719
   3    3   -1    2    0    0.001469
   3    3    1   -2    0    0.001469
   3    3    1    2    0   -0.006719
   3    3    2   -1    0    0.001461
   3    3    2    1    0   -0.006693
   3    4   -2    1    0   -0.003019
   3    4   -2    0    0   -0.003019
   3    4    0   -1    2   -0.001445
   3    4    0    2    2   -0.001445
   3    4    0   -1   -2    0.001454
   3    4    0    2   -2    0.001454
   3    2    1    0    2   -0.005998
   3    2    0   -1    2   -0.006018
   3    2    1    0   -3   -0.005998
   3    2    0   -1   -3   -0.006018
   3    1   -1    2    1   -0.001224
   3    1    1    2    1   -0.001224
   3    1   -1    2   -2    0.000930
   3    1    1    2   -2    0.000930
   3    1   -1    0    2    0.000837
   3    1    1    0    2    0.000837
   3    1   -1    0   -3   -0.005764
   3    1    1    0   -3   -0.005764
   3    1    0   -2    0    0.000480
   3    1    0   -2   -1    0.000864
   3    4    2   -1    0    0.000023
   3    4    2    2    0    0.000023
   3    2    1   -2    1    0.002536
   3    2    2   -1    1    0.002522
   3    2    1   -2   -2    0.002536
   3    2    2   -1   -2    0.002522
   3    2    1    2    0    0.009599
   3    2   -2   -1    0    0.009560
   3    2    1    2   -1    0.009599
   3    2   -2   -1   -1    0.009560
   3    1   -2    0    1   -0.000496
   3    1    2    0    1   -0.000496
   3    1   -2    0   -2    0.001287
   3    1    2    0   -2    0.001287
   3    3   -2   -1   -1   -0.001905
   3    3   -2   -1    1   -0.001526
   3    3   -2    1   -1   -0.000901
   3    3   -2    1    1   -0.000731
   3    3   -1   -2   -1   -0.001911
   3    3   -1   -2    1   -0.001534
   3    3   -1    2   -1   -0.000740
   3    3   -1    2    1   -0.000910
   3    3    1   -2   -1   -0.000910
   3    3    1   -2    1   -0.000740
   3    3    1    2   -1   -0.001534
   3    3    1    2    1   -0.001911
   3    3    2   -1   -1   -0.000731
   3    3    2   -1    1   -0.000901
   3    3    2    1   -1   -0.001526
   3    3    2    1    1   -0.001905
   3    4   -2    1    1   -0.004452
   3    4   -2    0    1   -0.004452
   3    4   -2    0   -1   -0.000521
   3    4   -2    1   -1   -0.000521
   3    4    1   -1    2   -0.002224
   3    4    1    2    2   -0.002224
   3    4    1   -1   -2    0.001055
   3    4    1    2   -2    0.001055
   3    2    1   -1    2   -0.001006
   3    2    1   -1   -3   -0.001006
   3    2   -1    0    2    0.000718
   3    2    0    1    2    0.000719
   3    2   -1    0   -3    0.000718
   3    2    0    1   -3    0.000719
   3    1   -1    1    2   -0.000018
   3    1    1    1    2   -0.000018
   3    1   -1    1   -3   -0.000186
   3    1    1    1   -3   -0.000186
   3    1   -2   -1    0   -0.002321
   3    1    2   -1    0   -0.002321
   3    1   -2   -1   -1    0.000029
   3    1    2   -1   -1    0.000029
   3    1   -2    1    1   -0.000487
   3    1    2    1    1   -0.000487
   3    1   -2    1   -2    0.001508
   3    1    2    1   -2    0.001508
   3    1    0   -1    2   -0.001381
   3    1    0   -1   -3    0.000410
   3    4    2   -1    1    0.001382
   3    4    2    2    1    0.001382
   3    4    2   -1   -1    0.000051
   3    4    2    2   -1    0.000051
   3    4    0   -2    0    0.001965
   3    4    0    3    0    0.001965
   3    2   -1   -2    1   -0.001574
   3    2    2    1    1   -0.001568
   3    2   -1   -2   -2   -0.001574
   3    2    2    1   -2   -0.001568
   3    3    0    0   -3   -0.006613
   3    3    0    0    3   -0.006613
   3    2   -2    1    0   -0.003359
   3    2   -1    2    0   -0.003377
   3    2   -2    1   -1   -0.003359
   3    2   -1    2   -1   -0.003377
   3    2   -2    0    1    0.002541
   3    2    0    2    1    0.002540
   3    2    0    2   -2    0.002540
   3    2   -2    0   -2    0.002541
   3    4    2    0    2   -0.000107
   3    4    2    1    2   -0.000107
   3    4    2    0   -2   -0.003901
   3    4    2    1   -2   -0.003901
   3    4   -1   -1    2   -0.001262
   3    4   -1    2    2   -0.001262
   3    4   -1   -1   -2    0.001291
   3    4   -1    2   -2    0.001291
   3    2   -1   -1    2    0.001279
   3    2    1    1    2    0.001270
   3    2   -1   -1   -3    0.001279
   3    2    1    1   -3    0.001270
   3    1   -1   -2    0    0.000678
   3    1    1   -2    0    0.000678
   3    1   -1   -2   -1   -0.000609
   3    1    1   -2   -1   -0.000609
   3    4    0    0    3    0.008697
   3    4    0    1    3    0.008697
   3    4    0    0   -3   -0.000192
   3    4    0    1   -3   -0.000192
   3    2    2   -2    0    0.002853
   3    2    2   -2   -1    0.002853
   3    3   -2    0   -2   -0.002610
   3    3   -2    0    2    0.000962
   3    3    0   -2   -2   -0.002610
   3    3    0   -2    2    0.000970
   3    3    0    2   -2    0.000970
   3    3    0    2    2   -0.002610
   3    3    2    0   -2    0.000962
   3    3    2    0    2   -0.002610
   3    4    1   -2    0    0.001757
   3    4    1    3    0    0.001757
   3    1    0   -2    1   -0.003599
   3    1    0   -2   -2    0.001217
   3    4    0   -2    1    0.000297
   3    4    0    3    1    0.000297
   3    4    0   -2   -1    0.001786
   3    4    0    3   -1    0.001786
   3    1   -2    2    0    0.000113
   3    1    2    2    0    0.000113
   3    1   -2    2   -1    0.002885
   3    1    2    2   -1    0.002885
   3    4   -2   -1    0    0.000109
   3    4   -2    2    0    0.000109
   3    2    1    2    1    0.001945
   3    2   -2   -1    1    0.001934
   3    2    1    2   -2    0.001945
   3    2   -2   -1   -2    0.001934
   3    1   -1   -1    2    0.002621
   3    1    1   -1    2    0.002621
   3    1   -1   -1   -3   -0.000373
   3    1    1   -1   -3   -0.000373
   3    2   -1    1    2   -0.000152
   3    2   -1    1   -3   -0.000152
   3    1    0    2    2    0.001694
   3    1    0    2   -3    0.001657
   3    4    1    0    3    0.000572
   3    4    1    1    3    0.000572
   3    4    1    0   -3   -0.003178
   3    4    1    1   -3   -0.003178
   3    3   -1    0   -3   -0.000202
   3    3   -1    0    3   -0.000490
   3    3    0   -1   -3   -0.000210
   3    3    0   -1    3   -0.000500
   3    3    0    1   -3   -0.000500
   3    3    0    1    3   -0.000210
   3    3    1    0   -3   -0.000490
   3    3    1    0    3   -0.000202
   3    1   -2   -1    1   -0.001925
   3    1    2   -1    1   -0.001925
   3    1   -2   -1   -2    0.001696
   3    1    2   -1   -2    0.001696
   3    1    0    3    0   -0.001467
   3    1    0    3   -1    0.000768
   3    4    1   -2    1    0.002159
   3    4    1    3    1    0.002159
   3    4    1   -2   -1   -0.000369
   3    4    1    3   -1   -0.000369
   3    4   -1   -2    0   -0.000153
   3    4   -1    3    0   -0.000153
   3    4   -2   -1    1    0.000788
   3    4   -2    2    1    0.000788
   3    4   -2   -1   -1   -0.000123
   3    4   -2    2   -1   -0.000123
   3    2   -2    1    1    0.000810
   3    2   -1    2    1    0.000806
   3    2   -2    1   -2    0.000810
   3    2   -1    2   -2    0.000806
   3    2    0   -2    2    0.000408
   3    2    2    0    2    0.000405
   3    2    0   -2   -3    0.000408
   3    2    2    0   -3    0.000405
   3    3   -2   -1   -2   -0.001004
   3    3   -2   -1    2    0.000743
   3    3   -2    1   -2   -0.000805
   3    3   -2    1    2   -0.000299
   3    3   -1   -2   -2   -0.001006
   3    3   -1   -2    2    0.000743
   3    3   -1    2   -2   -0.000304
   3    3   -1    2    2   -0.000801
   3    3    1   -2   -2   -0.000801
   3    3    1   -2    2   -0.000304
   3    3    1    2   -2    0.000743
   3    3    1    2    2   -0.001006
   3    3    2   -1   -2   -0.000299
   3    3    2   -1    2   -0.000805
   3    3    2    1   -2    0.000743
   3    3    2    1    2   -0.001004
   3    4   -2    0    2   -0.001261
   3    4   -2    1    2   -0.001261
   3    4   -2    0   -2   -0.001396
   3    4   -2    1   -2   -0.001396
   3    1   -1   -2    1   -0.001328
   3    1    1   -2    1   -0.001328
   3    1   -1   -2   -2    0.000520
   3    1    1   -2   -2    0.000520
   3    4   -1    0    3    0.001084
   3    4   -1    1    3    0.001084
   3    4   -1    0   -3    0.001963
   3    4   -1    1   -3    0.001963
   3    3   -2   -2    0    0.000865
   3    3   -2    2    0    0.000722
   3    3    2   -2    0    0.000722
   3    3    2    2    0    0.000865
   3    2    0   -3    0   -0.001030
   3    2    3    0    0   -0.001033
   3    2    0   -3   -1   -0.001030
   3    2    3    0   -1   -0.001033
   3    4    3    0    0    0.000804
   3    4    3    1    0    0.000804
   3    2    2   -2    1   -0.000018
   3    2    2   -2   -2   -0.000018
   3    1   -1    2    2    0.000519
   3    1    1    2    2    0.000519
   3    1   -1    2   -3   -0.000105
   3    1    1    2   -3   -0.000105
   3    2   -2   -2    0    0.000352
   3    2    2    2    0    0.000356
   3    2   -2   -2   -1    0.000352
   3    2    2    2   -1    0.000356
   3    3   -1   -1   -3   -0.000805
   3    3   -1   -1    3    0.000804
   3    3   -1    1   -3    0.002239
   3    3   -1    1    3    0.002241
   3    3    1   -1   -3    0.002241
   3    3    1   -1    3    0.002239
   3    3    1    1   -3    0.000804
   3    3    1    1    3   -0.000805
   3    4   -1   -2    1   -0.000461
   3    4   -1    3    1   -0.000461
   3    4   -1   -2   -1   -0.000376
   3    4   -1    3   -1   -0.000376
   3    1   -1    3    0    0.000487
   3    1    1    3    0    0.000487
   3    1   -1    3   -1    0.002912
   3    1    1    3   -1    0.002912
   3    4    2   -1    2    0.000028
   3    4    2    2    2    0.000028
   3    4    2   -1   -2    0.000618
   3    4    2    2   -2    0.000618
   3    2    1   -2    2    0.000049
   3    2    2   -1    2    0.000048
   3    2    1   -2   -3    0.000049
   3    2    2   -1   -3    0.000048
   3    1   -2    2    1   -0.000557
   3    1    2    2    1   -0.000557
   3    1   -2    2   -2   -0.000288
   3    1    2    2   -2   -0.000288
   3    1   -2    0    2    0.000721
   3    1    2    0    2    0.000721
   3    1   -2    0   -3    0.000206
   3    1    2    0   -3    0.000206
   3    4    0   -1    3   -0.000281
   3    4    0    2    3   -0.000281
   3    4    0   -1   -3   -0.000397
   3    4    0    2   -3   -0.000397
   3    2    0    0    3   -0.000686
   3    2    0    0   -4   -0.000686
   3    1    0    0    3    0.002691
   3    1    0    0   -4   -0.000920
   3    3   -2   -2   -1   -0.000452
   3    3   -2   -2    1   -0.002468
   3    3   -2    2   -1   -0.000460
   3    3   -2    2    1   -0.000458
   3    3    2   -2   -1   -0.000458
   3    3    2   -2    1   -0.000460
   3    3    2    2   -1   -0.002468
   3    3    2    2    1   -0.000452
   3    1    0    3    1   -0.001843
   3    1    0    3   -2   -0.001945
   3    2    1   -3    0   -0.001189
   3    2    3   -1    0   -0.001182
   3    2    1   -3   -1   -0.001189
   3    2    3   -1   -1   -0.001182
   3    1   -2    1    2    0.000094
   3    1    2    1    2    0.000094
   3    1   -2    1   -3    0.000045
   3    1    2    1   -3    0.000045
   3    4    3    0    1    0.001217
   3    4    3    1    1    0.001217
   3    4    3    0   -1    0.001586
   3    4    3    1   -1    0.001586
   3    3   -3    0    0   -0.001223
   3    3    0   -3    0   -0.001218
   3    3    0    3    0   -0.001218
   3    3    3    0    0   -0.001223
   3    1    0    1    3   -0.000137
   3    1    0    1   -4   -0.000325
   3    4    0   -2    2   -0.000043
   3    4    0    3    2   -0.000043
   3    4    0   -2   -2   -0.000364
   3    4    0    3   -2   -0.000364
   3    2   -1   -2    2   -0.000498
   3    2    2    1    2   -0.000500
   3    2   -1   -2   -3   -0.000498
   3    2    2    1   -3   -0.000500
   3    2   -2    0    2    0.000672
   3    2    0    2    2    0.000680
   3    2   -2    0   -3    0.000672
   3    2    0    2   -3    0.000680
   3    4    1   -1    3   -0.000831
   3    4    1    2    3   -0.000831
   3    4    1   -1   -3    0.001870
   3    4    1    2   -3    0.001870
   3    1   -3    0    0   -0.000284
   3    1    3    0    0   -0.000284
   3    1   -3    0   -1   -0.000536
   3    1    3    0   -1   -0.000536
   3    2    0   -1    3   -0.000194
   3    2    1    0    3   -0.000193
   3    2    0   -1   -4   -0.000194
   3    2    1    0   -4   -0.000193
   3    2   -1   -3    0   -0.001295
   3    2    3    1    0   -0.001291
   3    2   -1   -3   -1   -0.001295
   3    2    3    1   -1   -0.001291
   3    1   -2   -2    0    0.000119
   3    1    2   -2    0    0.000119
   3    1   -2   -2   -1    0.000306
   3    1    2   -2   -1    0.000306
   3    4    2   -2    0    0.000845
   3    4    2    3    0    0.000845
   3    2    0   -3    1    0.000055
   3    2    3    0    1    0.000054
   3    2    0   -3   -2    0.000055
   3    2    3    0   -2    0.000054
   3    1   -3    1    0    0.000351
   3    1    3    1    0    0.000351
   3    1   -3    1   -1    0.001036
   3    1    3    1   -1    0.001036
   3    2   -2   -2    1   -0.000157
   3    2    2    2    1   -0.000158
   3    2   -2   -2   -2   -0.000157
   3    2    2    2   -2   -0.000158
   3    2   -2    2    0   -0.000945
   3    2   -2    2   -1   -0.000945
   3    1   -1    0    3   -0.001324
   3    1    1    0    3   -0.001324
   3    1   -1    0   -4   -0.000598
   3    1    1    0   -4   -0.000598
   3    3   -3    0   -1    0.000398
   3    3   -3    0    1   -0.000190
   3    3    0   -3   -1    0.000400
   3    3    0   -3    1   -0.000190
   3    3    0    3   -1   -0.000190
   3    3    0    3    1    0.000400
   3    3    3    0   -1   -0.000190
   3    3    3    0    1    0.000398
   3    4    1   -2    2    0.001069
   3    4    1    3    2    0.001069
   3    4    1   -2   -2   -0.000207
   3    4    1    3   -2   -0.000207
   3    1   -1    3    1   -0.000092
   3    1    1    3    1   -0.000092
   3    1   -1    3   -2   -0.000290
   3    1    1    3   -2   -0.000290
   3    1    0   -2    2   -0.001245
   3    1    0   -2   -3    0.000607
   3    4   -2   -1    2   -0.000579
   3    4   -2    2    2   -0.000579
   3    4   -2   -1   -2    0.000349
   3    4   -2    2   -2    0.000349
   3    2    1    2    2    0.000028
   3    2   -2   -1    2    0.000025
   3    2    1    2   -3    0.000028
   3    2   -2   -1   -3    0.000025
   3    4    2    0    3   -0.000217
   3    4    2    1    3   -0.000217
   3    4    2    0   -3   -0.000155
   3    4    2    1   -3   -0.000155
   3    2    1   -1    3   -0.000363
   3    2    1   -1   -4   -0.000363
   3    4   -1   -1    3   -0.000255
   3    4   -1    2    3   -0.000255
   3    4   -1   -1   -3    0.000394
   3    4   -1    2   -3    0.000394
   3    3   -3   -1    0    0.002039
   3    3   -3    1    0   -0.000005
   3    3   -1   -3    0    0.002051
   3    3   -1    3    0    0.000004
   3    3    1   -3    0    0.000004
   3    3    1    3    0    0.002051
   3    3    3   -1    0   -0.000005
   3    3    3    1    0    0.002039
   3    2   -1    0    3    0.000634
   3    2    0    1    3    0.000635
   3    2   -1    0   -4    0.000634
   3    2    0    1   -4    0.000635
   3    1   -1    1    3   -0.000008
   3    1    1    1    3   -0.000008
   3    1   -1    1   -4   -0.000830
   3    1    1    1   -4   -0.000830
   3    1   -2   -1    2   -0.000096
   3    1    2   -1    2   -0.000096
   3    1   -2   -1   -3    0.000680
   3    1    2   -1   -3    0.000680
   3    4    3   -1    0    0.000955
   3    4    3    2    0    0.000955
   3    2    1   -3    1   -0.000229
   3    2    3   -1    1   -0.000226
   3    2    1   -3   -2   -0.000229
   3    2    3   -1   -2   -0.000226
   3    4    2   -2    1   -0.000124
   3    4    2    3    1   -0.000124
   3    4    2   -2   -1    0.000511
   3    4    2    3   -1    0.000511
   3    3   -2    0   -3   -0.001212
   3    3   -2    0    3    0.000393
   3    3    0   -2   -3   -0.001212
   3    3    0   -2    3    0.000393
   3    3    0    2   -3    0.000393
   3    3    0    2    3   -0.001212
   3    3    2    0   -3    0.000393
   3    3    2    0    3   -0.001212
   3    2   -3    0    0   -0.000279
   3    2    0    3    0   -0.000283
   3    2   -3    0   -1   -0.000279
   3    2    0    3   -1   -0.000283
   3    1    0   -1    3   -0.001258
   3    1    0   -1   -4   -0.000289
   3    4   -3    0    0    0.000172
   3    4   -3    1    0    0.000172
   3    4   -1   -2    2   -0.000230
   3    4   -1    3    2   -0.000230
   3    4   -1   -2   -2    0.000270
   3    4   -1    3   -2    0.000270
   3    2   -2    1    2   -0.000376
   3    2   -1    2    2   -0.000376
   3    2   -2    1   -3   -0.000376
   3    2   -1    2   -3   -0.000376
   3    2   -1   -1    3    0.000373
   3    2    1    1    3    0.000366
   3    2    1    1   -4    0.000366
   3    2   -1   -1   -4    0.000373
   3    1   -3    0    1   -0.000850
   3    1    3    0    1   -0.000850
   3    1   -3    0   -2   -0.000701
   3    1    3    0   -2   -0.000701
   3    3   -3   -1   -1    0.001142
   3    3   -3   -1    1    0.000040
   3    3   -3    1   -1    0.000027
   3    3   -3    1    1    0.000565
   3    3   -1   -3   -1    0.001147
   3    3   -1   -3    1    0.000043
   3    3   -1    3   -1    0.000574
   3    3   -1    3    1    0.000029
   3    3    1   -3   -1    0.000029
   3    3    1   -3    1    0.000574
   3    3    1    3   -1    0.000043
   3    3    1    3    1    0.001147
   3    3    3   -1   -1    0.000565
   3    3    3   -1    1    0.000027
   3    3    3    1   -1    0.000040
   3    3    3    1    1    0.001142
   3    1   -1   -2    2   -0.000055
   3    1    1   -2    2   -0.000055
   3    1   -1   -2   -3   -0.000078
   3    1    1   -2   -3   -0.000078
   3    3   -2   -2   -2    0.000556
   3    3   -2   -2    2    0.000252
   3    3   -2    2   -2    0.000380
   3    3   -2    2    2    0.000379
   3    3    2   -2   -2    0.000379
   3    3    2   -2    2    0.000380
   3    3    2    2   -2    0.000252
   3    3    2    2    2    0.000556
   3    4    3   -1    1    0.000186
   3    4    3    2    1    0.000186
   3    4    3   -1   -1    0.000182
   3    4    3    2   -1    0.000182
   3    1   -3   -1    0   -0.000734
   3    1    3   -1    0   -0.000734
   3    1   -3   -1   -1   -0.000131
   3    1    3   -1   -1   -0.000131
   3    2   -1   -3    1   -0.000062
   3    2    3    1    1   -0.000061
   3    2   -1   -3   -2   -0.000062
   3    2    3    1   -2   -0.000061
   3    1   -2   -2    1    0.000147
   3    1    2   -2    1    0.000147
   3    1   -2   -2   -2    0.000007
   3    1    2   -2   -2    0.000007
   3    2   -3   -1    0   -0.001456
   3    2    1    3    0   -0.001462
   3    2   -3   -1   -1   -0.001456
   3    2    1    3   -1   -0.001462
   3    4   -2   -2    0   -0.000047
   3    4   -2    3    0   -0.000047
   3    4    3    0    2    0.000412
   3    4    3    1    2    0.000412
   3    4    3    0   -2    0.000421
   3    4    3    1   -2    0.000421
   3    2    2   -2    2   -0.000752
   3    2    2   -2   -3   -0.000752
   3    1   -3    1    1   -0.000282
   3    1    3    1    1   -0.000282
   3    1   -3    1   -2   -0.000729
   3    1    3    1   -2   -0.000729
   3    4   -3    0    1   -0.000567
   3    4   -3    1    1   -0.000567
   3    4   -3    0   -1    0.000260
   3    4   -3    1   -1    0.000260
   3    2   -2    2    1    0.000789
   3    2   -2    2   -2    0.000789
   3    1    0   -3    0    0.000874
   3    1    0   -3   -1    0.001044
   3    1   -2    2    2   -0.000299
   3    1    2    2    2   -0.000299
   3    1   -2    2   -3    0.000502
   3    1    2    2   -3    0.000502
   3    3    0    0   -4   -0.001120
   3    3    0    0    4   -0.001120
   3    3   -2   -1   -3    0.000183
   3    3   -2   -1    3    0.000388
   3    3   -2    1   -3    0.000255
   3    3   -2    1    3    0.000736
   3    3   -1   -2   -3    0.000181
   3    3   -1   -2    3    0.000387
   3    3   -1    2   -3    0.000740
   3    3   -1    2    3    0.000252
   3    3    1   -2   -3    0.000252
   3    3    1   -2    3    0.000740
   3    3    1    2   -3    0.000387
   3    3    1    2    3    0.000181
   3    3    2   -1   -3    0.000736
   3    3    2   -1    3    0.000255
   3    3    2    1   -3    0.000388
   3    3    2    1    3    0.000183
   3    4   -2    0    3   -0.000655
   3    4   -2    1    3   -0.000655
   3    4   -2    1   -3   -0.000400
   3    4   -2    0   -3   -0.000400
   3    1   -1   -1    3    0.000417
   3    1    1   -1    3    0.000417
   3    1   -1   -1   -4   -0.001118
   3    1    1   -1   -4   -0.001118
   3    1   -2    3    0   -0.000126
   3    1    2    3    0   -0.000126
   3    1   -2    3   -1    0.000261
   3    1    2    3   -1    0.000261
   3    2   -1    1    3    0.000131
   3    2   -1    1   -4    0.000131
   3    1    0    2    3    0.000106
   3    1    0    2   -4   -0.000208
   3    2    2   -3    0   -0.000090
   3    2    3   -2    0   -0.000090
   3    2    2   -3   -1   -0.000090
   3    2    3   -2   -1   -0.000090
   3    4    0    0    4    0.001696
   3    4    0    1    4    0.001696
   3    4    0    0   -4    0.000132
   3    4    0    1   -4    0.000132
   3    1    0    3    2   -0.000164
   3    1    0    3   -3    0.000240
   3    2   -3    1    0   -0.000739
   3    2   -1    3    0   -0.000743
   3    2   -3    1   -1   -0.000739
   3    2   -1    3   -1   -0.000743
   3    4   -2   -2    1   -0.000411
   3    4   -2    3    1   -0.000411
   3    4   -2   -2   -1    0.000154
   3    4   -2    3   -1    0.000154
   3    2   -3    0    1    0.000219
   3    2    0    3    1    0.000219
   3    2   -3    0   -2    0.000219
   3    2    0    3   -2    0.000219
   3    3   -3    0   -2   -0.000139
   3    3   -3    0    2   -0.000086
   3    3    0   -3   -2   -0.000137
   3    3    0   -3    2   -0.000088
   3    3    0    3   -2   -0.000088
   3    3    0    3    2   -0.000137
   3    3    3    0   -2   -0.000086
   3    3    3    0    2   -0.000139
   3    4    2   -1    3   -0.000078
   3    4    2    2    3   -0.000078
   3    4    2   -1   -3    0.000525
   3    4    2    2   -3    0.000525
   3    2    0   -2    3   -0.000430
   3    2    2    0    3   -0.000429
   3    2    0   -2   -4   -0.000430
   3    2    2    0   -4   -0.000429
   3    1   -3    2    0   -0.000013
   3    1    3    2    0   -0.000013
   3    1   -3    2   -1   -0.000280
   3    1    3    2   -1   -0.000280
   3    4    1    0    4   -0.000203
   3    4    1    1    4   -0.000203
   3    4    1    0   -4   -0.001690
   3    4    1    1   -4   -0.001690
   3    1   -1   -3    0    0.000384
   3    1    1   -3    0    0.000384
   3    1   -1   -3   -1   -0.000063
   3    1    1   -3   -1   -0.000063
   3    3   -1    0   -4    0.000268
   3    3   -1    0    4    0.000192
   3    3    0   -1   -4    0.000267
   3    3    0   -1    4    0.000187
   3    3    0    1   -4    0.000187
   3    3    0    1    4    0.000267
   3    3    1    0   -4    0.000192
   3    3    1    0    4    0.000268
   3    6    1    0    0    1.277153
   3    8    1    0    0    1.190021
   3    8    1    0   -1    0.481508
   3    5    0    0    0    1.183612
   3    5    1    0    0    1.177784
   3    6    0    0    0   -0.657169
   3    6    1    1    0   -0.657169
   3    8    0    0    0    0.234860
   3    8    0    0   -1    0.120805
   3    7    0    1    0    0.007555
   3    7    1    0    0    0.008661
   3    7    1    1    0   -0.025583
   3    7    0    0    0   -0.004198
   3    7    0    0   -1   -0.026562
   3    7    0    1   -1    0.007757
   3    7    1    0   -1    0.008862
   3    7    1    1   -1   -0.003488
   3    6    1    0    1    0.062649
   3    6    1    0   -1    0.062340
   3    5    0   -1    0   -0.175425
   3    5    1   -1    0   -0.176037
   3    6    0    1    0    0.585978
   3    5    0    0   -1   -0.127757
   3    5    1    0   -1   -0.127685
   3    5    0    0    1   -0.068648
   3    5    1    0    1   -0.068425
   3    6    0    0    1    0.001028
   3    6    1    1    1    0.001073
   3    6    0    0   -1    0.000876
   3    6    1    1   -1    0.000832
   3    8    1   -1    0    0.001780
   3    8    1    1    0    0.001574
   3    8    1   -1   -1    0.018443
   3    8    1    1   -1    0.018088
   3    5    0   -1   -1    0.013109
   3    5    1   -1   -1    0.013224
   3    5    0   -1    1    0.063731
   3    5    1   -1    1    0.063817
   3    6    0    1    1   -0.052850
   3    6    0    1   -1   -0.052846
   3    8    0   -1    0    0.045266
   3    8    0    1    0    0.045132
   3    8    0   -1   -1   -0.027453
   3    8    0    1   -1   -0.027684
   3    5    0    1    0   -0.058603
   3    5    1    1    0   -0.059026
   3    8    1    0    1   -0.040842
   3    8    1    0   -2    0.033047
   3    6    1   -1    0   -0.012114
   3    6    2    0    0   -0.012114
   3    8    2    0    0   -0.002163
   3    8    2    0   -1   -0.018390
   3    8    0    0    1    0.009620
   3    8    0    0   -2   -0.015963
   3    7    0    1    1    0.011212
   3    7    1    1    1   -0.020474
   3    7    0    0    1   -0.074975
   3    7    1    0    1    0.011257
   3    7    0    0   -2   -0.020386
   3    7    0    1   -2    0.011085
   3    7    1    0   -2    0.011130
   3    7    1    1   -2   -0.074924
   3    6    0   -1    0    0.012093
   3    6    2    1    0    0.012093
   3    5   -1    0    0   -0.004525
   3    5    2    0    0   -0.004750
   3    5    0    1   -1   -0.000655
   3    5    1    1   -1   -0.000690
   3    5    0    1    1    0.008541
   3    5    1    1    1    0.008632
   3    6    1   -1    1   -0.000293
   3    6    2    0    1   -0.000296
   3    6    1   -1   -1   -0.000327
   3    6    2    0   -1   -0.000324
   3    7   -1    0    0   -0.029168
   3    7   -1    1    0   -0.017025
   3    7    0   -1    0   -0.029142
   3    7    0    2    0   -0.003979
   3    7    1   -1    0   -0.017029
   3    7    1    2    0   -0.019817
   3    7    2    0    0   -0.003936
   3    7    2    1    0   -0.019731
   3    7   -1    0   -1   -0.019775
   3    7   -1    1   -1   -0.003967
   3    7    0   -1   -1   -0.019689
   3    7    0    2   -1   -0.017020
   3    7    1   -1   -1   -0.003924
   3    7    1    2   -1   -0.029180
   3    7    2    0   -1   -0.017023
   3    7    2    1   -1   -0.029153
   3    8    1   -1    1   -0.016792
   3    8    1    1    1   -0.016855
   3    8    1   -1   -2    0.004109
   3    8    1    1   -2    0.004047
   3    6    0   -1    1    0.011643
   3    6    2    1    1    0.011619
   3    6    0   -1   -1    0.011604
   3    6    2    1   -1    0.011629
   3    8    2   -1    0   -0.014551
   3    8    2    1    0   -0.014493
   3    8    2   -1   -1   -0.003792
   3    8    2    1   -1   -0.003781
   3    5   -1   -1    0    0.015318
   3    5    2   -1    0    0.015237
   3    6   -1    0    0    0.015336
   3    6    1    2    0    0.015336
   3    5   -1    0   -1   -0.004969
   3    5    2    0   -1   -0.004965
   3    5   -1    0    1    0.002219
   3    5    2    0    1    0.002173
   3    8   -1    0    0    0.003995
   3    8   -1    0   -1   -0.001239
   3    6    1    0    2   -0.008426
   3    6    1    0   -2   -0.008480
   3    8    0   -1    1    0.004535
   3    8    0    1    1    0.004540
   3    8    0   -1   -2    0.006109
   3    8    0    1   -2    0.006092
   3    5    0    0   -2    0.014506
   3    5    1    0   -2    0.014598
   3    5    0    0    2   -0.009103
   3    5    1    0    2   -0.009108
   3    6   -1    1    0   -0.015732
   3    6    0    2    0   -0.015732
   3    8    2    0    1    0.003558
   3    8    2    0   -2    0.010181
   3    6    0    0    2    0.010029
   3    6    1    1    2    0.010021
   3    6    0    0   -2    0.009997
   3    6    1    1   -2    0.010005
   3    6    2   -1    0   -0.004211
   3    5    0   -2    0   -0.007608
   3    5    1   -2    0   -0.007637
   3    5   -1   -1   -1   -0.001294
   3    5    2   -1   -1   -0.001275
   3    5   -1   -1    1   -0.000807
   3    5    2   -1    1   -0.000807
   3    6    1    2    1    0.010672
   3    6   -1    0    1    0.010666
   3    6    1    2   -1    0.010639
   3    6   -1    0   -1    0.010644
   3    5   -1    1    0   -0.002221
   3    5    2    1    0   -0.002236
   3    5    0   -1   -2    0.004321
   3    5    1   -1   -2    0.004296
   3    5    0   -1    2    0.006197
   3    5    1   -1    2    0.006225
   3    6    0    1    2   -0.007120
   3    6    0    1   -2   -0.007051
   3    6   -1    1    1    0.002070
   3    6    0    2    1    0.002077
   3    6   -1    1   -1    0.002044
   3    6    0    2   -1    0.002036
   3    8   -1   -1    0   -0.000601
   3    8   -1    1    0   -0.000627
   3    8   -1   -1   -1    0.001556
   3    8   -1    1   -1    0.001562
   3    7   -1    0    1   -0.003178
   3    7   -1    1    1    0.005128
   3    7    0   -1    1   -0.003175
   3    7    0    2    1   -0.001892
   3    7    1   -1    1    0.005133
   3    7    1    2    1    0.002657
   3    7    2    0    1   -0.001875
   3    7    2    1    1    0.002654
   3    7   -1    0   -2    0.002654
   3    7   -1    1   -2   -0.001852
   3    7    0   -1   -2    0.002651
   3    7    0    2   -2    0.005156
   3    7    1   -1   -2   -0.001835
   3    7    1    2   -2   -0.003158
   3    7    2    0   -2    0.005162
   3    7    2    1   -2   -0.003154
   3    6    2   -1    1    0.000308
   3    6    2   -1   -1    0.000294
   3    5    0   -2   -1   -0.002641
   3    5    1   -2   -1   -0.002655
   3    5    0   -2    1   -0.002179
   3    5    1   -2    1   -0.002181
   3    8    1   -2    0    0.004060
   3    8    1    2    0    0.004089
   3    8    1   -2   -1    0.003277
   3    8    1    2   -1    0.003263
   3    8    2   -1    1   -0.000518
   3    8    2    1    1   -0.000527
   3    8    2   -1   -2   -0.003315
   3    8    2    1   -2   -0.003350
   3    5   -1    1   -1    0.002682
   3    5    2    1   -1    0.002715
   3    5   -1    1    1    0.000868
   3    5    2    1    1    0.000871
   3    8   -1    0    1    0.001325
   3    8   -1    0   -2    0.000707
   3    5    0    1   -2    0.004036
   3    5    1    1   -2    0.004014
   3    5    0    1    2    0.005937
   3    5    1    1    2    0.005952
   3    8    1    0    2   -0.011137
   3    8    1    0   -3    0.014432
   3    6   -1   -1    0    0.004514
   3    6    2    2    0    0.004514
   3    8    0   -2    0   -0.003787
   3    8    0    2    0   -0.003803
   3    8    0   -2   -1   -0.003457
   3    8    0    2   -1   -0.003473
   3    6    1   -1    2   -0.000940
   3    6    2    0    2   -0.000936
   3    6    1   -1   -2   -0.000917
   3    6    2    0   -2   -0.000921
   3    7   -1   -1    0    0.000763
   3    7   -1    2    0   -0.004374
   3    7    2   -1    0   -0.004386
   3    7    2    2    0   -0.005858
   3    7   -1   -1   -1   -0.005856
   3    7   -1    2   -1   -0.004359
   3    7    2   -1   -1   -0.004370
   3    7    2    2   -1    0.000781
   3    8    0    0    2    0.003611
   3    8    0    0   -3    0.001248
   3    7    0    0    2   -0.018897
   3    7    0    1    2    0.002217
   3    7    1    0    2    0.002227
   3    7    1    1    2   -0.001909
   3    7    0    0   -3   -0.001900
   3    7    0    1   -3    0.002213
   3    7    1    0   -3    0.002223
   3    7    1    1   -3   -0.018867
   3    5    1    2    0   -0.003020
   3    5    0    2    0   -0.003023
   3    6    0   -1    2    0.003463
   3    6    2    1    2    0.003461
   3    6    0   -1   -2    0.003467
   3    6    2    1   -2    0.003469
   3    5   -1    0   -2   -0.001445
   3    5    2    0   -2   -0.001445
   3    5   -1    0    2    0.001453
   3    5    2    0    2    0.001432
   3    6   -1   -1    1   -0.000396
   3    6    2    2    1   -0.000396
   3    6   -1   -1   -1   -0.000409
   3    6    2    2   -1   -0.000409
   3    8   -1   -1    1    0.000931
   3    8   -1    1    1    0.000938
   3    8   -1   -1   -2   -0.001227
   3    8   -1    1   -2   -0.001230
   3    6    1   -2    0   -0.002326
   3    6    3    0    0   -0.002326
   3    8    1   -1    2   -0.005777
   3    8    1    1    2   -0.005777
   3    8    1   -1   -3    0.000839
   3    8    1    1   -3    0.000830
   3    8    3    0    0    0.000874
   3    8    3    0   -1    0.000484
   3    5   -1   -2    0    0.000026
   3    5    2   -2    0    0.000019
   3    6   -1    2    0    0.005051
   3    8    1   -2    1    0.001289
   3    8    1    2    1    0.001294
   3    8    1   -2   -2   -0.000489
   3    8    1    2   -2   -0.000490
   3    5    0    2   -1   -0.004454
   3    5    1    2   -1   -0.004450
   3    5    1    2    1   -0.000522
   3    5    0    2    1   -0.000525
   3    5   -1   -1   -2   -0.002221
   3    5    2   -1   -2   -0.002228
   3    5   -1   -1    2    0.001050
   3    5    2   -1    2    0.001055
   3    6    1    2    2    0.003078
   3    6   -1    0    2    0.003066
   3    6    1    2   -2    0.003060
   3    6   -1    0   -2    0.003072
   3    6    0   -2    0   -0.004678
   3    6    3    1    0   -0.004678
   3    8    0   -1    2   -0.000196
   3    8    0    1    2   -0.000180
   3    8    0   -1   -3    0.000002
   3    8    0    1   -3   -0.000031
   3    8    2   -2    0    0.000030
   3    8    2    2    0    0.000022
   3    8    2   -2   -1   -0.002325
   3    8    2    2   -1   -0.002316
   3    8    0   -2    1    0.001493
   3    8    0    2    1    0.001492
   3    8    0   -2   -2   -0.000486
   3    8    0    2   -2   -0.000483
   3    7   -1   -1    1   -0.001335
   3    7   -1    2    1   -0.002509
   3    7    2   -1    1   -0.002522
   3    7    2    2    1   -0.000128
   3    7   -1   -1   -2   -0.000130
   3    7   -1    2   -2   -0.002517
   3    7    2   -1   -2   -0.002530
   3    7    2    2   -2   -0.001320
   3    6   -1    1    2   -0.000605
   3    6    0    2    2   -0.000599
   3    6   -1    1   -2   -0.000586
   3    6    0    2   -2   -0.000592
   3    8    2    0    2    0.000414
   3    8    2    0   -3   -0.001379
   3    6    1   -2    1   -0.000225
   3    6    3    0    1   -0.000225
   3    6    1   -2   -1   -0.000226
   3    6    3    0   -1   -0.000226
   3    5   -1   -2   -1    0.001376
   3    5    2   -2   -1    0.001380
   3    5   -1   -2    1    0.000051
   3    5    2   -2    1    0.000049
   3    5   -2    0    0    0.001957
   3    5    3    0    0    0.001956
   3    6    2   -1    2    0.002756
   3    6    2   -1   -2    0.002766
   3    6   -1    2    1    0.004461
   3    6   -1    2   -1    0.004459
   3    5    1   -2   -2   -0.000108
   3    5    0   -2   -2   -0.000104
   3    5    1   -2    2   -0.003901
   3    5    0   -2    2   -0.003902
   3    5   -1    1   -2   -0.001256
   3    5    2    1   -2   -0.001249
   3    5   -1    1    2    0.001283
   3    5    2    1    2    0.001291
   3    6    1    0    3   -0.002666
   3    6    1    0   -3   -0.002674
   3    6    0   -2    1   -0.001819
   3    6    3    1    1   -0.001818
   3    6    0   -2   -1   -0.001812
   3    6    3    1   -1   -0.001814
   3    8    3   -1    0   -0.000612
   3    8    3    1    0   -0.000610
   3    8    3   -1   -1    0.000669
   3    8    3    1   -1    0.000676
   3    5    0    0   -3    0.008671
   3    5    1    0   -3    0.008670
   3    5    0    0    3   -0.000188
   3    5    1    0    3   -0.000200
   3    7   -2    0    0    0.000956
   3    7   -2    1    0   -0.000643
   3    7    0   -2    0    0.000963
   3    7    0    3    0   -0.001720
   3    7    1   -2    0   -0.000646
   3    7    1    3    0    0.000929
   3    7    3    1    0    0.000932
   3    7    3    0    0   -0.001731
   3    7   -2    0   -1    0.000923
   3    7   -2    1   -1   -0.001720
   3    7    0   -2   -1    0.000926
   3    7    0    3   -1   -0.000646
   3    7    1   -2   -1   -0.001731
   3    7    1    3   -1    0.000946
   3    7    3    1   -1    0.000953
   3    7    3    0   -1   -0.000649
   3    6    0    0    3    0.001284
   3    6    1    1    3    0.001283
   3    6    0    0   -3    0.001278
   3    6    1    1   -3    0.001279
   3    7   -1    0    2   -0.004283
   3    7   -1    1    2   -0.000283
   3    7    0   -1    2   -0.004279
   3    7    0    2    2   -0.002717
   3    7    1   -1    2   -0.000282
   3    7    1    2    2   -0.001443
   3    7    2    0    2   -0.002715
   3    7    2    1    2   -0.001449
   3    7   -1    0   -3   -0.001442
   3    7   -1    1   -3   -0.002713
   3    7    0   -1   -3   -0.001448
   3    7    0    2   -3   -0.000284
   3    7    1   -1   -3   -0.002710
   3    7    1    2   -3   -0.004289
   3    7    2    0   -3   -0.000283
   3    7    2    1   -3   -0.004285
   3    5   -2   -1    0    0.001749
   3    5    3   -1    0    0.001758
   3    8    3    0    1    0.001218
   3    8    3    0   -2   -0.003590
   3    5   -2    0   -1    0.000292
   3    5    3    0   -1    0.000293
   3    5   -2    0    1    0.001787
   3    5    3    0    1    0.001785
   3    8   -1   -2    0    0.002884
   3    8   -1    2    0    0.002885
   3    8   -1   -2   -1    0.000111
   3    8   -1    2   -1    0.000111
   3    5   -1    2    0    0.000116
   3    5    2    2    0    0.000110
   3    6    2   -2    0   -0.000298
   3    6    3   -1    0   -0.000298
   3    8    2   -1    2   -0.000370
   3    8    2    1    2   -0.000378
   3    8    2   -1   -3    0.002624
   3    8    2    1   -3    0.002613
   3    8   -1    0    2    0.001646
   3    8   -1    0   -3    0.001699
   3    5    0   -1   -3    0.000565
   3    5    1   -1   -3    0.000566
   3    5    0   -1    3   -0.003197
   3    5    1   -1    3   -0.003171
   3    6    0    1    3   -0.002813
   3    6    0    1   -3   -0.002803
   3    6   -2    0    0   -0.002971
   3    6    1    3    0   -0.002971
   3    8    2   -2    1    0.001697
   3    8    2    2    1    0.001698
   3    8    2   -2   -2   -0.001924
   3    8    2    2   -2   -0.001932
   3    8   -2    0    0    0.000773
   3    8   -2    0   -1   -0.001464
   3    6   -1   -1    2   -0.000762
   3    6    2    2    2   -0.000761
   3    6   -1   -1   -2   -0.000767
   3    6    2    2   -2   -0.000768
   3    5   -2   -1   -1    0.002151
   3    5    3   -1   -1    0.002165
   3    5   -2   -1    1   -0.000373
   3    5    3   -1    1   -0.000363
   3    5   -2    1    0   -0.000157
   3    5    3    1    0   -0.000149
   3    6   -2    1    0   -0.000936
   3    6    0    3    0   -0.000936
   3    5   -1    2   -1    0.000788
   3    5    2    2   -1    0.000789
   3    5   -1    2    1   -0.000123
   3    5    2    2    1   -0.000114
   3    5    0    2   -2   -0.001265
   3    5    1    2   -2   -0.001266
   3    5    1    2    2   -0.001398
   3    5    0    2    2   -0.001398
   3    6    2   -2    1    0.000725
   3    6    3   -1    1    0.000725
   3    6    2   -2   -1    0.000722
   3    6    3   -1   -1    0.000722
   3    8    3   -1    1    0.000524
   3    8    3    1    1    0.000523
   3    8    3   -1   -2   -0.001326
   3    8    3    1   -2   -0.001328
   3    5    0    1   -3    0.001088
   3    5    1    1   -3    0.001088
   3    5    0    1    3    0.001963
   3    5    1    1    3    0.001960
   3    6   -2    0    1    0.001520
   3    6    1    3    1    0.001519
   3    6   -2    0   -1    0.001519
   3    6    1    3   -1    0.001520
   3    7   -2    0    1    0.000524
   3    7   -2    1    1    0.000771
   3    7    0   -2    1    0.000518
   3    7    1   -2    1    0.000768
   3    7    0    3    1   -0.000065
   3    7    1    3    1    0.000041
   3    7    3    0    1   -0.000071
   3    7    3    1    1    0.000039
   3    7   -2    0   -2    0.000045
   3    7   -2    1   -2   -0.000063
   3    7    0   -2   -2    0.000043
   3    7    0    3   -2    0.000775
   3    7    1   -2   -2   -0.000069
   3    7    1    3   -2    0.000523
   3    7    3    1   -2    0.000518
   3    7    3    0   -2    0.000771
   3    6    1   -1    3    0.001814
   3    6    2    0    3    0.001813
   3    6    1   -1   -3    0.001818
   3    6    2    0   -3    0.001820
   3    5    0   -3    0    0.000803
   3    5    1   -3    0    0.000808
   3    6   -1   -2    0   -0.000948
   3    6    3    2    0   -0.000948
   3    8   -1   -1    2   -0.000104
   3    8   -1    1    2   -0.000108
   3    8   -1   -1   -3    0.000519
   3    8   -1    1   -3    0.000515
   3    6    1   -2    2    0.000741
   3    6    3    0    2    0.000738
   3    6    1   -2   -2    0.000738
   3    6    3    0   -2    0.000741
   3    5   -2    1   -1   -0.000463
   3    5    3    1   -1   -0.000458
   3    5   -2    1    1   -0.000376
   3    5    3    1    1   -0.000368
   3    6   -2    1    1   -0.000942
   3    6    0    3    1   -0.000943
   3    6   -2    1   -1   -0.000948
   3    6    0    3   -1   -0.000946
   3    8   -2   -1    0    0.002905
   3    8   -2    1    0    0.002920
   3    8   -2   -1   -1    0.000483
   3    8   -2    1   -1    0.000493
   3    5   -1   -2   -2    0.000026
   3    5    2   -2   -2    0.000027
   3    5   -1   -2    2    0.000622
   3    5    2   -2    2    0.000620
   3    8   -1   -2    1   -0.000288
   3    8   -1    2    1   -0.000286
   3    8   -1   -2   -2   -0.000557
   3    8   -1    2   -2   -0.000557
   3    6   -1    2    2   -0.000851
   3    6   -1    2   -2   -0.000851
   3    8    1   -2    2    0.000207
   3    8    1    2    2    0.000205
   3    8    1   -2   -3    0.000722
   3    8    1    2   -3    0.000720
   3    6    0   -1    3    0.002485
   3    6    2    1    3    0.002484
   3    6    0   -1   -3    0.002487
   3    6    2    1   -3    0.002488
   3    5   -1    0   -3   -0.000277
   3    5    2    0   -3   -0.000277
   3    5   -1    0    3   -0.000400
   3    5    2    0    3   -0.000406
   3    6    0   -2    2   -0.000305
   3    6    3    1    2   -0.000302
   3    6    0   -2   -2   -0.000303
   3    6    3    1   -2   -0.000305
   3    7   -2   -1    0   -0.000908
   3    7   -2    2    0   -0.000976
   3    7   -1   -2    0   -0.000909
   3    7    2   -2    0   -0.000979
   3    7   -1    3    0    0.000046
   3    7    2    3    0    0.000637
   3    7    3   -1    0    0.000044
   3    7    3    2    0    0.000637
   3    7   -2   -1   -1    0.000634
   3    7   -2    2   -1    0.000042
   3    7   -1   -2   -1    0.000634
   3    7   -1    3   -1   -0.000978
   3    7    2   -2   -1    0.000039
   3    7    2    3   -1   -0.000905
   3    7    3   -1   -1   -0.000982
   3    7    3    2   -1   -0.000907
   3    8    1    0    3   -0.000920
   3    8    1    0   -4    0.002685
   3    8   -2    0    1   -0.001944
   3    8   -2    0   -2   -0.001842
   3    8    0   -2    2    0.000042
   3    8    0    2    2    0.000047
   3    8    0   -2   -3    0.000093
   3    8    0    2   -3    0.000095
   3    7   -1   -1    2    0.001136
   3    7   -1    2    2   -0.000832
   3    7    2   -1    2   -0.000835
   3    7    2    2    2   -0.000107
   3    7   -1   -1   -3   -0.000104
   3    7   -1    2   -3   -0.000831
   3    7    2   -1   -3   -0.000834
   3    7    2    2   -3    0.001133
   3    5    0   -3   -1    0.001217
   3    5    1   -3   -1    0.001220
   3    5    0   -3    1    0.001589
   3    5    1   -3    1    0.001588
   3    6   -1   -2    1   -0.000042
   3    6    3    2    1   -0.000043
   3    6   -1   -2   -1   -0.000045
   3    6    3    2   -1   -0.000044
   3    6   -2   -1    0   -0.000839
   3    6    2    3    0   -0.000839
   3    8    0    0    3   -0.000327
   3    8    0    0   -4   -0.000144
   3    5   -2    0   -2   -0.000046
   3    5    3    0   -2   -0.000047
   3    5   -2    0    2   -0.000365
   3    5    3    0    2   -0.000368
   3    7    0    0    3   -0.002022
   3    7    0    1    3    0.000343
   3    7    1    0    3    0.000351
   3    7    1    1    3    0.000474
   3    7    1    1   -4   -0.002012
   3    7    0    0   -4    0.000484
   3    7    0    1   -4    0.000349
   3    7    1    0   -4    0.000356
   3    5   -1   -1   -3   -0.000830
   3    5    2   -1   -3   -0.000833
   3    5   -1   -1    3    0.001872
   3    5    2   -1    3    0.001870
   3    6   -1    0    3    0.001087
   3    6    1    2    3    0.001087
   3    6   -1    0   -3    0.001092
   3    6    1    2   -3    0.001092
   3    8    1   -3    0   -0.000537
   3    8    1    3    0   -0.000536
   3    8    1   -3   -1   -0.000285
   3    8    1    3   -1   -0.000283
   3    8    3   -2    0    0.000308
   3    8    3    2    0    0.000306
   3    8    3   -2   -1    0.000118
   3    8    3    2   -1    0.000118
   3    5   -2   -2    0    0.000842
   3    5    3   -2    0    0.000843
   3    6   -1    1    3   -0.000766
   3    6    0    2    3   -0.000768
   3    6   -1    1   -3   -0.000765
   3    6    0    2   -3   -0.000763
   3    6   -2   -1    1   -0.000487
   3    6    2    3    1   -0.000488
   3    6   -2   -1   -1   -0.000493
   3    6    2    3   -1   -0.000492
   3    8    0   -3    0    0.001040
   3    8    0    3    0    0.001035
   3    8    0   -3   -1    0.000354
   3    8    0    3   -1    0.000351
   3    8    1   -1    3   -0.000601
   3    8    1    1    3   -0.000600
   3    8    1   -1   -4   -0.001326
   3    8    1    1   -4   -0.001317
   3    5   -2   -1   -2    0.001065
   3    5    3   -1   -2    0.001067
   3    5   -2   -1    2   -0.000209
   3    5    3   -1    2   -0.000205
   3    8   -2   -1    1   -0.000289
   3    8   -2    1    1   -0.000286
   3    8   -2   -1   -2   -0.000095
   3    8   -2    1   -2   -0.000090
   3    8    3    0    2    0.000607
   3    8    3    0   -3   -0.001244
   3    6    2   -1    3   -0.000048
   3    6    2   -1   -3   -0.000051
   3    5   -1    2   -2   -0.000578
   3    5    2    2   -2   -0.000577
   3    5   -1    2    2    0.000347
   3    5    2    2    2    0.000350
   3    5    0   -2   -3   -0.000217
   3    5    1   -2   -3   -0.000215
   3    5    0   -2    3   -0.000158
   3    5    1   -2    3   -0.000152
   3    6    2   -2    2   -0.000187
   3    6    3   -1    2   -0.000186
   3    6    2   -2   -2   -0.000189
   3    6    3   -1   -2   -0.000190
   3    5   -1    1   -3   -0.000256
   3    5    2    1   -3   -0.000254
   3    5   -1    1    3    0.000394
   3    5    2    1    3    0.000394
   3    6   -2    2    0   -0.003249
   3    6   -1    3    0   -0.003249
   3    8    0   -1    3   -0.000831
   3    8    0    1    3   -0.000831
   3    8    0   -1   -4   -0.000004
   3    8    0    1   -4   -0.000009
   3    7   -2   -1    1   -0.000412
   3    7   -2    2    1   -0.000063
   3    7   -1   -2    1   -0.000413
   3    7    2   -2    1   -0.000063
   3    7   -1    3    1   -0.000447
   3    7    2    3    1    0.000425
   3    7    3   -1    1   -0.000449
   3    7    3    2    1    0.000426
   3    7   -2   -1   -2    0.000422
   3    7   -2    2   -2   -0.000447
   3    7   -1   -2   -2    0.000423
   3    7   -1    3   -2   -0.000058
   3    7    2   -2   -2   -0.000450
   3    7    2    3   -2   -0.000413
   3    7    3   -1   -2   -0.000058
   3    7    3    2   -2   -0.000414
   3    6   -2    0    2    0.000868
   3    6    1    3    2    0.000869
   3    6   -2    0   -2    0.000865
   3    6    1    3   -2    0.000865
   3    8    2   -2    2    0.000679
   3    8    2    2    2    0.000679
   3    8    2   -2   -3   -0.000096
   3    8    2    2   -3   -0.000097
   3    5   -1   -3    0    0.000954
   3    5    2   -3    0    0.000955
   3    5   -2   -2   -1   -0.000124
   3    5    3   -2   -1   -0.000125
   3    5   -2   -2    1    0.000513
   3    5    3   -2    1    0.000512
   3    8    2    0    3   -0.000287
   3    8    2    0   -4   -0.001255
   3    5    0    3    0    0.000171
   3    5    1    3    0    0.000170
   3    5   -2    1   -2   -0.000229
   3    5    3    1   -2   -0.000230
   3    5   -2    1    2    0.000268
   3    5    3    1    2    0.000271
   3    6   -2    1    2   -0.000475
   3    6    0    3    2   -0.000473
   3    6   -2    1   -2   -0.000476
   3    6    0    3   -2   -0.000477
   3    8    1   -3    1   -0.000702
   3    8    1    3    1   -0.000701
   3    8    1   -3   -2   -0.000852
   3    8    1    3   -2   -0.000851
   3    6   -2    2    1    0.000343
   3    6   -1    3    1    0.000344
   3    6   -2    2   -1    0.000344
   3    6   -1    3   -1    0.000343
   3    6    3   -2    0   -0.000717
   3    8    3   -1    2   -0.000078
   3    8    3    1    2   -0.000080
   3    8    3   -1   -3   -0.000053
   3    8    3    1   -3   -0.000056
   3    6   -1   -1    3   -0.001140
   3    6    2    2    3   -0.001139
   3    6   -1   -1   -3   -0.001141
   3    6    2    2   -3   -0.001141
   3    7   -2    0    2    0.000032
   3    7   -2    1    2    0.000083
   3    7    0   -2    2    0.000034
   3    7    0    3    2   -0.000239
   3    7    1   -2    2    0.000085
   3    7    1    3    2   -0.000438
   3    7    3    0    2   -0.000240
   3    7    3    1    2   -0.000441
   3    7   -2    0   -3   -0.000437
   3    7   -2    1   -3   -0.000234
   3    7    0   -2   -3   -0.000440
   3    7    1   -2   -3   -0.000236
   3    7    0    3   -3    0.000087
   3    7    1    3   -3    0.000035
   3    7    3    0   -3    0.000089
   3    7    3    1   -3    0.000037
   3    5   -1   -3   -1    0.000187
   3    5    2   -3   -1    0.000185
   3    5   -1   -3    1    0.000179
   3    5    2   -3    1    0.000182
   3    8    2   -3    0   -0.000129
   3    8    2    3    0   -0.000131
   3    8    2   -3   -1   -0.000736
   3    8    2    3   -1   -0.000738
   3    8    3   -2    1    0.000008
   3    8    3    2    1    0.000007
   3    8    3   -2   -2    0.000147
   3    8    3    2   -2    0.000147
   3    5   -2    2    0   -0.000045
   3    5    3    2    0   -0.000046
   3    5    0   -3   -2    0.000412
   3    5    1   -3   -2    0.000413
   3    5    0   -3    2    0.000422
   3    5    1   -3    2    0.000419
   3    6   -1   -2    2   -0.000114
   3    6    3    2    2   -0.000113
   3    6   -1   -2   -2   -0.000115
   3    6    3    2   -2   -0.000115
   3    8    0   -3    1   -0.000729
   3    8    0    3    1   -0.000730
   3    8    0   -3   -2   -0.000282
   3    8    0    3   -2   -0.000283
   3    5    0    3   -1   -0.000568
   3    5    1    3   -1   -0.000565
   3    5    0    3    1    0.000261
   3    5    1    3    1    0.000261
   3    7   -1    0    3   -0.001160
   3    7   -1    1    3   -0.000149
   3    7    0   -1    3   -0.001161
   3    7    0    2    3    0.000655
   3    7    1   -1    3   -0.000149
   3    7    1    2    3   -0.000451
   3    7    2    0    3    0.000659
   3    7    2    1    3   -0.000453
   3    7   -1    0   -4   -0.000454
   3    7   -1    1   -4    0.000656
   3    7    0   -1   -4   -0.000456
   3    7    0    2   -4   -0.000150
   3    7    1   -1   -4    0.000659
   3    7    1    2   -4   -0.001161
   3    7    2    0   -4   -0.000150
   3    7    2    1   -4   -0.001162
   3    6    4    0    0    0.000232
   3    6    1   -3    0    0.000232
   3    8    4    0    0    0.001043
   3    8    4    0   -1    0.000874
   3    8   -1   -2    2    0.000501
   3    8   -1    2    2    0.000500
   3    8   -1   -2   -3   -0.000300
   3    8   -1    2   -3   -0.000301
   3    5    1    2   -3   -0.000656
   3    5    0    2   -3   -0.000656
   3    5    0    2    3   -0.000403
   3    5    1    2    3   -0.000399
   3    8    2   -1    3   -0.001118
   3    8    2    1    3   -0.001118
   3    8    2   -1   -4    0.000414
   3    8    2    1   -4    0.000416
   3    8   -2   -2    0    0.000261
   3    8   -2    2    0    0.000260
   3    8   -2   -2   -1   -0.000127
   3    8   -2    2   -1   -0.000127
   3    8   -1    0    3   -0.000207
   3    8   -1    0   -4    0.000104
   3    6    1    0    4    0.000060
   3    6    1    0   -4    0.000055
   3    6    3   -2    1   -0.000045
   3    6    3   -2   -1   -0.000044
   3    6    4    1    0    0.000071
   3    6    0   -3    0    0.000071
   3    5    0    0   -4    0.001695
   3    5    1    0   -4    0.001690
   3    5    0    0    4    0.000135
   3    5    1    0    4    0.000131
   3    8   -2    0    2    0.000241
   3    8   -2    0   -3   -0.000163
   3    5   -2    2   -1   -0.000410
   3    5    3    2   -1   -0.000410
   3    5   -2    2    1    0.000155
   3    5    3    2    1    0.000154
   3    6   -2   -1    2   -0.000339
   3    6    2    3    2   -0.000339
   3    6   -2   -1   -2   -0.000340
   3    6    2    3   -2   -0.000340
   3    6    0    0    4    0.000261
   3    6    1    1    4    0.000261
   3    6    0    0   -4    0.000257
   3    6    1    1   -4    0.000257
   3    6    1   -2    3    0.000152
   3    6    3    0    3    0.000151
   3    6    1   -2   -3    0.000151
   3    6    3    0   -3    0.000152
   3    6    4    0    1   -0.000442
   3    6    1   -3    1   -0.000442
   3    6    4    0   -1   -0.000442
   3    6    1   -3   -1   -0.000441
   3    5   -1   -2   -3   -0.000079
   3    5    2   -2   -3   -0.000079
   3    5   -1   -2    3    0.000525
   3    5    2   -2    3    0.000523
   3    6   -1    2    3   -0.000964
   3    6   -1    2   -3   -0.000964
   3    8   -1   -3    0   -0.000281
   3    8   -1    3    0   -0.000281
   3    8   -1   -3   -1   -0.000013
   3    8   -1    3   -1   -0.000015
   3    5    0   -1   -4   -0.000202
   3    5    1   -1   -4   -0.000201
   3    5    0   -1    4   -0.001693
   3    5    1   -1    4   -0.001687
   3    6    0    1    4   -0.000600
   3    6    0    1   -4   -0.000604
   3    6    0   -2    3    0.000074
   3    6    3    1    3    0.000076
   3    6    0   -2   -3    0.000074
   3    6    3    1   -3    0.000072
   3    6    4    1    1   -0.000280
   3    6    0   -3    1   -0.000280
   3    6    4    1   -1   -0.000279
   3    6    0   -3   -1   -0.000278
   3    8    4   -1    0   -0.000061
   3    8    4    1    0   -0.000064
   3    8    4   -1   -1    0.000386
   3    8    4    1   -1    0.000383
   4    1    0    0    0    1.592359
   4    1    0    0   -1    1.592359
   4    2    0   -1    0    1.189256
   4    2    0   -1   -1    0.481603
   4    3    0   -1    0    1.178072
   4    3    0    0    0    1.178072
   4    2    0    0    0    0.236080
   4    2    0    0   -1    0.120679
   4    4    0    0   -1    0.337158
   4    4    0    0    1    0.337158
   4    1    0   -1    0    0.107642
   4    1   -1    0    0    0.106713
   4    1    0   -1   -1    0.107642
   4    1   -1    0   -1    0.106713
   4    3   -1   -1    0   -0.175664
   4    3   -1    0    0   -0.175664
   4    3    0   -1   -1   -0.127900
   4    3    0    0   -1   -0.127900
   4    3    0   -1    1   -0.068734
   4    3    0    0    1   -0.068734
   4    4   -1    0    0   -0.011736
   4    4    0    1    0   -0.012017
   4    4    1    0    0   -0.011736
   4    4    0   -1    0   -0.012017
   4    2   -1   -1    0    0.001733
   4    2    1   -1    0    0.001733
   4    2   -1   -1   -1    0.018347
   4    2    1   -1   -1    0.018347
   4    1   -1   -1    0    0.018704
   4    1   -1   -1   -1    0.018704
   4    1    0    1    0   -0.045424
   4    1    1    0    0   -0.045361
   4    1    0    1   -1   -0.045424
   4    1    1    0   -1   -0.045361
   4    3   -1   -1   -1    0.013165
   4    3   -1    0   -1    0.013165
   4    3   -1   -1    1    0.063805
   4    3   -1    0    1    0.063805
   4    2   -1    0    0    0.045152
   4    2    1    0    0    0.045152
   4    2   -1    0   -1   -0.027624
   4    2    1    0   -1   -0.027624
   4    3    1   -1    0   -0.058618
   4    3    1    0    0   -0.058618
   4    1    0    0    1    0.003442
   4    1    0    0   -2    0.003442
   4    2    0   -1    1   -0.040760
   4    2    0   -1   -2    0.033129
   4    4   -1    0   -1    0.016744
   4    4   -1    0    1   -0.031325
   4    4    0    1   -1    0.016880
   4    4    0    1    1   -0.031203
   4    4    1    0   -1   -0.031325
   4    4    1    0    1    0.016744
   4    4    0   -1   -1   -0.031203
   4    4    0   -1    1    0.016880
   4    2    0   -2    0   -0.002148
   4    2    0   -2   -1   -0.018421
   4    4   -1    1    0    0.015683
   4    4    1    1    0    0.030841
   4    4   -1   -1    0    0.030841
   4    4    1   -1    0    0.015683
   4    2    0    0    1    0.009442
   4    2    0    0   -2   -0.015902
   4    1    1   -1    0    0.030864
   4    1   -1    1    0    0.030845
   4    1    1   -1   -1    0.030864
   4    1   -1    1   -1    0.030845
   4    3    0   -2    0   -0.004625
   4    3    0    1    0   -0.004625
   4    1   -1    0    1   -0.008282
   4    1    0   -1    1   -0.008370
   4    1    0   -1   -2   -0.008370
   4    1   -1    0   -2   -0.008282
   4    3    1   -1   -1   -0.000683
   4    3    1    0   -1   -0.000683
   4    3    1   -1    1    0.008659
   4    3    1    0    1    0.008659
   4    2   -1   -1    1   -0.016805
   4    2    1   -1    1   -0.016805
   4    2   -1   -1   -2    0.004091
   4    2    1   -1   -2    0.004091
   4    4   -1   -1   -1   -0.017361
   4    4   -1   -1    1   -0.017307
   4    4   -1    1   -1   -0.012863
   4    4   -1    1    1    0.001995
   4    4    1   -1   -1    0.001995
   4    4    1   -1    1   -0.012863
   4    4    1    1   -1   -0.017307
   4    4    1    1    1   -0.017361
   4    4    0    0   -2    0.003011
   4    4    0    0    2    0.003011
   4    2   -1   -2    0   -0.014562
   4    2    1   -2    0   -0.014562
   4    2   -1   -2   -1   -0.003797
   4    2    1   -2   -1   -0.003797
   4    3   -1   -2    0    0.015324
   4    3   -1    1    0    0.015324
   4    1   -1   -1    1   -0.002075
   4    1   -1   -1   -2   -0.002075
   4    1    1    1    0    0.009863
   4    1    1    1   -1    0.009863
   4    3    0   -2   -1   -0.004992
   4    3    0    1   -1   -0.004992
   4    3    0   -2    1    0.002195
   4    3    0    1    1    0.002195
   4    2    0    1    0    0.003980
   4    2    0    1   -1   -0.001221
   4    1    0    1    1   -0.011309
   4    1    1    0    1   -0.011296
   4    1    0    1   -2   -0.011309
   4    1    1    0   -2   -0.011296
   4    2   -1    0    1    0.004568
   4    2    1    0    1    0.004568
   4    2   -1    0   -2    0.006090
   4    2    1    0   -2    0.006090
   4    3    0   -1   -2    0.014618
   4    3    0    0   -2    0.014618
   4    3    0   -1    2   -0.009145
   4    3    0    0    2   -0.009145
   4    2    0   -2    1    0.003555
   4    2    0   -2   -2    0.010181
   4    1   -2    0    0    0.002832
   4    1    0   -2    0    0.002851
   4    1   -2    0   -1    0.002832
   4    1    0   -2   -1    0.002851
   4    3   -2   -1    0   -0.007588
   4    3   -2    0    0   -0.007588
   4    3   -1   -2   -1   -0.001280
   4    3   -1    1   -1   -0.001280
   4    3   -1   -2    1   -0.000798
   4    3   -1    1    1   -0.000798
   4    3    1   -2    0   -0.002221
   4    3    1    1    0   -0.002221
   4    1   -1    1    1    0.010219
   4    1    1   -1    1    0.010213
   4    1   -1    1   -2    0.010219
   4    1    1   -1   -2    0.010213
   4    3   -1   -1   -2    0.004314
   4    3   -1    0   -2    0.004314
   4    3   -1   -1    2    0.006218
   4    3   -1    0    2    0.006218
   4    4   -1    0   -2   -0.003135
   4    4   -1    0    2    0.001635
   4    4    0   -1   -2    0.001647
   4    4    0   -1    2   -0.003156
   4    4    0    1   -2   -0.003156
   4    4    0    1    2    0.001647
   4    4    1    0   -2    0.001635
   4    4    1    0    2   -0.003135
   4    2   -1    1    0   -0.000637
   4    2    1    1    0   -0.000637
   4    2   -1    1   -1    0.001550
   4    2    1    1   -1    0.001550
   4    4   -2    0    0   -0.003004
   4    4    0   -2    0   -0.003044
   4    4    0    2    0   -0.003044
   4    4    2    0    0   -0.003004
   4    1   -2   -1    0    0.013603
   4    1   -1   -2    0    0.013654
   4    1   -2   -1   -1    0.013603
   4    1   -1   -2   -1    0.013654
   4    3   -2   -1   -1   -0.002639
   4    3   -2    0   -1   -0.002639
   4    3   -2   -1    1   -0.002168
   4    3   -2    0    1   -0.002168
   4    2   -2   -1    0    0.004049
   4    2    2   -1    0    0.004049
   4    2   -2   -1   -1    0.003254
   4    2    2   -1   -1    0.003254
   4    2   -1   -2    1   -0.000524
   4    2    1   -2    1   -0.000524
   4    2   -1   -2   -2   -0.003335
   4    2    1   -2   -2   -0.003335
   4    3    1   -2   -1    0.002700
   4    3    1    1   -1    0.002700
   4    3    1   -2    1    0.000869
   4    3    1    1    1    0.000869
   4    1    1    1    1   -0.000975
   4    1    1    1   -2   -0.000975
   4    2    0    1    1    0.001326
   4    2    0    1   -2    0.000713
   4    3    1   -1   -2    0.004035
   4    3    1    0   -2    0.004035
   4    3    1   -1    2    0.005956
   4    3    1    0    2    0.005956
   4    1    0    0    2    0.004987
   4    1    0    0   -3    0.004987
   4    2    0   -1    2   -0.011109
   4    2    0   -1   -3    0.014473
   4    2   -2    0    0   -0.003785
   4    2    2    0    0   -0.003785
   4    2   -2    0   -1   -0.003447
   4    2    2    0   -1   -0.003447
   4    4   -2    0   -1   -0.002383
   4    4   -2    0    1   -0.008187
   4    4    0   -2   -1   -0.008241
   4    4    0   -2    1   -0.002396
   4    4    0    2   -1   -0.002396
   4    4    0    2    1   -0.008241
   4    4    2    0   -1   -0.008187
   4    4    2    0    1   -0.002383
   4    4   -1   -1   -2   -0.001063
   4    4   -1   -1    2   -0.001050
   4    4   -1    1   -2   -0.001515
   4    4   -1    1    2   -0.005492
   4    4    1   -1   -2   -0.005492
   4    4    1   -1    2   -0.001515
   4    4    1    1   -2   -0.001050
   4    4    1    1    2   -0.001063
   4    2    0    0    2    0.003581
   4    2    0    0   -3    0.001252
   4    1   -2    1    0    0.001641
   4    1    1   -2    0    0.001626
   4    1   -2    1   -1    0.001641
   4    1    1   -2   -1    0.001626
   4    1   -2    0    1    0.002348
   4    1    0   -2    1    0.002361
   4    1   -2    0   -2    0.002348
   4    1    0   -2   -2    0.002361
   4    1    0    2    0   -0.000451
   4    1    2    0    0   -0.000453
   4    1    0    2   -1   -0.000451
   4    1    2    0   -1   -0.000453
   4    4   -2   -1    0    0.001461
   4    4   -2    1    0   -0.006693
   4    4   -1   -2    0    0.001469
   4    4   -1    2    0   -0.006719
   4    4    1   -2    0   -0.006719
   4    4    1    2    0    0.001469
   4    4    2   -1    0   -0.006693
   4    4    2    1    0    0.001461
   4    3    2   -1    0   -0.003019
   4    3    2    0    0   -0.003019
   4    3    0   -2   -2   -0.001445
   4    3    0    1   -2   -0.001445
   4    3    0   -2    2    0.001454
   4    3    0    1    2    0.001454
   4    1   -1    0    2   -0.005998
   4    1    0   -1    2   -0.006018
   4    1   -1    0   -3   -0.005998
   4    1    0   -1   -3   -0.006018
   4    2   -1    1    1    0.000930
   4    2    1    1    1    0.000930
   4    2   -1    1   -2   -0.001224
   4    2    1    1   -2   -0.001224
   4    2   -1   -1    2   -0.005764
   4    2    1   -1    2   -0.005764
   4    2   -1   -1   -3    0.000837
   4    2    1   -1   -3    0.000837
   4    2    0   -3    0    0.000864
   4    2    0   -3   -1    0.000480
   4    3   -2   -2    0    0.000023
   4    3   -2    1    0    0.000023
   4    1   -2   -1    1    0.002522
   4    1   -1   -2    1    0.002536
   4    1   -2   -1   -2    0.002522
   4    1   -1   -2   -2    0.002536
   4    1   -1    2    0    0.009599
   4    1    2   -1    0    0.009560
   4    1   -1    2   -1    0.009599
   4    1    2   -1   -1    0.009560
   4    2   -2   -1    1    0.001287
   4    2    2   -1    1    0.001287
   4    2   -2   -1   -2   -0.000496
   4    2    2   -1   -2   -0.000496
   4    4   -2   -1   -1   -0.000901
   4    4   -2   -1    1   -0.000731
   4    4   -2    1   -1   -0.001905
   4    4   -2    1    1   -0.001526
   4    4   -1   -2   -1   -0.000740
   4    4   -1   -2    1   -0.000910
   4    4   -1    2   -1   -0.001911
   4    4   -1    2    1   -0.001534
   4    4    1   -2   -1   -0.001534
   4    4    1   -2    1   -0.001911
   4    4    1    2   -1   -0.000910
   4    4    1    2    1   -0.000740
   4    4    2   -1   -1   -0.001526
   4    4    2   -1    1   -0.001905
   4    4    2    1   -1   -0.000731
   4    4    2    1    1   -0.000901
   4    3    2   -1   -1   -0.004452
   4    3    2    0   -1   -0.004452
   4    3    2   -1    1   -0.000521
   4    3    2    0    1   -0.000521
   4    3   -1   -2   -2   -0.002224
   4    3   -1    1   -2   -0.002224
   4    3   -1   -2    2    0.001055
   4    3   -1    1    2    0.001055
   4    1   -1   -1    2   -0.001006
   4    1   -1   -1   -3   -0.001006
   4    1    0    1    2    0.000719
   4    1    1    0    2    0.000718
   4    1    0    1   -3    0.000719
   4    1    1    0   -3    0.000718
   4    2   -1    0    2   -0.000186
   4    2    1    0    2   -0.000186
   4    2   -1    0   -3   -0.000018
   4    2    1    0   -3   -0.000018
   4    2   -2   -2    0    0.000029
   4    2    2   -2    0    0.000029
   4    2   -2   -2   -1   -0.002321
   4    2    2   -2   -1   -0.002321
   4    2   -2    0    1    0.001508
   4    2    2    0    1    0.001508
   4    2   -2    0   -2   -0.000487
   4    2    2    0   -2   -0.000487
   4    2    0   -2    2    0.000410
   4    2    0   -2   -3   -0.001381
   4    3   -2   -2   -1    0.001382
   4    3   -2    1   -1    0.001382
   4    3   -2   -2    1    0.000051
   4    3   -2    1    1    0.000051
   4    3    0    2    0    0.001965
   4    3    0   -3    0    0.001965
   4    1   -2    1    1   -0.001568
   4    1    1   -2    1   -0.001574
   4    1   -2    1   -2   -0.001568
   4    1    1   -2   -2   -0.001574
   4    4    0    0   -3   -0.006613
   4    4    0    0    3   -0.006613
   4    1    1    2    0   -0.003377
   4    1    2    1    0   -0.003359
   4    1    1    2   -1   -0.003377
   4    1    2    1   -1   -0.003359
   4    1    0    2    1    0.002540
   4    1    2    0    1    0.002541
   4    1    0    2   -2    0.002540
   4    1    2    0   -2    0.002541
   4    3   -2   -1   -2   -0.000107
   4    3   -2    0   -2   -0.000107
   4    3   -2   -1    2   -0.003901
   4    3   -2    0    2   -0.003901
   4    3    1   -2   -2   -0.001262
   4    3    1    1   -2   -0.001262
   4    3    1   -2    2    0.001291
   4    3    1    1    2    0.001291
   4    1    1   -1    2    0.001279
   4    1   -1    1    2    0.001270
   4    1   -1    1   -3    0.001270
   4    1    1   -1   -3    0.001279
   4    2   -1   -3    0   -0.000609
   4    2    1   -3    0   -0.000609
   4    2   -1   -3   -1    0.000678
   4    2    1   -3   -1    0.000678
   4    3    0   -1   -3    0.008697
   4    3    0    0   -3    0.008697
   4    3    0   -1    3   -0.000192
   4    3    0    0    3   -0.000192
   4    1   -2   -2    0    0.002853
   4    1   -2   -2   -1    0.002853
   4    4   -2    0   -2   -0.002610
   4    4   -2    0    2    0.000962
   4    4    0   -2   -2    0.000970
   4    4    0   -2    2   -0.002610
   4    4    0    2   -2   -0.002610
   4    4    0    2    2    0.000970
   4    4    2    0   -2    0.000962
   4    4    2    0    2   -0.002610
   4    3   -1    2    0    0.001757
   4    3   -1   -3    0    0.001757
   4    2    0   -3    1    0.001217
   4    2    0   -3   -2   -0.003599
   4    3    0    2   -1    0.000297
   4    3    0   -3   -1    0.000297
   4    3    0    2    1    0.001786
   4    3    0   -3    1    0.001786
   4    2   -2    1    0    0.002885
   4    2    2    1    0    0.002885
   4    2   -2    1   -1    0.000113
   4    2    2    1   -1    0.000113
   4    3    2   -2    0    0.000109
   4    3    2    1    0    0.000109
   4    1   -1    2    1    0.001945
   4    1    2   -1    1    0.001934
   4    1   -1    2   -2    0.001945
   4    1    2   -1   -2    0.001934
   4    2   -1   -2    2   -0.000373
   4    2    1   -2    2   -0.000373
   4    2   -1   -2   -3    0.002621
   4    2    1   -2   -3    0.002621
   4    1    1    1    2   -0.000152
   4    1    1    1   -3   -0.000152
   4    2    0    1    2    0.001657
   4    2    0    1   -3    0.001694
   4    3   -1   -1   -3    0.000572
   4    3   -1    0   -3    0.000572
   4    3   -1   -1    3   -0.003178
   4    3   -1    0    3   -0.003178
   4    4   -1    0   -3   -0.000202
   4    4   -1    0    3   -0.000490
   4    4    0    1   -3   -0.000210
   4    4    0    1    3   -0.000500
   4    4    1    0   -3   -0.000490
   4    4    1    0    3   -0.000202
   4    4    0   -1   -3   -0.000500
   4    4    0   -1    3   -0.000210
   4    2   -2   -2    1    0.001696
   4    2    2   -2    1    0.001696
   4    2   -2   -2   -2   -0.001925
   4    2    2   -2   -2   -0.001925
   4    2    0    2    0    0.000768
   4    2    0    2   -1   -0.001467
   4    3   -1   -3   -1    0.002159
   4    3   -1    2   -1    0.002159
   4    3   -1    2    1   -0.000369
   4    3   -1   -3    1   -0.000369
   4    3    1    2    0   -0.000153
   4    3    1   -3    0   -0.000153
   4    3    2   -2   -1    0.000788
   4    3    2    1   -1    0.000788
   4    3    2   -2    1   -0.000123
   4    3    2    1    1   -0.000123
   4    1    1    2    1    0.000806
   4    1    2    1    1    0.000810
   4    1    1    2   -2    0.000806
   4    1    2    1   -2    0.000810
   4    1   -2    0    2    0.000405
   4    1    0   -2    2    0.000408
   4    1   -2    0   -3    0.000405
   4    1    0   -2   -3    0.000408
   4    4   -2    1   -2   -0.001004
   4    4   -2    1    2    0.000743
   4    4   -1   -2   -2   -0.000304
   4    4   -1   -2    2   -0.000801
   4    4   -1    2   -2   -0.001006
   4    4   -1    2    2    0.000743
   4    4    1   -2   -2    0.000743
   4    4    1   -2    2   -0.001006
   4    4    1    2   -2   -0.000801
   4    4    1    2    2   -0.000304
   4    4    2    1   -2   -0.000299
   4    4    2    1    2   -0.000805
   4    4   -2   -1   -2   -0.000805
   4    4   -2   -1    2   -0.000299
   4    4    2   -1   -2    0.000743
   4    4    2   -1    2   -0.001004
   4    3    2   -1   -2   -0.001261
   4    3    2    0   -2   -0.001261
   4    3    2   -1    2   -0.001396
   4    3    2    0    2   -0.001396
   4    2   -1   -3    1    0.000520
   4    2    1   -3    1    0.000520
   4    2   -1   -3   -2   -0.001328
   4    2    1   -3   -2   -0.001328
   4    3    1   -1   -3    0.001084
   4    3    1    0   -3    0.001084
   4    3    1   -1    3    0.001963
   4    3    1    0    3    0.001963
   4    4   -2   -2    0    0.000722
   4    4   -2    2    0    0.000865
   4    4    2   -2    0    0.000865
   4    4    2    2    0    0.000722
   4    1   -3    0    0   -0.001033
   4    1    0   -3    0   -0.001030
   4    1   -3    0   -1   -0.001033
   4    1    0   -3   -1   -0.001030
   4    3   -3   -1    0    0.000804
   4    3   -3    0    0    0.000804
   4    1   -2   -2    1   -0.000018
   4    1   -2   -2   -2   -0.000018
   4    2   -1    1    2   -0.000105
   4    2    1    1    2   -0.000105
   4    2   -1    1   -3    0.000519
   4    2    1    1   -3    0.000519
   4    1   -2    2    0    0.000356
   4    1    2   -2    0    0.000352
   4    1   -2    2   -1    0.000356
   4    1    2   -2   -1    0.000352
   4    4   -1   -1   -3    0.002239
   4    4   -1   -1    3    0.002241
   4    4   -1    1   -3   -0.000805
   4    4   -1    1    3    0.000804
   4    4    1   -1   -3    0.000804
   4    4    1   -1    3   -0.000805
   4    4    1    1   -3    0.002241
   4    4    1    1    3    0.002239
   4    3    1    2   -1   -0.000461
   4    3    1   -3   -1   -0.000461
   4    3    1    2    1   -0.000376
   4    3    1   -3    1   -0.000376
   4    2   -1    2    0    0.002912
   4    2    1    2    0    0.002912
   4    2   -1    2   -1    0.000487
   4    2    1    2   -1    0.000487
   4    3   -2   -2   -2    0.000028
   4    3   -2    1   -2    0.000028
   4    3   -2   -2    2    0.000618
   4    3   -2    1    2    0.000618
   4    1   -2   -1    2    0.000048
   4    1   -1   -2    2    0.000049
   4    1   -2   -1   -3    0.000048
   4    1   -1   -2   -3    0.000049
   4    2   -2    1    1   -0.000288
   4    2    2    1    1   -0.000288
   4    2   -2    1   -2   -0.000557
   4    2    2    1   -2   -0.000557
   4    2   -2   -1    2    0.000206
   4    2    2   -1    2    0.000206
   4    2   -2   -1   -3    0.000721
   4    2    2   -1   -3    0.000721
   4    3    0   -2   -3   -0.000281
   4    3    0    1   -3   -0.000281
   4    3    0   -2    3   -0.000397
   4    3    0    1    3   -0.000397
   4    1    0    0    3   -0.000686
   4    1    0    0   -4   -0.000686
   4    2    0   -1    3   -0.000920
   4    2    0   -1   -4    0.002691
   4    4   -2   -2   -1   -0.000460
   4    4   -2   -2    1   -0.000458
   4    4   -2    2   -1   -0.000452
   4    4   -2    2    1   -0.002468
   4    4    2   -2   -1   -0.002468
   4    4    2   -2    1   -0.000452
   4    4    2    2   -1   -0.000458
   4    4    2    2    1   -0.000460
   4    2    0    2    1   -0.001945
   4    2    0    2   -2   -0.001843
   4    1   -3   -1    0   -0.001182
   4    1   -1   -3    0   -0.001189
   4    1   -3   -1   -1   -0.001182
   4    1   -1   -3   -1   -0.001189
   4    2   -2    0    2    0.000045
   4    2    2    0    2    0.000045
   4    2   -2    0   -3    0.000094
   4    2    2    0   -3    0.000094
   4    3   -3   -1   -1    0.001217
   4    3   -3    0   -1    0.001217
   4    3   -3   -1    1    0.001586
   4    3   -3    0    1    0.001586
   4    4   -3    0    0   -0.001223
   4    4    0    3    0   -0.001218
   4    4    3    0    0   -0.001223
   4    4    0   -3    0   -0.001218
   4    2    0    0    3   -0.000325
   4    2    0    0   -4   -0.000137
   4    3    0   -3   -2   -0.000043
   4    3    0    2   -2   -0.000043
   4    3    0    2    2   -0.000364
   4    3    0   -3    2   -0.000364
   4    1   -2    1    2   -0.000500
   4    1    1   -2    2   -0.000498
   4    1   -2    1   -3   -0.000500
   4    1    1   -2   -3   -0.000498
   4    1    0    2    2    0.000680
   4    1    2    0    2    0.000672
   4    1    0    2   -3    0.000680
   4    1    2    0   -3    0.000672
   4    3   -1   -2   -3   -0.000831
   4    3   -1    1   -3   -0.000831
   4    3   -1   -2    3    0.001870
   4    3   -1    1    3    0.001870
   4    2   -3   -1    0   -0.000536
   4    2    3   -1    0   -0.000536
   4    2   -3   -1   -1   -0.000284
   4    2    3   -1   -1   -0.000284
   4    1   -1    0    3   -0.000193
   4    1    0   -1    3   -0.000194
   4    1   -1    0   -4   -0.000193
   4    1    0   -1   -4   -0.000194
   4    1   -3    1    0   -0.001291
   4    1    1   -3    0   -0.001295
   4    1   -3    1   -1   -0.001291
   4    1    1   -3   -1   -0.001295
   4    2   -2   -3    0    0.000306
   4    2    2   -3    0    0.000306
   4    2   -2   -3   -1    0.000119
   4    2    2   -3   -1    0.000119
   4    3   -2    2    0    0.000845
   4    3   -2   -3    0    0.000845
   4    1   -3    0    1    0.000054
   4    1    0   -3    1    0.000055
   4    1   -3    0   -2    0.000054
   4    1    0   -3   -2    0.000055
   4    2   -3    0    0    0.001036
   4    2    3    0    0    0.001036
   4    2   -3    0   -1    0.000351
   4    2    3    0   -1    0.000351
   4    1   -2    2    1   -0.000158
   4    1    2   -2    1   -0.000157
   4    1   -2    2   -2   -0.000158
   4    1    2   -2   -2   -0.000157
   4    1    2    2    0   -0.000945
   4    1    2    2   -1   -0.000945
   4    2   -1   -1    3   -0.000598
   4    2    1   -1    3   -0.000598
   4    2   -1   -1   -4   -0.001324
   4    2    1   -1   -4   -0.001324
   4    4   -3    0   -1    0.000398
   4    4   -3    0    1   -0.000190
   4    4    0    3   -1    0.000400
   4    4    0    3    1   -0.000190
   4    4    3    0   -1   -0.000190
   4    4    3    0    1    0.000398
   4    4    0   -3   -1   -0.000190
   4    4    0   -3    1    0.000400
   4    3   -1   -3   -2    0.001069
   4    3   -1    2   -2    0.001069
   4    3   -1   -3    2   -0.000207
   4    3   -1    2    2   -0.000207
   4    2   -1    2    1   -0.000290
   4    2    1    2    1   -0.000290
   4    2   -1    2   -2   -0.000092
   4    2    1    2   -2   -0.000092
   4    2    0   -3    2    0.000607
   4    2    0   -3   -3   -0.001245
   4    3    2   -2   -2   -0.000579
   4    3    2    1   -2   -0.000579
   4    3    2   -2    2    0.000349
   4    3    2    1    2    0.000349
   4    1   -1    2    2    0.000028
   4    1    2   -1    2    0.000025
   4    1   -1    2   -3    0.000028
   4    1    2   -1   -3    0.000025
   4    3   -2   -1   -3   -0.000217
   4    3   -2    0   -3   -0.000217
   4    3   -2   -1    3   -0.000155
   4    3   -2    0    3   -0.000155
   4    1   -1   -1    3   -0.000363
   4    1   -1   -1   -4   -0.000363
   4    3    1   -2   -3   -0.000255
   4    3    1    1   -3   -0.000255
   4    3    1   -2    3    0.000394
   4    3    1    1    3    0.000394
   4    4   -3   -1    0   -0.000005
   4    4   -3    1    0    0.002039
   4    4   -1    3    0    0.002051
   4    4    1    3    0    0.000004
   4    4    3   -1    0    0.002039
   4    4    3    1    0   -0.000005
   4    4   -1   -3    0    0.000004
   4    4    1   -3    0    0.002051
   4    1    0    1    3    0.000635
   4    1    1    0    3    0.000634
   4    1    0    1   -4    0.000635
   4    1    1    0   -4    0.000634
   4    2   -1    0    3   -0.000830
   4    2    1    0    3   -0.000830
   4    2   -1    0   -4   -0.000008
   4    2    1    0   -4   -0.000008
   4    2   -2   -2    2    0.000680
   4    2    2   -2    2    0.000680
   4    2   -2   -2   -3   -0.000096
   4    2    2   -2   -3   -0.000096
   4    3   -3   -2    0    0.000955
   4    3   -3    1    0    0.000955
   4    1   -3   -1    1   -0.000226
   4    1   -1   -3    1   -0.000229
   4    1   -3   -1   -2   -0.000226
   4    1   -1   -3   -2   -0.000229
   4    3   -2   -3   -1   -0.000124
   4    3   -2    2   -1   -0.000124
   4    3   -2   -3    1    0.000511
   4    3   -2    2    1    0.000511
   4    4   -2    0   -3   -0.001212
   4    4   -2    0    3    0.000393
   4    4    0   -2   -3    0.000393
   4    4    0   -2    3   -0.001212
   4    4    0    2   -3   -0.001212
   4    4    0    2    3    0.000393
   4    4    2    0   -3    0.000393
   4    4    2    0    3   -0.001212
   4    1    0    3    0   -0.000283
   4    1    3    0    0   -0.000279
   4    1    0    3   -1   -0.000283
   4    1    3    0   -1   -0.000279
   4    2    0   -2    3   -0.000289
   4    2    0   -2   -4   -0.001258
   4    3    3   -1    0    0.000172
   4    3    3    0    0    0.000172
   4    3    1    2   -2   -0.000230
   4    3    1   -3   -2   -0.000230
   4    3    1   -3    2    0.000270
   4    3    1    2    2    0.000270
   4    1    1    2    2   -0.000376
   4    1    2    1    2   -0.000376
   4    1    1    2   -3   -0.000376
   4    1    2    1   -3   -0.000376
   4    1   -1    1    3    0.000366
   4    1    1   -1    3    0.000373
   4    1   -1    1   -4    0.000366
   4    1    1   -1   -4    0.000373
   4    2   -3   -1    1   -0.000701
   4    2    3   -1    1   -0.000701
   4    2   -3   -1   -2   -0.000850
   4    2    3   -1   -2   -0.000850
   4    4   -3   -1   -1    0.000027
   4    4   -3   -1    1    0.000565
   4    4   -3    1   -1    0.001142
   4    4   -3    1    1    0.000040
   4    4   -1    3   -1    0.001147
   4    4   -1    3    1    0.000043
   4    4    1    3   -1    0.000029
   4    4    1    3    1    0.000574
   4    4    3   -1   -1    0.000040
   4    4    3   -1    1    0.001142
   4    4    3    1   -1    0.000565
   4    4    3    1    1    0.000027
   4    4   -1   -3   -1    0.000574
   4    4   -1   -3    1    0.000029
   4    4    1   -3   -1    0.000043
   4    4    1   -3    1    0.001147
   4    2   -1   -3    2   -0.000078
   4    2    1   -3    2   -0.000078
   4    2   -1   -3   -3   -0.000055
   4    2    1   -3   -3   -0.000055
   4    4   -2   -2   -2    0.000380
   4    4   -2   -2    2    0.000379
   4    4   -2    2   -2    0.000556
   4    4   -2    2    2    0.000252
   4    4    2   -2   -2    0.000252
   4    4    2   -2    2    0.000556
   4    4    2    2   -2    0.000379
   4    4    2    2    2    0.000380
   4    3   -3   -2   -1    0.000186
   4    3   -3    1   -1    0.000186
   4    3   -3   -2    1    0.000182
   4    3   -3    1    1    0.000182
   4    2   -3   -2    0   -0.000131
   4    2    3   -2    0   -0.000131
   4    2   -3   -2   -1   -0.000734
   4    2    3   -2   -1   -0.000734
   4    1   -3    1    1   -0.000061
   4    1    1   -3    1   -0.000062
   4    1   -3    1   -2   -0.000061
   4    1    1   -3   -2   -0.000062
   4    2   -2   -3    1    0.000007
   4    2    2   -3    1    0.000007
   4    2   -2   -3   -2    0.000147
   4    2    2   -3   -2    0.000147
   4    1   -1    3    0   -0.001462
   4    1    3   -1    0   -0.001456
   4    1   -1    3   -1   -0.001462
   4    1    3   -1   -1   -0.001456
   4    3    2   -3    0   -0.000047
   4    3    2    2    0   -0.000047
   4    3   -3   -1   -2    0.000412
   4    3   -3    0   -2    0.000412
   4    3   -3   -1    2    0.000421
   4    3   -3    0    2    0.000421
   4    1   -2   -2    2   -0.000752
   4    1   -2   -2   -3   -0.000752
   4    2   -3    0    1   -0.000729
   4    2    3    0    1   -0.000729
   4    2   -3    0   -2   -0.000282
   4    2    3    0   -2   -0.000282
   4    3    3   -1   -1   -0.000567
   4    3    3    0   -1   -0.000567
   4    3    3   -1    1    0.000260
   4    3    3    0    1    0.000260
   4    1    2    2    1    0.000789
   4    1    2    2   -2    0.000789
   4    2    0   -4    0    0.001044
   4    2    0   -4   -1    0.000874
   4    2   -2    1    2    0.000502
   4    2    2    1    2    0.000502
   4    2   -2    1   -3   -0.000299
   4    2    2    1   -3   -0.000299
   4    4    0    0   -4   -0.001120
   4    4    0    0    4   -0.001120
   4    4   -2   -1   -3    0.000255
   4    4   -2   -1    3    0.000736
   4    4   -2    1   -3    0.000183
   4    4   -2    1    3    0.000388
   4    4   -1   -2   -3    0.000740
   4    4   -1   -2    3    0.000252
   4    4   -1    2   -3    0.000181
   4    4   -1    2    3    0.000387
   4    4    1   -2   -3    0.000387
   4    4    1   -2    3    0.000181
   4    4    1    2   -3    0.000252
   4    4    1    2    3    0.000740
   4    4    2   -1   -3    0.000388
   4    4    2   -1    3    0.000183
   4    4    2    1   -3    0.000736
   4    4    2    1    3    0.000255
   4    3    2   -1   -3   -0.000655
   4    3    2    0   -3   -0.000655
   4    3    2   -1    3   -0.000400
   4    3    2    0    3   -0.000400
   4    2   -1   -2    3   -0.001118
   4    2    1   -2    3   -0.001118
   4    2   -1   -2   -4    0.000417
   4    2    1   -2   -4    0.000417
   4    2   -2    2    0    0.000261
   4    2    2    2    0    0.000261
   4    2   -2    2   -1   -0.000126
   4    2    2    2   -1   -0.000126
   4    1    1    1    3    0.000131
   4    1    1    1   -4    0.000131
   4    2    0    1    3   -0.000208
   4    2    0    1   -4    0.000106
   4    1   -3   -2    0   -0.000090
   4    1   -2   -3    0   -0.000090
   4    1   -3   -2   -1   -0.000090
   4    1   -2   -3   -1   -0.000090
   4    3    0   -1   -4    0.001696
   4    3    0    0   -4    0.001696
   4    3    0   -1    4    0.000132
   4    3    0    0    4    0.000132
   4    2    0    2    2    0.000240
   4    2    0    2   -3   -0.000164
   4    1    1    3    0   -0.000743
   4    1    3    1    0   -0.000739
   4    1    1    3   -1   -0.000743
   4    1    3    1   -1   -0.000739
   4    3    2   -3   -1   -0.000411
   4    3    2    2   -1   -0.000411
   4    3    2   -3    1    0.000154
   4    3    2    2    1    0.000154
   4    1    0    3    1    0.000219
   4    1    3    0    1    0.000219
   4    1    0    3   -2    0.000219
   4    1    3    0   -2    0.000219
   4    4   -3    0   -2   -0.000139
   4    4   -3    0    2   -0.000086
   4    4    0   -3   -2   -0.000088
   4    4    0   -3    2   -0.000137
   4    4    0    3   -2   -0.000137
   4    4    0    3    2   -0.000088
   4    4    3    0   -2   -0.000086
   4    4    3    0    2   -0.000139
   4    3   -2   -2   -3   -0.000078
   4    3   -2    1   -3   -0.000078
   4    3   -2   -2    3    0.000525
   4    3   -2    1    3    0.000525
   4    1   -2    0    3   -0.000429
   4    1    0   -2    3   -0.000430
   4    1   -2    0   -4   -0.000429
   4    1    0   -2   -4   -0.000430
   4    2   -3    1    0   -0.000280
   4    2    3    1    0   -0.000280
   4    2   -3    1   -1   -0.000013
   4    2    3    1   -1   -0.000013
   4    3   -1   -1   -4   -0.000203
   4    3   -1    0   -4   -0.000203
   4    3   -1   -1    4   -0.001690
   4    3   -1    0    4   -0.001690
   4    2   -1   -4    0   -0.000063
   4    2    1   -4    0   -0.000063
   4    2   -1   -4   -1    0.000384
   4    2    1   -4   -1    0.000384
   4    4   -1    0   -4    0.000268
   4    4   -1    0    4    0.000192
   4    4    0   -1   -4    0.000187
   4    4    0   -1    4    0.000267
   4    4    0    1   -4    0.000267
   4    4    0    1    4    0.000187
   4    4    1    0   -4    0.000192
   4    4    1    0    4    0.000268
   4    5    0   -1    0    1.277153
   4    7    0    0    0    0.481508
   4    7    0    0   -1    1.190021
   4    6    1    0    0    1.183612
   4    6    0    0    0    1.177784
   4    5    1   -1    0   -0.657169
   4    5    0    0    0   -0.657169
   4    7    1    0    0    0.120805
   4    7    1    0   -1    0.234860
   4    8    1   -1    0   -0.026562
   4    8    1    0    0    0.007757
   4    8    0   -1    0    0.008862
   4    8    0    0    0   -0.003488
   4    8    1   -1   -1   -0.004198
   4    8    0   -1   -1    0.008661
   4    8    0    0   -1   -0.025583
   4    8    1    0   -1    0.007555
   4    5    0   -1   -1    0.062649
   4    5    0   -1    1    0.062340
   4    6    1   -1    0   -0.175425
   4    6    0   -1    0   -0.176037
   4    5    1    0    0    0.585978
   4    6    1    0    1   -0.127757
   4    6    0    0    1   -0.127685
   4    6    1    0   -1   -0.068648
   4    6    0    0   -1   -0.068425
   4    5    0    0   -1    0.001073
   4    5    1   -1   -1    0.001028
   4    5    0    0    1    0.000832
   4    5    1   -1    1    0.000876
   4    7    0    1    0    0.018088
   4    7    0   -1    0    0.018443
   4    7    0    1   -1    0.001574
   4    7    0   -1   -1    0.001780
   4    6    1   -1    1    0.013109
   4    6    0   -1    1    0.013224
   4    6    1   -1   -1    0.063731
   4    6    0   -1   -1    0.063817
   4    5    1    0   -1   -0.052850
   4    5    1    0    1   -0.052846
   4    7    1    1    0   -0.027684
   4    7    1   -1    0   -0.027453
   4    7    1   -1   -1    0.045266
   4    7    1    1   -1    0.045132
   4    6    1    1    0   -0.058603
   4    6    0    1    0   -0.059026
   4    7    0    0    1    0.033047
   4    7    0    0   -2   -0.040842
   4    5   -1   -1    0   -0.012114
   4    5    0   -2    0   -0.012114
   4    7   -1    0    0   -0.018390
   4    7   -1    0   -1   -0.002163
   4    7    1    0    1   -0.015963
   4    7    1    0   -2    0.009620
   4    8    0   -1    1    0.011130
   4    8    0    0    1   -0.074924
   4    8    1   -1    1   -0.020386
   4    8    1    0    1    0.011085
   4    8    0   -1   -2    0.011257
   4    8    1   -1   -2   -0.074975
   4    8    1    0   -2    0.011212
   4    8    0    0   -2   -0.020474
   4    5   -1    0    0    0.012093
   4    5    1   -2    0    0.012093
   4    6   -1    0    0   -0.004750
   4    6    2    0    0   -0.004525
   4    6    1    1    1   -0.000655
   4    6    0    1    1   -0.000690
   4    6    0    1   -1    0.008632
   4    6    1    1   -1    0.008541
   4    5   -1   -1   -1   -0.000296
   4    5    0   -2   -1   -0.000293
   4    5   -1   -1    1   -0.000324
   4    5    0   -2    1   -0.000327
   4    8    1   -2    0   -0.019689
   4    8    1    1    0   -0.017020
   4    8   -1   -1    0   -0.017023
   4    8   -1    0    0   -0.029153
   4    8    0   -2    0   -0.003924
   4    8    0    1    0   -0.029180
   4    8    2   -1    0   -0.019775
   4    8    2    0    0   -0.003967
   4    8   -1   -1   -1   -0.003936
   4    8   -1    0   -1   -0.019731
   4    8    0   -2   -1   -0.017029
   4    8    0    1   -1   -0.019817
   4    8    1   -2   -1   -0.029142
   4    8    1    1   -1   -0.003979
   4    8    2   -1   -1   -0.029168
   4    8    2    0   -1   -0.017025
   4    7    0   -1    1    0.004109
   4    7    0    1    1    0.004047
   4    7    0   -1   -2   -0.016792
   4    7    0    1   -2   -0.016855
   4    5   -1    0   -1    0.011619
   4    5    1   -2   -1    0.011643
   4    5   -1    0    1    0.011629
   4    5    1   -2    1    0.011604
   4    7   -1   -1    0   -0.003792
   4    7   -1    1    0   -0.003781
   4    7   -1    1   -1   -0.014493
   4    7   -1   -1   -1   -0.014551
   4    6   -1   -1    0    0.015237
   4    6    2   -1    0    0.015318
   4    5    0    1    0    0.015336
   4    5    2   -1    0    0.015336
   4    6   -1    0    1   -0.004965
   4    6    2    0    1   -0.004969
   4    6   -1    0   -1    0.002173
   4    6    2    0   -1    0.002219
   4    7    2    0    0   -0.001239
   4    7    2    0   -1    0.003995
   4    5    0   -1   -2   -0.008426
   4    5    0   -1    2   -0.008480
   4    7    1   -1    1    0.006109
   4    7    1    1    1    0.006092
   4    7    1   -1   -2    0.004535
   4    7    1    1   -2    0.004540
   4    6    0    0    2    0.014598
   4    6    1    0    2    0.014506
   4    6    0    0   -2   -0.009108
   4    6    1    0   -2   -0.009103
   4    5    1    1    0   -0.015732
   4    5    2    0    0   -0.015732
   4    7   -1    0    1    0.010181
   4    7   -1    0   -2    0.003558
   4    5    0    0   -2    0.010021
   4    5    1   -1   -2    0.010029
   4    5    0    0    2    0.010005
   4    5    1   -1    2    0.009997
   4    5   -1   -2    0   -0.004211
   4    6    0   -2    0   -0.007637
   4    6    1   -2    0   -0.007608
   4    6   -1   -1    1   -0.001275
   4    6    2   -1    1   -0.001294
   4    6   -1   -1   -1   -0.000807
   4    6    2   -1   -1   -0.000807
   4    5    0    1   -1    0.010672
   4    5    2   -1   -1    0.010666
   4    5    0    1    1    0.010639
   4    5    2   -1    1    0.010644
   4    6   -1    1    0   -0.002236
   4    6    2    1    0   -0.002221
   4    6    0   -1    2    0.004296
   4    6    1   -1    2    0.004321
   4    6    0   -1   -2    0.006225
   4    6    1   -1   -2    0.006197
   4    5    1    0   -2   -0.007120
   4    5    1    0    2   -0.007051
   4    5    1    1   -1    0.002077
   4    5    2    0   -1    0.002070
   4    5    1    1    1    0.002036
   4    5    2    0    1    0.002044
   4    7    2   -1    0    0.001556
   4    7    2    1    0    0.001562
   4    7    2   -1   -1   -0.000601
   4    7    2    1   -1   -0.000627
   4    8   -1   -1    1    0.005162
   4    8   -1    0    1   -0.003154
   4    8    0   -2    1   -0.001835
   4    8    0    1    1   -0.003158
   4    8    1   -2    1    0.002651
   4    8    1    1    1    0.005156
   4    8    2   -1    1    0.002654
   4    8    2    0    1   -0.001852
   4    8   -1   -1   -2   -0.001875
   4    8   -1    0   -2    0.002654
   4    8    0   -2   -2    0.005133
   4    8    0    1   -2    0.002657
   4    8    1   -2   -2   -0.003175
   4    8    1    1   -2   -0.001892
   4    8    2   -1   -2   -0.003178
   4    8    2    0   -2    0.005128
   4    5   -1   -2   -1    0.000308
   4    5   -1   -2    1    0.000294
   4    6    0   -2    1   -0.002655
   4    6    1   -2    1   -0.002641
   4    6    0   -2   -1   -0.002181
   4    6    1   -2   -1   -0.002179
   4    7    0   -2    0    0.003277
   4    7    0    2    0    0.003263
   4    7    0   -2   -1    0.004060
   4    7    0    2   -1    0.004089
   4    7   -1    1    1   -0.003350
   4    7   -1   -1    1   -0.003315
   4    7   -1   -1   -2   -0.000518
   4    7   -1    1   -2   -0.000527
   4    6   -1    1    1    0.002715
   4    6    2    1    1    0.002682
   4    6   -1    1   -1    0.000871
   4    6    2    1   -1    0.000868
   4    7    2    0    1    0.000707
   4    7    2    0   -2    0.001325
   4    6    0    1    2    0.004014
   4    6    1    1    2    0.004036
   4    6    0    1   -2    0.005952
   4    6    1    1   -2    0.005937
   4    7    0    0    2    0.014432
   4    7    0    0   -3   -0.011137
   4    5   -1    1    0    0.004514
   4    5    2   -2    0    0.004514
   4    7    1   -2    0   -0.003457
   4    7    1    2    0   -0.003473
   4    7    1   -2   -1   -0.003787
   4    7    1    2   -1   -0.003803
   4    5   -1   -1   -2   -0.000936
   4    5    0   -2   -2   -0.000940
   4    5   -1   -1    2   -0.000921
   4    5    0   -2    2   -0.000917
   4    8   -1   -2    0   -0.004370
   4    8   -1    1    0    0.000781
   4    8    2   -2    0   -0.005856
   4    8    2    1    0   -0.004359
   4    8   -1   -2   -1   -0.004386
   4    8   -1    1   -1   -0.005858
   4    8    2   -2   -1    0.000763
   4    8    2    1   -1   -0.004374
   4    7    1    0    2    0.001248
   4    7    1    0   -3    0.003611
   4    8    0   -1    2    0.002223
   4    8    0    0    2   -0.018867
   4    8    1   -1    2   -0.001900
   4    8    1    0    2    0.002213
   4    8    1   -1   -3   -0.018897
   4    8    1    0   -3    0.002217
   4    8    0   -1   -3    0.002227
   4    8    0    0   -3   -0.001909
   4    6    1    2    0   -0.003023
   4    6    0    2    0   -0.003020
   4    5   -1    0   -2    0.003461
   4    5    1   -2   -2    0.003463
   4    5   -1    0    2    0.003469
   4    5    1   -2    2    0.003467
   4    6   -1    0    2   -0.001445
   4    6    2    0    2   -0.001445
   4    6   -1    0   -2    0.001432
   4    6    2    0   -2    0.001453
   4    5   -1    1   -1   -0.000396
   4    5    2   -2   -1   -0.000396
   4    5   -1    1    1   -0.000409
   4    5    2   -2    1   -0.000409
   4    7    2    1    1   -0.001230
   4    7    2   -1    1   -0.001227
   4    7    2    1   -2    0.000938
   4    7    2   -1   -2    0.000931
   4    5   -2   -1    0   -0.002326
   4    5    0   -3    0   -0.002326
   4    7    0    1    2    0.000830
   4    7    0   -1    2    0.000839
   4    7    0    1   -3   -0.005777
   4    7    0   -1   -3   -0.005777
   4    7   -2    0    0    0.000484
   4    7   -2    0   -1    0.000874
   4    6   -1   -2    0    0.000019
   4    6    2   -2    0    0.000026
   4    5    2    1    0    0.005051
   4    7    0   -2    1   -0.000489
   4    7    0    2    1   -0.000490
   4    7    0   -2   -2    0.001289
   4    7    0    2   -2    0.001294
   4    6    0    2    1   -0.004450
   4    6    1    2    1   -0.004454
   4    6    0    2   -1   -0.000522
   4    6    1    2   -1   -0.000525
   4    6   -1   -1    2   -0.002228
   4    6    2   -1    2   -0.002221
   4    6   -1   -1   -2    0.001055
   4    6    2   -1   -2    0.001050
   4    5    0    1   -2    0.003078
   4    5    2   -1   -2    0.003066
   4    5    0    1    2    0.003060
   4    5    2   -1    2    0.003072
   4    5   -2    0    0   -0.004678
   4    5    1   -3    0   -0.004678
   4    7    1   -1    2    0.000002
   4    7    1    1    2   -0.000031
   4    7    1   -1   -3   -0.000196
   4    7    1    1   -3   -0.000180
   4    7   -1   -2    0   -0.002325
   4    7   -1    2    0   -0.002316
   4    7   -1   -2   -1    0.000030
   4    7   -1    2   -1    0.000022
   4    7    1   -2    1   -0.000486
   4    7    1    2    1   -0.000483
   4    7    1   -2   -2    0.001493
   4    7    1    2   -2    0.001492
   4    8   -1   -2    1   -0.002530
   4    8   -1    1    1   -0.001320
   4    8    2   -2    1   -0.000130
   4    8    2    1    1   -0.002517
   4    8   -1   -2   -2   -0.002522
   4    8   -1    1   -2   -0.000128
   4    8    2   -2   -2   -0.001335
   4    8    2    1   -2   -0.002509
   4    5    1    1   -2   -0.000599
   4    5    2    0   -2   -0.000605
   4    5    1    1    2   -0.000592
   4    5    2    0    2   -0.000586
   4    7   -1    0    2   -0.001379
   4    7   -1    0   -3    0.000414
   4    5   -2   -1   -1   -0.000225
   4    5    0   -3   -1   -0.000225
   4    5   -2   -1    1   -0.000226
   4    5    0   -3    1   -0.000226
   4    6   -1   -2    1    0.001380
   4    6    2   -2    1    0.001376
   4    6   -1   -2   -1    0.000049
   4    6    2   -2   -1    0.000051
   4    6   -2    0    0    0.001956
   4    6    3    0    0    0.001957
   4    5   -1   -2   -2    0.002756
   4    5   -1   -2    2    0.002766
   4    5    2    1   -1    0.004461
   4    5    2    1    1    0.004459
   4    6    0   -2    2   -0.000108
   4    6    1   -2    2   -0.000104
   4    6    1   -2   -2   -0.003902
   4    6    0   -2   -2   -0.003901
   4    6   -1    1    2   -0.001249
   4    6    2    1    2   -0.001256
   4    6   -1    1   -2    0.001291
   4    6    2    1   -2    0.001283
   4    5    0   -1   -3   -0.002666
   4    5    0   -1    3   -0.002674
   4    5   -2    0   -1   -0.001818
   4    5    1   -3   -1   -0.001819
   4    5   -2    0    1   -0.001814
   4    5    1   -3    1   -0.001812
   4    7   -2    1    0    0.000676
   4    7   -2   -1    0    0.000669
   4    7   -2    1   -1   -0.000610
   4    7   -2   -1   -1   -0.000612
   4    6    0    0    3    0.008670
   4    6    1    0    3    0.008671
   4    6    0    0   -3   -0.000200
   4    6    1    0   -3   -0.000188
   4    8   -2   -1    0   -0.000649
   4    8   -2    0    0    0.000953
   4    8    0    2    0    0.000946
   4    8    1    2    0   -0.000646
   4    8    0   -3    0   -0.001731
   4    8    1   -3    0    0.000926
   4    8    3   -1    0    0.000923
   4    8    3    0    0   -0.001720
   4    8   -2   -1   -1   -0.001731
   4    8   -2    0   -1    0.000932
   4    8    0   -3   -1   -0.000646
   4    8    0    2   -1    0.000929
   4    8    1   -3   -1    0.000963
   4    8    1    2   -1   -0.001720
   4    8    3   -1   -1    0.000956
   4    8    3    0   -1   -0.000643
   4    5    0    0   -3    0.001283
   4    5    1   -1   -3    0.001284
   4    5    0    0    3    0.001279
   4    5    1   -1    3    0.001278
   4    8   -1   -1    2   -0.000283
   4    8   -1    0    2   -0.004285
   4    8    0   -2    2   -0.002710
   4    8    0    1    2   -0.004289
   4    8    1   -2    2   -0.001448
   4    8    1    1    2   -0.000284
   4    8    2   -1    2   -0.001442
   4    8    2    0    2   -0.002713
   4    8    1   -2   -3   -0.004279
   4    8    1    1   -3   -0.002717
   4    8   -1   -1   -3   -0.002715
   4    8   -1    0   -3   -0.001449
   4    8    0   -2   -3   -0.000282
   4    8    0    1   -3   -0.001443
   4    8    2   -1   -3   -0.004283
   4    8    2    0   -3   -0.000283
   4    6   -2   -1    0    0.001758
   4    6    3   -1    0    0.001749
   4    7   -2    0    1   -0.003590
   4    7   -2    0   -2    0.001218
   4    6   -2    0    1    0.000293
   4    6    3    0    1    0.000292
   4    6   -2    0   -1    0.001785
   4    6    3    0   -1    0.001787
   4    7    2   -2    0    0.000111
   4    7    2    2    0    0.000111
   4    7    2   -2   -1    0.002884
   4    7    2    2   -1    0.002885
   4    6   -1    2    0    0.000110
   4    6    2    2    0    0.000116
   4    5   -2   -2    0   -0.000298
   4    5   -1   -3    0   -0.000298
   4    7   -1   -1    2    0.002624
   4    7   -1    1    2    0.002613
   4    7   -1   -1   -3   -0.000370
   4    7   -1    1   -3   -0.000378
   4    7    2    0    2    0.001699
   4    7    2    0   -3    0.001646
   4    6    0   -1    3    0.000566
   4    6    1   -1    3    0.000565
   4    6    0   -1   -3   -0.003171
   4    6    1   -1   -3   -0.003197
   4    5    1    0   -3   -0.002813
   4    5    1    0    3   -0.002803
   4    5    0    2    0   -0.002971
   4    5    3   -1    0   -0.002971
   4    7   -1   -2    1   -0.001924
   4    7   -1    2    1   -0.001932
   4    7   -1   -2   -2    0.001697
   4    7   -1    2   -2    0.001698
   4    7    3    0    0   -0.001464
   4    7    3    0   -1    0.000773
   4    5   -1    1   -2   -0.000761
   4    5    2   -2   -2   -0.000762
   4    5   -1    1    2   -0.000768
   4    5    2   -2    2   -0.000767
   4    6   -2   -1    1    0.002165
   4    6    3   -1    1    0.002151
   4    6   -2   -1   -1   -0.000363
   4    6    3   -1   -1   -0.000373
   4    6   -2    1    0   -0.000149
   4    6    3    1    0   -0.000157
   4    5    1    2    0   -0.000936
   4    5    3    0    0   -0.000936
   4    6   -1    2    1    0.000789
   4    6    2    2    1    0.000788
   4    6   -1    2   -1   -0.000114
   4    6    2    2   -1   -0.000123
   4    6    0    2    2   -0.001266
   4    6    1    2    2   -0.001265
   4    6    0    2   -2   -0.001398
   4    6    1    2   -2   -0.001398
   4    5   -2   -2   -1    0.000725
   4    5   -1   -3   -1    0.000725
   4    5   -2   -2    1    0.000722
   4    5   -1   -3    1    0.000722
   4    7   -2    1    1   -0.001328
   4    7   -2   -1    1   -0.001326
   4    7   -2   -1   -2    0.000524
   4    7   -2    1   -2    0.000523
   4    6    1    1    3    0.001088
   4    6    0    1    3    0.001088
   4    6    0    1   -3    0.001960
   4    6    1    1   -3    0.001963
   4    5    0    2   -1    0.001519
   4    5    3   -1   -1    0.001520
   4    5    0    2    1    0.001520
   4    5    3   -1    1    0.001519
   4    8   -2   -1    1    0.000771
   4    8   -2    0    1    0.000518
   4    8    0    2    1    0.000523
   4    8    1    2    1    0.000775
   4    8    0   -3    1   -0.000069
   4    8    1   -3    1    0.000043
   4    8    3   -1    1    0.000045
   4    8    3    0    1   -0.000063
   4    8   -2   -1   -2   -0.000071
   4    8   -2    0   -2    0.000039
   4    8    0   -3   -2    0.000768
   4    8    0    2   -2    0.000041
   4    8    1   -3   -2    0.000518
   4    8    1    2   -2   -0.000065
   4    8    3   -1   -2    0.000524
   4    8    3    0   -2    0.000771
   4    5   -1   -1   -3    0.001813
   4    5    0   -2   -3    0.001814
   4    5   -1   -1    3    0.001820
   4    5    0   -2    3    0.001818
   4    6    0   -3    0    0.000808
   4    6    1   -3    0    0.000803
   4    5   -2    1    0   -0.000948
   4    5    2   -3    0   -0.000948
   4    7    2   -1    2    0.000519
   4    7    2    1    2    0.000515
   4    7    2   -1   -3   -0.000104
   4    7    2    1   -3   -0.000108
   4    5   -2   -1   -2    0.000738
   4    5    0   -3   -2    0.000741
   4    5   -2   -1    2    0.000741
   4    5    0   -3    2    0.000738
   4    6   -2    1    1   -0.000458
   4    6    3    1    1   -0.000463
   4    6   -2    1   -1   -0.000368
   4    6    3    1   -1   -0.000376
   4    5    1    2   -1   -0.000943
   4    5    3    0   -1   -0.000942
   4    5    1    2    1   -0.000946
   4    5    3    0    1   -0.000948
   4    7    3   -1    0    0.000483
   4    7    3    1    0    0.000493
   4    7    3   -1   -1    0.002905
   4    7    3    1   -1    0.002920
   4    6   -1   -2    2    0.000027
   4    6    2   -2    2    0.000026
   4    6   -1   -2   -2    0.000620
   4    6    2   -2   -2    0.000622
   4    7    2   -2    1   -0.000557
   4    7    2    2    1   -0.000557
   4    7    2   -2   -2   -0.000288
   4    7    2    2   -2   -0.000286
   4    5    2    1   -2   -0.000851
   4    5    2    1    2   -0.000851
   4    7    0   -2    2    0.000722
   4    7    0    2    2    0.000720
   4    7    0   -2   -3    0.000207
   4    7    0    2   -3    0.000205
   4    5   -1    0   -3    0.002484
   4    5    1   -2   -3    0.002485
   4    5   -1    0    3    0.002488
   4    5    1   -2    3    0.002487
   4    6   -1    0    3   -0.000277
   4    6    2    0    3   -0.000277
   4    6   -1    0   -3   -0.000406
   4    6    2    0   -3   -0.000400
   4    5   -2    0   -2   -0.000302
   4    5    1   -3   -2   -0.000305
   4    5   -2    0    2   -0.000305
   4    5    1   -3    2   -0.000303
   4    8   -2   -2    0   -0.000982
   4    8   -2    1    0   -0.000907
   4    8   -1   -3    0    0.000039
   4    8   -1    2    0   -0.000905
   4    8    2   -3    0    0.000634
   4    8    2    2    0   -0.000978
   4    8    3   -2    0    0.000634
   4    8    3    1    0    0.000042
   4    8   -2   -2   -1    0.000044
   4    8   -2    1   -1    0.000637
   4    8   -1   -3   -1   -0.000979
   4    8   -1    2   -1    0.000637
   4    8    2   -3   -1   -0.000909
   4    8    2    2   -1    0.000046
   4    8    3   -2   -1   -0.000908
   4    8    3    1   -1   -0.000976
   4    7    0    0    3    0.002685
   4    7    0    0   -4   -0.000920
   4    7    3    0    1   -0.001842
   4    7    3    0   -2   -0.001944
   4    7    1   -2    2    0.000093
   4    7    1    2    2    0.000095
   4    7    1   -2   -3    0.000042
   4    7    1    2   -3    0.000047
   4    8   -1   -2    2   -0.000834
   4    8   -1    1    2    0.001133
   4    8    2   -2    2   -0.000104
   4    8    2    1    2   -0.000831
   4    8   -1   -2   -3   -0.000835
   4    8   -1    1   -3   -0.000107
   4    8    2   -2   -3    0.001136
   4    8    2    1   -3   -0.000832
   4    6    0   -3    1    0.001220
   4    6    1   -3    1    0.001217
   4    6    0   -3   -1    0.001588
   4    6    1   -3   -1    0.001589
   4    5   -2    1   -1   -0.000043
   4    5    2   -3   -1   -0.000042
   4    5   -2    1    1   -0.000044
   4    5    2   -3    1   -0.000045
   4    5   -1    2    0   -0.000839
   4    5    3   -2    0   -0.000839
   4    7    1    0    3   -0.000144
   4    7    1    0   -4   -0.000327
   4    6   -2    0    2   -0.000047
   4    6    3    0    2   -0.000046
   4    6   -2    0   -2   -0.000368
   4    6    3    0   -2   -0.000365
   4    8    0   -1    3    0.000356
   4    8    0    0    3   -0.002012
   4    8    1   -1    3    0.000484
   4    8    1    0    3    0.000349
   4    8    0   -1   -4    0.000351
   4    8    0    0   -4    0.000474
   4    8    1   -1   -4   -0.002022
   4    8    1    0   -4    0.000343
   4    6   -1   -1    3   -0.000833
   4    6    2   -1    3   -0.000830
   4    6   -1   -1   -3    0.001870
   4    6    2   -1   -3    0.001872
   4    5    0    1   -3    0.001087
   4    5    2   -1   -3    0.001087
   4    5    0    1    3    0.001092
   4    5    2   -1    3    0.001092
   4    7    0    3    0   -0.000283
   4    7    0   -3    0   -0.000285
   4    7    0    3   -1   -0.000536
   4    7    0   -3   -1   -0.000537
   4    7   -2   -2    0    0.000118
   4    7   -2    2    0    0.000118
   4    7   -2   -2   -1    0.000308
   4    7   -2    2   -1    0.000306
   4    6   -2   -2    0    0.000843
   4    6    3   -2    0    0.000842
   4    5    1    1   -3   -0.000768
   4    5    2    0   -3   -0.000766
   4    5    1    1    3   -0.000763
   4    5    2    0    3   -0.000765
   4    5   -1    2   -1   -0.000488
   4    5    3   -2   -1   -0.000487
   4    5   -1    2    1   -0.000492
   4    5    3   -2    1   -0.000493
   4    7    1    3    0    0.000351
   4    7    1   -3    0    0.000354
   4    7    1    3   -1    0.001035
   4    7    1   -3   -1    0.001040
   4    7    0   -1    3   -0.001326
   4    7    0    1    3   -0.001317
   4    7    0   -1   -4   -0.000601
   4    7    0    1   -4   -0.000600
   4    6   -2   -1    2    0.001067
   4    6    3   -1    2    0.001065
   4    6   -2   -1   -2   -0.000205
   4    6    3   -1   -2   -0.000209
   4    7    3   -1    1   -0.000095
   4    7    3    1    1   -0.000090
   4    7    3   -1   -2   -0.000289
   4    7    3    1   -2   -0.000286
   4    7   -2    0    2   -0.001244
   4    7   -2    0   -3    0.000607
   4    5   -1   -2   -3   -0.000048
   4    5   -1   -2    3   -0.000051
   4    6   -1    2    2   -0.000577
   4    6    2    2    2   -0.000578
   4    6   -1    2   -2    0.000350
   4    6    2    2   -2    0.000347
   4    6    0   -2    3   -0.000215
   4    6    1   -2    3   -0.000217
   4    6    1   -2   -3   -0.000158
   4    6    0   -2   -3   -0.000152
   4    5   -2   -2   -2   -0.000186
   4    5   -1   -3   -2   -0.000187
   4    5   -2   -2    2   -0.000190
   4    5   -1   -3    2   -0.000189
   4    6   -1    1    3   -0.000254
   4    6    2    1    3   -0.000256
   4    6   -1    1   -3    0.000394
   4    6    2    1   -3    0.000394
   4    5    2    2    0   -0.003249
   4    5    3    1    0   -0.003249
   4    7    1   -1    3   -0.000004
   4    7    1    1    3   -0.000009
   4    7    1   -1   -4   -0.000831
   4    7    1    1   -4   -0.000831
   4    8   -2   -2    1   -0.000058
   4    8   -2    1    1   -0.000414
   4    8   -1    2    1   -0.000413
   4    8    2    2    1   -0.000058
   4    8   -1   -3    1   -0.000450
   4    8    2   -3    1    0.000423
   4    8    3   -2    1    0.000422
   4    8    3    1    1   -0.000447
   4    8   -2   -2   -2   -0.000449
   4    8   -2    1   -2    0.000426
   4    8   -1   -3   -2   -0.000063
   4    8   -1    2   -2    0.000425
   4    8    2   -3   -2   -0.000413
   4    8    2    2   -2   -0.000447
   4    8    3   -2   -2   -0.000412
   4    8    3    1   -2   -0.000063
   4    5    0    2   -2    0.000869
   4    5    3   -1   -2    0.000868
   4    5    0    2    2    0.000865
   4    5    3   -1    2    0.000865
   4    7   -1   -2    2   -0.000096
   4    7   -1    2    2   -0.000097
   4    7   -1   -2   -3    0.000679
   4    7   -1    2   -3    0.000679
   4    6   -1   -3    0    0.000955
   4    6    2   -3    0    0.000954
   4    6   -2   -2    1   -0.000125
   4    6    3   -2    1   -0.000124
   4    6   -2   -2   -1    0.000512
   4    6    3   -2   -1    0.000513
   4    7   -1    0    3   -0.001255
   4    7   -1    0   -4   -0.000287
   4    6    0    3    0    0.000170
   4    6    1    3    0    0.000171
   4    6   -2    1    2   -0.000230
   4    6    3    1    2   -0.000229
   4    6   -2    1   -2    0.000271
   4    6    3    1   -2    0.000268
   4    5    1    2   -2   -0.000473
   4    5    3    0   -2   -0.000475
   4    5    1    2    2   -0.000477
   4    5    3    0    2   -0.000476
   4    7    0    3    1   -0.000851
   4    7    0   -3    1   -0.000852
   4    7    0   -3   -2   -0.000702
   4    7    0    3   -2   -0.000701
   4    5    2    2   -1    0.000344
   4    5    3    1   -1    0.000343
   4    5    2    2    1    0.000343
   4    5    3    1    1    0.000344
   4    5   -2   -3    0   -0.000717
   4    7   -2   -1    2   -0.000053
   4    7   -2    1    2   -0.000056
   4    7   -2    1   -3   -0.000080
   4    7   -2   -1   -3   -0.000078
   4    5   -1    1   -3   -0.001139
   4    5    2   -2   -3   -0.001140
   4    5   -1    1    3   -0.001141
   4    5    2   -2    3   -0.001141
   4    8   -2   -1    2    0.000089
   4    8   -2    0    2    0.000037
   4    8    0   -3    2   -0.000236
   4    8    0    2    2    0.000035
   4    8    1   -3    2   -0.000440
   4    8    1    2    2    0.000087
   4    8    3   -1    2   -0.000437
   4    8    3    0    2   -0.000234
   4    8   -2   -1   -3   -0.000240
   4    8   -2    0   -3   -0.000441
   4    8    0   -3   -3    0.000085
   4    8    0    2   -3   -0.000438
   4    8    1   -3   -3    0.000034
   4    8    1    2   -3   -0.000239
   4    8    3   -1   -3    0.000032
   4    8    3    0   -3    0.000083
   4    6   -1   -3    1    0.000185
   4    6    2   -3    1    0.000187
   4    6   -1   -3   -1    0.000182
   4    6    2   -3   -1    0.000179
   4    7   -1   -3    0   -0.000736
   4    7   -1    3    0   -0.000738
   4    7   -1    3   -1   -0.000131
   4    7   -1   -3   -1   -0.000129
   4    7   -2   -2    1    0.000147
   4    7   -2    2    1    0.000147
   4    7   -2   -2   -2    0.000008
   4    7   -2    2   -2    0.000007
   4    6   -2    2    0   -0.000046
   4    6    3    2    0   -0.000045
   4    6    0   -3    2    0.000413
   4    6    1   -3    2    0.000412
   4    6    0   -3   -2    0.000419
   4    6    1   -3   -2    0.000422
   4    5   -2    1   -2   -0.000113
   4    5    2   -3   -2   -0.000114
   4    5   -2    1    2   -0.000115
   4    5    2   -3    2   -0.000115
   4    7    1    3    1   -0.000283
   4    7    1   -3    1   -0.000282
   4    7    1   -3   -2   -0.000729
   4    7    1    3   -2   -0.000730
   4    6    0    3    1   -0.000565
   4    6    1    3    1   -0.000568
   4    6    0    3   -1    0.000261
   4    6    1    3   -1    0.000261
   4    8   -1   -1    3   -0.000150
   4    8   -1    0    3   -0.001162
   4    8    0   -2    3    0.000659
   4    8    0    1    3   -0.001161
   4    8    1   -2    3   -0.000456
   4    8    1    1    3   -0.000150
   4    8    2   -1    3   -0.000454
   4    8    2    0    3    0.000656
   4    8   -1   -1   -4    0.000659
   4    8   -1    0   -4   -0.000453
   4    8    0   -2   -4   -0.000149
   4    8    0    1   -4   -0.000451
   4    8    1   -2   -4   -0.001161
   4    8    1    1   -4    0.000655
   4    8    2   -1   -4   -0.001160
   4    8    2    0   -4   -0.000149
   4    5   -3   -1    0    0.000232
   4    5    0   -4    0    0.000232
   4    7   -3    0    0    0.000874
   4    7   -3    0   -1    0.001043
   4    7    2   -2    2   -0.000300
   4    7    2    2    2   -0.000301
   4    7    2   -2   -3    0.000501
   4    7    2    2   -3    0.000500
   4    6    0    2    3   -0.000656
   4    6    1    2    3   -0.000656
   4    6    0    2   -3   -0.000399
   4    6    1    2   -3   -0.000403
   4    7   -1   -1    3    0.000414
   4    7   -1    1    3    0.000416
   4    7   -1   -1   -4   -0.001118
   4    7   -1    1   -4   -0.001118
   4    7    3   -2    0   -0.000127
   4    7    3    2    0   -0.000127
   4    7    3   -2   -1    0.000261
   4    7    3    2   -1    0.000260
   4    7    2    0    3    0.000104
   4    7    2    0   -4   -0.000207
   4    5    0   -1   -4    0.000060
   4    5    0   -1    4    0.000055
   4    5   -2   -3   -1   -0.000045
   4    5   -2   -3    1   -0.000044
   4    5    1   -4    0    0.000071
   4    5   -3    0    0    0.000071
   4    6    0    0    4    0.001690
   4    6    1    0    4    0.001695
   4    6    0    0   -4    0.000131
   4    6    1    0   -4    0.000135
   4    7    3    0    2   -0.000163
   4    7    3    0   -3    0.000241
   4    6   -2    2    1   -0.000410
   4    6    3    2    1   -0.000410
   4    6   -2    2   -1    0.000154
   4    6    3    2   -1    0.000155
   4    5   -1    2   -2   -0.000339
   4    5    3   -2   -2   -0.000339
   4    5   -1    2    2   -0.000340
   4    5    3   -2    2   -0.000340
   4    5    0    0   -4    0.000261
   4    5    1   -1   -4    0.000261
   4    5    0    0    4    0.000257
   4    5    1   -1    4    0.000257
   4    5   -2   -1   -3    0.000151
   4    5    0   -3   -3    0.000152
   4    5   -2   -1    3    0.000152
   4    5    0   -3    3    0.000151
   4    5    0   -4   -1   -0.000442
   4    5   -3   -1   -1   -0.000442
   4    5    0   -4    1   -0.000441
   4    5   -3   -1    1   -0.000442
   4    6   -1   -2    3   -0.000079
   4    6    2   -2    3   -0.000079
   4    6   -1   -2   -3    0.000523
   4    6    2   -2   -3    0.000525
   4    5    2    1   -3   -0.000964
   4    5    2    1    3   -0.000964
   4    7    2   -3    0   -0.000013
   4    7    2    3    0   -0.000015
   4    7    2    3   -1   -0.000281
   4    7    2   -3   -1   -0.000281
   4    6    0   -1    4   -0.000201
   4    6    1   -1    4   -0.000202
   4    6    0   -1   -4   -0.001687
   4    6    1   -1   -4   -0.001693
   4    5    1    0   -4   -0.000600
   4    5    1    0    4   -0.000604
   4    5   -2    0   -3    0.000076
   4    5    1   -3   -3    0.000074
   4    5   -2    0    3    0.000072
   4    5    1   -3    3    0.000074
   4    5    1   -4   -1   -0.000280
   4    5   -3    0   -1   -0.000280
   4    5    1   -4    1   -0.000278
   4    5   -3    0    1   -0.000279
   4    7   -3   -1    0    0.000386
   4    7   -3    1    0    0.000383
   4    7   -3   -1   -1   -0.000061
   4    7   -3    1   -1   -0.000064
   5    4    0    1    0    1.277153
   5    2    0    0    0    0.481508
   5    2    0    0   -1    1.190021
   5    3   -1    0    0    1.183612
   5    3    0    0    0    1.177784
   5    4   -1    1    0   -0.657169
   5    4    0    0    0   -0.657169
   5    2   -1    0    0    0.120805
   5    2   -1    0   -1    0.234860
   5    1   -1    0    0    0.007757
   5    1   -1    1    0   -0.026562
   5    1    0    0    0   -0.003488
   5    1    0    1    0    0.008862
   5    1   -1    0   -1    0.007555
   5    1   -1    1   -1   -0.004198
   5    1    0    0   -1   -0.025583
   5    1    0    1   -1    0.008661
   5    4    0    1    1    0.062340
   5    4    0    1   -1    0.062649
   5    3   -1    1    0   -0.175425
   5    3    0    1    0   -0.176037
   5    4   -1    0    0    0.585978
   5    3   -1    0    1   -0.127757
   5    3    0    0    1   -0.127685
   5    3   -1    0   -1   -0.068648
   5    3    0    0   -1   -0.068425
   5    4   -1    1    1    0.000876
   5    4    0    0    1    0.000832
   5    4   -1    1   -1    0.001028
   5    4    0    0   -1    0.001073
   5    2    0   -1    0    0.018088
   5    2    0    1    0    0.018443
   5    2    0   -1   -1    0.001574
   5    2    0    1   -1    0.001780
   5    3   -1    1    1    0.013109
   5    3    0    1    1    0.013224
   5    3   -1    1   -1    0.063731
   5    3    0    1   -1    0.063817
   5    4   -1    0    1   -0.052846
   5    4   -1    0   -1   -0.052850
   5    2   -1   -1    0   -0.027684
   5    2   -1    1    0   -0.027453
   5    2   -1   -1   -1    0.045132
   5    2   -1    1   -1    0.045266
   5    3   -1   -1    0   -0.058603
   5    3    0   -1    0   -0.059026
   5    2    0    0    1    0.033047
   5    2    0    0   -2   -0.040842
   5    4    1    1    0   -0.012114
   5    4    0    2    0   -0.012114
   5    2    1    0    0   -0.018390
   5    2    1    0   -1   -0.002163
   5    2   -1    0    1   -0.015963
   5    2   -1    0   -2    0.009620
   5    1   -1    0    1    0.011085
   5    1   -1    1    1   -0.020386
   5    1    0    0    1   -0.074924
   5    1    0    1    1    0.011130
   5    1   -1    0   -2    0.011212
   5    1   -1    1   -2   -0.074975
   5    1    0    1   -2    0.011257
   5    1    0    0   -2   -0.020474
   5    4    1    0    0    0.012093
   5    4   -1    2    0    0.012093
   5    3   -2    0    0   -0.004525
   5    3    1    0    0   -0.004750
   5    3   -1   -1    1   -0.000655
   5    3    0   -1    1   -0.000690
   5    3   -1   -1   -1    0.008541
   5    3    0   -1   -1    0.008632
   5    4    1    1    1   -0.000324
   5    4    0    2    1   -0.000327
   5    4    1    1   -1   -0.000296
   5    4    0    2   -1   -0.000293
   5    1   -2    0    0   -0.003967
   5    1   -2    1    0   -0.019775
   5    1   -1   -1    0   -0.017020
   5    1   -1    2    0   -0.019689
   5    1    0   -1    0   -0.029180
   5    1    0    2    0   -0.003924
   5    1    1    0    0   -0.029153
   5    1    1    1    0   -0.017023
   5    1   -1   -1   -1   -0.003979
   5    1   -1    2   -1   -0.029142
   5    1   -2    0   -1   -0.017025
   5    1   -2    1   -1   -0.029168
   5    1    0   -1   -1   -0.019817
   5    1    0    2   -1   -0.017029
   5    1    1    0   -1   -0.019731
   5    1    1    1   -1   -0.003936
   5    2    0   -1    1    0.004047
   5    2    0    1    1    0.004109
   5    2    0   -1   -2   -0.016855
   5    2    0    1   -2   -0.016792
   5    4    1    0    1    0.011629
   5    4   -1    2    1    0.011604
   5    4    1    0   -1    0.011619
   5    4   -1    2   -1    0.011643
   5    2    1   -1    0   -0.003781
   5    2    1    1    0   -0.003792
   5    2    1   -1   -1   -0.014493
   5    2    1    1   -1   -0.014551
   5    3   -2    1    0    0.015318
   5    3    1    1    0    0.015237
   5    4   -2    1    0    0.015336
   5    4    0   -1    0    0.015336
   5    3   -2    0    1   -0.004969
   5    3    1    0    1   -0.004965
   5    3   -2    0   -1    0.002219
   5    3    1    0   -1    0.002173
   5    2   -2    0    0   -0.001239
   5    2   -2    0   -1    0.003995
   5    4    0    1    2   -0.008480
   5    4    0    1   -2   -0.008426
   5    2   -1   -1    1    0.006092
   5    2   -1    1    1    0.006109
   5    2   -1   -1   -2    0.004540
   5    2   -1    1   -2    0.004535
   5    3   -1    0    2    0.014506
   5    3    0    0    2    0.014598
   5    3   -1    0   -2   -0.009103
   5    3    0    0   -2   -0.009108
   5    4   -2    0    0   -0.015732
   5    4   -1   -1    0   -0.015732
   5    2    1    0    1    0.010181
   5    2    1    0   -2    0.003558
   5    4   -1    1    2    0.009997
   5    4    0    0    2    0.010005
   5    4   -1    1   -2    0.010029
   5    4    0    0   -2    0.010021
   5    4    1    2    0   -0.004211
   5    3   -1    2    0   -0.007608
   5    3    0    2    0   -0.007637
   5    3   -2    1    1   -0.001294
   5    3    1    1    1   -0.001275
   5    3   -2    1   -1   -0.000807
   5    3    1    1   -1   -0.000807
   5    4   -2    1    1    0.010644
   5    4    0   -1    1    0.010639
   5    4   -2    1   -1    0.010666
   5    4    0   -1   -1    0.010672
   5    3   -2   -1    0   -0.002221
   5    3    1   -1    0   -0.002236
   5    3   -1    1    2    0.004321
   5    3    0    1    2    0.004296
   5    3   -1    1   -2    0.006197
   5    3    0    1   -2    0.006225
   5    4   -1    0    2   -0.007051
   5    4   -1    0   -2   -0.007120
   5    4   -2    0    1    0.002044
   5    4   -1   -1    1    0.002036
   5    4   -2    0   -1    0.002070
   5    4   -1   -1   -1    0.002077
   5    2   -2   -1    0    0.001562
   5    2   -2    1    0    0.001556
   5    2   -2   -1   -1   -0.000627
   5    2   -2    1   -1   -0.000601
   5    1   -2    0    1   -0.001852
   5    1   -2    1    1    0.002654
   5    1   -1   -1    1    0.005156
   5    1   -1    2    1    0.002651
   5    1    0   -1    1   -0.003158
   5    1    0    2    1   -0.001835
   5    1    1    0    1   -0.003154
   5    1    1    1    1    0.005162
   5    1   -2    0   -2    0.005128
   5    1   -2    1   -2   -0.003178
   5    1   -1   -1   -2   -0.001892
   5    1   -1    2   -2   -0.003175
   5    1    0   -1   -2    0.002657
   5    1    0    2   -2    0.005133
   5    1    1    0   -2    0.002654
   5    1    1    1   -2   -0.001875
   5    4    1    2    1    0.000294
   5    4    1    2   -1    0.000308
   5    3   -1    2    1   -0.002641
   5    3    0    2    1   -0.002655
   5    3   -1    2   -1   -0.002179
   5    3    0    2   -1   -0.002181
   5    2    0   -2    0    0.003263
   5    2    0    2    0    0.003277
   5    2    0   -2   -1    0.004089
   5    2    0    2   -1    0.004060
   5    2    1   -1    1   -0.003350
   5    2    1    1    1   -0.003315
   5    2    1   -1   -2   -0.000527
   5    2    1    1   -2   -0.000518
   5    3   -2   -1    1    0.002682
   5    3    1   -1    1    0.002715
   5    3   -2   -1   -1    0.000868
   5    3    1   -1   -1    0.000871
   5    2   -2    0    1    0.000707
   5    2   -2    0   -2    0.001325
   5    3   -1   -1    2    0.004036
   5    3    0   -1    2    0.004014
   5    3   -1   -1   -2    0.005937
   5    3    0   -1   -2    0.005952
   5    2    0    0    2    0.014432
   5    2    0    0   -3   -0.011137
   5    4    1   -1    0    0.004514
   5    4   -2    2    0    0.004514
   5    2   -1   -2    0   -0.003473
   5    2   -1    2    0   -0.003457
   5    2   -1   -2   -1   -0.003803
   5    2   -1    2   -1   -0.003787
   5    4    1    1    2   -0.000921
   5    4    0    2    2   -0.000917
   5    4    1    1   -2   -0.000936
   5    4    0    2   -2   -0.000940
   5    1   -2   -1    0   -0.004359
   5    1   -2    2    0   -0.005856
   5    1    1   -1    0    0.000781
   5    1    1    2    0   -0.004370
   5    1   -2   -1   -1   -0.004374
   5    1   -2    2   -1    0.000763
   5    1    1   -1   -1   -0.005858
   5    1    1    2   -1   -0.004386
   5    2   -1    0    2    0.001248
   5    2   -1    0   -3    0.003611
   5    1   -1    0    2    0.002213
   5    1   -1    1    2   -0.001900
   5    1    0    0    2   -0.018867
   5    1    0    1    2    0.002223
   5    1   -1    0   -3    0.002217
   5    1   -1    1   -3   -0.018897
   5    1    0    0   -3   -0.001909
   5    1    0    1   -3    0.002227
   5    3   -1   -2    0   -0.003023
   5    3    0   -2    0   -0.003020
   5    4    1    0    2    0.003469
   5    4   -1    2    2    0.003467
   5    4   -1    2   -2    0.003463
   5    4    1    0   -2    0.003461
   5    3   -2    0    2   -0.001445
   5    3    1    0    2   -0.001445
   5    3   -2    0   -2    0.001453
   5    3    1    0   -2    0.001432
   5    4   -2    2    1   -0.000409
   5    4    1   -1    1   -0.000409
   5    4   -2    2   -1   -0.000396
   5    4    1   -1   -1   -0.000396
   5    2   -2   -1    1   -0.001230
   5    2   -2    1    1   -0.001227
   5    2   -2   -1   -2    0.000938
   5    2   -2    1   -2    0.000931
   5    4    2    1    0   -0.002326
   5    4    0    3    0   -0.002326
   5    2    0   -1    2    0.000830
   5    2    0    1    2    0.000839
   5    2    0   -1   -3   -0.005777
   5    2    0    1   -3   -0.005777
   5    2    2    0    0    0.000484
   5    2    2    0   -1    0.000874
   5    3   -2    2    0    0.000026
   5    3    1    2    0    0.000019
   5    4   -2   -1    0    0.005051
   5    2    0   -2    1   -0.000490
   5    2    0    2    1   -0.000489
   5    2    0   -2   -2    0.001294
   5    2    0    2   -2    0.001289
   5    3   -1   -2    1   -0.004454
   5    3    0   -2    1   -0.004450
   5    3   -1   -2   -1   -0.000525
   5    3    0   -2   -1   -0.000522
   5    3   -2    1    2   -0.002221
   5    3    1    1    2   -0.002228
   5    3   -2    1   -2    0.001050
   5    3    1    1   -2    0.001055
   5    4   -2    1    2    0.003072
   5    4    0   -1    2    0.003060
   5    4   -2    1   -2    0.003066
   5    4    0   -1   -2    0.003078
   5    4   -1    3    0   -0.004678
   5    4    2    0    0   -0.004678
   5    2   -1   -1    2   -0.000031
   5    2   -1    1    2    0.000002
   5    2   -1   -1   -3   -0.000180
   5    2   -1    1   -3   -0.000196
   5    2    1   -2    0   -0.002316
   5    2    1    2    0   -0.002325
   5    2    1   -2   -1    0.000022
   5    2    1    2   -1    0.000030
   5    2   -1   -2    1   -0.000483
   5    2   -1    2    1   -0.000486
   5    2   -1   -2   -2    0.001492
   5    2   -1    2   -2    0.001493
   5    1   -2   -1    1   -0.002517
   5    1   -2    2    1   -0.000130
   5    1    1   -1    1   -0.001320
   5    1    1    2    1   -0.002530
   5    1   -2   -1   -2   -0.002509
   5    1   -2    2   -2   -0.001335
   5    1    1   -1   -2   -0.000128
   5    1    1    2   -2   -0.002522
   5    4   -2    0    2   -0.000586
   5    4   -1   -1    2   -0.000592
   5    4   -2    0   -2   -0.000605
   5    4   -1   -1   -2   -0.000599
   5    2    1    0    2   -0.001379
   5    2    1    0   -3    0.000414
   5    4    2    1    1   -0.000226
   5    4    0    3    1   -0.000226
   5    4    2    1   -1   -0.000225
   5    4    0    3   -1   -0.000225
   5    3   -2    2    1    0.001376
   5    3    1    2    1    0.001380
   5    3   -2    2   -1    0.000051
   5    3    1    2   -1    0.000049
   5    3    2    0    0    0.001956
   5    3   -3    0    0    0.001957
   5    4    1    2    2    0.002766
   5    4    1    2   -2    0.002756
   5    4   -2   -1    1    0.004459
   5    4   -2   -1   -1    0.004461
   5    3   -1    2    2   -0.000104
   5    3    0    2    2   -0.000108
   5    3   -1    2   -2   -0.003902
   5    3    0    2   -2   -0.003901
   5    3   -2   -1    2   -0.001256
   5    3    1   -1    2   -0.001249
   5    3   -2   -1   -2    0.001283
   5    3    1   -1   -2    0.001291
   5    4    0    1    3   -0.002674
   5    4    0    1   -3   -0.002666
   5    4    2    0    1   -0.001814
   5    4   -1    3    1   -0.001812
   5    4    2    0   -1   -0.001818
   5    4   -1    3   -1   -0.001819
   5    2    2   -1    0    0.000676
   5    2    2    1    0    0.000669
   5    2    2   -1   -1   -0.000610
   5    2    2    1   -1   -0.000612
   5    3   -1    0    3    0.008671
   5    3    0    0    3    0.008670
   5    3   -1    0   -3   -0.000188
   5    3    0    0   -3   -0.000200
   5    1   -1   -2    0   -0.000646
   5    1    0   -2    0    0.000946
   5    1    2    0    0    0.000953
   5    1    2    1    0   -0.000649
   5    1   -3    1    0    0.000923
   5    1   -1    3    0    0.000926
   5    1    0    3    0   -0.001731
   5    1   -3    0    0   -0.001720
   5    1   -3    1   -1    0.000956
   5    1   -1   -2   -1   -0.001720
   5    1   -1    3   -1    0.000963
   5    1    0   -2   -1    0.000929
   5    1    0    3   -1   -0.000646
   5    1    2    0   -1    0.000932
   5    1    2    1   -1   -0.001731
   5    1   -3    0   -1   -0.000643
   5    4   -1    1    3    0.001278
   5    4    0    0    3    0.001279
   5    4   -1    1   -3    0.001284
   5    4    0    0   -3    0.001283
   5    1   -2    0    2   -0.002713
   5    1   -2    1    2   -0.001442
   5    1   -1   -1    2   -0.000284
   5    1   -1    2    2   -0.001448
   5    1    0   -1    2   -0.004289
   5    1    0    2    2   -0.002710
   5    1    1    0    2   -0.004285
   5    1    1    1    2   -0.000283
   5    1   -1   -1   -3   -0.002717
   5    1   -1    2   -3   -0.004279
   5    1   -2    0   -3   -0.000283
   5    1   -2    1   -3   -0.004283
   5    1    0   -1   -3   -0.001443
   5    1    0    2   -3   -0.000282
   5    1    1    0   -3   -0.001449
   5    1    1    1   -3   -0.002715
   5    3    2    1    0    0.001758
   5    3   -3    1    0    0.001749
   5    2    2    0    1   -0.003590
   5    2    2    0   -2    0.001218
   5    3    2    0    1    0.000293
   5    3   -3    0    1    0.000292
   5    3    2    0   -1    0.001785
   5    3   -3    0   -1    0.001787
   5    2   -2   -2    0    0.000111
   5    2   -2    2    0    0.000111
   5    2   -2   -2   -1    0.002885
   5    2   -2    2   -1    0.002884
   5    3   -2   -2    0    0.000116
   5    3    1   -2    0    0.000110
   5    4    2    2    0   -0.000298
   5    4    1    3    0   -0.000298
   5    2    1   -1    2    0.002613
   5    2    1    1    2    0.002624
   5    2    1   -1   -3   -0.000378
   5    2    1    1   -3   -0.000370
   5    2   -2    0    2    0.001699
   5    2   -2    0   -3    0.001646
   5    3   -1    1    3    0.000565
   5    3    0    1    3    0.000566
   5    3   -1    1   -3   -0.003197
   5    3    0    1   -3   -0.003171
   5    4   -1    0    3   -0.002803
   5    4   -1    0   -3   -0.002813
   5    4    0   -2    0   -0.002971
   5    4   -3    1    0   -0.002971
   5    2    1   -2    1   -0.001932
   5    2    1    2    1   -0.001924
   5    2    1   -2   -2    0.001698
   5    2    1    2   -2    0.001697
   5    2   -3    0    0   -0.001464
   5    2   -3    0   -1    0.000773
   5    4   -2    2    2   -0.000767
   5    4    1   -1    2   -0.000768
   5    4   -2    2   -2   -0.000762
   5    4    1   -1   -2   -0.000761
   5    3   -3    1    1    0.002151
   5    3    2    1    1    0.002165
   5    3    2    1   -1   -0.000363
   5    3   -3    1   -1   -0.000373
   5    3    2   -1    0   -0.000149
   5    3   -3   -1    0   -0.000157
   5    4   -1   -2    0   -0.000936
   5    4   -3    0    0   -0.000936
   5    3   -2   -2    1    0.000788
   5    3    1   -2    1    0.000789
   5    3   -2   -2   -1   -0.000123
   5    3    1   -2   -1   -0.000114
   5    3   -1   -2    2   -0.001265
   5    3    0   -2    2   -0.001266
   5    3   -1   -2   -2   -0.001398
   5    3    0   -2   -2   -0.001398
   5    4    2    2    1    0.000722
   5    4    1    3    1    0.000722
   5    4    1    3   -1    0.000725
   5    4    2    2   -1    0.000725
   5    2    2   -1    1   -0.001328
   5    2    2    1    1   -0.001326
   5    2    2   -1   -2    0.000523
   5    2    2    1   -2    0.000524
   5    3   -1   -1    3    0.001088
   5    3    0   -1    3    0.001088
   5    3   -1   -1   -3    0.001963
   5    3    0   -1   -3    0.001960
   5    4    0   -2    1    0.001520
   5    4   -3    1    1    0.001519
   5    4    0   -2   -1    0.001519
   5    4   -3    1   -1    0.001520
   5    1   -1   -2    1    0.000775
   5    1    0   -2    1    0.000523
   5    1    2    0    1    0.000518
   5    1    2    1    1    0.000771
   5    1   -3    0    1   -0.000063
   5    1   -3    1    1    0.000045
   5    1   -1    3    1    0.000043
   5    1    0    3    1   -0.000069
   5    1   -1   -2   -2   -0.000065
   5    1    0   -2   -2    0.000041
   5    1    2    0   -2    0.000039
   5    1    2    1   -2   -0.000071
   5    1   -3    0   -2    0.000771
   5    1   -3    1   -2    0.000524
   5    1   -1    3   -2    0.000518
   5    1    0    3   -2    0.000768
   5    4    1    1    3    0.001820
   5    4    0    2    3    0.001818
   5    4    0    2   -3    0.001814
   5    4    1    1   -3    0.001813
   5    3   -1    3    0    0.000803
   5    3    0    3    0    0.000808
   5    4   -2    3    0   -0.000948
   5    4    2   -1    0   -0.000948
   5    2   -2   -1    2    0.000515
   5    2   -2    1    2    0.000519
   5    2   -2   -1   -3   -0.000108
   5    2   -2    1   -3   -0.000104
   5    4    2    1    2    0.000741
   5    4    0    3    2    0.000738
   5    4    2    1   -2    0.000738
   5    4    0    3   -2    0.000741
   5    3    2   -1    1   -0.000458
   5    3   -3   -1    1   -0.000463
   5    3    2   -1   -1   -0.000368
   5    3   -3   -1   -1   -0.000376
   5    4   -1   -2    1   -0.000946
   5    4   -3    0    1   -0.000948
   5    4   -1   -2   -1   -0.000943
   5    4   -3    0   -1   -0.000942
   5    2   -3   -1    0    0.000493
   5    2   -3    1    0    0.000483
   5    2   -3   -1   -1    0.002920
   5    2   -3    1   -1    0.002905
   5    3   -2    2    2    0.000026
   5    3    1    2    2    0.000027
   5    3   -2    2   -2    0.000622
   5    3    1    2   -2    0.000620
   5    2   -2   -2    1   -0.000557
   5    2   -2    2    1   -0.000557
   5    2   -2   -2   -2   -0.000286
   5    2   -2    2   -2   -0.000288
   5    4   -2   -1    2   -0.000851
   5    4   -2   -1   -2   -0.000851
   5    2    0   -2    2    0.000720
   5    2    0    2    2    0.000722
   5    2    0   -2   -3    0.000205
   5    2    0    2   -3    0.000207
   5    4   -1    2    3    0.002487
   5    4    1    0    3    0.002488
   5    4    1    0   -3    0.002484
   5    4   -1    2   -3    0.002485
   5    3   -2    0    3   -0.000277
   5    3    1    0    3   -0.000277
   5    3   -2    0   -3   -0.000400
   5    3    1    0   -3   -0.000406
   5    4    2    0    2   -0.000305
   5    4   -1    3    2   -0.000303
   5    4    2    0   -2   -0.000302
   5    4   -1    3   -2   -0.000305
   5    1   -3   -1    0    0.000042
   5    1   -3    2    0    0.000634
   5    1   -2   -2    0   -0.000978
   5    1   -2    3    0    0.000634
   5    1    1   -2    0   -0.000905
   5    1    1    3    0    0.000039
   5    1    2   -1    0   -0.000907
   5    1    2    2    0   -0.000982
   5    1   -2   -2   -1    0.000046
   5    1    1   -2   -1    0.000637
   5    1    2   -1   -1    0.000637
   5    1    2    2   -1    0.000044
   5    1   -3   -1   -1   -0.000976
   5    1   -3    2   -1   -0.000908
   5    1   -2    3   -1   -0.000909
   5    1    1    3   -1   -0.000979
   5    2    0    0    3    0.002685
   5    2    0    0   -4   -0.000920
   5    2   -3    0    1   -0.001842
   5    2   -3    0   -2   -0.001944
   5    2   -1   -2    2    0.000095
   5    2   -1    2    2    0.000093
   5    2   -1   -2   -3    0.000047
   5    2   -1    2   -3    0.000042
   5    1   -2   -1    2   -0.000831
   5    1   -2    2    2   -0.000104
   5    1    1   -1    2    0.001133
   5    1    1    2    2   -0.000834
   5    1   -2   -1   -3   -0.000832
   5    1   -2    2   -3    0.001136
   5    1    1   -1   -3   -0.000107
   5    1    1    2   -3   -0.000835
   5    3   -1    3    1    0.001217
   5    3    0    3    1    0.001220
   5    3   -1    3   -1    0.001589
   5    3    0    3   -1    0.001588
   5    4    2   -1    1   -0.000044
   5    4   -2    3    1   -0.000045
   5    4    2   -1   -1   -0.000043
   5    4   -2    3   -1   -0.000042
   5    4    1   -2    0   -0.000839
   5    4   -3    2    0   -0.000839
   5    2   -1    0    3   -0.000144
   5    2   -1    0   -4   -0.000327
   5    3    2    0    2   -0.000047
   5    3   -3    0    2   -0.000046
   5    3    2    0   -2   -0.000368
   5    3   -3    0   -2   -0.000365
   5    1   -1    0    3    0.000349
   5    1   -1    1    3    0.000484
   5    1    0    0    3   -0.002012
   5    1    0    1    3    0.000356
   5    1   -1    0   -4    0.000343
   5    1   -1    1   -4   -0.002022
   5    1    0    0   -4    0.000474
   5    1    0    1   -4    0.000351
   5    3   -2    1    3   -0.000830
   5    3    1    1    3   -0.000833
   5    3   -2    1   -3    0.001872
   5    3    1    1   -3    0.001870
   5    4   -2    1    3    0.001092
   5    4    0   -1    3    0.001092
   5    4   -2    1   -3    0.001087
   5    4    0   -1   -3    0.001087
   5    2    0   -3    0   -0.000283
   5    2    0    3    0   -0.000285
   5    2    0   -3   -1   -0.000536
   5    2    0    3   -1   -0.000537
   5    2    2   -2    0    0.000118
   5    2    2    2    0    0.000118
   5    2    2   -2   -1    0.000306
   5    2    2    2   -1    0.000308
   5    3    2    2    0    0.000843
   5    3   -3    2    0    0.000842
   5    4   -2    0    3   -0.000765
   5    4   -1   -1    3   -0.000763
   5    4   -2    0   -3   -0.000766
   5    4   -1   -1   -3   -0.000768
   5    4    1   -2    1   -0.000492
   5    4   -3    2    1   -0.000493
   5    4    1   -2   -1   -0.000488
   5    4   -3    2   -1   -0.000487
   5    2   -1   -3    0    0.000351
   5    2   -1    3    0    0.000354
   5    2   -1   -3   -1    0.001035
   5    2   -1    3   -1    0.001040
   5    2    0   -1    3   -0.001317
   5    2    0    1    3   -0.001326
   5    2    0   -1   -4   -0.000600
   5    2    0    1   -4   -0.000601
   5    3   -3    1    2    0.001065
   5    3    2    1    2    0.001067
   5    3    2    1   -2   -0.000205
   5    3   -3    1   -2   -0.000209
   5    2   -3   -1    1   -0.000090
   5    2   -3    1    1   -0.000095
   5    2   -3   -1   -2   -0.000286
   5    2   -3    1   -2   -0.000289
   5    2    2    0    2   -0.001244
   5    2    2    0   -3    0.000607
   5    4    1    2    3   -0.000051
   5    4    1    2   -3   -0.000048
   5    3   -2   -2    2   -0.000578
   5    3    1   -2    2   -0.000577
   5    3   -2   -2   -2    0.000347
   5    3    1   -2   -2    0.000350
   5    3   -1    2    3   -0.000217
   5    3    0    2    3   -0.000215
   5    3   -1    2   -3   -0.000158
   5    3    0    2   -3   -0.000152
   5    4    2    2    2   -0.000190
   5    4    1    3    2   -0.000189
   5    4    2    2   -2   -0.000186
   5    4    1    3   -2   -0.000187
   5    3   -2   -1    3   -0.000256
   5    3    1   -1    3   -0.000254
   5    3   -2   -1   -3    0.000394
   5    3    1   -1   -3    0.000394
   5    4   -2   -2    0   -0.003249
   5    4   -3   -1    0   -0.003249
   5    2   -1   -1    3   -0.000009
   5    2   -1    1    3   -0.000004
   5    2   -1   -1   -4   -0.000831
   5    2   -1    1   -4   -0.000831
   5    1   -2   -2    1   -0.000058
   5    1    1   -2    1   -0.000413
   5    1    2   -1    1   -0.000414
   5    1    2    2    1   -0.000058
   5    1   -3   -1    1   -0.000447
   5    1   -3    2    1    0.000422
   5    1   -2    3    1    0.000423
   5    1    1    3    1   -0.000450
   5    1   -2   -2   -2   -0.000447
   5    1    1   -2   -2    0.000425
   5    1    2   -1   -2    0.000426
   5    1    2    2   -2   -0.000449
   5    1   -3   -1   -2   -0.000063
   5    1   -3    2   -2   -0.000412
   5    1   -2    3   -2   -0.000413
   5    1    1    3   -2   -0.000063
   5    4   -3    1    2    0.000865
   5    4    0   -2    2    0.000865
   5    4    0   -2   -2    0.000869
   5    4   -3    1   -2    0.000868
   5    2    1   -2    2   -0.000097
   5    2    1    2    2   -0.000096
   5    2    1   -2   -3    0.000679
   5    2    1    2   -3    0.000679
   5    3   -2    3    0    0.000954
   5    3    1    3    0    0.000955
   5    3   -3    2    1   -0.000124
   5    3    2    2    1   -0.000125
   5    3    2    2   -1    0.000512
   5    3   -3    2   -1    0.000513
   5    2    1    0    3   -0.001255
   5    2    1    0   -4   -0.000287
   5    3   -1   -3    0    0.000171
   5    3    0   -3    0    0.000170
   5    3   -3   -1    2   -0.000229
   5    3    2   -1    2   -0.000230
   5    3   -3   -1   -2    0.000268
   5    3    2   -1   -2    0.000271
   5    4   -3    0    2   -0.000476
   5    4   -1   -2    2   -0.000477
   5    4   -1   -2   -2   -0.000473
   5    4   -3    0   -2   -0.000475
   5    2    0   -3    1   -0.000851
   5    2    0    3    1   -0.000852
   5    2    0   -3   -2   -0.000701
   5    2    0    3   -2   -0.000702
   5    4   -2   -2    1    0.000343
   5    4   -3   -1    1    0.000344
   5    4   -2   -2   -1    0.000344
   5    4   -3   -1   -1    0.000343
   5    4    2    3    0   -0.000717
   5    2    2   -1    2   -0.000056
   5    2    2    1    2   -0.000053
   5    2    2   -1   -3   -0.000080
   5    2    2    1   -3   -0.000078
   5    4    1   -1    3   -0.001141
   5    4   -2    2    3   -0.001141
   5    4   -2    2   -3   -0.001140
   5    4    1   -1   -3   -0.001139
   5    1   -1   -2    2    0.000087
   5    1    0   -2    2    0.000035
   5    1    2    0    2    0.000037
   5    1    2    1    2    0.000089
   5    1   -3    0    2   -0.000234
   5    1   -3    1    2   -0.000437
   5    1   -1    3    2   -0.000440
   5    1    0    3    2   -0.000236
   5    1   -3    0   -3    0.000083
   5    1   -3    1   -3    0.000032
   5    1   -1   -2   -3   -0.000239
   5    1   -1    3   -3    0.000034
   5    1    0   -2   -3   -0.000438
   5    1    0    3   -3    0.000085
   5    1    2    0   -3   -0.000441
   5    1    2    1   -3   -0.000240
   5    3   -2    3    1    0.000187
   5    3    1    3    1    0.000185
   5    3   -2    3   -1    0.000179
   5    3    1    3   -1    0.000182
   5    2    1   -3    0   -0.000738
   5    2    1    3    0   -0.000736
   5    2    1   -3   -1   -0.000131
   5    2    1    3   -1   -0.000129
   5    2    2   -2    1    0.000147
   5    2    2    2    1    0.000147
   5    2    2   -2   -2    0.000007
   5    2    2    2   -2    0.000008
   5    3   -3   -2    0   -0.000045
   5    3    2   -2    0   -0.000046
   5    3   -1    3    2    0.000412
   5    3    0    3    2    0.000413
   5    3   -1    3   -2    0.000422
   5    3    0    3   -2    0.000419
   5    4   -2    3    2   -0.000115
   5    4    2   -1    2   -0.000115
   5    4   -2    3   -2   -0.000114
   5    4    2   -1   -2   -0.000113
   5    2   -1   -3    1   -0.000283
   5    2   -1    3    1   -0.000282
   5    2   -1   -3   -2   -0.000730
   5    2   -1    3   -2   -0.000729
   5    3   -1   -3    1   -0.000568
   5    3    0   -3    1   -0.000565
   5    3   -1   -3   -1    0.000261
   5    3    0   -3   -1    0.000261
   5    1   -2    0    3    0.000656
   5    1   -2    1    3   -0.000454
   5    1   -1   -1    3   -0.000150
   5    1   -1    2    3   -0.000456
   5    1    0   -1    3   -0.001161
   5    1    0    2    3    0.000659
   5    1    1    0    3   -0.001162
   5    1    1    1    3   -0.000150
   5    1   -2    0   -4   -0.000149
   5    1   -2    1   -4   -0.001160
   5    1   -1   -1   -4    0.000655
   5    1   -1    2   -4   -0.001161
   5    1    0   -1   -4   -0.000451
   5    1    0    2   -4   -0.000149
   5    1    1    0   -4   -0.000453
   5    1    1    1   -4    0.000659
   5    4    0    4    0    0.000232
   5    4    3    1    0    0.000232
   5    2    3    0    0    0.000874
   5    2    3    0   -1    0.001043
   5    2   -2   -2    2   -0.000301
   5    2   -2    2    2   -0.000300
   5    2   -2   -2   -3    0.000500
   5    2   -2    2   -3    0.000501
   5    3   -1   -2    3   -0.000656
   5    3    0   -2    3   -0.000656
   5    3   -1   -2   -3   -0.000403
   5    3    0   -2   -3   -0.000399
   5    2    1   -1    3    0.000416
   5    2    1    1    3    0.000414
   5    2    1   -1   -4   -0.001118
   5    2    1    1   -4   -0.001118
   5    2   -3   -2    0   -0.000127
   5    2   -3    2    0   -0.000127
   5    2   -3   -2   -1    0.000260
   5    2   -3    2   -1    0.000261
   5    2   -2    0    3    0.000104
   5    2   -2    0   -4   -0.000207
   5    4    0    1    4    0.000055
   5    4    0    1   -4    0.000060
   5    4    2    3    1   -0.000044
   5    4    2    3   -1   -0.000045
   5    4   -1    4    0    0.000071
   5    4    3    0    0    0.000071
   5    3   -1    0    4    0.001695
   5    3    0    0    4    0.001690
   5    3   -1    0   -4    0.000135
   5    3    0    0   -4    0.000131
   5    2   -3    0    2   -0.000163
   5    2   -3    0   -3    0.000241
   5    3   -3   -2    1   -0.000410
   5    3    2   -2    1   -0.000410
   5    3   -3   -2   -1    0.000155
   5    3    2   -2   -1    0.000154
   5    4   -3    2    2   -0.000340
   5    4    1   -2    2   -0.000340
   5    4    1   -2   -2   -0.000339
   5    4   -3    2   -2   -0.000339
   5    4   -1    1    4    0.000257
   5    4    0    0    4    0.000257
   5    4   -1    1   -4    0.000261
   5    4    0    0   -4    0.000261
   5    4    2    1    3    0.000152
   5    4    0    3    3    0.000151
   5    4    0    3   -3    0.000152
   5    4    2    1   -3    0.000151
   5    4    0    4    1   -0.000441
   5    4    3    1    1   -0.000442
   5    4    0    4   -1   -0.000442
   5    4    3    1   -1   -0.000442
   5    3   -2    2    3   -0.000079
   5    3    1    2    3   -0.000079
   5    3   -2    2   -3    0.000525
   5    3    1    2   -3    0.000523
   5    4   -2   -1    3   -0.000964
   5    4   -2   -1   -3   -0.000964
   5    2   -2   -3    0   -0.000015
   5    2   -2    3    0   -0.000013
   5    2   -2   -3   -1   -0.000281
   5    2   -2    3   -1   -0.000281
   5    3   -1    1    4   -0.000202
   5    3    0    1    4   -0.000201
   5    3   -1    1   -4   -0.001693
   5    3    0    1   -4   -0.001687
   5    4   -1    0    4   -0.000604
   5    4   -1    0   -4   -0.000600
   5    4   -1    3    3    0.000074
   5    4    2    0    3    0.000072
   5    4   -1    3   -3    0.000074
   5    4    2    0   -3    0.000076
   5    4   -1    4    1   -0.000278
   5    4    3    0    1   -0.000279
   5    4   -1    4   -1   -0.000280
   5    4    3    0   -1   -0.000280
   5    2    3   -1    0    0.000383
   5    2    3    1    0    0.000386
   5    2    3   -1   -1   -0.000064
   5    2    3    1   -1   -0.000061
   5    8    0    0    0    1.592359
   5    8    0    0   -1    1.592359
   5    7    0    1    0    1.189256
   5    7    0    1   -1    0.481603
   5    6    0    1    0    1.178072
   5    6    0    0    0    1.178072
   5    7    0    0    0    0.236080
   5    7    0    0   -1    0.120679
   5    5    0    0   -1    0.337158
   5    5    0    0    1    0.337158
   5    8    0    1    0    0.107642
   5    8    1    0    0    0.106713
   5    8    0    1   -1    0.107642
   5    8    1    0   -1    0.106713
   5    6    1    1    0   -0.175664
   5    6    1    0    0   -0.175664
   5    6    0    1    1   -0.068734
   5    6    0    0    1   -0.068734
   5    6    0    0   -1   -0.127900
   5    6    0    1   -1   -0.127900
   5    5   -1    0    0   -0.011736
   5    5    0   -1    0   -0.012017
   5    5    1    0    0   -0.011736
   5    5    0    1    0   -0.012017
   5    7   -1    1    0    0.001733
   5    7    1    1    0    0.001733
   5    7   -1    1   -1    0.018347
   5    7    1    1   -1    0.018347
   5    8    1    1    0    0.018704
   5    8    1    1   -1    0.018704
   5    8   -1    0    0   -0.045361
   5    8    0   -1    0   -0.045424
   5    8   -1    0   -1   -0.045361
   5    8    0   -1   -1   -0.045424
   5    6    1    0    1    0.063805
   5    6    1    1    1    0.063805
   5    6    1    1   -1    0.013165
   5    6    1    0   -1    0.013165
   5    7   -1    0    0    0.045152
   5    7    1    0    0    0.045152
   5    7   -1    0   -1   -0.027624
   5    7    1    0   -1   -0.027624
   5    6   -1    1    0   -0.058618
   5    6   -1    0    0   -0.058618
   5    8    0    0    1    0.003442
   5    8    0    0   -2    0.003442
   5    7    0    1    1   -0.040760
   5    7    0    1   -2    0.033129
   5    5   -1    0   -1   -0.031325
   5    5   -1    0    1    0.016744
   5    5    0   -1   -1    0.016880
   5    5    0   -1    1   -0.031203
   5    5    1    0   -1    0.016744
   5    5    1    0    1   -0.031325
   5    5    0    1   -1   -0.031203
   5    5    0    1    1    0.016880
   5    7    0    2    0   -0.002148
   5    7    0    2   -1   -0.018421
   5    5   -1   -1    0    0.030841
   5    5    1   -1    0    0.015683
   5    5   -1    1    0    0.015683
   5    5    1    1    0    0.030841
   5    7    0    0    1    0.009442
   5    7    0    0   -2   -0.015902
   5    8   -1    1    0    0.030864
   5    8    1   -1    0    0.030845
   5    8   -1    1   -1    0.030864
   5    8    1   -1   -1    0.030845
   5    6    0   -1    0   -0.004625
   5    6    0    2    0   -0.004625
   5    8    0    1    1   -0.008370
   5    8    1    0    1   -0.008282
   5    8    0    1   -2   -0.008370
   5    8    1    0   -2   -0.008282
   5    6   -1    0    1    0.008659
   5    6   -1    1    1    0.008659
   5    6   -1    1   -1   -0.000683
   5    6   -1    0   -1   -0.000683
   5    7   -1    1    1   -0.016805
   5    7    1    1    1   -0.016805
   5    7   -1    1   -2    0.004091
   5    7    1    1   -2    0.004091
   5    5   -1   -1   -1   -0.017307
   5    5   -1   -1    1   -0.017361
   5    5   -1    1   -1    0.001995
   5    5   -1    1    1   -0.012863
   5    5    1   -1   -1   -0.012863
   5    5    1   -1    1    0.001995
   5    5    1    1   -1   -0.017361
   5    5    1    1    1   -0.017307
   5    5    0    0   -2    0.003011
   5    5    0    0    2    0.003011
   5    7   -1    2    0   -0.014562
   5    7    1    2    0   -0.014562
   5    7   -1    2   -1   -0.003797
   5    7    1    2   -1   -0.003797
   5    6    1   -1    0    0.015324
   5    6    1    2    0    0.015324
   5    8    1    1    1   -0.002075
   5    8    1    1   -2   -0.002075
   5    8   -1   -1    0    0.009863
   5    8   -1   -1   -1    0.009863
   5    6    0   -1    1    0.002195
   5    6    0    2    1    0.002195
   5    6    0   -1   -1   -0.004992
   5    6    0    2   -1   -0.004992
   5    7    0   -1    0    0.003980
   5    7    0   -1   -1   -0.001221
   5    8   -1    0    1   -0.011296
   5    8    0   -1    1   -0.011309
   5    8   -1    0   -2   -0.011296
   5    8    0   -1   -2   -0.011309
   5    7   -1    0    1    0.004568
   5    7    1    0    1    0.004568
   5    7   -1    0   -2    0.006090
   5    7    1    0   -2    0.006090
   5    6    0    0    2   -0.009145
   5    6    0    1    2   -0.009145
   5    6    0    0   -2    0.014618
   5    6    0    1   -2    0.014618
   5    7    0    2    1    0.003555
   5    7    0    2   -2    0.010181
   5    8    0    2    0    0.002851
   5    8    2    0    0    0.002832
   5    8    0    2   -1    0.002851
   5    8    2    0   -1    0.002832
   5    6    2    0    0   -0.007588
   5    6    2    1    0   -0.007588
   5    6    1   -1    1   -0.000798
   5    6    1    2    1   -0.000798
   5    6    1   -1   -1   -0.001280
   5    6    1    2   -1   -0.001280
   5    6   -1   -1    0   -0.002221
   5    6   -1    2    0   -0.002221
   5    8   -1    1    1    0.010213
   5    8    1   -1    1    0.010219
   5    8   -1    1   -2    0.010213
   5    8    1   -1   -2    0.010219
   5    6    1    0    2    0.006218
   5    6    1    1    2    0.006218
   5    6    1    0   -2    0.004314
   5    6    1    1   -2    0.004314
   5    5   -1    0   -2    0.001635
   5    5   -1    0    2   -0.003135
   5    5    0   -1   -2   -0.003156
   5    5    0   -1    2    0.001647
   5    5    0    1   -2    0.001647
   5    5    0    1    2   -0.003156
   5    5    1    0   -2   -0.003135
   5    5    1    0    2    0.001635
   5    7   -1   -1    0   -0.000637
   5    7    1   -1    0   -0.000637
   5    7   -1   -1   -1    0.001550
   5    7    1   -1   -1    0.001550
   5    5   -2    0    0   -0.003004
   5    5    0   -2    0   -0.003044
   5    5    0    2    0   -0.003044
   5    5    2    0    0   -0.003004
   5    8    1    2    0    0.013654
   5    8    2    1    0    0.013603
   5    8    1    2   -1    0.013654
   5    8    2    1   -1    0.013603
   5    6    2    0    1   -0.002168
   5    6    2    1    1   -0.002168
   5    6    2    0   -1   -0.002639
   5    6    2    1   -1   -0.002639
   5    7   -2    1    0    0.004049
   5    7    2    1    0    0.004049
   5    7   -2    1   -1    0.003254
   5    7    2    1   -1    0.003254
   5    7   -1    2    1   -0.000524
   5    7    1    2    1   -0.000524
   5    7   -1    2   -2   -0.003335
   5    7    1    2   -2   -0.003335
   5    6   -1   -1    1    0.000869
   5    6   -1    2    1    0.000869
   5    6   -1   -1   -1    0.002700
   5    6   -1    2   -1    0.002700
   5    8   -1   -1    1   -0.000975
   5    8   -1   -1   -2   -0.000975
   5    7    0   -1    1    0.001326
   5    7    0   -1   -2    0.000713
   5    6   -1    0    2    0.005956
   5    6   -1    1    2    0.005956
   5    6   -1    0   -2    0.004035
   5    6   -1    1   -2    0.004035
   5    8    0    0    2    0.004987
   5    8    0    0   -3    0.004987
   5    7    0    1    2   -0.011109
   5    7    0    1   -3    0.014473
   5    7   -2    0    0   -0.003785
   5    7    2    0    0   -0.003785
   5    7   -2    0   -1   -0.003447
   5    7    2    0   -1   -0.003447
   5    5   -2    0   -1   -0.008187
   5    5   -2    0    1   -0.002383
   5    5    0   -2   -1   -0.002396
   5    5    0   -2    1   -0.008241
   5    5    0    2   -1   -0.008241
   5    5    0    2    1   -0.002396
   5    5    2    0   -1   -0.002383
   5    5    2    0    1   -0.008187
   5    5   -1   -1   -2   -0.001050
   5    5   -1   -1    2   -0.001063
   5    5   -1    1   -2   -0.005492
   5    5   -1    1    2   -0.001515
   5    5    1   -1   -2   -0.001515
   5    5    1   -1    2   -0.005492
   5    5    1    1   -2   -0.001063
   5    5    1    1    2   -0.001050
   5    7    0    0    2    0.003581
   5    7    0    0   -3    0.001252
   5    8   -1    2    0    0.001626
   5    8    2   -1    0    0.001641
   5    8   -1    2   -1    0.001626
   5    8    2   -1   -1    0.001641
   5    8    0    2    1    0.002361
   5    8    2    0    1    0.002348
   5    8    0    2   -2    0.002361
   5    8    2    0   -2    0.002348
   5    8    0   -2    0   -0.000451
   5    8   -2    0    0   -0.000453
   5    8    0   -2   -1   -0.000451
   5    8   -2    0   -1   -0.000453
   5    5   -2   -1    0    0.001461
   5    5   -2    1    0   -0.006693
   5    5   -1   -2    0    0.001469
   5    5   -1    2    0   -0.006719
   5    5    1   -2    0   -0.006719
   5    5    1    2    0    0.001469
   5    5    2   -1    0   -0.006693
   5    5    2    1    0    0.001461
   5    6   -2    1    0   -0.003019
   5    6   -2    0    0   -0.003019
   5    6    0   -1    2    0.001454
   5    6    0    2    2    0.001454
   5    6    0   -1   -2   -0.001445
   5    6    0    2   -2   -0.001445
   5    8    0    1    2   -0.006018
   5    8    1    0    2   -0.005998
   5    8    0    1   -3   -0.006018
   5    8    1    0   -3   -0.005998
   5    7   -1   -1    1    0.000930
   5    7    1   -1    1    0.000930
   5    7   -1   -1   -2   -0.001224
   5    7    1   -1   -2   -0.001224
   5    7   -1    1    2   -0.005764
   5    7    1    1    2   -0.005764
   5    7   -1    1   -3    0.000837
   5    7    1    1   -3    0.000837
   5    7    0    3    0    0.000864
   5    7    0    3   -1    0.000480
   5    6    2   -1    0    0.000023
   5    6    2    2    0    0.000023
   5    8    1    2    1    0.002536
   5    8    2    1    1    0.002522
   5    8    1    2   -2    0.002536
   5    8    2    1   -2    0.002522
   5    8   -2    1    0    0.009560
   5    8    1   -2    0    0.009599
   5    8   -2    1   -1    0.009560
   5    8    1   -2   -1    0.009599
   5    7   -2    1    1    0.001287
   5    7    2    1    1    0.001287
   5    7   -2    1   -2   -0.000496
   5    7    2    1   -2   -0.000496
   5    5   -2   -1   -1   -0.000731
   5    5   -2   -1    1   -0.000901
   5    5   -2    1   -1   -0.001526
   5    5   -2    1    1   -0.001905
   5    5   -1   -2   -1   -0.000910
   5    5   -1   -2    1   -0.000740
   5    5   -1    2   -1   -0.001534
   5    5   -1    2    1   -0.001911
   5    5    1   -2   -1   -0.001911
   5    5    1   -2    1   -0.001534
   5    5    1    2   -1   -0.000740
   5    5    1    2    1   -0.000910
   5    5    2   -1   -1   -0.001905
   5    5    2   -1    1   -0.001526
   5    5    2    1   -1   -0.000901
   5    5    2    1    1   -0.000731
   5    6   -2    0    1   -0.000521
   5    6   -2    1    1   -0.000521
   5    6   -2    0   -1   -0.004452
   5    6   -2    1   -1   -0.004452
   5    6    1   -1    2    0.001055
   5    6    1    2    2    0.001055
   5    6    1   -1   -2   -0.002224
   5    6    1    2   -2   -0.002224
   5    8    1    1    2   -0.001006
   5    8    1    1   -3   -0.001006
   5    8   -1    0    2    0.000718
   5    8    0   -1    2    0.000719
   5    8   -1    0   -3    0.000718
   5    8    0   -1   -3    0.000719
   5    7   -1    0    2   -0.000186
   5    7    1    0    2   -0.000186
   5    7   -1    0   -3   -0.000018
   5    7    1    0   -3   -0.000018
   5    7   -2    2    0    0.000029
   5    7    2    2    0    0.000029
   5    7   -2    2   -1   -0.002321
   5    7    2    2   -1   -0.002321
   5    7   -2    0    1    0.001508
   5    7    2    0    1    0.001508
   5    7   -2    0   -2   -0.000487
   5    7    2    0   -2   -0.000487
   5    7    0    2    2    0.000410
   5    7    0    2   -3   -0.001381
   5    6    2   -1    1    0.000051
   5    6    2    2    1    0.000051
   5    6    2   -1   -1    0.001382
   5    6    2    2   -1    0.001382
   5    6    0   -2    0    0.001965
   5    6    0    3    0    0.001965
   5    8   -1    2    1   -0.001574
   5    8    2   -1    1   -0.001568
   5    8   -1    2   -2   -0.001574
   5    8    2   -1   -2   -0.001568
   5    5    0    0   -3   -0.006613
   5    5    0    0    3   -0.006613
   5    8   -2   -1    0   -0.003359
   5    8   -1   -2    0   -0.003377
   5    8   -2   -1   -1   -0.003359
   5    8   -1   -2   -1   -0.003377
   5    8   -2    0    1    0.002541
   5    8    0   -2    1    0.002540
   5    8   -2    0   -2    0.002541
   5    8    0   -2   -2    0.002540
   5    6    2    0    2   -0.003901
   5    6    2    1    2   -0.003901
   5    6    2    0   -2   -0.000107
   5    6    2    1   -2   -0.000107
   5    6   -1   -1    2    0.001291
   5    6   -1    2    2    0.001291
   5    6   -1   -1   -2   -0.001262
   5    6   -1    2   -2   -0.001262
   5    8   -1    1    2    0.001279
   5    8    1   -1    2    0.001270
   5    8   -1    1   -3    0.001279
   5    8    1   -1   -3    0.001270
   5    7   -1    3    0   -0.000609
   5    7    1    3    0   -0.000609
   5    7   -1    3   -1    0.000678
   5    7    1    3   -1    0.000678
   5    6    0    0    3   -0.000192
   5    6    0    1    3   -0.000192
   5    6    0    0   -3    0.008697
   5    6    0    1   -3    0.008697
   5    8    2    2    0    0.002853
   5    8    2    2   -1    0.002853
   5    5   -2    0   -2    0.000962
   5    5   -2    0    2   -0.002610
   5    5    0   -2   -2   -0.002610
   5    5    0   -2    2    0.000970
   5    5    0    2   -2    0.000970
   5    5    0    2    2   -0.002610
   5    5    2    0   -2   -0.002610
   5    5    2    0    2    0.000962
   5    6    1   -2    0    0.001757
   5    6    1    3    0    0.001757
   5    7    0    3    1    0.001217
   5    7    0    3   -2   -0.003599
   5    6    0   -2    1    0.001786
   5    6    0    3    1    0.001786
   5    6    0   -2   -1    0.000297
   5    6    0    3   -1    0.000297
   5    7   -2   -1    0    0.002885
   5    7    2   -1    0    0.002885
   5    7   -2   -1   -1    0.000113
   5    7    2   -1   -1    0.000113
   5    6   -2   -1    0    0.000109
   5    6   -2    2    0    0.000109
   5    8   -2    1    1    0.001934
   5    8    1   -2    1    0.001945
   5    8   -2    1   -2    0.001934
   5    8    1   -2   -2    0.001945
   5    7   -1    2    2   -0.000373
   5    7    1    2    2   -0.000373
   5    7   -1    2   -3    0.002621
   5    7    1    2   -3    0.002621
   5    8   -1   -1    2   -0.000152
   5    8   -1   -1   -3   -0.000152
   5    7    0   -1    2    0.001657
   5    7    0   -1   -3    0.001694
   5    6    1    0    3   -0.003178
   5    6    1    1    3   -0.003178
   5    6    1    0   -3    0.000572
   5    6    1    1   -3    0.000572
   5    5   -1    0   -3   -0.000490
   5    5   -1    0    3   -0.000202
   5    5    0   -1   -3   -0.000210
   5    5    0   -1    3   -0.000500
   5    5    1    0   -3   -0.000202
   5    5    1    0    3   -0.000490
   5    5    0    1   -3   -0.000500
   5    5    0    1    3   -0.000210
   5    7   -2    2    1    0.001696
   5    7    2    2    1    0.001696
   5    7   -2    2   -2   -0.001925
   5    7    2    2   -2   -0.001925
   5    7    0   -2    0    0.000768
   5    7    0   -2   -1   -0.001467
   5    6    1   -2    1   -0.000369
   5    6    1    3    1   -0.000369
   5    6    1   -2   -1    0.002159
   5    6    1    3   -1    0.002159
   5    6   -1   -2    0   -0.000153
   5    6   -1    3    0   -0.000153
   5    6   -2   -1    1   -0.000123
   5    6   -2    2    1   -0.000123
   5    6   -2   -1   -1    0.000788
   5    6   -2    2   -1    0.000788
   5    8   -2   -1    1    0.000810
   5    8   -1   -2    1    0.000806
   5    8   -2   -1   -2    0.000810
   5    8   -1   -2   -2    0.000806
   5    8    0    2    2    0.000408
   5    8    2    0    2    0.000405
   5    8    0    2   -3    0.000408
   5    8    2    0   -3    0.000405
   5    5   -2   -1   -2   -0.000299
   5    5   -2   -1    2   -0.000805
   5    5   -1   -2   -2   -0.000801
   5    5   -1   -2    2   -0.000304
   5    5   -1    2   -2    0.000743
   5    5   -1    2    2   -0.001006
   5    5    1   -2   -2   -0.001006
   5    5    1   -2    2    0.000743
   5    5    1    2   -2   -0.000304
   5    5    1    2    2   -0.000801
   5    5    2   -1   -2   -0.001004
   5    5    2   -1    2    0.000743
   5    5   -2    1   -2    0.000743
   5    5   -2    1    2   -0.001004
   5    5    2    1   -2   -0.000805
   5    5    2    1    2   -0.000299
   5    6   -2    1    2   -0.001396
   5    6   -2    0    2   -0.001396
   5    6   -2    0   -2   -0.001261
   5    6   -2    1   -2   -0.001261
   5    7   -1    3    1    0.000520
   5    7    1    3    1    0.000520
   5    7   -1    3   -2   -0.001328
   5    7    1    3   -2   -0.001328
   5    6   -1    0    3    0.001963
   5    6   -1    1    3    0.001963
   5    6   -1    0   -3    0.001084
   5    6   -1    1   -3    0.001084
   5    5   -2   -2    0    0.000722
   5    5   -2    2    0    0.000865
   5    5    2   -2    0    0.000865
   5    5    2    2    0    0.000722
   5    8    0    3    0   -0.001030
   5    8    3    0    0   -0.001033
   5    8    0    3   -1   -0.001030
   5    8    3    0   -1   -0.001033
   5    6    3    0    0    0.000804
   5    6    3    1    0    0.000804
   5    8    2    2    1   -0.000018
   5    8    2    2   -2   -0.000018
   5    7   -1   -1    2   -0.000105
   5    7    1   -1    2   -0.000105
   5    7   -1   -1   -3    0.000519
   5    7    1   -1   -3    0.000519
   5    8   -2    2    0    0.000352
   5    8    2   -2    0    0.000356
   5    8   -2    2   -1    0.000352
   5    8    2   -2   -1    0.000356
   5    5   -1   -1   -3    0.002241
   5    5   -1   -1    3    0.002239
   5    5   -1    1   -3    0.000804
   5    5   -1    1    3   -0.000805
   5    5    1   -1   -3   -0.000805
   5    5    1   -1    3    0.000804
   5    5    1    1   -3    0.002239
   5    5    1    1    3    0.002241
   5    6   -1   -2    1   -0.000376
   5    6   -1    3    1   -0.000376
   5    6   -1   -2   -1   -0.000461
   5    6   -1    3   -1   -0.000461
   5    7   -1   -2    0    0.002912
   5    7    1   -2    0    0.002912
   5    7   -1   -2   -1    0.000487
   5    7    1   -2   -1    0.000487
   5    6    2   -1    2    0.000618
   5    6    2    2    2    0.000618
   5    6    2   -1   -2    0.000028
   5    6    2    2   -2    0.000028
   5    8    1    2    2    0.000049
   5    8    2    1    2    0.000048
   5    8    1    2   -3    0.000049
   5    8    2    1   -3    0.000048
   5    7   -2   -1    1   -0.000288
   5    7    2   -1    1   -0.000288
   5    7   -2   -1   -2   -0.000557
   5    7    2   -1   -2   -0.000557
   5    7   -2    1    2    0.000206
   5    7    2    1    2    0.000206
   5    7   -2    1   -3    0.000721
   5    7    2    1   -3    0.000721
   5    6    0   -1    3   -0.000397
   5    6    0    2    3   -0.000397
   5    6    0   -1   -3   -0.000281
   5    6    0    2   -3   -0.000281
   5    8    0    0    3   -0.000686
   5    8    0    0   -4   -0.000686
   5    7    0    1    3   -0.000920
   5    7    0    1   -4    0.002691
   5    5   -2   -2   -1   -0.000458
   5    5   -2   -2    1   -0.000460
   5    5   -2    2   -1   -0.002468
   5    5   -2    2    1   -0.000452
   5    5    2   -2   -1   -0.000452
   5    5    2   -2    1   -0.002468
   5    5    2    2   -1   -0.000460
   5    5    2    2    1   -0.000458
   5    7    0   -2    1   -0.001945
   5    7    0   -2   -2   -0.001843
   5    8    1    3    0   -0.001189
   5    8    3    1    0   -0.001182
   5    8    1    3   -1   -0.001189
   5    8    3    1   -1   -0.001182
   5    7   -2    0    2    0.000045
   5    7    2    0    2    0.000045
   5    7   -2    0   -3    0.000094
   5    7    2    0   -3    0.000094
   5    6    3    0    1    0.001586
   5    6    3    1    1    0.001586
   5    6    3    0   -1    0.001217
   5    6    3    1   -1    0.001217
   5    5   -3    0    0   -0.001223
   5    5    0   -3    0   -0.001218
   5    5    3    0    0   -0.001223
   5    5    0    3    0   -0.001218
   5    7    0    0    3   -0.000325
   5    7    0    0   -4   -0.000137
   5    6    0   -2    2   -0.000364
   5    6    0    3    2   -0.000364
   5    6    0   -2   -2   -0.000043
   5    6    0    3   -2   -0.000043
   5    8   -1    2    2   -0.000498
   5    8    2   -1    2   -0.000500
   5    8   -1    2   -3   -0.000498
   5    8    2   -1   -3   -0.000500
   5    8   -2    0    2    0.000672
   5    8    0   -2    2    0.000680
   5    8   -2    0   -3    0.000672
   5    8    0   -2   -3    0.000680
   5    6    1   -1    3    0.001870
   5    6    1    2    3    0.001870
   5    6    1   -1   -3   -0.000831
   5    6    1    2   -3   -0.000831
   5    7   -3    1    0   -0.000536
   5    7    3    1    0   -0.000536
   5    7   -3    1   -1   -0.000284
   5    7    3    1   -1   -0.000284
   5    8    0    1    3   -0.000194
   5    8    1    0    3   -0.000193
   5    8    0    1   -4   -0.000194
   5    8    1    0   -4   -0.000193
   5    8   -1    3    0   -0.001295
   5    8    3   -1    0   -0.001291
   5    8   -1    3   -1   -0.001295
   5    8    3   -1   -1   -0.001291
   5    7   -2    3    0    0.000306
   5    7    2    3    0    0.000306
   5    7   -2    3   -1    0.000119
   5    7    2    3   -1    0.000119
   5    6    2   -2    0    0.000845
   5    6    2    3    0    0.000845
   5    8    0    3    1    0.000055
   5    8    3    0    1    0.000054
   5    8    0    3   -2    0.000055
   5    8    3    0   -2    0.000054
   5    7   -3    0    0    0.001036
   5    7    3    0    0    0.001036
   5    7   -3    0   -1    0.000351
   5    7    3    0   -1    0.000351
   5    8   -2    2    1   -0.000157
   5    8    2   -2    1   -0.000158
   5    8   -2    2   -2   -0.000157
   5    8    2   -2   -2   -0.000158
   5    8   -2   -2    0   -0.000945
   5    8   -2   -2   -1   -0.000945
   5    7   -1    1    3   -0.000598
   5    7    1    1    3   -0.000598
   5    7   -1    1   -4   -0.001324
   5    7    1    1   -4   -0.001324
   5    5   -3    0   -1   -0.000190
   5    5   -3    0    1    0.000398
   5    5    0   -3   -1    0.000400
   5    5    0   -3    1   -0.000190
   5    5    3    0   -1    0.000398
   5    5    3    0    1   -0.000190
   5    5    0    3   -1   -0.000190
   5    5    0    3    1    0.000400
   5    6    1   -2    2   -0.000207
   5    6    1    3    2   -0.000207
   5    6    1   -2   -2    0.001069
   5    6    1    3   -2    0.001069
   5    7   -1   -2    1   -0.000290
   5    7    1   -2    1   -0.000290
   5    7   -1   -2   -2   -0.000092
   5    7    1   -2   -2   -0.000092
   5    7    0    3    2    0.000607
   5    7    0    3   -3   -0.001245
   5    6   -2   -1    2    0.000349
   5    6   -2    2    2    0.000349
   5    6   -2   -1   -2   -0.000579
   5    6   -2    2   -2   -0.000579
   5    8   -2    1    2    0.000025
   5    8    1   -2    2    0.000028
   5    8   -2    1   -3    0.000025
   5    8    1   -2   -3    0.000028
   5    6    2    0    3   -0.000155
   5    6    2    1    3   -0.000155
   5    6    2    0   -3   -0.000217
   5    6    2    1   -3   -0.000217
   5    8    1    1    3   -0.000363
   5    8    1    1   -4   -0.000363
   5    6   -1   -1    3    0.000394
   5    6   -1    2    3    0.000394
   5    6   -1   -1   -3   -0.000255
   5    6   -1    2   -3   -0.000255
   5    5   -3   -1    0   -0.000005
   5    5   -3    1    0    0.002039
   5    5   -1   -3    0    0.000004
   5    5    1   -3    0    0.002051
   5    5    3   -1    0    0.002039
   5    5    3    1    0   -0.000005
   5    5   -1    3    0    0.002051
   5    5    1    3    0    0.000004
   5    8   -1    0    3    0.000634
   5    8    0   -1    3    0.000635
   5    8   -1    0   -4    0.000634
   5    8    0   -1   -4    0.000635
   5    7   -1    0    3   -0.000830
   5    7    1    0    3   -0.000830
   5    7   -1    0   -4   -0.000008
   5    7    1    0   -4   -0.000008
   5    7   -2    2    2    0.000680
   5    7    2    2    2    0.000680
   5    7   -2    2   -3   -0.000096
   5    7    2    2   -3   -0.000096
   5    6    3   -1    0    0.000955
   5    6    3    2    0    0.000955
   5    8    1    3    1   -0.000229
   5    8    3    1    1   -0.000226
   5    8    1    3   -2   -0.000229
   5    8    3    1   -2   -0.000226
   5    6    2   -2    1    0.000511
   5    6    2    3    1    0.000511
   5    6    2   -2   -1   -0.000124
   5    6    2    3   -1   -0.000124
   5    5   -2    0   -3    0.000393
   5    5   -2    0    3   -0.001212
   5    5    0   -2   -3   -0.001212
   5    5    0   -2    3    0.000393
   5    5    0    2   -3    0.000393
   5    5    0    2    3   -0.001212
   5    5    2    0   -3   -0.001212
   5    5    2    0    3    0.000393
   5    8   -3    0    0   -0.000279
   5    8    0   -3    0   -0.000283
   5    8    0   -3   -1   -0.000283
   5    8   -3    0   -1   -0.000279
   5    7    0    2    3   -0.000289
   5    7    0    2   -4   -0.001258
   5    6   -3    0    0    0.000172
   5    6   -3    1    0    0.000172
   5    6   -1   -2    2    0.000270
   5    6   -1    3    2    0.000270
   5    6   -1   -2   -2   -0.000230
   5    6   -1    3   -2   -0.000230
   5    8   -2   -1    2   -0.000376
   5    8   -1   -2    2   -0.000376
   5    8   -2   -1   -3   -0.000376
   5    8   -1   -2   -3   -0.000376
   5    8   -1    1    3    0.000373
   5    8    1   -1    3    0.000366
   5    8   -1    1   -4    0.000373
   5    8    1   -1   -4    0.000366
   5    7   -3    1    1   -0.000701
   5    7    3    1    1   -0.000701
   5    7   -3    1   -2   -0.000850
   5    7    3    1   -2   -0.000850
   5    5   -3   -1   -1    0.000565
   5    5   -3   -1    1    0.000027
   5    5   -3    1   -1    0.000040
   5    5   -3    1    1    0.001142
   5    5   -1   -3   -1    0.000029
   5    5   -1   -3    1    0.000574
   5    5    1   -3   -1    0.001147
   5    5    1   -3    1    0.000043
   5    5    3   -1   -1    0.001142
   5    5    3   -1    1    0.000040
   5    5    3    1   -1    0.000027
   5    5    3    1    1    0.000565
   5    5   -1    3   -1    0.000043
   5    5   -1    3    1    0.001147
   5    5    1    3   -1    0.000574
   5    5    1    3    1    0.000029
   5    7   -1    3    2   -0.000078
   5    7    1    3    2   -0.000078
   5    7   -1    3   -3   -0.000055
   5    7    1    3   -3   -0.000055
   5    5   -2   -2   -2    0.000379
   5    5   -2   -2    2    0.000380
   5    5   -2    2   -2    0.000252
   5    5   -2    2    2    0.000556
   5    5    2   -2   -2    0.000556
   5    5    2   -2    2    0.000252
   5    5    2    2   -2    0.000380
   5    5    2    2    2    0.000379
   5    6    3   -1    1    0.000182
   5    6    3    2    1    0.000182
   5    6    3   -1   -1    0.000186
   5    6    3    2   -1    0.000186
   5    7   -3    2    0   -0.000131
   5    7    3    2    0   -0.000131
   5    7   -3    2   -1   -0.000734
   5    7    3    2   -1   -0.000734
   5    8   -1    3    1   -0.000062
   5    8    3   -1    1   -0.000061
   5    8   -1    3   -2   -0.000062
   5    8    3   -1   -2   -0.000061
   5    7   -2    3    1    0.000007
   5    7    2    3    1    0.000007
   5    7   -2    3   -2    0.000147
   5    7    2    3   -2    0.000147
   5    8   -3    1    0   -0.001456
   5    8    1   -3    0   -0.001462
   5    8   -3    1   -1   -0.001456
   5    8    1   -3   -1   -0.001462
   5    6   -2   -2    0   -0.000047
   5    6   -2    3    0   -0.000047
   5    6    3    0    2    0.000421
   5    6    3    1    2    0.000421
   5    6    3    0   -2    0.000412
   5    6    3    1   -2    0.000412
   5    8    2    2    2   -0.000752
   5    8    2    2   -3   -0.000752
   5    7   -3    0    1   -0.000729
   5    7    3    0    1   -0.000729
   5    7   -3    0   -2   -0.000282
   5    7    3    0   -2   -0.000282
   5    6   -3    0    1    0.000260
   5    6   -3    1    1    0.000260
   5    6   -3    0   -1   -0.000567
   5    6   -3    1   -1   -0.000567
   5    8   -2   -2    1    0.000789
   5    8   -2   -2   -2    0.000789
   5    7    0    4    0    0.001044
   5    7    0    4   -1    0.000874
   5    7   -2   -1    2    0.000502
   5    7    2   -1    2    0.000502
   5    7   -2   -1   -3   -0.000299
   5    7    2   -1   -3   -0.000299
   5    5    0    0   -4   -0.001120
   5    5    0    0    4   -0.001120
   5    5   -2   -1   -3    0.000736
   5    5   -2   -1    3    0.000255
   5    5   -2    1   -3    0.000388
   5    5   -2    1    3    0.000183
   5    5   -1   -2   -3    0.000252
   5    5   -1   -2    3    0.000740
   5    5   -1    2   -3    0.000387
   5    5   -1    2    3    0.000181
   5    5    1   -2   -3    0.000181
   5    5    1   -2    3    0.000387
   5    5    1    2   -3    0.000740
   5    5    1    2    3    0.000252
   5    5    2   -1   -3    0.000183
   5    5    2   -1    3    0.000388
   5    5    2    1   -3    0.000255
   5    5    2    1    3    0.000736
   5    6   -2    0    3   -0.000400
   5    6   -2    1    3   -0.000400
   5    6   -2    0   -3   -0.000655
   5    6   -2    1   -3   -0.000655
   5    7   -1    2    3   -0.001118
   5    7    1    2    3   -0.001118
   5    7   -1    2   -4    0.000417
   5    7    1    2   -4    0.000417
   5    7   -2   -2    0    0.000261
   5    7    2   -2    0    0.000261
   5    7   -2   -2   -1   -0.000126
   5    7    2   -2   -1   -0.000126
   5    8   -1   -1    3    0.000131
   5    8   -1   -1   -4    0.000131
   5    7    0   -1    3   -0.000208
   5    7    0   -1   -4    0.000106
   5    8    2    3    0   -0.000090
   5    8    3    2    0   -0.000090
   5    8    2    3   -1   -0.000090
   5    8    3    2   -1   -0.000090
   5    6    0    0    4    0.000132
   5    6    0    1    4    0.000132
   5    6    0    0   -4    0.001696
   5    6    0    1   -4    0.001696
   5    7    0   -2    2    0.000240
   5    7    0   -2   -3   -0.000164
   5    8   -3   -1    0   -0.000739
   5    8   -1   -3    0   -0.000743
   5    8   -3   -1   -1   -0.000739
   5    8   -1   -3   -1   -0.000743
   5    6   -2   -2    1    0.000154
   5    6   -2    3    1    0.000154
   5    6   -2   -2   -1   -0.000411
   5    6   -2    3   -1   -0.000411
   5    8    0   -3    1    0.000219
   5    8   -3    0    1    0.000219
   5    8    0   -3   -2    0.000219
   5    8   -3    0   -2    0.000219
   5    5   -3    0   -2   -0.000086
   5    5   -3    0    2   -0.000139
   5    5    0   -3   -2   -0.000137
   5    5    0   -3    2   -0.000088
   5    5    0    3   -2   -0.000088
   5    5    0    3    2   -0.000137
   5    5    3    0   -2   -0.000139
   5    5    3    0    2   -0.000086
   5    6    2   -1    3    0.000525
   5    6    2    2    3    0.000525
   5    6    2   -1   -3   -0.000078
   5    6    2    2   -3   -0.000078
   5    8    0    2    3   -0.000430
   5    8    2    0    3   -0.000429
   5    8    0    2   -4   -0.000430
   5    8    2    0   -4   -0.000429
   5    7   -3   -1    0   -0.000280
   5    7    3   -1    0   -0.000280
   5    7   -3   -1   -1   -0.000013
   5    7    3   -1   -1   -0.000013
   5    6    1    0    4   -0.001690
   5    6    1    1    4   -0.001690
   5    6    1    0   -4   -0.000203
   5    6    1    1   -4   -0.000203
   5    7   -1    4    0   -0.000063
   5    7    1    4    0   -0.000063
   5    7   -1    4   -1    0.000384
   5    7    1    4   -1    0.000384
   5    5   -1    0   -4    0.000192
   5    5   -1    0    4    0.000268
   5    5    0   -1   -4    0.000267
   5    5    0   -1    4    0.000187
   5    5    0    1   -4    0.000187
   5    5    0    1    4    0.000267
   5    5    1    0   -4    0.000268
   5    5    1    0    4    0.000192
   6    3   -1    0    0    1.277153
   6    1   -1    0    0    1.190021
   6    1   -1    0   -1    0.481508
   6    4   -1    0    0    1.177784
   6    4    0    0    0    1.183612
   6    3   -1   -1    0   -0.657169
   6    3    0    0    0   -0.657169
   6    1    0    0    0    0.234860
   6    1    0    0   -1    0.120805
   6    2   -1   -1   -1   -0.003488
   6    2   -1    0   -1    0.008862
   6    2    0   -1   -1    0.007757
   6    2    0    0   -1   -0.026562
   6    2   -1   -1    0   -0.025583
   6    2   -1    0    0    0.008661
   6    2    0   -1    0    0.007555
   6    2    0    0    0   -0.004198
   6    3   -1    0   -1    0.062340
   6    3   -1    0    1    0.062649
   6    4   -1    1    0   -0.176037
   6    4    0    1    0   -0.175425
   6    3    0   -1    0    0.585978
   6    4   -1    0   -1   -0.127685
   6    4    0    0   -1   -0.127757
   6    4   -1    0    1   -0.068425
   6    4    0    0    1   -0.068648
   6    3   -1   -1   -1    0.000832
   6    3    0    0   -1    0.000876
   6    3   -1   -1    1    0.001073
   6    3    0    0    1    0.001028
   6    1   -1   -1    0    0.001574
   6    1   -1    1    0    0.001780
   6    1   -1   -1   -1    0.018088
   6    1   -1    1   -1    0.018443
   6    4   -1    1   -1    0.013224
   6    4    0    1   -1    0.013109
   6    4   -1    1    1    0.063817
   6    4    0    1    1    0.063731
   6    3    0   -1   -1   -0.052846
   6    3    0   -1    1   -0.052850
   6    1    0   -1    0    0.045132
   6    1    0    1    0    0.045266
   6    1    0   -1   -1   -0.027684
   6    1    0    1   -1   -0.027453
   6    4   -1   -1    0   -0.059026
   6    4    0   -1    0   -0.058603
   6    1   -1    0    1   -0.040842
   6    1   -1    0   -2    0.033047
   6    3   -2    0    0   -0.012114
   6    3   -1    1    0   -0.012114
   6    1   -2    0    0   -0.002163
   6    1   -2    0   -1   -0.018390
   6    1    0    0    1    0.009620
   6    1    0    0   -2   -0.015963
   6    2   -1   -1   -2   -0.074924
   6    2   -1    0   -2    0.011130
   6    2    0   -1   -2    0.011085
   6    2    0    0   -2   -0.020386
   6    2   -1   -1    1   -0.020474
   6    2    0   -1    1    0.011212
   6    2   -1    0    1    0.011257
   6    2    0    0    1   -0.074975
   6    3    0    1    0    0.012093
   6    3   -2   -1    0    0.012093
   6    4   -2    0    0   -0.004750
   6    4    1    0    0   -0.004525
   6    4   -1   -1   -1   -0.000690
   6    4    0   -1   -1   -0.000655
   6    4   -1   -1    1    0.008632
   6    4    0   -1    1    0.008541
   6    3   -2    0   -1   -0.000324
   6    3   -1    1   -1   -0.000327
   6    3   -2    0    1   -0.000296
   6    3   -1    1    1   -0.000293
   6    2   -2   -1   -1   -0.029153
   6    2   -2    0   -1   -0.017023
   6    2   -1   -2   -1   -0.029180
   6    2   -1    1   -1   -0.003924
   6    2    0   -2   -1   -0.017020
   6    2    0    1   -1   -0.019689
   6    2    1   -1   -1   -0.003967
   6    2    1    0   -1   -0.019775
   6    2   -2   -1    0   -0.019731
   6    2   -2    0    0   -0.003936
   6    2   -1   -2    0   -0.019817
   6    2   -1    1    0   -0.017029
   6    2    0   -2    0   -0.003979
   6    2    0    1    0   -0.029142
   6    2    1   -1    0   -0.017025
   6    2    1    0    0   -0.029168
   6    1   -1   -1    1   -0.016855
   6    1   -1    1    1   -0.016792
   6    1   -1   -1   -2    0.004047
   6    1   -1    1   -2    0.004109
   6    3   -2   -1   -1    0.011629
   6    3    0    1   -1    0.011604
   6    3   -2   -1    1    0.011619
   6    3    0    1    1    0.011643
   6    1   -2   -1    0   -0.014493
   6    1   -2    1    0   -0.014551
   6    1   -2   -1   -1   -0.003781
   6    1   -2    1   -1   -0.003792
   6    4   -2    1    0    0.015237
   6    4    1    1    0    0.015318
   6    3   -1   -2    0    0.015336
   6    3    1    0    0    0.015336
   6    4   -2    0   -1   -0.004965
   6    4    1    0   -1   -0.004969
   6    4   -2    0    1    0.002173
   6    4    1    0    1    0.002219
   6    1    1    0    0    0.003995
   6    1    1    0   -1   -0.001239
   6    3   -1    0   -2   -0.008480
   6    3   -1    0    2   -0.008426
   6    1    0   -1    1    0.004540
   6    1    0    1    1    0.004535
   6    1    0   -1   -2    0.006092
   6    1    0    1   -2    0.006109
   6    4   -1    0   -2    0.014598
   6    4    0    0   -2    0.014506
   6    4   -1    0    2   -0.009108
   6    4    0    0    2   -0.009103
   6    3    0   -2    0   -0.015732
   6    3    1   -1    0   -0.015732
   6    1   -2    0    1    0.003558
   6    1   -2    0   -2    0.010181
   6    3   -1   -1   -2    0.010005
   6    3    0    0   -2    0.009997
   6    3   -1   -1    2    0.010021
   6    3    0    0    2    0.010029
   6    3   -2    1    0   -0.004211
   6    4   -1    2    0   -0.007637
   6    4    0    2    0   -0.007608
   6    4   -2    1   -1   -0.001275
   6    4    1    1   -1   -0.001294
   6    4   -2    1    1   -0.000807
   6    4    1    1    1   -0.000807
   6    3   -1   -2   -1    0.010639
   6    3    1    0   -1    0.010644
   6    3   -1   -2    1    0.010672
   6    3    1    0    1    0.010666
   6    4   -2   -1    0   -0.002236
   6    4    1   -1    0   -0.002221
   6    4   -1    1   -2    0.004296
   6    4    0    1   -2    0.004321
   6    4   -1    1    2    0.006225
   6    4    0    1    2    0.006197
   6    3    0   -1   -2   -0.007051
   6    3    0   -1    2   -0.007120
   6    3    0   -2   -1    0.002036
   6    3    1   -1   -1    0.002044
   6    3    0   -2    1    0.002077
   6    3    1   -1    1    0.002070
   6    1    1   -1    0   -0.000627
   6    1    1    1    0   -0.000601
   6    1    1   -1   -1    0.001562
   6    1    1    1   -1    0.001556
   6    2   -2   -1   -2   -0.003154
   6    2   -2    0   -2    0.005162
   6    2   -1   -2   -2   -0.003158
   6    2   -1    1   -2   -0.001835
   6    2    0   -2   -2    0.005156
   6    2    0    1   -2    0.002651
   6    2    1   -1   -2   -0.001852
   6    2    1    0   -2    0.002654
   6    2   -2   -1    1    0.002654
   6    2   -2    0    1   -0.001875
   6    2   -1   -2    1    0.002657
   6    2   -1    1    1    0.005133
   6    2    0   -2    1   -0.001892
   6    2    0    1    1   -0.003175
   6    2    1   -1    1    0.005128
   6    2    1    0    1   -0.003178
   6    3   -2    1   -1    0.000294
   6    3   -2    1    1    0.000308
   6    4   -1    2   -1   -0.002655
   6    4    0    2   -1   -0.002641
   6    4   -1    2    1   -0.002181
   6    4    0    2    1   -0.002179
   6    1   -1   -2    0    0.004089
   6    1   -1    2    0    0.004060
   6    1   -1   -2   -1    0.003263
   6    1   -1    2   -1    0.003277
   6    1   -2   -1    1   -0.000527
   6    1   -2    1    1   -0.000518
   6    1   -2   -1   -2   -0.003350
   6    1   -2    1   -2   -0.003315
   6    4   -2   -1   -1    0.002715
   6    4    1   -1   -1    0.002682
   6    4   -2   -1    1    0.000871
   6    4    1   -1    1    0.000868
   6    1    1    0    1    0.001325
   6    1    1    0   -2    0.000707
   6    4   -1   -1   -2    0.004014
   6    4    0   -1   -2    0.004036
   6    4   -1   -1    2    0.005952
   6    4    0   -1    2    0.005937
   6    1   -1    0    2   -0.011137
   6    1   -1    0   -3    0.014432
   6    3    1    1    0    0.004514
   6    3   -2   -2    0    0.004514
   6    1    0   -2    0   -0.003803
   6    1    0    2    0   -0.003787
   6    1    0   -2   -1   -0.003473
   6    1    0    2   -1   -0.003457
   6    3   -2    0   -2   -0.000921
   6    3   -1    1   -2   -0.000917
   6    3   -2    0    2   -0.000936
   6    3   -1    1    2   -0.000940
   6    2   -2   -2   -1    0.000781
   6    2   -2    1   -1   -0.004370
   6    2    1   -2   -1   -0.004359
   6    2    1    1   -1   -0.005856
   6    2   -2   -2    0   -0.005858
   6    2   -2    1    0   -0.004386
   6    2    1   -2    0   -0.004374
   6    2    1    1    0    0.000763
   6    1    0    0    2    0.003611
   6    1    0    0   -3    0.001248
   6    2   -1   -1   -3   -0.018867
   6    2   -1    0   -3    0.002223
   6    2    0   -1   -3    0.002213
   6    2    0    0   -3   -0.001900
   6    2   -1   -1    2   -0.001909
   6    2   -1    0    2    0.002227
   6    2    0   -1    2    0.002217
   6    2    0    0    2   -0.018897
   6    4   -1   -2    0   -0.003020
   6    4    0   -2    0   -0.003023
   6    3    0    1   -2    0.003467
   6    3   -2   -1   -2    0.003469
   6    3   -2   -1    2    0.003461
   6    3    0    1    2    0.003463
   6    4   -2    0   -2   -0.001445
   6    4    1    0   -2   -0.001445
   6    4   -2    0    2    0.001432
   6    4    1    0    2    0.001453
   6    3   -2   -2   -1   -0.000409
   6    3    1    1   -1   -0.000409
   6    3   -2   -2    1   -0.000396
   6    3    1    1    1   -0.000396
   6    1    1   -1    1    0.000938
   6    1    1    1    1    0.000931
   6    1    1   -1   -2   -0.001230
   6    1    1    1   -2   -0.001227
   6    3   -1    2    0   -0.002326
   6    3   -3    0    0   -0.002326
   6    1   -1   -1    2   -0.005777
   6    1   -1    1    2   -0.005777
   6    1   -1   -1   -3    0.000830
   6    1   -1    1   -3    0.000839
   6    1   -3    0    0    0.000874
   6    1   -3    0   -1    0.000484
   6    4   -2    2    0    0.000019
   6    4    1    2    0    0.000026
   6    3    1   -2    0    0.005051
   6    1   -1   -2    1    0.001294
   6    1   -1    2    1    0.001289
   6    1   -1   -2   -2   -0.000490
   6    1   -1    2   -2   -0.000489
   6    4   -1   -2   -1   -0.004450
   6    4    0   -2   -1   -0.004454
   6    4   -1   -2    1   -0.000522
   6    4    0   -2    1   -0.000525
   6    4   -2    1   -2   -0.002228
   6    4    1    1   -2   -0.002221
   6    4   -2    1    2    0.001055
   6    4    1    1    2    0.001050
   6    3   -1   -2   -2    0.003060
   6    3    1    0   -2    0.003072
   6    3   -1   -2    2    0.003078
   6    3    1    0    2    0.003066
   6    3   -3   -1    0   -0.004678
   6    3    0    2    0   -0.004678
   6    1    0   -1    2   -0.000180
   6    1    0    1    2   -0.000196
   6    1    0   -1   -3   -0.000031
   6    1    0    1   -3    0.000002
   6    1   -2   -2    0    0.000022
   6    1   -2    2    0    0.000030
   6    1   -2   -2   -1   -0.002316
   6    1   -2    2   -1   -0.002325
   6    1    0   -2    1    0.001492
   6    1    0    2    1    0.001493
   6    1    0   -2   -2   -0.000483
   6    1    0    2   -2   -0.000486
   6    2   -2   -2   -2   -0.001320
   6    2   -2    1   -2   -0.002530
   6    2    1   -2   -2   -0.002517
   6    2    1    1   -2   -0.000130
   6    2   -2   -2    1   -0.000128
   6    2   -2    1    1   -0.002522
   6    2    1   -2    1   -0.002509
   6    2    1    1    1   -0.001335
   6    3    0   -2   -2   -0.000592
   6    3    1   -1   -2   -0.000586
   6    3    0   -2    2   -0.000599
   6    3    1   -1    2   -0.000605
   6    1   -2    0    2    0.000414
   6    1   -2    0   -3   -0.001379
   6    3   -1    2   -1   -0.000226
   6    3   -3    0   -1   -0.000226
   6    3   -3    0    1   -0.000225
   6    3   -1    2    1   -0.000225
   6    4   -2    2   -1    0.001380
   6    4    1    2   -1    0.001376
   6    4   -2    2    1    0.000049
   6    4    1    2    1    0.000051
   6    4    2    0    0    0.001957
   6    4   -3    0    0    0.001956
   6    3   -2    1   -2    0.002766
   6    3   -2    1    2    0.002756
   6    3    1   -2   -1    0.004459
   6    3    1   -2    1    0.004461
   6    4   -1    2   -2   -0.000108
   6    4    0    2   -2   -0.000104
   6    4   -1    2    2   -0.003901
   6    4    0    2    2   -0.003902
   6    4   -2   -1   -2   -0.001249
   6    4    1   -1   -2   -0.001256
   6    4   -2   -1    2    0.001291
   6    4    1   -1    2    0.001283
   6    3   -1    0   -3   -0.002674
   6    3   -1    0    3   -0.002666
   6    3   -3   -1   -1   -0.001814
   6    3    0    2   -1   -0.001812
   6    3   -3   -1    1   -0.001818
   6    3    0    2    1   -0.001819
   6    1   -3   -1    0   -0.000610
   6    1   -3    1    0   -0.000612
   6    1   -3   -1   -1    0.000676
   6    1   -3    1   -1    0.000669
   6    4   -1    0   -3    0.008670
   6    4    0    0   -3    0.008671
   6    4   -1    0    3   -0.000200
   6    4    0    0    3   -0.000188
   6    2   -1    2   -1   -0.001731
   6    2    0    2   -1    0.000926
   6    2    2   -1   -1   -0.001720
   6    2    2    0   -1    0.000923
   6    2   -3   -1   -1    0.000953
   6    2   -1   -3   -1    0.000946
   6    2    0   -3   -1   -0.000646
   6    2   -3    0   -1   -0.000649
   6    2   -3   -1    0    0.000932
   6    2   -1   -3    0    0.000929
   6    2   -1    2    0   -0.000646
   6    2    0   -3    0   -0.001720
   6    2    0    2    0    0.000963
   6    2    2   -1    0   -0.000643
   6    2    2    0    0    0.000956
   6    2   -3    0    0   -0.001731
   6    3   -1   -1   -3    0.001279
   6    3    0    0   -3    0.001278
   6    3   -1   -1    3    0.001283
   6    3    0    0    3    0.001284
   6    2   -2   -1   -3   -0.004285
   6    2   -2    0   -3   -0.000283
   6    2   -1   -2   -3   -0.004289
   6    2   -1    1   -3   -0.002710
   6    2    0   -2   -3   -0.000284
   6    2    0    1   -3   -0.001448
   6    2    1   -1   -3   -0.002713
   6    2    1    0   -3   -0.001442
   6    2   -2   -1    2   -0.001449
   6    2   -2    0    2   -0.002715
   6    2   -1   -2    2   -0.001443
   6    2   -1    1    2   -0.000282
   6    2    0   -2    2   -0.002717
   6    2    0    1    2   -0.004279
   6    2    1   -1    2   -0.000283
   6    2    1    0    2   -0.004283
   6    4    2    1    0    0.001749
   6    4   -3    1    0    0.001758
   6    1   -3    0    1    0.001218
   6    1   -3    0   -2   -0.003590
   6    4    2    0   -1    0.000292
   6    4   -3    0   -1    0.000293
   6    4    2    0    1    0.001787
   6    4   -3    0    1    0.001785
   6    1    1   -2    0    0.002885
   6    1    1    2    0    0.002884
   6    1    1   -2   -1    0.000111
   6    1    1    2   -1    0.000111
   6    4   -2   -2    0    0.000110
   6    4    1   -2    0    0.000116
   6    3   -2    2    0   -0.000298
   6    3   -3    1    0   -0.000298
   6    1   -2   -1    2   -0.000378
   6    1   -2    1    2   -0.000370
   6    1   -2   -1   -3    0.002613
   6    1   -2    1   -3    0.002624
   6    1    1    0    2    0.001646
   6    1    1    0   -3    0.001699
   6    4   -1    1   -3    0.000566
   6    4    0    1   -3    0.000565
   6    4   -1    1    3   -0.003171
   6    4    0    1    3   -0.003197
   6    3    0   -1   -3   -0.002803
   6    3    0   -1    3   -0.002813
   6    3    2    0    0   -0.002971
   6    3   -1   -3    0   -0.002971
   6    1   -2   -2    1    0.001698
   6    1   -2    2    1    0.001697
   6    1   -2   -2   -2   -0.001932
   6    1   -2    2   -2   -0.001924
   6    1    2    0    0    0.000773
   6    1    2    0   -1   -0.001464
   6    3   -2   -2   -2   -0.000768
   6    3    1    1   -2   -0.000767
   6    3   -2   -2    2   -0.000761
   6    3    1    1    2   -0.000762
   6    4    2    1   -1    0.002151
   6    4   -3    1   -1    0.002165
   6    4    2    1    1   -0.000373
   6    4   -3    1    1   -0.000363
   6    4    2   -1    0   -0.000157
   6    4   -3   -1    0   -0.000149
   6    3    2   -1    0   -0.000936
   6    3    0   -3    0   -0.000936
   6    4   -2   -2   -1    0.000789
   6    4    1   -2   -1    0.000788
   6    4   -2   -2    1   -0.000114
   6    4    1   -2    1   -0.000123
   6    4   -1   -2   -2   -0.001266
   6    4    0   -2   -2   -0.001265
   6    4   -1   -2    2   -0.001398
   6    4    0   -2    2   -0.001398
   6    3   -2    2   -1    0.000722
   6    3   -3    1   -1    0.000722
   6    3   -3    1    1    0.000725
   6    3   -2    2    1    0.000725
   6    1   -3   -1    1    0.000523
   6    1   -3    1    1    0.000524
   6    1   -3   -1   -2   -0.001328
   6    1   -3    1   -2   -0.001326
   6    4   -1   -1   -3    0.001088
   6    4    0   -1   -3    0.001088
   6    4   -1   -1    3    0.001960
   6    4    0   -1    3    0.001963
   6    3    2    0   -1    0.001519
   6    3   -1   -3   -1    0.001520
   6    3    2    0    1    0.001520
   6    3   -1   -3    1    0.001519
   6    2   -3   -1   -2    0.000518
   6    2   -1   -3   -2    0.000523
   6    2   -1    2   -2   -0.000069
   6    2    0   -3   -2    0.000775
   6    2    0    2   -2    0.000043
   6    2    2   -1   -2   -0.000063
   6    2    2    0   -2    0.000045
   6    2   -3    0   -2    0.000771
   6    2   -1    2    1    0.000768
   6    2    0    2    1    0.000518
   6    2    2   -1    1    0.000771
   6    2    2    0    1    0.000524
   6    2   -3   -1    1    0.000039
   6    2   -1   -3    1    0.000041
   6    2    0   -3    1   -0.000065
   6    2   -3    0    1   -0.000071
   6    3   -2    0   -3    0.001820
   6    3   -1    1   -3    0.001818
   6    3   -2    0    3    0.001813
   6    3   -1    1    3    0.001814
   6    4   -1    3    0    0.000808
   6    4    0    3    0    0.000803
   6    3   -3   -2    0   -0.000948
   6    3    1    2    0   -0.000948
   6    1    1   -1    2   -0.000108
   6    1    1    1    2   -0.000104
   6    1    1   -1   -3    0.000515
   6    1    1    1   -3    0.000519
   6    3   -1    2   -2    0.000738
   6    3   -3    0   -2    0.000741
   6    3   -3    0    2    0.000738
   6    3   -1    2    2    0.000741
   6    4    2   -1   -1   -0.000463
   6    4   -3   -1   -1   -0.000458
   6    4    2   -1    1   -0.000376
   6    4   -3   -1    1   -0.000368
   6    3    2   -1   -1   -0.000948
   6    3    0   -3   -1   -0.000946
   6    3    2   -1    1   -0.000942
   6    3    0   -3    1   -0.000943
   6    1    2   -1    0    0.002920
   6    1    2    1    0    0.002905
   6    1    2   -1   -1    0.000493
   6    1    2    1   -1    0.000483
   6    4   -2    2   -2    0.000027
   6    4    1    2   -2    0.000026
   6    4   -2    2    2    0.000620
   6    4    1    2    2    0.000622
   6    1    1   -2    1   -0.000286
   6    1    1    2    1   -0.000288
   6    1    1   -2   -2   -0.000557
   6    1    1    2   -2   -0.000557
   6    3    1   -2   -2   -0.000851
   6    3    1   -2    2   -0.000851
   6    1   -1   -2    2    0.000205
   6    1   -1    2    2    0.000207
   6    1   -1   -2   -3    0.000720
   6    1   -1    2   -3    0.000722
   6    3   -2   -1   -3    0.002488
   6    3    0    1   -3    0.002487
   6    3   -2   -1    3    0.002484
   6    3    0    1    3    0.002485
   6    4   -2    0   -3   -0.000277
   6    4    1    0   -3   -0.000277
   6    4   -2    0    3   -0.000406
   6    4    1    0    3   -0.000400
   6    3    0    2   -2   -0.000303
   6    3   -3   -1   -2   -0.000305
   6    3    0    2    2   -0.000305
   6    3   -3   -1    2   -0.000302
   6    2   -2    2   -1    0.000039
   6    2    1    2   -1    0.000634
   6    2    2   -2   -1    0.000042
   6    2    2    1   -1    0.000634
   6    2   -3   -2   -1   -0.000907
   6    2   -3    1   -1   -0.000982
   6    2   -2   -3   -1   -0.000905
   6    2    1   -3   -1   -0.000978
   6    2   -2    2    0   -0.000979
   6    2    1    2    0   -0.000909
   6    2    2   -2    0   -0.000976
   6    2    2    1    0   -0.000908
   6    2   -3   -2    0    0.000637
   6    2   -3    1    0    0.000044
   6    2   -2   -3    0    0.000637
   6    2    1   -3    0    0.000046
   6    1   -1    0    3   -0.000920
   6    1   -1    0   -4    0.002685
   6    1    2    0    1   -0.001944
   6    1    2    0   -2   -0.001842
   6    1    0   -2    2    0.000047
   6    1    0    2    2    0.000042
   6    1    0   -2   -3    0.000095
   6    1    0    2   -3    0.000093
   6    2   -2   -2   -3    0.001133
   6    2   -2    1   -3   -0.000834
   6    2    1   -2   -3   -0.000831
   6    2    1    1   -3   -0.000104
   6    2   -2   -2    2   -0.000107
   6    2   -2    1    2   -0.000835
   6    2    1   -2    2   -0.000832
   6    2    1    1    2    0.001136
   6    4   -1    3   -1    0.001220
   6    4    0    3   -1    0.001217
   6    4   -1    3    1    0.001588
   6    4    0    3    1    0.001589
   6    3   -3   -2   -1   -0.000044
   6    3    1    2   -1   -0.000045
   6    3    1    2    1   -0.000042
   6    3   -3   -2    1   -0.000043
   6    3    2    1    0   -0.000839
   6    3   -2   -3    0   -0.000839
   6    1    0    0    3   -0.000327
   6    1    0    0   -4   -0.000144
   6    4    2    0   -2   -0.000046
   6    4   -3    0   -2   -0.000047
   6    4    2    0    2   -0.000365
   6    4   -3    0    2   -0.000368
   6    2   -1   -1   -4   -0.002012
   6    2   -1    0   -4    0.000356
   6    2    0   -1   -4    0.000349
   6    2    0    0   -4    0.000484
   6    2   -1   -1    3    0.000474
   6    2   -1    0    3    0.000351
   6    2    0   -1    3    0.000343
   6    2    0    0    3   -0.002022
   6    4   -2    1   -3   -0.000833
   6    4    1    1   -3   -0.000830
   6    4   -2    1    3    0.001870
   6    4    1    1    3    0.001872
   6    3   -1   -2   -3    0.001092
   6    3    1    0   -3    0.001092
   6    3   -1   -2    3    0.001087
   6    3    1    0    3    0.001087
   6    1   -1   -3    0   -0.000536
   6    1   -1    3    0   -0.000537
   6    1   -1   -3   -1   -0.000283
   6    1   -1    3   -1   -0.000285
   6    1   -3   -2    0    0.000306
   6    1   -3    2    0    0.000308
   6    1   -3   -2   -1    0.000118
   6    1   -3    2   -1    0.000118
   6    4    2    2    0    0.000842
   6    4   -3    2    0    0.000843
   6    3    0   -2   -3   -0.000763
   6    3    1   -1   -3   -0.000765
   6    3    0   -2    3   -0.000768
   6    3    1   -1    3   -0.000766
   6    3    2    1   -1   -0.000493
   6    3   -2   -3   -1   -0.000492
   6    3    2    1    1   -0.000487
   6    3   -2   -3    1   -0.000488
   6    1    0   -3    0    0.001035
   6    1    0    3    0    0.001040
   6    1    0   -3   -1    0.000351
   6    1    0    3   -1    0.000354
   6    1   -1   -1    3   -0.000600
   6    1   -1    1    3   -0.000601
   6    1   -1   -1   -4   -0.001317
   6    1   -1    1   -4   -0.001326
   6    4    2    1   -2    0.001065
   6    4   -3    1   -2    0.001067
   6    4    2    1    2   -0.000209
   6    4   -3    1    2   -0.000205
   6    1    2   -1    1   -0.000286
   6    1    2    1    1   -0.000289
   6    1    2   -1   -2   -0.000090
   6    1    2    1   -2   -0.000095
   6    1   -3    0    2    0.000607
   6    1   -3    0   -3   -0.001244
   6    3   -2    1   -3   -0.000051
   6    3   -2    1    3   -0.000048
   6    4   -2   -2   -2   -0.000577
   6    4    1   -2   -2   -0.000578
   6    4   -2   -2    2    0.000350
   6    4    1   -2    2    0.000347
   6    4   -1    2   -3   -0.000215
   6    4    0    2   -3   -0.000217
   6    4   -1    2    3   -0.000152
   6    4    0    2    3   -0.000158
   6    3   -3    1   -2   -0.000190
   6    3   -2    2   -2   -0.000189
   6    3   -3    1    2   -0.000186
   6    3   -2    2    2   -0.000187
   6    4   -2   -1   -3   -0.000254
   6    4    1   -1   -3   -0.000256
   6    4   -2   -1    3    0.000394
   6    4    1   -1    3    0.000394
   6    3    2   -2    0   -0.003249
   6    3    1   -3    0   -0.003249
   6    1    0   -1    3   -0.000831
   6    1    0    1    3   -0.000831
   6    1    0   -1   -4   -0.000009
   6    1    0    1   -4   -0.000004
   6    2   -2    2   -2   -0.000450
   6    2    1    2   -2    0.000423
   6    2    2   -2   -2   -0.000447
   6    2    2    1   -2    0.000422
   6    2   -3   -2   -2   -0.000414
   6    2   -3    1   -2   -0.000058
   6    2   -2   -3   -2   -0.000413
   6    2    1   -3   -2   -0.000058
   6    2   -2    2    1   -0.000063
   6    2    1    2    1   -0.000413
   6    2    2   -2    1   -0.000063
   6    2    2    1    1   -0.000412
   6    2   -3   -2    1    0.000426
   6    2   -3    1    1   -0.000449
   6    2   -2   -3    1    0.000425
   6    2    1   -3    1   -0.000447
   6    3    2    0   -2    0.000865
   6    3   -1   -3   -2    0.000865
   6    3    2    0    2    0.000868
   6    3   -1   -3    2    0.000869
   6    1   -2   -2    2    0.000679
   6    1   -2    2    2    0.000679
   6    1   -2   -2   -3   -0.000097
   6    1   -2    2   -3   -0.000096
   6    4   -2    3    0    0.000955
   6    4    1    3    0    0.000954
   6    4    2    2   -1   -0.000124
   6    4   -3    2   -1   -0.000125
   6    4   -3    2    1    0.000512
   6    4    2    2    1    0.000513
   6    1   -2    0    3   -0.000287
   6    1   -2    0   -4   -0.001255
   6    4   -1   -3    0    0.000170
   6    4    0   -3    0    0.000171
   6    4   -3   -1   -2   -0.000230
   6    4    2   -1   -2   -0.000229
   6    4   -3   -1    2    0.000271
   6    4    2   -1    2    0.000268
   6    3    2   -1   -2   -0.000476
   6    3    0   -3   -2   -0.000477
   6    3    0   -3    2   -0.000473
   6    3    2   -1    2   -0.000475
   6    1   -1   -3    1   -0.000701
   6    1   -1    3    1   -0.000702
   6    1   -1   -3   -2   -0.000851
   6    1   -1    3   -2   -0.000852
   6    3    2   -2   -1    0.000344
   6    3    1   -3   -1    0.000343
   6    3    1   -3    1    0.000344
   6    3    2   -2    1    0.000343
   6    3   -3    2    0   -0.000717
   6    1   -3   -1    2   -0.000080
   6    1   -3    1    2   -0.000078
   6    1   -3   -1   -3   -0.000056
   6    1   -3    1   -3   -0.000053
   6    3   -2   -2   -3   -0.001141
   6    3    1    1   -3   -0.001141
   6    3   -2   -2    3   -0.001139
   6    3    1    1    3   -0.001140
   6    2   -3   -1   -3    0.000037
   6    2   -1   -3   -3    0.000035
   6    2   -1    2   -3   -0.000236
   6    2    0   -3   -3    0.000087
   6    2    0    2   -3   -0.000440
   6    2    2   -1   -3   -0.000234
   6    2    2    0   -3   -0.000437
   6    2   -3    0   -3    0.000089
   6    2   -3   -1    2   -0.000441
   6    2   -3    0    2   -0.000240
   6    2   -1   -3    2   -0.000438
   6    2   -1    2    2    0.000085
   6    2    0   -3    2   -0.000239
   6    2    0    2    2    0.000034
   6    2    2   -1    2    0.000083
   6    2    2    0    2    0.000032
   6    4   -2    3   -1    0.000185
   6    4    1    3   -1    0.000187
   6    4   -2    3    1    0.000182
   6    4    1    3    1    0.000179
   6    1   -2   -3    0   -0.000131
   6    1   -2    3    0   -0.000129
   6    1   -2   -3   -1   -0.000738
   6    1   -2    3   -1   -0.000736
   6    1   -3   -2    1    0.000007
   6    1   -3    2    1    0.000008
   6    1   -3   -2   -2    0.000147
   6    1   -3    2   -2    0.000147
   6    4   -3   -2    0   -0.000046
   6    4    2   -2    0   -0.000045
   6    4   -1    3   -2    0.000413
   6    4    0    3   -2    0.000412
   6    4   -1    3    2    0.000419
   6    4    0    3    2    0.000422
   6    3   -3   -2   -2   -0.000115
   6    3    1    2   -2   -0.000115
   6    3   -3   -2    2   -0.000113
   6    3    1    2    2   -0.000114
   6    1    0   -3    1   -0.000730
   6    1    0    3    1   -0.000729
   6    1    0   -3   -2   -0.000283
   6    1    0    3   -2   -0.000282
   6    4   -1   -3   -1   -0.000565
   6    4    0   -3   -1   -0.000568
   6    4   -1   -3    1    0.000261
   6    4    0   -3    1    0.000261
   6    2   -2   -1   -4   -0.001162
   6    2   -2    0   -4   -0.000150
   6    2   -1   -2   -4   -0.001161
   6    2   -1    1   -4    0.000659
   6    2    0   -2   -4   -0.000150
   6    2    0    1   -4   -0.000456
   6    2    1   -1   -4    0.000656
   6    2    1    0   -4   -0.000454
   6    2   -2   -1    3   -0.000453
   6    2   -2    0    3    0.000659
   6    2   -1   -2    3   -0.000451
   6    2   -1    1    3   -0.000149
   6    2    0   -2    3    0.000655
   6    2    0    1    3   -0.001161
   6    2    1   -1    3   -0.000149
   6    2    1    0    3   -0.001160
   6    3   -4    0    0    0.000232
   6    3   -1    3    0    0.000232
   6    1   -4    0    0    0.001043
   6    1   -4    0   -1    0.000874
   6    1    1   -2    2    0.000500
   6    1    1    2    2    0.000501
   6    1    1   -2   -3   -0.000301
   6    1    1    2   -3   -0.000300
   6    4   -1   -2   -3   -0.000656
   6    4    0   -2   -3   -0.000656
   6    4   -1   -2    3   -0.000399
   6    4    0   -2    3   -0.000403
   6    1   -2   -1    3   -0.001118
   6    1   -2    1    3   -0.001118
   6    1   -2   -1   -4    0.000416
   6    1   -2    1   -4    0.000414
   6    1    2   -2    0    0.000260
   6    1    2    2    0    0.000261
   6    1    2   -2   -1   -0.000127
   6    1    2    2   -1   -0.000127
   6    1    1    0    3   -0.000207
   6    1    1    0   -4    0.000104
   6    3   -1    0   -4    0.000055
   6    3   -1    0    4    0.000060
   6    3   -3    2   -1   -0.000044
   6    3   -3    2    1   -0.000045
   6    3   -4   -1    0    0.000071
   6    3    0    3    0    0.000071
   6    4   -1    0   -4    0.001690
   6    4    0    0   -4    0.001695
   6    4   -1    0    4    0.000131
   6    4    0    0    4    0.000135
   6    1    2    0    2    0.000241
   6    1    2    0   -3   -0.000163
   6    4   -3   -2   -1   -0.000410
   6    4    2   -2   -1   -0.000410
   6    4   -3   -2    1    0.000154
   6    4    2   -2    1    0.000155
   6    3   -2   -3   -2   -0.000340
   6    3    2    1   -2   -0.000340
   6    3   -2   -3    2   -0.000339
   6    3    2    1    2   -0.000339
   6    3   -1   -1   -4    0.000257
   6    3    0    0   -4    0.000257
   6    3   -1   -1    4    0.000261
   6    3    0    0    4    0.000261
   6    3   -3    0   -3    0.000152
   6    3   -1    2   -3    0.000151
   6    3   -3    0    3    0.000151
   6    3   -1    2    3    0.000152
   6    3   -4    0   -1   -0.000442
   6    3   -1    3   -1   -0.000441
   6    3   -4    0    1   -0.000442
   6    3   -1    3    1   -0.000442
   6    4   -2    2   -3   -0.000079
   6    4    1    2   -3   -0.000079
   6    4   -2    2    3    0.000523
   6    4    1    2    3    0.000525
   6    3    1   -2   -3   -0.000964
   6    3    1   -2    3   -0.000964
   6    1    1   -3    0   -0.000281
   6    1    1    3    0   -0.000281
   6    1    1   -3   -1   -0.000015
   6    1    1    3   -1   -0.000013
   6    4   -1    1   -4   -0.000201
   6    4    0    1   -4   -0.000202
   6    4   -1    1    4   -0.001687
   6    4    0    1    4   -0.001693
   6    3    0   -1   -4   -0.000604
   6    3    0   -1    4   -0.000600
   6    3    0    2   -3    0.000074
   6    3   -3   -1   -3    0.000072
   6    3   -3   -1    3    0.000076
   6    3    0    2    3    0.000074
   6    3   -4   -1   -1   -0.000279
   6    3    0    3   -1   -0.000278
   6    3   -4   -1    1   -0.000280
   6    3    0    3    1   -0.000280
   6    1   -4   -1    0   -0.000064
   6    1   -4    1    0   -0.000061
   6    1   -4   -1   -1    0.000383
   6    1   -4    1   -1    0.000386
   6    7    0    0   -1    1.592359
   6    7    0    0    0    1.592359
   6    8    0    0    0    0.481603
   6    8    0    0   -1    1.189256
   6    5    0   -1    0    1.178072
   6    5    0    0    0    1.178072
   6    8    0   -1    0    0.120679
   6    8    0   -1   -1    0.236080
   6    6    0    0   -1    0.337158
   6    6    0    0    1    0.337158
   6    7   -1    0   -1    0.106713
   6    7    0    1   -1    0.107642
   6    7   -1    0    0    0.106713
   6    7    0    1    0    0.107642
   6    5   -1   -1    0   -0.175664
   6    5   -1    0    0   -0.175664
   6    5    0   -1   -1   -0.068734
   6    5    0    0   -1   -0.068734
   6    5    0   -1    1   -0.127900
   6    5    0    0    1   -0.127900
   6    6    0   -1    0   -0.012017
   6    6    0    1    0   -0.012017
   6    6    1    0    0   -0.011736
   6    6   -1    0    0   -0.011736
   6    8    1    0    0    0.018347
   6    8   -1    0    0    0.018347
   6    8    1    0   -1    0.001733
   6    8   -1    0   -1    0.001733
   6    7   -1    1   -1    0.018704
   6    7   -1    1    0    0.018704
   6    7    0   -1   -1   -0.045424
   6    7    1    0   -1   -0.045361
   6    7    0   -1    0   -0.045424
   6    7    1    0    0   -0.045361
   6    5   -1   -1   -1    0.063805
   6    5   -1    0   -1    0.063805
   6    5   -1   -1    1    0.013165
   6    5   -1    0    1    0.013165
   6    8    1   -1    0   -0.027624
   6    8   -1   -1    0   -0.027624
   6    8   -1   -1   -1    0.045152
   6    8    1   -1   -1    0.045152
   6    5    1   -1    0   -0.058618
   6    5    1    0    0   -0.058618
   6    7    0    0   -2    0.003442
   6    7    0    0    1    0.003442
   6    8    0    0    1    0.033129
   6    8    0    0   -2   -0.040760
   6    6    0   -1   -1   -0.031203
   6    6    0   -1    1    0.016880
   6    6    0    1   -1    0.016880
   6    6    0    1    1   -0.031203
   6    6    1    0   -1    0.016744
   6    6    1    0    1   -0.031325
   6    6   -1    0   -1   -0.031325
   6    6   -1    0    1    0.016744
   6    8    0    1    0   -0.018421
   6    8    0    1   -1   -0.002148
   6    6    1   -1    0    0.030841
   6    6    1    1    0    0.015683
   6    6   -1   -1    0    0.015683
   6    6   -1    1    0    0.030841
   6    8    0   -1    1   -0.015902
   6    8    0   -1   -2    0.009442
   6    7   -1   -1   -1    0.030845
   6    7    1    1   -1    0.030864
   6    7   -1   -1    0    0.030845
   6    7    1    1    0    0.030864
   6    5    0   -2    0   -0.004625
   6    5    0    1    0   -0.004625
   6    7   -1    0   -2   -0.008282
   6    7    0    1   -2   -0.008370
   6    7   -1    0    1   -0.008282
   6    7    0    1    1   -0.008370
   6    5    1   -1   -1    0.008659
   6    5    1    0   -1    0.008659
   6    5    1   -1    1   -0.000683
   6    5    1    0    1   -0.000683
   6    8    1    0    1    0.004091
   6    8   -1    0    1    0.004091
   6    8   -1    0   -2   -0.016805
   6    8    1    0   -2   -0.016805
   6    6   -1   -1   -1    0.001995
   6    6   -1   -1    1   -0.012863
   6    6   -1    1   -1   -0.017307
   6    6   -1    1    1   -0.017361
   6    6    1   -1   -1   -0.017361
   6    6    1   -1    1   -0.017307
   6    6    1    1   -1   -0.012863
   6    6    1    1    1    0.001995
   6    6    0    0   -2    0.003011
   6    6    0    0    2    0.003011
   6    8   -1    1    0   -0.003797
   6    8    1    1    0   -0.003797
   6    8   -1    1   -1   -0.014562
   6    8    1    1   -1   -0.014562
   6    5   -1   -2    0    0.015324
   6    5   -1    1    0    0.015324
   6    7   -1    1   -2   -0.002075
   6    7   -1    1    1   -0.002075
   6    7    1   -1   -1    0.009863
   6    7    1   -1    0    0.009863
   6    5    0   -2   -1    0.002195
   6    5    0    1   -1    0.002195
   6    5    0   -2    1   -0.004992
   6    5    0    1    1   -0.004992
   6    8    0   -2    0   -0.001221
   6    8    0   -2   -1    0.003980
   6    7    0   -1   -2   -0.011309
   6    7    1    0   -2   -0.011296
   6    7    0   -1    1   -0.011309
   6    7    1    0    1   -0.011296
   6    8   -1   -1    1    0.006090
   6    8    1   -1    1    0.006090
   6    8   -1   -1   -2    0.004568
   6    8    1   -1   -2    0.004568
   6    5    0   -1   -2   -0.009145
   6    5    0    0   -2   -0.009145
   6    5    0   -1    2    0.014618
   6    5    0    0    2    0.014618
   6    8    0    1    1    0.010181
   6    8    0    1   -2    0.003555
   6    7   -2    0   -1    0.002832
   6    7    0    2   -1    0.002851
   6    7   -2    0    0    0.002832
   6    7    0    2    0    0.002851
   6    5   -2   -1    0   -0.007588
   6    5   -2    0    0   -0.007588
   6    5   -1   -2   -1   -0.000798
   6    5   -1    1   -1   -0.000798
   6    5   -1   -2    1   -0.001280
   6    5   -1    1    1   -0.001280
   6    5    1   -2    0   -0.002221
   6    5    1    1    0   -0.002221
   6    7   -1   -1   -2    0.010219
   6    7    1    1   -2    0.010213
   6    7   -1   -1    1    0.010219
   6    7    1    1    1    0.010213
   6    5   -1   -1   -2    0.006218
   6    5   -1    0   -2    0.006218
   6    5   -1   -1    2    0.004314
   6    5   -1    0    2    0.004314
   6    6   -1    0   -2    0.001635
   6    6   -1    0    2   -0.003135
   6    6    0   -1   -2    0.001647
   6    6    0   -1    2   -0.003156
   6    6    0    1   -2   -0.003156
   6    6    0    1    2    0.001647
   6    6    1    0   -2   -0.003135
   6    6    1    0    2    0.001635
   6    8   -1   -2    0    0.001550
   6    8    1   -2    0    0.001550
   6    8   -1   -2   -1   -0.000637
   6    8    1   -2   -1   -0.000637
   6    6   -2    0    0   -0.003004
   6    6    0   -2    0   -0.003044
   6    6    0    2    0   -0.003044
   6    6    2    0    0   -0.003004
   6    7   -2    1   -1    0.013603
   6    7   -1    2   -1    0.013654
   6    7   -2    1    0    0.013603
   6    7   -1    2    0    0.013654
   6    5   -2   -1   -1   -0.002168
   6    5   -2    0   -1   -0.002168
   6    5   -2   -1    1   -0.002639
   6    5   -2    0    1   -0.002639
   6    8   -2    0    0    0.003254
   6    8    2    0    0    0.003254
   6    8   -2    0   -1    0.004049
   6    8    2    0   -1    0.004049
   6    8   -1    1    1   -0.003335
   6    8    1    1    1   -0.003335
   6    8   -1    1   -2   -0.000524
   6    8    1    1   -2   -0.000524
   6    5    1   -2   -1    0.000869
   6    5    1    1   -1    0.000869
   6    5    1   -2    1    0.002700
   6    5    1    1    1    0.002700
   6    7    1   -1   -2   -0.000975
   6    7    1   -1    1   -0.000975
   6    8    0   -2    1    0.000713
   6    8    0   -2   -2    0.001326
   6    5    1   -1   -2    0.005956
   6    5    1    0   -2    0.005956
   6    5    1   -1    2    0.004035
   6    5    1    0    2    0.004035
   6    7    0    0   -3    0.004987
   6    7    0    0    2    0.004987
   6    8    0    0    2    0.014473
   6    8    0    0   -3   -0.011109
   6    8   -2   -1    0   -0.003447
   6    8    2   -1    0   -0.003447
   6    8   -2   -1   -1   -0.003785
   6    8    2   -1   -1   -0.003785
   6    6   -2    0   -1   -0.008187
   6    6   -2    0    1   -0.002383
   6    6    0   -2   -1   -0.008241
   6    6    0   -2    1   -0.002396
   6    6    0    2   -1   -0.002396
   6    6    0    2    1   -0.008241
   6    6    2    0   -1   -0.002383
   6    6    2    0    1   -0.008187
   6    6   -1   -1   -2   -0.005492
   6    6   -1   -1    2   -0.001515
   6    6   -1    1   -2   -0.001050
   6    6   -1    1    2   -0.001063
   6    6    1   -1   -2   -0.001063
   6    6    1   -1    2   -0.001050
   6    6    1    1   -2   -0.001515
   6    6    1    1    2   -0.005492
   6    8    0   -1    2    0.001252
   6    8    0   -1   -3    0.003581
   6    7   -2   -1   -1    0.001641
   6    7    1    2   -1    0.001626
   6    7   -2   -1    0    0.001641
   6    7    1    2    0    0.001626
   6    7   -2    0   -2    0.002348
   6    7    0    2   -2    0.002361
   6    7   -2    0    1    0.002348
   6    7    0    2    1    0.002361
   6    7    0   -2   -1   -0.000451
   6    7    2    0   -1   -0.000453
   6    7    0   -2    0   -0.000451
   6    7    2    0    0   -0.000453
   6    6   -2   -1    0   -0.006693
   6    6   -2    1    0    0.001461
   6    6   -1   -2    0   -0.006719
   6    6   -1    2    0    0.001469
   6    6    1   -2    0    0.001469
   6    6    1    2    0   -0.006719
   6    6    2   -1    0    0.001461
   6    6    2    1    0   -0.006693
   6    5    2   -1    0   -0.003019
   6    5    2    0    0   -0.003019
   6    5    0   -2   -2    0.001454
   6    5    0    1   -2    0.001454
   6    5    0   -2    2   -0.001445
   6    5    0    1    2   -0.001445
   6    7   -1    0   -3   -0.005998
   6    7    0    1   -3   -0.006018
   6    7   -1    0    2   -0.005998
   6    7    0    1    2   -0.006018
   6    8   -1   -2    1   -0.001224
   6    8    1   -2    1   -0.001224
   6    8   -1   -2   -2    0.000930
   6    8    1   -2   -2    0.000930
   6    8   -1    0    2    0.000837
   6    8    1    0    2    0.000837
   6    8   -1    0   -3   -0.005764
   6    8    1    0   -3   -0.005764
   6    8    0    2    0    0.000480
   6    8    0    2   -1    0.000864
   6    5   -2   -2    0    0.000023
   6    5   -2    1    0    0.000023
   6    7   -2    1   -2    0.002522
   6    7   -1    2   -2    0.002536
   6    7   -2    1    1    0.002522
   6    7   -1    2    1    0.002536
   6    7   -1   -2   -1    0.009599
   6    7    2    1   -1    0.009560
   6    7   -1   -2    0    0.009599
   6    7    2    1    0    0.009560
   6    8   -2    0    1   -0.000496
   6    8    2    0    1   -0.000496
   6    8   -2    0   -2    0.001287
   6    8    2    0   -2    0.001287
   6    6   -2   -1   -1   -0.001526
   6    6   -2   -1    1   -0.001905
   6    6   -2    1   -1   -0.000731
   6    6   -2    1    1   -0.000901
   6    6   -1   -2   -1   -0.001534
   6    6   -1   -2    1   -0.001911
   6    6   -1    2   -1   -0.000910
   6    6   -1    2    1   -0.000740
   6    6    1   -2   -1   -0.000740
   6    6    1   -2    1   -0.000910
   6    6    1    2   -1   -0.001911
   6    6    1    2    1   -0.001534
   6    6    2   -1   -1   -0.000901
   6    6    2   -1    1   -0.000731
   6    6    2    1   -1   -0.001905
   6    6    2    1    1   -0.001526
   6    5    2   -1   -1   -0.000521
   6    5    2    0   -1   -0.000521
   6    5    2   -1    1   -0.004452
   6    5    2    0    1   -0.004452
   6    5   -1   -2   -2    0.001055
   6    5   -1    1   -2    0.001055
   6    5   -1   -2    2   -0.002224
   6    5   -1    1    2   -0.002224
   6    7   -1    1   -3   -0.001006
   6    7   -1    1    2   -0.001006
   6    7    0   -1   -3    0.000719
   6    7    1    0   -3    0.000718
   6    7    0   -1    2    0.000719
   6    7    1    0    2    0.000718
   6    8   -1   -1    2   -0.000018
   6    8    1   -1    2   -0.000018
   6    8   -1   -1   -3   -0.000186
   6    8    1   -1   -3   -0.000186
   6    8   -2    1    0   -0.002321
   6    8    2    1    0   -0.002321
   6    8   -2    1   -1    0.000029
   6    8    2    1   -1    0.000029
   6    8   -2   -1    1   -0.000487
   6    8    2   -1    1   -0.000487
   6    8   -2   -1   -2    0.001508
   6    8    2   -1   -2    0.001508
   6    8    0    1    2   -0.001381
   6    8    0    1   -3    0.000410
   6    5   -2   -2   -1    0.000051
   6    5   -2    1   -1    0.000051
   6    5   -2   -2    1    0.001382
   6    5   -2    1    1    0.001382
   6    5    0    2    0    0.001965
   6    5    0   -3    0    0.001965
   6    7   -2   -1   -2   -0.001568
   6    7    1    2   -2   -0.001574
   6    7   -2   -1    1   -0.001568
   6    7    1    2    1   -0.001574
   6    6    0    0   -3   -0.006613
   6    6    0    0    3   -0.006613
   6    7    1   -2   -1   -0.003377
   6    7    2   -1   -1   -0.003359
   6    7    1   -2    0   -0.003377
   6    7    2   -1    0   -0.003359
   6    7    0   -2   -2    0.002540
   6    7    2    0   -2    0.002541
   6    7    0   -2    1    0.002540
   6    7    2    0    1    0.002541
   6    5   -2   -1   -2   -0.003901
   6    5   -2    0   -2   -0.003901
   6    5   -2   -1    2   -0.000107
   6    5   -2    0    2   -0.000107
   6    5    1   -2   -2    0.001291
   6    5    1    1   -2    0.001291
   6    5    1   -2    2   -0.001262
   6    5    1    1    2   -0.001262
   6    7   -1   -1   -3    0.001270
   6    7    1    1   -3    0.001279
   6    7   -1   -1    2    0.001270
   6    7    1    1    2    0.001279
   6    8   -1    2    0    0.000678
   6    8    1    2    0    0.000678
   6    8   -1    2   -1   -0.000609
   6    8    1    2   -1   -0.000609
   6    5    0   -1   -3   -0.000192
   6    5    0    0   -3   -0.000192
   6    5    0   -1    3    0.008697
   6    5    0    0    3    0.008697
   6    7   -2    2   -1    0.002853
   6    7   -2    2    0    0.002853
   6    6   -2    0   -2    0.000962
   6    6   -2    0    2   -0.002610
   6    6    0   -2   -2    0.000970
   6    6    0   -2    2   -0.002610
   6    6    0    2   -2   -0.002610
   6    6    0    2    2    0.000970
   6    6    2    0   -2   -0.002610
   6    6    2    0    2    0.000962
   6    5   -1    2    0    0.001757
   6    5   -1   -3    0    0.001757
   6    8    0    2    1   -0.003599
   6    8    0    2   -2    0.001217
   6    5    0   -3   -1    0.001786
   6    5    0    2   -1    0.001786
   6    5    0    2    1    0.000297
   6    5    0   -3    1    0.000297
   6    8   -2   -2    0    0.000113
   6    8    2   -2    0    0.000113
   6    8   -2   -2   -1    0.002885
   6    8    2   -2   -1    0.002885
   6    5    2   -2    0    0.000109
   6    5    2    1    0    0.000109
   6    7   -1   -2   -2    0.001945
   6    7    2    1   -2    0.001934
   6    7   -1   -2    1    0.001945
   6    7    2    1    1    0.001934
   6    8   -1    1    2    0.002621
   6    8    1    1    2    0.002621
   6    8   -1    1   -3   -0.000373
   6    8    1    1   -3   -0.000373
   6    7    1   -1   -3   -0.000152
   6    7    1   -1    2   -0.000152
   6    8    0   -2    2    0.001694
   6    8    0   -2   -3    0.001657
   6    5   -1   -1   -3   -0.003178
   6    5   -1    0   -3   -0.003178
   6    5   -1   -1    3    0.000572
   6    5   -1    0    3    0.000572
   6    6    0   -1   -3   -0.000500
   6    6    0   -1    3   -0.000210
   6    6    0    1   -3   -0.000210
   6    6    0    1    3   -0.000500
   6    6    1    0   -3   -0.000202
   6    6    1    0    3   -0.000490
   6    6   -1    0   -3   -0.000490
   6    6   -1    0    3   -0.000202
   6    8   -2    1    1   -0.001925
   6    8    2    1    1   -0.001925
   6    8   -2    1   -2    0.001696
   6    8    2    1   -2    0.001696
   6    8    0   -3    0   -0.001467
   6    8    0   -3   -1    0.000768
   6    5   -1   -3   -1   -0.000369
   6    5   -1    2   -1   -0.000369
   6    5   -1   -3    1    0.002159
   6    5   -1    2    1    0.002159
   6    5    1    2    0   -0.000153
   6    5    1   -3    0   -0.000153
   6    5    2   -2   -1   -0.000123
   6    5    2    1   -1   -0.000123
   6    5    2   -2    1    0.000788
   6    5    2    1    1    0.000788
   6    7    1   -2   -2    0.000806
   6    7    2   -1   -2    0.000810
   6    7    1   -2    1    0.000806
   6    7    2   -1    1    0.000810
   6    7   -2    0   -3    0.000405
   6    7    0    2   -3    0.000408
   6    7   -2    0    2    0.000405
   6    7    0    2    2    0.000408
   6    6   -2   -1   -2    0.000743
   6    6   -2   -1    2   -0.001004
   6    6   -2    1   -2   -0.000299
   6    6   -2    1    2   -0.000805
   6    6   -1   -2   -2    0.000743
   6    6   -1   -2    2   -0.001006
   6    6   -1    2   -2   -0.000801
   6    6   -1    2    2   -0.000304
   6    6    1   -2   -2   -0.000304
   6    6    1   -2    2   -0.000801
   6    6    1    2   -2   -0.001006
   6    6    1    2    2    0.000743
   6    6    2   -1   -2   -0.000805
   6    6    2   -1    2   -0.000299
   6    6    2    1   -2   -0.001004
   6    6    2    1    2    0.000743
   6    5    2   -1   -2   -0.001396
   6    5    2    0   -2   -0.001396
   6    5    2   -1    2   -0.001261
   6    5    2    0    2   -0.001261
   6    8   -1    2    1   -0.001328
   6    8    1    2    1   -0.001328
   6    8   -1    2   -2    0.000520
   6    8    1    2   -2    0.000520
   6    5    1   -1   -3    0.001963
   6    5    1    0   -3    0.001963
   6    5    1   -1    3    0.001084
   6    5    1    0    3    0.001084
   6    6   -2   -2    0    0.000865
   6    6   -2    2    0    0.000722
   6    6    2   -2    0    0.000722
   6    6    2    2    0    0.000865
   6    7   -3    0   -1   -0.001033
   6    7    0    3   -1   -0.001030
   6    7   -3    0    0   -0.001033
   6    7    0    3    0   -0.001030
   6    5   -3   -1    0    0.000804
   6    5   -3    0    0    0.000804
   6    7   -2    2   -2   -0.000018
   6    7   -2    2    1   -0.000018
   6    8   -1   -2    2    0.000519
   6    8    1   -2    2    0.000519
   6    8   -1   -2   -3   -0.000105
   6    8    1   -2   -3   -0.000105
   6    7   -2   -2   -1    0.000356
   6    7    2    2   -1    0.000352
   6    7   -2   -2    0    0.000356
   6    7    2    2    0    0.000352
   6    6   -1   -1   -3    0.000804
   6    6   -1   -1    3   -0.000805
   6    6   -1    1   -3    0.002241
   6    6   -1    1    3    0.002239
   6    6    1   -1   -3    0.002239
   6    6    1   -1    3    0.002241
   6    6    1    1   -3   -0.000805
   6    6    1    1    3    0.000804
   6    5    1   -3   -1   -0.000376
   6    5    1    2   -1   -0.000376
   6    5    1    2    1   -0.000461
   6    5    1   -3    1   -0.000461
   6    8   -1   -3    0    0.000487
   6    8    1   -3    0    0.000487
   6    8   -1   -3   -1    0.002912
   6    8    1   -3   -1    0.002912
   6    5   -2   -2   -2    0.000618
   6    5   -2    1   -2    0.000618
   6    5   -2   -2    2    0.000028
   6    5   -2    1    2    0.000028
   6    7   -2    1   -3    0.000048
   6    7   -1    2   -3    0.000049
   6    7   -2    1    2    0.000048
   6    7   -1    2    2    0.000049
   6    8   -2   -2    1   -0.000557
   6    8    2   -2    1   -0.000557
   6    8   -2   -2   -2   -0.000288
   6    8    2   -2   -2   -0.000288
   6    8   -2    0    2    0.000721
   6    8    2    0    2    0.000721
   6    8   -2    0   -3    0.000206
   6    8    2    0   -3    0.000206
   6    5    0   -2   -3   -0.000397
   6    5    0    1   -3   -0.000397
   6    5    0   -2    3   -0.000281
   6    5    0    1    3   -0.000281
   6    7    0    0   -4   -0.000686
   6    7    0    0    3   -0.000686
   6    8    0    0    3    0.002691
   6    8    0    0   -4   -0.000920
   6    6   -2   -2   -1   -0.002468
   6    6   -2   -2    1   -0.000452
   6    6   -2    2   -1   -0.000458
   6    6   -2    2    1   -0.000460
   6    6    2   -2   -1   -0.000460
   6    6    2   -2    1   -0.000458
   6    6    2    2   -1   -0.000452
   6    6    2    2    1   -0.002468
   6    8    0   -3    1   -0.001843
   6    8    0   -3   -2   -0.001945
   6    7   -3    1   -1   -0.001182
   6    7   -1    3   -1   -0.001189
   6    7   -3    1    0   -0.001182
   6    7   -1    3    0   -0.001189
   6    8   -2   -1    2    0.000094
   6    8    2   -1    2    0.000094
   6    8   -2   -1   -3    0.000045
   6    8    2   -1   -3    0.000045
   6    5   -3   -1   -1    0.001586
   6    5   -3    0   -1    0.001586
   6    5   -3   -1    1    0.001217
   6    5   -3    0    1    0.001217
   6    6    0   -3    0   -0.001218
   6    6    0    3    0   -0.001218
   6    6    3    0    0   -0.001223
   6    6   -3    0    0   -0.001223
   6    8    0   -1    3   -0.000137
   6    8    0   -1   -4   -0.000325
   6    5    0   -3   -2   -0.000364
   6    5    0    2   -2   -0.000364
   6    5    0    2    2   -0.000043
   6    5    0   -3    2   -0.000043
   6    7   -2   -1   -3   -0.000500
   6    7    1    2   -3   -0.000498
   6    7   -2   -1    2   -0.000500
   6    7    1    2    2   -0.000498
   6    7    0   -2   -3    0.000680
   6    7    2    0   -3    0.000672
   6    7    0   -2    2    0.000680
   6    7    2    0    2    0.000672
   6    5   -1   -2   -3    0.001870
   6    5   -1    1   -3    0.001870
   6    5   -1   -2    3   -0.000831
   6    5   -1    1    3   -0.000831
   6    8    3    0    0   -0.000284
   6    8   -3    0    0   -0.000284
   6    8    3    0   -1   -0.000536
   6    8   -3    0   -1   -0.000536
   6    7   -1    0   -4   -0.000193
   6    7    0    1   -4   -0.000194
   6    7   -1    0    3   -0.000193
   6    7    0    1    3   -0.000194
   6    7   -3   -1   -1   -0.001291
   6    7    1    3   -1   -0.001295
   6    7   -3   -1    0   -0.001291
   6    7    1    3    0   -0.001295
   6    8   -2    2    0    0.000119
   6    8    2    2    0    0.000119
   6    8   -2    2   -1    0.000306
   6    8    2    2   -1    0.000306
   6    5   -2    2    0    0.000845
   6    5   -2   -3    0    0.000845
   6    7   -3    0   -2    0.000054
   6    7    0    3   -2    0.000055
   6    7   -3    0    1    0.000054
   6    7    0    3    1    0.000055
   6    8    3   -1    0    0.000351
   6    8   -3   -1    0    0.000351
   6    8    3   -1   -1    0.001036
   6    8   -3   -1   -1    0.001036
   6    7   -2   -2   -2   -0.000158
   6    7    2    2   -2   -0.000157
   6    7   -2   -2    1   -0.000158
   6    7    2    2    1   -0.000157
   6    7    2   -2   -1   -0.000945
   6    7    2   -2    0   -0.000945
   6    8   -1    0    3   -0.001324
   6    8    1    0    3   -0.001324
   6    8   -1    0   -4   -0.000598
   6    8    1    0   -4   -0.000598
   6    6    0   -3   -1   -0.000190
   6    6    0   -3    1    0.000400
   6    6    0    3   -1    0.000400
   6    6    0    3    1   -0.000190
   6    6    3    0   -1    0.000398
   6    6    3    0    1   -0.000190
   6    6   -3    0   -1   -0.000190
   6    6   -3    0    1    0.000398
   6    5   -1   -3   -2   -0.000207
   6    5   -1    2   -2   -0.000207
   6    5   -1    2    2    0.001069
   6    5   -1   -3    2    0.001069
   6    8   -1   -3    1   -0.000092
   6    8    1   -3    1   -0.000092
   6    8   -1   -3   -2   -0.000290
   6    8    1   -3   -2   -0.000290
   6    8    0    2    2   -0.001245
   6    8    0    2   -3    0.000607
   6    5    2   -2   -2    0.000349
   6    5    2    1   -2    0.000349
   6    5    2   -2    2   -0.000579
   6    5    2    1    2   -0.000579
   6    7   -1   -2   -3    0.000028
   6    7    2    1   -3    0.000025
   6    7   -1   -2    2    0.000028
   6    7    2    1    2    0.000025
   6    5   -2   -1   -3   -0.000155
   6    5   -2    0   -3   -0.000155
   6    5   -2   -1    3   -0.000217
   6    5   -2    0    3   -0.000217
   6    7   -1    1   -4   -0.000363
   6    7   -1    1    3   -0.000363
   6    5    1   -2   -3    0.000394
   6    5    1    1   -3    0.000394
   6    5    1   -2    3   -0.000255
   6    5    1    1    3   -0.000255
   6    6   -1   -3    0    0.002051
   6    6   -1    3    0    0.000004
   6    6    1   -3    0    0.000004
   6    6    1    3    0    0.002051
   6    6    3   -1    0   -0.000005
   6    6    3    1    0    0.002039
   6    6   -3   -1    0    0.002039
   6    6   -3    1    0   -0.000005
   6    7    0   -1   -4    0.000635
   6    7    1    0   -4    0.000634
   6    7    0   -1    3    0.000635
   6    7    1    0    3    0.000634
   6    8   -1   -1    3   -0.000008
   6    8    1   -1    3   -0.000008
   6    8   -1   -1   -4   -0.000830
   6    8    1   -1   -4   -0.000830
   6    8   -2    1    2   -0.000096
   6    8    2    1    2   -0.000096
   6    8   -2    1   -3    0.000680
   6    8    2    1   -3    0.000680
   6    5   -3   -2    0    0.000955
   6    5   -3    1    0    0.000955
   6    7   -3    1   -2   -0.000226
   6    7   -1    3   -2   -0.000229
   6    7   -3    1    1   -0.000226
   6    7   -1    3    1   -0.000229
   6    5   -2   -3   -1    0.000511
   6    5   -2    2   -1    0.000511
   6    5   -2    2    1   -0.000124
   6    5   -2   -3    1   -0.000124
   6    6   -2    0   -3    0.000393
   6    6   -2    0    3   -0.001212
   6    6    0   -2   -3    0.000393
   6    6    0   -2    3   -0.001212
   6    6    0    2   -3   -0.001212
   6    6    0    2    3    0.000393
   6    6    2    0   -3   -0.001212
   6    6    2    0    3    0.000393
   6    7    0   -3   -1   -0.000283
   6    7    3    0   -1   -0.000279
   6    7    3    0    0   -0.000279
   6    7    0   -3    0   -0.000283
   6    8    0    1    3   -0.001258
   6    8    0    1   -4   -0.000289
   6    5    3   -1    0    0.000172
   6    5    3    0    0    0.000172
   6    5    1   -3   -2    0.000270
   6    5    1    2   -2    0.000270
   6    5    1   -3    2   -0.000230
   6    5    1    2    2   -0.000230
   6    7    1   -2   -3   -0.000376
   6    7    2   -1   -3   -0.000376
   6    7    1   -2    2   -0.000376
   6    7    2   -1    2   -0.000376
   6    7   -1   -1   -4    0.000366
   6    7    1    1   -4    0.000373
   6    7   -1   -1    3    0.000366
   6    7    1    1    3    0.000373
   6    8   -3    0    1   -0.000850
   6    8    3    0    1   -0.000850
   6    8   -3    0   -2   -0.000701
   6    8    3    0   -2   -0.000701
   6    6   -1   -3   -1    0.000043
   6    6   -1   -3    1    0.001147
   6    6   -1    3   -1    0.000029
   6    6   -1    3    1    0.000574
   6    6    1   -3   -1    0.000574
   6    6    1   -3    1    0.000029
   6    6    1    3   -1    0.001147
   6    6    1    3    1    0.000043
   6    6    3   -1   -1    0.000027
   6    6    3   -1    1    0.000565
   6    6    3    1   -1    0.001142
   6    6    3    1    1    0.000040
   6    6   -3   -1   -1    0.000040
   6    6   -3   -1    1    0.001142
   6    6   -3    1   -1    0.000565
   6    6   -3    1    1    0.000027
   6    8   -1    2    2   -0.000055
   6    8    1    2    2   -0.000055
   6    8   -1    2   -3   -0.000078
   6    8    1    2   -3   -0.000078
   6    6   -2   -2   -2    0.000252
   6    6   -2   -2    2    0.000556
   6    6   -2    2   -2    0.000379
   6    6   -2    2    2    0.000380
   6    6    2   -2   -2    0.000380
   6    6    2   -2    2    0.000379
   6    6    2    2   -2    0.000556
   6    6    2    2    2    0.000252
   6    5   -3   -2   -1    0.000182
   6    5   -3    1   -1    0.000182
   6    5   -3   -2    1    0.000186
   6    5   -3    1    1    0.000186
   6    8   -3    1    0   -0.000734
   6    8    3    1   -1   -0.000131
   6    8    3    1    0   -0.000734
   6    8   -3    1   -1   -0.000131
   6    7   -3   -1   -2   -0.000061
   6    7    1    3   -2   -0.000062
   6    7   -3   -1    1   -0.000061
   6    7    1    3    1   -0.000062
   6    8   -2    2    1    0.000147
   6    8    2    2    1    0.000147
   6    8   -2    2   -2    0.000007
   6    8    2    2   -2    0.000007
   6    7   -1   -3   -1   -0.001462
   6    7    3    1   -1   -0.001456
   6    7   -1   -3    0   -0.001462
   6    7    3    1    0   -0.001456
   6    5    2   -3    0   -0.000047
   6    5    2    2    0   -0.000047
   6    5   -3   -1   -2    0.000421
   6    5   -3    0   -2    0.000421
   6    5   -3   -1    2    0.000412
   6    5   -3    0    2    0.000412
   6    7   -2    2   -3   -0.000752
   6    7   -2    2    2   -0.000752
   6    8   -3   -1    1   -0.000282
   6    8    3   -1    1   -0.000282
   6    8   -3   -1   -2   -0.000729
   6    8    3   -1   -2   -0.000729
   6    5    3   -1   -1    0.000260
   6    5    3    0   -1    0.000260
   6    5    3   -1    1   -0.000567
   6    5    3    0    1   -0.000567
   6    7    2   -2   -2    0.000789
   6    7    2   -2    1    0.000789
   6    8    0    3   -1    0.001044
   6    8    0    3    0    0.000874
   6    8   -2   -2    2   -0.000299
   6    8    2   -2    2   -0.000299
   6    8   -2   -2   -3    0.000502
   6    8    2   -2   -3    0.000502
   6    6    0    0   -4   -0.001120
   6    6    0    0    4   -0.001120
   6    6   -2   -1   -3    0.000388
   6    6   -2   -1    3    0.000183
   6    6   -2    1   -3    0.000736
   6    6   -2    1    3    0.000255
   6    6   -1   -2   -3    0.000387
   6    6   -1   -2    3    0.000181
   6    6   -1    2   -3    0.000252
   6    6   -1    2    3    0.000740
   6    6    1   -2   -3    0.000740
   6    6    1   -2    3    0.000252
   6    6    1    2   -3    0.000181
   6    6    1    2    3    0.000387
   6    6    2   -1   -3    0.000255
   6    6    2   -1    3    0.000736
   6    6    2    1   -3    0.000183
   6    6    2    1    3    0.000388
   6    5    2   -1   -3   -0.000400
   6    5    2    0   -3   -0.000400
   6    5    2   -1    3   -0.000655
   6    5    2    0    3   -0.000655
   6    8   -1    1    3    0.000417
   6    8    1    1    3    0.000417
   6    8   -1    1   -4   -0.001118
   6    8    1    1   -4   -0.001118
   6    8   -2   -3   -1    0.000261
   6    8   -2   -3    0   -0.000126
   6    8    2   -3   -1    0.000261
   6    8    2   -3    0   -0.000126
   6    7    1   -1   -4    0.000131
   6    7    1   -1    3    0.000131
   6    8    0   -2    3    0.000106
   6    8    0   -2   -4   -0.000208
   6    7   -3    2   -1   -0.000090
   6    7   -2    3   -1   -0.000090
   6    7   -3    2    0   -0.000090
   6    7   -2    3    0   -0.000090
   6    5    0   -1   -4    0.000132
   6    5    0    0   -4    0.000132
   6    5    0   -1    4    0.001696
   6    5    0    0    4    0.001696
   6    8    0   -3    2   -0.000164
   6    8    0   -3   -3    0.000240
   6    7    1   -3   -1   -0.000743
   6    7    3   -1   -1   -0.000739
   6    7    3   -1    0   -0.000739
   6    7    1   -3    0   -0.000743
   6    5    2   -3   -1    0.000154
   6    5    2    2   -1    0.000154
   6    5    2   -3    1   -0.000411
   6    5    2    2    1   -0.000411
   6    7    3    0   -2    0.000219
   6    7    0   -3   -2    0.000219
   6    7    3    0    1    0.000219
   6    7    0   -3    1    0.000219
   6    6   -3    0   -2   -0.000086
   6    6   -3    0    2   -0.000139
   6    6    0   -3   -2   -0.000088
   6    6    0   -3    2   -0.000137
   6    6    0    3   -2   -0.000137
   6    6    0    3    2   -0.000088
   6    6    3    0   -2   -0.000139
   6    6    3    0    2   -0.000086
   6    5   -2   -2   -3    0.000525
   6    5   -2    1   -3    0.000525
   6    5   -2   -2    3   -0.000078
   6    5   -2    1    3   -0.000078
   6    7   -2    0   -4   -0.000429
   6    7    0    2   -4   -0.000430
   6    7   -2    0    3   -0.000429
   6    7    0    2    3   -0.000430
   6    8    3   -2    0   -0.000013
   6    8   -3   -2   -1   -0.000280
   6    8   -3   -2    0   -0.000013
   6    8    3   -2   -1   -0.000280
   6    5   -1   -1   -4   -0.001690
   6    5   -1    0   -4   -0.001690
   6    5   -1   -1    4   -0.000203
   6    5   -1    0    4   -0.000203
   6    8   -1    3    0    0.000384
   6    8    1    3   -1   -0.000063
   6    8    1    3    0    0.000384
   6    8   -1    3   -1   -0.000063
   6    6   -1    0   -4    0.000192
   6    6   -1    0    4    0.000268
   6    6    0   -1   -4    0.000187
   6    6    0   -1    4    0.000267
   6    6    0    1   -4    0.000267
   6    6    0    1    4    0.000187
   6    6    1    0   -4    0.000268
   6    6    1    0    4    0.000192
   7    2    0   -1    0    1.277153
   7    4    0    0    0    0.481508
   7    4    0    0    1    1.190021
   7    1   -1    0    0    1.183612
   7    1    0    0    0    1.177784
   7    2   -1   -1    0   -0.657169
   7    2    0    0    0   -0.657169
   7    4   -1    0    0    0.120805
   7    4   -1    0    1    0.234860
   7    3   -1   -1    0   -0.026562
   7    3   -1    0    0    0.007757
   7    3    0   -1    0    0.008862
   7    3    0    0    0   -0.003488
   7    3   -1   -1    1   -0.004198
   7    3   -1    0    1    0.007555
   7    3    0   -1    1    0.008661
   7    3    0    0    1   -0.025583
   7    2    0   -1   -1    0.062340
   7    2    0   -1    1    0.062649
   7    1   -1   -1    0   -0.175425
   7    1    0   -1    0   -0.176037
   7    2   -1    0    0    0.585978
   7    1   -1    0    1   -0.068648
   7    1    0    0    1   -0.068425
   7    1   -1    0   -1   -0.127757
   7    1    0    0   -1   -0.127685
   7    2   -1   -1   -1    0.000876
   7    2    0    0   -1    0.000832
   7    2   -1   -1    1    0.001028
   7    2    0    0    1    0.001073
   7    4    0    1    0    0.018088
   7    4    0   -1    0    0.018443
   7    4    0    1    1    0.001574
   7    4    0   -1    1    0.001780
   7    1   -1   -1    1    0.063731
   7    1    0   -1    1    0.063817
   7    1   -1   -1   -1    0.013109
   7    1    0   -1   -1    0.013224
   7    2   -1    0   -1   -0.052846
   7    2   -1    0    1   -0.052850
   7    4   -1    1    0   -0.027684
   7    4   -1   -1    0   -0.027453
   7    4   -1   -1    1    0.045266
   7    4   -1    1    1    0.045132
   7    1   -1    1    0   -0.058603
   7    1    0    1    0   -0.059026
   7    4    0    0   -1    0.033047
   7    4    0    0    2   -0.040842
   7    2    1   -1    0   -0.012114
   7    2    0   -2    0   -0.012114
   7    4    1    0    0   -0.018390
   7    4    1    0    1   -0.002163
   7    4   -1    0   -1   -0.015963
   7    4   -1    0    2    0.009620
   7    3   -1   -1   -1   -0.020386
   7    3   -1    0   -1    0.011085
   7    3    0   -1   -1    0.011130
   7    3    0    0   -1   -0.074924
   7    3   -1   -1    2   -0.074975
   7    3   -1    0    2    0.011212
   7    3    0   -1    2    0.011257
   7    3    0    0    2   -0.020474
   7    2    1    0    0    0.012093
   7    2   -1   -2    0    0.012093
   7    1   -2    0    0   -0.004525
   7    1    1    0    0   -0.004750
   7    1   -1    1    1    0.008541
   7    1    0    1    1    0.008632
   7    1   -1    1   -1   -0.000655
   7    1    0    1   -1   -0.000690
   7    2    1   -1   -1   -0.000324
   7    2    0   -2   -1   -0.000327
   7    2    1   -1    1   -0.000296
   7    2    0   -2    1   -0.000293
   7    3   -2   -1    0   -0.019775
   7    3   -2    0    0   -0.003967
   7    3   -1   -2    0   -0.019689
   7    3   -1    1    0   -0.017020
   7    3    0   -2    0   -0.003924
   7    3    0    1    0   -0.029180
   7    3    1   -1    0   -0.017023
   7    3    1    0    0   -0.029153
   7    3   -2   -1    1   -0.029168
   7    3   -2    0    1   -0.017025
   7    3   -1   -2    1   -0.029142
   7    3   -1    1    1   -0.003979
   7    3    0   -2    1   -0.017029
   7    3    0    1    1   -0.019817
   7    3    1   -1    1   -0.003936
   7    3    1    0    1   -0.019731
   7    4    0   -1   -1    0.004109
   7    4    0    1   -1    0.004047
   7    4    0   -1    2   -0.016792
   7    4    0    1    2   -0.016855
   7    2    1    0   -1    0.011629
   7    2   -1   -2   -1    0.011604
   7    2    1    0    1    0.011619
   7    2   -1   -2    1    0.011643
   7    4    1   -1    0   -0.003792
   7    4    1    1    0   -0.003781
   7    4    1    1    1   -0.014493
   7    4    1   -1    1   -0.014551
   7    1   -2   -1    0    0.015318
   7    1    1   -1    0    0.015237
   7    2   -2   -1    0    0.015336
   7    2    0    1    0    0.015336
   7    1   -2    0    1    0.002219
   7    1    1    0    1    0.002173
   7    1   -2    0   -1   -0.004969
   7    1    1    0   -1   -0.004965
   7    4   -2    0    0   -0.001239
   7    4   -2    0    1    0.003995
   7    2    0   -1   -2   -0.008480
   7    2    0   -1    2   -0.008426
   7    4   -1   -1   -1    0.006109
   7    4   -1    1   -1    0.006092
   7    4   -1   -1    2    0.004535
   7    4   -1    1    2    0.004540
   7    1   -1    0    2   -0.009103
   7    1    0    0    2   -0.009108
   7    1   -1    0   -2    0.014506
   7    1    0    0   -2    0.014598
   7    2   -2    0    0   -0.015732
   7    2   -1    1    0   -0.015732
   7    4    1    0   -1    0.010181
   7    4    1    0    2    0.003558
   7    2   -1   -1   -2    0.009997
   7    2    0    0   -2    0.010005
   7    2   -1   -1    2    0.010029
   7    2    0    0    2    0.010021
   7    2    1   -2    0   -0.004211
   7    1   -1   -2    0   -0.007608
   7    1    0   -2    0   -0.007637
   7    1   -2   -1    1   -0.000807
   7    1    1   -1    1   -0.000807
   7    1   -2   -1   -1   -0.001294
   7    1    1   -1   -1   -0.001275
   7    2   -2   -1   -1    0.010644
   7    2    0    1   -1    0.010639
   7    2   -2   -1    1    0.010666
   7    2    0    1    1    0.010672
   7    1   -2    1    0   -0.002221
   7    1    1    1    0   -0.002236
   7    1   -1   -1    2    0.006197
   7    1    0   -1    2    0.006225
   7    1   -1   -1   -2    0.004321
   7    1    0   -1   -2    0.004296
   7    2   -1    0   -2   -0.007051
   7    2   -1    0    2   -0.007120
   7    2   -2    0   -1    0.002044
   7    2   -1    1   -1    0.002036
   7    2   -2    0    1    0.002070
   7    2   -1    1    1    0.002077
   7    4   -2   -1    0    0.001556
   7    4   -2    1    0    0.001562
   7    4   -2   -1    1   -0.000601
   7    4   -2    1    1   -0.000627
   7    3   -2   -1   -1    0.002654
   7    3   -2    0   -1   -0.001852
   7    3   -1   -2   -1    0.002651
   7    3   -1    1   -1    0.005156
   7    3    0   -2   -1   -0.001835
   7    3    0    1   -1   -0.003158
   7    3    1   -1   -1    0.005162
   7    3    1    0   -1   -0.003154
   7    3   -2   -1    2   -0.003178
   7    3   -2    0    2    0.005128
   7    3   -1   -2    2   -0.003175
   7    3   -1    1    2   -0.001892
   7    3    0   -2    2    0.005133
   7    3    0    1    2    0.002657
   7    3    1   -1    2   -0.001875
   7    3    1    0    2    0.002654
   7    2    1   -2   -1    0.000294
   7    2    1   -2    1    0.000308
   7    1   -1   -2    1   -0.002179
   7    1    0   -2    1   -0.002181
   7    1   -1   -2   -1   -0.002641
   7    1    0   -2   -1   -0.002655
   7    4    0   -2    0    0.003277
   7    4    0    2    0    0.003263
   7    4    0   -2    1    0.004060
   7    4    0    2    1    0.004089
   7    4    1    1   -1   -0.003350
   7    4    1   -1   -1   -0.003315
   7    4    1   -1    2   -0.000518
   7    4    1    1    2   -0.000527
   7    1   -2    1    1    0.000868
   7    1    1    1    1    0.000871
   7    1   -2    1   -1    0.002682
   7    1    1    1   -1    0.002715
   7    4   -2    0   -1    0.000707
   7    4   -2    0    2    0.001325
   7    1   -1    1    2    0.005937
   7    1    0    1    2    0.005952
   7    1   -1    1   -2    0.004036
   7    1    0    1   -2    0.004014
   7    4    0    0   -2    0.014432
   7    4    0    0    3   -0.011137
   7    2    1    1    0    0.004514
   7    2   -2   -2    0    0.004514
   7    4   -1   -2    0   -0.003457
   7    4   -1    2    0   -0.003473
   7    4   -1   -2    1   -0.003787
   7    4   -1    2    1   -0.003803
   7    2    1   -1   -2   -0.000921
   7    2    0   -2   -2   -0.000917
   7    2    1   -1    2   -0.000936
   7    2    0   -2    2   -0.000940
   7    3   -2   -2    0   -0.005856
   7    3   -2    1    0   -0.004359
   7    3    1   -2    0   -0.004370
   7    3    1    1    0    0.000781
   7    3   -2   -2    1    0.000763
   7    3   -2    1    1   -0.004374
   7    3    1   -2    1   -0.004386
   7    3    1    1    1   -0.005858
   7    4   -1    0   -2    0.001248
   7    4   -1    0    3    0.003611
   7    3   -1   -1   -2   -0.001900
   7    3   -1    0   -2    0.002213
   7    3    0   -1   -2    0.002223
   7    3    0    0   -2   -0.018867
   7    3   -1   -1    3   -0.018897
   7    3   -1    0    3    0.002217
   7    3    0   -1    3    0.002227
   7    3    0    0    3   -0.001909
   7    1   -1    2    0   -0.003023
   7    1    0    2    0   -0.003020
   7    2    1    0   -2    0.003469
   7    2   -1   -2   -2    0.003467
   7    2    1    0    2    0.003461
   7    2   -1   -2    2    0.003463
   7    1   -2    0    2    0.001453
   7    1    1    0    2    0.001432
   7    1   -2    0   -2   -0.001445
   7    1    1    0   -2   -0.001445
   7    2   -2   -2   -1   -0.000409
   7    2    1    1   -1   -0.000409
   7    2   -2   -2    1   -0.000396
   7    2    1    1    1   -0.000396
   7    4   -2    1   -1   -0.001230
   7    4   -2   -1   -1   -0.001227
   7    4   -2    1    2    0.000938
   7    4   -2   -1    2    0.000931
   7    2    2   -1    0   -0.002326
   7    2    0   -3    0   -0.002326
   7    4    0    1   -2    0.000830
   7    4    0   -1   -2    0.000839
   7    4    0    1    3   -0.005777
   7    4    0   -1    3   -0.005777
   7    4    2    0    0    0.000484
   7    4    2    0    1    0.000874
   7    1   -2   -2    0    0.000026
   7    1    1   -2    0    0.000019
   7    2   -2    1    0    0.005051
   7    4    0   -2   -1   -0.000489
   7    4    0    2   -1   -0.000490
   7    4    0   -2    2    0.001289
   7    4    0    2    2    0.001294
   7    1   -1    2    1   -0.000525
   7    1    0    2    1   -0.000522
   7    1   -1    2   -1   -0.004454
   7    1    0    2   -1   -0.004450
   7    1   -2   -1    2    0.001050
   7    1    1   -1    2    0.001055
   7    1   -2   -1   -2   -0.002221
   7    1    1   -1   -2   -0.002228
   7    2   -2   -1   -2    0.003072
   7    2    0    1   -2    0.003060
   7    2   -2   -1    2    0.003066
   7    2    0    1    2    0.003078
   7    2   -1   -3    0   -0.004678
   7    2    2    0    0   -0.004678
   7    4   -1   -1   -2    0.000002
   7    4   -1    1   -2   -0.000031
   7    4   -1   -1    3   -0.000196
   7    4   -1    1    3   -0.000180
   7    4    1   -2    0   -0.002325
   7    4    1    2    0   -0.002316
   7    4    1   -2    1    0.000030
   7    4    1    2    1    0.000022
   7    4   -1   -2   -1   -0.000486
   7    4   -1    2   -1   -0.000483
   7    4   -1   -2    2    0.001493
   7    4   -1    2    2    0.001492
   7    3   -2   -2   -1   -0.000130
   7    3   -2    1   -1   -0.002517
   7    3    1   -2   -1   -0.002530
   7    3    1    1   -1   -0.001320
   7    3   -2   -2    2   -0.001335
   7    3   -2    1    2   -0.002509
   7    3    1   -2    2   -0.002522
   7    3    1    1    2   -0.000128
   7    2   -1    1   -2   -0.000592
   7    2   -2    0   -2   -0.000586
   7    2   -1    1    2   -0.000599
   7    2   -2    0    2   -0.000605
   7    4    1    0   -2   -0.001379
   7    4    1    0    3    0.000414
   7    2    2   -1   -1   -0.000226
   7    2    0   -3   -1   -0.000226
   7    2    2   -1    1   -0.000225
   7    2    0   -3    1   -0.000225
   7    1   -2   -2    1    0.000051
   7    1    1   -2    1    0.000049
   7    1   -2   -2   -1    0.001376
   7    1    1   -2   -1    0.001380
   7    1    2    0    0    0.001956
   7    1   -3    0    0    0.001957
   7    2    1   -2   -2    0.002766
   7    2    1   -2    2    0.002756
   7    2   -2    1   -1    0.004459
   7    2   -2    1    1    0.004461
   7    1   -1   -2    2   -0.003902
   7    1    0   -2    2   -0.003901
   7    1   -1   -2   -2   -0.000104
   7    1    0   -2   -2   -0.000108
   7    1   -2    1    2    0.001283
   7    1    1    1    2    0.001291
   7    1   -2    1   -2   -0.001256
   7    1    1    1   -2   -0.001249
   7    2    0   -1   -3   -0.002674
   7    2    0   -1    3   -0.002666
   7    2    2    0   -1   -0.001814
   7    2   -1   -3   -1   -0.001812
   7    2    2    0    1   -0.001818
   7    2   -1   -3    1   -0.001819
   7    4    2    1    0    0.000676
   7    4    2   -1    0    0.000669
   7    4    2    1    1   -0.000610
   7    4    2   -1    1   -0.000612
   7    1   -1    0    3   -0.000188
   7    1    0    0    3   -0.000200
   7    1   -1    0   -3    0.008671
   7    1    0    0   -3    0.008670
   7    3   -3   -1    0    0.000923
   7    3   -1   -3    0    0.000926
   7    3   -1    2    0   -0.000646
   7    3    0   -3    0   -0.001731
   7    3    0    2    0    0.000946
   7    3    2   -1    0   -0.000649
   7    3    2    0    0    0.000953
   7    3   -3    0    0   -0.001720
   7    3   -3   -1    1    0.000956
   7    3   -1   -3    1    0.000963
   7    3   -1    2    1   -0.001720
   7    3    0   -3    1   -0.000646
   7    3    0    2    1    0.000929
   7    3    2   -1    1   -0.001731
   7    3    2    0    1    0.000932
   7    3   -3    0    1   -0.000643
   7    2   -1   -1   -3    0.001278
   7    2    0    0   -3    0.001279
   7    2   -1   -1    3    0.001284
   7    2    0    0    3    0.001283
   7    3   -2   -1   -2   -0.001442
   7    3   -2    0   -2   -0.002713
   7    3   -1   -2   -2   -0.001448
   7    3   -1    1   -2   -0.000284
   7    3    0   -2   -2   -0.002710
   7    3    0    1   -2   -0.004289
   7    3    1   -1   -2   -0.000283
   7    3    1    0   -2   -0.004285
   7    3   -2   -1    3   -0.004283
   7    3   -2    0    3   -0.000283
   7    3   -1   -2    3   -0.004279
   7    3   -1    1    3   -0.002717
   7    3    0   -2    3   -0.000282
   7    3    0    1    3   -0.001443
   7    3    1   -1    3   -0.002715
   7    3    1    0    3   -0.001449
   7    1    2   -1    0    0.001758
   7    1   -3   -1    0    0.001749
   7    4    2    0   -1   -0.003590
   7    4    2    0    2    0.001218
   7    1    2    0    1    0.001785
   7    1   -3    0    1    0.001787
   7    1    2    0   -1    0.000293
   7    1   -3    0   -1    0.000292
   7    4   -2   -2    0    0.000111
   7    4   -2    2    0    0.000111
   7    4   -2   -2    1    0.002884
   7    4   -2    2    1    0.002885
   7    1   -2    2    0    0.000116
   7    1    1    2    0    0.000110
   7    2    2   -2    0   -0.000298
   7    2    1   -3    0   -0.000298
   7    4    1   -1   -2    0.002624
   7    4    1    1   -2    0.002613
   7    4    1   -1    3   -0.000370
   7    4    1    1    3   -0.000378
   7    4   -2    0   -2    0.001699
   7    4   -2    0    3    0.001646
   7    1   -1   -1    3   -0.003197
   7    1    0   -1    3   -0.003171
   7    1   -1   -1   -3    0.000565
   7    1    0   -1   -3    0.000566
   7    2   -1    0   -3   -0.002803
   7    2   -1    0    3   -0.002813
   7    2    0    2    0   -0.002971
   7    2   -3   -1    0   -0.002971
   7    4    1   -2   -1   -0.001924
   7    4    1    2   -1   -0.001932
   7    4    1   -2    2    0.001697
   7    4    1    2    2    0.001698
   7    4   -3    0    0   -0.001464
   7    4   -3    0    1    0.000773
   7    2   -2   -2   -2   -0.000767
   7    2    1    1   -2   -0.000768
   7    2    1    1    2   -0.000761
   7    2   -2   -2    2   -0.000762
   7    1    2   -1    1   -0.000363
   7    1   -3   -1    1   -0.000373
   7    1   -3   -1   -1    0.002151
   7    1    2   -1   -1    0.002165
   7    1    2    1    0   -0.000149
   7    1   -3    1    0   -0.000157
   7    2   -1    2    0   -0.000936
   7    2   -3    0    0   -0.000936
   7    1   -2    2    1   -0.000123
   7    1    1    2    1   -0.000114
   7    1   -2    2   -1    0.000788
   7    1    1    2   -1    0.000789
   7    1   -1    2    2   -0.001398
   7    1    0    2    2   -0.001398
   7    1   -1    2   -2   -0.001265
   7    1    0    2   -2   -0.001266
   7    2    2   -2   -1    0.000722
   7    2    1   -3   -1    0.000722
   7    2    1   -3    1    0.000725
   7    2    2   -2    1    0.000725
   7    4    2    1   -1   -0.001328
   7    4    2   -1   -1   -0.001326
   7    4    2   -1    2    0.000524
   7    4    2    1    2    0.000523
   7    1   -1    1    3    0.001963
   7    1    0    1    3    0.001960
   7    1   -1    1   -3    0.001088
   7    1    0    1   -3    0.001088
   7    2    0    2   -1    0.001520
   7    2   -3   -1   -1    0.001519
   7    2    0    2    1    0.001519
   7    2   -3   -1    1    0.001520
   7    3   -3   -1   -1    0.000045
   7    3   -1   -3   -1    0.000043
   7    3   -1    2   -1    0.000775
   7    3    0   -3   -1   -0.000069
   7    3    0    2   -1    0.000523
   7    3    2   -1   -1    0.000771
   7    3    2    0   -1    0.000518
   7    3   -3    0   -1   -0.000063
   7    3   -3   -1    2    0.000524
   7    3   -1   -3    2    0.000518
   7    3   -1    2    2   -0.000065
   7    3    0   -3    2    0.000768
   7    3    0    2    2    0.000041
   7    3    2   -1    2   -0.000071
   7    3    2    0    2    0.000039
   7    3   -3    0    2    0.000771
   7    2    1   -1   -3    0.001820
   7    2    0   -2   -3    0.001818
   7    2    0   -2    3    0.001814
   7    2    1   -1    3    0.001813
   7    1   -1   -3    0    0.000803
   7    1    0   -3    0    0.000808
   7    2   -2   -3    0   -0.000948
   7    2    2    1    0   -0.000948
   7    4   -2   -1   -2    0.000519
   7    4   -2    1   -2    0.000515
   7    4   -2   -1    3   -0.000104
   7    4   -2    1    3   -0.000108
   7    2    2   -1   -2    0.000741
   7    2    0   -3   -2    0.000738
   7    2    2   -1    2    0.000738
   7    2    0   -3    2    0.000741
   7    1    2    1    1   -0.000368
   7    1   -3    1    1   -0.000376
   7    1    2    1   -1   -0.000458
   7    1   -3    1   -1   -0.000463
   7    2   -1    2   -1   -0.000946
   7    2   -3    0   -1   -0.000948
   7    2   -1    2    1   -0.000943
   7    2   -3    0    1   -0.000942
   7    4   -3   -1    0    0.000483
   7    4   -3    1    0    0.000493
   7    4   -3   -1    1    0.002905
   7    4   -3    1    1    0.002920
   7    1   -2   -2    2    0.000622
   7    1    1   -2    2    0.000620
   7    1   -2   -2   -2    0.000026
   7    1    1   -2   -2    0.000027
   7    4   -2   -2   -1   -0.000557
   7    4   -2    2   -1   -0.000557
   7    4   -2   -2    2   -0.000288
   7    4   -2    2    2   -0.000286
   7    2   -2    1   -2   -0.000851
   7    2   -2    1    2   -0.000851
   7    4    0   -2   -2    0.000722
   7    4    0    2   -2    0.000720
   7    4    0   -2    3    0.000207
   7    4    0    2    3    0.000205
   7    2   -1   -2   -3    0.002487
   7    2    1    0   -3    0.002488
   7    2   -1   -2    3    0.002485
   7    2    1    0    3    0.002484
   7    1   -2    0    3   -0.000400
   7    1    1    0    3   -0.000406
   7    1   -2    0   -3   -0.000277
   7    1    1    0   -3   -0.000277
   7    2   -1   -3   -2   -0.000303
   7    2    2    0   -2   -0.000305
   7    2   -1   -3    2   -0.000305
   7    2    2    0    2   -0.000302
   7    3   -2    2    0   -0.000978
   7    3    1    2    0   -0.000905
   7    3    2   -2    0   -0.000982
   7    3    2    1    0   -0.000907
   7    3   -3   -2    0    0.000634
   7    3   -3    1    0    0.000042
   7    3   -2   -3    0    0.000634
   7    3    1   -3    0    0.000039
   7    3   -3   -2    1   -0.000908
   7    3   -3    1    1   -0.000976
   7    3   -2   -3    1   -0.000909
   7    3   -2    2    1    0.000046
   7    3    1   -3    1   -0.000979
   7    3    1    2    1    0.000637
   7    3    2   -2    1    0.000044
   7    3    2    1    1    0.000637
   7    4    0    0   -3    0.002685
   7    4    0    0    4   -0.000920
   7    4   -3    0   -1   -0.001842
   7    4   -3    0    2   -0.001944
   7    4   -1   -2   -2    0.000093
   7    4   -1    2   -2    0.000095
   7    4   -1   -2    3    0.000042
   7    4   -1    2    3    0.000047
   7    3   -2   -2   -2   -0.000104
   7    3   -2    1   -2   -0.000831
   7    3    1   -2   -2   -0.000834
   7    3    1    1   -2    0.001133
   7    3   -2   -2    3    0.001136
   7    3   -2    1    3   -0.000832
   7    3    1   -2    3   -0.000835
   7    3    1    1    3   -0.000107
   7    1   -1   -3    1    0.001589
   7    1    0   -3    1    0.001588
   7    1   -1   -3   -1    0.001217
   7    1    0   -3   -1    0.001220
   7    2   -2   -3   -1   -0.000045
   7    2    2    1   -1   -0.000044
   7    2   -2   -3    1   -0.000042
   7    2    2    1    1   -0.000043
   7    2    1    2    0   -0.000839
   7    2   -3   -2    0   -0.000839
   7    4   -1    0   -3   -0.000144
   7    4   -1    0    4   -0.000327
   7    1    2    0    2   -0.000368
   7    1   -3    0    2   -0.000365
   7    1    2    0   -2   -0.000047
   7    1   -3    0   -2   -0.000046
   7    3   -1   -1   -3    0.000484
   7    3   -1    0   -3    0.000349
   7    3    0   -1   -3    0.000356
   7    3    0    0   -3   -0.002012
   7    3   -1   -1    4   -0.002022
   7    3   -1    0    4    0.000343
   7    3    0   -1    4    0.000351
   7    3    0    0    4    0.000474
   7    1   -2   -1    3    0.001872
   7    1    1   -1    3    0.001870
   7    1   -2   -1   -3   -0.000830
   7    1    1   -1   -3   -0.000833
   7    2   -2   -1   -3    0.001092
   7    2    0    1   -3    0.001092
   7    2   -2   -1    3    0.001087
   7    2    0    1    3    0.001087
   7    4    0    3    0   -0.000283
   7    4    0   -3    0   -0.000285
   7    4    0    3    1   -0.000536
   7    4    0   -3    1   -0.000537
   7    4    2   -2    0    0.000118
   7    4    2    2    0    0.000118
   7    4    2   -2    1    0.000308
   7    4    2    2    1    0.000306
   7    1    2   -2    0    0.000843
   7    1   -3   -2    0    0.000842
   7    2   -2    0   -3   -0.000765
   7    2   -1    1   -3   -0.000763
   7    2   -2    0    3   -0.000766
   7    2   -1    1    3   -0.000768
   7    2    1    2   -1   -0.000492
   7    2   -3   -2   -1   -0.000493
   7    2    1    2    1   -0.000488
   7    2   -3   -2    1   -0.000487
   7    4   -1    3    0    0.000351
   7    4   -1   -3    0    0.000354
   7    4   -1    3    1    0.001035
   7    4   -1   -3    1    0.001040
   7    4    0   -1   -3   -0.001326
   7    4    0    1   -3   -0.001317
   7    4    0   -1    4   -0.000601
   7    4    0    1    4   -0.000600
   7    1   -3   -1    2   -0.000209
   7    1    2   -1    2   -0.000205
   7    1   -3   -1   -2    0.001065
   7    1    2   -1   -2    0.001067
   7    4   -3   -1   -1   -0.000095
   7    4   -3    1   -1   -0.000090
   7    4   -3   -1    2   -0.000289
   7    4   -3    1    2   -0.000286
   7    4    2    0   -2   -0.001244
   7    4    2    0    3    0.000607
   7    2    1   -2   -3   -0.000051
   7    2    1   -2    3   -0.000048
   7    1   -2    2    2    0.000347
   7    1    1    2    2    0.000350
   7    1   -2    2   -2   -0.000578
   7    1    1    2   -2   -0.000577
   7    1   -1   -2    3   -0.000158
   7    1    0   -2    3   -0.000152
   7    1   -1   -2   -3   -0.000217
   7    1    0   -2   -3   -0.000215
   7    2    2   -2   -2   -0.000190
   7    2    1   -3   -2   -0.000189
   7    2    1   -3    2   -0.000187
   7    2    2   -2    2   -0.000186
   7    1   -2    1    3    0.000394
   7    1    1    1    3    0.000394
   7    1   -2    1   -3   -0.000256
   7    1    1    1   -3   -0.000254
   7    2   -2    2    0   -0.003249
   7    2   -3    1    0   -0.003249
   7    4   -1   -1   -3   -0.000004
   7    4   -1    1   -3   -0.000009
   7    4   -1   -1    4   -0.000831
   7    4   -1    1    4   -0.000831
   7    3   -3   -2   -1    0.000422
   7    3   -3    1   -1   -0.000447
   7    3   -2   -3   -1    0.000423
   7    3   -2    2   -1   -0.000058
   7    3    1   -3   -1   -0.000450
   7    3    1    2   -1   -0.000413
   7    3    2   -2   -1   -0.000058
   7    3    2    1   -1   -0.000414
   7    3   -3   -2    2   -0.000412
   7    3   -3    1    2   -0.000063
   7    3   -2   -3    2   -0.000413
   7    3   -2    2    2   -0.000447
   7    3    1   -3    2   -0.000063
   7    3    1    2    2    0.000425
   7    3    2   -2    2   -0.000449
   7    3    2    1    2    0.000426
   7    2    0    2   -2    0.000865
   7    2   -3   -1   -2    0.000865
   7    2   -3   -1    2    0.000868
   7    2    0    2    2    0.000869
   7    4    1   -2   -2   -0.000096
   7    4    1    2   -2   -0.000097
   7    4    1   -2    3    0.000679
   7    4    1    2    3    0.000679
   7    1   -2   -3    0    0.000954
   7    1    1   -3    0    0.000955
   7    1   -3   -2    1    0.000513
   7    1    2   -2    1    0.000512
   7    1    2   -2   -1   -0.000125
   7    1   -3   -2   -1   -0.000124
   7    4    1    0   -3   -0.001255
   7    4    1    0    4   -0.000287
   7    1   -1    3    0    0.000171
   7    1    0    3    0    0.000170
   7    1   -3    1    2    0.000268
   7    1    2    1    2    0.000271
   7    1    2    1   -2   -0.000230
   7    1   -3    1   -2   -0.000229
   7    2   -3    0   -2   -0.000476
   7    2   -1    2   -2   -0.000477
   7    2   -3    0    2   -0.000475
   7    2   -1    2    2   -0.000473
   7    4    0    3   -1   -0.000851
   7    4    0   -3   -1   -0.000852
   7    4    0   -3    2   -0.000702
   7    4    0    3    2   -0.000701
   7    2   -3    1   -1    0.000344
   7    2   -2    2   -1    0.000343
   7    2   -2    2    1    0.000344
   7    2   -3    1    1    0.000343
   7    2    2   -3    0   -0.000717
   7    4    2   -1   -2   -0.000053
   7    4    2    1   -2   -0.000056
   7    4    2    1    3   -0.000080
   7    4    2   -1    3   -0.000078
   7    2   -2   -2   -3   -0.001141
   7    2    1    1   -3   -0.001141
   7    2   -2   -2    3   -0.001140
   7    2    1    1    3   -0.001139
   7    3   -3   -1   -2   -0.000437
   7    3   -3    0   -2   -0.000234
   7    3   -1   -3   -2   -0.000440
   7    3   -1    2   -2    0.000087
   7    3    0   -3   -2   -0.000236
   7    3    0    2   -2    0.000035
   7    3    2   -1   -2    0.000089
   7    3    2    0   -2    0.000037
   7    3   -1    2    3   -0.000239
   7    3    0    2    3   -0.000438
   7    3    2   -1    3   -0.000240
   7    3    2    0    3   -0.000441
   7    3   -3   -1    3    0.000032
   7    3   -3    0    3    0.000083
   7    3   -1   -3    3    0.000034
   7    3    0   -3    3    0.000085
   7    1   -2   -3    1    0.000179
   7    1    1   -3    1    0.000182
   7    1   -2   -3   -1    0.000187
   7    1    1   -3   -1    0.000185
   7    4    1   -3    0   -0.000736
   7    4    1    3    0   -0.000738
   7    4    1    3    1   -0.000131
   7    4    1   -3    1   -0.000129
   7    4    2   -2   -1    0.000147
   7    4    2    2   -1    0.000147
   7    4    2   -2    2    0.000008
   7    4    2    2    2    0.000007
   7    1   -3    2    0   -0.000045
   7    1    2    2    0   -0.000046
   7    1   -1   -3    2    0.000422
   7    1    0   -3    2    0.000419
   7    1   -1   -3   -2    0.000412
   7    1    0   -3   -2    0.000413
   7    2   -2   -3   -2   -0.000115
   7    2    2    1   -2   -0.000115
   7    2   -2   -3    2   -0.000114
   7    2    2    1    2   -0.000113
   7    4   -1    3   -1   -0.000283
   7    4   -1   -3   -1   -0.000282
   7    4   -1   -3    2   -0.000729
   7    4   -1    3    2   -0.000730
   7    1   -1    3    1    0.000261
   7    1    0    3    1    0.000261
   7    1   -1    3   -1   -0.000568
   7    1    0    3   -1   -0.000565
   7    3   -2   -1   -3   -0.000454
   7    3   -2    0   -3    0.000656
   7    3   -1   -2   -3   -0.000456
   7    3   -1    1   -3   -0.000150
   7    3    0   -2   -3    0.000659
   7    3    0    1   -3   -0.001161
   7    3    1   -1   -3   -0.000150
   7    3    1    0   -3   -0.001162
   7    3   -2   -1    4   -0.001160
   7    3   -2    0    4   -0.000149
   7    3   -1   -2    4   -0.001161
   7    3   -1    1    4    0.000655
   7    3    0   -2    4   -0.000149
   7    3    0    1    4   -0.000451
   7    3    1   -1    4    0.000659
   7    3    1    0    4   -0.000453
   7    2    0   -4    0    0.000232
   7    2    3   -1    0    0.000232
   7    4    3    0    0    0.000874
   7    4    3    0    1    0.001043
   7    4   -2   -2   -2   -0.000300
   7    4   -2    2   -2   -0.000301
   7    4   -2   -2    3    0.000501
   7    4   -2    2    3    0.000500
   7    1   -1    2    3   -0.000403
   7    1    0    2    3   -0.000399
   7    1   -1    2   -3   -0.000656
   7    1    0    2   -3   -0.000656
   7    4    1   -1   -3    0.000414
   7    4    1    1   -3    0.000416
   7    4    1   -1    4   -0.001118
   7    4    1    1    4   -0.001118
   7    4   -3   -2    0   -0.000127
   7    4   -3    2    0   -0.000127
   7    4   -3   -2    1    0.000261
   7    4   -3    2    1    0.000260
   7    4   -2    0   -3    0.000104
   7    4   -2    0    4   -0.000207
   7    2    0   -1   -4    0.000055
   7    2    0   -1    4    0.000060
   7    2    2   -3   -1   -0.000044
   7    2    2   -3    1   -0.000045
   7    2   -1   -4    0    0.000071
   7    2    3    0    0    0.000071
   7    1   -1    0    4    0.000135
   7    1    0    0    4    0.000131
   7    1   -1    0   -4    0.001695
   7    1    0    0   -4    0.001690
   7    4   -3    0   -2   -0.000163
   7    4   -3    0    3    0.000241
   7    1   -3    2    1    0.000155
   7    1    2    2    1    0.000154
   7    1   -3    2   -1   -0.000410
   7    1    2    2   -1   -0.000410
   7    2    1    2   -2   -0.000340
   7    2   -3   -2   -2   -0.000340
   7    2   -3   -2    2   -0.000339
   7    2    1    2    2   -0.000339
   7    2   -1   -1   -4    0.000257
   7    2    0    0   -4    0.000257
   7    2   -1   -1    4    0.000261
   7    2    0    0    4    0.000261
   7    2    2   -1   -3    0.000152
   7    2    0   -3   -3    0.000151
   7    2    2   -1    3    0.000151
   7    2    0   -3    3    0.000152
   7    2    0   -4   -1   -0.000441
   7    2    0   -4    1   -0.000442
   7    2    3   -1   -1   -0.000442
   7    2    3   -1    1   -0.000442
   7    1   -2   -2    3    0.000525
   7    1    1   -2    3    0.000523
   7    1   -2   -2   -3   -0.000079
   7    1    1   -2   -3   -0.000079
   7    2   -2    1   -3   -0.000964
   7    2   -2    1    3   -0.000964
   7    4   -2   -3    0   -0.000013
   7    4   -2    3    0   -0.000015
   7    4   -2    3    1   -0.000281
   7    4   -2   -3    1   -0.000281
   7    1   -1   -1    4   -0.001693
   7    1    0   -1    4   -0.001687
   7    1   -1   -1   -4   -0.000202
   7    1    0   -1   -4   -0.000201
   7    2   -1    0   -4   -0.000604
   7    2   -1    0    4   -0.000600
   7    2    2    0   -3    0.000072
   7    2   -1   -3   -3    0.000074
   7    2    2    0    3    0.000076
   7    2   -1   -3    3    0.000074
   7    2   -1   -4   -1   -0.000278
   7    2   -1   -4    1   -0.000280
   7    2    3    0   -1   -0.000279
   7    2    3    0    1   -0.000280
   7    4    3   -1    0    0.000386
   7    4    3    1    0    0.000383
   7    4    3   -1    1   -0.000061
   7    4    3    1    1   -0.000064
   7    6    0    0    1    1.592359
   7    6    0    0    0    1.592359
   7    5    0   -1    0    1.189256
   7    5    0   -1    1    0.481603
   7    8    0   -1    0    1.178072
   7    8    0    0    0    1.178072
   7    5    0    0    0    0.236080
   7    5    0    0    1    0.120679
   7    7    0    0   -1    0.337158
   7    7    0    0    1    0.337158
   7    6    0   -1    1    0.107642
   7    6    1    0    1    0.106713
   7    6    0   -1    0    0.107642
   7    6    1    0    0    0.106713
   7    8    1   -1    0   -0.175664
   7    8    1    0    0   -0.175664
   7    8    0   -1    1   -0.127900
   7    8    0    0    1   -0.127900
   7    8    0   -1   -1   -0.068734
   7    8    0    0   -1   -0.068734
   7    7   -1    0    0   -0.011736
   7    7    0    1    0   -0.012017
   7    7    1    0    0   -0.011736
   7    7    0   -1    0   -0.012017
   7    5   -1   -1    0    0.001733
   7    5    1   -1    0    0.001733
   7    5   -1   -1    1    0.018347
   7    5    1   -1    1    0.018347
   7    6    1   -1    1    0.018704
   7    6    1   -1    0    0.018704
   7    6   -1    0    1   -0.045361
   7    6    0    1    1   -0.045424
   7    6   -1    0    0   -0.045361
   7    6    0    1    0   -0.045424
   7    8    1   -1    1    0.013165
   7    8    1    0    1    0.013165
   7    8    1   -1   -1    0.063805
   7    8    1    0   -1    0.063805
   7    5   -1    0    0    0.045152
   7    5    1    0    0    0.045152
   7    5   -1    0    1   -0.027624
   7    5    1    0    1   -0.027624
   7    8   -1   -1    0   -0.058618
   7    8   -1    0    0   -0.058618
   7    6    0    0    2    0.003442
   7    6    0    0   -1    0.003442
   7    5    0   -1   -1   -0.040760
   7    5    0   -1    2    0.033129
   7    7   -1    0   -1    0.016744
   7    7   -1    0    1   -0.031325
   7    7    0    1   -1   -0.031203
   7    7    0    1    1    0.016880
   7    7    1    0   -1   -0.031325
   7    7    1    0    1    0.016744
   7    7    0   -1   -1    0.016880
   7    7    0   -1    1   -0.031203
   7    5    0   -2    0   -0.002148
   7    5    0   -2    1   -0.018421
   7    7   -1    1    0    0.030841
   7    7    1    1    0    0.015683
   7    7   -1   -1    0    0.015683
   7    7    1   -1    0    0.030841
   7    5    0    0   -1    0.009442
   7    5    0    0    2   -0.015902
   7    6   -1   -1    1    0.030864
   7    6    1    1    1    0.030845
   7    6   -1   -1    0    0.030864
   7    6    1    1    0    0.030845
   7    8    0   -2    0   -0.004625
   7    8    0    1    0   -0.004625
   7    6    0   -1    2   -0.008370
   7    6    1    0    2   -0.008282
   7    6    0   -1   -1   -0.008370
   7    6    1    0   -1   -0.008282
   7    8   -1   -1    1   -0.000683
   7    8   -1    0    1   -0.000683
   7    8   -1   -1   -1    0.008659
   7    8   -1    0   -1    0.008659
   7    5   -1   -1   -1   -0.016805
   7    5    1   -1   -1   -0.016805
   7    5   -1   -1    2    0.004091
   7    5    1   -1    2    0.004091
   7    7   -1   -1   -1   -0.012863
   7    7   -1   -1    1    0.001995
   7    7   -1    1   -1   -0.017361
   7    7   -1    1    1   -0.017307
   7    7    1   -1   -1   -0.017307
   7    7    1   -1    1   -0.017361
   7    7    1    1   -1    0.001995
   7    7    1    1    1   -0.012863
   7    7    0    0   -2    0.003011
   7    7    0    0    2    0.003011
   7    5   -1   -2    0   -0.014562
   7    5    1   -2    0   -0.014562
   7    5   -1   -2    1   -0.003797
   7    5    1   -2    1   -0.003797
   7    8    1   -2    0    0.015324
   7    8    1    1    0    0.015324
   7    6    1   -1    2   -0.002075
   7    6    1   -1   -1   -0.002075
   7    6   -1    1    1    0.009863
   7    6   -1    1    0    0.009863
   7    8    0   -2    1   -0.004992
   7    8    0    1    1   -0.004992
   7    8    0   -2   -1    0.002195
   7    8    0    1   -1    0.002195
   7    5    0    1    0    0.003980
   7    5    0    1    1   -0.001221
   7    6   -1    0    2   -0.011296
   7    6    0    1    2   -0.011309
   7    6   -1    0   -1   -0.011296
   7    6    0    1   -1   -0.011309
   7    5   -1    0   -1    0.004568
   7    5    1    0   -1    0.004568
   7    5   -1    0    2    0.006090
   7    5    1    0    2    0.006090
   7    8    0   -1    2    0.014618
   7    8    0    0    2    0.014618
   7    8    0   -1   -2   -0.009145
   7    8    0    0   -2   -0.009145
   7    5    0   -2   -1    0.003555
   7    5    0   -2    2    0.010181
   7    6    0   -2    1    0.002851
   7    6    2    0    1    0.002832
   7    6    0   -2    0    0.002851
   7    6    2    0    0    0.002832
   7    8    2   -1    0   -0.007588
   7    8    2    0    0   -0.007588
   7    8    1   -2    1   -0.001280
   7    8    1    1    1   -0.001280
   7    8    1   -2   -1   -0.000798
   7    8    1    1   -1   -0.000798
   7    8   -1   -2    0   -0.002221
   7    8   -1    1    0   -0.002221
   7    6   -1   -1    2    0.010213
   7    6    1    1    2    0.010219
   7    6   -1   -1   -1    0.010213
   7    6    1    1   -1    0.010219
   7    8    1   -1    2    0.004314
   7    8    1    0    2    0.004314
   7    8    1   -1   -2    0.006218
   7    8    1    0   -2    0.006218
   7    7   -1    0   -2   -0.003135
   7    7   -1    0    2    0.001635
   7    7    0   -1   -2   -0.003156
   7    7    0   -1    2    0.001647
   7    7    0    1   -2    0.001647
   7    7    0    1    2   -0.003156
   7    7    1    0   -2    0.001635
   7    7    1    0    2   -0.003135
   7    5   -1    1    0   -0.000637
   7    5    1    1    0   -0.000637
   7    5   -1    1    1    0.001550
   7    5    1    1    1    0.001550
   7    7   -2    0    0   -0.003004
   7    7    0   -2    0   -0.003044
   7    7    0    2    0   -0.003044
   7    7    2    0    0   -0.003004
   7    6    1   -2    1    0.013654
   7    6    2   -1    1    0.013603
   7    6    1   -2    0    0.013654
   7    6    2   -1    0    0.013603
   7    8    2   -1    1   -0.002639
   7    8    2    0    1   -0.002639
   7    8    2   -1   -1   -0.002168
   7    8    2    0   -1   -0.002168
   7    5   -2   -1    0    0.004049
   7    5    2   -1    0    0.004049
   7    5   -2   -1    1    0.003254
   7    5    2   -1    1    0.003254
   7    5   -1   -2   -1   -0.000524
   7    5    1   -2   -1   -0.000524
   7    5   -1   -2    2   -0.003335
   7    5    1   -2    2   -0.003335
   7    8   -1   -2    1    0.002700
   7    8   -1    1    1    0.002700
   7    8   -1   -2   -1    0.000869
   7    8   -1    1   -1    0.000869
   7    6   -1    1    2   -0.000975
   7    6   -1    1   -1   -0.000975
   7    5    0    1   -1    0.001326
   7    5    0    1    2    0.000713
   7    8   -1   -1    2    0.004035
   7    8   -1    0    2    0.004035
   7    8   -1   -1   -2    0.005956
   7    8   -1    0   -2    0.005956
   7    6    0    0    3    0.004987
   7    6    0    0   -2    0.004987
   7    5    0   -1   -2   -0.011109
   7    5    0   -1    3    0.014473
   7    5   -2    0    0   -0.003785
   7    5    2    0    0   -0.003785
   7    5   -2    0    1   -0.003447
   7    5    2    0    1   -0.003447
   7    7   -2    0   -1   -0.002383
   7    7   -2    0    1   -0.008187
   7    7    0   -2   -1   -0.002396
   7    7    0   -2    1   -0.008241
   7    7    0    2   -1   -0.008241
   7    7    0    2    1   -0.002396
   7    7    2    0   -1   -0.008187
   7    7    2    0    1   -0.002383
   7    7   -1   -1   -2   -0.001515
   7    7   -1   -1    2   -0.005492
   7    7   -1    1   -2   -0.001063
   7    7   -1    1    2   -0.001050
   7    7    1   -1   -2   -0.001050
   7    7    1   -1    2   -0.001063
   7    7    1    1   -2   -0.005492
   7    7    1    1    2   -0.001515
   7    5    0    0   -2    0.003581
   7    5    0    0    3    0.001252
   7    6   -1   -2    1    0.001626
   7    6    2    1    1    0.001641
   7    6   -1   -2    0    0.001626
   7    6    2    1    0    0.001641
   7    6    0   -2    2    0.002361
   7    6    2    0    2    0.002348
   7    6    0   -2   -1    0.002361
   7    6    2    0   -1    0.002348
   7    6   -2    0    1   -0.000453
   7    6    0    2    1   -0.000451
   7    6    0    2    0   -0.000451
   7    6   -2    0    0   -0.000453
   7    7   -2   -1    0   -0.006693
   7    7   -2    1    0    0.001461
   7    7   -1   -2    0   -0.006719
   7    7   -1    2    0    0.001469
   7    7    1   -2    0    0.001469
   7    7    1    2    0   -0.006719
   7    7    2   -1    0    0.001461
   7    7    2    1    0   -0.006693
   7    8   -2   -1    0   -0.003019
   7    8   -2    0    0   -0.003019
   7    8    0   -2    2   -0.001445
   7    8    0    1    2   -0.001445
   7    8    0   -2   -2    0.001454
   7    8    0    1   -2    0.001454
   7    6    0   -1    3   -0.006018
   7    6    1    0    3   -0.005998
   7    6    0   -1   -2   -0.006018
   7    6    1    0   -2   -0.005998
   7    5   -1    1   -1    0.000930
   7    5    1    1   -1    0.000930
   7    5   -1    1    2   -0.001224
   7    5    1    1    2   -0.001224
   7    5   -1   -1   -2   -0.005764
   7    5    1   -1   -2   -0.005764
   7    5   -1   -1    3    0.000837
   7    5    1   -1    3    0.000837
   7    5    0   -3    0    0.000864
   7    5    0   -3    1    0.000480
   7    8    2   -2    0    0.000023
   7    8    2    1    0    0.000023
   7    6    1   -2    2    0.002536
   7    6    2   -1    2    0.002522
   7    6    1   -2   -1    0.002536
   7    6    2   -1   -1    0.002522
   7    6   -2   -1    1    0.009560
   7    6    1    2    1    0.009599
   7    6   -2   -1    0    0.009560
   7    6    1    2    0    0.009599
   7    5   -2   -1   -1    0.001287
   7    5    2   -1   -1    0.001287
   7    5   -2   -1    2   -0.000496
   7    5    2   -1    2   -0.000496
   7    7   -2   -1   -1   -0.001905
   7    7   -2   -1    1   -0.001526
   7    7   -2    1   -1   -0.000901
   7    7   -2    1    1   -0.000731
   7    7   -1   -2   -1   -0.001911
   7    7   -1   -2    1   -0.001534
   7    7   -1    2   -1   -0.000740
   7    7   -1    2    1   -0.000910
   7    7    1   -2   -1   -0.000910
   7    7    1   -2    1   -0.000740
   7    7    1    2   -1   -0.001534
   7    7    1    2    1   -0.001911
   7    7    2   -1   -1   -0.000731
   7    7    2   -1    1   -0.000901
   7    7    2    1   -1   -0.001526
   7    7    2    1    1   -0.001905
   7    8   -2   -1    1   -0.004452
   7    8   -2    0    1   -0.004452
   7    8   -2   -1   -1   -0.000521
   7    8   -2    0   -1   -0.000521
   7    8    1   -2    2   -0.002224
   7    8    1    1    2   -0.002224
   7    8    1   -2   -2    0.001055
   7    8    1    1   -2    0.001055
   7    6    1   -1    3   -0.001006
   7    6    1   -1   -2   -0.001006
   7    6   -1    0    3    0.000718
   7    6    0    1    3    0.000719
   7    6   -1    0   -2    0.000718
   7    6    0    1   -2    0.000719
   7    5   -1    0   -2   -0.000186
   7    5    1    0   -2   -0.000186
   7    5   -1    0    3   -0.000018
   7    5    1    0    3   -0.000018
   7    5   -2   -2    0    0.000029
   7    5    2   -2    0    0.000029
   7    5   -2   -2    1   -0.002321
   7    5    2   -2    1   -0.002321
   7    5   -2    0   -1    0.001508
   7    5    2    0   -1    0.001508
   7    5   -2    0    2   -0.000487
   7    5    2    0    2   -0.000487
   7    5    0   -2   -2    0.000410
   7    5    0   -2    3   -0.001381
   7    8    2   -2    1    0.001382
   7    8    2    1    1    0.001382
   7    8    2   -2   -1    0.000051
   7    8    2    1   -1    0.000051
   7    8    0    2    0    0.001965
   7    8    0   -3    0    0.001965
   7    6   -1   -2    2   -0.001574
   7    6    2    1    2   -0.001568
   7    6   -1   -2   -1   -0.001574
   7    6    2    1   -1   -0.001568
   7    7    0    0   -3   -0.006613
   7    7    0    0    3   -0.006613
   7    6   -2    1    1   -0.003359
   7    6   -1    2    1   -0.003377
   7    6   -2    1    0   -0.003359
   7    6   -1    2    0   -0.003377
   7    6   -2    0    2    0.002541
   7    6    0    2    2    0.002540
   7    6    0    2   -1    0.002540
   7    6   -2    0   -1    0.002541
   7    8    2   -1    2   -0.000107
   7    8    2    0    2   -0.000107
   7    8    2   -1   -2   -0.003901
   7    8    2    0   -2   -0.003901
   7    8   -1   -2    2   -0.001262
   7    8   -1    1    2   -0.001262
   7    8   -1   -2   -2    0.001291
   7    8   -1    1   -2    0.001291
   7    6   -1   -1    3    0.001279
   7    6    1    1    3    0.001270
   7    6   -1   -1   -2    0.001279
   7    6    1    1   -2    0.001270
   7    5   -1   -3    0   -0.000609
   7    5    1   -3    0   -0.000609
   7    5   -1   -3    1    0.000678
   7    5    1   -3    1    0.000678
   7    8    0   -1    3    0.008697
   7    8    0    0    3    0.008697
   7    8    0   -1   -3   -0.000192
   7    8    0    0   -3   -0.000192
   7    6    2   -2    1    0.002853
   7    6    2   -2    0    0.002853
   7    7   -2    0   -2   -0.002610
   7    7   -2    0    2    0.000962
   7    7    0   -2   -2   -0.002610
   7    7    0   -2    2    0.000970
   7    7    0    2   -2    0.000970
   7    7    0    2    2   -0.002610
   7    7    2    0   -2    0.000962
   7    7    2    0    2   -0.002610
   7    8    1    2    0    0.001757
   7    8    1   -3    0    0.001757
   7    5    0   -3   -1    0.001217
   7    5    0   -3    2   -0.003599
   7    8    0   -3    1    0.000297
   7    8    0    2    1    0.000297
   7    8    0   -3   -1    0.001786
   7    8    0    2   -1    0.001786
   7    5   -2    1    0    0.002885
   7    5    2    1    0    0.002885
   7    5   -2    1    1    0.000113
   7    5    2    1    1    0.000113
   7    8   -2   -2    0    0.000109
   7    8   -2    1    0    0.000109
   7    6   -2   -1    2    0.001934
   7    6    1    2    2    0.001945
   7    6   -2   -1   -1    0.001934
   7    6    1    2   -1    0.001945
   7    5   -1   -2   -2   -0.000373
   7    5    1   -2   -2   -0.000373
   7    5   -1   -2    3    0.002621
   7    5    1   -2    3    0.002621
   7    6   -1    1    3   -0.000152
   7    6   -1    1   -2   -0.000152
   7    5    0    1   -2    0.001657
   7    5    0    1    3    0.001694
   7    8    1   -1    3    0.000572
   7    8    1    0    3    0.000572
   7    8    1   -1   -3   -0.003178
   7    8    1    0   -3   -0.003178
   7    7   -1    0   -3   -0.000202
   7    7   -1    0    3   -0.000490
   7    7    0    1   -3   -0.000500
   7    7    0    1    3   -0.000210
   7    7    1    0   -3   -0.000490
   7    7    1    0    3   -0.000202
   7    7    0   -1   -3   -0.000210
   7    7    0   -1    3   -0.000500
   7    5   -2   -2   -1    0.001696
   7    5    2   -2   -1    0.001696
   7    5   -2   -2    2   -0.001925
   7    5    2   -2    2   -0.001925
   7    5    0    2    0    0.000768
   7    5    0    2    1   -0.001467
   7    8    1    2    1    0.002159
   7    8    1   -3    1    0.002159
   7    8    1   -3   -1   -0.000369
   7    8    1    2   -1   -0.000369
   7    8   -1    2    0   -0.000153
   7    8   -1   -3    0   -0.000153
   7    8   -2   -2    1    0.000788
   7    8   -2    1    1    0.000788
   7    8   -2   -2   -1   -0.000123
   7    8   -2    1   -1   -0.000123
   7    6   -2    1    2    0.000810
   7    6   -1    2    2    0.000806
   7    6   -2    1   -1    0.000810
   7    6   -1    2   -1    0.000806
   7    6    0   -2    3    0.000408
   7    6    2    0    3    0.000405
   7    6    0   -2   -2    0.000408
   7    6    2    0   -2    0.000405
   7    7   -2    1   -2   -0.000805
   7    7   -2    1    2   -0.000299
   7    7   -1   -2   -2   -0.001006
   7    7   -1   -2    2    0.000743
   7    7   -1    2   -2   -0.000304
   7    7   -1    2    2   -0.000801
   7    7    1   -2   -2   -0.000801
   7    7    1   -2    2   -0.000304
   7    7    1    2   -2    0.000743
   7    7    1    2    2   -0.001006
   7    7    2    1   -2    0.000743
   7    7    2    1    2   -0.001004
   7    7   -2   -1   -2   -0.001004
   7    7   -2   -1    2    0.000743
   7    7    2   -1   -2   -0.000299
   7    7    2   -1    2   -0.000805
   7    8   -2   -1    2   -0.001261
   7    8   -2    0    2   -0.001261
   7    8   -2   -1   -2   -0.001396
   7    8   -2    0   -2   -0.001396
   7    5   -1   -3   -1    0.000520
   7    5    1   -3   -1    0.000520
   7    5   -1   -3    2   -0.001328
   7    5    1   -3    2   -0.001328
   7    8   -1   -1    3    0.001084
   7    8   -1    0    3    0.001084
   7    8   -1   -1   -3    0.001963
   7    8   -1    0   -3    0.001963
   7    7   -2   -2    0    0.000865
   7    7   -2    2    0    0.000722
   7    7    2   -2    0    0.000722
   7    7    2    2    0    0.000865
   7    6    0   -3    1   -0.001030
   7    6    3    0    1   -0.001033
   7    6    0   -3    0   -0.001030
   7    6    3    0    0   -0.001033
   7    8    3   -1    0    0.000804
   7    8    3    0    0    0.000804
   7    6    2   -2    2   -0.000018
   7    6    2   -2   -1   -0.000018
   7    5   -1    1   -2   -0.000105
   7    5    1    1   -2   -0.000105
   7    5   -1    1    3    0.000519
   7    5    1    1    3    0.000519
   7    6   -2   -2    1    0.000352
   7    6    2    2    1    0.000356
   7    6   -2   -2    0    0.000352
   7    6    2    2    0    0.000356
   7    7   -1   -1   -3   -0.000805
   7    7   -1   -1    3    0.000804
   7    7   -1    1   -3    0.002239
   7    7   -1    1    3    0.002241
   7    7    1   -1   -3    0.002241
   7    7    1   -1    3    0.002239
   7    7    1    1   -3    0.000804
   7    7    1    1    3   -0.000805
   7    8   -1   -3    1   -0.000461
   7    8   -1    2    1   -0.000461
   7    8   -1   -3   -1   -0.000376
   7    8   -1    2   -1   -0.000376
   7    5   -1    2    0    0.002912
   7    5    1    2    0    0.002912
   7    5   -1    2    1    0.000487
   7    5    1    2    1    0.000487
   7    8    2   -2    2    0.000028
   7    8    2    1    2    0.000028
   7    8    2   -2   -2    0.000618
   7    8    2    1   -2    0.000618
   7    6    1   -2    3    0.000049
   7    6    2   -1    3    0.000048
   7    6    1   -2   -2    0.000049
   7    6    2   -1   -2    0.000048
   7    5   -2    1   -1   -0.000288
   7    5    2    1   -1   -0.000288
   7    5   -2    1    2   -0.000557
   7    5    2    1    2   -0.000557
   7    5   -2   -1   -2    0.000206
   7    5    2   -1   -2    0.000206
   7    5   -2   -1    3    0.000721
   7    5    2   -1    3    0.000721
   7    8    0   -2    3   -0.000281
   7    8    0    1    3   -0.000281
   7    8    0   -2   -3   -0.000397
   7    8    0    1   -3   -0.000397
   7    6    0    0    4   -0.000686
   7    6    0    0   -3   -0.000686
   7    5    0   -1   -3   -0.000920
   7    5    0   -1    4    0.002691
   7    7   -2   -2   -1   -0.000452
   7    7   -2   -2    1   -0.002468
   7    7   -2    2   -1   -0.000460
   7    7   -2    2    1   -0.000458
   7    7    2   -2   -1   -0.000458
   7    7    2   -2    1   -0.000460
   7    7    2    2   -1   -0.002468
   7    7    2    2    1   -0.000452
   7    5    0    2   -1   -0.001945
   7    5    0    2    2   -0.001843
   7    6    1   -3    1   -0.001189
   7    6    3   -1    1   -0.001182
   7    6    1   -3    0   -0.001189
   7    6    3   -1    0   -0.001182
   7    5   -2    0   -2    0.000045
   7    5    2    0   -2    0.000045
   7    5   -2    0    3    0.000094
   7    5    2    0    3    0.000094
   7    8    3   -1    1    0.001217
   7    8    3    0    1    0.001217
   7    8    3   -1   -1    0.001586
   7    8    3    0   -1    0.001586
   7    7   -3    0    0   -0.001223
   7    7    0    3    0   -0.001218
   7    7    3    0    0   -0.001223
   7    7    0   -3    0   -0.001218
   7    5    0    0   -3   -0.000325
   7    5    0    0    4   -0.000137
   7    8    0   -3    2   -0.000043
   7    8    0    2    2   -0.000043
   7    8    0    2   -2   -0.000364
   7    8    0   -3   -2   -0.000364
   7    6   -1   -2    3   -0.000498
   7    6    2    1    3   -0.000500
   7    6   -1   -2   -2   -0.000498
   7    6    2    1   -2   -0.000500
   7    6    0    2    3    0.000680
   7    6   -2    0    3    0.000672
   7    6   -2    0   -2    0.000672
   7    6    0    2   -2    0.000680
   7    8    1   -2    3   -0.000831
   7    8    1    1    3   -0.000831
   7    8    1   -2   -3    0.001870
   7    8    1    1   -3    0.001870
   7    5   -3   -1    0   -0.000536
   7    5    3   -1    0   -0.000536
   7    5   -3   -1    1   -0.000284
   7    5    3   -1    1   -0.000284
   7    6    0   -1    4   -0.000194
   7    6    1    0    4   -0.000193
   7    6    0   -1   -3   -0.000194
   7    6    1    0   -3   -0.000193
   7    6   -1   -3    1   -0.001295
   7    6    3    1    1   -0.001291
   7    6   -1   -3    0   -0.001295
   7    6    3    1    0   -0.001291
   7    5   -2   -3    0    0.000306
   7    5    2   -3    0    0.000306
   7    5   -2   -3    1    0.000119
   7    5    2   -3    1    0.000119
   7    8    2    2    0    0.000845
   7    8    2   -3    0    0.000845
   7    6    0   -3    2    0.000055
   7    6    3    0    2    0.000054
   7    6    0   -3   -1    0.000055
   7    6    3    0   -1    0.000054
   7    5   -3    0    0    0.001036
   7    5    3    0    0    0.001036
   7    5   -3    0    1    0.000351
   7    5    3    0    1    0.000351
   7    6   -2   -2    2   -0.000157
   7    6    2    2    2   -0.000158
   7    6   -2   -2   -1   -0.000157
   7    6    2    2   -1   -0.000158
   7    6   -2    2    1   -0.000945
   7    6   -2    2    0   -0.000945
   7    5   -1   -1   -3   -0.000598
   7    5    1   -1   -3   -0.000598
   7    5   -1   -1    4   -0.001324
   7    5    1   -1    4   -0.001324
   7    7   -3    0   -1    0.000398
   7    7   -3    0    1   -0.000190
   7    7    0    3   -1   -0.000190
   7    7    0    3    1    0.000400
   7    7    3    0   -1   -0.000190
   7    7    3    0    1    0.000398
   7    7    0   -3   -1    0.000400
   7    7    0   -3    1   -0.000190
   7    8    1    2    2    0.001069
   7    8    1   -3    2    0.001069
   7    8    1   -3   -2   -0.000207
   7    8    1    2   -2   -0.000207
   7    5   -1    2   -1   -0.000290
   7    5    1    2   -1   -0.000290
   7    5   -1    2    2   -0.000092
   7    5    1    2    2   -0.000092
   7    5    0   -3   -2    0.000607
   7    5    0   -3    3   -0.001245
   7    8   -2   -2    2   -0.000579
   7    8   -2    1    2   -0.000579
   7    8   -2   -2   -2    0.000349
   7    8   -2    1   -2    0.000349
   7    6   -2   -1    3    0.000025
   7    6    1    2    3    0.000028
   7    6   -2   -1   -2    0.000025
   7    6    1    2   -2    0.000028
   7    8    2   -1    3   -0.000217
   7    8    2    0    3   -0.000217
   7    8    2   -1   -3   -0.000155
   7    8    2    0   -3   -0.000155
   7    6    1   -1    4   -0.000363
   7    6    1   -1   -3   -0.000363
   7    8   -1   -2    3   -0.000255
   7    8   -1    1    3   -0.000255
   7    8   -1   -2   -3    0.000394
   7    8   -1    1   -3    0.000394
   7    7   -3   -1    0    0.002039
   7    7   -3    1    0   -0.000005
   7    7   -1    3    0    0.000004
   7    7    1    3    0    0.002051
   7    7    3   -1    0   -0.000005
   7    7    3    1    0    0.002039
   7    7   -1   -3    0    0.002051
   7    7    1   -3    0    0.000004
   7    6   -1    0    4    0.000634
   7    6    0    1    4    0.000635
   7    6   -1    0   -3    0.000634
   7    6    0    1   -3    0.000635
   7    5   -1    0   -3   -0.000830
   7    5    1    0   -3   -0.000830
   7    5   -1    0    4   -0.000008
   7    5    1    0    4   -0.000008
   7    5   -2   -2   -2    0.000680
   7    5    2   -2   -2    0.000680
   7    5   -2   -2    3   -0.000096
   7    5    2   -2    3   -0.000096
   7    8    3   -2    0    0.000955
   7    8    3    1    0    0.000955
   7    6    1   -3    2   -0.000229
   7    6    3   -1    2   -0.000226
   7    6    1   -3   -1   -0.000229
   7    6    3   -1   -1   -0.000226
   7    8    2   -3    1   -0.000124
   7    8    2    2    1   -0.000124
   7    8    2   -3   -1    0.000511
   7    8    2    2   -1    0.000511
   7    7   -2    0   -3   -0.001212
   7    7   -2    0    3    0.000393
   7    7    0   -2   -3   -0.001212
   7    7    0   -2    3    0.000393
   7    7    0    2   -3    0.000393
   7    7    0    2    3   -0.001212
   7    7    2    0   -3    0.000393
   7    7    2    0    3   -0.001212
   7    6   -3    0    1   -0.000279
   7    6    0    3    1   -0.000283
   7    6    0    3    0   -0.000283
   7    6   -3    0    0   -0.000279
   7    5    0   -2   -3   -0.000289
   7    5    0   -2    4   -0.001258
   7    8   -3   -1    0    0.000172
   7    8   -3    0    0    0.000172
   7    8   -1   -3    2   -0.000230
   7    8   -1    2    2   -0.000230
   7    8   -1   -3   -2    0.000270
   7    8   -1    2   -2    0.000270
   7    6   -2    1    3   -0.000376
   7    6   -1    2    3   -0.000376
   7    6   -2    1   -2   -0.000376
   7    6   -1    2   -2   -0.000376
   7    6   -1   -1    4    0.000373
   7    6    1    1    4    0.000366
   7    6   -1   -1   -3    0.000373
   7    6    1    1   -3    0.000366
   7    5   -3   -1   -1   -0.000701
   7    5    3   -1   -1   -0.000701
   7    5   -3   -1    2   -0.000850
   7    5    3   -1    2   -0.000850
   7    7   -3   -1   -1    0.001142
   7    7   -3   -1    1    0.000040
   7    7   -3    1   -1    0.000027
   7    7   -3    1    1    0.000565
   7    7   -1    3   -1    0.000574
   7    7   -1    3    1    0.000029
   7    7    1    3   -1    0.000043
   7    7    1    3    1    0.001147
   7    7    3   -1   -1    0.000565
   7    7    3   -1    1    0.000027
   7    7    3    1   -1    0.000040
   7    7    3    1    1    0.001142
   7    7   -1   -3   -1    0.001147
   7    7   -1   -3    1    0.000043
   7    7    1   -3   -1    0.000029
   7    7    1   -3    1    0.000574
   7    5   -1   -3   -2   -0.000078
   7    5    1   -3   -2   -0.000078
   7    5   -1   -3    3   -0.000055
   7    5    1   -3    3   -0.000055
   7    7   -2   -2   -2    0.000556
   7    7   -2   -2    2    0.000252
   7    7   -2    2   -2    0.000380
   7    7   -2    2    2    0.000379
   7    7    2   -2   -2    0.000379
   7    7    2   -2    2    0.000380
   7    7    2    2   -2    0.000252
   7    7    2    2    2    0.000556
   7    8    3   -2    1    0.000186
   7    8    3    1    1    0.000186
   7    8    3   -2   -1    0.000182
   7    8    3    1   -1    0.000182
   7    5   -3   -2    0   -0.000131
   7    5    3   -2    0   -0.000131
   7    5   -3   -2    1   -0.000734
   7    5    3   -2    1   -0.000734
   7    6   -1   -3    2   -0.000062
   7    6    3    1    2   -0.000061
   7    6   -1   -3   -1   -0.000062
   7    6    3    1   -1   -0.000061
   7    5   -2   -3   -1    0.000007
   7    5    2   -3   -1    0.000007
   7    5   -2   -3    2    0.000147
   7    5    2   -3    2    0.000147
   7    6   -3   -1    1   -0.001456
   7    6    1    3    1   -0.001462
   7    6   -3   -1    0   -0.001456
   7    6    1    3    0   -0.001462
   7    8   -2   -3    0   -0.000047
   7    8   -2    2    0   -0.000047
   7    8    3   -1    2    0.000412
   7    8    3    0    2    0.000412
   7    8    3   -1   -2    0.000421
   7    8    3    0   -2    0.000421
   7    6    2   -2    3   -0.000752
   7    6    2   -2   -2   -0.000752
   7    5   -3    0   -1   -0.000729
   7    5    3    0   -1   -0.000729
   7    5   -3    0    2   -0.000282
   7    5    3    0    2   -0.000282
   7    8   -3   -1    1   -0.000567
   7    8   -3    0    1   -0.000567
   7    8   -3   -1   -1    0.000260
   7    8   -3    0   -1    0.000260
   7    6   -2    2    2    0.000789
   7    6   -2    2   -1    0.000789
   7    5    0   -4    0    0.001044
   7    5    0   -4    1    0.000874
   7    5   -2    1   -2    0.000502
   7    5    2    1   -2    0.000502
   7    5   -2    1    3   -0.000299
   7    5    2    1    3   -0.000299
   7    7    0    0   -4   -0.001120
   7    7    0    0    4   -0.001120
   7    7   -2   -1   -3    0.000183
   7    7   -2   -1    3    0.000388
   7    7   -2    1   -3    0.000255
   7    7   -2    1    3    0.000736
   7    7   -1   -2   -3    0.000181
   7    7   -1   -2    3    0.000387
   7    7   -1    2   -3    0.000740
   7    7   -1    2    3    0.000252
   7    7    1   -2   -3    0.000252
   7    7    1   -2    3    0.000740
   7    7    1    2   -3    0.000387
   7    7    1    2    3    0.000181
   7    7    2   -1   -3    0.000736
   7    7    2   -1    3    0.000255
   7    7    2    1   -3    0.000388
   7    7    2    1    3    0.000183
   7    8   -2   -1    3   -0.000655
   7    8   -2    0    3   -0.000655
   7    8   -2   -1   -3   -0.000400
   7    8   -2    0   -3   -0.000400
   7    5   -1   -2   -3   -0.001118
   7    5    1   -2   -3   -0.001118
   7    5   -1   -2    4    0.000417
   7    5    1   -2    4    0.000417
   7    5   -2    2    0    0.000261
   7    5    2    2    0    0.000261
   7    5   -2    2    1   -0.000126
   7    5    2    2    1   -0.000126
   7    6   -1    1    4    0.000131
   7    6   -1    1   -3    0.000131
   7    5    0    1   -3   -0.000208
   7    5    0    1    4    0.000106
   7    6    2   -3    1   -0.000090
   7    6    3   -2    1   -0.000090
   7    6    2   -3    0   -0.000090
   7    6    3   -2    0   -0.000090
   7    8    0   -1    4    0.001696
   7    8    0    0    4    0.001696
   7    8    0   -1   -4    0.000132
   7    8    0    0   -4    0.000132
   7    5    0    2   -2    0.000240
   7    5    0    2    3   -0.000164
   7    6   -3    1    1   -0.000739
   7    6   -1    3    1   -0.000743
   7    6   -1    3    0   -0.000743
   7    6   -3    1    0   -0.000739
   7    8   -2   -3    1   -0.000411
   7    8   -2    2    1   -0.000411
   7    8   -2   -3   -1    0.000154
   7    8   -2    2   -1    0.000154
   7    6    0    3    2    0.000219
   7    6   -3    0    2    0.000219
   7    6    0    3   -1    0.000219
   7    6   -3    0   -1    0.000219
   7    7   -3    0   -2   -0.000139
   7    7   -3    0    2   -0.000086
   7    7    0   -3   -2   -0.000137
   7    7    0   -3    2   -0.000088
   7    7    0    3   -2   -0.000088
   7    7    0    3    2   -0.000137
   7    7    3    0   -2   -0.000086
   7    7    3    0    2   -0.000139
   7    8    2   -2    3   -0.000078
   7    8    2    1    3   -0.000078
   7    8    2   -2   -3    0.000525
   7    8    2    1   -3    0.000525
   7    6    0   -2    4   -0.000430
   7    6    2    0    4   -0.000429
   7    6    0   -2   -3   -0.000430
   7    6    2    0   -3   -0.000429
   7    5   -3    1    0   -0.000280
   7    5    3    1    0   -0.000280
   7    5   -3    1    1   -0.000013
   7    5    3    1    1   -0.000013
   7    8    1   -1    4   -0.000203
   7    8    1    0    4   -0.000203
   7    8    1   -1   -4   -0.001690
   7    8    1    0   -4   -0.001690
   7    5   -1   -4    0   -0.000063
   7    5    1   -4    0   -0.000063
   7    5   -1   -4    1    0.000384
   7    5    1   -4    1    0.000384
   7    7   -1    0   -4    0.000268
   7    7   -1    0    4    0.000192
   7    7    0   -1   -4    0.000267
   7    7    0   -1    4    0.000187
   7    7    0    1   -4    0.000187
   7    7    0    1    4    0.000267
   7    7    1    0   -4    0.000192
   7    7    1    0    4    0.000268
   8    1   -1    0    0    1.277153
   8    3   -1    0    0    1.190021
   8    3   -1    0    1    0.481508
   8    2   -1    0    0    1.177784
   8    2    0    0    0    1.183612
   8    1   -1    1    0   -0.657169
   8    1    0    0    0   -0.657169
   8    3    0    0    0    0.234860
   8    3    0    0    1    0.120805
   8    4   -1    1    0   -0.025583
   8    4    0    1    0    0.007555
   8    4   -1    0    0    0.008661
   8    4    0    0    0   -0.004198
   8    4   -1    1    1   -0.003488
   8    4   -1    0    1    0.008862
   8    4    0    0    1   -0.026562
   8    4    0    1    1    0.007757
   8    1   -1    0    1    0.062340
   8    1   -1    0   -1    0.062649
   8    2   -1   -1    0   -0.176037
   8    2    0   -1    0   -0.175425
   8    1    0    1    0    0.585978
   8    2   -1    0   -1   -0.068425
   8    2    0    0   -1   -0.068648
   8    2   -1    0    1   -0.127685
   8    2    0    0    1   -0.127757
   8    1   -1    1    1    0.000832
   8    1    0    0    1    0.000876
   8    1   -1    1   -1    0.001073
   8    1    0    0   -1    0.001028
   8    3   -1   -1    0    0.001780
   8    3   -1    1    0    0.001574
   8    3   -1   -1    1    0.018443
   8    3   -1    1    1    0.018088
   8    2   -1   -1   -1    0.063817
   8    2    0   -1   -1    0.063731
   8    2   -1   -1    1    0.013224
   8    2    0   -1    1    0.013109
   8    1    0    1    1   -0.052846
   8    1    0    1   -1   -0.052850
   8    3    0   -1    0    0.045266
   8    3    0    1    0    0.045132
   8    3    0   -1    1   -0.027453
   8    3    0    1    1   -0.027684
   8    2   -1    1    0   -0.059026
   8    2    0    1    0   -0.058603
   8    3   -1    0   -1   -0.040842
   8    3   -1    0    2    0.033047
   8    1   -2    0    0   -0.012114
   8    1   -1   -1    0   -0.012114
   8    3   -2    0    0   -0.002163
   8    3   -2    0    1   -0.018390
   8    3    0    0   -1    0.009620
   8    3    0    0    2   -0.015963
   8    4   -1    0   -1    0.011257
   8    4   -1    1   -1   -0.020474
   8    4    0    0   -1   -0.074975
   8    4    0    1   -1    0.011212
   8    4   -1    0    2    0.011130
   8    4   -1    1    2   -0.074924
   8    4    0    1    2    0.011085
   8    4    0    0    2   -0.020386
   8    1    0   -1    0    0.012093
   8    1   -2    1    0    0.012093
   8    2   -2    0    0   -0.004750
   8    2    1    0    0   -0.004525
   8    2   -1    1   -1    0.008632
   8    2    0    1   -1    0.008541
   8    2   -1    1    1   -0.000690
   8    2    0    1    1   -0.000655
   8    1   -2    0    1   -0.000324
   8    1   -1   -1    1   -0.000327
   8    1   -2    0   -1   -0.000296
   8    1   -1   -1   -1   -0.000293
   8    4   -2    0    0   -0.003936
   8    4   -2    1    0   -0.019731
   8    4   -1   -1    0   -0.017029
   8    4   -1    2    0   -0.019817
   8    4    0   -1    0   -0.029142
   8    4    0    2    0   -0.003979
   8    4    1    0    0   -0.029168
   8    4    1    1    0   -0.017025
   8    4   -2    0    1   -0.017023
   8    4   -2    1    1   -0.029153
   8    4   -1   -1    1   -0.003924
   8    4   -1    2    1   -0.029180
   8    4    0   -1    1   -0.019689
   8    4    0    2    1   -0.017020
   8    4    1    0    1   -0.019775
   8    4    1    1    1   -0.003967
   8    3   -1   -1   -1   -0.016792
   8    3   -1    1   -1   -0.016855
   8    3   -1   -1    2    0.004109
   8    3   -1    1    2    0.004047
   8    1   -2    1    1    0.011629
   8    1    0   -1    1    0.011604
   8    1   -2    1   -1    0.011619
   8    1    0   -1   -1    0.011643
   8    3   -2   -1    0   -0.014551
   8    3   -2    1    0   -0.014493
   8    3   -2   -1    1   -0.003792
   8    3   -2    1    1   -0.003781
   8    2   -2   -1    0    0.015237
   8    2    1   -1    0    0.015318
   8    1   -1    2    0    0.015336
   8    1    1    0    0    0.015336
   8    2   -2    0   -1    0.002173
   8    2    1    0   -1    0.002219
   8    2   -2    0    1   -0.004965
   8    2    1    0    1   -0.004969
   8    3    1    0    0    0.003995
   8    3    1    0    1   -0.001239
   8    1   -1    0    2   -0.008480
   8    1   -1    0   -2   -0.008426
   8    3    0   -1   -1    0.004535
   8    3    0    1   -1    0.004540
   8    3    0   -1    2    0.006109
   8    3    0    1    2    0.006092
   8    2   -1    0   -2   -0.009108
   8    2    0    0   -2   -0.009103
   8    2   -1    0    2    0.014598
   8    2    0    0    2    0.014506
   8    1    0    2    0   -0.015732
   8    1    1    1    0   -0.015732
   8    3   -2    0   -1    0.003558
   8    3   -2    0    2    0.010181
   8    1   -1    1    2    0.010005
   8    1    0    0    2    0.009997
   8    1   -1    1   -2    0.010021
   8    1    0    0   -2    0.010029
   8    1   -2   -1    0   -0.004211
   8    2   -1   -2    0   -0.007637
   8    2    0   -2    0   -0.007608
   8    2   -2   -1   -1   -0.000807
   8    2    1   -1   -1   -0.000807
   8    2   -2   -1    1   -0.001275
   8    2    1   -1    1   -0.001294
   8    1   -1    2    1    0.010639
   8    1    1    0    1    0.010644
   8    1   -1    2   -1    0.010672
   8    1    1    0   -1    0.010666
   8    2   -2    1    0   -0.002236
   8    2    1    1    0   -0.002221
   8    2   -1   -1   -2    0.006225
   8    2    0   -1   -2    0.006197
   8    2   -1   -1    2    0.004296
   8    2    0   -1    2    0.004321
   8    1    0    1    2   -0.007051
   8    1    0    1   -2   -0.007120
   8    1    0    2    1    0.002036
   8    1    1    1    1    0.002044
   8    1    0    2   -1    0.002077
   8    1    1    1   -1    0.002070
   8    3    1   -1    0   -0.000601
   8    3    1    1    0   -0.000627
   8    3    1   -1    1    0.001556
   8    3    1    1    1    0.001562
   8    4   -2    0   -1   -0.001875
   8    4   -2    1   -1    0.002654
   8    4   -1   -1   -1    0.005133
   8    4   -1    2   -1    0.002657
   8    4    0   -1   -1   -0.003175
   8    4    0    2   -1   -0.001892
   8    4    1    0   -1   -0.003178
   8    4    1    1   -1    0.005128
   8    4   -2    0    2    0.005162
   8    4   -2    1    2   -0.003154
   8    4   -1   -1    2   -0.001835
   8    4   -1    2    2   -0.003158
   8    4    0   -1    2    0.002651
   8    4    0    2    2    0.005156
   8    4    1    0    2    0.002654
   8    4    1    1    2   -0.001852
   8    1   -2   -1    1    0.000294
   8    1   -2   -1   -1    0.000308
   8    2   -1   -2   -1   -0.002181
   8    2    0   -2   -1   -0.002179
   8    2   -1   -2    1   -0.002655
   8    2    0   -2    1   -0.002641
   8    3   -1   -2    0    0.004060
   8    3   -1    2    0    0.004089
   8    3   -1   -2    1    0.003277
   8    3   -1    2    1    0.003263
   8    3   -2   -1   -1   -0.000518
   8    3   -2    1   -1   -0.000527
   8    3   -2   -1    2   -0.003315
   8    3   -2    1    2   -0.003350
   8    2   -2    1   -1    0.000871
   8    2    1    1   -1    0.000868
   8    2   -2    1    1    0.002715
   8    2    1    1    1    0.002682
   8    3    1    0   -1    0.001325
   8    3    1    0    2    0.000707
   8    2   -1    1   -2    0.005952
   8    2    0    1   -2    0.005937
   8    2   -1    1    2    0.004014
   8    2    0    1    2    0.004036
   8    3   -1    0   -2   -0.011137
   8    3   -1    0    3    0.014432
   8    1    1   -1    0    0.004514
   8    1   -2    2    0    0.004514
   8    3    0   -2    0   -0.003787
   8    3    0    2    0   -0.003803
   8    3    0   -2    1   -0.003457
   8    3    0    2    1   -0.003473
   8    1   -2    0    2   -0.000921
   8    1   -1   -1    2   -0.000917
   8    1   -2    0   -2   -0.000936
   8    1   -1   -1   -2   -0.000940
   8    4   -2   -1    0   -0.004386
   8    4   -2    2    0   -0.005858
   8    4    1   -1    0    0.000763
   8    4    1    2    0   -0.004374
   8    4   -2   -1    1   -0.004370
   8    4   -2    2    1    0.000781
   8    4    1   -1    1   -0.005856
   8    4    1    2    1   -0.004359
   8    3    0    0   -2    0.003611
   8    3    0    0    3    0.001248
   8    4   -1    0   -2    0.002227
   8    4   -1    1   -2   -0.001909
   8    4    0    0   -2   -0.018897
   8    4    0    1   -2    0.002217
   8    4   -1    1    3   -0.018867
   8    4   -1    0    3    0.002223
   8    4    0    0    3   -0.001900
   8    4    0    1    3    0.002213
   8    2   -1    2    0   -0.003020
   8    2    0    2    0   -0.003023
   8    1   -2    1    2    0.003469
   8    1    0   -1    2    0.003467
   8    1   -2    1   -2    0.003461
   8    1    0   -1   -2    0.003463
   8    2   -2    0   -2    0.001432
   8    2    1    0   -2    0.001453
   8    2   -2    0    2   -0.001445
   8    2    1    0    2   -0.001445
   8    1   -2    2    1   -0.000409
   8    1    1   -1    1   -0.000409
   8    1    1   -1   -1   -0.000396
   8    1   -2    2   -1   -0.000396
   8    3    1   -1   -1    0.000931
   8    3    1    1   -1    0.000938
   8    3    1   -1    2   -0.001227
   8    3    1    1    2   -0.001230
   8    1   -1   -2    0   -0.002326
   8    1   -3    0    0   -0.002326
   8    3   -1   -1   -2   -0.005777
   8    3   -1    1   -2   -0.005777
   8    3   -1   -1    3    0.000839
   8    3   -1    1    3    0.000830
   8    3   -3    0    0    0.000874
   8    3   -3    0    1    0.000484
   8    2   -2   -2    0    0.000019
   8    2    1   -2    0    0.000026
   8    1    1    2    0    0.005051
   8    3   -1   -2   -1    0.001289
   8    3   -1    2   -1    0.001294
   8    3   -1   -2    2   -0.000489
   8    3   -1    2    2   -0.000490
   8    2   -1    2   -1   -0.000522
   8    2    0    2   -1   -0.000525
   8    2   -1    2    1   -0.004450
   8    2    0    2    1   -0.004454
   8    2   -2   -1   -2    0.001055
   8    2    1   -1   -2    0.001050
   8    2   -2   -1    2   -0.002228
   8    2    1   -1    2   -0.002221
   8    1   -1    2    2    0.003060
   8    1    1    0    2    0.003072
   8    1   -1    2   -2    0.003078
   8    1    1    0   -2    0.003066
   8    1   -3    1    0   -0.004678
   8    1    0   -2    0   -0.004678
   8    3    0   -1   -2   -0.000196
   8    3    0    1   -2   -0.000180
   8    3    0   -1    3    0.000002
   8    3    0    1    3   -0.000031
   8    3   -2   -2    0    0.000030
   8    3   -2    2    0    0.000022
   8    3   -2   -2    1   -0.002325
   8    3   -2    2    1   -0.002316
   8    3    0   -2   -1    0.001493
   8    3    0    2   -1    0.001492
   8    3    0   -2    2   -0.000486
   8    3    0    2    2   -0.000483
   8    4   -2   -1   -1   -0.002522
   8    4   -2    2   -1   -0.000128
   8    4    1   -1   -1   -0.001335
   8    4    1    2   -1   -0.002509
   8    4   -2   -1    2   -0.002530
   8    4   -2    2    2   -0.001320
   8    4    1   -1    2   -0.000130
   8    4    1    2    2   -0.002517
   8    1    0    2    2   -0.000592
   8    1    1    1    2   -0.000586
   8    1    0    2   -2   -0.000599
   8    1    1    1   -2   -0.000605
   8    3   -2    0   -2    0.000414
   8    3   -2    0    3   -0.001379
   8    1   -3    0    1   -0.000226
   8    1   -1   -2    1   -0.000226
   8    1   -3    0   -1   -0.000225
   8    1   -1   -2   -1   -0.000225
   8    2   -2   -2   -1    0.000049
   8    2    1   -2   -1    0.000051
   8    2   -2   -2    1    0.001380
   8    2    1   -2    1    0.001376
   8    2    2    0    0    0.001957
   8    2   -3    0    0    0.001956
   8    1   -2   -1    2    0.002766
   8    1   -2   -1   -2    0.002756
   8    1    1    2    1    0.004459
   8    1    1    2   -1    0.004461
   8    2   -1   -2   -2   -0.003901
   8    2    0   -2   -2   -0.003902
   8    2   -1   -2    2   -0.000108
   8    2    0   -2    2   -0.000104
   8    2   -2    1   -2    0.001291
   8    2    1    1   -2    0.001283
   8    2   -2    1    2   -0.001249
   8    2    1    1    2   -0.001256
   8    1   -1    0    3   -0.002674
   8    1   -1    0   -3   -0.002666
   8    1   -3    1    1   -0.001814
   8    1    0   -2    1   -0.001812
   8    1   -3    1   -1   -0.001818
   8    1    0   -2   -1   -0.001819
   8    3   -3   -1    0   -0.000612
   8    3   -3    1    0   -0.000610
   8    3   -3   -1    1    0.000669
   8    3   -3    1    1    0.000676
   8    2   -1    0   -3   -0.000200
   8    2    0    0   -3   -0.000188
   8    2   -1    0    3    0.008670
   8    2    0    0    3    0.008671
   8    4   -1   -2    0   -0.000646
   8    4    0   -2    0    0.000963
   8    4    2    0    0    0.000956
   8    4    2    1    0   -0.000643
   8    4   -3    1    0    0.000932
   8    4   -1    3    0    0.000929
   8    4    0    3    0   -0.001720
   8    4   -3    0    0   -0.001731
   8    4   -3    1    1    0.000953
   8    4   -1   -2    1   -0.001731
   8    4   -1    3    1    0.000946
   8    4    0   -2    1    0.000926
   8    4    0    3    1   -0.000646
   8    4    2    0    1    0.000923
   8    4    2    1    1   -0.001720
   8    4   -3    0    1   -0.000649
   8    1   -1    1    3    0.001279
   8    1    0    0    3    0.001278
   8    1   -1    1   -3    0.001283
   8    1    0    0   -3    0.001284
   8    4   -2    0   -2   -0.002715
   8    4   -2    1   -2   -0.001449
   8    4   -1   -1   -2   -0.000282
   8    4   -1    2   -2   -0.001443
   8    4    0   -1   -2   -0.004279
   8    4    0    2   -2   -0.002717
   8    4    1    0   -2   -0.004283
   8    4    1    1   -2   -0.000283
   8    4   -2    0    3   -0.000283
   8    4   -2    1    3   -0.004285
   8    4   -1   -1    3   -0.002710
   8    4   -1    2    3   -0.004289
   8    4    0   -1    3   -0.001448
   8    4    0    2    3   -0.000284
   8    4    1    0    3   -0.001442
   8    4    1    1    3   -0.002713
   8    2    2   -1    0    0.001749
   8    2   -3   -1    0    0.001758
   8    3   -3    0   -1    0.001218
   8    3   -3    0    2   -0.003590
   8    2    2    0   -1    0.001787
   8    2   -3    0   -1    0.001785
   8    2    2    0    1    0.000292
   8    2   -3    0    1    0.000293
   8    3    1   -2    0    0.002884
   8    3    1    2    0    0.002885
   8    3    1   -2    1    0.000111
   8    3    1    2    1    0.000111
   8    2   -2    2    0    0.000110
   8    2    1    2    0    0.000116
   8    1   -2   -2    0   -0.000298
   8    1   -3   -1    0   -0.000298
   8    3   -2   -1   -2   -0.000370
   8    3   -2    1   -2   -0.000378
   8    3   -2   -1    3    0.002624
   8    3   -2    1    3    0.002613
   8    3    1    0   -2    0.001646
   8    3    1    0    3    0.001699
   8    2   -1   -1   -3   -0.003171
   8    2    0   -1   -3   -0.003197
   8    2   -1   -1    3    0.000566
   8    2    0   -1    3    0.000565
   8    1    0    1    3   -0.002803
   8    1    0    1   -3   -0.002813
   8    1    2    0    0   -0.002971
   8    1   -1    3    0   -0.002971
   8    3   -2   -2   -1    0.001697
   8    3   -2    2   -1    0.001698
   8    3   -2   -2    2   -0.001924
   8    3   -2    2    2   -0.001932
   8    3    2    0    0    0.000773
   8    3    2    0    1   -0.001464
   8    1   -2    2    2   -0.000768
   8    1    1   -1    2   -0.000767
   8    1   -2    2   -2   -0.000761
   8    1    1   -1   -2   -0.000762
   8    2    2   -1   -1   -0.000373
   8    2   -3   -1   -1   -0.000363
   8    2    2   -1    1    0.002151
   8    2   -3   -1    1    0.002165
   8    2    2    1    0   -0.000157
   8    2   -3    1    0   -0.000149
   8    1    2    1    0   -0.000936
   8    1    0    3    0   -0.000936
   8    2   -2    2   -1   -0.000114
   8    2    1    2   -1   -0.000123
   8    2   -2    2    1    0.000789
   8    2    1    2    1    0.000788
   8    2   -1    2   -2   -0.001398
   8    2    0    2   -2   -0.001398
   8    2   -1    2    2   -0.001266
   8    2    0    2    2   -0.001265
   8    1   -2   -2    1    0.000722
   8    1   -3   -1    1    0.000722
   8    1   -2   -2   -1    0.000725
   8    1   -3   -1   -1    0.000725
   8    3   -3   -1   -1    0.000524
   8    3   -3    1   -1    0.000523
   8    3   -3   -1    2   -0.001326
   8    3   -3    1    2   -0.001328
   8    2   -1    1   -3    0.001960
   8    2    0    1   -3    0.001963
   8    2   -1    1    3    0.001088
   8    2    0    1    3    0.001088
   8    1    2    0    1    0.001519
   8    1   -1    3    1    0.001520
   8    1    2    0   -1    0.001520
   8    1   -1    3   -1    0.001519
   8    4   -1   -2   -1    0.000768
   8    4    0   -2   -1    0.000518
   8    4    2    0   -1    0.000524
   8    4    2    1   -1    0.000771
   8    4   -3    0   -1   -0.000071
   8    4   -3    1   -1    0.000039
   8    4   -1    3   -1    0.000041
   8    4    0    3   -1   -0.000065
   8    4   -3    1    2    0.000518
   8    4   -1   -2    2   -0.000069
   8    4   -1    3    2    0.000523
   8    4    0   -2    2    0.000043
   8    4    0    3    2    0.000775
   8    4    2    0    2    0.000045
   8    4    2    1    2   -0.000063
   8    4   -3    0    2    0.000771
   8    1   -2    0    3    0.001820
   8    1   -1   -1    3    0.001818
   8    1   -2    0   -3    0.001813
   8    1   -1   -1   -3    0.001814
   8    2   -1   -3    0    0.000808
   8    2    0   -3    0    0.000803
   8    1   -3    2    0   -0.000948
   8    1    1   -2    0   -0.000948
   8    3    1   -1   -2   -0.000104
   8    3    1    1   -2   -0.000108
   8    3    1   -1    3    0.000519
   8    3    1    1    3    0.000515
   8    1   -1   -2    2    0.000738
   8    1   -3    0    2    0.000741
   8    1   -3    0   -2    0.000738
   8    1   -1   -2   -2    0.000741
   8    2    2    1   -1   -0.000376
   8    2   -3    1   -1   -0.000368
   8    2    2    1    1   -0.000463
   8    2   -3    1    1   -0.000458
   8    1    2    1    1   -0.000948
   8    1    0    3    1   -0.000946
   8    1    2    1   -1   -0.000942
   8    1    0    3   -1   -0.000943
   8    3    2   -1    0    0.002905
   8    3    2    1    0    0.002920
   8    3    2   -1    1    0.000483
   8    3    2    1    1    0.000493
   8    2   -2   -2   -2    0.000620
   8    2    1   -2   -2    0.000622
   8    2   -2   -2    2    0.000027
   8    2    1   -2    2    0.000026
   8    3    1   -2   -1   -0.000288
   8    3    1    2   -1   -0.000286
   8    3    1   -2    2   -0.000557
   8    3    1    2    2   -0.000557
   8    1    1    2    2   -0.000851
   8    1    1    2   -2   -0.000851
   8    3   -1   -2   -2    0.000207
   8    3   -1    2   -2    0.000205
   8    3   -1   -2    3    0.000722
   8    3   -1    2    3    0.000720
   8    1   -2    1    3    0.002488
   8    1    0   -1    3    0.002487
   8    1   -2    1   -3    0.002484
   8    1    0   -1   -3    0.002485
   8    2   -2    0   -3   -0.000406
   8    2    1    0   -3   -0.000400
   8    2   -2    0    3   -0.000277
   8    2    1    0    3   -0.000277
   8    1   -3    1    2   -0.000305
   8    1    0   -2    2   -0.000303
   8    1    0   -2   -2   -0.000305
   8    1   -3    1   -2   -0.000302
   8    4   -3   -1    0    0.000044
   8    4   -3    2    0    0.000637
   8    4   -2   -2    0   -0.000979
   8    4   -2    3    0    0.000637
   8    4    1   -2    0   -0.000909
   8    4    1    3    0    0.000046
   8    4    2   -1    0   -0.000908
   8    4    2    2    0   -0.000976
   8    4   -3   -1    1   -0.000982
   8    4   -3    2    1   -0.000907
   8    4   -2   -2    1    0.000039
   8    4   -2    3    1   -0.000905
   8    4    1   -2    1    0.000634
   8    4    1    3    1   -0.000978
   8    4    2   -1    1    0.000634
   8    4    2    2    1    0.000042
   8    3   -1    0   -3   -0.000920
   8    3   -1    0    4    0.002685
   8    3    2    0   -1   -0.001944
   8    3    2    0    2   -0.001842
   8    3    0   -2   -2    0.000042
   8    3    0    2   -2    0.000047
   8    3    0   -2    3    0.000093
   8    3    0    2    3    0.000095
   8    4   -2   -1   -2   -0.000835
   8    4   -2    2   -2   -0.000107
   8    4    1   -1   -2    0.001136
   8    4    1    2   -2   -0.000832
   8    4   -2   -1    3   -0.000834
   8    4   -2    2    3    0.001133
   8    4    1   -1    3   -0.000104
   8    4    1    2    3   -0.000831
   8    2   -1   -3   -1    0.001588
   8    2    0   -3   -1    0.001589
   8    2   -1   -3    1    0.001220
   8    2    0   -3    1    0.001217
   8    1    1   -2    1   -0.000045
   8    1   -3    2    1   -0.000044
   8    1   -3    2   -1   -0.000043
   8    1    1   -2   -1   -0.000042
   8    1    2   -1    0   -0.000839
   8    1   -2    3    0   -0.000839
   8    3    0    0   -3   -0.000327
   8    3    0    0    4   -0.000144
   8    2    2    0   -2   -0.000365
   8    2   -3    0   -2   -0.000368
   8    2    2    0    2   -0.000046
   8    2   -3    0    2   -0.000047
   8    4   -1    0   -3    0.000351
   8    4   -1    1   -3    0.000474
   8    4    0    0   -3   -0.002022
   8    4    0    1   -3    0.000343
   8    4   -1    0    4    0.000356
   8    4   -1    1    4   -0.002012
   8    4    0    0    4    0.000484
   8    4    0    1    4    0.000349
   8    2   -2   -1   -3    0.001870
   8    2    1   -1   -3    0.001872
   8    2   -2   -1    3   -0.000833
   8    2    1   -1    3   -0.000830
   8    1   -1    2    3    0.001092
   8    1    1    0    3    0.001092
   8    1   -1    2   -3    0.001087
   8    1    1    0   -3    0.001087
   8    3   -1   -3    0   -0.000537
   8    3   -1    3    0   -0.000536
   8    3   -1   -3    1   -0.000285
   8    3   -1    3    1   -0.000283
   8    3   -3   -2    0    0.000308
   8    3   -3    2    0    0.000306
   8    3   -3   -2    1    0.000118
   8    3   -3    2    1    0.000118
   8    2    2   -2    0    0.000842
   8    2   -3   -2    0    0.000843
   8    1    0    2    3   -0.000763
   8    1    1    1    3   -0.000765
   8    1    0    2   -3   -0.000768
   8    1    1    1   -3   -0.000766
   8    1    2   -1    1   -0.000493
   8    1   -2    3    1   -0.000492
   8    1    2   -1   -1   -0.000487
   8    1   -2    3   -1   -0.000488
   8    3    0   -3    0    0.001040
   8    3    0    3    0    0.001035
   8    3    0   -3    1    0.000354
   8    3    0    3    1    0.000351
   8    3   -1   -1   -3   -0.000601
   8    3   -1    1   -3   -0.000600
   8    3   -1   -1    4   -0.001326
   8    3   -1    1    4   -0.001317
   8    2    2   -1   -2   -0.000209
   8    2   -3   -1   -2   -0.000205
   8    2    2   -1    2    0.001065
   8    2   -3   -1    2    0.001067
   8    3    2   -1   -1   -0.000289
   8    3    2    1   -1   -0.000286
   8    3    2   -1    2   -0.000095
   8    3    2    1    2   -0.000090
   8    3   -3    0   -2    0.000607
   8    3   -3    0    3   -0.001244
   8    1   -2   -1    3   -0.000051
   8    1   -2   -1   -3   -0.000048
   8    2   -2    2   -2    0.000350
   8    2    1    2   -2    0.000347
   8    2   -2    2    2   -0.000577
   8    2    1    2    2   -0.000578
   8    2   -1   -2   -3   -0.000152
   8    2    0   -2   -3   -0.000158
   8    2   -1   -2    3   -0.000215
   8    2    0   -2    3   -0.000217
   8    1   -2   -2    2   -0.000189
   8    1   -3   -1    2   -0.000190
   8    1   -3   -1   -2   -0.000186
   8    1   -2   -2   -2   -0.000187
   8    2   -2    1   -3    0.000394
   8    2    1    1   -3    0.000394
   8    2   -2    1    3   -0.000254
   8    2    1    1    3   -0.000256
   8    1    2    2    0   -0.003249
   8    1    1    3    0   -0.003249
   8    3    0   -1   -3   -0.000831
   8    3    0    1   -3   -0.000831
   8    3    0   -1    4   -0.000004
   8    3    0    1    4   -0.000009
   8    4   -2   -2   -1   -0.000063
   8    4    1   -2   -1   -0.000413
   8    4    2   -1   -1   -0.000412
   8    4    2    2   -1   -0.000063
   8    4   -3   -1   -1   -0.000449
   8    4   -3    2   -1    0.000426
   8    4   -2    3   -1    0.000425
   8    4    1    3   -1   -0.000447
   8    4   -3   -1    2   -0.000058
   8    4   -3    2    2   -0.000414
   8    4   -2   -2    2   -0.000450
   8    4   -2    3    2   -0.000413
   8    4    1   -2    2    0.000423
   8    4    1    3    2   -0.000058
   8    4    2   -1    2    0.000422
   8    4    2    2    2   -0.000447
   8    1    2    0    2    0.000865
   8    1   -1    3    2    0.000865
   8    1    2    0   -2    0.000868
   8    1   -1    3   -2    0.000869
   8    3   -2   -2   -2    0.000679
   8    3   -2    2   -2    0.000679
   8    3   -2   -2    3   -0.000096
   8    3   -2    2    3   -0.000097
   8    2   -2   -3    0    0.000955
   8    2    1   -3    0    0.000954
   8    2   -3   -2   -1    0.000512
   8    2    2   -2   -1    0.000513
   8    2    2   -2    1   -0.000124
   8    2   -3   -2    1   -0.000125
   8    3   -2    0   -3   -0.000287
   8    3   -2    0    4   -0.001255
   8    2   -1    3    0    0.000170
   8    2    0    3    0    0.000171
   8    2    2    1   -2    0.000268
   8    2   -3    1   -2    0.000271
   8    2    2    1    2   -0.000229
   8    2   -3    1    2   -0.000230
   8    1    0    3    2   -0.000477
   8    1    2    1    2   -0.000476
   8    1    2    1   -2   -0.000475
   8    1    0    3   -2   -0.000473
   8    3   -1   -3   -1   -0.000702
   8    3   -1    3   -1   -0.000701
   8    3   -1   -3    2   -0.000852
   8    3   -1    3    2   -0.000851
   8    1    1    3    1    0.000343
   8    1    2    2    1    0.000344
   8    1    2    2   -1    0.000343
   8    1    1    3   -1    0.000344
   8    1   -3   -2    0   -0.000717
   8    3   -3   -1   -2   -0.000078
   8    3   -3    1   -2   -0.000080
   8    3   -3   -1    3   -0.000053
   8    3   -3    1    3   -0.000056
   8    1   -2    2    3   -0.001141
   8    1    1   -1    3   -0.001141
   8    1   -2    2   -3   -0.001139
   8    1    1   -1   -3   -0.001140
   8    4   -3    0   -2   -0.000240
   8    4   -3    1   -2   -0.000441
   8    4   -1   -2   -2    0.000085
   8    4   -1    3   -2   -0.000438
   8    4    0   -2   -2    0.000034
   8    4    0    3   -2   -0.000239
   8    4    2    0   -2    0.000032
   8    4    2    1   -2    0.000083
   8    4   -3    1    3    0.000037
   8    4   -1   -2    3   -0.000236
   8    4   -1    3    3    0.000035
   8    4    0   -2    3   -0.000440
   8    4    0    3    3    0.000087
   8    4    2    0    3   -0.000437
   8    4    2    1    3   -0.000234
   8    4   -3    0    3    0.000089
   8    2   -2   -3   -1    0.000182
   8    2    1   -3   -1    0.000179
   8    2   -2   -3    1    0.000185
   8    2    1   -3    1    0.000187
   8    3   -2   -3    0   -0.000129
   8    3   -2    3    0   -0.000131
   8    3   -2   -3    1   -0.000736
   8    3   -2    3    1   -0.000738
   8    3   -3   -2   -1    0.000008
   8    3   -3    2   -1    0.000007
   8    3   -3   -2    2    0.000147
   8    3   -3    2    2    0.000147
   8    2   -3    2    0   -0.000046
   8    2    2    2    0   -0.000045
   8    2   -1   -3   -2    0.000419
   8    2    0   -3   -2    0.000422
   8    2   -1   -3    2    0.000413
   8    2    0   -3    2    0.000412
   8    1   -3    2    2   -0.000115
   8    1    1   -2    2   -0.000115
   8    1   -3    2   -2   -0.000113
   8    1    1   -2   -2   -0.000114
   8    3    0   -3   -1   -0.000729
   8    3    0    3   -1   -0.000730
   8    3    0   -3    2   -0.000282
   8    3    0    3    2   -0.000283
   8    2   -1    3   -1    0.000261
   8    2    0    3   -1    0.000261
   8    2   -1    3    1   -0.000565
   8    2    0    3    1   -0.000568
   8    4   -2    0   -3    0.000659
   8    4   -2    1   -3   -0.000453
   8    4   -1   -1   -3   -0.000149
   8    4   -1    2   -3   -0.000451
   8    4    0   -1   -3   -0.001161
   8    4    0    2   -3    0.000655
   8    4    1    0   -3   -0.001160
   8    4    1    1   -3   -0.000149
   8    4   -2    0    4   -0.000150
   8    4   -2    1    4   -0.001162
   8    4   -1   -1    4    0.000659
   8    4   -1    2    4   -0.001161
   8    4    0   -1    4   -0.000456
   8    4    0    2    4   -0.000150
   8    4    1    0    4   -0.000454
   8    4    1    1    4    0.000656
   8    1   -4    0    0    0.000232
   8    1   -1   -3    0    0.000232
   8    3   -4    0    0    0.001043
   8    3   -4    0    1    0.000874
   8    3    1   -2   -2    0.000501
   8    3    1    2   -2    0.000500
   8    3    1   -2    3   -0.000300
   8    3    1    2    3   -0.000301
   8    2   -1    2   -3   -0.000399
   8    2    0    2   -3   -0.000403
   8    2   -1    2    3   -0.000656
   8    2    0    2    3   -0.000656
   8    3   -2   -1   -3   -0.001118
   8    3   -2    1   -3   -0.001118
   8    3   -2   -1    4    0.000414
   8    3   -2    1    4    0.000416
   8    3    2   -2    0    0.000261
   8    3    2    2    0    0.000260
   8    3    2   -2    1   -0.000127
   8    3    2    2    1   -0.000127
   8    3    1    0   -3   -0.000207
   8    3    1    0    4    0.000104
   8    1   -1    0    4    0.000055
   8    1   -1    0   -4    0.000060
   8    1   -3   -2    1   -0.000044
   8    1   -3   -2   -1   -0.000045
   8    1   -4    1    0    0.000071
   8    1    0   -3    0    0.000071
   8    2   -1    0   -4    0.000131
   8    2    0    0   -4    0.000135
   8    2   -1    0    4    0.001690
   8    2    0    0    4    0.001695
   8    3    2    0   -2    0.000241
   8    3    2    0    3   -0.000163
   8    2   -3    2   -1    0.000154
   8    2    2    2   -1    0.000155
   8    2   -3    2    1   -0.000410
   8    2    2    2    1   -0.000410
   8    1    2   -1    2   -0.000340
   8    1   -2    3    2   -0.000340
   8    1   -2    3   -2   -0.000339
   8    1    2   -1   -2   -0.000339
   8    1   -1    1    4    0.000257
   8    1    0    0    4    0.000257
   8    1   -1    1   -4    0.000261
   8    1    0    0   -4    0.000261
   8    1   -1   -2    3    0.000151
   8    1   -3    0    3    0.000152
   8    1   -1   -2   -3    0.000152
   8    1   -3    0   -3    0.000151
   8    1   -4    0    1   -0.000442
   8    1   -1   -3    1   -0.000441
   8    1   -4    0   -1   -0.000442
   8    1   -1   -3   -1   -0.000442
   8    2   -2   -2   -3    0.000523
   8    2    1   -2   -3    0.000525
   8    2   -2   -2    3   -0.000079
   8    2    1   -2    3   -0.000079
   8    1    1    2    3   -0.000964
   8    1    1    2   -3   -0.000964
   8    3    1   -3    0   -0.000281
   8    3    1    3    0   -0.000281
   8    3    1   -3    1   -0.000013
   8    3    1    3    1   -0.000015
   8    2   -1   -1   -4   -0.001687
   8    2    0   -1   -4   -0.001693
   8    2   -1   -1    4   -0.000201
   8    2    0   -1    4   -0.000202
   8    1    0    1    4   -0.000604
   8    1    0    1   -4   -0.000600
   8    1    0   -2    3    0.000074
   8    1   -3    1    3    0.000072
   8    1    0   -2   -3    0.000074
   8    1   -3    1   -3    0.000076
   8    1   -4    1    1   -0.000279
   8    1    0   -3    1   -0.000278
   8    1   -4    1   -1   -0.000280
   8    1    0   -3   -1   -0.000280
   8    3   -4   -1    0   -0.000061
   8    3   -4    1    0   -0.000064
   8    3   -4   -1    1    0.000386
   8    3   -4    1    1    0.000383
   8    5    0    0    0    1.592359
   8    5    0    0    1    1.592359
   8    6    0    0    0    0.481603
   8    6    0    0    1    1.189256
   8    7    0    1    0    1.178072
   8    7    0    0    0    1.178072
   8    6    0    1    0    0.120679
   8    6    0    1    1    0.236080
   8    8    0    0   -1    0.337158
   8    8    0    0    1    0.337158
   8    5   -1    0    0    0.106713
   8    5    0   -1    0    0.107642
   8    5   -1    0    1    0.106713
   8    5    0   -1    1    0.107642
   8    7   -1    1    0   -0.175664
   8    7   -1    0    0   -0.175664
   8    7    0    0   -1   -0.127900
   8    7    0    1   -1   -0.127900
   8    7    0    1    1   -0.068734
   8    7    0    0    1   -0.068734
   8    8    0   -1    0   -0.012017
   8    8    0    1    0   -0.012017
   8    8    1    0    0   -0.011736
   8    8   -1    0    0   -0.011736
   8    6    1    0    0    0.018347
   8    6   -1    0    0    0.018347
   8    6    1    0    1    0.001733
   8    6   -1    0    1    0.001733
   8    5   -1   -1    0    0.018704
   8    5   -1   -1    1    0.018704
   8    5    0    1    0   -0.045424
   8    5    1    0    0   -0.045361
   8    5    0    1    1   -0.045424
   8    5    1    0    1   -0.045361
   8    7   -1    0   -1    0.013165
   8    7   -1    1   -1    0.013165
   8    7   -1    0    1    0.063805
   8    7   -1    1    1    0.063805
   8    6    1    1    0   -0.027624
   8    6   -1    1    0   -0.027624
   8    6   -1    1    1    0.045152
   8    6    1    1    1    0.045152
   8    7    1    1    0   -0.058618
   8    7    1    0    0   -0.058618
   8    5    0    0   -1    0.003442
   8    5    0    0    2    0.003442
   8    6    0    0   -1    0.033129
   8    6    0    0    2   -0.040760
   8    8    0   -1   -1   -0.031203
   8    8    0   -1    1    0.016880
   8    8    0    1   -1    0.016880
   8    8    0    1    1   -0.031203
   8    8    1    0   -1   -0.031325
   8    8    1    0    1    0.016744
   8    8   -1    0   -1    0.016744
   8    8   -1    0    1   -0.031325
   8    6    0   -1    0   -0.018421
   8    6    0   -1    1   -0.002148
   8    8    1   -1    0    0.015683
   8    8    1    1    0    0.030841
   8    8   -1   -1    0    0.030841
   8    8   -1    1    0    0.015683
   8    6    0    1   -1   -0.015902
   8    6    0    1    2    0.009442
   8    5   -1    1    0    0.030845
   8    5    1   -1    0    0.030864
   8    5   -1    1    1    0.030845
   8    5    1   -1    1    0.030864
   8    7    0   -1    0   -0.004625
   8    7    0    2    0   -0.004625
   8    5   -1    0   -1   -0.008282
   8    5    0   -1   -1   -0.008370
   8    5   -1    0    2   -0.008282
   8    5    0   -1    2   -0.008370
   8    7    1    1   -1   -0.000683
   8    7    1    0   -1   -0.000683
   8    7    1    0    1    0.008659
   8    7    1    1    1    0.008659
   8    6   -1    0   -1    0.004091
   8    6    1    0   -1    0.004091
   8    6    1    0    2   -0.016805
   8    6   -1    0    2   -0.016805
   8    8   -1   -1   -1   -0.017361
   8    8   -1   -1    1   -0.017307
   8    8   -1    1   -1   -0.012863
   8    8   -1    1    1    0.001995
   8    8    1   -1   -1    0.001995
   8    8    1   -1    1   -0.012863
   8    8    1    1   -1   -0.017307
   8    8    1    1    1   -0.017361
   8    8    0    0   -2    0.003011
   8    8    0    0    2    0.003011
   8    6   -1   -1    0   -0.003797
   8    6    1   -1    0   -0.003797
   8    6   -1   -1    1   -0.014562
   8    6    1   -1    1   -0.014562
   8    7   -1   -1    0    0.015324
   8    7   -1    2    0    0.015324
   8    5   -1   -1   -1   -0.002075
   8    5   -1   -1    2   -0.002075
   8    5    1    1    0    0.009863
   8    5    1    1    1    0.009863
   8    7    0   -1   -1   -0.004992
   8    7    0    2   -1   -0.004992
   8    7    0   -1    1    0.002195
   8    7    0    2    1    0.002195
   8    6    0    2    0   -0.001221
   8    6    0    2    1    0.003980
   8    5    0    1   -1   -0.011309
   8    5    1    0   -1   -0.011296
   8    5    0    1    2   -0.011309
   8    5    1    0    2   -0.011296
   8    6   -1    1   -1    0.006090
   8    6    1    1   -1    0.006090
   8    6   -1    1    2    0.004568
   8    6    1    1    2    0.004568
   8    7    0    0   -2    0.014618
   8    7    0    1   -2    0.014618
   8    7    0    1    2   -0.009145
   8    7    0    0    2   -0.009145
   8    6    0   -1   -1    0.010181
   8    6    0   -1    2    0.003555
   8    5   -2    0    0    0.002832
   8    5    0   -2    0    0.002851
   8    5   -2    0    1    0.002832
   8    5    0   -2    1    0.002851
   8    7   -2    0    0   -0.007588
   8    7   -2    1    0   -0.007588
   8    7   -1   -1   -1   -0.001280
   8    7   -1    2   -1   -0.001280
   8    7   -1   -1    1   -0.000798
   8    7   -1    2    1   -0.000798
   8    7    1   -1    0   -0.002221
   8    7    1    2    0   -0.002221
   8    5   -1    1   -1    0.010219
   8    5    1   -1   -1    0.010213
   8    5   -1    1    2    0.010219
   8    5    1   -1    2    0.010213
   8    7   -1    0   -2    0.004314
   8    7   -1    1   -2    0.004314
   8    7   -1    0    2    0.006218
   8    7   -1    1    2    0.006218
   8    8   -1    0   -2   -0.003135
   8    8   -1    0    2    0.001635
   8    8    0   -1   -2    0.001647
   8    8    0   -1    2   -0.003156
   8    8    0    1   -2   -0.003156
   8    8    0    1    2    0.001647
   8    8    1    0   -2    0.001635
   8    8    1    0    2   -0.003135
   8    6   -1    2    0    0.001550
   8    6    1    2    0    0.001550
   8    6   -1    2    1   -0.000637
   8    6    1    2    1   -0.000637
   8    8   -2    0    0   -0.003004
   8    8    0   -2    0   -0.003044
   8    8    0    2    0   -0.003044
   8    8    2    0    0   -0.003004
   8    5   -2   -1    0    0.013603
   8    5   -1   -2    0    0.013654
   8    5   -2   -1    1    0.013603
   8    5   -1   -2    1    0.013654
   8    7   -2    0   -1   -0.002639
   8    7   -2    1   -1   -0.002639
   8    7   -2    0    1   -0.002168
   8    7   -2    1    1   -0.002168
   8    6   -2    0    0    0.003254
   8    6    2    0    0    0.003254
   8    6   -2    0    1    0.004049
   8    6    2    0    1    0.004049
   8    6   -1   -1   -1   -0.003335
   8    6    1   -1   -1   -0.003335
   8    6   -1   -1    2   -0.000524
   8    6    1   -1    2   -0.000524
   8    7    1   -1   -1    0.002700
   8    7    1    2   -1    0.002700
   8    7    1   -1    1    0.000869
   8    7    1    2    1    0.000869
   8    5    1    1   -1   -0.000975
   8    5    1    1    2   -0.000975
   8    6    0    2   -1    0.000713
   8    6    0    2    2    0.001326
   8    7    1    1   -2    0.004035
   8    7    1    0   -2    0.004035
   8    7    1    0    2    0.005956
   8    7    1    1    2    0.005956
   8    5    0    0   -2    0.004987
   8    5    0    0    3    0.004987
   8    6    0    0   -2    0.014473
   8    6    0    0    3   -0.011109
   8    6   -2    1    0   -0.003447
   8    6    2    1    0   -0.003447
   8    6   -2    1    1   -0.003785
   8    6    2    1    1   -0.003785
   8    8   -2    0   -1   -0.002383
   8    8   -2    0    1   -0.008187
   8    8    0   -2   -1   -0.008241
   8    8    0   -2    1   -0.002396
   8    8    0    2   -1   -0.002396
   8    8    0    2    1   -0.008241
   8    8    2    0   -1   -0.008187
   8    8    2    0    1   -0.002383
   8    8   -1   -1   -2   -0.001063
   8    8   -1   -1    2   -0.001050
   8    8   -1    1   -2   -0.001515
   8    8   -1    1    2   -0.005492
   8    8    1   -1   -2   -0.005492
   8    8    1   -1    2   -0.001515
   8    8    1    1   -2   -0.001050
   8    8    1    1    2   -0.001063
   8    6    0    1   -2    0.001252
   8    6    0    1    3    0.003581
   8    5   -2    1    0    0.001641
   8    5    1   -2    0    0.001626
   8    5   -2    1    1    0.001641
   8    5    1   -2    1    0.001626
   8    5   -2    0   -1    0.002348
   8    5    0   -2   -1    0.002361
   8    5   -2    0    2    0.002348
   8    5    0   -2    2    0.002361
   8    5    0    2    0   -0.000451
   8    5    2    0    0   -0.000453
   8    5    0    2    1   -0.000451
   8    5    2    0    1   -0.000453
   8    8   -2   -1    0    0.001461
   8    8   -2    1    0   -0.006693
   8    8   -1   -2    0    0.001469
   8    8   -1    2    0   -0.006719
   8    8    1   -2    0   -0.006719
   8    8    1    2    0    0.001469
   8    8    2   -1    0   -0.006693
   8    8    2    1    0    0.001461
   8    7    2    1    0   -0.003019
   8    7    2    0    0   -0.003019
   8    7    0   -1   -2   -0.001445
   8    7    0    2   -2   -0.001445
   8    7    0   -1    2    0.001454
   8    7    0    2    2    0.001454
   8    5   -1    0   -2   -0.005998
   8    5    0   -1   -2   -0.006018
   8    5   -1    0    3   -0.005998
   8    5    0   -1    3   -0.006018
   8    6   -1    2   -1   -0.001224
   8    6    1    2   -1   -0.001224
   8    6   -1    2    2    0.000930
   8    6    1    2    2    0.000930
   8    6   -1    0   -2    0.000837
   8    6    1    0   -2    0.000837
   8    6   -1    0    3   -0.005764
   8    6    1    0    3   -0.005764
   8    6    0   -2    0    0.000480
   8    6    0   -2    1    0.000864
   8    7   -2   -1    0    0.000023
   8    7   -2    2    0    0.000023
   8    5   -2   -1   -1    0.002522
   8    5   -1   -2   -1    0.002536
   8    5   -2   -1    2    0.002522
   8    5   -1   -2    2    0.002536
   8    5   -1    2    0    0.009599
   8    5    2   -1    0    0.009560
   8    5   -1    2    1    0.009599
   8    5    2   -1    1    0.009560
   8    6   -2    0   -1   -0.000496
   8    6    2    0   -1   -0.000496
   8    6   -2    0    2    0.001287
   8    6    2    0    2    0.001287
   8    8   -2   -1   -1   -0.000901
   8    8   -2   -1    1   -0.000731
   8    8   -2    1   -1   -0.001905
   8    8   -2    1    1   -0.001526
   8    8   -1   -2   -1   -0.000740
   8    8   -1   -2    1   -0.000910
   8    8   -1    2   -1   -0.001911
   8    8   -1    2    1   -0.001534
   8    8    1   -2   -1   -0.001534
   8    8    1   -2    1   -0.001911
   8    8    1    2   -1   -0.000910
   8    8    1    2    1   -0.000740
   8    8    2   -1   -1   -0.001526
   8    8    2   -1    1   -0.001905
   8    8    2    1   -1   -0.000731
   8    8    2    1    1   -0.000901
   8    7    2    0   -1   -0.004452
   8    7    2    1   -1   -0.004452
   8    7    2    1    1   -0.000521
   8    7    2    0    1   -0.000521
   8    7   -1   -1   -2   -0.002224
   8    7   -1    2   -2   -0.002224
   8    7   -1   -1    2    0.001055
   8    7   -1    2    2    0.001055
   8    5   -1   -1   -2   -0.001006
   8    5   -1   -1    3   -0.001006
   8    5    0    1   -2    0.000719
   8    5    1    0   -2    0.000718
   8    5    0    1    3    0.000719
   8    5    1    0    3    0.000718
   8    6   -1    1   -2   -0.000018
   8    6    1    1   -2   -0.000018
   8    6   -1    1    3   -0.000186
   8    6    1    1    3   -0.000186
   8    6   -2   -1    0   -0.002321
   8    6    2   -1    0   -0.002321
   8    6   -2   -1    1    0.000029
   8    6    2   -1    1    0.000029
   8    6   -2    1   -1   -0.000487
   8    6    2    1   -1   -0.000487
   8    6   -2    1    2    0.001508
   8    6    2    1    2    0.001508
   8    6    0   -1   -2   -0.001381
   8    6    0   -1    3    0.000410
   8    7   -2   -1   -1    0.001382
   8    7   -2    2   -1    0.001382
   8    7   -2   -1    1    0.000051
   8    7   -2    2    1    0.000051
   8    7    0   -2    0    0.001965
   8    7    0    3    0    0.001965
   8    5   -2    1   -1   -0.001568
   8    5    1   -2   -1   -0.001574
   8    5   -2    1    2   -0.001568
   8    5    1   -2    2   -0.001574
   8    8    0    0    3   -0.006613
   8    8    0    0   -3   -0.006613
   8    5    1    2    0   -0.003377
   8    5    2    1    0   -0.003359
   8    5    1    2    1   -0.003377
   8    5    2    1    1   -0.003359
   8    5    0    2   -1    0.002540
   8    5    2    0   -1    0.002541
   8    5    0    2    2    0.002540
   8    5    2    0    2    0.002541
   8    7   -2    0   -2   -0.000107
   8    7   -2    1   -2   -0.000107
   8    7   -2    0    2   -0.003901
   8    7   -2    1    2   -0.003901
   8    7    1   -1   -2   -0.001262
   8    7    1    2   -2   -0.001262
   8    7    1   -1    2    0.001291
   8    7    1    2    2    0.001291
   8    5   -1    1   -2    0.001270
   8    5    1   -1   -2    0.001279
   8    5   -1    1    3    0.001270
   8    5    1   -1    3    0.001279
   8    6   -1   -2    0    0.000678
   8    6    1   -2    0    0.000678
   8    6   -1   -2    1   -0.000609
   8    6    1   -2    1   -0.000609
   8    7    0    0   -3    0.008697
   8    7    0    1   -3    0.008697
   8    7    0    0    3   -0.000192
   8    7    0    1    3   -0.000192
   8    5   -2   -2    0    0.002853
   8    5   -2   -2    1    0.002853
   8    8   -2    0   -2   -0.002610
   8    8   -2    0    2    0.000962
   8    8    0   -2   -2    0.000970
   8    8    0   -2    2   -0.002610
   8    8    0    2   -2   -0.002610
   8    8    0    2    2    0.000970
   8    8    2    0   -2    0.000962
   8    8    2    0    2   -0.002610
   8    7   -1   -2    0    0.001757
   8    7   -1    3    0    0.001757
   8    6    0   -2   -1   -0.003599
   8    6    0   -2    2    0.001217
   8    7    0   -2   -1    0.000297
   8    7    0    3   -1    0.000297
   8    7    0   -2    1    0.001786
   8    7    0    3    1    0.001786
   8    6   -2    2    0    0.000113
   8    6    2    2    0    0.000113
   8    6   -2    2    1    0.002885
   8    6    2    2    1    0.002885
   8    7    2   -1    0    0.000109
   8    7    2    2    0    0.000109
   8    5   -1    2   -1    0.001945
   8    5    2   -1   -1    0.001934
   8    5   -1    2    2    0.001945
   8    5    2   -1    2    0.001934
   8    6   -1   -1   -2    0.002621
   8    6    1   -1   -2    0.002621
   8    6   -1   -1    3   -0.000373
   8    6    1   -1    3   -0.000373
   8    5    1    1   -2   -0.000152
   8    5    1    1    3   -0.000152
   8    6    0    2   -2    0.001694
   8    6    0    2    3    0.001657
   8    7   -1    0   -3    0.000572
   8    7   -1    1   -3    0.000572
   8    7   -1    0    3   -0.003178
   8    7   -1    1    3   -0.003178
   8    8   -1    0    3   -0.000490
   8    8    0   -1    3   -0.000210
   8    8    0    1    3   -0.000500
   8    8    1    0    3   -0.000202
   8    8   -1    0   -3   -0.000202
   8    8    0   -1   -3   -0.000500
   8    8    0    1   -3   -0.000210
   8    8    1    0   -3   -0.000490
   8    6   -2   -1   -1   -0.001925
   8    6    2   -1   -1   -0.001925
   8    6   -2   -1    2    0.001696
   8    6    2   -1    2    0.001696
   8    6    0    3    0   -0.001467
   8    6    0    3    1    0.000768
   8    7   -1   -2   -1    0.002159
   8    7   -1    3   -1    0.002159
   8    7   -1   -2    1   -0.000369
   8    7   -1    3    1   -0.000369
   8    7    1   -2    0   -0.000153
   8    7    1    3    0   -0.000153
   8    7    2   -1   -1    0.000788
   8    7    2    2   -1    0.000788
   8    7    2   -1    1   -0.000123
   8    7    2    2    1   -0.000123
   8    5    1    2   -1    0.000806
   8    5    2    1   -1    0.000810
   8    5    1    2    2    0.000806
   8    5    2    1    2    0.000810
   8    5   -2    0   -2    0.000405
   8    5    0   -2   -2    0.000408
   8    5   -2    0    3    0.000405
   8    5    0   -2    3    0.000408
   8    8   -2   -1   -2   -0.000805
   8    8   -2   -1    2   -0.000299
   8    8   -2    1   -2   -0.001004
   8    8   -2    1    2    0.000743
   8    8   -1   -2   -2   -0.000304
   8    8   -1   -2    2   -0.000801
   8    8   -1    2   -2   -0.001006
   8    8   -1    2    2    0.000743
   8    8    1   -2   -2    0.000743
   8    8    1   -2    2   -0.001006
   8    8    1    2   -2   -0.000801
   8    8    1    2    2   -0.000304
   8    8    2   -1   -2    0.000743
   8    8    2   -1    2   -0.001004
   8    8    2    1   -2   -0.000299
   8    8    2    1    2   -0.000805
   8    7    2    0   -2   -0.001261
   8    7    2    1   -2   -0.001261
   8    7    2    0    2   -0.001396
   8    7    2    1    2   -0.001396
   8    6   -1   -2   -1   -0.001328
   8    6    1   -2   -1   -0.001328
   8    6   -1   -2    2    0.000520
   8    6    1   -2    2    0.000520
   8    7    1    1   -3    0.001084
   8    7    1    0   -3    0.001084
   8    7    1    0    3    0.001963
   8    7    1    1    3    0.001963
   8    8   -2   -2    0    0.000722
   8    8   -2    2    0    0.000865
   8    8    2   -2    0    0.000865
   8    8    2    2    0    0.000722
   8    5   -3    0    0   -0.001033
   8    5    0   -3    0   -0.001030
   8    5   -3    0    1   -0.001033
   8    5    0   -3    1   -0.001030
   8    7   -3    0    0    0.000804
   8    7   -3    1    0    0.000804
   8    5   -2   -2   -1   -0.000018
   8    5   -2   -2    2   -0.000018
   8    6   -1    2   -2    0.000519
   8    6    1    2   -2    0.000519
   8    6   -1    2    3   -0.000105
   8    6    1    2    3   -0.000105
   8    5   -2    2    0    0.000356
   8    5    2   -2    0    0.000352
   8    5   -2    2    1    0.000356
   8    5    2   -2    1    0.000352
   8    8    1   -1    3   -0.000805
   8    8    1    1    3    0.002239
   8    8   -1   -1    3    0.002241
   8    8   -1    1    3    0.000804
   8    8   -1   -1   -3    0.002239
   8    8   -1    1   -3   -0.000805
   8    8    1   -1   -3    0.000804
   8    8    1    1   -3    0.002241
   8    7    1   -2   -1   -0.000461
   8    7    1    3   -1   -0.000461
   8    7    1   -2    1   -0.000376
   8    7    1    3    1   -0.000376
   8    6   -1    3    0    0.000487
   8    6    1    3    0    0.000487
   8    6   -1    3    1    0.002912
   8    6    1    3    1    0.002912
   8    7   -2   -1   -2    0.000028
   8    7   -2    2   -2    0.000028
   8    7   -2   -1    2    0.000618
   8    7   -2    2    2    0.000618
   8    5   -2   -1   -2    0.000048
   8    5   -1   -2   -2    0.000049
   8    5   -2   -1    3    0.000048
   8    5   -1   -2    3    0.000049
   8    6   -2    2   -1   -0.000557
   8    6    2    2   -1   -0.000557
   8    6   -2    2    2   -0.000288
   8    6    2    2    2   -0.000288
   8    6   -2    0   -2    0.000721
   8    6    2    0   -2    0.000721
   8    6   -2    0    3    0.000206
   8    6    2    0    3    0.000206
   8    7    0   -1   -3   -0.000281
   8    7    0    2   -3   -0.000281
   8    7    0   -1    3   -0.000397
   8    7    0    2    3   -0.000397
   8    5    0    0   -3   -0.000686
   8    5    0    0    4   -0.000686
   8    6    0    0   -3    0.002691
   8    6    0    0    4   -0.000920
   8    8   -2   -2   -1   -0.000460
   8    8   -2   -2    1   -0.000458
   8    8   -2    2   -1   -0.000452
   8    8   -2    2    1   -0.002468
   8    8    2   -2   -1   -0.002468
   8    8    2   -2    1   -0.000452
   8    8    2    2   -1   -0.000458
   8    8    2    2    1   -0.000460
   8    6    0    3   -1   -0.001843
   8    6    0    3    2   -0.001945
   8    5   -3   -1    0   -0.001182
   8    5   -1   -3    0   -0.001189
   8    5   -3   -1    1   -0.001182
   8    5   -1   -3    1   -0.001189
   8    6   -2    1   -2    0.000094
   8    6    2    1   -2    0.000094
   8    6   -2    1    3    0.000045
   8    6    2    1    3    0.000045
   8    7   -3    0   -1    0.001217
   8    7   -3    1   -1    0.001217
   8    7   -3    0    1    0.001586
   8    7   -3    1    1    0.001586
   8    8    0   -3    0   -0.001218
   8    8    0    3    0   -0.001218
   8    8    3    0    0   -0.001223
   8    8   -3    0    0   -0.001223
   8    6    0    1   -3   -0.000137
   8    6    0    1    4   -0.000325
   8    7    0   -2   -2   -0.000043
   8    7    0    3   -2   -0.000043
   8    7    0   -2    2   -0.000364
   8    7    0    3    2   -0.000364
   8    5   -2    1   -2   -0.000500
   8    5    1   -2   -2   -0.000498
   8    5   -2    1    3   -0.000500
   8    5    1   -2    3   -0.000498
   8    5    0    2   -2    0.000680
   8    5    2    0   -2    0.000672
   8    5    0    2    3    0.000680
   8    5    2    0    3    0.000672
   8    7   -1   -1   -3   -0.000831
   8    7   -1    2   -3   -0.000831
   8    7   -1   -1    3    0.001870
   8    7   -1    2    3    0.001870
   8    6    3    0    0   -0.000284
   8    6   -3    0    0   -0.000284
   8    6    3    0    1   -0.000536
   8    6   -3    0    1   -0.000536
   8    5   -1    0   -3   -0.000193
   8    5    0   -1   -3   -0.000194
   8    5   -1    0    4   -0.000193
   8    5    0   -1    4   -0.000194
   8    5   -3    1    0   -0.001291
   8    5    1   -3    0   -0.001295
   8    5   -3    1    1   -0.001291
   8    5    1   -3    1   -0.001295
   8    6   -2   -2    0    0.000119
   8    6    2   -2    0    0.000119
   8    6   -2   -2    1    0.000306
   8    6    2   -2    1    0.000306
   8    7   -2   -2    0    0.000845
   8    7   -2    3    0    0.000845
   8    5   -3    0   -1    0.000054
   8    5    0   -3   -1    0.000055
   8    5   -3    0    2    0.000054
   8    5    0   -3    2    0.000055
   8    6    3    1    0    0.000351
   8    6   -3    1    0    0.000351
   8    6    3    1    1    0.001036
   8    6   -3    1    1    0.001036
   8    5   -2    2   -1   -0.000158
   8    5    2   -2   -1   -0.000157
   8    5   -2    2    2   -0.000158
   8    5    2   -2    2   -0.000157
   8    5    2    2    0   -0.000945
   8    5    2    2    1   -0.000945
   8    6    1    0   -3   -0.001324
   8    6   -1    0   -3   -0.001324
   8    6   -1    0    4   -0.000598
   8    6    1    0    4   -0.000598
   8    8    0   -3   -1   -0.000190
   8    8    0   -3    1    0.000400
   8    8    0    3   -1    0.000400
   8    8    0    3    1   -0.000190
   8    8    3    0   -1   -0.000190
   8    8    3    0    1    0.000398
   8    8   -3    0   -1    0.000398
   8    8   -3    0    1   -0.000190
   8    7   -1   -2   -2    0.001069
   8    7   -1    3   -2    0.001069
   8    7   -1   -2    2   -0.000207
   8    7   -1    3    2   -0.000207
   8    6   -1    3   -1   -0.000092
   8    6    1    3   -1   -0.000092
   8    6   -1    3    2   -0.000290
   8    6    1    3    2   -0.000290
   8    6    0   -2   -2   -0.001245
   8    6    0   -2    3    0.000607
   8    7    2   -1   -2   -0.000579
   8    7    2    2   -2   -0.000579
   8    7    2   -1    2    0.000349
   8    7    2    2    2    0.000349
   8    5   -1    2   -2    0.000028
   8    5    2   -1   -2    0.000025
   8    5   -1    2    3    0.000028
   8    5    2   -1    3    0.000025
   8    7   -2    0   -3   -0.000217
   8    7   -2    1   -3   -0.000217
   8    7   -2    0    3   -0.000155
   8    7   -2    1    3   -0.000155
   8    5   -1   -1   -3   -0.000363
   8    5   -1   -1    4   -0.000363
   8    7    1   -1   -3   -0.000255
   8    7    1    2   -3   -0.000255
   8    7    1   -1    3    0.000394
   8    7    1    2    3    0.000394
   8    8   -1   -3    0    0.000004
   8    8   -1    3    0    0.002051
   8    8    1   -3    0    0.002051
   8    8    1    3    0    0.000004
   8    8    3   -1    0    0.002039
   8    8    3    1    0   -0.000005
   8    8   -3   -1    0   -0.000005
   8    8   -3    1    0    0.002039
   8    5    0    1   -3    0.000635
   8    5    1    0   -3    0.000634
   8    5    0    1    4    0.000635
   8    5    1    0    4    0.000634
   8    6   -1    1   -3   -0.000008
   8    6    1    1   -3   -0.000008
   8    6   -1    1    4   -0.000830
   8    6    1    1    4   -0.000830
   8    6   -2   -1   -2   -0.000096
   8    6    2   -1   -2   -0.000096
   8    6   -2   -1    3    0.000680
   8    6    2   -1    3    0.000680
   8    7   -3   -1    0    0.000955
   8    7   -3    2    0    0.000955
   8    5   -3   -1   -1   -0.000226
   8    5   -1   -3   -1   -0.000229
   8    5   -3   -1    2   -0.000226
   8    5   -1   -3    2   -0.000229
   8    7   -2   -2   -1   -0.000124
   8    7   -2    3   -1   -0.000124
   8    7   -2   -2    1    0.000511
   8    7   -2    3    1    0.000511
   8    8   -2    0    3    0.000393
   8    8    0   -2    3   -0.001212
   8    8    0    2    3    0.000393
   8    8    2    0    3   -0.001212
   8    8   -2    0   -3   -0.001212
   8    8    0   -2   -3    0.000393
   8    8    0    2   -3   -0.001212
   8    8    2    0   -3    0.000393
   8    5    0    3    0   -0.000283
   8    5    3    0    0   -0.000279
   8    5    3    0    1   -0.000279
   8    5    0    3    1   -0.000283
   8    6    0   -1   -3   -0.001258
   8    6    0   -1    4   -0.000289
   8    7    3    0    0    0.000172
   8    7    3    1    0    0.000172
   8    7    1   -2   -2   -0.000230
   8    7    1    3   -2   -0.000230
   8    7    1   -2    2    0.000270
   8    7    1    3    2    0.000270
   8    5    1    2   -2   -0.000376
   8    5    2    1   -2   -0.000376
   8    5    1    2    3   -0.000376
   8    5    2    1    3   -0.000376
   8    5   -1    1   -3    0.000366
   8    5    1   -1   -3    0.000373
   8    5   -1    1    4    0.000366
   8    5    1   -1    4    0.000373
   8    6    3    0   -1   -0.000850
   8    6   -3    0   -1   -0.000850
   8    6   -3    0    2   -0.000701
   8    6    3    0    2   -0.000701
   8    8   -1   -3   -1    0.000574
   8    8   -1   -3    1    0.000029
   8    8   -1    3   -1    0.001147
   8    8   -1    3    1    0.000043
   8    8    1   -3   -1    0.000043
   8    8    1   -3    1    0.001147
   8    8    1    3   -1    0.000029
   8    8    1    3    1    0.000574
   8    8    3   -1   -1    0.000040
   8    8    3   -1    1    0.001142
   8    8    3    1   -1    0.000565
   8    8    3    1    1    0.000027
   8    8   -3   -1   -1    0.000027
   8    8   -3   -1    1    0.000565
   8    8   -3    1   -1    0.001142
   8    8   -3    1    1    0.000040
   8    6   -1   -2   -2   -0.000055
   8    6    1   -2   -2   -0.000055
   8    6   -1   -2    3   -0.000078
   8    6    1   -2    3   -0.000078
   8    8   -2   -2   -2    0.000380
   8    8   -2   -2    2    0.000379
   8    8   -2    2   -2    0.000556
   8    8   -2    2    2    0.000252
   8    8    2   -2   -2    0.000252
   8    8    2   -2    2    0.000556
   8    8    2    2   -2    0.000379
   8    8    2    2    2    0.000380
   8    7   -3   -1   -1    0.000186
   8    7   -3    2   -1    0.000186
   8    7   -3   -1    1    0.000182
   8    7   -3    2    1    0.000182
   8    6   -3   -1    0   -0.000734
   8    6    3   -1    0   -0.000734
   8    6    3   -1    1   -0.000131
   8    6   -3   -1    1   -0.000131
   8    5   -3    1   -1   -0.000061
   8    5    1   -3   -1   -0.000062
   8    5   -3    1    2   -0.000061
   8    5    1   -3    2   -0.000062
   8    6   -2   -2   -1    0.000147
   8    6    2   -2   -1    0.000147
   8    6   -2   -2    2    0.000007
   8    6    2   -2    2    0.000007
   8    5   -1    3    0   -0.001462
   8    5    3   -1    0   -0.001456
   8    5   -1    3    1   -0.001462
   8    5    3   -1    1   -0.001456
   8    7    2   -2    0   -0.000047
   8    7    2    3    0   -0.000047
   8    7   -3    0   -2    0.000412
   8    7   -3    1   -2    0.000412
   8    7   -3    0    2    0.000421
   8    7   -3    1    2    0.000421
   8    5   -2   -2   -2   -0.000752
   8    5   -2   -2    3   -0.000752
   8    6    3    1   -1   -0.000282
   8    6   -3    1   -1   -0.000282
   8    6   -3    1    2   -0.000729
   8    6    3    1    2   -0.000729
   8    7    3    0   -1   -0.000567
   8    7    3    1   -1   -0.000567
   8    7    3    0    1    0.000260
   8    7    3    1    1    0.000260
   8    5    2    2   -1    0.000789
   8    5    2    2    2    0.000789
   8    6    0   -3    0    0.000874
   8    6    0   -3    1    0.001044
   8    6   -2    2   -2   -0.000299
   8    6    2    2   -2   -0.000299
   8    6   -2    2    3    0.000502
   8    6    2    2    3    0.000502
   8    8    0    0   -4   -0.001120
   8    8    0    0    4   -0.001120
   8    8   -2   -1    3    0.000736
   8    8   -2    1    3    0.000388
   8    8   -1   -2    3    0.000252
   8    8   -1    2    3    0.000387
   8    8    1   -2    3    0.000181
   8    8    1    2    3    0.000740
   8    8    2   -1    3    0.000183
   8    8    2    1    3    0.000255
   8    8   -2   -1   -3    0.000255
   8    8   -2    1   -3    0.000183
   8    8   -1   -2   -3    0.000740
   8    8   -1    2   -3    0.000181
   8    8    1   -2   -3    0.000387
   8    8    1    2   -3    0.000252
   8    8    2   -1   -3    0.000388
   8    8    2    1   -3    0.000736
   8    7    2    0   -3   -0.000655
   8    7    2    1   -3   -0.000655
   8    7    2    0    3   -0.000400
   8    7    2    1    3   -0.000400
   8    6   -1   -1   -3    0.000417
   8    6    1   -1   -3    0.000417
   8    6   -1   -1    4   -0.001118
   8    6    1   -1    4   -0.001118
   8    6   -2    3    0   -0.000126
   8    6   -2    3    1    0.000261
   8    6    2    3    0   -0.000126
   8    6    2    3    1    0.000261
   8    5    1    1   -3    0.000131
   8    5    1    1    4    0.000131
   8    6    0    2   -3    0.000106
   8    6    0    2    4   -0.000208
   8    5   -3   -2    0   -0.000090
   8    5   -2   -3    0   -0.000090
   8    5   -3   -2    1   -0.000090
   8    5   -2   -3    1   -0.000090
   8    7    0    0   -4    0.001696
   8    7    0    1   -4    0.001696
   8    7    0    0    4    0.000132
   8    7    0    1    4    0.000132
   8    6    0    3   -2   -0.000164
   8    6    0    3    3    0.000240
   8    5    1    3    0   -0.000743
   8    5    3    1    0   -0.000739
   8    5    1    3    1   -0.000743
   8    5    3    1    1   -0.000739
   8    7    2   -2   -1   -0.000411
   8    7    2    3   -1   -0.000411
   8    7    2   -2    1    0.000154
   8    7    2    3    1    0.000154
   8    5    3    0   -1    0.000219
   8    5    0    3   -1    0.000219
   8    5    3    0    2    0.000219
   8    5    0    3    2    0.000219
   8    8   -3    0   -2   -0.000139
   8    8   -3    0    2   -0.000086
   8    8    0   -3   -2   -0.000088
   8    8    0   -3    2   -0.000137
   8    8    0    3   -2   -0.000137
   8    8    0    3    2   -0.000088
   8    8    3    0   -2   -0.000086
   8    8    3    0    2   -0.000139
   8    7   -2   -1   -3   -0.000078
   8    7   -2    2   -3   -0.000078
   8    7   -2   -1    3    0.000525
   8    7   -2    2    3    0.000525
   8    5   -2    0   -3   -0.000429
   8    5    0   -2   -3   -0.000430
   8    5   -2    0    4   -0.000429
   8    5    0   -2    4   -0.000430
   8    6    3    2    0   -0.000013
   8    6   -3    2    0   -0.000013
   8    6   -3    2    1   -0.000280
   8    6    3    2    1   -0.000280
   8    7   -1    0   -4   -0.000203
   8    7   -1    1   -4   -0.000203
   8    7   -1    0    4   -0.001690
   8    7   -1    1    4   -0.001690
   8    6   -1   -3    0    0.000384
   8    6    1   -3    0    0.000384
   8    6    1   -3    1   -0.000063
   8    6   -1   -3    1   -0.000063
   8    8   -1    0   -4    0.000268
   8    8   -1    0    4    0.000192
   8    8    0   -1   -4    0.000187
   8    8    0   -1    4    0.000267
   8    8    0    1   -4    0.000267
   8    8    0    1    4    0.000187
   8    8    1    0   -4    0.000192
   8    8    1    0    4    0.000268
