 (i6, f12.0, f18.0, f8.3, i6)
   689  60.0000000  0.02500000000000  39.000     2
 (3e22.14)
  4.78216081248565e-06  5.01694337721803e-06  5.26325216931853e-06
  5.52165300765318e-06  5.79273948389234e-06  6.07713432548659e-06
  6.37549082551425e-06  6.68849434268036e-06  7.01686387490703e-06
  7.36135371012425e-06  7.72275515805002e-06  8.10189836692221e-06
  8.49965422936296e-06  8.91693638172427e-06  9.35470330153133e-06
  9.81396050778245e-06  1.02957628692268e-05  1.08012170257943e-05
  1.13314839289093e-05  1.18877815062307e-05  1.24713874573326e-05
  1.30836421862249e-05  1.37259518779592e-05  1.43997917259241e-05
  1.51067093175377e-05  1.58483281859050e-05  1.66263515357162e-05
  1.74425661517448e-05  1.82988464991740e-05  1.91971590247246e-05
  2.01395666690333e-05  2.11282335998686e-05  2.21654301777999e-05
  2.32535381650228e-05  2.43950561897411e-05  2.55926054783216e-05
  2.68489358685619e-05  2.81669321175565e-05  2.95496205190306e-05
  3.10001758446258e-05  3.25219286259629e-05  3.41183727929646e-05
  3.57931736871380e-05  3.75501764670926e-05  3.93934149262705e-05
  4.13271207425867e-05  4.33557331814779e-05  4.54839092741024e-05
  4.77165344946442e-05  5.00587339600821e-05  5.25158841795138e-05
  5.50936253780161e-05  5.77978744251387e-05  6.06348383959004e-05
  6.36110287964478e-05  6.67332764861278e-05  7.00087473305979e-05
  7.34449586210085e-05  7.70497962978234e-05  8.08315330169351e-05
  8.47988471016591e-05  8.89608424208947e-05  9.33270692418517e-05
  9.79075461022872e-05  1.02712782754134e-04  1.07753804228913e-04
  1.13042176082473e-04  1.18590030872593e-04  1.24410095934739e-04
  1.30515722514247e-04  1.36920916325355e-04  1.43640369603712e-04
  1.50689494727945e-04  1.58084459483185e-04  1.65842224052104e-04
  1.73980579810990e-04  1.82518190025704e-04  1.91474632534630e-04
  2.00870444519504e-04  2.10727169462408e-04  2.21067406400302e-04
  2.31914861581956e-04  2.43294402653220e-04  2.55232115484891e-04
  2.67755363779182e-04  2.80892851584873e-04  2.94674688867340e-04
  3.09132460275956e-04  3.24299297274204e-04  3.40209953782215e-04
  3.56900885519534e-04  3.74410333210986e-04  3.92778409857711e-04
  4.12047192261124e-04  4.32260817012444e-04  4.53465581160409e-04
  4.75710047789871e-04  4.99045156741279e-04  5.23524340733451e-04
  5.49203647133502e-04  5.76141865670918e-04  6.04400662360053e-04
  6.34044719952767e-04  6.65141885222941e-04  6.97763323423065e-04
  7.31983680253492e-04  7.67881251716746e-04  8.05538162225157e-04
  8.45040551381511e-04  8.86478769823088e-04  9.29947584603757e-04
  9.75546394537044e-04  1.02337945601413e-03  1.07355611977920e-03
  1.12619107920558e-03  1.18140463061667e-03  1.23932294624627e-03
  1.30007836042622e-03  1.36380966967101e-03  1.43066244728232e-03
  1.50078937323015e-03  1.57435057998517e-03  1.65151401512108e-03
  1.73245582145586e-03  1.81736073559708e-03  1.90642250575768e-03
  1.99984432978820e-03  2.09783931436100e-03  2.20063095637113e-03
  2.30845364754421e-03  2.42155320345361e-03  2.54018741801821e-03
  2.66462664478086e-03  2.79515440618721e-03  2.93206803223754e-03
  3.07567932988478e-03  3.22631528467785e-03  3.38431879613181e-03
  3.55004944851026e-03  3.72388431858648e-03  3.90621882228480e-03
  4.09746760189468e-03  4.29806545591131e-03  4.50846831342759e-03
  4.72915425524296e-03  4.96062458385382e-03  5.20340494468755e-03
  5.45804650091220e-03  5.72512716447436e-03  6.00525288582687e-03
  6.29905900533567e-03  6.60721166902059e-03  6.93040931185399e-03
  7.26938421163306e-03  7.62490411681822e-03  7.99777395172433e-03
  8.38883760275944e-03  8.79897978935150e-03  9.22912802370707e-03
  9.68025466323463e-03  1.01533790602965e-02  1.06495698134130e-02
  1.11699471249380e-02  1.17156852698839e-02  1.22880151811626e-02
  1.28882271564873e-02  1.35176736926570e-02  1.41777724528474e-02
  1.48700093733136e-02  1.55959419154026e-02  1.63572024700767e-02
  1.71555019212706e-02  1.79926333758065e-02  1.88704760670003e-02
  1.97909994401798e-02  2.07562674277717e-02  2.17684429232648e-02
  2.28297924619697e-02  2.39426911188126e-02  2.51096276320172e-02
  2.63332097633009e-02  2.76161699045433e-02  2.89613709425279e-02
  3.03718123920621e-02  3.18506368105738e-02  3.34011365051716e-02
  3.50267605459991e-02  3.67311220984106e-02  3.85180060884519e-02
  4.03913772150707e-02  4.23553883253438e-02  4.44143891664995e-02
  4.65729355325330e-02  4.88357988207093e-02  5.12079760162770e-02
  5.36947001224762e-02  5.63014510556778e-02  5.90339670230551e-02
  6.18982564055102e-02  6.49006101632574e-02  6.80476147888314e-02
  7.13461658269341e-02  7.48034819859666e-02  7.84271198637994e-02
  8.22249893131200e-02  8.62053694705639e-02  9.03769254773931e-02
  9.47487259160862e-02  9.93302609941952e-02  1.04131461499486e-01
  1.09162718560470e-01  1.14434904238487e-01  1.19959392985274e-01
  1.25748083996108e-01  1.31813424492561e-01  1.38168433966642e-01
  1.44826729423319e-01  1.51802551652385e-01  1.59110792571375e-01
  1.66767023668727e-01  1.74787525592062e-01  1.83189318912919e-01
  1.91990196111085e-01  2.01208754814660e-01  2.10864432337555e-01
  2.20977541551542e-01  2.31569308137488e-01  2.42661909249638e-01
  2.54278513643065e-01  2.66443323293129e-01  2.79181616559822e-01
  2.92519792926773e-01  3.06485419362381e-01  3.21107278337790e-01
  3.36415417543866e-01  3.52441201340321e-01  3.69217363980551e-01
  3.86778064636520e-01  4.05158944272433e-01  4.24397184379389e-01
  4.44531567620089e-01  4.65602540392895e-01  4.87652277350980e-01
  5.10724747888420e-01  5.34865784616471e-01  5.60123153832253e-01
  5.86546628000764e-01  6.14188060232506e-01  6.43101460777519e-01
  6.73343075494935e-01  7.04971466310373e-01  7.38047593607617e-01
  7.72634900542450e-01  8.08799399210747e-01  8.46609758646360e-01
  8.86137394539936e-01  9.27456560650024e-01  9.70644441763584e-01
  1.01578124814132e+00  1.06295031129100e+00  1.11223818096210e+00
  1.16373472315846e+00  1.21753321905234e+00  1.27373046452798e+00
  1.33242687020207e+00  1.39372656161882e+00  1.45773747938641e+00
  1.52457147891747e+00  1.59434442949384e+00  1.66717631221271e+00
  1.74319131653211e+00  1.82251793484442e+00  1.90528905474739e+00
  1.99164204838547e+00  2.08171885838873e+00  2.17566607976193e+00
  2.27363503711470e+00  2.37578185649011e+00  2.48226753111669e+00
  2.59325798017090e+00  2.70892409984650e+00  2.82944180561554e+00
  2.95499206490130e+00  3.08576091894176e+00  3.22193949285424e+00
  3.36372399263422e+00  3.51131568790478e+00  3.66492087898982e+00
  3.82475084704752e+00  3.99102178558674e+00  4.16395471205895e+00
  4.34377535758563e+00  4.53071403340599e+00  4.72500547197227e+00
  4.92688864104035e+00  5.13660652855464e+00  5.35440589661300e+00
  5.58053700194698e+00  5.81525328125471e+00  6.05881099861680e+00
  6.31146885307755e+00  6.57348754371412e+00  6.84512929002238e+00
  7.12665730477168e+00  7.41833521738237e+00  7.72042644448013e+00
  8.03319350605185e+00  8.35689728367760e+00  8.69179621912389e+00
  9.03814545024273e+00  9.39619588211304e+00  9.76619319076698e+00
  1.01483767576690e+01  1.05429785322582e+01  1.09502218214154e+01
  1.13703200030847e+01  1.18034751637664e+01  1.22498766574198e+01
  1.27096995859690e+01  1.31831031999590e+01  1.36702292201755e+01
  1.41712000793411e+01  1.46861170865357e+01  1.52150585134781e+01
  1.57580776074772e+01  1.63152005312259e+01  1.68864242353211e+01
  1.74717142662714e+01  1.80710025166718e+01  1.86841849228445e+01
  1.93111191187158e+01  1.99516220530388e+01  2.06054675818422e+01
  2.12723840446933e+01  2.19520518410425e+01  2.26441010162578e+01
  2.33481088777122e+01  2.40635976540502e+01  2.47900322197112e+01
  2.55268179030942e+01  2.62732984027196e+01  2.70287538333841e+01
  2.77923989310925e+01  2.85633814410037e+01  2.93407807228929e+01
  3.01236065986563e+01  3.09107984833625e+01  3.17012248254845e+01
  3.24936829002960e+01  3.32868989878837e+01  3.40795289781094e+01
  3.48701594391100e+01  3.56573091923478e+01  3.64394314302323e+01
  3.72149164225230e+01  3.79820948428692e+01  3.87392417653878e+01
  3.94845813555336e+01  4.02162923034829e+01  4.09325140218989e+01
  4.16313536455076e+01  4.23108938503804e+01  4.29692015225044e+01
  4.36043372771320e+01  4.42143658543389e+01  4.47973673712860e+01
  4.53514494431556e+01  4.58747601387651e+01  4.63655017559101e+01
  4.68219453670337e+01  4.72424460951758e+01  4.76254590411674e+01
  4.79695558016896e+01  4.82734414644200e+01  4.85359719902706e+01
  4.87561718413487e+01  4.89332517278016e+01  4.90666262965833e+01
  4.91559316113340e+01  4.92010421995431e+01  4.92020874932797e+01
  4.91594674069164e+01  4.90738668385444e+01  4.89462688259381e+01
  4.87779661081284e+01  4.85705708043923e+01  4.83260219544207e+01
  4.80465906092705e+01  4.77348822230100e+01  4.73938360367069e+01
  4.70267212098185e+01  4.66371294230468e+01  4.62289637300740e+01
  4.58064234244266e+01  4.53739847581616e+01  4.49363773327530e+01
  4.44985560829574e+01  4.40656687607789e+01  4.36430189342795e+01
  4.32360245312465e+01  4.28501720580514e+01  4.24909666587215e+01
  4.21638782943496e+01  4.18742843530748e+01  4.16274091321519e+01
  4.14282606722631e+01  4.12815655392775e+01  4.11917022130085e+01
  4.11626338341899e+01  4.11978411309498e+01  4.13002564220485e+01
  4.14721996568097e+01  4.17153175103685e+01  4.20305265937192e+01
  4.24179618722581e+01  4.28769314062724e+01  4.34058785253644e+01
  4.40023525275279e+01  4.46629889778664e+01  4.53835005852455e+01
  4.61586796076783e+01  4.69824125846802e+01  4.78477081085164e+01
  4.87467381748938e+01  4.96708934969698e+01  5.06108529580463e+01
  5.15566671914486e+01  5.24978560103325e+01  5.34235191992181e+01
  5.43224598910954e+01  5.51833195016040e+01  5.59947229154127e+01
  5.67454323388060e+01  5.74245079768857e+01  5.80214734216937e+01
  5.85264834042121e+01  5.89304913444934e+01  5.92254139306475e+01
  5.94042898199550e+01  5.94614294223507e+01  5.93925526730280e+01
  5.91949116755128e+01  5.88673951594110e+01  5.84106117746106e+01
  5.78269494723545e+01  5.71206084006927e+01  5.62976051476233e+01
  5.53657464723226e+01  5.43345712136931e+01  5.32152595264208e+01
  5.20205092624655e+01  5.07643799002713e+01  4.94621051974444e+01
  4.81298763992627e+01  4.67845986534605e+01  4.54436239750277e+01
  4.41244648710131e+01  4.28444933894435e+01  4.16206310141094e+01
  4.04690353016007e+01  3.94047896466884e+01  3.84416027798587e+01
  3.75915247872972e+01  3.68646863877901e+01  3.62690679998185e+01
  3.58103047464783e+01  3.54915329802959e+01  3.53132831528262e+01
  3.52734229736386e+01  3.53671537177770e+01  3.55870613961771e+01
  3.59232231960828e+01  3.63633682760595e+01  3.68930905985264e+01
  3.74961101209950e+01  3.81545773234806e+01  3.88494148150881e+01
  3.95606886576304e+01  4.02680011113211e+01  4.09508958083831e+01
  4.15892658937568e+01  4.21637554930689e+01  4.26561449706079e+01
  4.30497108286157e+01  4.33295517713953e+01  4.34828733760902e+01
  4.34992249620528e+01  4.33706835623357e+01  4.30919813640551e+01
  4.26605744994229e+01  4.20766526300498e+01  4.13430902755324e+01
  4.04653422876501e+01  3.94512871868470e+01  3.83110232376534e+01
  3.70566231408349e+01  3.57018539866749e+01  3.42618697181053e+01
  3.27528837117706e+01  3.11918292780739e+01  2.95960158642183e+01
  2.79827885686932e+01  2.63691982255099e+01  2.47716888572357e+01
  2.32058086677621e+01  2.16859500607954e+01  2.02251233469862e+01
  1.88347679335307e+01  1.75246038311486e+01  1.63025253319376e+01
  1.51745376687913e+01  1.41447364414233e+01  1.32153285727916e+01
  1.23866925685532e+01  1.16574749700062e+01  1.10247190758771e+01
  1.04840213588776e+01  1.00297105066459e+01  9.65504368366715e+00
  9.35241447984434e+00  9.11356702713695e+00  8.92981095047457e+00
  8.79223212066843e+00  8.69189458277655e+00  8.62002951802693e+00
  8.56820764048342e+00  8.52849202219161e+00  8.49356897042234e+00
  8.45685523918270e+00  8.41258053558966e+00  8.35584496135961e+00
  8.28265169780056e+00  8.18991587563491e+00  8.07545115191007e+00
  7.93793602279059e+00  7.77686232073219e+00  7.59246866024026e+00
  7.38566180970652e+00  7.15792906323390e+00  6.91124468653787e+00
  6.64797340493882e+00  6.37077371772109e+00  6.08250356403302e+00
  5.78613055525119e+00  5.48464864001512e+00  5.18100269917199e+00
  4.87802219304714e+00  4.57836461645947e+00  4.28446916841967e+00
  3.99852072313441e+00  3.72242390201369e+00  3.45778679863095e+00
  3.20591370122393e+00  2.96780599186877e+00  2.74417027716672e+00
  2.53543272065965e+00  2.34175849934979e+00  2.16307529447298e+00
  1.99909974373287e+00  1.84936582810757e+00  1.71325423496008e+00
  1.59002182701021e+00  1.47883045000339e+00  1.37877442523307e+00
  1.28890619286514e+00  1.20825969347215e+00  1.13587119415508e+00
  1.07079737835201e+00  1.01213062159784e+00  9.59011466148047e-01
  9.10638384112040e-01  8.66274979958980e-01  8.25254829518408e-01
  7.86984184127075e-01  7.50942787235876e-01  7.16683058193437e-01
  6.83827896404551e-01  6.52067350576515e-01  6.21154384327591e-01
  5.90899952623247e-01  5.61167584708105e-01  5.31867649402779e-01
  5.02951458614763e-01  4.74405345267882e-01  4.46244832867122e-01
  4.18508996005207e-01  3.91255094300669e-01  3.64553546736212e-01
  3.38483299134908e-01  3.13127624525076e-01  2.88570384449729e-01
  2.64892768636380e-01  2.42170520950039e-01  2.20471650905540e-01
  1.99854622270623e-01  1.80367003252279e-01  1.62044556423107e-01
  1.44910740820773e-01  1.28976593589190e-01  1.14240954109594e-01
  1.00690989849240e-01  8.83029802548037e-02  7.70433129541787e-02
  6.68696454407293e-02  5.77321853493328e-02  4.95750434304609e-02
  4.23376154007579e-02  3.59559519679294e-02  3.03640803664656e-02
  2.54952456273785e-02  2.12830452879837e-02  1.76624371865728e-02
  1.45706060816642e-02  1.19476809053701e-02  9.73730021876876e-03
  7.88702871568174e-03  6.34863221439375e-03  5.07822236415169e-03
  4.03628519447378e-03  3.18760961133662e-03  2.50113302116275e-03
  1.94972150938581e-03  1.50990150040775e-03  1.16155873493274e-03
  8.87618822418367e-04  6.73721757754636e-04  5.07900715732970e-04
  3.80273345442061e-04  2.82751725396852e-04  2.08775257832950e-04
  1.53069077427675e-04  1.11429123584263e-04  8.05338403946871e-05
  5.77815634218498e-05  4.11519876198419e-05  2.90896705239483e-05
  2.04072755316723e-05  1.42061660886620e-05  9.81198894182802e-06
  6.72300056810624e-06  4.56906674633061e-06  3.07947643308686e-06
  2.05793818496214e-06  1.36335503829612e-06  8.95191552334939e-07
  5.82447097110350e-07  3.75428834125626e-07  2.39673788738959e-07
  1.51502760924746e-07  9.47997425466550e-08  5.87022104584169e-08
  3.59609263702154e-08  2.17871377964421e-08  1.30502924689914e-08
  7.72584343223921e-09  4.51880839394746e-09  2.61038272381268e-09
  1.48873012271494e-09  8.37946206329380e-10  4.65268356530441e-10
  2.54766703737618e-10  1.37505657539299e-10  7.31253639168254e-11
  3.83023685102412e-11  1.97520162925093e-11  1.00238660559732e-11
  5.00383971170758e-12  2.45594399150274e-12  1.18462116964400e-12
  5.61282835116496e-13  2.61105407268526e-13  1.19197900605651e-13
  5.33730827300435e-14  2.34290547361962e-14  1.00771877608586e-14
  4.24465779432794e-15  1.74996295800769e-15  7.05764491797898e-16
  2.78270241931796e-16  1.07211274960130e-16  4.03571888245442e-17
  1.48266384348101e-17  5.31305149186398e-18  1.85597854803171e-18
  6.31715105318256e-19  2.09475761719738e-19  6.77437367654886e-20
  2.13266594391173e-20  6.52034191801421e-21
 -1.20083209587348e-25 -1.36953092552130e-25 -1.56192628690454e-25
 -1.78134628404601e-25 -2.03158636595547e-25 -2.31697493976964e-25
 -2.64244819347422e-25 -3.01363542050517e-25 -3.43695631980672e-25
 -3.91973195156987e-25 -4.47031126465785e-25 -5.09821538026644e-25
 -5.81430212290459e-25 -6.63095363897583e-25 -7.56229034164413e-25
 -8.62441487467342e-25 -9.83569030575941e-25 -1.12170573501425e-24
 -1.27923960983285e-24 -1.45889384890670e-24 -1.66377386435668e-24
 -1.89742091743392e-24 -2.16387327191041e-24 -2.46773592467017e-24
 -2.81426011596084e-24 -3.20943399030790e-24 -3.66008597110822e-24
 -4.17400263097762e-24 -4.76006308950013e-24 -5.42839225465142e-24
 -6.19053554858107e-24 -7.05965812823718e-24 -8.05077203297060e-24
 -9.18099517169833e-24 -1.04698466101981e-23 -1.19395832433597e-23
 -1.36155836491800e-23 -1.55267857325329e-23 -1.77061856916497e-23
 -2.01914068942233e-23 -2.30253484518736e-23 -2.62569246506960e-23
 -2.99419079570939e-23 -3.41438900965660e-23 -3.89353777311223e-23
 -4.43990415717256e-23 -5.06291403958569e-23 -5.77331444419983e-23
 -6.58335860731274e-23 -7.50701695005828e-23 -8.56021758005249e-23
 -9.76112045200364e-23 -1.11304298936711e-22 -1.26917508611415e-22
 -1.44719950364000e-22 -1.65018437338237e-22 -1.88162755547822e-22
 -2.14551678378991e-22 -2.44639822149834e-22 -2.78945460217232e-22
 -3.18059429508495e-22 -3.62655282034985e-22 -4.13500855216174e-22
 -4.71471459083453e-22 -5.37564906042860e-22 -6.12918640334845e-22
 -6.98829260152789e-22 -7.96774766210202e-22 -9.08439917023739e-22
 -1.03574512414883e-21 -1.18087938091141e-21 -1.34633778688101e-21
 -1.53496430857128e-21 -1.75000050595603e-21 -1.99514105587819e-21
 -2.27459701896186e-21 -2.59316792828174e-21 -2.95632392782591e-21
 -3.37029935947972e-21 -3.84219939148065e-21 -4.38012150251753e-21
 -4.99329388746399e-21 -5.69223313745730e-21 -6.48892387337500e-21
 -7.39702338338421e-21 -8.43209473803828e-21 -9.61187233796138e-21
 -1.09565643969125e-20 -1.24891974867728e-20 -1.42360089806324e-20
 -1.62268940378933e-20 -1.84959146942788e-20 -2.10818796657196e-20
 -2.40290046646824e-20 -2.73876643818707e-20 -3.12152488261481e-20
 -3.55771384681404e-20 -4.05478146262268e-20 -4.62121238010220e-20
 -5.26667172435783e-20 -6.00216899752928e-20 -6.84024468141585e-20
 -7.79518267537515e-20 -8.88325213568167e-20 -1.01229827727534e-19
 -1.15354782204131e-19 -1.31447727251476e-19 -1.49782371239612e-19
 -1.70670408984026e-19 -1.94466780233928e-19 -2.21575653872662e-19
 -2.52457237618647e-19 -2.87635526674691e-19 -3.27707120296590e-19
 -3.73351252881952e-19 -4.25341206217362e-19 -4.84557292266477e-19
 -5.52001621731650e-19 -6.28814902961899e-19 -7.16295549108035e-19
 -8.15921409260658e-19 -9.29374482265424e-19 -1.05856902066729e-18
 -1.20568348759336e-18 -1.37319689218471e-18 -1.56393010049057e-18
 -1.78109279960100e-18 -2.02833688457401e-18 -2.30981714179980e-18
 -2.63026022052462e-18 -2.99504301814908e-18 -3.41028175679079e-18
 -3.88293320072366e-18 -4.42090965953666e-18 -5.03320964304776e-18
 -5.73006628478310e-18 -6.52311593496133e-18 -7.42558964586610e-18
 -8.45253063722498e-18 -9.62104124229637e-18 -1.09505633033337e-17
 -1.24631965147371e-17 -1.41840598122478e-17 -1.61417015853428e-17
 -1.83685652586613e-17 -2.09015176578968e-17 -2.37824485596189e-17
 -2.70589509375721e-17 -3.07850926771568e-17 -3.50222919533250e-17
 -3.98403100772999e-17 -4.53183774368267e-17 -5.15464702119359e-17
 -5.86267578720770e-17 -6.66752440866136e-17 -7.58236266467911e-17
 -8.62214053475967e-17 -9.80382705599543e-17 -1.11466809494982e-16
 -1.26725571980864e-16 -1.44062543012839e-16 -1.63759075472738e-16
 -1.86134343336485e-16 -2.11550383494139e-16 -2.40417803108034e-16
 -2.73202239356713e-16 -3.10431669591645e-16 -3.52704682535574e-16
 -4.00699835339307e-16 -4.55186237301154e-16 -5.17035519047955e-16
 -5.87235366237140e-16 -6.66904819640850e-16 -7.57311569127110e-16
 -8.59891497915299e-16 -9.76270765937912e-16 -1.10829075763622e-15
 -1.25803626053938e-15 -1.42786728707765e-15 -1.62045500387842e-15
 -1.83882229097549e-15 -2.08638951869803e-15 -2.36702620336182e-15
 -2.68510928521631e-15 -3.04558886449375e-15 -3.45406233505492e-15
 -3.91685797137079e-15 -4.44112915493469e-15 -5.03496057231514e-15
 -5.70748788082389e-15 -6.46903252125741e-15 -7.33125356270875e-15
 -8.30731869460277e-15 -9.41209673883236e-15 -1.06623743432913e-14
 -1.20770998409175e-14 -1.36776576194489e-14 -1.54881767510639e-14
 -1.75358780826428e-14 -1.98514644925070e-14 -2.24695595836291e-14
 -2.54292007142030e-14 -2.87743929708043e-14 -3.25547314763970e-14
 -3.68261003041145e-14 -4.16514572487667e-14 -4.71017148029741e-14
 -5.32567289067720e-14 -6.02064084028433e-14 -6.80519596501035e-14
 -7.69072824446945e-14 -8.69005352876529e-14 -9.81758901482128e-14
 -1.10895499219168e-13 -1.25241698782047e-13 -1.41419478214998e-13
 -1.59659245428367e-13 -1.80219923632591e-13 -2.03392418375102e-13
 -2.29503498272561e-13 -2.58920137863542e-13 -2.92054376570155e-13
 -3.29368753953062e-13 -3.71382388331864e-13 -4.18677773522916e-13
 -4.71908376967772e-13 -5.31807132036724e-13 -5.99195927842264e-13
 -6.74996211657324e-13 -7.60240832101376e-13 -8.56087265795115e-13
 -9.63832386359029e-13 -1.08492895260533e-12 -1.22100401279130e-12
 -1.37387944401328e-12 -1.54559487059763e-12 -1.73843323280703e-12
 -1.95494930781041e-12 -2.19800151886091e-12 -2.47078740647224e-12
 -2.77688317746908e-12 -3.12028779457325e-12 -3.50547212129619e-12
 -3.93743369473905e-12 -4.42175776346022e-12 -4.96468529910740e-12
 -5.57318877042119e-12 -6.25505655689551e-12 -7.01898697823962e-12
 -7.87469302575146e-12 -8.83301900422871e-12 -9.90607042930548e-12
 -1.11073586771856e-11 -1.24519620526860e-11 -1.39567051303368e-11
 -1.56403584331266e-11 -1.75238607479250e-11 -1.96305666376491e-11
 -2.19865220016909e-11 -2.46207708608267e-11 -2.75656969060048e-11
 -3.08574037545510e-11 -3.45361383101868e-11 -3.86467621275934e-11
 -4.32392762468995e-11 -4.83694055941554e-11 -5.40992497489414e-11
 -6.04980076696969e-11 -6.76427848494739e-11 -7.56194923645369e-11
 -8.45238483832838e-11 -9.44624939457646e-11 -1.05554236211794e-10
 -1.17931433936834e-10 -1.31741541682625e-10 -1.47148831233437e-10
 -1.64336310892802e-10 -1.83507865813189e-10 -2.04890645293359e-10
 -2.28737726110332e-10 -2.55331084471844e-10 -2.84984913142532e-10
 -3.18049324757160e-10 -3.54914487365640e-10 -3.96015243923865e-10
 -4.41836273833525e-10 -4.92917861852332e-10 -5.49862347833422e-10
 -6.13341339949211e-10 -6.84103784446460e-10 -7.62984996717504e-10
 -8.50916771759167e-10 -9.48938707109379e-10 -1.05821088837638e-09
 -1.18002810669007e-09 -1.31583579929904e-09 -1.46724792916217e-09
 -1.63606704750828e-09 -1.82430681506692e-09 -2.03421729376898e-09
 -2.26831336163699e-09 -2.52940665011997e-09 -2.82064145580297e-09
 -3.14553513854249e-09 -3.50802358608390e-09 -3.91251240278664e-09
 -4.36393456811508e-09 -4.86781541073253e-09 -5.43034585797302e-09
 -6.05846505008490e-09 -6.75995355624449e-09 -7.54353859698722e-09
 -8.41901286931022e-09 -9.39736878741592e-09 -1.04909502008753e-08
 -1.17136239328881e-08 -1.30809738033373e-08 -1.46105201665561e-08
 -1.63219684105406e-08 -1.82374903378291e-08 -2.03820428901857e-08
 -2.27837292903759e-08 -2.54742083809267e-08 -2.84891587285030e-08
 -3.18688049788996e-08 -3.56585149738154e-08 -3.99094773204989e-08
 -4.46794704400512e-08 -5.00337356489772e-08 -5.60459685464527e-08
 -6.27994449698323e-08 -7.03882999948844e-08 -7.89189810243627e-08
 -8.85118988849033e-08 -9.93033041420658e-08 -1.11447419575270e-07
 -1.25118863976969e-07 -1.40515407273863e-07 -1.57861102347552e-07
 -1.77409845229320e-07 -1.99449422182310e-07 -2.24306110279367e-07
 -2.52349906927672e-07 -2.84000474015916e-07 -3.19733893845951e-07
 -3.60090346915407e-07 -4.05682836412491e-07 -4.57207100652380e-07
 -5.15452873524753e-07 -5.81316673918990e-07 -6.55816328866388e-07
 -7.40107461750640e-07 -8.35502207009315e-07 -9.43490446242795e-07
 -1.06576389885367e-06 -1.20424344211803e-06 -1.36111008396016e-06
 -1.53884006401615e-06 -1.74024461876820e-06 -1.96851501251268e-06
 -2.22727351040948e-06 -2.52063105175714e-06 -2.85325247494779e-06
 -3.23043024551955e-06 -3.65816775471962e-06 -4.14327337916420e-06
 -4.69346663292571e-06 -5.31749789618958e-06 -6.02528337402837e-06
 -6.82805712580530e-06 -7.73854220909924e-06 -8.77114321073873e-06
 -9.94216267480624e-06 -1.12700442201081e-05 -1.27756454135400e-05
 -1.44825438020728e-05 -1.64173798354349e-05 -1.86102407910103e-05
 -2.10950902123771e-05 -2.39102477951001e-05 -2.70989251254351e-05
 -3.07098231488861e-05 -3.47977977801795e-05 -3.94246005982142e-05
 -4.46597021494956e-05 -5.05812059734348e-05 -5.72768620876667e-05
 -6.48451892824519e-05 -7.33967162533400e-05 -8.30553521790320e-05
 -9.39598980713121e-05 -1.06265710751581e-04 -1.20146531964498e-04
 -1.35796495627821e-04 -1.53432326723579e-04 -1.73295745646112e-04
 -1.95656092222912e-04 -2.20813183532042e-04 -2.49100419839917e-04
 -2.80888152469124e-04 -3.16587327054874e-04 -3.56653414732120e-04
 -4.01590642640534e-04 -4.51956533541444e-04 -5.08366762267461e-04
 -5.71500334203856e-04 -6.42105087647751e-04 -7.21003518335863e-04
 -8.09098919341022e-04 -9.07381824735744e-04 -1.01693673845176e-03
 -1.13894912299823e-03 -1.27471261401101e-03 -1.42563641746490e-03
 -1.59325283518147e-03 -1.77922485359335e-03 -1.98535371576242e-03
 -2.21358638453859e-03 -2.46602278684921e-03 -2.74492271380930e-03
 -3.05271223224148e-03 -3.39198944437798e-03 -3.76552941151299e-03
 -4.17628803769440e-03 -4.62740468489494e-03 -5.12220327356319e-03
 -5.66419159442467e-03 -6.25705854189932e-03 -6.90466895368302e-03
 -7.61105572504718e-03 -8.38040884829395e-03 -9.21706101339300e-03
 -1.01254693974353e-02 -1.11101932614563e-02 -1.21758669818713e-02
 -1.33271681362257e-02 -1.45687803025168e-02 -1.59053502272410e-02
 -1.73414390834418e-02 -1.88814675644256e-02 -2.05296546356886e-02
 -2.22899498384041e-02 -2.41659591279206e-02 -2.61608643478482e-02
 -2.82773365502879e-02 -3.05174435356064e-02 -3.28825521217431e-02
 -3.53732258464631e-02 -3.79891189813501e-02 -4.07288679423210e-02
 -4.35899813866722e-02 -4.65687305044884e-02 -4.96600412153300e-02
 -5.28573902024699e-02 -5.61527069002853e-02 -5.95362837415390e-02
 -6.29966971246250e-02 -6.65207416923143e-02 -7.00933806161584e-02
 -7.36977146388119e-02 -7.73149726611786e-02 -8.09245266293614e-02
 -8.45039334389438e-02 -8.80290064390373e-02 -9.14739189796298e-02
 -9.48113421969178e-02 -9.80126189374548e-02 -1.01047975314861e-01
 -1.03886770889036e-01 -1.06497787831595e-01 -1.08849558697319e-01
 -1.10910731563493e-01 -1.12650470352091e-01 -1.14038887139351e-01
 -1.15047502230916e-01 -1.15649726774130e-01 -1.15821361746391e-01
 -1.15541106330391e-01 -1.14791068009138e-01 -1.13557266200013e-01
 -1.11830120928156e-01 -1.09604917908587e-01 -1.06882241477195e-01
 -1.03668367057782e-01 -9.99756052731380e-02 -9.58225903634284e-02
 -9.12345062518273e-02 -8.62432443478664e-02 -8.08874879891568e-02
 -7.52127192453135e-02 -6.92711446381484e-02 -6.31215371336057e-02
 -5.68289925391192e-02 -5.04645992115534e-02 -4.41050206876037e-02
 -3.78319916145050e-02 -3.17317281684013e-02 -2.58942549334003e-02
 -2.04126512581447e-02 -1.53822211228698e-02 -1.08995918498405e-02
 -7.06174837379471e-03 -3.96501135543669e-03 -1.70396908873416e-03
 -3.70374866101905e-04 -5.20231368356804e-05 -8.31619304727197e-04
 -2.78565923304887e-03 -5.98333532521366e-03 -1.04854863104132e-02
 -1.63436075067868e-02 -2.35989373484089e-02 -3.22816344202795e-02
 -4.24100573376881e-02 -5.39901577837462e-02 -6.70149952608080e-02
 -8.14643808712533e-02 -9.73046569979109e-02 -1.14488620028138e-01
 -1.32955593998428e-01 -1.52631663826324e-01 -1.73430076757120e-01
 -1.95251819545134e-01 -2.17986376134782e-01 -2.41512666205255e-01
 -2.65700159410122e-01 -2.90410153767655e-01 -3.15497199991682e-01
 -3.40810648012398e-01 -3.66196286330157e-01 -3.91498041851950e-01
 -4.16559705181237e-01 -4.41226646188692e-01 -4.65347485367101e-01
 -4.88775689087311e-01 -5.11371059906180e-01 -5.33001097882654e-01
 -5.53542213197486e-01 -5.72880775951630e-01 -5.90913993854780e-01
 -6.07550613554944e-01 -6.22711445755962e-01 -6.36329718064358e-01
 -6.48351262725497e-01 -6.58734548673196e-01 -6.67450569119882e-01
 -6.74482596786933e-01 -6.79825819461444e-01 -6.83486868333646e-01
 -6.85483251605754e-01 -6.85842705045528e-01 -6.84602471019106e-01
 -6.81808516980911e-01 -6.77514704288383e-01 -6.71781918329552e-01
 -6.64677171139003e-01 -6.56272688331469e-01 -6.46644992648669e-01
 -6.35873997179956e-01 -6.24042121607829e-01 -6.11233445091942e-01
 -5.97532908882610e-01 -5.83025580892342e-01 -5.67795992640757e-01
 -5.51927556753632e-01 -5.35502070121103e-01 -5.18599304631611e-01
 -5.01296683772076e-01 -4.83669040218386e-01 -4.65788446494480e-01
 -4.47724108678400e-01 -4.29542311566763e-01 -4.11306403246595e-01
 -3.93076807110101e-01 -3.74911050383298e-01 -3.56863799501495e-01
 -3.38986894542037e-01 -3.21329376656182e-01 -3.03937504431133e-01
 -2.86854756729522e-01 -2.70121821195571e-01 -2.53776568793159e-01
 -2.37854015895857e-01 -2.22386276123850e-01 -2.07402504826530e-01
 -1.92928839395512e-01 -1.78988338942145e-01 -1.65600926909158e-01
 -1.52783340295800e-01 -1.40549089036839e-01 -1.28908429033335e-01
 -1.17868352048725e-01 -1.07432595505849e-01 -9.76016748072042e-02
 -8.83729404596974e-02 -7.97406617405708e-02 -7.16961381296494e-02
 -6.42278390452395e-02 -5.73215717717490e-02 -5.09606766638541e-02
 -4.51262479845453e-02 -3.97973779078086e-02 -3.49514205027425e-02
 -3.05642717923434e-02 -2.66106614093448e-02 -2.30644508769064e-02
 -1.98989332360807e-02 -1.70871285935150e-02 -1.46020701966862e-02
 -1.24170758848399e-02 -1.05060001678040e-02 -8.84346277627547e-03
 -7.40505024209931e-03 -6.16748790806019e-03 -5.10878066361945e-03
 -4.20832163947823e-03 -3.44696901304932e-03 -2.80709194132506e-03
 -2.27258742025398e-03 -1.82887052877359e-03 -1.46284104087924e-03
 -1.16282976387957e-03 -9.18528178833657e-04 -7.20905034231475e-04
 -5.62113471959004e-04 -4.35392086638269e-04 -3.34963027823293e-04
 -2.55929907002871e-04 -1.94177857804432e-04 -1.46277678232619e-04
 -1.09395543225163e-04 -8.12093698996657e-05 -5.98325278175501e-05
 -4.37452497881866e-05 -3.17338059496667e-05 -2.28372652766939e-05
 -1.63014831585733e-05 -1.15398181733272e-05 -8.09999161110588e-06
 -5.63645372484794e-06 -3.88760461610880e-06 -2.65722830250716e-06
 -1.79952939262464e-06 -1.20720680455086e-06 -8.02052966472372e-07
 -5.27625300379758e-07 -3.43596244485197e-07 -2.21445521843206e-07
 -1.41212443464063e-07 -8.90747775495403e-08 -5.55644199696603e-08
 -3.42672770984810e-08 -2.08872075430120e-08 -1.25797361655007e-08
 -7.48381836500539e-09 -4.39641002799236e-09 -2.54954419598289e-09
 -1.45902199193647e-09 -8.23700489185346e-10 -4.58563490733858e-10
 -2.51670651490662e-10 -1.36103779994019e-10 -7.25032287436555e-11
 -3.80318948528095e-11 -1.96368815581874e-11 -9.97590397868154e-12
 -4.98429786716100e-12 -2.44816092519494e-12 -1.18159263360257e-12
 -5.60131797909495e-13 -2.60678508905664e-13 -1.19043492215644e-13
 -5.33186506694252e-14 -2.34103653242194e-14 -1.00709416997920e-14
 -4.24262734272540e-15 -1.74932188731160e-15 -7.05567909564905e-16
 -2.78211737766131e-16 -1.07194389826051e-16 -4.03524664534156e-17
 -1.48253596197669e-17 -5.31271645486963e-18 -1.85589369807858e-18
 -6.31694350856741e-19 -2.09470862915096e-19 -6.77426219688502e-20
 -2.13264150813045e-20 -6.52029037499497e-21
 (i6, f12.0, f18.0, f8.3, i6)
   689  60.0000000  0.02500000000000  39.000     2
 (3e22.14)
  4.78216081248565e-06  5.01694337721803e-06  5.26325216931853e-06
  5.52165300765318e-06  5.79273948389234e-06  6.07713432548659e-06
  6.37549082551425e-06  6.68849434268036e-06  7.01686387490703e-06
  7.36135371012425e-06  7.72275515805002e-06  8.10189836692221e-06
  8.49965422936296e-06  8.91693638172427e-06  9.35470330153133e-06
  9.81396050778245e-06  1.02957628692268e-05  1.08012170257943e-05
  1.13314839289093e-05  1.18877815062307e-05  1.24713874573326e-05
  1.30836421862249e-05  1.37259518779592e-05  1.43997917259241e-05
  1.51067093175377e-05  1.58483281859050e-05  1.66263515357162e-05
  1.74425661517448e-05  1.82988464991740e-05  1.91971590247246e-05
  2.01395666690333e-05  2.11282335998686e-05  2.21654301777999e-05
  2.32535381650228e-05  2.43950561897411e-05  2.55926054783216e-05
  2.68489358685619e-05  2.81669321175565e-05  2.95496205190306e-05
  3.10001758446258e-05  3.25219286259629e-05  3.41183727929646e-05
  3.57931736871380e-05  3.75501764670926e-05  3.93934149262705e-05
  4.13271207425867e-05  4.33557331814779e-05  4.54839092741024e-05
  4.77165344946442e-05  5.00587339600821e-05  5.25158841795138e-05
  5.50936253780161e-05  5.77978744251387e-05  6.06348383959004e-05
  6.36110287964478e-05  6.67332764861278e-05  7.00087473305979e-05
  7.34449586210085e-05  7.70497962978234e-05  8.08315330169351e-05
  8.47988471016591e-05  8.89608424208947e-05  9.33270692418517e-05
  9.79075461022872e-05  1.02712782754134e-04  1.07753804228913e-04
  1.13042176082473e-04  1.18590030872593e-04  1.24410095934739e-04
  1.30515722514247e-04  1.36920916325355e-04  1.43640369603712e-04
  1.50689494727945e-04  1.58084459483185e-04  1.65842224052104e-04
  1.73980579810990e-04  1.82518190025704e-04  1.91474632534630e-04
  2.00870444519504e-04  2.10727169462408e-04  2.21067406400302e-04
  2.31914861581956e-04  2.43294402653220e-04  2.55232115484891e-04
  2.67755363779182e-04  2.80892851584873e-04  2.94674688867340e-04
  3.09132460275956e-04  3.24299297274204e-04  3.40209953782215e-04
  3.56900885519534e-04  3.74410333210986e-04  3.92778409857711e-04
  4.12047192261124e-04  4.32260817012444e-04  4.53465581160409e-04
  4.75710047789871e-04  4.99045156741279e-04  5.23524340733451e-04
  5.49203647133502e-04  5.76141865670918e-04  6.04400662360053e-04
  6.34044719952767e-04  6.65141885222941e-04  6.97763323423065e-04
  7.31983680253492e-04  7.67881251716746e-04  8.05538162225157e-04
  8.45040551381511e-04  8.86478769823088e-04  9.29947584603757e-04
  9.75546394537044e-04  1.02337945601413e-03  1.07355611977920e-03
  1.12619107920558e-03  1.18140463061667e-03  1.23932294624627e-03
  1.30007836042622e-03  1.36380966967101e-03  1.43066244728232e-03
  1.50078937323015e-03  1.57435057998517e-03  1.65151401512108e-03
  1.73245582145586e-03  1.81736073559708e-03  1.90642250575768e-03
  1.99984432978820e-03  2.09783931436100e-03  2.20063095637113e-03
  2.30845364754421e-03  2.42155320345361e-03  2.54018741801821e-03
  2.66462664478086e-03  2.79515440618721e-03  2.93206803223754e-03
  3.07567932988478e-03  3.22631528467785e-03  3.38431879613181e-03
  3.55004944851026e-03  3.72388431858648e-03  3.90621882228480e-03
  4.09746760189468e-03  4.29806545591131e-03  4.50846831342759e-03
  4.72915425524296e-03  4.96062458385382e-03  5.20340494468755e-03
  5.45804650091220e-03  5.72512716447436e-03  6.00525288582687e-03
  6.29905900533567e-03  6.60721166902059e-03  6.93040931185399e-03
  7.26938421163306e-03  7.62490411681822e-03  7.99777395172433e-03
  8.38883760275944e-03  8.79897978935150e-03  9.22912802370707e-03
  9.68025466323463e-03  1.01533790602965e-02  1.06495698134130e-02
  1.11699471249380e-02  1.17156852698839e-02  1.22880151811626e-02
  1.28882271564873e-02  1.35176736926570e-02  1.41777724528474e-02
  1.48700093733136e-02  1.55959419154026e-02  1.63572024700767e-02
  1.71555019212706e-02  1.79926333758065e-02  1.88704760670003e-02
  1.97909994401798e-02  2.07562674277717e-02  2.17684429232648e-02
  2.28297924619697e-02  2.39426911188126e-02  2.51096276320172e-02
  2.63332097633009e-02  2.76161699045433e-02  2.89613709425279e-02
  3.03718123920621e-02  3.18506368105738e-02  3.34011365051716e-02
  3.50267605459991e-02  3.67311220984106e-02  3.85180060884519e-02
  4.03913772150707e-02  4.23553883253438e-02  4.44143891664995e-02
  4.65729355325330e-02  4.88357988207093e-02  5.12079760162770e-02
  5.36947001224762e-02  5.63014510556778e-02  5.90339670230551e-02
  6.18982564055102e-02  6.49006101632574e-02  6.80476147888314e-02
  7.13461658269341e-02  7.48034819859666e-02  7.84271198637994e-02
  8.22249893131200e-02  8.62053694705639e-02  9.03769254773931e-02
  9.47487259160862e-02  9.93302609941952e-02  1.04131461499486e-01
  1.09162718560470e-01  1.14434904238487e-01  1.19959392985274e-01
  1.25748083996108e-01  1.31813424492561e-01  1.38168433966642e-01
  1.44826729423319e-01  1.51802551652385e-01  1.59110792571375e-01
  1.66767023668727e-01  1.74787525592062e-01  1.83189318912919e-01
  1.91990196111085e-01  2.01208754814660e-01  2.10864432337555e-01
  2.20977541551542e-01  2.31569308137488e-01  2.42661909249638e-01
  2.54278513643065e-01  2.66443323293129e-01  2.79181616559822e-01
  2.92519792926773e-01  3.06485419362381e-01  3.21107278337790e-01
  3.36415417543866e-01  3.52441201340321e-01  3.69217363980551e-01
  3.86778064636520e-01  4.05158944272433e-01  4.24397184379389e-01
  4.44531567620089e-01  4.65602540392895e-01  4.87652277350980e-01
  5.10724747888420e-01  5.34865784616471e-01  5.60123153832253e-01
  5.86546628000764e-01  6.14188060232506e-01  6.43101460777519e-01
  6.73343075494935e-01  7.04971466310373e-01  7.38047593607617e-01
  7.72634900542450e-01  8.08799399210747e-01  8.46609758646360e-01
  8.86137394539936e-01  9.27456560650024e-01  9.70644441763584e-01
  1.01578124814132e+00  1.06295031129100e+00  1.11223818096210e+00
  1.16373472315846e+00  1.21753321905234e+00  1.27373046452798e+00
  1.33242687020207e+00  1.39372656161882e+00  1.45773747938641e+00
  1.52457147891747e+00  1.59434442949384e+00  1.66717631221271e+00
  1.74319131653211e+00  1.82251793484442e+00  1.90528905474739e+00
  1.99164204838547e+00  2.08171885838873e+00  2.17566607976193e+00
  2.27363503711470e+00  2.37578185649011e+00  2.48226753111669e+00
  2.59325798017090e+00  2.70892409984650e+00  2.82944180561554e+00
  2.95499206490130e+00  3.08576091894176e+00  3.22193949285424e+00
  3.36372399263422e+00  3.51131568790478e+00  3.66492087898982e+00
  3.82475084704752e+00  3.99102178558674e+00  4.16395471205895e+00
  4.34377535758563e+00  4.53071403340599e+00  4.72500547197227e+00
  4.92688864104035e+00  5.13660652855464e+00  5.35440589661300e+00
  5.58053700194698e+00  5.81525328125471e+00  6.05881099861680e+00
  6.31146885307755e+00  6.57348754371412e+00  6.84512929002238e+00
  7.12665730477168e+00  7.41833521738237e+00  7.72042644448013e+00
  8.03319350605185e+00  8.35689728367760e+00  8.69179621912389e+00
  9.03814545024273e+00  9.39619588211304e+00  9.76619319076698e+00
  1.01483767576690e+01  1.05429785322582e+01  1.09502218214154e+01
  1.13703200030847e+01  1.18034751637664e+01  1.22498766574198e+01
  1.27096995859690e+01  1.31831031999590e+01  1.36702292201755e+01
  1.41712000793411e+01  1.46861170865357e+01  1.52150585134781e+01
  1.57580776074772e+01  1.63152005312259e+01  1.68864242353211e+01
  1.74717142662714e+01  1.80710025166718e+01  1.86841849228445e+01
  1.93111191187158e+01  1.99516220530388e+01  2.06054675818422e+01
  2.12723840446933e+01  2.19520518410425e+01  2.26441010162578e+01
  2.33481088777122e+01  2.40635976540502e+01  2.47900322197112e+01
  2.55268179030942e+01  2.62732984027196e+01  2.70287538333841e+01
  2.77923989310925e+01  2.85633814410037e+01  2.93407807228929e+01
  3.01236065986563e+01  3.09107984833625e+01  3.17012248254845e+01
  3.24936829002960e+01  3.32868989878837e+01  3.40795289781094e+01
  3.48701594391100e+01  3.56573091923478e+01  3.64394314302323e+01
  3.72149164225230e+01  3.79820948428692e+01  3.87392417653878e+01
  3.94845813555336e+01  4.02162923034829e+01  4.09325140218989e+01
  4.16313536455076e+01  4.23108938503804e+01  4.29692015225044e+01
  4.36043372771320e+01  4.42143658543389e+01  4.47973673712860e+01
  4.53514494431556e+01  4.58747601387651e+01  4.63655017559101e+01
  4.68219453670337e+01  4.72424460951758e+01  4.76254590411674e+01
  4.79695558016896e+01  4.82734414644200e+01  4.85359719902706e+01
  4.87561718413487e+01  4.89332517278016e+01  4.90666262965833e+01
  4.91559316113340e+01  4.92010421995431e+01  4.92020874932797e+01
  4.91594674069164e+01  4.90738668385444e+01  4.89462688259381e+01
  4.87779661081284e+01  4.85705708043923e+01  4.83260219544207e+01
  4.80465906092705e+01  4.77348822230100e+01  4.73938360367069e+01
  4.70267212098185e+01  4.66371294230468e+01  4.62289637300740e+01
  4.58064234244266e+01  4.53739847581616e+01  4.49363773327530e+01
  4.44985560829574e+01  4.40656687607789e+01  4.36430189342795e+01
  4.32360245312465e+01  4.28501720580514e+01  4.24909666587215e+01
  4.21638782943496e+01  4.18742843530748e+01  4.16274091321519e+01
  4.14282606722631e+01  4.12815655392775e+01  4.11917022130085e+01
  4.11626338341899e+01  4.11978411309498e+01  4.13002564220485e+01
  4.14721996568097e+01  4.17153175103685e+01  4.20305265937192e+01
  4.24179618722581e+01  4.28769314062724e+01  4.34058785253644e+01
  4.40023525275279e+01  4.46629889778664e+01  4.53835005852455e+01
  4.61586796076783e+01  4.69824125846802e+01  4.78477081085164e+01
  4.87467381748938e+01  4.96708934969698e+01  5.06108529580463e+01
  5.15566671914486e+01  5.24978560103325e+01  5.34235191992181e+01
  5.43224598910954e+01  5.51833195016040e+01  5.59947229154127e+01
  5.67454323388060e+01  5.74245079768857e+01  5.80214734216937e+01
  5.85264834042121e+01  5.89304913444934e+01  5.92254139306475e+01
  5.94042898199550e+01  5.94614294223507e+01  5.93925526730280e+01
  5.91949116755128e+01  5.88673951594110e+01  5.84106117746106e+01
  5.78269494723545e+01  5.71206084006927e+01  5.62976051476233e+01
  5.53657464723226e+01  5.43345712136931e+01  5.32152595264208e+01
  5.20205092624655e+01  5.07643799002713e+01  4.94621051974444e+01
  4.81298763992627e+01  4.67845986534605e+01  4.54436239750277e+01
  4.41244648710131e+01  4.28444933894435e+01  4.16206310141094e+01
  4.04690353016007e+01  3.94047896466884e+01  3.84416027798587e+01
  3.75915247872972e+01  3.68646863877901e+01  3.62690679998185e+01
  3.58103047464783e+01  3.54915329802959e+01  3.53132831528262e+01
  3.52734229736386e+01  3.53671537177770e+01  3.55870613961771e+01
  3.59232231960828e+01  3.63633682760595e+01  3.68930905985264e+01
  3.74961101209950e+01  3.81545773234806e+01  3.88494148150881e+01
  3.95606886576304e+01  4.02680011113211e+01  4.09508958083831e+01
  4.15892658937568e+01  4.21637554930689e+01  4.26561449706079e+01
  4.30497108286157e+01  4.33295517713953e+01  4.34828733760902e+01
  4.34992249620528e+01  4.33706835623357e+01  4.30919813640551e+01
  4.26605744994229e+01  4.20766526300498e+01  4.13430902755324e+01
  4.04653422876501e+01  3.94512871868470e+01  3.83110232376534e+01
  3.70566231408349e+01  3.57018539866749e+01  3.42618697181053e+01
  3.27528837117706e+01  3.11918292780739e+01  2.95960158642183e+01
  2.79827885686932e+01  2.63691982255099e+01  2.47716888572357e+01
  2.32058086677621e+01  2.16859500607954e+01  2.02251233469862e+01
  1.88347679335307e+01  1.75246038311486e+01  1.63025253319376e+01
  1.51745376687913e+01  1.41447364414233e+01  1.32153285727916e+01
  1.23866925685532e+01  1.16574749700062e+01  1.10247190758771e+01
  1.04840213588776e+01  1.00297105066459e+01  9.65504368366715e+00
  9.35241447984434e+00  9.11356702713695e+00  8.92981095047457e+00
  8.79223212066843e+00  8.69189458277655e+00  8.62002951802693e+00
  8.56820764048342e+00  8.52849202219161e+00  8.49356897042234e+00
  8.45685523918270e+00  8.41258053558966e+00  8.35584496135961e+00
  8.28265169780056e+00  8.18991587563491e+00  8.07545115191007e+00
  7.93793602279059e+00  7.77686232073219e+00  7.59246866024026e+00
  7.38566180970652e+00  7.15792906323390e+00  6.91124468653787e+00
  6.64797340493882e+00  6.37077371772109e+00  6.08250356403302e+00
  5.78613055525119e+00  5.48464864001512e+00  5.18100269917199e+00
  4.87802219304714e+00  4.57836461645947e+00  4.28446916841967e+00
  3.99852072313441e+00  3.72242390201369e+00  3.45778679863095e+00
  3.20591370122393e+00  2.96780599186877e+00  2.74417027716672e+00
  2.53543272065965e+00  2.34175849934979e+00  2.16307529447298e+00
  1.99909974373287e+00  1.84936582810757e+00  1.71325423496008e+00
  1.59002182701021e+00  1.47883045000339e+00  1.37877442523307e+00
  1.28890619286514e+00  1.20825969347215e+00  1.13587119415508e+00
  1.07079737835201e+00  1.01213062159784e+00  9.59011466148047e-01
  9.10638384112040e-01  8.66274979958980e-01  8.25254829518408e-01
  7.86984184127075e-01  7.50942787235876e-01  7.16683058193437e-01
  6.83827896404551e-01  6.52067350576515e-01  6.21154384327591e-01
  5.90899952623247e-01  5.61167584708105e-01  5.31867649402779e-01
  5.02951458614763e-01  4.74405345267882e-01  4.46244832867122e-01
  4.18508996005207e-01  3.91255094300669e-01  3.64553546736212e-01
  3.38483299134908e-01  3.13127624525076e-01  2.88570384449729e-01
  2.64892768636380e-01  2.42170520950039e-01  2.20471650905540e-01
  1.99854622270623e-01  1.80367003252279e-01  1.62044556423107e-01
  1.44910740820773e-01  1.28976593589190e-01  1.14240954109594e-01
  1.00690989849240e-01  8.83029802548037e-02  7.70433129541787e-02
  6.68696454407293e-02  5.77321853493328e-02  4.95750434304609e-02
  4.23376154007579e-02  3.59559519679294e-02  3.03640803664656e-02
  2.54952456273785e-02  2.12830452879837e-02  1.76624371865728e-02
  1.45706060816642e-02  1.19476809053701e-02  9.73730021876876e-03
  7.88702871568174e-03  6.34863221439375e-03  5.07822236415169e-03
  4.03628519447378e-03  3.18760961133662e-03  2.50113302116275e-03
  1.94972150938581e-03  1.50990150040775e-03  1.16155873493274e-03
  8.87618822418367e-04  6.73721757754636e-04  5.07900715732970e-04
  3.80273345442061e-04  2.82751725396852e-04  2.08775257832950e-04
  1.53069077427675e-04  1.11429123584263e-04  8.05338403946871e-05
  5.77815634218498e-05  4.11519876198419e-05  2.90896705239483e-05
  2.04072755316723e-05  1.42061660886620e-05  9.81198894182802e-06
  6.72300056810624e-06  4.56906674633061e-06  3.07947643308686e-06
  2.05793818496214e-06  1.36335503829612e-06  8.95191552334939e-07
  5.82447097110350e-07  3.75428834125626e-07  2.39673788738959e-07
  1.51502760924746e-07  9.47997425466550e-08  5.87022104584169e-08
  3.59609263702154e-08  2.17871377964421e-08  1.30502924689914e-08
  7.72584343223921e-09  4.51880839394746e-09  2.61038272381268e-09
  1.48873012271494e-09  8.37946206329380e-10  4.65268356530441e-10
  2.54766703737618e-10  1.37505657539299e-10  7.31253639168254e-11
  3.83023685102412e-11  1.97520162925093e-11  1.00238660559732e-11
  5.00383971170758e-12  2.45594399150274e-12  1.18462116964400e-12
  5.61282835116496e-13  2.61105407268526e-13  1.19197900605651e-13
  5.33730827300435e-14  2.34290547361962e-14  1.00771877608586e-14
  4.24465779432794e-15  1.74996295800769e-15  7.05764491797898e-16
  2.78270241931796e-16  1.07211274960130e-16  4.03571888245442e-17
  1.48266384348101e-17  5.31305149186398e-18  1.85597854803171e-18
  6.31715105318256e-19  2.09475761719738e-19  6.77437367654886e-20
  2.13266594391173e-20  6.52034191801421e-21
 -1.20083209587348e-25 -1.36953092552130e-25 -1.56192628690454e-25
 -1.78134628404601e-25 -2.03158636595547e-25 -2.31697493976964e-25
 -2.64244819347422e-25 -3.01363542050517e-25 -3.43695631980672e-25
 -3.91973195156987e-25 -4.47031126465785e-25 -5.09821538026644e-25
 -5.81430212290459e-25 -6.63095363897583e-25 -7.56229034164413e-25
 -8.62441487467342e-25 -9.83569030575941e-25 -1.12170573501425e-24
 -1.27923960983285e-24 -1.45889384890670e-24 -1.66377386435668e-24
 -1.89742091743392e-24 -2.16387327191041e-24 -2.46773592467017e-24
 -2.81426011596084e-24 -3.20943399030790e-24 -3.66008597110822e-24
 -4.17400263097762e-24 -4.76006308950013e-24 -5.42839225465142e-24
 -6.19053554858107e-24 -7.05965812823718e-24 -8.05077203297060e-24
 -9.18099517169833e-24 -1.04698466101981e-23 -1.19395832433597e-23
 -1.36155836491800e-23 -1.55267857325329e-23 -1.77061856916497e-23
 -2.01914068942233e-23 -2.30253484518736e-23 -2.62569246506960e-23
 -2.99419079570939e-23 -3.41438900965660e-23 -3.89353777311223e-23
 -4.43990415717256e-23 -5.06291403958569e-23 -5.77331444419983e-23
 -6.58335860731274e-23 -7.50701695005828e-23 -8.56021758005249e-23
 -9.76112045200364e-23 -1.11304298936711e-22 -1.26917508611415e-22
 -1.44719950364000e-22 -1.65018437338237e-22 -1.88162755547822e-22
 -2.14551678378991e-22 -2.44639822149834e-22 -2.78945460217232e-22
 -3.18059429508495e-22 -3.62655282034985e-22 -4.13500855216174e-22
 -4.71471459083453e-22 -5.37564906042860e-22 -6.12918640334845e-22
 -6.98829260152789e-22 -7.96774766210202e-22 -9.08439917023739e-22
 -1.03574512414883e-21 -1.18087938091141e-21 -1.34633778688101e-21
 -1.53496430857128e-21 -1.75000050595603e-21 -1.99514105587819e-21
 -2.27459701896186e-21 -2.59316792828174e-21 -2.95632392782591e-21
 -3.37029935947972e-21 -3.84219939148065e-21 -4.38012150251753e-21
 -4.99329388746399e-21 -5.69223313745730e-21 -6.48892387337500e-21
 -7.39702338338421e-21 -8.43209473803828e-21 -9.61187233796138e-21
 -1.09565643969125e-20 -1.24891974867728e-20 -1.42360089806324e-20
 -1.62268940378933e-20 -1.84959146942788e-20 -2.10818796657196e-20
 -2.40290046646824e-20 -2.73876643818707e-20 -3.12152488261481e-20
 -3.55771384681404e-20 -4.05478146262268e-20 -4.62121238010220e-20
 -5.26667172435783e-20 -6.00216899752928e-20 -6.84024468141585e-20
 -7.79518267537515e-20 -8.88325213568167e-20 -1.01229827727534e-19
 -1.15354782204131e-19 -1.31447727251476e-19 -1.49782371239612e-19
 -1.70670408984026e-19 -1.94466780233928e-19 -2.21575653872662e-19
 -2.52457237618647e-19 -2.87635526674691e-19 -3.27707120296590e-19
 -3.73351252881952e-19 -4.25341206217362e-19 -4.84557292266477e-19
 -5.52001621731650e-19 -6.28814902961899e-19 -7.16295549108035e-19
 -8.15921409260658e-19 -9.29374482265424e-19 -1.05856902066729e-18
 -1.20568348759336e-18 -1.37319689218471e-18 -1.56393010049057e-18
 -1.78109279960100e-18 -2.02833688457401e-18 -2.30981714179980e-18
 -2.63026022052462e-18 -2.99504301814908e-18 -3.41028175679079e-18
 -3.88293320072366e-18 -4.42090965953666e-18 -5.03320964304776e-18
 -5.73006628478310e-18 -6.52311593496133e-18 -7.42558964586610e-18
 -8.45253063722498e-18 -9.62104124229637e-18 -1.09505633033337e-17
 -1.24631965147371e-17 -1.41840598122478e-17 -1.61417015853428e-17
 -1.83685652586613e-17 -2.09015176578968e-17 -2.37824485596189e-17
 -2.70589509375721e-17 -3.07850926771568e-17 -3.50222919533250e-17
 -3.98403100772999e-17 -4.53183774368267e-17 -5.15464702119359e-17
 -5.86267578720770e-17 -6.66752440866136e-17 -7.58236266467911e-17
 -8.62214053475967e-17 -9.80382705599543e-17 -1.11466809494982e-16
 -1.26725571980864e-16 -1.44062543012839e-16 -1.63759075472738e-16
 -1.86134343336485e-16 -2.11550383494139e-16 -2.40417803108034e-16
 -2.73202239356713e-16 -3.10431669591645e-16 -3.52704682535574e-16
 -4.00699835339307e-16 -4.55186237301154e-16 -5.17035519047955e-16
 -5.87235366237140e-16 -6.66904819640850e-16 -7.57311569127110e-16
 -8.59891497915299e-16 -9.76270765937912e-16 -1.10829075763622e-15
 -1.25803626053938e-15 -1.42786728707765e-15 -1.62045500387842e-15
 -1.83882229097549e-15 -2.08638951869803e-15 -2.36702620336182e-15
 -2.68510928521631e-15 -3.04558886449375e-15 -3.45406233505492e-15
 -3.91685797137079e-15 -4.44112915493469e-15 -5.03496057231514e-15
 -5.70748788082389e-15 -6.46903252125741e-15 -7.33125356270875e-15
 -8.30731869460277e-15 -9.41209673883236e-15 -1.06623743432913e-14
 -1.20770998409175e-14 -1.36776576194489e-14 -1.54881767510639e-14
 -1.75358780826428e-14 -1.98514644925070e-14 -2.24695595836291e-14
 -2.54292007142030e-14 -2.87743929708043e-14 -3.25547314763970e-14
 -3.68261003041145e-14 -4.16514572487667e-14 -4.71017148029741e-14
 -5.32567289067720e-14 -6.02064084028433e-14 -6.80519596501035e-14
 -7.69072824446945e-14 -8.69005352876529e-14 -9.81758901482128e-14
 -1.10895499219168e-13 -1.25241698782047e-13 -1.41419478214998e-13
 -1.59659245428367e-13 -1.80219923632591e-13 -2.03392418375102e-13
 -2.29503498272561e-13 -2.58920137863542e-13 -2.92054376570155e-13
 -3.29368753953062e-13 -3.71382388331864e-13 -4.18677773522916e-13
 -4.71908376967772e-13 -5.31807132036724e-13 -5.99195927842264e-13
 -6.74996211657324e-13 -7.60240832101376e-13 -8.56087265795115e-13
 -9.63832386359029e-13 -1.08492895260533e-12 -1.22100401279130e-12
 -1.37387944401328e-12 -1.54559487059763e-12 -1.73843323280703e-12
 -1.95494930781041e-12 -2.19800151886091e-12 -2.47078740647224e-12
 -2.77688317746908e-12 -3.12028779457325e-12 -3.50547212129619e-12
 -3.93743369473905e-12 -4.42175776346022e-12 -4.96468529910740e-12
 -5.57318877042119e-12 -6.25505655689551e-12 -7.01898697823962e-12
 -7.87469302575146e-12 -8.83301900422871e-12 -9.90607042930548e-12
 -1.11073586771856e-11 -1.24519620526860e-11 -1.39567051303368e-11
 -1.56403584331266e-11 -1.75238607479250e-11 -1.96305666376491e-11
 -2.19865220016909e-11 -2.46207708608267e-11 -2.75656969060048e-11
 -3.08574037545510e-11 -3.45361383101868e-11 -3.86467621275934e-11
 -4.32392762468995e-11 -4.83694055941554e-11 -5.40992497489414e-11
 -6.04980076696969e-11 -6.76427848494739e-11 -7.56194923645369e-11
 -8.45238483832838e-11 -9.44624939457646e-11 -1.05554236211794e-10
 -1.17931433936834e-10 -1.31741541682625e-10 -1.47148831233437e-10
 -1.64336310892802e-10 -1.83507865813189e-10 -2.04890645293359e-10
 -2.28737726110332e-10 -2.55331084471844e-10 -2.84984913142532e-10
 -3.18049324757160e-10 -3.54914487365640e-10 -3.96015243923865e-10
 -4.41836273833525e-10 -4.92917861852332e-10 -5.49862347833422e-10
 -6.13341339949211e-10 -6.84103784446460e-10 -7.62984996717504e-10
 -8.50916771759167e-10 -9.48938707109379e-10 -1.05821088837638e-09
 -1.18002810669007e-09 -1.31583579929904e-09 -1.46724792916217e-09
 -1.63606704750828e-09 -1.82430681506692e-09 -2.03421729376898e-09
 -2.26831336163699e-09 -2.52940665011997e-09 -2.82064145580297e-09
 -3.14553513854249e-09 -3.50802358608390e-09 -3.91251240278664e-09
 -4.36393456811508e-09 -4.86781541073253e-09 -5.43034585797302e-09
 -6.05846505008490e-09 -6.75995355624449e-09 -7.54353859698722e-09
 -8.41901286931022e-09 -9.39736878741592e-09 -1.04909502008753e-08
 -1.17136239328881e-08 -1.30809738033373e-08 -1.46105201665561e-08
 -1.63219684105406e-08 -1.82374903378291e-08 -2.03820428901857e-08
 -2.27837292903759e-08 -2.54742083809267e-08 -2.84891587285030e-08
 -3.18688049788996e-08 -3.56585149738154e-08 -3.99094773204989e-08
 -4.46794704400512e-08 -5.00337356489772e-08 -5.60459685464527e-08
 -6.27994449698323e-08 -7.03882999948844e-08 -7.89189810243627e-08
 -8.85118988849033e-08 -9.93033041420658e-08 -1.11447419575270e-07
 -1.25118863976969e-07 -1.40515407273863e-07 -1.57861102347552e-07
 -1.77409845229320e-07 -1.99449422182310e-07 -2.24306110279367e-07
 -2.52349906927672e-07 -2.84000474015916e-07 -3.19733893845951e-07
 -3.60090346915407e-07 -4.05682836412491e-07 -4.57207100652380e-07
 -5.15452873524753e-07 -5.81316673918990e-07 -6.55816328866388e-07
 -7.40107461750640e-07 -8.35502207009315e-07 -9.43490446242795e-07
 -1.06576389885367e-06 -1.20424344211803e-06 -1.36111008396016e-06
 -1.53884006401615e-06 -1.74024461876820e-06 -1.96851501251268e-06
 -2.22727351040948e-06 -2.52063105175714e-06 -2.85325247494779e-06
 -3.23043024551955e-06 -3.65816775471962e-06 -4.14327337916420e-06
 -4.69346663292571e-06 -5.31749789618958e-06 -6.02528337402837e-06
 -6.82805712580530e-06 -7.73854220909924e-06 -8.77114321073873e-06
 -9.94216267480624e-06 -1.12700442201081e-05 -1.27756454135400e-05
 -1.44825438020728e-05 -1.64173798354349e-05 -1.86102407910103e-05
 -2.10950902123771e-05 -2.39102477951001e-05 -2.70989251254351e-05
 -3.07098231488861e-05 -3.47977977801795e-05 -3.94246005982142e-05
 -4.46597021494956e-05 -5.05812059734348e-05 -5.72768620876667e-05
 -6.48451892824519e-05 -7.33967162533400e-05 -8.30553521790320e-05
 -9.39598980713121e-05 -1.06265710751581e-04 -1.20146531964498e-04
 -1.35796495627821e-04 -1.53432326723579e-04 -1.73295745646112e-04
 -1.95656092222912e-04 -2.20813183532042e-04 -2.49100419839917e-04
 -2.80888152469124e-04 -3.16587327054874e-04 -3.56653414732120e-04
 -4.01590642640534e-04 -4.51956533541444e-04 -5.08366762267461e-04
 -5.71500334203856e-04 -6.42105087647751e-04 -7.21003518335863e-04
 -8.09098919341022e-04 -9.07381824735744e-04 -1.01693673845176e-03
 -1.13894912299823e-03 -1.27471261401101e-03 -1.42563641746490e-03
 -1.59325283518147e-03 -1.77922485359335e-03 -1.98535371576242e-03
 -2.21358638453859e-03 -2.46602278684921e-03 -2.74492271380930e-03
 -3.05271223224148e-03 -3.39198944437798e-03 -3.76552941151299e-03
 -4.17628803769440e-03 -4.62740468489494e-03 -5.12220327356319e-03
 -5.66419159442467e-03 -6.25705854189932e-03 -6.90466895368302e-03
 -7.61105572504718e-03 -8.38040884829395e-03 -9.21706101339300e-03
 -1.01254693974353e-02 -1.11101932614563e-02 -1.21758669818713e-02
 -1.33271681362257e-02 -1.45687803025168e-02 -1.59053502272410e-02
 -1.73414390834418e-02 -1.88814675644256e-02 -2.05296546356886e-02
 -2.22899498384041e-02 -2.41659591279206e-02 -2.61608643478482e-02
 -2.82773365502879e-02 -3.05174435356064e-02 -3.28825521217431e-02
 -3.53732258464631e-02 -3.79891189813501e-02 -4.07288679423210e-02
 -4.35899813866722e-02 -4.65687305044884e-02 -4.96600412153300e-02
 -5.28573902024699e-02 -5.61527069002853e-02 -5.95362837415390e-02
 -6.29966971246250e-02 -6.65207416923143e-02 -7.00933806161584e-02
 -7.36977146388119e-02 -7.73149726611786e-02 -8.09245266293614e-02
 -8.45039334389438e-02 -8.80290064390373e-02 -9.14739189796298e-02
 -9.48113421969178e-02 -9.80126189374548e-02 -1.01047975314861e-01
 -1.03886770889036e-01 -1.06497787831595e-01 -1.08849558697319e-01
 -1.10910731563493e-01 -1.12650470352091e-01 -1.14038887139351e-01
 -1.15047502230916e-01 -1.15649726774130e-01 -1.15821361746391e-01
 -1.15541106330391e-01 -1.14791068009138e-01 -1.13557266200013e-01
 -1.11830120928156e-01 -1.09604917908587e-01 -1.06882241477195e-01
 -1.03668367057782e-01 -9.99756052731380e-02 -9.58225903634284e-02
 -9.12345062518273e-02 -8.62432443478664e-02 -8.08874879891568e-02
 -7.52127192453135e-02 -6.92711446381484e-02 -6.31215371336057e-02
 -5.68289925391192e-02 -5.04645992115534e-02 -4.41050206876037e-02
 -3.78319916145050e-02 -3.17317281684013e-02 -2.58942549334003e-02
 -2.04126512581447e-02 -1.53822211228698e-02 -1.08995918498405e-02
 -7.06174837379471e-03 -3.96501135543669e-03 -1.70396908873416e-03
 -3.70374866101905e-04 -5.20231368356804e-05 -8.31619304727197e-04
 -2.78565923304887e-03 -5.98333532521366e-03 -1.04854863104132e-02
 -1.63436075067868e-02 -2.35989373484089e-02 -3.22816344202795e-02
 -4.24100573376881e-02 -5.39901577837462e-02 -6.70149952608080e-02
 -8.14643808712533e-02 -9.73046569979109e-02 -1.14488620028138e-01
 -1.32955593998428e-01 -1.52631663826324e-01 -1.73430076757120e-01
 -1.95251819545134e-01 -2.17986376134782e-01 -2.41512666205255e-01
 -2.65700159410122e-01 -2.90410153767655e-01 -3.15497199991682e-01
 -3.40810648012398e-01 -3.66196286330157e-01 -3.91498041851950e-01
 -4.16559705181237e-01 -4.41226646188692e-01 -4.65347485367101e-01
 -4.88775689087311e-01 -5.11371059906180e-01 -5.33001097882654e-01
 -5.53542213197486e-01 -5.72880775951630e-01 -5.90913993854780e-01
 -6.07550613554944e-01 -6.22711445755962e-01 -6.36329718064358e-01
 -6.48351262725497e-01 -6.58734548673196e-01 -6.67450569119882e-01
 -6.74482596786933e-01 -6.79825819461444e-01 -6.83486868333646e-01
 -6.85483251605754e-01 -6.85842705045528e-01 -6.84602471019106e-01
 -6.81808516980911e-01 -6.77514704288383e-01 -6.71781918329552e-01
 -6.64677171139003e-01 -6.56272688331469e-01 -6.46644992648669e-01
 -6.35873997179956e-01 -6.24042121607829e-01 -6.11233445091942e-01
 -5.97532908882610e-01 -5.83025580892342e-01 -5.67795992640757e-01
 -5.51927556753632e-01 -5.35502070121103e-01 -5.18599304631611e-01
 -5.01296683772076e-01 -4.83669040218386e-01 -4.65788446494480e-01
 -4.47724108678400e-01 -4.29542311566763e-01 -4.11306403246595e-01
 -3.93076807110101e-01 -3.74911050383298e-01 -3.56863799501495e-01
 -3.38986894542037e-01 -3.21329376656182e-01 -3.03937504431133e-01
 -2.86854756729522e-01 -2.70121821195571e-01 -2.53776568793159e-01
 -2.37854015895857e-01 -2.22386276123850e-01 -2.07402504826530e-01
 -1.92928839395512e-01 -1.78988338942145e-01 -1.65600926909158e-01
 -1.52783340295800e-01 -1.40549089036839e-01 -1.28908429033335e-01
 -1.17868352048725e-01 -1.07432595505849e-01 -9.76016748072042e-02
 -8.83729404596974e-02 -7.97406617405708e-02 -7.16961381296494e-02
 -6.42278390452395e-02 -5.73215717717490e-02 -5.09606766638541e-02
 -4.51262479845453e-02 -3.97973779078086e-02 -3.49514205027425e-02
 -3.05642717923434e-02 -2.66106614093448e-02 -2.30644508769064e-02
 -1.98989332360807e-02 -1.70871285935150e-02 -1.46020701966862e-02
 -1.24170758848399e-02 -1.05060001678040e-02 -8.84346277627547e-03
 -7.40505024209931e-03 -6.16748790806019e-03 -5.10878066361945e-03
 -4.20832163947823e-03 -3.44696901304932e-03 -2.80709194132506e-03
 -2.27258742025398e-03 -1.82887052877359e-03 -1.46284104087924e-03
 -1.16282976387957e-03 -9.18528178833657e-04 -7.20905034231475e-04
 -5.62113471959004e-04 -4.35392086638269e-04 -3.34963027823293e-04
 -2.55929907002871e-04 -1.94177857804432e-04 -1.46277678232619e-04
 -1.09395543225163e-04 -8.12093698996657e-05 -5.98325278175501e-05
 -4.37452497881866e-05 -3.17338059496667e-05 -2.28372652766939e-05
 -1.63014831585733e-05 -1.15398181733272e-05 -8.09999161110588e-06
 -5.63645372484794e-06 -3.88760461610880e-06 -2.65722830250716e-06
 -1.79952939262464e-06 -1.20720680455086e-06 -8.02052966472372e-07
 -5.27625300379758e-07 -3.43596244485197e-07 -2.21445521843206e-07
 -1.41212443464063e-07 -8.90747775495403e-08 -5.55644199696603e-08
 -3.42672770984810e-08 -2.08872075430120e-08 -1.25797361655007e-08
 -7.48381836500539e-09 -4.39641002799236e-09 -2.54954419598289e-09
 -1.45902199193647e-09 -8.23700489185346e-10 -4.58563490733858e-10
 -2.51670651490662e-10 -1.36103779994019e-10 -7.25032287436555e-11
 -3.80318948528095e-11 -1.96368815581874e-11 -9.97590397868154e-12
 -4.98429786716100e-12 -2.44816092519494e-12 -1.18159263360257e-12
 -5.60131797909495e-13 -2.60678508905664e-13 -1.19043492215644e-13
 -5.33186506694252e-14 -2.34103653242194e-14 -1.00709416997920e-14
 -4.24262734272540e-15 -1.74932188731160e-15 -7.05567909564905e-16
 -2.78211737766131e-16 -1.07194389826051e-16 -4.03524664534156e-17
 -1.48253596197669e-17 -5.31271645486963e-18 -1.85589369807858e-18
 -6.31694350856741e-19 -2.09470862915096e-19 -6.77426219688502e-20
 -2.13264150813045e-20 -6.52029037499497e-21
 (i6, f12.0, f18.0, f8.3, i6)
   665  60.0000000  0.02500000000000  26.000     2
 (3e22.14)
  2.89367842424056e-06  3.03926416337058e-06  3.19217416623429e-06
  3.35277687843171e-06  3.52145927781226e-06  3.69862780643920e-06
  3.88470934940761e-06  4.08015226287050e-06  4.28542745374540e-06
  4.50102951369861e-06  4.72747791013526e-06  4.96531823705595e-06
  5.21512352879400e-06  5.47749563978326e-06  5.75306669368785e-06
  6.04250060535644e-06  6.34649467929327e-06  6.66578128843714e-06
  7.00112963736364e-06  7.35334761403223e-06  7.72328373467536e-06
  8.11182918635130e-06  8.51991997219943e-06  8.94853916446098e-06
  9.39871927073474e-06  9.87154471911107e-06  1.03681544682083e-05
  1.08897447482964e-05  1.14375719402125e-05  1.20129555988362e-05
  1.26172816285320e-05  1.32520056180625e-05  1.39186563430701e-05
  1.46188394444517e-05  1.53542412915747e-05  1.61266330394190e-05
  1.69378748896538e-05  1.77899205655411e-05  1.86848220117413e-05
  1.96247343300144e-05  2.06119209628517e-05  2.16487591373546e-05
  2.27377455825016e-05  2.38815025334042e-05  2.50827840371201e-05
  2.63444825748749e-05  2.76696360169507e-05  2.90614349264248e-05
  3.05232302297680e-05  3.20585412722440e-05  3.36710642777175e-05
  3.53646812329430e-05  3.71434692177542e-05  3.90117102033063e-05
  4.09739013421253e-05  4.30347657741387e-05  4.51992639752034e-05
  4.74726056744621e-05  4.98602623698968e-05  5.23679804712738e-05
  5.50017951024378e-05  5.77680445956262e-05  6.06733857126977e-05
  6.37248096293316e-05  6.69296587208900e-05  7.02956441892733e-05
  7.38308645739708e-05  7.75438251901159e-05  8.14434585413960e-05
  8.55391457552845e-05  8.98407390926256e-05  9.43585855847128e-05
  9.91035518546404e-05  1.04087050181565e-04  1.09321065870838e-04
  1.14818185993930e-04  1.20591629568457e-04  1.26655279247846e-04
  1.33023714598502e-04  1.39712247041574e-04  1.46736956543928e-04
  1.54114730144667e-04  1.61863302409469e-04  1.70001297907979e-04
  1.78548275816584e-04  1.87524776750446e-04  1.96952371938452e-04
  2.06853714855247e-04  2.17252595434913e-04  2.28173996993243e-04
  2.39644155994982e-04  2.51690624805550e-04  2.64342337579085e-04
  2.77629679434051e-04  2.91584559085794e-04  3.06240485101964e-04
  3.21632645965866e-04  3.37797994133494e-04  3.54775334284727e-04
  3.72605415975406e-04  3.91331030910729e-04  4.10997115066209e-04
  4.31650855901362e-04  4.53341804911870e-04  4.76121995793397e-04
  5.00046068486144e-04  5.25171399399136e-04  5.51558238114679e-04
  5.79269850897096e-04  6.08372671339762e-04  6.38936458506692e-04
  6.71034462933883e-04  7.04743600886665e-04  7.40144637269175e-04
  7.77322377627473e-04  8.16365869679648e-04  8.57368614855726e-04
  9.00428790331228e-04  9.45649482076992e-04  9.93138929463104e-04
  1.04301078199093e-03  1.09538436874065e-03  1.15038498117267e-03
  1.20814416991889e-03  1.26880005627514e-03  1.33249765908982e-03
  1.39938923782547e-03  1.46963465256937e-03  1.54340174183250e-03
  1.62086671899932e-03  1.70221458834920e-03  1.78763958159005e-03
  1.87734561592658e-03  1.97154677468631e-03  2.07046781162882e-03
  2.17434468006853e-03  2.28342508803396e-03  2.39796908071291e-03
  2.51824965152939e-03  2.64455338320585e-03  2.77718112031309e-03
  2.91644867477004e-03  3.06268756594811e-03  3.21624579699905e-03
  3.37748866918931e-03  3.54679963604988e-03  3.72458119927372e-03
  3.91125584834627e-03  4.10726704604051e-03  4.31308026192589e-03
  4.52918405626089e-03  4.75609121658813e-03  4.99433994964252e-03
  5.24449513112801e-03  5.50714961617579e-03  5.78292561333216e-03
  6.07247612511825e-03  6.37648645828027e-03  6.69567580708253e-03
  7.03079891300682e-03  7.38264780458290e-03  7.75205362096518e-03
  8.13988852335110e-03  8.54706769821815e-03  8.97455145677512e-03
  9.42334743505667e-03  9.89451289939668e-03  1.03891571621177e-02
  1.09084441126440e-02  1.14535948692307e-02  1.20258905570914e-02
  1.26266752184724e-02  1.32573588610183e-02  1.39194206505178e-02
  1.46144122548003e-02  1.53439613455595e-02  1.61097752653595e-02
  1.69136448671966e-02  1.77574485345728e-02  1.86431563899482e-02
  1.95728347003893e-02  2.05486504887612e-02  2.15728763601034e-02
  2.26478955523184e-02  2.37762072213857e-02  2.49604319712405e-02
  2.62033176391853e-02  2.75077453478046e-02  2.88767358352596e-02
  3.03134560755862e-02  3.18212262019991e-02  3.34035267456655e-02
  3.50640062038286e-02  3.68064889509224e-02  3.86349835074442e-02
  4.05536911811516e-02  4.25670150967891e-02  4.46795696294404e-02
  4.68961902593310e-02  4.92219438640719e-02  5.16621394671211e-02
  5.42223394601292e-02  5.69083713185359e-02  5.97263398296541e-02
  6.26826398538022e-02  6.57839696385982e-02  6.90373447087769e-02
  7.24501123520733e-02  7.60299667255648e-02  7.97849646037701e-02
  8.37235417939200e-02  8.78545302416081e-02  9.21871758524958e-02
  9.67311570550203e-02  1.01496604130883e-01  1.06494119338726e-01
  1.11734797859824e-01  1.17230249590726e-01  1.22992621814001e-01
  1.29034622772007e-01  1.35369546175195e-01  1.42011296671772e-01
  1.48974416309078e-01  1.56274112014898e-01  1.63926284129281e-01
  1.71947556013987e-01  1.80355304771835e-01  1.89167693100132e-01
  1.98403702312434e-01  2.08083166550455e-01  2.18226808218628e-01
  2.28856274663972e-01  2.39994176129008e-01  2.51664125000131e-01
  2.63890776376578e-01  2.76699869977370e-01  2.90118273411215e-01
  3.04174026818060e-01  3.18896388907376e-01  3.34315884393899e-01
  3.50464352848953e-01  3.67374998965626e-01  3.85082444243198e-01
  4.03622780084336e-01  4.23033622301336e-01  4.43354167011197e-01
  4.64625247910818e-01  4.86889394891407e-01  5.10190893978561e-01
  5.34575848537479e-01  5.60092241711780e-01  5.86790000025566e-01
  6.14721058088503e-01  6.43939424319262e-01  6.74501247604865e-01
  7.06464884780482e-01  7.39890968832386e-01  7.74842477665099e-01
  8.11384803320890e-01  8.49585821451205e-01  8.89515960889765e-01
  9.31248273103577e-01  9.74858501314018e-01  1.02042514903315e+00
  1.06802954776221e+00  1.11775592353699e+00  1.16969146203613e+00
  1.22392637185454e+00  1.28055394562860e+00  1.33967061853825e+00
  1.40137602380135e+00  1.46577304464300e+00  1.53296786225160e+00
  1.60306999915007e+00  1.67619235741584e+00  1.75245125107355e+00
  1.83196643204523e+00  1.91486110884202e+00  2.00126195734027e+00
  2.09129912270060e+00  2.18510621166133e+00  2.28282027420811e+00
  2.38458177368761e+00  2.49053454429702e+00  2.60082573490750e+00
  2.71560573800229e+00  2.83502810264003e+00  2.95924943002083e+00
  3.08842925054180e+00  3.22272988075526e+00  3.36231625898262e+00
  3.50735575796831e+00  3.65801797312354e+00  3.81447448469794e+00
  3.97689859234898e+00  4.14546502028156e+00  4.32034959145859e+00
  4.50172886885416e+00  4.68977976232003e+00  4.88467909892972e+00
  5.08660315531498e+00  5.29572714994437e+00  5.51222469383627e+00
  5.73626719758492e+00  5.96802323351336e+00  6.20765785068718e+00
  6.45533184182196e+00  6.71120096012821e+00  6.97541508509144e+00
  7.24811733565890e+00  7.52944313023995e+00  7.81951919198663e+00
  8.11846249972790e+00  8.42637918302105e+00  8.74336336246554e+00
  9.06949593457662e+00  9.40484330257209e+00  9.74945605371535e+00
  1.01033675851299e+01  1.04665926796561e+01  1.08391260350777e+01
  1.12209407489616e+01  1.16119867642855e+01  1.20121892789388e+01
  1.24214471260114e+01  1.28396311297228e+01  1.32665824451668e+01
  1.37021108887771e+01  1.41459932699761e+01  1.45979717318866e+01
  1.50577521150578e+01  1.55250023530983e+01  1.59993509168828e+01
  1.64803853191164e+01  1.69676506970813e+01  1.74606484891320e+01
  1.79588352243531e+01  1.84616214434860e+01  1.89683707734846e+01
  1.94783991752341e+01  1.99909743904984e+01  2.05053156076006e+01
  2.10205933762013e+01  2.15359297910548e+01  2.20503989761065e+01
  2.25630278918076e+01  2.30727974961587e+01  2.35786442824077e+01
  2.40794622263559e+01  2.45741051614251e+01  2.50613896167514e+01
  2.55400981329339e+01  2.60089830861413e+01  2.64667710351922e+01
  2.69121676146939e+01  2.73438629830349e+01  2.77605378454737e+01
  2.81608700475099e+01  2.85435417549554e+01  2.89072472040273e+01
  2.92507010237086e+01  2.95726471066113e+01  2.98718680121632e+01
  3.01471948635809e+01  3.03975177102251e+01  3.06217962930431e+01
  3.08190711712560e+01  3.09884751274881e+01  3.11292447853111e+01
  3.12407323419739e+01  3.13224173239455e+01  3.13739182470562e+01
  3.13950040712172e+01  3.13856053042908e+01  3.13458246321132e+01
  3.12759469039176e+01  3.11764483346377e+01  3.10480047423178e+01
  3.08914986606738e+01  3.07080251424109e+01  3.04988960859974e+01
  3.02656428933382e+01  3.00100173027952e+01  2.97339902044114e+01
  2.94397482971579e+01  2.91296884187024e+01  2.88064094240647e+01
  2.84727014834524e+01  2.81315327130829e+01  2.77860330507133e+01
  2.74394753517766e+01  2.70952536704867e+01  2.67568587721649e+01
  2.64278509194279e+01  2.61118300491511e+01  2.58124034763958e+01
  2.55331513295264e+01  2.52775899403657e+01  2.50491334984938e+01
  2.48510542805125e+01  2.46864418590688e+01  2.45581617065456e+01
  2.44688136668078e+01  2.44206908115448e+01  2.44157392194611e+01
  2.44555192587243e+01  2.45411689725001e+01  2.46733701793058e+01
  2.48523179166465e+01  2.50776938488261e+01  2.53486442518944e+01
  2.56637631691470e+01  2.60210812987412e+01  2.64180611266687e+01
  2.68515987802298e+01  2.73180329844540e+01  2.78131614620334e+01
  2.83322649945762e+01  2.88701392937359e+01  2.94211347061521e+01
  2.99792036694012e+01  3.05379557111637e+01  3.10907196605176e+01
  3.16306126044169e+01  3.21506150001331e+01  3.26436512108517e+01
  3.31026746230850e+01  3.35207563615636e+01  3.38911765212294e+01
  3.42075167248762e+01  3.44637527209306e+01  3.46543456697395e+01
  3.47743307027164e+01  3.48194012946195e+01  3.47859879895392e+01
  3.46713300019016e+01  3.44735382685757e+01  3.41916485660498e+01
  3.38256634013923e+01  3.33765814873708e+01  3.28464137614621e+01
  3.22381850577425e+01  3.15559207581040e+01  3.08046179334205e+01
  2.99902007701704e+01  2.91194602982828e+01  2.81999787560059e+01
  2.72400391940113e+01  2.62485212548613e+01  2.52347843392722e+01
  2.42085397197086e+01  2.31797134121568e+01  2.21583019321863e+01
  2.11542232884958e+01  2.01771657845929e+01  1.92364373746400e+01
  1.83408184184804e+01  1.74984207416101e+01  1.67165558789638e+01
  1.60016152918534e+01  1.53589651750214e+01  1.47928582321201e+01
  1.43063644697929e+01  1.39013227080581e+01  1.35783140410418e+01
  1.33366580482473e+01  1.31744320352513e+01  1.30885130910907e+01
  1.30746422403482e+01  1.31275094763693e+01  1.32408579925709e+01
  1.34076054896249e+01  1.36199800373150e+01  1.38696676209465e+01
  1.41479682105030e+01  1.44459569735517e+01  1.47546471127423e+01
  1.50651507641079e+01  1.53688344414429e+01  1.56574656645129e+01
  1.59233476591588e+01  1.61594393607195e+01  1.63594583783227e+01
  1.65179650705591e+01  1.66304264252779e+01  1.66932590081216e+01
  1.67038508217099e+01  1.66605624851101e+01  1.65627086697337e+01
  1.64105212113420e+01  1.62050957252575e+01  1.59483238889347e+01
  1.56428138020524e+01  1.52918009935020e+01  1.48990527174293e+01
  1.44687681660546e+01  1.40054771375864e+01  1.35139395429495e+01
  1.29990479200494e+01  1.24657348714327e+01  1.19188870539744e+01
  1.13632670440171e+01  1.08034440917994e+01  1.02437344688535e+01
  9.68815181865809e+00  9.14036764350244e+00  8.60368181046856e+00
  8.08100273906388e+00  7.57483674231195e+00  7.08728584053430e+00
  6.62005323969479e+00  6.17445558305276e+00  5.75144102025346e+00
  5.35161211256419e+00  4.97525258775211e+00  4.62235697900458e+00
  4.29266222328314e+00  3.98568035243249e+00  3.70073148288612e+00
  3.43697639304919e+00  3.19344806870265e+00  2.96908169274565e+00
  2.76274265372179e+00  2.57325224481004e+00  2.39941081932938e+00
  2.24001825755246e+00  2.09389168141445e+00  1.95988042708684e+00
  1.83687834848320e+00  1.72383357763444e+00  1.61975591113211e+00
  1.52372202198667e+00  1.43487871969606e+00  1.35244449201808e+00
  1.27570956687652e+00  1.20403472900313e+00  1.13684911667726e+00
  1.07364720995882e+00  1.01398520411837e+00  9.57476942135218e-01
  9.03789558982459e-01  8.52638968695492e-01  8.03785304334378e-01
  7.57028400467254e-01  7.12203389601352e-01  6.69176466816840e-01
  6.27840862472027e-01  5.88113050162380e-01  5.49929206733273e-01
  5.13241932961167e-01  4.78017236945570e-01  4.44231777822489e-01
  4.11870363962977e-01  3.80923698127191e-01  3.51386360803077e-01
  3.23255022853624e-01  2.96526878626629e-01  2.71198291195400e-01
  2.47263641802824e-01  2.24714376043268e-01  2.03538239413921e-01
  1.83718694879165e-01  1.65234514577879e-01  1.48059537206703e-01
  1.32162581419904e-01  1.17507504570221e-01  1.04053394462079e-01
  9.17548805416657e-02  8.05625493526510e-02  7.04234478982608e-02
  6.12816574353802e-02  5.30789195326105e-02  4.57552958600647e-02
  3.92498433106395e-02  3.35012866121677e-02  2.84486716562175e-02
  2.40319842538273e-02  2.01927209361023e-02  1.68744006312632e-02
  1.40230085246204e-02  1.15873660102484e-02  9.51942329720609e-03
  7.77447381234632e-03  6.31129196704318e-03  5.09219802404047e-03
  4.08305565731635e-03  3.25320927853680e-03  2.57536928943534e-03
  2.02545409245207e-03  1.58239797110239e-03  1.22793386266853e-03
  9.46359635821042e-04  7.24295810571895e-04  5.50441780477383e-04
  4.15336581917846e-04  3.11129167502338e-04  2.31362037466582e-04
  1.70771016394264e-04  1.25102972934742e-04  9.09523989044685e-05
  6.56170105630796e-05  4.69719192821159e-05  3.33614421588097e-05
  2.35072787740751e-05  1.64315570545830e-05  1.13931324536135e-05
  7.83549362539237e-06  5.34466560281199e-06  3.61559026811334e-06
  2.42558837570420e-06  1.61365201715156e-06  1.06447088615572e-06
  6.96249864796533e-07  4.51522766128868e-07  2.90303207169735e-07
  1.85034999895585e-07  1.16910845364452e-07  7.32182063185648e-08
  4.54470510452467e-08  2.79554442678832e-08  1.70390374249080e-08
  1.02890478759911e-08  6.15433287359338e-09  3.64562499896092e-09
  2.13821368423852e-09  1.24135262111597e-09  7.13168240083510e-10
  4.05298140141161e-10  2.27779852409557e-10  1.26537386478474e-10
  6.94565728619392e-11  3.76552464869012e-11  2.01538792241151e-11
  1.06439840843110e-11  5.54429348136630e-12  2.84683562106909e-12
  1.44020788698474e-12  7.17468378482903e-13  3.51770808289056e-13
  1.69651414892253e-13  8.04369598592098e-14  3.74725553820892e-14
  1.71428183590004e-14  7.69689429147414e-15  3.38972540346637e-15
  1.46345259497205e-15  6.19018141934619e-16  2.56380038796770e-16
  1.03911941367901e-16  4.11876191793480e-17  1.59575288134977e-17
  6.04209531419868e-18  2.23338911199473e-18  8.05430298324539e-19
  2.83218572576001e-19  9.70587654302447e-20  3.24124038483130e-20
  1.05586801500372e-20  3.34912801921420e-21  1.03190530452906e-21
  3.08611515167852e-22  8.95198219196168e-23  2.51665576322834e-23
  6.85141823248316e-24  1.80482569444836e-24
  2.48760274371638e-24  2.83795082731492e-24  3.23762551586212e-24
  3.69356899327131e-24  4.21370005681725e-24  4.80705143021637e-24
  5.48392637082537e-24  6.25607727988530e-24  7.13690940474024e-24
  8.14171315508543e-24  9.28792904947568e-24  1.05954498710573e-23
  1.20869652537590e-23  1.37883546518236e-23  1.57291354799616e-23
  1.79429741624089e-23  2.04682689133388e-23  2.33488143069412e-23
  2.66345591041173e-23  3.03824704085792e-23  3.46575190552139e-23
  3.95338032198393e-23  4.50958296169794e-23  5.14399743622579e-23
  5.86761486643663e-23  6.69296980315003e-23  7.63435676880908e-23
  8.70807714693506e-23  9.93272066697068e-23  1.13294863257697e-22
  1.29225482633418e-22  1.47394728811918e-22  1.68116943697436e-22
  1.91750568118661e-22  2.18704321694932e-22  2.49444247589512e-22
  2.84501743003058e-22  3.24482713113201e-22  3.70078005368415e-22
  4.22075302913776e-22  4.81372680839272e-22  5.48994057316167e-22
  6.26106804005492e-22  7.14041816928895e-22  8.14316390912104e-22
  9.28660288444260e-22  1.05904544815982e-21  1.20771984004375e-21
  1.37724604494342e-21  1.57054521621423e-21  1.79094717268840e-21
  2.04224747616282e-21  2.32877246501157e-21  2.65545335030006e-21
  3.02791063420485e-21  3.45255028514912e-21  3.93667330280474e-21
  4.48860053227910e-21  5.11781484418039e-21  5.83512309012789e-21
  6.65284057650090e-21  7.58500117837949e-21  8.64759664693273e-21
  9.85884915424169e-21  1.12395216776594e-20  1.28132714607112e-20
  1.46070525095796e-20  1.66515739053913e-20  1.89818216463067e-20
  2.16376527952334e-20  2.46644719161675e-20  2.81140011547267e-20
  3.20451568785493e-20  3.65250475668008e-20  4.16301096536388e-20
  4.74474003213111e-20  5.40760688416973e-20  6.16290310230510e-20
  7.02348746791563e-20  8.00400278560602e-20  9.12112258879801e-20
  1.03938318279747e-19  1.18437462006905e-19  1.34954754176900e-19
  1.53770364206939e-19  1.75203233862986e-19  1.99616422798779e-19
  2.27423187784805e-19  2.59093895790324e-19  2.95163884668948e-19
  3.36242400614592e-19  3.83022759044269e-19  4.36293895402739e-19
  4.96953494885502e-19  5.66022915592349e-19  6.44664148557303e-19
  7.34199090901136e-19  8.36131445535003e-19  9.52171602985186e-19
  1.08426490866456e-18  1.23462377302540e-18  1.40576414332832e-18
  1.60054692519503e-18  1.82222502074779e-18  2.07449673918055e-18
  2.36156643641388e-18  2.68821335459835e-18  3.05986976137841e-18
  3.48270963496879e-18  3.96374930643763e-18  4.51096165761587e-18
  5.13340568458404e-18  5.84137347585890e-18  6.64655692483242e-18
  7.56223680164966e-18  8.60349715515982e-18  9.78746840586232e-18
  1.11336029316954e-17  1.26639874464929e-17  1.44036970333054e-17
  1.63811963296326e-17  1.86287940782800e-17  2.11831580662428e-17
  2.40858983865537e-17  2.73842279872247e-17  3.11317106324137e-17
  3.53891077096180e-17  4.02253367923907e-17  4.57185565308399e-17
  5.19573943160095e-17  5.90423352749434e-17  6.70872935306741e-17
  7.62213893378882e-17  8.65909587188390e-17  9.83618256147830e-17
  1.11721870384901e-16  1.26883932776503e-16  1.44089092318469e-16
  1.63610374517366e-16  1.85756937337767e-16  2.10878799303991e-16
  2.39372178266278e-16  2.71685518525134e-16  3.08326293727614e-16
  3.49868683856554e-16  3.96962236879711e-16  4.50341639365399e-16
  5.10837735784195e-16  5.79389953506020e-16  6.57060309879380e-16
  7.45049199518351e-16  8.44713184258178e-16  9.57585035540053e-16
  1.08539630952987e-15  1.23010276950774e-15  1.39391300837255e-15
  1.57932066699435e-15  1.78914069212272e-15  2.02655013126482e-15
  2.29513402195088e-15  2.59893699999437e-15  2.94252132634929e-15
  3.33103211610192e-15  3.77027064682431e-15  4.26677672825066e-15
  4.82792123213578e-15  5.46201001181064e-15  6.17840058658346e-15
  6.98763312899671e-15  7.90157747431480e-15  8.93359807427658e-15
  1.00987390429745e-14  1.14139316946266e-14  1.28982272539313e-14
  1.45730577325780e-14  1.64625283148017e-14  1.85937449829373e-14
  2.09971815480601e-14  2.37070907321278e-14  2.67619644863095e-14
  3.02050493277915e-14  3.40849231437991e-14  3.84561406525680e-14
  4.33799555368051e-14  4.89251281824333e-14  5.51688289781436e-14
  6.21976482668194e-14  7.01087253052998e-14  7.90110099931359e-14
  8.90266726980537e-14  1.00292679239828e-13  1.12962550032953e-13
  1.27208324532987e-13  1.43222754523859e-13  1.61221752437297e-13
  1.81447123848992e-13  2.04169616573521e-13  2.29692322431611e-13
  2.58354471805147e-13  2.90535665609814e-13  3.26660594303758e-13
  3.67204299121080e-13  4.12698036885778e-13  4.63735816630514e-13
  5.20981683858645e-13  5.85177836777340e-13  6.57153668211826e-13
  7.37835837406153e-13  8.28259487497953e-13  9.29580737395601e-13
  1.04309059111861e-12  1.17023042360922e-12  1.31260921975339e-12
  1.47202276301431e-12  1.65047499204056e-12  1.85020176782692e-12
  2.07369732122705e-12  2.32374368051442e-12  2.60344341229656e-12
  2.91625604618659e-12  3.26603859507320e-12  3.65709062881183e-12
  4.09420441046985e-12  4.58272066113045e-12  5.12859058285468e-12
  5.73844483990558e-12  6.41967027713480e-12  7.18049524179118e-12
  8.03008447310895e-12  8.97864463195203e-12  1.00375416651301e-11
  1.12194313329733e-11  1.25384043804586e-11  1.40101479997313e-11
  1.56521254197692e-11  1.74837756682951e-11  1.95267357850366e-11
  2.18050880265412e-11  2.43456348951343e-11  2.71782051499465e-11
  3.03359943251187e-11  3.38559436849620e-11  3.77791620077413e-11
  4.21513950962921e-11  4.70235484911479e-11  5.24522695015819e-11
  5.85005953912450e-11  6.52386753626406e-11  7.27445748911971e-11
  8.11051719776850e-11  9.04171560307376e-11  1.00788141376654e-10
  1.12337908837506e-10  1.25199790446029e-10  1.39522214191199e-10
  1.55470427755323e-10  1.73228422516272e-10  1.93001081714366e-10
  2.15016579628448e-10  2.39529061939909e-10  2.66821641226932e-10
  2.97209745772143e-10  3.31044864686315e-10  3.68718737757611e-10
  4.10668044614988e-10  4.57379654716246e-10  5.09396507585991e-10
  5.67324201636176e-10  6.31838380041446e-10  7.03693013625585e-10
  7.83729693754351e-10  8.72888063029091e-10  9.72217528405249e-10
  1.08289042045590e-09  1.20621678425205e-09  1.34366101203887e-09
  1.49686055602681e-09  1.66764699163776e-09  1.85806973806779e-09
  2.07042278446927e-09  2.30727481763511e-09  2.57150320083945e-09
  2.86633231527302e-09  3.19537684574457e-09  3.56269067245303e-09
  3.97282212240662e-09  4.43087643831767e-09  4.94258644273427e-09
  5.51439251099446e-09  6.15353312318353e-09  6.86814744303004e-09
  7.66739157579936e-09  8.56157038968377e-09  9.56228705291314e-09
  1.06826127411426e-08  1.19372793220777e-08  1.33428982180359e-08
  1.49182091091118e-08  1.66843626565444e-08  1.86652420270879e-08
  2.08878286804634e-08  2.33826186664660e-08  2.61840965691568e-08
  2.93312752696092e-08  3.28683108547912e-08  3.68452033634977e-08
  4.13185955721580e-08  4.63526837985419e-08  5.20202566996000e-08
  5.84038803409068e-08  6.55972504481626e-08  7.37067357430171e-08
  8.28531397391448e-08  9.31737122382353e-08  1.04824446350725e-07
  1.17982701900932e-07  1.32850202023046e-07  1.49656456414765e-07
  1.68662672357518e-07  1.90166223418109e-07  2.14505755593387e-07
  2.42067022214402e-07  2.73289551719335e-07  3.08674267371931e-07
  3.48792194771101e-07  3.94294412299847e-07  4.45923421477752e-07
  5.04526139330361e-07  5.71068742881333e-07  6.46653628836847e-07
  7.32538787419116e-07  8.30159931936655e-07  9.41155772431694e-07
  1.06739687612225e-06  1.21101861792161e-06  1.37445879487407e-06
  1.56050055481532e-06  1.77232138176522e-06  2.01354897802867e-06
  2.28832500012735e-06  2.60137773293569e-06  2.95810493311764e-06
  3.36466823764388e-06  3.82810071885264e-06  4.35642937865308e-06
  4.95881460719582e-06  5.64570890354473e-06  6.42903744811656e-06
  7.32240345830594e-06  8.34132163524730e-06  9.50348343095772e-06
  1.08290583429803e-05  1.23410359769268e-05  1.40656142032509e-05
  1.60326394149457e-05  1.82761056147181e-05  2.08347199057513e-05
  2.37525428656195e-05  2.70797133169425e-05  3.08732681322362e-05
  3.51980689920131e-05  4.01278493663479e-05  4.57463966059676e-05
  5.21488856267369e-05  5.94433826654862e-05  6.77525395361777e-05
  7.72155011666252e-05  8.79900516089907e-05  1.00255026515406e-04
  1.14213022888665e-04  1.30093440368529e-04  1.48155891519221e-04
  1.68694022696478e-04  1.92039790896959e-04  2.18568246593856e-04
  2.48702877220167e-04  2.82921571026553e-04  3.21763266594877e-04
  3.65835358680520e-04  4.15821937785874e-04  4.72492946347721e-04
  5.36714342177981e-04  6.09459365769584e-04  6.91821016094869e-04
  7.85025846259954e-04  8.90449198621505e-04  1.00963200552437e-03
  1.14429929069204e-03  1.29638051209034e-03  1.46803189557628e-03
  1.66166091403655e-03  1.87995307416558e-03  2.12590117489349e-03
  2.40283721177141e-03  2.71446709440314e-03  3.06490835669217e-03
  3.45873102721631e-03  3.90100183164110e-03  4.39733188872598e-03
  4.95392805113648e-03  5.57764803305393e-03  6.27605944143002e-03
  7.05750281374882e-03  7.93115872851714e-03  8.90711902800432e-03
  9.99646214485892e-03  1.12113324867604e-02  1.25650237610487e-02
  1.40720660824839e-02  1.57483166014318e-02  1.76110533481204e-02
  1.96790718538163e-02  2.19727840464044e-02  2.45143187787856e-02
  2.73276232327863e-02  3.04385643204617e-02  3.38750290262449e-02
  3.76670225288289e-02  4.18467626997199e-02  4.64487695037766e-02
  5.15099475167911e-02  5.70696597066380e-02  6.31697903330935e-02
  6.98547946637367e-02  7.71717330086563e-02  8.51702863334657e-02
  9.39027505845745e-02  1.03424006567296e-01  1.13791462249289e-01
  1.25064963891250e-01  1.37306672734802e-01  1.50580903405582e-01
  1.64953920608403e-01  1.80493690384028e-01  1.97269582464111e-01
  2.15352020401721e-01  2.34812076286926e-01  2.55721007486298e-01
  2.78149732900806e-01  3.02168247324030e-01  3.27844972647834e-01
  3.55246046058315e-01  3.84434545850788e-01  4.15469657024294e-01
  4.48405779716986e-01  4.83291585196668e-01  5.20169025248443e-01
  5.59072302666697e-01  6.00026811641973e-01  6.43048058816105e-01
  6.88140576670273e-01  7.35296842804910e-01  7.84496219091931e-01
  8.35703926477681e-01  8.88870070852874e-01  9.43928737156820e-01
  1.00079716778913e+00  1.05937504308434e+00  1.11954388057001e+00
  1.18116657112667e+00  1.24408707022014e+00  1.30813026366210e+00
  1.37310202845447e+00  1.43878951052162e+00  1.50496164195847e+00
  1.57136992033836e+00  1.63774947114945e+00  1.70382041092107e+00
  1.76928952303280e+00  1.83385225067149e+00  1.89719500176927e+00
  1.95899775056440e+00  2.01893690909001e+00  2.07668843146436e+00
  2.13193110331909e+00  2.18434996096585e+00  2.23363977657628e+00
  2.27950854228312e+00  2.32168088189294e+00  2.35990131941088e+00
  2.39393733540199e+00  2.42358214577889e+00  2.44865714489879e+00
  2.46901396216622e+00  2.48453609171475e+00  2.49514006542543e+00
  2.50077615134202e+00  2.50142857159935e+00  2.49711524592770e+00
  2.48788707808059e+00  2.47382681293041e+00  2.45504750148427e+00
  2.43169061769567e+00  2.40392387772991e+00  2.37193881587737e+00
  2.33594817295520e+00  2.29618315437522e+00  2.25289061238332e+00
  2.20633020523353e+00  2.15677158120964e+00  2.10449163076915e+00
  2.04977184413047e+00  1.99289580559173e+00  1.93414684947337e+00
  1.87380589650515e+00  1.81214948345924e+00  1.74944799341428e+00
  1.68596408937102e+00  1.62195134944295e+00  1.55765309868681e+00
  1.49330142972097e+00  1.42911640216695e+00  1.36530540972761e+00
  1.30206270247053e+00  1.23956905186161e+00  1.17799154565495e+00
  1.11748350032675e+00  1.05818447891331e+00  1.00022040290971e+00
  9.43703747375738e-01  8.88733809238329e-01  8.35397039349924e-01
  7.83767429683439e-01  7.33906947595976e-01  6.85866009847275e-01
  6.39683989780760e-01  5.95389751087455e-01  5.53002203371330e-01
  5.12530873753726e-01  4.73976490159854e-01  4.37331572468055e-01
  4.02581026841045e-01  3.69702740551839e-01  3.38668173196663e-01
  3.09442941572771e-01  2.81987395131894e-01  2.56257179255359e-01
  2.32203783984351e-01  2.09775075896462e-01  1.88915811282541e-01
  1.69568128976779e-01  1.51672021568668e-01  1.35165783954125e-01
  1.19986438575021e-01  1.06070136800415e-01  9.33525362985309e-02
  8.17691543500124e-02  7.12556971949646e-02  6.17483657706618e-02
  5.31841381192667e-02  4.55010289868319e-02  3.86383270744433e-02
  3.25368104744744e-02  2.71389408374589e-02  2.23890367797039e-02
  1.82334270569960e-02  1.46205839644367e-02  1.15012374252111e-02
  8.82847016482837e-03  6.55779436588123e-03  4.64721014839308e-03
  3.05724623699407e-03  1.75098317335569e-03  6.94059423164171e-04
 -1.45339128966051e-04 -7.96505879880418e-04 -1.28625574069964e-03
 -1.63898224669287e-03 -1.87672869269772e-03 -2.01927231814948e-03
 -2.08422041751973e-03 -2.08711709452981e-03 -2.04155923422386e-03
 -1.95932013763836e-03 -1.85047915026309e-03 -1.72355553934873e-03
 -1.58564482414324e-03 -1.44255575859913e-03 -1.29894619849563e-03
 -1.15845616159990e-03 -1.02383650707523e-03 -8.97071814319645e-04
 -7.79496229469307e-04 -6.71901260622361e-04 -5.74634733657754e-04
 -4.87690361076520e-04 -4.10787616879639e-04 -3.43441843441161e-04
 -2.85024733042556e-04 -2.34815521147590e-04 -1.92043394696604e-04
 -1.55921753514817e-04 -1.25675063926362e-04 -1.00559110900709e-04
 -7.98754894909994e-05 -6.29811807863345e-05 -4.92940355732984e-05
 -3.82949449509485e-05 -2.95274160015157e-05 -2.25951973281843e-05
 -1.71585185379827e-05 -1.29294239992767e-05 -9.66659822196528e-06
 -7.17000102395419e-06 -5.27555780039907e-06 -3.85008505962538e-06
 -2.78657515427754e-06 -1.99991699311156e-06 -1.42309124532620e-06
 -1.00384894141579e-06 -7.01860084260394e-07 -4.86303510318467e-07
 -3.33859263155528e-07 -2.27059367752861e-07 -1.52951052538028e-07
 -1.02027178837507e-07 -6.73812669815282e-08 -4.40481819240954e-08
 -2.84960169442095e-08 -1.82391839036328e-08 -1.15474429713673e-08
 -7.22960947481050e-09 -4.47485591463973e-09 -2.73752619536191e-09
 -1.65475669174664e-09 -9.88031128836784e-10 -5.82577167467630e-10
 -3.39093900913088e-10 -1.94786671309634e-10 -1.10381848455267e-10
 -6.16871601401591e-11 -3.39871778851296e-11 -1.84545878025272e-11
 -9.87188958905428e-12 -5.20039439397866e-12 -2.69675304528117e-12
 -1.37606595100560e-12 -6.90637425751860e-13 -3.40791381494083e-13
 -1.65258847877257e-13 -7.87197288267678e-14 -3.68167339355304e-14
 -1.68983635395526e-14 -7.60801466298081e-15 -3.35822430430367e-15
 -1.45257594077002e-15 -6.15362031312323e-16 -2.55184402132831e-16
 -1.03532104546870e-16 -4.10703985461512e-17 -1.59224131325326e-17
 -6.03189153793309e-18 -2.23051536832260e-18 -8.04646474695621e-19
 -2.83011692280695e-19 -9.70059709351309e-20 -3.23993884936264e-20
 -1.05555831519006e-20 -3.34841737286247e-21 -1.03174819809488e-21
 -3.08578083938679e-22 -8.95129810966938e-23 -2.51652129148289e-23
 -6.85116455695360e-24 -1.80477981714119e-24
 (i6, f12.0, f18.0, f8.3, i6)
   665  60.0000000  0.02500000000000  26.000     2
 (3e22.14)
  2.89367842424056e-06  3.03926416337058e-06  3.19217416623429e-06
  3.35277687843171e-06  3.52145927781226e-06  3.69862780643920e-06
  3.88470934940761e-06  4.08015226287050e-06  4.28542745374540e-06
  4.50102951369861e-06  4.72747791013526e-06  4.96531823705595e-06
  5.21512352879400e-06  5.47749563978326e-06  5.75306669368785e-06
  6.04250060535644e-06  6.34649467929327e-06  6.66578128843714e-06
  7.00112963736364e-06  7.35334761403223e-06  7.72328373467536e-06
  8.11182918635130e-06  8.51991997219943e-06  8.94853916446098e-06
  9.39871927073474e-06  9.87154471911107e-06  1.03681544682083e-05
  1.08897447482964e-05  1.14375719402125e-05  1.20129555988362e-05
  1.26172816285320e-05  1.32520056180625e-05  1.39186563430701e-05
  1.46188394444517e-05  1.53542412915747e-05  1.61266330394190e-05
  1.69378748896538e-05  1.77899205655411e-05  1.86848220117413e-05
  1.96247343300144e-05  2.06119209628517e-05  2.16487591373546e-05
  2.27377455825016e-05  2.38815025334042e-05  2.50827840371201e-05
  2.63444825748749e-05  2.76696360169507e-05  2.90614349264248e-05
  3.05232302297680e-05  3.20585412722440e-05  3.36710642777175e-05
  3.53646812329430e-05  3.71434692177542e-05  3.90117102033063e-05
  4.09739013421253e-05  4.30347657741387e-05  4.51992639752034e-05
  4.74726056744621e-05  4.98602623698968e-05  5.23679804712738e-05
  5.50017951024378e-05  5.77680445956262e-05  6.06733857126977e-05
  6.37248096293316e-05  6.69296587208900e-05  7.02956441892733e-05
  7.38308645739708e-05  7.75438251901159e-05  8.14434585413960e-05
  8.55391457552845e-05  8.98407390926256e-05  9.43585855847128e-05
  9.91035518546404e-05  1.04087050181565e-04  1.09321065870838e-04
  1.14818185993930e-04  1.20591629568457e-04  1.26655279247846e-04
  1.33023714598502e-04  1.39712247041574e-04  1.46736956543928e-04
  1.54114730144667e-04  1.61863302409469e-04  1.70001297907979e-04
  1.78548275816584e-04  1.87524776750446e-04  1.96952371938452e-04
  2.06853714855247e-04  2.17252595434913e-04  2.28173996993243e-04
  2.39644155994982e-04  2.51690624805550e-04  2.64342337579085e-04
  2.77629679434051e-04  2.91584559085794e-04  3.06240485101964e-04
  3.21632645965866e-04  3.37797994133494e-04  3.54775334284727e-04
  3.72605415975406e-04  3.91331030910729e-04  4.10997115066209e-04
  4.31650855901362e-04  4.53341804911870e-04  4.76121995793397e-04
  5.00046068486144e-04  5.25171399399136e-04  5.51558238114679e-04
  5.79269850897096e-04  6.08372671339762e-04  6.38936458506692e-04
  6.71034462933883e-04  7.04743600886665e-04  7.40144637269175e-04
  7.77322377627473e-04  8.16365869679648e-04  8.57368614855726e-04
  9.00428790331228e-04  9.45649482076992e-04  9.93138929463104e-04
  1.04301078199093e-03  1.09538436874065e-03  1.15038498117267e-03
  1.20814416991889e-03  1.26880005627514e-03  1.33249765908982e-03
  1.39938923782547e-03  1.46963465256937e-03  1.54340174183250e-03
  1.62086671899932e-03  1.70221458834920e-03  1.78763958159005e-03
  1.87734561592658e-03  1.97154677468631e-03  2.07046781162882e-03
  2.17434468006853e-03  2.28342508803396e-03  2.39796908071291e-03
  2.51824965152939e-03  2.64455338320585e-03  2.77718112031309e-03
  2.91644867477004e-03  3.06268756594811e-03  3.21624579699905e-03
  3.37748866918931e-03  3.54679963604988e-03  3.72458119927372e-03
  3.91125584834627e-03  4.10726704604051e-03  4.31308026192589e-03
  4.52918405626089e-03  4.75609121658813e-03  4.99433994964252e-03
  5.24449513112801e-03  5.50714961617579e-03  5.78292561333216e-03
  6.07247612511825e-03  6.37648645828027e-03  6.69567580708253e-03
  7.03079891300682e-03  7.38264780458290e-03  7.75205362096518e-03
  8.13988852335110e-03  8.54706769821815e-03  8.97455145677512e-03
  9.42334743505667e-03  9.89451289939668e-03  1.03891571621177e-02
  1.09084441126440e-02  1.14535948692307e-02  1.20258905570914e-02
  1.26266752184724e-02  1.32573588610183e-02  1.39194206505178e-02
  1.46144122548003e-02  1.53439613455595e-02  1.61097752653595e-02
  1.69136448671966e-02  1.77574485345728e-02  1.86431563899482e-02
  1.95728347003893e-02  2.05486504887612e-02  2.15728763601034e-02
  2.26478955523184e-02  2.37762072213857e-02  2.49604319712405e-02
  2.62033176391853e-02  2.75077453478046e-02  2.88767358352596e-02
  3.03134560755862e-02  3.18212262019991e-02  3.34035267456655e-02
  3.50640062038286e-02  3.68064889509224e-02  3.86349835074442e-02
  4.05536911811516e-02  4.25670150967891e-02  4.46795696294404e-02
  4.68961902593310e-02  4.92219438640719e-02  5.16621394671211e-02
  5.42223394601292e-02  5.69083713185359e-02  5.97263398296541e-02
  6.26826398538022e-02  6.57839696385982e-02  6.90373447087769e-02
  7.24501123520733e-02  7.60299667255648e-02  7.97849646037701e-02
  8.37235417939200e-02  8.78545302416081e-02  9.21871758524958e-02
  9.67311570550203e-02  1.01496604130883e-01  1.06494119338726e-01
  1.11734797859824e-01  1.17230249590726e-01  1.22992621814001e-01
  1.29034622772007e-01  1.35369546175195e-01  1.42011296671772e-01
  1.48974416309078e-01  1.56274112014898e-01  1.63926284129281e-01
  1.71947556013987e-01  1.80355304771835e-01  1.89167693100132e-01
  1.98403702312434e-01  2.08083166550455e-01  2.18226808218628e-01
  2.28856274663972e-01  2.39994176129008e-01  2.51664125000131e-01
  2.63890776376578e-01  2.76699869977370e-01  2.90118273411215e-01
  3.04174026818060e-01  3.18896388907376e-01  3.34315884393899e-01
  3.50464352848953e-01  3.67374998965626e-01  3.85082444243198e-01
  4.03622780084336e-01  4.23033622301336e-01  4.43354167011197e-01
  4.64625247910818e-01  4.86889394891407e-01  5.10190893978561e-01
  5.34575848537479e-01  5.60092241711780e-01  5.86790000025566e-01
  6.14721058088503e-01  6.43939424319262e-01  6.74501247604865e-01
  7.06464884780482e-01  7.39890968832386e-01  7.74842477665099e-01
  8.11384803320890e-01  8.49585821451205e-01  8.89515960889765e-01
  9.31248273103577e-01  9.74858501314018e-01  1.02042514903315e+00
  1.06802954776221e+00  1.11775592353699e+00  1.16969146203613e+00
  1.22392637185454e+00  1.28055394562860e+00  1.33967061853825e+00
  1.40137602380135e+00  1.46577304464300e+00  1.53296786225160e+00
  1.60306999915007e+00  1.67619235741584e+00  1.75245125107355e+00
  1.83196643204523e+00  1.91486110884202e+00  2.00126195734027e+00
  2.09129912270060e+00  2.18510621166133e+00  2.28282027420811e+00
  2.38458177368761e+00  2.49053454429702e+00  2.60082573490750e+00
  2.71560573800229e+00  2.83502810264003e+00  2.95924943002083e+00
  3.08842925054180e+00  3.22272988075526e+00  3.36231625898262e+00
  3.50735575796831e+00  3.65801797312354e+00  3.81447448469794e+00
  3.97689859234898e+00  4.14546502028156e+00  4.32034959145859e+00
  4.50172886885416e+00  4.68977976232003e+00  4.88467909892972e+00
  5.08660315531498e+00  5.29572714994437e+00  5.51222469383627e+00
  5.73626719758492e+00  5.96802323351336e+00  6.20765785068718e+00
  6.45533184182196e+00  6.71120096012821e+00  6.97541508509144e+00
  7.24811733565890e+00  7.52944313023995e+00  7.81951919198663e+00
  8.11846249972790e+00  8.42637918302105e+00  8.74336336246554e+00
  9.06949593457662e+00  9.40484330257209e+00  9.74945605371535e+00
  1.01033675851299e+01  1.04665926796561e+01  1.08391260350777e+01
  1.12209407489616e+01  1.16119867642855e+01  1.20121892789388e+01
  1.24214471260114e+01  1.28396311297228e+01  1.32665824451668e+01
  1.37021108887771e+01  1.41459932699761e+01  1.45979717318866e+01
  1.50577521150578e+01  1.55250023530983e+01  1.59993509168828e+01
  1.64803853191164e+01  1.69676506970813e+01  1.74606484891320e+01
  1.79588352243531e+01  1.84616214434860e+01  1.89683707734846e+01
  1.94783991752341e+01  1.99909743904984e+01  2.05053156076006e+01
  2.10205933762013e+01  2.15359297910548e+01  2.20503989761065e+01
  2.25630278918076e+01  2.30727974961587e+01  2.35786442824077e+01
  2.40794622263559e+01  2.45741051614251e+01  2.50613896167514e+01
  2.55400981329339e+01  2.60089830861413e+01  2.64667710351922e+01
  2.69121676146939e+01  2.73438629830349e+01  2.77605378454737e+01
  2.81608700475099e+01  2.85435417549554e+01  2.89072472040273e+01
  2.92507010237086e+01  2.95726471066113e+01  2.98718680121632e+01
  3.01471948635809e+01  3.03975177102251e+01  3.06217962930431e+01
  3.08190711712560e+01  3.09884751274881e+01  3.11292447853111e+01
  3.12407323419739e+01  3.13224173239455e+01  3.13739182470562e+01
  3.13950040712172e+01  3.13856053042908e+01  3.13458246321132e+01
  3.12759469039176e+01  3.11764483346377e+01  3.10480047423178e+01
  3.08914986606738e+01  3.07080251424109e+01  3.04988960859974e+01
  3.02656428933382e+01  3.00100173027952e+01  2.97339902044114e+01
  2.94397482971579e+01  2.91296884187024e+01  2.88064094240647e+01
  2.84727014834524e+01  2.81315327130829e+01  2.77860330507133e+01
  2.74394753517766e+01  2.70952536704867e+01  2.67568587721649e+01
  2.64278509194279e+01  2.61118300491511e+01  2.58124034763958e+01
  2.55331513295264e+01  2.52775899403657e+01  2.50491334984938e+01
  2.48510542805125e+01  2.46864418590688e+01  2.45581617065456e+01
  2.44688136668078e+01  2.44206908115448e+01  2.44157392194611e+01
  2.44555192587243e+01  2.45411689725001e+01  2.46733701793058e+01
  2.48523179166465e+01  2.50776938488261e+01  2.53486442518944e+01
  2.56637631691470e+01  2.60210812987412e+01  2.64180611266687e+01
  2.68515987802298e+01  2.73180329844540e+01  2.78131614620334e+01
  2.83322649945762e+01  2.88701392937359e+01  2.94211347061521e+01
  2.99792036694012e+01  3.05379557111637e+01  3.10907196605176e+01
  3.16306126044169e+01  3.21506150001331e+01  3.26436512108517e+01
  3.31026746230850e+01  3.35207563615636e+01  3.38911765212294e+01
  3.42075167248762e+01  3.44637527209306e+01  3.46543456697395e+01
  3.47743307027164e+01  3.48194012946195e+01  3.47859879895392e+01
  3.46713300019016e+01  3.44735382685757e+01  3.41916485660498e+01
  3.38256634013923e+01  3.33765814873708e+01  3.28464137614621e+01
  3.22381850577425e+01  3.15559207581040e+01  3.08046179334205e+01
  2.99902007701704e+01  2.91194602982828e+01  2.81999787560059e+01
  2.72400391940113e+01  2.62485212548613e+01  2.52347843392722e+01
  2.42085397197086e+01  2.31797134121568e+01  2.21583019321863e+01
  2.11542232884958e+01  2.01771657845929e+01  1.92364373746400e+01
  1.83408184184804e+01  1.74984207416101e+01  1.67165558789638e+01
  1.60016152918534e+01  1.53589651750214e+01  1.47928582321201e+01
  1.43063644697929e+01  1.39013227080581e+01  1.35783140410418e+01
  1.33366580482473e+01  1.31744320352513e+01  1.30885130910907e+01
  1.30746422403482e+01  1.31275094763693e+01  1.32408579925709e+01
  1.34076054896249e+01  1.36199800373150e+01  1.38696676209465e+01
  1.41479682105030e+01  1.44459569735517e+01  1.47546471127423e+01
  1.50651507641079e+01  1.53688344414429e+01  1.56574656645129e+01
  1.59233476591588e+01  1.61594393607195e+01  1.63594583783227e+01
  1.65179650705591e+01  1.66304264252779e+01  1.66932590081216e+01
  1.67038508217099e+01  1.66605624851101e+01  1.65627086697337e+01
  1.64105212113420e+01  1.62050957252575e+01  1.59483238889347e+01
  1.56428138020524e+01  1.52918009935020e+01  1.48990527174293e+01
  1.44687681660546e+01  1.40054771375864e+01  1.35139395429495e+01
  1.29990479200494e+01  1.24657348714327e+01  1.19188870539744e+01
  1.13632670440171e+01  1.08034440917994e+01  1.02437344688535e+01
  9.68815181865809e+00  9.14036764350244e+00  8.60368181046856e+00
  8.08100273906388e+00  7.57483674231195e+00  7.08728584053430e+00
  6.62005323969479e+00  6.17445558305276e+00  5.75144102025346e+00
  5.35161211256419e+00  4.97525258775211e+00  4.62235697900458e+00
  4.29266222328314e+00  3.98568035243249e+00  3.70073148288612e+00
  3.43697639304919e+00  3.19344806870265e+00  2.96908169274565e+00
  2.76274265372179e+00  2.57325224481004e+00  2.39941081932938e+00
  2.24001825755246e+00  2.09389168141445e+00  1.95988042708684e+00
  1.83687834848320e+00  1.72383357763444e+00  1.61975591113211e+00
  1.52372202198667e+00  1.43487871969606e+00  1.35244449201808e+00
  1.27570956687652e+00  1.20403472900313e+00  1.13684911667726e+00
  1.07364720995882e+00  1.01398520411837e+00  9.57476942135218e-01
  9.03789558982459e-01  8.52638968695492e-01  8.03785304334378e-01
  7.57028400467254e-01  7.12203389601352e-01  6.69176466816840e-01
  6.27840862472027e-01  5.88113050162380e-01  5.49929206733273e-01
  5.13241932961167e-01  4.78017236945570e-01  4.44231777822489e-01
  4.11870363962977e-01  3.80923698127191e-01  3.51386360803077e-01
  3.23255022853624e-01  2.96526878626629e-01  2.71198291195400e-01
  2.47263641802824e-01  2.24714376043268e-01  2.03538239413921e-01
  1.83718694879165e-01  1.65234514577879e-01  1.48059537206703e-01
  1.32162581419904e-01  1.17507504570221e-01  1.04053394462079e-01
  9.17548805416657e-02  8.05625493526510e-02  7.04234478982608e-02
  6.12816574353802e-02  5.30789195326105e-02  4.57552958600647e-02
  3.92498433106395e-02  3.35012866121677e-02  2.84486716562175e-02
  2.40319842538273e-02  2.01927209361023e-02  1.68744006312632e-02
  1.40230085246204e-02  1.15873660102484e-02  9.51942329720609e-03
  7.77447381234632e-03  6.31129196704318e-03  5.09219802404047e-03
  4.08305565731635e-03  3.25320927853680e-03  2.57536928943534e-03
  2.02545409245207e-03  1.58239797110239e-03  1.22793386266853e-03
  9.46359635821042e-04  7.24295810571895e-04  5.50441780477383e-04
  4.15336581917846e-04  3.11129167502338e-04  2.31362037466582e-04
  1.70771016394264e-04  1.25102972934742e-04  9.09523989044685e-05
  6.56170105630796e-05  4.69719192821159e-05  3.33614421588097e-05
  2.35072787740751e-05  1.64315570545830e-05  1.13931324536135e-05
  7.83549362539237e-06  5.34466560281199e-06  3.61559026811334e-06
  2.42558837570420e-06  1.61365201715156e-06  1.06447088615572e-06
  6.96249864796533e-07  4.51522766128868e-07  2.90303207169735e-07
  1.85034999895585e-07  1.16910845364452e-07  7.32182063185648e-08
  4.54470510452467e-08  2.79554442678832e-08  1.70390374249080e-08
  1.02890478759911e-08  6.15433287359338e-09  3.64562499896092e-09
  2.13821368423852e-09  1.24135262111597e-09  7.13168240083510e-10
  4.05298140141161e-10  2.27779852409557e-10  1.26537386478474e-10
  6.94565728619392e-11  3.76552464869012e-11  2.01538792241151e-11
  1.06439840843110e-11  5.54429348136630e-12  2.84683562106909e-12
  1.44020788698474e-12  7.17468378482903e-13  3.51770808289056e-13
  1.69651414892253e-13  8.04369598592098e-14  3.74725553820892e-14
  1.71428183590004e-14  7.69689429147414e-15  3.38972540346637e-15
  1.46345259497205e-15  6.19018141934619e-16  2.56380038796770e-16
  1.03911941367901e-16  4.11876191793480e-17  1.59575288134977e-17
  6.04209531419868e-18  2.23338911199473e-18  8.05430298324539e-19
  2.83218572576001e-19  9.70587654302447e-20  3.24124038483130e-20
  1.05586801500372e-20  3.34912801921420e-21  1.03190530452906e-21
  3.08611515167852e-22  8.95198219196168e-23  2.51665576322834e-23
  6.85141823248316e-24  1.80482569444836e-24
  2.48760274371638e-24  2.83795082731492e-24  3.23762551586212e-24
  3.69356899327131e-24  4.21370005681725e-24  4.80705143021637e-24
  5.48392637082537e-24  6.25607727988530e-24  7.13690940474024e-24
  8.14171315508543e-24  9.28792904947568e-24  1.05954498710573e-23
  1.20869652537590e-23  1.37883546518236e-23  1.57291354799616e-23
  1.79429741624089e-23  2.04682689133388e-23  2.33488143069412e-23
  2.66345591041173e-23  3.03824704085792e-23  3.46575190552139e-23
  3.95338032198393e-23  4.50958296169794e-23  5.14399743622579e-23
  5.86761486643663e-23  6.69296980315003e-23  7.63435676880908e-23
  8.70807714693506e-23  9.93272066697068e-23  1.13294863257697e-22
  1.29225482633418e-22  1.47394728811918e-22  1.68116943697436e-22
  1.91750568118661e-22  2.18704321694932e-22  2.49444247589512e-22
  2.84501743003058e-22  3.24482713113201e-22  3.70078005368415e-22
  4.22075302913776e-22  4.81372680839272e-22  5.48994057316167e-22
  6.26106804005492e-22  7.14041816928895e-22  8.14316390912104e-22
  9.28660288444260e-22  1.05904544815982e-21  1.20771984004375e-21
  1.37724604494342e-21  1.57054521621423e-21  1.79094717268840e-21
  2.04224747616282e-21  2.32877246501157e-21  2.65545335030006e-21
  3.02791063420485e-21  3.45255028514912e-21  3.93667330280474e-21
  4.48860053227910e-21  5.11781484418039e-21  5.83512309012789e-21
  6.65284057650090e-21  7.58500117837949e-21  8.64759664693273e-21
  9.85884915424169e-21  1.12395216776594e-20  1.28132714607112e-20
  1.46070525095796e-20  1.66515739053913e-20  1.89818216463067e-20
  2.16376527952334e-20  2.46644719161675e-20  2.81140011547267e-20
  3.20451568785493e-20  3.65250475668008e-20  4.16301096536388e-20
  4.74474003213111e-20  5.40760688416973e-20  6.16290310230510e-20
  7.02348746791563e-20  8.00400278560602e-20  9.12112258879801e-20
  1.03938318279747e-19  1.18437462006905e-19  1.34954754176900e-19
  1.53770364206939e-19  1.75203233862986e-19  1.99616422798779e-19
  2.27423187784805e-19  2.59093895790324e-19  2.95163884668948e-19
  3.36242400614592e-19  3.83022759044269e-19  4.36293895402739e-19
  4.96953494885502e-19  5.66022915592349e-19  6.44664148557303e-19
  7.34199090901136e-19  8.36131445535003e-19  9.52171602985186e-19
  1.08426490866456e-18  1.23462377302540e-18  1.40576414332832e-18
  1.60054692519503e-18  1.82222502074779e-18  2.07449673918055e-18
  2.36156643641388e-18  2.68821335459835e-18  3.05986976137841e-18
  3.48270963496879e-18  3.96374930643763e-18  4.51096165761587e-18
  5.13340568458404e-18  5.84137347585890e-18  6.64655692483242e-18
  7.56223680164966e-18  8.60349715515982e-18  9.78746840586232e-18
  1.11336029316954e-17  1.26639874464929e-17  1.44036970333054e-17
  1.63811963296326e-17  1.86287940782800e-17  2.11831580662428e-17
  2.40858983865537e-17  2.73842279872247e-17  3.11317106324137e-17
  3.53891077096180e-17  4.02253367923907e-17  4.57185565308399e-17
  5.19573943160095e-17  5.90423352749434e-17  6.70872935306741e-17
  7.62213893378882e-17  8.65909587188390e-17  9.83618256147830e-17
  1.11721870384901e-16  1.26883932776503e-16  1.44089092318469e-16
  1.63610374517366e-16  1.85756937337767e-16  2.10878799303991e-16
  2.39372178266278e-16  2.71685518525134e-16  3.08326293727614e-16
  3.49868683856554e-16  3.96962236879711e-16  4.50341639365399e-16
  5.10837735784195e-16  5.79389953506020e-16  6.57060309879380e-16
  7.45049199518351e-16  8.44713184258178e-16  9.57585035540053e-16
  1.08539630952987e-15  1.23010276950774e-15  1.39391300837255e-15
  1.57932066699435e-15  1.78914069212272e-15  2.02655013126482e-15
  2.29513402195088e-15  2.59893699999437e-15  2.94252132634929e-15
  3.33103211610192e-15  3.77027064682431e-15  4.26677672825066e-15
  4.82792123213578e-15  5.46201001181064e-15  6.17840058658346e-15
  6.98763312899671e-15  7.90157747431480e-15  8.93359807427658e-15
  1.00987390429745e-14  1.14139316946266e-14  1.28982272539313e-14
  1.45730577325780e-14  1.64625283148017e-14  1.85937449829373e-14
  2.09971815480601e-14  2.37070907321278e-14  2.67619644863095e-14
  3.02050493277915e-14  3.40849231437991e-14  3.84561406525680e-14
  4.33799555368051e-14  4.89251281824333e-14  5.51688289781436e-14
  6.21976482668194e-14  7.01087253052998e-14  7.90110099931359e-14
  8.90266726980537e-14  1.00292679239828e-13  1.12962550032953e-13
  1.27208324532987e-13  1.43222754523859e-13  1.61221752437297e-13
  1.81447123848992e-13  2.04169616573521e-13  2.29692322431611e-13
  2.58354471805147e-13  2.90535665609814e-13  3.26660594303758e-13
  3.67204299121080e-13  4.12698036885778e-13  4.63735816630514e-13
  5.20981683858645e-13  5.85177836777340e-13  6.57153668211826e-13
  7.37835837406153e-13  8.28259487497953e-13  9.29580737395601e-13
  1.04309059111861e-12  1.17023042360922e-12  1.31260921975339e-12
  1.47202276301431e-12  1.65047499204056e-12  1.85020176782692e-12
  2.07369732122705e-12  2.32374368051442e-12  2.60344341229656e-12
  2.91625604618659e-12  3.26603859507320e-12  3.65709062881183e-12
  4.09420441046985e-12  4.58272066113045e-12  5.12859058285468e-12
  5.73844483990558e-12  6.41967027713480e-12  7.18049524179118e-12
  8.03008447310895e-12  8.97864463195203e-12  1.00375416651301e-11
  1.12194313329733e-11  1.25384043804586e-11  1.40101479997313e-11
  1.56521254197692e-11  1.74837756682951e-11  1.95267357850366e-11
  2.18050880265412e-11  2.43456348951343e-11  2.71782051499465e-11
  3.03359943251187e-11  3.38559436849620e-11  3.77791620077413e-11
  4.21513950962921e-11  4.70235484911479e-11  5.24522695015819e-11
  5.85005953912450e-11  6.52386753626406e-11  7.27445748911971e-11
  8.11051719776850e-11  9.04171560307376e-11  1.00788141376654e-10
  1.12337908837506e-10  1.25199790446029e-10  1.39522214191199e-10
  1.55470427755323e-10  1.73228422516272e-10  1.93001081714366e-10
  2.15016579628448e-10  2.39529061939909e-10  2.66821641226932e-10
  2.97209745772143e-10  3.31044864686315e-10  3.68718737757611e-10
  4.10668044614988e-10  4.57379654716246e-10  5.09396507585991e-10
  5.67324201636176e-10  6.31838380041446e-10  7.03693013625585e-10
  7.83729693754351e-10  8.72888063029091e-10  9.72217528405249e-10
  1.08289042045590e-09  1.20621678425205e-09  1.34366101203887e-09
  1.49686055602681e-09  1.66764699163776e-09  1.85806973806779e-09
  2.07042278446927e-09  2.30727481763511e-09  2.57150320083945e-09
  2.86633231527302e-09  3.19537684574457e-09  3.56269067245303e-09
  3.97282212240662e-09  4.43087643831767e-09  4.94258644273427e-09
  5.51439251099446e-09  6.15353312318353e-09  6.86814744303004e-09
  7.66739157579936e-09  8.56157038968377e-09  9.56228705291314e-09
  1.06826127411426e-08  1.19372793220777e-08  1.33428982180359e-08
  1.49182091091118e-08  1.66843626565444e-08  1.86652420270879e-08
  2.08878286804634e-08  2.33826186664660e-08  2.61840965691568e-08
  2.93312752696092e-08  3.28683108547912e-08  3.68452033634977e-08
  4.13185955721580e-08  4.63526837985419e-08  5.20202566996000e-08
  5.84038803409068e-08  6.55972504481626e-08  7.37067357430171e-08
  8.28531397391448e-08  9.31737122382353e-08  1.04824446350725e-07
  1.17982701900932e-07  1.32850202023046e-07  1.49656456414765e-07
  1.68662672357518e-07  1.90166223418109e-07  2.14505755593387e-07
  2.42067022214402e-07  2.73289551719335e-07  3.08674267371931e-07
  3.48792194771101e-07  3.94294412299847e-07  4.45923421477752e-07
  5.04526139330361e-07  5.71068742881333e-07  6.46653628836847e-07
  7.32538787419116e-07  8.30159931936655e-07  9.41155772431694e-07
  1.06739687612225e-06  1.21101861792161e-06  1.37445879487407e-06
  1.56050055481532e-06  1.77232138176522e-06  2.01354897802867e-06
  2.28832500012735e-06  2.60137773293569e-06  2.95810493311764e-06
  3.36466823764388e-06  3.82810071885264e-06  4.35642937865308e-06
  4.95881460719582e-06  5.64570890354473e-06  6.42903744811656e-06
  7.32240345830594e-06  8.34132163524730e-06  9.50348343095772e-06
  1.08290583429803e-05  1.23410359769268e-05  1.40656142032509e-05
  1.60326394149457e-05  1.82761056147181e-05  2.08347199057513e-05
  2.37525428656195e-05  2.70797133169425e-05  3.08732681322362e-05
  3.51980689920131e-05  4.01278493663479e-05  4.57463966059676e-05
  5.21488856267369e-05  5.94433826654862e-05  6.77525395361777e-05
  7.72155011666252e-05  8.79900516089907e-05  1.00255026515406e-04
  1.14213022888665e-04  1.30093440368529e-04  1.48155891519221e-04
  1.68694022696478e-04  1.92039790896959e-04  2.18568246593856e-04
  2.48702877220167e-04  2.82921571026553e-04  3.21763266594877e-04
  3.65835358680520e-04  4.15821937785874e-04  4.72492946347721e-04
  5.36714342177981e-04  6.09459365769584e-04  6.91821016094869e-04
  7.85025846259954e-04  8.90449198621505e-04  1.00963200552437e-03
  1.14429929069204e-03  1.29638051209034e-03  1.46803189557628e-03
  1.66166091403655e-03  1.87995307416558e-03  2.12590117489349e-03
  2.40283721177141e-03  2.71446709440314e-03  3.06490835669217e-03
  3.45873102721631e-03  3.90100183164110e-03  4.39733188872598e-03
  4.95392805113648e-03  5.57764803305393e-03  6.27605944143002e-03
  7.05750281374882e-03  7.93115872851714e-03  8.90711902800432e-03
  9.99646214485892e-03  1.12113324867604e-02  1.25650237610487e-02
  1.40720660824839e-02  1.57483166014318e-02  1.76110533481204e-02
  1.96790718538163e-02  2.19727840464044e-02  2.45143187787856e-02
  2.73276232327863e-02  3.04385643204617e-02  3.38750290262449e-02
  3.76670225288289e-02  4.18467626997199e-02  4.64487695037766e-02
  5.15099475167911e-02  5.70696597066380e-02  6.31697903330935e-02
  6.98547946637367e-02  7.71717330086563e-02  8.51702863334657e-02
  9.39027505845745e-02  1.03424006567296e-01  1.13791462249289e-01
  1.25064963891250e-01  1.37306672734802e-01  1.50580903405582e-01
  1.64953920608403e-01  1.80493690384028e-01  1.97269582464111e-01
  2.15352020401721e-01  2.34812076286926e-01  2.55721007486298e-01
  2.78149732900806e-01  3.02168247324030e-01  3.27844972647834e-01
  3.55246046058315e-01  3.84434545850788e-01  4.15469657024294e-01
  4.48405779716986e-01  4.83291585196668e-01  5.20169025248443e-01
  5.59072302666697e-01  6.00026811641973e-01  6.43048058816105e-01
  6.88140576670273e-01  7.35296842804910e-01  7.84496219091931e-01
  8.35703926477681e-01  8.88870070852874e-01  9.43928737156820e-01
  1.00079716778913e+00  1.05937504308434e+00  1.11954388057001e+00
  1.18116657112667e+00  1.24408707022014e+00  1.30813026366210e+00
  1.37310202845447e+00  1.43878951052162e+00  1.50496164195847e+00
  1.57136992033836e+00  1.63774947114945e+00  1.70382041092107e+00
  1.76928952303280e+00  1.83385225067149e+00  1.89719500176927e+00
  1.95899775056440e+00  2.01893690909001e+00  2.07668843146436e+00
  2.13193110331909e+00  2.18434996096585e+00  2.23363977657628e+00
  2.27950854228312e+00  2.32168088189294e+00  2.35990131941088e+00
  2.39393733540199e+00  2.42358214577889e+00  2.44865714489879e+00
  2.46901396216622e+00  2.48453609171475e+00  2.49514006542543e+00
  2.50077615134202e+00  2.50142857159935e+00  2.49711524592770e+00
  2.48788707808059e+00  2.47382681293041e+00  2.45504750148427e+00
  2.43169061769567e+00  2.40392387772991e+00  2.37193881587737e+00
  2.33594817295520e+00  2.29618315437522e+00  2.25289061238332e+00
  2.20633020523353e+00  2.15677158120964e+00  2.10449163076915e+00
  2.04977184413047e+00  1.99289580559173e+00  1.93414684947337e+00
  1.87380589650515e+00  1.81214948345924e+00  1.74944799341428e+00
  1.68596408937102e+00  1.62195134944295e+00  1.55765309868681e+00
  1.49330142972097e+00  1.42911640216695e+00  1.36530540972761e+00
  1.30206270247053e+00  1.23956905186161e+00  1.17799154565495e+00
  1.11748350032675e+00  1.05818447891331e+00  1.00022040290971e+00
  9.43703747375738e-01  8.88733809238329e-01  8.35397039349924e-01
  7.83767429683439e-01  7.33906947595976e-01  6.85866009847275e-01
  6.39683989780760e-01  5.95389751087455e-01  5.53002203371330e-01
  5.12530873753726e-01  4.73976490159854e-01  4.37331572468055e-01
  4.02581026841045e-01  3.69702740551839e-01  3.38668173196663e-01
  3.09442941572771e-01  2.81987395131894e-01  2.56257179255359e-01
  2.32203783984351e-01  2.09775075896462e-01  1.88915811282541e-01
  1.69568128976779e-01  1.51672021568668e-01  1.35165783954125e-01
  1.19986438575021e-01  1.06070136800415e-01  9.33525362985309e-02
  8.17691543500124e-02  7.12556971949646e-02  6.17483657706618e-02
  5.31841381192667e-02  4.55010289868319e-02  3.86383270744433e-02
  3.25368104744744e-02  2.71389408374589e-02  2.23890367797039e-02
  1.82334270569960e-02  1.46205839644367e-02  1.15012374252111e-02
  8.82847016482837e-03  6.55779436588123e-03  4.64721014839308e-03
  3.05724623699407e-03  1.75098317335569e-03  6.94059423164171e-04
 -1.45339128966051e-04 -7.96505879880418e-04 -1.28625574069964e-03
 -1.63898224669287e-03 -1.87672869269772e-03 -2.01927231814948e-03
 -2.08422041751973e-03 -2.08711709452981e-03 -2.04155923422386e-03
 -1.95932013763836e-03 -1.85047915026309e-03 -1.72355553934873e-03
 -1.58564482414324e-03 -1.44255575859913e-03 -1.29894619849563e-03
 -1.15845616159990e-03 -1.02383650707523e-03 -8.97071814319645e-04
 -7.79496229469307e-04 -6.71901260622361e-04 -5.74634733657754e-04
 -4.87690361076520e-04 -4.10787616879639e-04 -3.43441843441161e-04
 -2.85024733042556e-04 -2.34815521147590e-04 -1.92043394696604e-04
 -1.55921753514817e-04 -1.25675063926362e-04 -1.00559110900709e-04
 -7.98754894909994e-05 -6.29811807863345e-05 -4.92940355732984e-05
 -3.82949449509485e-05 -2.95274160015157e-05 -2.25951973281843e-05
 -1.71585185379827e-05 -1.29294239992767e-05 -9.66659822196528e-06
 -7.17000102395419e-06 -5.27555780039907e-06 -3.85008505962538e-06
 -2.78657515427754e-06 -1.99991699311156e-06 -1.42309124532620e-06
 -1.00384894141579e-06 -7.01860084260394e-07 -4.86303510318467e-07
 -3.33859263155528e-07 -2.27059367752861e-07 -1.52951052538028e-07
 -1.02027178837507e-07 -6.73812669815282e-08 -4.40481819240954e-08
 -2.84960169442095e-08 -1.82391839036328e-08 -1.15474429713673e-08
 -7.22960947481050e-09 -4.47485591463973e-09 -2.73752619536191e-09
 -1.65475669174664e-09 -9.88031128836784e-10 -5.82577167467630e-10
 -3.39093900913088e-10 -1.94786671309634e-10 -1.10381848455267e-10
 -6.16871601401591e-11 -3.39871778851296e-11 -1.84545878025272e-11
 -9.87188958905428e-12 -5.20039439397866e-12 -2.69675304528117e-12
 -1.37606595100560e-12 -6.90637425751860e-13 -3.40791381494083e-13
 -1.65258847877257e-13 -7.87197288267678e-14 -3.68167339355304e-14
 -1.68983635395526e-14 -7.60801466298081e-15 -3.35822430430367e-15
 -1.45257594077002e-15 -6.15362031312323e-16 -2.55184402132831e-16
 -1.03532104546870e-16 -4.10703985461512e-17 -1.59224131325326e-17
 -6.03189153793309e-18 -2.23051536832260e-18 -8.04646474695621e-19
 -2.83011692280695e-19 -9.70059709351309e-20 -3.23993884936264e-20
 -1.05555831519006e-20 -3.34841737286247e-21 -1.03174819809488e-21
 -3.08578083938679e-22 -8.95129810966938e-23 -2.51652129148289e-23
 -6.85116455695360e-24 -1.80477981714119e-24
 (i6, f12.0, f18.0, f8.3, i6)
   665  60.0000000  0.02500000000000  26.000     2
 (3e22.14)
  2.89367842424056e-06  3.03926416337058e-06  3.19217416623429e-06
  3.35277687843171e-06  3.52145927781226e-06  3.69862780643920e-06
  3.88470934940761e-06  4.08015226287050e-06  4.28542745374540e-06
  4.50102951369861e-06  4.72747791013526e-06  4.96531823705595e-06
  5.21512352879400e-06  5.47749563978326e-06  5.75306669368785e-06
  6.04250060535644e-06  6.34649467929327e-06  6.66578128843714e-06
  7.00112963736364e-06  7.35334761403223e-06  7.72328373467536e-06
  8.11182918635130e-06  8.51991997219943e-06  8.94853916446098e-06
  9.39871927073474e-06  9.87154471911107e-06  1.03681544682083e-05
  1.08897447482964e-05  1.14375719402125e-05  1.20129555988362e-05
  1.26172816285320e-05  1.32520056180625e-05  1.39186563430701e-05
  1.46188394444517e-05  1.53542412915747e-05  1.61266330394190e-05
  1.69378748896538e-05  1.77899205655411e-05  1.86848220117413e-05
  1.96247343300144e-05  2.06119209628517e-05  2.16487591373546e-05
  2.27377455825016e-05  2.38815025334042e-05  2.50827840371201e-05
  2.63444825748749e-05  2.76696360169507e-05  2.90614349264248e-05
  3.05232302297680e-05  3.20585412722440e-05  3.36710642777175e-05
  3.53646812329430e-05  3.71434692177542e-05  3.90117102033063e-05
  4.09739013421253e-05  4.30347657741387e-05  4.51992639752034e-05
  4.74726056744621e-05  4.98602623698968e-05  5.23679804712738e-05
  5.50017951024378e-05  5.77680445956262e-05  6.06733857126977e-05
  6.37248096293316e-05  6.69296587208900e-05  7.02956441892733e-05
  7.38308645739708e-05  7.75438251901159e-05  8.14434585413960e-05
  8.55391457552845e-05  8.98407390926256e-05  9.43585855847128e-05
  9.91035518546404e-05  1.04087050181565e-04  1.09321065870838e-04
  1.14818185993930e-04  1.20591629568457e-04  1.26655279247846e-04
  1.33023714598502e-04  1.39712247041574e-04  1.46736956543928e-04
  1.54114730144667e-04  1.61863302409469e-04  1.70001297907979e-04
  1.78548275816584e-04  1.87524776750446e-04  1.96952371938452e-04
  2.06853714855247e-04  2.17252595434913e-04  2.28173996993243e-04
  2.39644155994982e-04  2.51690624805550e-04  2.64342337579085e-04
  2.77629679434051e-04  2.91584559085794e-04  3.06240485101964e-04
  3.21632645965866e-04  3.37797994133494e-04  3.54775334284727e-04
  3.72605415975406e-04  3.91331030910729e-04  4.10997115066209e-04
  4.31650855901362e-04  4.53341804911870e-04  4.76121995793397e-04
  5.00046068486144e-04  5.25171399399136e-04  5.51558238114679e-04
  5.79269850897096e-04  6.08372671339762e-04  6.38936458506692e-04
  6.71034462933883e-04  7.04743600886665e-04  7.40144637269175e-04
  7.77322377627473e-04  8.16365869679648e-04  8.57368614855726e-04
  9.00428790331228e-04  9.45649482076992e-04  9.93138929463104e-04
  1.04301078199093e-03  1.09538436874065e-03  1.15038498117267e-03
  1.20814416991889e-03  1.26880005627514e-03  1.33249765908982e-03
  1.39938923782547e-03  1.46963465256937e-03  1.54340174183250e-03
  1.62086671899932e-03  1.70221458834920e-03  1.78763958159005e-03
  1.87734561592658e-03  1.97154677468631e-03  2.07046781162882e-03
  2.17434468006853e-03  2.28342508803396e-03  2.39796908071291e-03
  2.51824965152939e-03  2.64455338320585e-03  2.77718112031309e-03
  2.91644867477004e-03  3.06268756594811e-03  3.21624579699905e-03
  3.37748866918931e-03  3.54679963604988e-03  3.72458119927372e-03
  3.91125584834627e-03  4.10726704604051e-03  4.31308026192589e-03
  4.52918405626089e-03  4.75609121658813e-03  4.99433994964252e-03
  5.24449513112801e-03  5.50714961617579e-03  5.78292561333216e-03
  6.07247612511825e-03  6.37648645828027e-03  6.69567580708253e-03
  7.03079891300682e-03  7.38264780458290e-03  7.75205362096518e-03
  8.13988852335110e-03  8.54706769821815e-03  8.97455145677512e-03
  9.42334743505667e-03  9.89451289939668e-03  1.03891571621177e-02
  1.09084441126440e-02  1.14535948692307e-02  1.20258905570914e-02
  1.26266752184724e-02  1.32573588610183e-02  1.39194206505178e-02
  1.46144122548003e-02  1.53439613455595e-02  1.61097752653595e-02
  1.69136448671966e-02  1.77574485345728e-02  1.86431563899482e-02
  1.95728347003893e-02  2.05486504887612e-02  2.15728763601034e-02
  2.26478955523184e-02  2.37762072213857e-02  2.49604319712405e-02
  2.62033176391853e-02  2.75077453478046e-02  2.88767358352596e-02
  3.03134560755862e-02  3.18212262019991e-02  3.34035267456655e-02
  3.50640062038286e-02  3.68064889509224e-02  3.86349835074442e-02
  4.05536911811516e-02  4.25670150967891e-02  4.46795696294404e-02
  4.68961902593310e-02  4.92219438640719e-02  5.16621394671211e-02
  5.42223394601292e-02  5.69083713185359e-02  5.97263398296541e-02
  6.26826398538022e-02  6.57839696385982e-02  6.90373447087769e-02
  7.24501123520733e-02  7.60299667255648e-02  7.97849646037701e-02
  8.37235417939200e-02  8.78545302416081e-02  9.21871758524958e-02
  9.67311570550203e-02  1.01496604130883e-01  1.06494119338726e-01
  1.11734797859824e-01  1.17230249590726e-01  1.22992621814001e-01
  1.29034622772007e-01  1.35369546175195e-01  1.42011296671772e-01
  1.48974416309078e-01  1.56274112014898e-01  1.63926284129281e-01
  1.71947556013987e-01  1.80355304771835e-01  1.89167693100132e-01
  1.98403702312434e-01  2.08083166550455e-01  2.18226808218628e-01
  2.28856274663972e-01  2.39994176129008e-01  2.51664125000131e-01
  2.63890776376578e-01  2.76699869977370e-01  2.90118273411215e-01
  3.04174026818060e-01  3.18896388907376e-01  3.34315884393899e-01
  3.50464352848953e-01  3.67374998965626e-01  3.85082444243198e-01
  4.03622780084336e-01  4.23033622301336e-01  4.43354167011197e-01
  4.64625247910818e-01  4.86889394891407e-01  5.10190893978561e-01
  5.34575848537479e-01  5.60092241711780e-01  5.86790000025566e-01
  6.14721058088503e-01  6.43939424319262e-01  6.74501247604865e-01
  7.06464884780482e-01  7.39890968832386e-01  7.74842477665099e-01
  8.11384803320890e-01  8.49585821451205e-01  8.89515960889765e-01
  9.31248273103577e-01  9.74858501314018e-01  1.02042514903315e+00
  1.06802954776221e+00  1.11775592353699e+00  1.16969146203613e+00
  1.22392637185454e+00  1.28055394562860e+00  1.33967061853825e+00
  1.40137602380135e+00  1.46577304464300e+00  1.53296786225160e+00
  1.60306999915007e+00  1.67619235741584e+00  1.75245125107355e+00
  1.83196643204523e+00  1.91486110884202e+00  2.00126195734027e+00
  2.09129912270060e+00  2.18510621166133e+00  2.28282027420811e+00
  2.38458177368761e+00  2.49053454429702e+00  2.60082573490750e+00
  2.71560573800229e+00  2.83502810264003e+00  2.95924943002083e+00
  3.08842925054180e+00  3.22272988075526e+00  3.36231625898262e+00
  3.50735575796831e+00  3.65801797312354e+00  3.81447448469794e+00
  3.97689859234898e+00  4.14546502028156e+00  4.32034959145859e+00
  4.50172886885416e+00  4.68977976232003e+00  4.88467909892972e+00
  5.08660315531498e+00  5.29572714994437e+00  5.51222469383627e+00
  5.73626719758492e+00  5.96802323351336e+00  6.20765785068718e+00
  6.45533184182196e+00  6.71120096012821e+00  6.97541508509144e+00
  7.24811733565890e+00  7.52944313023995e+00  7.81951919198663e+00
  8.11846249972790e+00  8.42637918302105e+00  8.74336336246554e+00
  9.06949593457662e+00  9.40484330257209e+00  9.74945605371535e+00
  1.01033675851299e+01  1.04665926796561e+01  1.08391260350777e+01
  1.12209407489616e+01  1.16119867642855e+01  1.20121892789388e+01
  1.24214471260114e+01  1.28396311297228e+01  1.32665824451668e+01
  1.37021108887771e+01  1.41459932699761e+01  1.45979717318866e+01
  1.50577521150578e+01  1.55250023530983e+01  1.59993509168828e+01
  1.64803853191164e+01  1.69676506970813e+01  1.74606484891320e+01
  1.79588352243531e+01  1.84616214434860e+01  1.89683707734846e+01
  1.94783991752341e+01  1.99909743904984e+01  2.05053156076006e+01
  2.10205933762013e+01  2.15359297910548e+01  2.20503989761065e+01
  2.25630278918076e+01  2.30727974961587e+01  2.35786442824077e+01
  2.40794622263559e+01  2.45741051614251e+01  2.50613896167514e+01
  2.55400981329339e+01  2.60089830861413e+01  2.64667710351922e+01
  2.69121676146939e+01  2.73438629830349e+01  2.77605378454737e+01
  2.81608700475099e+01  2.85435417549554e+01  2.89072472040273e+01
  2.92507010237086e+01  2.95726471066113e+01  2.98718680121632e+01
  3.01471948635809e+01  3.03975177102251e+01  3.06217962930431e+01
  3.08190711712560e+01  3.09884751274881e+01  3.11292447853111e+01
  3.12407323419739e+01  3.13224173239455e+01  3.13739182470562e+01
  3.13950040712172e+01  3.13856053042908e+01  3.13458246321132e+01
  3.12759469039176e+01  3.11764483346377e+01  3.10480047423178e+01
  3.08914986606738e+01  3.07080251424109e+01  3.04988960859974e+01
  3.02656428933382e+01  3.00100173027952e+01  2.97339902044114e+01
  2.94397482971579e+01  2.91296884187024e+01  2.88064094240647e+01
  2.84727014834524e+01  2.81315327130829e+01  2.77860330507133e+01
  2.74394753517766e+01  2.70952536704867e+01  2.67568587721649e+01
  2.64278509194279e+01  2.61118300491511e+01  2.58124034763958e+01
  2.55331513295264e+01  2.52775899403657e+01  2.50491334984938e+01
  2.48510542805125e+01  2.46864418590688e+01  2.45581617065456e+01
  2.44688136668078e+01  2.44206908115448e+01  2.44157392194611e+01
  2.44555192587243e+01  2.45411689725001e+01  2.46733701793058e+01
  2.48523179166465e+01  2.50776938488261e+01  2.53486442518944e+01
  2.56637631691470e+01  2.60210812987412e+01  2.64180611266687e+01
  2.68515987802298e+01  2.73180329844540e+01  2.78131614620334e+01
  2.83322649945762e+01  2.88701392937359e+01  2.94211347061521e+01
  2.99792036694012e+01  3.05379557111637e+01  3.10907196605176e+01
  3.16306126044169e+01  3.21506150001331e+01  3.26436512108517e+01
  3.31026746230850e+01  3.35207563615636e+01  3.38911765212294e+01
  3.42075167248762e+01  3.44637527209306e+01  3.46543456697395e+01
  3.47743307027164e+01  3.48194012946195e+01  3.47859879895392e+01
  3.46713300019016e+01  3.44735382685757e+01  3.41916485660498e+01
  3.38256634013923e+01  3.33765814873708e+01  3.28464137614621e+01
  3.22381850577425e+01  3.15559207581040e+01  3.08046179334205e+01
  2.99902007701704e+01  2.91194602982828e+01  2.81999787560059e+01
  2.72400391940113e+01  2.62485212548613e+01  2.52347843392722e+01
  2.42085397197086e+01  2.31797134121568e+01  2.21583019321863e+01
  2.11542232884958e+01  2.01771657845929e+01  1.92364373746400e+01
  1.83408184184804e+01  1.74984207416101e+01  1.67165558789638e+01
  1.60016152918534e+01  1.53589651750214e+01  1.47928582321201e+01
  1.43063644697929e+01  1.39013227080581e+01  1.35783140410418e+01
  1.33366580482473e+01  1.31744320352513e+01  1.30885130910907e+01
  1.30746422403482e+01  1.31275094763693e+01  1.32408579925709e+01
  1.34076054896249e+01  1.36199800373150e+01  1.38696676209465e+01
  1.41479682105030e+01  1.44459569735517e+01  1.47546471127423e+01
  1.50651507641079e+01  1.53688344414429e+01  1.56574656645129e+01
  1.59233476591588e+01  1.61594393607195e+01  1.63594583783227e+01
  1.65179650705591e+01  1.66304264252779e+01  1.66932590081216e+01
  1.67038508217099e+01  1.66605624851101e+01  1.65627086697337e+01
  1.64105212113420e+01  1.62050957252575e+01  1.59483238889347e+01
  1.56428138020524e+01  1.52918009935020e+01  1.48990527174293e+01
  1.44687681660546e+01  1.40054771375864e+01  1.35139395429495e+01
  1.29990479200494e+01  1.24657348714327e+01  1.19188870539744e+01
  1.13632670440171e+01  1.08034440917994e+01  1.02437344688535e+01
  9.68815181865809e+00  9.14036764350244e+00  8.60368181046856e+00
  8.08100273906388e+00  7.57483674231195e+00  7.08728584053430e+00
  6.62005323969479e+00  6.17445558305276e+00  5.75144102025346e+00
  5.35161211256419e+00  4.97525258775211e+00  4.62235697900458e+00
  4.29266222328314e+00  3.98568035243249e+00  3.70073148288612e+00
  3.43697639304919e+00  3.19344806870265e+00  2.96908169274565e+00
  2.76274265372179e+00  2.57325224481004e+00  2.39941081932938e+00
  2.24001825755246e+00  2.09389168141445e+00  1.95988042708684e+00
  1.83687834848320e+00  1.72383357763444e+00  1.61975591113211e+00
  1.52372202198667e+00  1.43487871969606e+00  1.35244449201808e+00
  1.27570956687652e+00  1.20403472900313e+00  1.13684911667726e+00
  1.07364720995882e+00  1.01398520411837e+00  9.57476942135218e-01
  9.03789558982459e-01  8.52638968695492e-01  8.03785304334378e-01
  7.57028400467254e-01  7.12203389601352e-01  6.69176466816840e-01
  6.27840862472027e-01  5.88113050162380e-01  5.49929206733273e-01
  5.13241932961167e-01  4.78017236945570e-01  4.44231777822489e-01
  4.11870363962977e-01  3.80923698127191e-01  3.51386360803077e-01
  3.23255022853624e-01  2.96526878626629e-01  2.71198291195400e-01
  2.47263641802824e-01  2.24714376043268e-01  2.03538239413921e-01
  1.83718694879165e-01  1.65234514577879e-01  1.48059537206703e-01
  1.32162581419904e-01  1.17507504570221e-01  1.04053394462079e-01
  9.17548805416657e-02  8.05625493526510e-02  7.04234478982608e-02
  6.12816574353802e-02  5.30789195326105e-02  4.57552958600647e-02
  3.92498433106395e-02  3.35012866121677e-02  2.84486716562175e-02
  2.40319842538273e-02  2.01927209361023e-02  1.68744006312632e-02
  1.40230085246204e-02  1.15873660102484e-02  9.51942329720609e-03
  7.77447381234632e-03  6.31129196704318e-03  5.09219802404047e-03
  4.08305565731635e-03  3.25320927853680e-03  2.57536928943534e-03
  2.02545409245207e-03  1.58239797110239e-03  1.22793386266853e-03
  9.46359635821042e-04  7.24295810571895e-04  5.50441780477383e-04
  4.15336581917846e-04  3.11129167502338e-04  2.31362037466582e-04
  1.70771016394264e-04  1.25102972934742e-04  9.09523989044685e-05
  6.56170105630796e-05  4.69719192821159e-05  3.33614421588097e-05
  2.35072787740751e-05  1.64315570545830e-05  1.13931324536135e-05
  7.83549362539237e-06  5.34466560281199e-06  3.61559026811334e-06
  2.42558837570420e-06  1.61365201715156e-06  1.06447088615572e-06
  6.96249864796533e-07  4.51522766128868e-07  2.90303207169735e-07
  1.85034999895585e-07  1.16910845364452e-07  7.32182063185648e-08
  4.54470510452467e-08  2.79554442678832e-08  1.70390374249080e-08
  1.02890478759911e-08  6.15433287359338e-09  3.64562499896092e-09
  2.13821368423852e-09  1.24135262111597e-09  7.13168240083510e-10
  4.05298140141161e-10  2.27779852409557e-10  1.26537386478474e-10
  6.94565728619392e-11  3.76552464869012e-11  2.01538792241151e-11
  1.06439840843110e-11  5.54429348136630e-12  2.84683562106909e-12
  1.44020788698474e-12  7.17468378482903e-13  3.51770808289056e-13
  1.69651414892253e-13  8.04369598592098e-14  3.74725553820892e-14
  1.71428183590004e-14  7.69689429147414e-15  3.38972540346637e-15
  1.46345259497205e-15  6.19018141934619e-16  2.56380038796770e-16
  1.03911941367901e-16  4.11876191793480e-17  1.59575288134977e-17
  6.04209531419868e-18  2.23338911199473e-18  8.05430298324539e-19
  2.83218572576001e-19  9.70587654302447e-20  3.24124038483130e-20
  1.05586801500372e-20  3.34912801921420e-21  1.03190530452906e-21
  3.08611515167852e-22  8.95198219196168e-23  2.51665576322834e-23
  6.85141823248316e-24  1.80482569444836e-24
  2.48760274371638e-24  2.83795082731492e-24  3.23762551586212e-24
  3.69356899327131e-24  4.21370005681725e-24  4.80705143021637e-24
  5.48392637082537e-24  6.25607727988530e-24  7.13690940474024e-24
  8.14171315508543e-24  9.28792904947568e-24  1.05954498710573e-23
  1.20869652537590e-23  1.37883546518236e-23  1.57291354799616e-23
  1.79429741624089e-23  2.04682689133388e-23  2.33488143069412e-23
  2.66345591041173e-23  3.03824704085792e-23  3.46575190552139e-23
  3.95338032198393e-23  4.50958296169794e-23  5.14399743622579e-23
  5.86761486643663e-23  6.69296980315003e-23  7.63435676880908e-23
  8.70807714693506e-23  9.93272066697068e-23  1.13294863257697e-22
  1.29225482633418e-22  1.47394728811918e-22  1.68116943697436e-22
  1.91750568118661e-22  2.18704321694932e-22  2.49444247589512e-22
  2.84501743003058e-22  3.24482713113201e-22  3.70078005368415e-22
  4.22075302913776e-22  4.81372680839272e-22  5.48994057316167e-22
  6.26106804005492e-22  7.14041816928895e-22  8.14316390912104e-22
  9.28660288444260e-22  1.05904544815982e-21  1.20771984004375e-21
  1.37724604494342e-21  1.57054521621423e-21  1.79094717268840e-21
  2.04224747616282e-21  2.32877246501157e-21  2.65545335030006e-21
  3.02791063420485e-21  3.45255028514912e-21  3.93667330280474e-21
  4.48860053227910e-21  5.11781484418039e-21  5.83512309012789e-21
  6.65284057650090e-21  7.58500117837949e-21  8.64759664693273e-21
  9.85884915424169e-21  1.12395216776594e-20  1.28132714607112e-20
  1.46070525095796e-20  1.66515739053913e-20  1.89818216463067e-20
  2.16376527952334e-20  2.46644719161675e-20  2.81140011547267e-20
  3.20451568785493e-20  3.65250475668008e-20  4.16301096536388e-20
  4.74474003213111e-20  5.40760688416973e-20  6.16290310230510e-20
  7.02348746791563e-20  8.00400278560602e-20  9.12112258879801e-20
  1.03938318279747e-19  1.18437462006905e-19  1.34954754176900e-19
  1.53770364206939e-19  1.75203233862986e-19  1.99616422798779e-19
  2.27423187784805e-19  2.59093895790324e-19  2.95163884668948e-19
  3.36242400614592e-19  3.83022759044269e-19  4.36293895402739e-19
  4.96953494885502e-19  5.66022915592349e-19  6.44664148557303e-19
  7.34199090901136e-19  8.36131445535003e-19  9.52171602985186e-19
  1.08426490866456e-18  1.23462377302540e-18  1.40576414332832e-18
  1.60054692519503e-18  1.82222502074779e-18  2.07449673918055e-18
  2.36156643641388e-18  2.68821335459835e-18  3.05986976137841e-18
  3.48270963496879e-18  3.96374930643763e-18  4.51096165761587e-18
  5.13340568458404e-18  5.84137347585890e-18  6.64655692483242e-18
  7.56223680164966e-18  8.60349715515982e-18  9.78746840586232e-18
  1.11336029316954e-17  1.26639874464929e-17  1.44036970333054e-17
  1.63811963296326e-17  1.86287940782800e-17  2.11831580662428e-17
  2.40858983865537e-17  2.73842279872247e-17  3.11317106324137e-17
  3.53891077096180e-17  4.02253367923907e-17  4.57185565308399e-17
  5.19573943160095e-17  5.90423352749434e-17  6.70872935306741e-17
  7.62213893378882e-17  8.65909587188390e-17  9.83618256147830e-17
  1.11721870384901e-16  1.26883932776503e-16  1.44089092318469e-16
  1.63610374517366e-16  1.85756937337767e-16  2.10878799303991e-16
  2.39372178266278e-16  2.71685518525134e-16  3.08326293727614e-16
  3.49868683856554e-16  3.96962236879711e-16  4.50341639365399e-16
  5.10837735784195e-16  5.79389953506020e-16  6.57060309879380e-16
  7.45049199518351e-16  8.44713184258178e-16  9.57585035540053e-16
  1.08539630952987e-15  1.23010276950774e-15  1.39391300837255e-15
  1.57932066699435e-15  1.78914069212272e-15  2.02655013126482e-15
  2.29513402195088e-15  2.59893699999437e-15  2.94252132634929e-15
  3.33103211610192e-15  3.77027064682431e-15  4.26677672825066e-15
  4.82792123213578e-15  5.46201001181064e-15  6.17840058658346e-15
  6.98763312899671e-15  7.90157747431480e-15  8.93359807427658e-15
  1.00987390429745e-14  1.14139316946266e-14  1.28982272539313e-14
  1.45730577325780e-14  1.64625283148017e-14  1.85937449829373e-14
  2.09971815480601e-14  2.37070907321278e-14  2.67619644863095e-14
  3.02050493277915e-14  3.40849231437991e-14  3.84561406525680e-14
  4.33799555368051e-14  4.89251281824333e-14  5.51688289781436e-14
  6.21976482668194e-14  7.01087253052998e-14  7.90110099931359e-14
  8.90266726980537e-14  1.00292679239828e-13  1.12962550032953e-13
  1.27208324532987e-13  1.43222754523859e-13  1.61221752437297e-13
  1.81447123848992e-13  2.04169616573521e-13  2.29692322431611e-13
  2.58354471805147e-13  2.90535665609814e-13  3.26660594303758e-13
  3.67204299121080e-13  4.12698036885778e-13  4.63735816630514e-13
  5.20981683858645e-13  5.85177836777340e-13  6.57153668211826e-13
  7.37835837406153e-13  8.28259487497953e-13  9.29580737395601e-13
  1.04309059111861e-12  1.17023042360922e-12  1.31260921975339e-12
  1.47202276301431e-12  1.65047499204056e-12  1.85020176782692e-12
  2.07369732122705e-12  2.32374368051442e-12  2.60344341229656e-12
  2.91625604618659e-12  3.26603859507320e-12  3.65709062881183e-12
  4.09420441046985e-12  4.58272066113045e-12  5.12859058285468e-12
  5.73844483990558e-12  6.41967027713480e-12  7.18049524179118e-12
  8.03008447310895e-12  8.97864463195203e-12  1.00375416651301e-11
  1.12194313329733e-11  1.25384043804586e-11  1.40101479997313e-11
  1.56521254197692e-11  1.74837756682951e-11  1.95267357850366e-11
  2.18050880265412e-11  2.43456348951343e-11  2.71782051499465e-11
  3.03359943251187e-11  3.38559436849620e-11  3.77791620077413e-11
  4.21513950962921e-11  4.70235484911479e-11  5.24522695015819e-11
  5.85005953912450e-11  6.52386753626406e-11  7.27445748911971e-11
  8.11051719776850e-11  9.04171560307376e-11  1.00788141376654e-10
  1.12337908837506e-10  1.25199790446029e-10  1.39522214191199e-10
  1.55470427755323e-10  1.73228422516272e-10  1.93001081714366e-10
  2.15016579628448e-10  2.39529061939909e-10  2.66821641226932e-10
  2.97209745772143e-10  3.31044864686315e-10  3.68718737757611e-10
  4.10668044614988e-10  4.57379654716246e-10  5.09396507585991e-10
  5.67324201636176e-10  6.31838380041446e-10  7.03693013625585e-10
  7.83729693754351e-10  8.72888063029091e-10  9.72217528405249e-10
  1.08289042045590e-09  1.20621678425205e-09  1.34366101203887e-09
  1.49686055602681e-09  1.66764699163776e-09  1.85806973806779e-09
  2.07042278446927e-09  2.30727481763511e-09  2.57150320083945e-09
  2.86633231527302e-09  3.19537684574457e-09  3.56269067245303e-09
  3.97282212240662e-09  4.43087643831767e-09  4.94258644273427e-09
  5.51439251099446e-09  6.15353312318353e-09  6.86814744303004e-09
  7.66739157579936e-09  8.56157038968377e-09  9.56228705291314e-09
  1.06826127411426e-08  1.19372793220777e-08  1.33428982180359e-08
  1.49182091091118e-08  1.66843626565444e-08  1.86652420270879e-08
  2.08878286804634e-08  2.33826186664660e-08  2.61840965691568e-08
  2.93312752696092e-08  3.28683108547912e-08  3.68452033634977e-08
  4.13185955721580e-08  4.63526837985419e-08  5.20202566996000e-08
  5.84038803409068e-08  6.55972504481626e-08  7.37067357430171e-08
  8.28531397391448e-08  9.31737122382353e-08  1.04824446350725e-07
  1.17982701900932e-07  1.32850202023046e-07  1.49656456414765e-07
  1.68662672357518e-07  1.90166223418109e-07  2.14505755593387e-07
  2.42067022214402e-07  2.73289551719335e-07  3.08674267371931e-07
  3.48792194771101e-07  3.94294412299847e-07  4.45923421477752e-07
  5.04526139330361e-07  5.71068742881333e-07  6.46653628836847e-07
  7.32538787419116e-07  8.30159931936655e-07  9.41155772431694e-07
  1.06739687612225e-06  1.21101861792161e-06  1.37445879487407e-06
  1.56050055481532e-06  1.77232138176522e-06  2.01354897802867e-06
  2.28832500012735e-06  2.60137773293569e-06  2.95810493311764e-06
  3.36466823764388e-06  3.82810071885264e-06  4.35642937865308e-06
  4.95881460719582e-06  5.64570890354473e-06  6.42903744811656e-06
  7.32240345830594e-06  8.34132163524730e-06  9.50348343095772e-06
  1.08290583429803e-05  1.23410359769268e-05  1.40656142032509e-05
  1.60326394149457e-05  1.82761056147181e-05  2.08347199057513e-05
  2.37525428656195e-05  2.70797133169425e-05  3.08732681322362e-05
  3.51980689920131e-05  4.01278493663479e-05  4.57463966059676e-05
  5.21488856267369e-05  5.94433826654862e-05  6.77525395361777e-05
  7.72155011666252e-05  8.79900516089907e-05  1.00255026515406e-04
  1.14213022888665e-04  1.30093440368529e-04  1.48155891519221e-04
  1.68694022696478e-04  1.92039790896959e-04  2.18568246593856e-04
  2.48702877220167e-04  2.82921571026553e-04  3.21763266594877e-04
  3.65835358680520e-04  4.15821937785874e-04  4.72492946347721e-04
  5.36714342177981e-04  6.09459365769584e-04  6.91821016094869e-04
  7.85025846259954e-04  8.90449198621505e-04  1.00963200552437e-03
  1.14429929069204e-03  1.29638051209034e-03  1.46803189557628e-03
  1.66166091403655e-03  1.87995307416558e-03  2.12590117489349e-03
  2.40283721177141e-03  2.71446709440314e-03  3.06490835669217e-03
  3.45873102721631e-03  3.90100183164110e-03  4.39733188872598e-03
  4.95392805113648e-03  5.57764803305393e-03  6.27605944143002e-03
  7.05750281374882e-03  7.93115872851714e-03  8.90711902800432e-03
  9.99646214485892e-03  1.12113324867604e-02  1.25650237610487e-02
  1.40720660824839e-02  1.57483166014318e-02  1.76110533481204e-02
  1.96790718538163e-02  2.19727840464044e-02  2.45143187787856e-02
  2.73276232327863e-02  3.04385643204617e-02  3.38750290262449e-02
  3.76670225288289e-02  4.18467626997199e-02  4.64487695037766e-02
  5.15099475167911e-02  5.70696597066380e-02  6.31697903330935e-02
  6.98547946637367e-02  7.71717330086563e-02  8.51702863334657e-02
  9.39027505845745e-02  1.03424006567296e-01  1.13791462249289e-01
  1.25064963891250e-01  1.37306672734802e-01  1.50580903405582e-01
  1.64953920608403e-01  1.80493690384028e-01  1.97269582464111e-01
  2.15352020401721e-01  2.34812076286926e-01  2.55721007486298e-01
  2.78149732900806e-01  3.02168247324030e-01  3.27844972647834e-01
  3.55246046058315e-01  3.84434545850788e-01  4.15469657024294e-01
  4.48405779716986e-01  4.83291585196668e-01  5.20169025248443e-01
  5.59072302666697e-01  6.00026811641973e-01  6.43048058816105e-01
  6.88140576670273e-01  7.35296842804910e-01  7.84496219091931e-01
  8.35703926477681e-01  8.88870070852874e-01  9.43928737156820e-01
  1.00079716778913e+00  1.05937504308434e+00  1.11954388057001e+00
  1.18116657112667e+00  1.24408707022014e+00  1.30813026366210e+00
  1.37310202845447e+00  1.43878951052162e+00  1.50496164195847e+00
  1.57136992033836e+00  1.63774947114945e+00  1.70382041092107e+00
  1.76928952303280e+00  1.83385225067149e+00  1.89719500176927e+00
  1.95899775056440e+00  2.01893690909001e+00  2.07668843146436e+00
  2.13193110331909e+00  2.18434996096585e+00  2.23363977657628e+00
  2.27950854228312e+00  2.32168088189294e+00  2.35990131941088e+00
  2.39393733540199e+00  2.42358214577889e+00  2.44865714489879e+00
  2.46901396216622e+00  2.48453609171475e+00  2.49514006542543e+00
  2.50077615134202e+00  2.50142857159935e+00  2.49711524592770e+00
  2.48788707808059e+00  2.47382681293041e+00  2.45504750148427e+00
  2.43169061769567e+00  2.40392387772991e+00  2.37193881587737e+00
  2.33594817295520e+00  2.29618315437522e+00  2.25289061238332e+00
  2.20633020523353e+00  2.15677158120964e+00  2.10449163076915e+00
  2.04977184413047e+00  1.99289580559173e+00  1.93414684947337e+00
  1.87380589650515e+00  1.81214948345924e+00  1.74944799341428e+00
  1.68596408937102e+00  1.62195134944295e+00  1.55765309868681e+00
  1.49330142972097e+00  1.42911640216695e+00  1.36530540972761e+00
  1.30206270247053e+00  1.23956905186161e+00  1.17799154565495e+00
  1.11748350032675e+00  1.05818447891331e+00  1.00022040290971e+00
  9.43703747375738e-01  8.88733809238329e-01  8.35397039349924e-01
  7.83767429683439e-01  7.33906947595976e-01  6.85866009847275e-01
  6.39683989780760e-01  5.95389751087455e-01  5.53002203371330e-01
  5.12530873753726e-01  4.73976490159854e-01  4.37331572468055e-01
  4.02581026841045e-01  3.69702740551839e-01  3.38668173196663e-01
  3.09442941572771e-01  2.81987395131894e-01  2.56257179255359e-01
  2.32203783984351e-01  2.09775075896462e-01  1.88915811282541e-01
  1.69568128976779e-01  1.51672021568668e-01  1.35165783954125e-01
  1.19986438575021e-01  1.06070136800415e-01  9.33525362985309e-02
  8.17691543500124e-02  7.12556971949646e-02  6.17483657706618e-02
  5.31841381192667e-02  4.55010289868319e-02  3.86383270744433e-02
  3.25368104744744e-02  2.71389408374589e-02  2.23890367797039e-02
  1.82334270569960e-02  1.46205839644367e-02  1.15012374252111e-02
  8.82847016482837e-03  6.55779436588123e-03  4.64721014839308e-03
  3.05724623699407e-03  1.75098317335569e-03  6.94059423164171e-04
 -1.45339128966051e-04 -7.96505879880418e-04 -1.28625574069964e-03
 -1.63898224669287e-03 -1.87672869269772e-03 -2.01927231814948e-03
 -2.08422041751973e-03 -2.08711709452981e-03 -2.04155923422386e-03
 -1.95932013763836e-03 -1.85047915026309e-03 -1.72355553934873e-03
 -1.58564482414324e-03 -1.44255575859913e-03 -1.29894619849563e-03
 -1.15845616159990e-03 -1.02383650707523e-03 -8.97071814319645e-04
 -7.79496229469307e-04 -6.71901260622361e-04 -5.74634733657754e-04
 -4.87690361076520e-04 -4.10787616879639e-04 -3.43441843441161e-04
 -2.85024733042556e-04 -2.34815521147590e-04 -1.92043394696604e-04
 -1.55921753514817e-04 -1.25675063926362e-04 -1.00559110900709e-04
 -7.98754894909994e-05 -6.29811807863345e-05 -4.92940355732984e-05
 -3.82949449509485e-05 -2.95274160015157e-05 -2.25951973281843e-05
 -1.71585185379827e-05 -1.29294239992767e-05 -9.66659822196528e-06
 -7.17000102395419e-06 -5.27555780039907e-06 -3.85008505962538e-06
 -2.78657515427754e-06 -1.99991699311156e-06 -1.42309124532620e-06
 -1.00384894141579e-06 -7.01860084260394e-07 -4.86303510318467e-07
 -3.33859263155528e-07 -2.27059367752861e-07 -1.52951052538028e-07
 -1.02027178837507e-07 -6.73812669815282e-08 -4.40481819240954e-08
 -2.84960169442095e-08 -1.82391839036328e-08 -1.15474429713673e-08
 -7.22960947481050e-09 -4.47485591463973e-09 -2.73752619536191e-09
 -1.65475669174664e-09 -9.88031128836784e-10 -5.82577167467630e-10
 -3.39093900913088e-10 -1.94786671309634e-10 -1.10381848455267e-10
 -6.16871601401591e-11 -3.39871778851296e-11 -1.84545878025272e-11
 -9.87188958905428e-12 -5.20039439397866e-12 -2.69675304528117e-12
 -1.37606595100560e-12 -6.90637425751860e-13 -3.40791381494083e-13
 -1.65258847877257e-13 -7.87197288267678e-14 -3.68167339355304e-14
 -1.68983635395526e-14 -7.60801466298081e-15 -3.35822430430367e-15
 -1.45257594077002e-15 -6.15362031312323e-16 -2.55184402132831e-16
 -1.03532104546870e-16 -4.10703985461512e-17 -1.59224131325326e-17
 -6.03189153793309e-18 -2.23051536832260e-18 -8.04646474695621e-19
 -2.83011692280695e-19 -9.70059709351309e-20 -3.23993884936264e-20
 -1.05555831519006e-20 -3.34841737286247e-21 -1.03174819809488e-21
 -3.08578083938679e-22 -8.95129810966938e-23 -2.51652129148289e-23
 -6.85116455695360e-24 -1.80477981714119e-24
 (i6, f12.0, f18.0, f8.3, i6)
   665  60.0000000  0.02500000000000  26.000     2
 (3e22.14)
  2.89367842424056e-06  3.03926416337058e-06  3.19217416623429e-06
  3.35277687843171e-06  3.52145927781226e-06  3.69862780643920e-06
  3.88470934940761e-06  4.08015226287050e-06  4.28542745374540e-06
  4.50102951369861e-06  4.72747791013526e-06  4.96531823705595e-06
  5.21512352879400e-06  5.47749563978326e-06  5.75306669368785e-06
  6.04250060535644e-06  6.34649467929327e-06  6.66578128843714e-06
  7.00112963736364e-06  7.35334761403223e-06  7.72328373467536e-06
  8.11182918635130e-06  8.51991997219943e-06  8.94853916446098e-06
  9.39871927073474e-06  9.87154471911107e-06  1.03681544682083e-05
  1.08897447482964e-05  1.14375719402125e-05  1.20129555988362e-05
  1.26172816285320e-05  1.32520056180625e-05  1.39186563430701e-05
  1.46188394444517e-05  1.53542412915747e-05  1.61266330394190e-05
  1.69378748896538e-05  1.77899205655411e-05  1.86848220117413e-05
  1.96247343300144e-05  2.06119209628517e-05  2.16487591373546e-05
  2.27377455825016e-05  2.38815025334042e-05  2.50827840371201e-05
  2.63444825748749e-05  2.76696360169507e-05  2.90614349264248e-05
  3.05232302297680e-05  3.20585412722440e-05  3.36710642777175e-05
  3.53646812329430e-05  3.71434692177542e-05  3.90117102033063e-05
  4.09739013421253e-05  4.30347657741387e-05  4.51992639752034e-05
  4.74726056744621e-05  4.98602623698968e-05  5.23679804712738e-05
  5.50017951024378e-05  5.77680445956262e-05  6.06733857126977e-05
  6.37248096293316e-05  6.69296587208900e-05  7.02956441892733e-05
  7.38308645739708e-05  7.75438251901159e-05  8.14434585413960e-05
  8.55391457552845e-05  8.98407390926256e-05  9.43585855847128e-05
  9.91035518546404e-05  1.04087050181565e-04  1.09321065870838e-04
  1.14818185993930e-04  1.20591629568457e-04  1.26655279247846e-04
  1.33023714598502e-04  1.39712247041574e-04  1.46736956543928e-04
  1.54114730144667e-04  1.61863302409469e-04  1.70001297907979e-04
  1.78548275816584e-04  1.87524776750446e-04  1.96952371938452e-04
  2.06853714855247e-04  2.17252595434913e-04  2.28173996993243e-04
  2.39644155994982e-04  2.51690624805550e-04  2.64342337579085e-04
  2.77629679434051e-04  2.91584559085794e-04  3.06240485101964e-04
  3.21632645965866e-04  3.37797994133494e-04  3.54775334284727e-04
  3.72605415975406e-04  3.91331030910729e-04  4.10997115066209e-04
  4.31650855901362e-04  4.53341804911870e-04  4.76121995793397e-04
  5.00046068486144e-04  5.25171399399136e-04  5.51558238114679e-04
  5.79269850897096e-04  6.08372671339762e-04  6.38936458506692e-04
  6.71034462933883e-04  7.04743600886665e-04  7.40144637269175e-04
  7.77322377627473e-04  8.16365869679648e-04  8.57368614855726e-04
  9.00428790331228e-04  9.45649482076992e-04  9.93138929463104e-04
  1.04301078199093e-03  1.09538436874065e-03  1.15038498117267e-03
  1.20814416991889e-03  1.26880005627514e-03  1.33249765908982e-03
  1.39938923782547e-03  1.46963465256937e-03  1.54340174183250e-03
  1.62086671899932e-03  1.70221458834920e-03  1.78763958159005e-03
  1.87734561592658e-03  1.97154677468631e-03  2.07046781162882e-03
  2.17434468006853e-03  2.28342508803396e-03  2.39796908071291e-03
  2.51824965152939e-03  2.64455338320585e-03  2.77718112031309e-03
  2.91644867477004e-03  3.06268756594811e-03  3.21624579699905e-03
  3.37748866918931e-03  3.54679963604988e-03  3.72458119927372e-03
  3.91125584834627e-03  4.10726704604051e-03  4.31308026192589e-03
  4.52918405626089e-03  4.75609121658813e-03  4.99433994964252e-03
  5.24449513112801e-03  5.50714961617579e-03  5.78292561333216e-03
  6.07247612511825e-03  6.37648645828027e-03  6.69567580708253e-03
  7.03079891300682e-03  7.38264780458290e-03  7.75205362096518e-03
  8.13988852335110e-03  8.54706769821815e-03  8.97455145677512e-03
  9.42334743505667e-03  9.89451289939668e-03  1.03891571621177e-02
  1.09084441126440e-02  1.14535948692307e-02  1.20258905570914e-02
  1.26266752184724e-02  1.32573588610183e-02  1.39194206505178e-02
  1.46144122548003e-02  1.53439613455595e-02  1.61097752653595e-02
  1.69136448671966e-02  1.77574485345728e-02  1.86431563899482e-02
  1.95728347003893e-02  2.05486504887612e-02  2.15728763601034e-02
  2.26478955523184e-02  2.37762072213857e-02  2.49604319712405e-02
  2.62033176391853e-02  2.75077453478046e-02  2.88767358352596e-02
  3.03134560755862e-02  3.18212262019991e-02  3.34035267456655e-02
  3.50640062038286e-02  3.68064889509224e-02  3.86349835074442e-02
  4.05536911811516e-02  4.25670150967891e-02  4.46795696294404e-02
  4.68961902593310e-02  4.92219438640719e-02  5.16621394671211e-02
  5.42223394601292e-02  5.69083713185359e-02  5.97263398296541e-02
  6.26826398538022e-02  6.57839696385982e-02  6.90373447087769e-02
  7.24501123520733e-02  7.60299667255648e-02  7.97849646037701e-02
  8.37235417939200e-02  8.78545302416081e-02  9.21871758524958e-02
  9.67311570550203e-02  1.01496604130883e-01  1.06494119338726e-01
  1.11734797859824e-01  1.17230249590726e-01  1.22992621814001e-01
  1.29034622772007e-01  1.35369546175195e-01  1.42011296671772e-01
  1.48974416309078e-01  1.56274112014898e-01  1.63926284129281e-01
  1.71947556013987e-01  1.80355304771835e-01  1.89167693100132e-01
  1.98403702312434e-01  2.08083166550455e-01  2.18226808218628e-01
  2.28856274663972e-01  2.39994176129008e-01  2.51664125000131e-01
  2.63890776376578e-01  2.76699869977370e-01  2.90118273411215e-01
  3.04174026818060e-01  3.18896388907376e-01  3.34315884393899e-01
  3.50464352848953e-01  3.67374998965626e-01  3.85082444243198e-01
  4.03622780084336e-01  4.23033622301336e-01  4.43354167011197e-01
  4.64625247910818e-01  4.86889394891407e-01  5.10190893978561e-01
  5.34575848537479e-01  5.60092241711780e-01  5.86790000025566e-01
  6.14721058088503e-01  6.43939424319262e-01  6.74501247604865e-01
  7.06464884780482e-01  7.39890968832386e-01  7.74842477665099e-01
  8.11384803320890e-01  8.49585821451205e-01  8.89515960889765e-01
  9.31248273103577e-01  9.74858501314018e-01  1.02042514903315e+00
  1.06802954776221e+00  1.11775592353699e+00  1.16969146203613e+00
  1.22392637185454e+00  1.28055394562860e+00  1.33967061853825e+00
  1.40137602380135e+00  1.46577304464300e+00  1.53296786225160e+00
  1.60306999915007e+00  1.67619235741584e+00  1.75245125107355e+00
  1.83196643204523e+00  1.91486110884202e+00  2.00126195734027e+00
  2.09129912270060e+00  2.18510621166133e+00  2.28282027420811e+00
  2.38458177368761e+00  2.49053454429702e+00  2.60082573490750e+00
  2.71560573800229e+00  2.83502810264003e+00  2.95924943002083e+00
  3.08842925054180e+00  3.22272988075526e+00  3.36231625898262e+00
  3.50735575796831e+00  3.65801797312354e+00  3.81447448469794e+00
  3.97689859234898e+00  4.14546502028156e+00  4.32034959145859e+00
  4.50172886885416e+00  4.68977976232003e+00  4.88467909892972e+00
  5.08660315531498e+00  5.29572714994437e+00  5.51222469383627e+00
  5.73626719758492e+00  5.96802323351336e+00  6.20765785068718e+00
  6.45533184182196e+00  6.71120096012821e+00  6.97541508509144e+00
  7.24811733565890e+00  7.52944313023995e+00  7.81951919198663e+00
  8.11846249972790e+00  8.42637918302105e+00  8.74336336246554e+00
  9.06949593457662e+00  9.40484330257209e+00  9.74945605371535e+00
  1.01033675851299e+01  1.04665926796561e+01  1.08391260350777e+01
  1.12209407489616e+01  1.16119867642855e+01  1.20121892789388e+01
  1.24214471260114e+01  1.28396311297228e+01  1.32665824451668e+01
  1.37021108887771e+01  1.41459932699761e+01  1.45979717318866e+01
  1.50577521150578e+01  1.55250023530983e+01  1.59993509168828e+01
  1.64803853191164e+01  1.69676506970813e+01  1.74606484891320e+01
  1.79588352243531e+01  1.84616214434860e+01  1.89683707734846e+01
  1.94783991752341e+01  1.99909743904984e+01  2.05053156076006e+01
  2.10205933762013e+01  2.15359297910548e+01  2.20503989761065e+01
  2.25630278918076e+01  2.30727974961587e+01  2.35786442824077e+01
  2.40794622263559e+01  2.45741051614251e+01  2.50613896167514e+01
  2.55400981329339e+01  2.60089830861413e+01  2.64667710351922e+01
  2.69121676146939e+01  2.73438629830349e+01  2.77605378454737e+01
  2.81608700475099e+01  2.85435417549554e+01  2.89072472040273e+01
  2.92507010237086e+01  2.95726471066113e+01  2.98718680121632e+01
  3.01471948635809e+01  3.03975177102251e+01  3.06217962930431e+01
  3.08190711712560e+01  3.09884751274881e+01  3.11292447853111e+01
  3.12407323419739e+01  3.13224173239455e+01  3.13739182470562e+01
  3.13950040712172e+01  3.13856053042908e+01  3.13458246321132e+01
  3.12759469039176e+01  3.11764483346377e+01  3.10480047423178e+01
  3.08914986606738e+01  3.07080251424109e+01  3.04988960859974e+01
  3.02656428933382e+01  3.00100173027952e+01  2.97339902044114e+01
  2.94397482971579e+01  2.91296884187024e+01  2.88064094240647e+01
  2.84727014834524e+01  2.81315327130829e+01  2.77860330507133e+01
  2.74394753517766e+01  2.70952536704867e+01  2.67568587721649e+01
  2.64278509194279e+01  2.61118300491511e+01  2.58124034763958e+01
  2.55331513295264e+01  2.52775899403657e+01  2.50491334984938e+01
  2.48510542805125e+01  2.46864418590688e+01  2.45581617065456e+01
  2.44688136668078e+01  2.44206908115448e+01  2.44157392194611e+01
  2.44555192587243e+01  2.45411689725001e+01  2.46733701793058e+01
  2.48523179166465e+01  2.50776938488261e+01  2.53486442518944e+01
  2.56637631691470e+01  2.60210812987412e+01  2.64180611266687e+01
  2.68515987802298e+01  2.73180329844540e+01  2.78131614620334e+01
  2.83322649945762e+01  2.88701392937359e+01  2.94211347061521e+01
  2.99792036694012e+01  3.05379557111637e+01  3.10907196605176e+01
  3.16306126044169e+01  3.21506150001331e+01  3.26436512108517e+01
  3.31026746230850e+01  3.35207563615636e+01  3.38911765212294e+01
  3.42075167248762e+01  3.44637527209306e+01  3.46543456697395e+01
  3.47743307027164e+01  3.48194012946195e+01  3.47859879895392e+01
  3.46713300019016e+01  3.44735382685757e+01  3.41916485660498e+01
  3.38256634013923e+01  3.33765814873708e+01  3.28464137614621e+01
  3.22381850577425e+01  3.15559207581040e+01  3.08046179334205e+01
  2.99902007701704e+01  2.91194602982828e+01  2.81999787560059e+01
  2.72400391940113e+01  2.62485212548613e+01  2.52347843392722e+01
  2.42085397197086e+01  2.31797134121568e+01  2.21583019321863e+01
  2.11542232884958e+01  2.01771657845929e+01  1.92364373746400e+01
  1.83408184184804e+01  1.74984207416101e+01  1.67165558789638e+01
  1.60016152918534e+01  1.53589651750214e+01  1.47928582321201e+01
  1.43063644697929e+01  1.39013227080581e+01  1.35783140410418e+01
  1.33366580482473e+01  1.31744320352513e+01  1.30885130910907e+01
  1.30746422403482e+01  1.31275094763693e+01  1.32408579925709e+01
  1.34076054896249e+01  1.36199800373150e+01  1.38696676209465e+01
  1.41479682105030e+01  1.44459569735517e+01  1.47546471127423e+01
  1.50651507641079e+01  1.53688344414429e+01  1.56574656645129e+01
  1.59233476591588e+01  1.61594393607195e+01  1.63594583783227e+01
  1.65179650705591e+01  1.66304264252779e+01  1.66932590081216e+01
  1.67038508217099e+01  1.66605624851101e+01  1.65627086697337e+01
  1.64105212113420e+01  1.62050957252575e+01  1.59483238889347e+01
  1.56428138020524e+01  1.52918009935020e+01  1.48990527174293e+01
  1.44687681660546e+01  1.40054771375864e+01  1.35139395429495e+01
  1.29990479200494e+01  1.24657348714327e+01  1.19188870539744e+01
  1.13632670440171e+01  1.08034440917994e+01  1.02437344688535e+01
  9.68815181865809e+00  9.14036764350244e+00  8.60368181046856e+00
  8.08100273906388e+00  7.57483674231195e+00  7.08728584053430e+00
  6.62005323969479e+00  6.17445558305276e+00  5.75144102025346e+00
  5.35161211256419e+00  4.97525258775211e+00  4.62235697900458e+00
  4.29266222328314e+00  3.98568035243249e+00  3.70073148288612e+00
  3.43697639304919e+00  3.19344806870265e+00  2.96908169274565e+00
  2.76274265372179e+00  2.57325224481004e+00  2.39941081932938e+00
  2.24001825755246e+00  2.09389168141445e+00  1.95988042708684e+00
  1.83687834848320e+00  1.72383357763444e+00  1.61975591113211e+00
  1.52372202198667e+00  1.43487871969606e+00  1.35244449201808e+00
  1.27570956687652e+00  1.20403472900313e+00  1.13684911667726e+00
  1.07364720995882e+00  1.01398520411837e+00  9.57476942135218e-01
  9.03789558982459e-01  8.52638968695492e-01  8.03785304334378e-01
  7.57028400467254e-01  7.12203389601352e-01  6.69176466816840e-01
  6.27840862472027e-01  5.88113050162380e-01  5.49929206733273e-01
  5.13241932961167e-01  4.78017236945570e-01  4.44231777822489e-01
  4.11870363962977e-01  3.80923698127191e-01  3.51386360803077e-01
  3.23255022853624e-01  2.96526878626629e-01  2.71198291195400e-01
  2.47263641802824e-01  2.24714376043268e-01  2.03538239413921e-01
  1.83718694879165e-01  1.65234514577879e-01  1.48059537206703e-01
  1.32162581419904e-01  1.17507504570221e-01  1.04053394462079e-01
  9.17548805416657e-02  8.05625493526510e-02  7.04234478982608e-02
  6.12816574353802e-02  5.30789195326105e-02  4.57552958600647e-02
  3.92498433106395e-02  3.35012866121677e-02  2.84486716562175e-02
  2.40319842538273e-02  2.01927209361023e-02  1.68744006312632e-02
  1.40230085246204e-02  1.15873660102484e-02  9.51942329720609e-03
  7.77447381234632e-03  6.31129196704318e-03  5.09219802404047e-03
  4.08305565731635e-03  3.25320927853680e-03  2.57536928943534e-03
  2.02545409245207e-03  1.58239797110239e-03  1.22793386266853e-03
  9.46359635821042e-04  7.24295810571895e-04  5.50441780477383e-04
  4.15336581917846e-04  3.11129167502338e-04  2.31362037466582e-04
  1.70771016394264e-04  1.25102972934742e-04  9.09523989044685e-05
  6.56170105630796e-05  4.69719192821159e-05  3.33614421588097e-05
  2.35072787740751e-05  1.64315570545830e-05  1.13931324536135e-05
  7.83549362539237e-06  5.34466560281199e-06  3.61559026811334e-06
  2.42558837570420e-06  1.61365201715156e-06  1.06447088615572e-06
  6.96249864796533e-07  4.51522766128868e-07  2.90303207169735e-07
  1.85034999895585e-07  1.16910845364452e-07  7.32182063185648e-08
  4.54470510452467e-08  2.79554442678832e-08  1.70390374249080e-08
  1.02890478759911e-08  6.15433287359338e-09  3.64562499896092e-09
  2.13821368423852e-09  1.24135262111597e-09  7.13168240083510e-10
  4.05298140141161e-10  2.27779852409557e-10  1.26537386478474e-10
  6.94565728619392e-11  3.76552464869012e-11  2.01538792241151e-11
  1.06439840843110e-11  5.54429348136630e-12  2.84683562106909e-12
  1.44020788698474e-12  7.17468378482903e-13  3.51770808289056e-13
  1.69651414892253e-13  8.04369598592098e-14  3.74725553820892e-14
  1.71428183590004e-14  7.69689429147414e-15  3.38972540346637e-15
  1.46345259497205e-15  6.19018141934619e-16  2.56380038796770e-16
  1.03911941367901e-16  4.11876191793480e-17  1.59575288134977e-17
  6.04209531419868e-18  2.23338911199473e-18  8.05430298324539e-19
  2.83218572576001e-19  9.70587654302447e-20  3.24124038483130e-20
  1.05586801500372e-20  3.34912801921420e-21  1.03190530452906e-21
  3.08611515167852e-22  8.95198219196168e-23  2.51665576322834e-23
  6.85141823248316e-24  1.80482569444836e-24
  2.48760274371638e-24  2.83795082731492e-24  3.23762551586212e-24
  3.69356899327131e-24  4.21370005681725e-24  4.80705143021637e-24
  5.48392637082537e-24  6.25607727988530e-24  7.13690940474024e-24
  8.14171315508543e-24  9.28792904947568e-24  1.05954498710573e-23
  1.20869652537590e-23  1.37883546518236e-23  1.57291354799616e-23
  1.79429741624089e-23  2.04682689133388e-23  2.33488143069412e-23
  2.66345591041173e-23  3.03824704085792e-23  3.46575190552139e-23
  3.95338032198393e-23  4.50958296169794e-23  5.14399743622579e-23
  5.86761486643663e-23  6.69296980315003e-23  7.63435676880908e-23
  8.70807714693506e-23  9.93272066697068e-23  1.13294863257697e-22
  1.29225482633418e-22  1.47394728811918e-22  1.68116943697436e-22
  1.91750568118661e-22  2.18704321694932e-22  2.49444247589512e-22
  2.84501743003058e-22  3.24482713113201e-22  3.70078005368415e-22
  4.22075302913776e-22  4.81372680839272e-22  5.48994057316167e-22
  6.26106804005492e-22  7.14041816928895e-22  8.14316390912104e-22
  9.28660288444260e-22  1.05904544815982e-21  1.20771984004375e-21
  1.37724604494342e-21  1.57054521621423e-21  1.79094717268840e-21
  2.04224747616282e-21  2.32877246501157e-21  2.65545335030006e-21
  3.02791063420485e-21  3.45255028514912e-21  3.93667330280474e-21
  4.48860053227910e-21  5.11781484418039e-21  5.83512309012789e-21
  6.65284057650090e-21  7.58500117837949e-21  8.64759664693273e-21
  9.85884915424169e-21  1.12395216776594e-20  1.28132714607112e-20
  1.46070525095796e-20  1.66515739053913e-20  1.89818216463067e-20
  2.16376527952334e-20  2.46644719161675e-20  2.81140011547267e-20
  3.20451568785493e-20  3.65250475668008e-20  4.16301096536388e-20
  4.74474003213111e-20  5.40760688416973e-20  6.16290310230510e-20
  7.02348746791563e-20  8.00400278560602e-20  9.12112258879801e-20
  1.03938318279747e-19  1.18437462006905e-19  1.34954754176900e-19
  1.53770364206939e-19  1.75203233862986e-19  1.99616422798779e-19
  2.27423187784805e-19  2.59093895790324e-19  2.95163884668948e-19
  3.36242400614592e-19  3.83022759044269e-19  4.36293895402739e-19
  4.96953494885502e-19  5.66022915592349e-19  6.44664148557303e-19
  7.34199090901136e-19  8.36131445535003e-19  9.52171602985186e-19
  1.08426490866456e-18  1.23462377302540e-18  1.40576414332832e-18
  1.60054692519503e-18  1.82222502074779e-18  2.07449673918055e-18
  2.36156643641388e-18  2.68821335459835e-18  3.05986976137841e-18
  3.48270963496879e-18  3.96374930643763e-18  4.51096165761587e-18
  5.13340568458404e-18  5.84137347585890e-18  6.64655692483242e-18
  7.56223680164966e-18  8.60349715515982e-18  9.78746840586232e-18
  1.11336029316954e-17  1.26639874464929e-17  1.44036970333054e-17
  1.63811963296326e-17  1.86287940782800e-17  2.11831580662428e-17
  2.40858983865537e-17  2.73842279872247e-17  3.11317106324137e-17
  3.53891077096180e-17  4.02253367923907e-17  4.57185565308399e-17
  5.19573943160095e-17  5.90423352749434e-17  6.70872935306741e-17
  7.62213893378882e-17  8.65909587188390e-17  9.83618256147830e-17
  1.11721870384901e-16  1.26883932776503e-16  1.44089092318469e-16
  1.63610374517366e-16  1.85756937337767e-16  2.10878799303991e-16
  2.39372178266278e-16  2.71685518525134e-16  3.08326293727614e-16
  3.49868683856554e-16  3.96962236879711e-16  4.50341639365399e-16
  5.10837735784195e-16  5.79389953506020e-16  6.57060309879380e-16
  7.45049199518351e-16  8.44713184258178e-16  9.57585035540053e-16
  1.08539630952987e-15  1.23010276950774e-15  1.39391300837255e-15
  1.57932066699435e-15  1.78914069212272e-15  2.02655013126482e-15
  2.29513402195088e-15  2.59893699999437e-15  2.94252132634929e-15
  3.33103211610192e-15  3.77027064682431e-15  4.26677672825066e-15
  4.82792123213578e-15  5.46201001181064e-15  6.17840058658346e-15
  6.98763312899671e-15  7.90157747431480e-15  8.93359807427658e-15
  1.00987390429745e-14  1.14139316946266e-14  1.28982272539313e-14
  1.45730577325780e-14  1.64625283148017e-14  1.85937449829373e-14
  2.09971815480601e-14  2.37070907321278e-14  2.67619644863095e-14
  3.02050493277915e-14  3.40849231437991e-14  3.84561406525680e-14
  4.33799555368051e-14  4.89251281824333e-14  5.51688289781436e-14
  6.21976482668194e-14  7.01087253052998e-14  7.90110099931359e-14
  8.90266726980537e-14  1.00292679239828e-13  1.12962550032953e-13
  1.27208324532987e-13  1.43222754523859e-13  1.61221752437297e-13
  1.81447123848992e-13  2.04169616573521e-13  2.29692322431611e-13
  2.58354471805147e-13  2.90535665609814e-13  3.26660594303758e-13
  3.67204299121080e-13  4.12698036885778e-13  4.63735816630514e-13
  5.20981683858645e-13  5.85177836777340e-13  6.57153668211826e-13
  7.37835837406153e-13  8.28259487497953e-13  9.29580737395601e-13
  1.04309059111861e-12  1.17023042360922e-12  1.31260921975339e-12
  1.47202276301431e-12  1.65047499204056e-12  1.85020176782692e-12
  2.07369732122705e-12  2.32374368051442e-12  2.60344341229656e-12
  2.91625604618659e-12  3.26603859507320e-12  3.65709062881183e-12
  4.09420441046985e-12  4.58272066113045e-12  5.12859058285468e-12
  5.73844483990558e-12  6.41967027713480e-12  7.18049524179118e-12
  8.03008447310895e-12  8.97864463195203e-12  1.00375416651301e-11
  1.12194313329733e-11  1.25384043804586e-11  1.40101479997313e-11
  1.56521254197692e-11  1.74837756682951e-11  1.95267357850366e-11
  2.18050880265412e-11  2.43456348951343e-11  2.71782051499465e-11
  3.03359943251187e-11  3.38559436849620e-11  3.77791620077413e-11
  4.21513950962921e-11  4.70235484911479e-11  5.24522695015819e-11
  5.85005953912450e-11  6.52386753626406e-11  7.27445748911971e-11
  8.11051719776850e-11  9.04171560307376e-11  1.00788141376654e-10
  1.12337908837506e-10  1.25199790446029e-10  1.39522214191199e-10
  1.55470427755323e-10  1.73228422516272e-10  1.93001081714366e-10
  2.15016579628448e-10  2.39529061939909e-10  2.66821641226932e-10
  2.97209745772143e-10  3.31044864686315e-10  3.68718737757611e-10
  4.10668044614988e-10  4.57379654716246e-10  5.09396507585991e-10
  5.67324201636176e-10  6.31838380041446e-10  7.03693013625585e-10
  7.83729693754351e-10  8.72888063029091e-10  9.72217528405249e-10
  1.08289042045590e-09  1.20621678425205e-09  1.34366101203887e-09
  1.49686055602681e-09  1.66764699163776e-09  1.85806973806779e-09
  2.07042278446927e-09  2.30727481763511e-09  2.57150320083945e-09
  2.86633231527302e-09  3.19537684574457e-09  3.56269067245303e-09
  3.97282212240662e-09  4.43087643831767e-09  4.94258644273427e-09
  5.51439251099446e-09  6.15353312318353e-09  6.86814744303004e-09
  7.66739157579936e-09  8.56157038968377e-09  9.56228705291314e-09
  1.06826127411426e-08  1.19372793220777e-08  1.33428982180359e-08
  1.49182091091118e-08  1.66843626565444e-08  1.86652420270879e-08
  2.08878286804634e-08  2.33826186664660e-08  2.61840965691568e-08
  2.93312752696092e-08  3.28683108547912e-08  3.68452033634977e-08
  4.13185955721580e-08  4.63526837985419e-08  5.20202566996000e-08
  5.84038803409068e-08  6.55972504481626e-08  7.37067357430171e-08
  8.28531397391448e-08  9.31737122382353e-08  1.04824446350725e-07
  1.17982701900932e-07  1.32850202023046e-07  1.49656456414765e-07
  1.68662672357518e-07  1.90166223418109e-07  2.14505755593387e-07
  2.42067022214402e-07  2.73289551719335e-07  3.08674267371931e-07
  3.48792194771101e-07  3.94294412299847e-07  4.45923421477752e-07
  5.04526139330361e-07  5.71068742881333e-07  6.46653628836847e-07
  7.32538787419116e-07  8.30159931936655e-07  9.41155772431694e-07
  1.06739687612225e-06  1.21101861792161e-06  1.37445879487407e-06
  1.56050055481532e-06  1.77232138176522e-06  2.01354897802867e-06
  2.28832500012735e-06  2.60137773293569e-06  2.95810493311764e-06
  3.36466823764388e-06  3.82810071885264e-06  4.35642937865308e-06
  4.95881460719582e-06  5.64570890354473e-06  6.42903744811656e-06
  7.32240345830594e-06  8.34132163524730e-06  9.50348343095772e-06
  1.08290583429803e-05  1.23410359769268e-05  1.40656142032509e-05
  1.60326394149457e-05  1.82761056147181e-05  2.08347199057513e-05
  2.37525428656195e-05  2.70797133169425e-05  3.08732681322362e-05
  3.51980689920131e-05  4.01278493663479e-05  4.57463966059676e-05
  5.21488856267369e-05  5.94433826654862e-05  6.77525395361777e-05
  7.72155011666252e-05  8.79900516089907e-05  1.00255026515406e-04
  1.14213022888665e-04  1.30093440368529e-04  1.48155891519221e-04
  1.68694022696478e-04  1.92039790896959e-04  2.18568246593856e-04
  2.48702877220167e-04  2.82921571026553e-04  3.21763266594877e-04
  3.65835358680520e-04  4.15821937785874e-04  4.72492946347721e-04
  5.36714342177981e-04  6.09459365769584e-04  6.91821016094869e-04
  7.85025846259954e-04  8.90449198621505e-04  1.00963200552437e-03
  1.14429929069204e-03  1.29638051209034e-03  1.46803189557628e-03
  1.66166091403655e-03  1.87995307416558e-03  2.12590117489349e-03
  2.40283721177141e-03  2.71446709440314e-03  3.06490835669217e-03
  3.45873102721631e-03  3.90100183164110e-03  4.39733188872598e-03
  4.95392805113648e-03  5.57764803305393e-03  6.27605944143002e-03
  7.05750281374882e-03  7.93115872851714e-03  8.90711902800432e-03
  9.99646214485892e-03  1.12113324867604e-02  1.25650237610487e-02
  1.40720660824839e-02  1.57483166014318e-02  1.76110533481204e-02
  1.96790718538163e-02  2.19727840464044e-02  2.45143187787856e-02
  2.73276232327863e-02  3.04385643204617e-02  3.38750290262449e-02
  3.76670225288289e-02  4.18467626997199e-02  4.64487695037766e-02
  5.15099475167911e-02  5.70696597066380e-02  6.31697903330935e-02
  6.98547946637367e-02  7.71717330086563e-02  8.51702863334657e-02
  9.39027505845745e-02  1.03424006567296e-01  1.13791462249289e-01
  1.25064963891250e-01  1.37306672734802e-01  1.50580903405582e-01
  1.64953920608403e-01  1.80493690384028e-01  1.97269582464111e-01
  2.15352020401721e-01  2.34812076286926e-01  2.55721007486298e-01
  2.78149732900806e-01  3.02168247324030e-01  3.27844972647834e-01
  3.55246046058315e-01  3.84434545850788e-01  4.15469657024294e-01
  4.48405779716986e-01  4.83291585196668e-01  5.20169025248443e-01
  5.59072302666697e-01  6.00026811641973e-01  6.43048058816105e-01
  6.88140576670273e-01  7.35296842804910e-01  7.84496219091931e-01
  8.35703926477681e-01  8.88870070852874e-01  9.43928737156820e-01
  1.00079716778913e+00  1.05937504308434e+00  1.11954388057001e+00
  1.18116657112667e+00  1.24408707022014e+00  1.30813026366210e+00
  1.37310202845447e+00  1.43878951052162e+00  1.50496164195847e+00
  1.57136992033836e+00  1.63774947114945e+00  1.70382041092107e+00
  1.76928952303280e+00  1.83385225067149e+00  1.89719500176927e+00
  1.95899775056440e+00  2.01893690909001e+00  2.07668843146436e+00
  2.13193110331909e+00  2.18434996096585e+00  2.23363977657628e+00
  2.27950854228312e+00  2.32168088189294e+00  2.35990131941088e+00
  2.39393733540199e+00  2.42358214577889e+00  2.44865714489879e+00
  2.46901396216622e+00  2.48453609171475e+00  2.49514006542543e+00
  2.50077615134202e+00  2.50142857159935e+00  2.49711524592770e+00
  2.48788707808059e+00  2.47382681293041e+00  2.45504750148427e+00
  2.43169061769567e+00  2.40392387772991e+00  2.37193881587737e+00
  2.33594817295520e+00  2.29618315437522e+00  2.25289061238332e+00
  2.20633020523353e+00  2.15677158120964e+00  2.10449163076915e+00
  2.04977184413047e+00  1.99289580559173e+00  1.93414684947337e+00
  1.87380589650515e+00  1.81214948345924e+00  1.74944799341428e+00
  1.68596408937102e+00  1.62195134944295e+00  1.55765309868681e+00
  1.49330142972097e+00  1.42911640216695e+00  1.36530540972761e+00
  1.30206270247053e+00  1.23956905186161e+00  1.17799154565495e+00
  1.11748350032675e+00  1.05818447891331e+00  1.00022040290971e+00
  9.43703747375738e-01  8.88733809238329e-01  8.35397039349924e-01
  7.83767429683439e-01  7.33906947595976e-01  6.85866009847275e-01
  6.39683989780760e-01  5.95389751087455e-01  5.53002203371330e-01
  5.12530873753726e-01  4.73976490159854e-01  4.37331572468055e-01
  4.02581026841045e-01  3.69702740551839e-01  3.38668173196663e-01
  3.09442941572771e-01  2.81987395131894e-01  2.56257179255359e-01
  2.32203783984351e-01  2.09775075896462e-01  1.88915811282541e-01
  1.69568128976779e-01  1.51672021568668e-01  1.35165783954125e-01
  1.19986438575021e-01  1.06070136800415e-01  9.33525362985309e-02
  8.17691543500124e-02  7.12556971949646e-02  6.17483657706618e-02
  5.31841381192667e-02  4.55010289868319e-02  3.86383270744433e-02
  3.25368104744744e-02  2.71389408374589e-02  2.23890367797039e-02
  1.82334270569960e-02  1.46205839644367e-02  1.15012374252111e-02
  8.82847016482837e-03  6.55779436588123e-03  4.64721014839308e-03
  3.05724623699407e-03  1.75098317335569e-03  6.94059423164171e-04
 -1.45339128966051e-04 -7.96505879880418e-04 -1.28625574069964e-03
 -1.63898224669287e-03 -1.87672869269772e-03 -2.01927231814948e-03
 -2.08422041751973e-03 -2.08711709452981e-03 -2.04155923422386e-03
 -1.95932013763836e-03 -1.85047915026309e-03 -1.72355553934873e-03
 -1.58564482414324e-03 -1.44255575859913e-03 -1.29894619849563e-03
 -1.15845616159990e-03 -1.02383650707523e-03 -8.97071814319645e-04
 -7.79496229469307e-04 -6.71901260622361e-04 -5.74634733657754e-04
 -4.87690361076520e-04 -4.10787616879639e-04 -3.43441843441161e-04
 -2.85024733042556e-04 -2.34815521147590e-04 -1.92043394696604e-04
 -1.55921753514817e-04 -1.25675063926362e-04 -1.00559110900709e-04
 -7.98754894909994e-05 -6.29811807863345e-05 -4.92940355732984e-05
 -3.82949449509485e-05 -2.95274160015157e-05 -2.25951973281843e-05
 -1.71585185379827e-05 -1.29294239992767e-05 -9.66659822196528e-06
 -7.17000102395419e-06 -5.27555780039907e-06 -3.85008505962538e-06
 -2.78657515427754e-06 -1.99991699311156e-06 -1.42309124532620e-06
 -1.00384894141579e-06 -7.01860084260394e-07 -4.86303510318467e-07
 -3.33859263155528e-07 -2.27059367752861e-07 -1.52951052538028e-07
 -1.02027178837507e-07 -6.73812669815282e-08 -4.40481819240954e-08
 -2.84960169442095e-08 -1.82391839036328e-08 -1.15474429713673e-08
 -7.22960947481050e-09 -4.47485591463973e-09 -2.73752619536191e-09
 -1.65475669174664e-09 -9.88031128836784e-10 -5.82577167467630e-10
 -3.39093900913088e-10 -1.94786671309634e-10 -1.10381848455267e-10
 -6.16871601401591e-11 -3.39871778851296e-11 -1.84545878025272e-11
 -9.87188958905428e-12 -5.20039439397866e-12 -2.69675304528117e-12
 -1.37606595100560e-12 -6.90637425751860e-13 -3.40791381494083e-13
 -1.65258847877257e-13 -7.87197288267678e-14 -3.68167339355304e-14
 -1.68983635395526e-14 -7.60801466298081e-15 -3.35822430430367e-15
 -1.45257594077002e-15 -6.15362031312323e-16 -2.55184402132831e-16
 -1.03532104546870e-16 -4.10703985461512e-17 -1.59224131325326e-17
 -6.03189153793309e-18 -2.23051536832260e-18 -8.04646474695621e-19
 -2.83011692280695e-19 -9.70059709351309e-20 -3.23993884936264e-20
 -1.05555831519006e-20 -3.34841737286247e-21 -1.03174819809488e-21
 -3.08578083938679e-22 -8.95129810966938e-23 -2.51652129148289e-23
 -6.85116455695360e-24 -1.80477981714119e-24
 (i6, f12.0, f18.0, f8.3, i6)
   665  60.0000000  0.02500000000000  26.000     2
 (3e22.14)
  2.89367842424056e-06  3.03926416337058e-06  3.19217416623429e-06
  3.35277687843171e-06  3.52145927781226e-06  3.69862780643920e-06
  3.88470934940761e-06  4.08015226287050e-06  4.28542745374540e-06
  4.50102951369861e-06  4.72747791013526e-06  4.96531823705595e-06
  5.21512352879400e-06  5.47749563978326e-06  5.75306669368785e-06
  6.04250060535644e-06  6.34649467929327e-06  6.66578128843714e-06
  7.00112963736364e-06  7.35334761403223e-06  7.72328373467536e-06
  8.11182918635130e-06  8.51991997219943e-06  8.94853916446098e-06
  9.39871927073474e-06  9.87154471911107e-06  1.03681544682083e-05
  1.08897447482964e-05  1.14375719402125e-05  1.20129555988362e-05
  1.26172816285320e-05  1.32520056180625e-05  1.39186563430701e-05
  1.46188394444517e-05  1.53542412915747e-05  1.61266330394190e-05
  1.69378748896538e-05  1.77899205655411e-05  1.86848220117413e-05
  1.96247343300144e-05  2.06119209628517e-05  2.16487591373546e-05
  2.27377455825016e-05  2.38815025334042e-05  2.50827840371201e-05
  2.63444825748749e-05  2.76696360169507e-05  2.90614349264248e-05
  3.05232302297680e-05  3.20585412722440e-05  3.36710642777175e-05
  3.53646812329430e-05  3.71434692177542e-05  3.90117102033063e-05
  4.09739013421253e-05  4.30347657741387e-05  4.51992639752034e-05
  4.74726056744621e-05  4.98602623698968e-05  5.23679804712738e-05
  5.50017951024378e-05  5.77680445956262e-05  6.06733857126977e-05
  6.37248096293316e-05  6.69296587208900e-05  7.02956441892733e-05
  7.38308645739708e-05  7.75438251901159e-05  8.14434585413960e-05
  8.55391457552845e-05  8.98407390926256e-05  9.43585855847128e-05
  9.91035518546404e-05  1.04087050181565e-04  1.09321065870838e-04
  1.14818185993930e-04  1.20591629568457e-04  1.26655279247846e-04
  1.33023714598502e-04  1.39712247041574e-04  1.46736956543928e-04
  1.54114730144667e-04  1.61863302409469e-04  1.70001297907979e-04
  1.78548275816584e-04  1.87524776750446e-04  1.96952371938452e-04
  2.06853714855247e-04  2.17252595434913e-04  2.28173996993243e-04
  2.39644155994982e-04  2.51690624805550e-04  2.64342337579085e-04
  2.77629679434051e-04  2.91584559085794e-04  3.06240485101964e-04
  3.21632645965866e-04  3.37797994133494e-04  3.54775334284727e-04
  3.72605415975406e-04  3.91331030910729e-04  4.10997115066209e-04
  4.31650855901362e-04  4.53341804911870e-04  4.76121995793397e-04
  5.00046068486144e-04  5.25171399399136e-04  5.51558238114679e-04
  5.79269850897096e-04  6.08372671339762e-04  6.38936458506692e-04
  6.71034462933883e-04  7.04743600886665e-04  7.40144637269175e-04
  7.77322377627473e-04  8.16365869679648e-04  8.57368614855726e-04
  9.00428790331228e-04  9.45649482076992e-04  9.93138929463104e-04
  1.04301078199093e-03  1.09538436874065e-03  1.15038498117267e-03
  1.20814416991889e-03  1.26880005627514e-03  1.33249765908982e-03
  1.39938923782547e-03  1.46963465256937e-03  1.54340174183250e-03
  1.62086671899932e-03  1.70221458834920e-03  1.78763958159005e-03
  1.87734561592658e-03  1.97154677468631e-03  2.07046781162882e-03
  2.17434468006853e-03  2.28342508803396e-03  2.39796908071291e-03
  2.51824965152939e-03  2.64455338320585e-03  2.77718112031309e-03
  2.91644867477004e-03  3.06268756594811e-03  3.21624579699905e-03
  3.37748866918931e-03  3.54679963604988e-03  3.72458119927372e-03
  3.91125584834627e-03  4.10726704604051e-03  4.31308026192589e-03
  4.52918405626089e-03  4.75609121658813e-03  4.99433994964252e-03
  5.24449513112801e-03  5.50714961617579e-03  5.78292561333216e-03
  6.07247612511825e-03  6.37648645828027e-03  6.69567580708253e-03
  7.03079891300682e-03  7.38264780458290e-03  7.75205362096518e-03
  8.13988852335110e-03  8.54706769821815e-03  8.97455145677512e-03
  9.42334743505667e-03  9.89451289939668e-03  1.03891571621177e-02
  1.09084441126440e-02  1.14535948692307e-02  1.20258905570914e-02
  1.26266752184724e-02  1.32573588610183e-02  1.39194206505178e-02
  1.46144122548003e-02  1.53439613455595e-02  1.61097752653595e-02
  1.69136448671966e-02  1.77574485345728e-02  1.86431563899482e-02
  1.95728347003893e-02  2.05486504887612e-02  2.15728763601034e-02
  2.26478955523184e-02  2.37762072213857e-02  2.49604319712405e-02
  2.62033176391853e-02  2.75077453478046e-02  2.88767358352596e-02
  3.03134560755862e-02  3.18212262019991e-02  3.34035267456655e-02
  3.50640062038286e-02  3.68064889509224e-02  3.86349835074442e-02
  4.05536911811516e-02  4.25670150967891e-02  4.46795696294404e-02
  4.68961902593310e-02  4.92219438640719e-02  5.16621394671211e-02
  5.42223394601292e-02  5.69083713185359e-02  5.97263398296541e-02
  6.26826398538022e-02  6.57839696385982e-02  6.90373447087769e-02
  7.24501123520733e-02  7.60299667255648e-02  7.97849646037701e-02
  8.37235417939200e-02  8.78545302416081e-02  9.21871758524958e-02
  9.67311570550203e-02  1.01496604130883e-01  1.06494119338726e-01
  1.11734797859824e-01  1.17230249590726e-01  1.22992621814001e-01
  1.29034622772007e-01  1.35369546175195e-01  1.42011296671772e-01
  1.48974416309078e-01  1.56274112014898e-01  1.63926284129281e-01
  1.71947556013987e-01  1.80355304771835e-01  1.89167693100132e-01
  1.98403702312434e-01  2.08083166550455e-01  2.18226808218628e-01
  2.28856274663972e-01  2.39994176129008e-01  2.51664125000131e-01
  2.63890776376578e-01  2.76699869977370e-01  2.90118273411215e-01
  3.04174026818060e-01  3.18896388907376e-01  3.34315884393899e-01
  3.50464352848953e-01  3.67374998965626e-01  3.85082444243198e-01
  4.03622780084336e-01  4.23033622301336e-01  4.43354167011197e-01
  4.64625247910818e-01  4.86889394891407e-01  5.10190893978561e-01
  5.34575848537479e-01  5.60092241711780e-01  5.86790000025566e-01
  6.14721058088503e-01  6.43939424319262e-01  6.74501247604865e-01
  7.06464884780482e-01  7.39890968832386e-01  7.74842477665099e-01
  8.11384803320890e-01  8.49585821451205e-01  8.89515960889765e-01
  9.31248273103577e-01  9.74858501314018e-01  1.02042514903315e+00
  1.06802954776221e+00  1.11775592353699e+00  1.16969146203613e+00
  1.22392637185454e+00  1.28055394562860e+00  1.33967061853825e+00
  1.40137602380135e+00  1.46577304464300e+00  1.53296786225160e+00
  1.60306999915007e+00  1.67619235741584e+00  1.75245125107355e+00
  1.83196643204523e+00  1.91486110884202e+00  2.00126195734027e+00
  2.09129912270060e+00  2.18510621166133e+00  2.28282027420811e+00
  2.38458177368761e+00  2.49053454429702e+00  2.60082573490750e+00
  2.71560573800229e+00  2.83502810264003e+00  2.95924943002083e+00
  3.08842925054180e+00  3.22272988075526e+00  3.36231625898262e+00
  3.50735575796831e+00  3.65801797312354e+00  3.81447448469794e+00
  3.97689859234898e+00  4.14546502028156e+00  4.32034959145859e+00
  4.50172886885416e+00  4.68977976232003e+00  4.88467909892972e+00
  5.08660315531498e+00  5.29572714994437e+00  5.51222469383627e+00
  5.73626719758492e+00  5.96802323351336e+00  6.20765785068718e+00
  6.45533184182196e+00  6.71120096012821e+00  6.97541508509144e+00
  7.24811733565890e+00  7.52944313023995e+00  7.81951919198663e+00
  8.11846249972790e+00  8.42637918302105e+00  8.74336336246554e+00
  9.06949593457662e+00  9.40484330257209e+00  9.74945605371535e+00
  1.01033675851299e+01  1.04665926796561e+01  1.08391260350777e+01
  1.12209407489616e+01  1.16119867642855e+01  1.20121892789388e+01
  1.24214471260114e+01  1.28396311297228e+01  1.32665824451668e+01
  1.37021108887771e+01  1.41459932699761e+01  1.45979717318866e+01
  1.50577521150578e+01  1.55250023530983e+01  1.59993509168828e+01
  1.64803853191164e+01  1.69676506970813e+01  1.74606484891320e+01
  1.79588352243531e+01  1.84616214434860e+01  1.89683707734846e+01
  1.94783991752341e+01  1.99909743904984e+01  2.05053156076006e+01
  2.10205933762013e+01  2.15359297910548e+01  2.20503989761065e+01
  2.25630278918076e+01  2.30727974961587e+01  2.35786442824077e+01
  2.40794622263559e+01  2.45741051614251e+01  2.50613896167514e+01
  2.55400981329339e+01  2.60089830861413e+01  2.64667710351922e+01
  2.69121676146939e+01  2.73438629830349e+01  2.77605378454737e+01
  2.81608700475099e+01  2.85435417549554e+01  2.89072472040273e+01
  2.92507010237086e+01  2.95726471066113e+01  2.98718680121632e+01
  3.01471948635809e+01  3.03975177102251e+01  3.06217962930431e+01
  3.08190711712560e+01  3.09884751274881e+01  3.11292447853111e+01
  3.12407323419739e+01  3.13224173239455e+01  3.13739182470562e+01
  3.13950040712172e+01  3.13856053042908e+01  3.13458246321132e+01
  3.12759469039176e+01  3.11764483346377e+01  3.10480047423178e+01
  3.08914986606738e+01  3.07080251424109e+01  3.04988960859974e+01
  3.02656428933382e+01  3.00100173027952e+01  2.97339902044114e+01
  2.94397482971579e+01  2.91296884187024e+01  2.88064094240647e+01
  2.84727014834524e+01  2.81315327130829e+01  2.77860330507133e+01
  2.74394753517766e+01  2.70952536704867e+01  2.67568587721649e+01
  2.64278509194279e+01  2.61118300491511e+01  2.58124034763958e+01
  2.55331513295264e+01  2.52775899403657e+01  2.50491334984938e+01
  2.48510542805125e+01  2.46864418590688e+01  2.45581617065456e+01
  2.44688136668078e+01  2.44206908115448e+01  2.44157392194611e+01
  2.44555192587243e+01  2.45411689725001e+01  2.46733701793058e+01
  2.48523179166465e+01  2.50776938488261e+01  2.53486442518944e+01
  2.56637631691470e+01  2.60210812987412e+01  2.64180611266687e+01
  2.68515987802298e+01  2.73180329844540e+01  2.78131614620334e+01
  2.83322649945762e+01  2.88701392937359e+01  2.94211347061521e+01
  2.99792036694012e+01  3.05379557111637e+01  3.10907196605176e+01
  3.16306126044169e+01  3.21506150001331e+01  3.26436512108517e+01
  3.31026746230850e+01  3.35207563615636e+01  3.38911765212294e+01
  3.42075167248762e+01  3.44637527209306e+01  3.46543456697395e+01
  3.47743307027164e+01  3.48194012946195e+01  3.47859879895392e+01
  3.46713300019016e+01  3.44735382685757e+01  3.41916485660498e+01
  3.38256634013923e+01  3.33765814873708e+01  3.28464137614621e+01
  3.22381850577425e+01  3.15559207581040e+01  3.08046179334205e+01
  2.99902007701704e+01  2.91194602982828e+01  2.81999787560059e+01
  2.72400391940113e+01  2.62485212548613e+01  2.52347843392722e+01
  2.42085397197086e+01  2.31797134121568e+01  2.21583019321863e+01
  2.11542232884958e+01  2.01771657845929e+01  1.92364373746400e+01
  1.83408184184804e+01  1.74984207416101e+01  1.67165558789638e+01
  1.60016152918534e+01  1.53589651750214e+01  1.47928582321201e+01
  1.43063644697929e+01  1.39013227080581e+01  1.35783140410418e+01
  1.33366580482473e+01  1.31744320352513e+01  1.30885130910907e+01
  1.30746422403482e+01  1.31275094763693e+01  1.32408579925709e+01
  1.34076054896249e+01  1.36199800373150e+01  1.38696676209465e+01
  1.41479682105030e+01  1.44459569735517e+01  1.47546471127423e+01
  1.50651507641079e+01  1.53688344414429e+01  1.56574656645129e+01
  1.59233476591588e+01  1.61594393607195e+01  1.63594583783227e+01
  1.65179650705591e+01  1.66304264252779e+01  1.66932590081216e+01
  1.67038508217099e+01  1.66605624851101e+01  1.65627086697337e+01
  1.64105212113420e+01  1.62050957252575e+01  1.59483238889347e+01
  1.56428138020524e+01  1.52918009935020e+01  1.48990527174293e+01
  1.44687681660546e+01  1.40054771375864e+01  1.35139395429495e+01
  1.29990479200494e+01  1.24657348714327e+01  1.19188870539744e+01
  1.13632670440171e+01  1.08034440917994e+01  1.02437344688535e+01
  9.68815181865809e+00  9.14036764350244e+00  8.60368181046856e+00
  8.08100273906388e+00  7.57483674231195e+00  7.08728584053430e+00
  6.62005323969479e+00  6.17445558305276e+00  5.75144102025346e+00
  5.35161211256419e+00  4.97525258775211e+00  4.62235697900458e+00
  4.29266222328314e+00  3.98568035243249e+00  3.70073148288612e+00
  3.43697639304919e+00  3.19344806870265e+00  2.96908169274565e+00
  2.76274265372179e+00  2.57325224481004e+00  2.39941081932938e+00
  2.24001825755246e+00  2.09389168141445e+00  1.95988042708684e+00
  1.83687834848320e+00  1.72383357763444e+00  1.61975591113211e+00
  1.52372202198667e+00  1.43487871969606e+00  1.35244449201808e+00
  1.27570956687652e+00  1.20403472900313e+00  1.13684911667726e+00
  1.07364720995882e+00  1.01398520411837e+00  9.57476942135218e-01
  9.03789558982459e-01  8.52638968695492e-01  8.03785304334378e-01
  7.57028400467254e-01  7.12203389601352e-01  6.69176466816840e-01
  6.27840862472027e-01  5.88113050162380e-01  5.49929206733273e-01
  5.13241932961167e-01  4.78017236945570e-01  4.44231777822489e-01
  4.11870363962977e-01  3.80923698127191e-01  3.51386360803077e-01
  3.23255022853624e-01  2.96526878626629e-01  2.71198291195400e-01
  2.47263641802824e-01  2.24714376043268e-01  2.03538239413921e-01
  1.83718694879165e-01  1.65234514577879e-01  1.48059537206703e-01
  1.32162581419904e-01  1.17507504570221e-01  1.04053394462079e-01
  9.17548805416657e-02  8.05625493526510e-02  7.04234478982608e-02
  6.12816574353802e-02  5.30789195326105e-02  4.57552958600647e-02
  3.92498433106395e-02  3.35012866121677e-02  2.84486716562175e-02
  2.40319842538273e-02  2.01927209361023e-02  1.68744006312632e-02
  1.40230085246204e-02  1.15873660102484e-02  9.51942329720609e-03
  7.77447381234632e-03  6.31129196704318e-03  5.09219802404047e-03
  4.08305565731635e-03  3.25320927853680e-03  2.57536928943534e-03
  2.02545409245207e-03  1.58239797110239e-03  1.22793386266853e-03
  9.46359635821042e-04  7.24295810571895e-04  5.50441780477383e-04
  4.15336581917846e-04  3.11129167502338e-04  2.31362037466582e-04
  1.70771016394264e-04  1.25102972934742e-04  9.09523989044685e-05
  6.56170105630796e-05  4.69719192821159e-05  3.33614421588097e-05
  2.35072787740751e-05  1.64315570545830e-05  1.13931324536135e-05
  7.83549362539237e-06  5.34466560281199e-06  3.61559026811334e-06
  2.42558837570420e-06  1.61365201715156e-06  1.06447088615572e-06
  6.96249864796533e-07  4.51522766128868e-07  2.90303207169735e-07
  1.85034999895585e-07  1.16910845364452e-07  7.32182063185648e-08
  4.54470510452467e-08  2.79554442678832e-08  1.70390374249080e-08
  1.02890478759911e-08  6.15433287359338e-09  3.64562499896092e-09
  2.13821368423852e-09  1.24135262111597e-09  7.13168240083510e-10
  4.05298140141161e-10  2.27779852409557e-10  1.26537386478474e-10
  6.94565728619392e-11  3.76552464869012e-11  2.01538792241151e-11
  1.06439840843110e-11  5.54429348136630e-12  2.84683562106909e-12
  1.44020788698474e-12  7.17468378482903e-13  3.51770808289056e-13
  1.69651414892253e-13  8.04369598592098e-14  3.74725553820892e-14
  1.71428183590004e-14  7.69689429147414e-15  3.38972540346637e-15
  1.46345259497205e-15  6.19018141934619e-16  2.56380038796770e-16
  1.03911941367901e-16  4.11876191793480e-17  1.59575288134977e-17
  6.04209531419868e-18  2.23338911199473e-18  8.05430298324539e-19
  2.83218572576001e-19  9.70587654302447e-20  3.24124038483130e-20
  1.05586801500372e-20  3.34912801921420e-21  1.03190530452906e-21
  3.08611515167852e-22  8.95198219196168e-23  2.51665576322834e-23
  6.85141823248316e-24  1.80482569444836e-24
  2.48760274371638e-24  2.83795082731492e-24  3.23762551586212e-24
  3.69356899327131e-24  4.21370005681725e-24  4.80705143021637e-24
  5.48392637082537e-24  6.25607727988530e-24  7.13690940474024e-24
  8.14171315508543e-24  9.28792904947568e-24  1.05954498710573e-23
  1.20869652537590e-23  1.37883546518236e-23  1.57291354799616e-23
  1.79429741624089e-23  2.04682689133388e-23  2.33488143069412e-23
  2.66345591041173e-23  3.03824704085792e-23  3.46575190552139e-23
  3.95338032198393e-23  4.50958296169794e-23  5.14399743622579e-23
  5.86761486643663e-23  6.69296980315003e-23  7.63435676880908e-23
  8.70807714693506e-23  9.93272066697068e-23  1.13294863257697e-22
  1.29225482633418e-22  1.47394728811918e-22  1.68116943697436e-22
  1.91750568118661e-22  2.18704321694932e-22  2.49444247589512e-22
  2.84501743003058e-22  3.24482713113201e-22  3.70078005368415e-22
  4.22075302913776e-22  4.81372680839272e-22  5.48994057316167e-22
  6.26106804005492e-22  7.14041816928895e-22  8.14316390912104e-22
  9.28660288444260e-22  1.05904544815982e-21  1.20771984004375e-21
  1.37724604494342e-21  1.57054521621423e-21  1.79094717268840e-21
  2.04224747616282e-21  2.32877246501157e-21  2.65545335030006e-21
  3.02791063420485e-21  3.45255028514912e-21  3.93667330280474e-21
  4.48860053227910e-21  5.11781484418039e-21  5.83512309012789e-21
  6.65284057650090e-21  7.58500117837949e-21  8.64759664693273e-21
  9.85884915424169e-21  1.12395216776594e-20  1.28132714607112e-20
  1.46070525095796e-20  1.66515739053913e-20  1.89818216463067e-20
  2.16376527952334e-20  2.46644719161675e-20  2.81140011547267e-20
  3.20451568785493e-20  3.65250475668008e-20  4.16301096536388e-20
  4.74474003213111e-20  5.40760688416973e-20  6.16290310230510e-20
  7.02348746791563e-20  8.00400278560602e-20  9.12112258879801e-20
  1.03938318279747e-19  1.18437462006905e-19  1.34954754176900e-19
  1.53770364206939e-19  1.75203233862986e-19  1.99616422798779e-19
  2.27423187784805e-19  2.59093895790324e-19  2.95163884668948e-19
  3.36242400614592e-19  3.83022759044269e-19  4.36293895402739e-19
  4.96953494885502e-19  5.66022915592349e-19  6.44664148557303e-19
  7.34199090901136e-19  8.36131445535003e-19  9.52171602985186e-19
  1.08426490866456e-18  1.23462377302540e-18  1.40576414332832e-18
  1.60054692519503e-18  1.82222502074779e-18  2.07449673918055e-18
  2.36156643641388e-18  2.68821335459835e-18  3.05986976137841e-18
  3.48270963496879e-18  3.96374930643763e-18  4.51096165761587e-18
  5.13340568458404e-18  5.84137347585890e-18  6.64655692483242e-18
  7.56223680164966e-18  8.60349715515982e-18  9.78746840586232e-18
  1.11336029316954e-17  1.26639874464929e-17  1.44036970333054e-17
  1.63811963296326e-17  1.86287940782800e-17  2.11831580662428e-17
  2.40858983865537e-17  2.73842279872247e-17  3.11317106324137e-17
  3.53891077096180e-17  4.02253367923907e-17  4.57185565308399e-17
  5.19573943160095e-17  5.90423352749434e-17  6.70872935306741e-17
  7.62213893378882e-17  8.65909587188390e-17  9.83618256147830e-17
  1.11721870384901e-16  1.26883932776503e-16  1.44089092318469e-16
  1.63610374517366e-16  1.85756937337767e-16  2.10878799303991e-16
  2.39372178266278e-16  2.71685518525134e-16  3.08326293727614e-16
  3.49868683856554e-16  3.96962236879711e-16  4.50341639365399e-16
  5.10837735784195e-16  5.79389953506020e-16  6.57060309879380e-16
  7.45049199518351e-16  8.44713184258178e-16  9.57585035540053e-16
  1.08539630952987e-15  1.23010276950774e-15  1.39391300837255e-15
  1.57932066699435e-15  1.78914069212272e-15  2.02655013126482e-15
  2.29513402195088e-15  2.59893699999437e-15  2.94252132634929e-15
  3.33103211610192e-15  3.77027064682431e-15  4.26677672825066e-15
  4.82792123213578e-15  5.46201001181064e-15  6.17840058658346e-15
  6.98763312899671e-15  7.90157747431480e-15  8.93359807427658e-15
  1.00987390429745e-14  1.14139316946266e-14  1.28982272539313e-14
  1.45730577325780e-14  1.64625283148017e-14  1.85937449829373e-14
  2.09971815480601e-14  2.37070907321278e-14  2.67619644863095e-14
  3.02050493277915e-14  3.40849231437991e-14  3.84561406525680e-14
  4.33799555368051e-14  4.89251281824333e-14  5.51688289781436e-14
  6.21976482668194e-14  7.01087253052998e-14  7.90110099931359e-14
  8.90266726980537e-14  1.00292679239828e-13  1.12962550032953e-13
  1.27208324532987e-13  1.43222754523859e-13  1.61221752437297e-13
  1.81447123848992e-13  2.04169616573521e-13  2.29692322431611e-13
  2.58354471805147e-13  2.90535665609814e-13  3.26660594303758e-13
  3.67204299121080e-13  4.12698036885778e-13  4.63735816630514e-13
  5.20981683858645e-13  5.85177836777340e-13  6.57153668211826e-13
  7.37835837406153e-13  8.28259487497953e-13  9.29580737395601e-13
  1.04309059111861e-12  1.17023042360922e-12  1.31260921975339e-12
  1.47202276301431e-12  1.65047499204056e-12  1.85020176782692e-12
  2.07369732122705e-12  2.32374368051442e-12  2.60344341229656e-12
  2.91625604618659e-12  3.26603859507320e-12  3.65709062881183e-12
  4.09420441046985e-12  4.58272066113045e-12  5.12859058285468e-12
  5.73844483990558e-12  6.41967027713480e-12  7.18049524179118e-12
  8.03008447310895e-12  8.97864463195203e-12  1.00375416651301e-11
  1.12194313329733e-11  1.25384043804586e-11  1.40101479997313e-11
  1.56521254197692e-11  1.74837756682951e-11  1.95267357850366e-11
  2.18050880265412e-11  2.43456348951343e-11  2.71782051499465e-11
  3.03359943251187e-11  3.38559436849620e-11  3.77791620077413e-11
  4.21513950962921e-11  4.70235484911479e-11  5.24522695015819e-11
  5.85005953912450e-11  6.52386753626406e-11  7.27445748911971e-11
  8.11051719776850e-11  9.04171560307376e-11  1.00788141376654e-10
  1.12337908837506e-10  1.25199790446029e-10  1.39522214191199e-10
  1.55470427755323e-10  1.73228422516272e-10  1.93001081714366e-10
  2.15016579628448e-10  2.39529061939909e-10  2.66821641226932e-10
  2.97209745772143e-10  3.31044864686315e-10  3.68718737757611e-10
  4.10668044614988e-10  4.57379654716246e-10  5.09396507585991e-10
  5.67324201636176e-10  6.31838380041446e-10  7.03693013625585e-10
  7.83729693754351e-10  8.72888063029091e-10  9.72217528405249e-10
  1.08289042045590e-09  1.20621678425205e-09  1.34366101203887e-09
  1.49686055602681e-09  1.66764699163776e-09  1.85806973806779e-09
  2.07042278446927e-09  2.30727481763511e-09  2.57150320083945e-09
  2.86633231527302e-09  3.19537684574457e-09  3.56269067245303e-09
  3.97282212240662e-09  4.43087643831767e-09  4.94258644273427e-09
  5.51439251099446e-09  6.15353312318353e-09  6.86814744303004e-09
  7.66739157579936e-09  8.56157038968377e-09  9.56228705291314e-09
  1.06826127411426e-08  1.19372793220777e-08  1.33428982180359e-08
  1.49182091091118e-08  1.66843626565444e-08  1.86652420270879e-08
  2.08878286804634e-08  2.33826186664660e-08  2.61840965691568e-08
  2.93312752696092e-08  3.28683108547912e-08  3.68452033634977e-08
  4.13185955721580e-08  4.63526837985419e-08  5.20202566996000e-08
  5.84038803409068e-08  6.55972504481626e-08  7.37067357430171e-08
  8.28531397391448e-08  9.31737122382353e-08  1.04824446350725e-07
  1.17982701900932e-07  1.32850202023046e-07  1.49656456414765e-07
  1.68662672357518e-07  1.90166223418109e-07  2.14505755593387e-07
  2.42067022214402e-07  2.73289551719335e-07  3.08674267371931e-07
  3.48792194771101e-07  3.94294412299847e-07  4.45923421477752e-07
  5.04526139330361e-07  5.71068742881333e-07  6.46653628836847e-07
  7.32538787419116e-07  8.30159931936655e-07  9.41155772431694e-07
  1.06739687612225e-06  1.21101861792161e-06  1.37445879487407e-06
  1.56050055481532e-06  1.77232138176522e-06  2.01354897802867e-06
  2.28832500012735e-06  2.60137773293569e-06  2.95810493311764e-06
  3.36466823764388e-06  3.82810071885264e-06  4.35642937865308e-06
  4.95881460719582e-06  5.64570890354473e-06  6.42903744811656e-06
  7.32240345830594e-06  8.34132163524730e-06  9.50348343095772e-06
  1.08290583429803e-05  1.23410359769268e-05  1.40656142032509e-05
  1.60326394149457e-05  1.82761056147181e-05  2.08347199057513e-05
  2.37525428656195e-05  2.70797133169425e-05  3.08732681322362e-05
  3.51980689920131e-05  4.01278493663479e-05  4.57463966059676e-05
  5.21488856267369e-05  5.94433826654862e-05  6.77525395361777e-05
  7.72155011666252e-05  8.79900516089907e-05  1.00255026515406e-04
  1.14213022888665e-04  1.30093440368529e-04  1.48155891519221e-04
  1.68694022696478e-04  1.92039790896959e-04  2.18568246593856e-04
  2.48702877220167e-04  2.82921571026553e-04  3.21763266594877e-04
  3.65835358680520e-04  4.15821937785874e-04  4.72492946347721e-04
  5.36714342177981e-04  6.09459365769584e-04  6.91821016094869e-04
  7.85025846259954e-04  8.90449198621505e-04  1.00963200552437e-03
  1.14429929069204e-03  1.29638051209034e-03  1.46803189557628e-03
  1.66166091403655e-03  1.87995307416558e-03  2.12590117489349e-03
  2.40283721177141e-03  2.71446709440314e-03  3.06490835669217e-03
  3.45873102721631e-03  3.90100183164110e-03  4.39733188872598e-03
  4.95392805113648e-03  5.57764803305393e-03  6.27605944143002e-03
  7.05750281374882e-03  7.93115872851714e-03  8.90711902800432e-03
  9.99646214485892e-03  1.12113324867604e-02  1.25650237610487e-02
  1.40720660824839e-02  1.57483166014318e-02  1.76110533481204e-02
  1.96790718538163e-02  2.19727840464044e-02  2.45143187787856e-02
  2.73276232327863e-02  3.04385643204617e-02  3.38750290262449e-02
  3.76670225288289e-02  4.18467626997199e-02  4.64487695037766e-02
  5.15099475167911e-02  5.70696597066380e-02  6.31697903330935e-02
  6.98547946637367e-02  7.71717330086563e-02  8.51702863334657e-02
  9.39027505845745e-02  1.03424006567296e-01  1.13791462249289e-01
  1.25064963891250e-01  1.37306672734802e-01  1.50580903405582e-01
  1.64953920608403e-01  1.80493690384028e-01  1.97269582464111e-01
  2.15352020401721e-01  2.34812076286926e-01  2.55721007486298e-01
  2.78149732900806e-01  3.02168247324030e-01  3.27844972647834e-01
  3.55246046058315e-01  3.84434545850788e-01  4.15469657024294e-01
  4.48405779716986e-01  4.83291585196668e-01  5.20169025248443e-01
  5.59072302666697e-01  6.00026811641973e-01  6.43048058816105e-01
  6.88140576670273e-01  7.35296842804910e-01  7.84496219091931e-01
  8.35703926477681e-01  8.88870070852874e-01  9.43928737156820e-01
  1.00079716778913e+00  1.05937504308434e+00  1.11954388057001e+00
  1.18116657112667e+00  1.24408707022014e+00  1.30813026366210e+00
  1.37310202845447e+00  1.43878951052162e+00  1.50496164195847e+00
  1.57136992033836e+00  1.63774947114945e+00  1.70382041092107e+00
  1.76928952303280e+00  1.83385225067149e+00  1.89719500176927e+00
  1.95899775056440e+00  2.01893690909001e+00  2.07668843146436e+00
  2.13193110331909e+00  2.18434996096585e+00  2.23363977657628e+00
  2.27950854228312e+00  2.32168088189294e+00  2.35990131941088e+00
  2.39393733540199e+00  2.42358214577889e+00  2.44865714489879e+00
  2.46901396216622e+00  2.48453609171475e+00  2.49514006542543e+00
  2.50077615134202e+00  2.50142857159935e+00  2.49711524592770e+00
  2.48788707808059e+00  2.47382681293041e+00  2.45504750148427e+00
  2.43169061769567e+00  2.40392387772991e+00  2.37193881587737e+00
  2.33594817295520e+00  2.29618315437522e+00  2.25289061238332e+00
  2.20633020523353e+00  2.15677158120964e+00  2.10449163076915e+00
  2.04977184413047e+00  1.99289580559173e+00  1.93414684947337e+00
  1.87380589650515e+00  1.81214948345924e+00  1.74944799341428e+00
  1.68596408937102e+00  1.62195134944295e+00  1.55765309868681e+00
  1.49330142972097e+00  1.42911640216695e+00  1.36530540972761e+00
  1.30206270247053e+00  1.23956905186161e+00  1.17799154565495e+00
  1.11748350032675e+00  1.05818447891331e+00  1.00022040290971e+00
  9.43703747375738e-01  8.88733809238329e-01  8.35397039349924e-01
  7.83767429683439e-01  7.33906947595976e-01  6.85866009847275e-01
  6.39683989780760e-01  5.95389751087455e-01  5.53002203371330e-01
  5.12530873753726e-01  4.73976490159854e-01  4.37331572468055e-01
  4.02581026841045e-01  3.69702740551839e-01  3.38668173196663e-01
  3.09442941572771e-01  2.81987395131894e-01  2.56257179255359e-01
  2.32203783984351e-01  2.09775075896462e-01  1.88915811282541e-01
  1.69568128976779e-01  1.51672021568668e-01  1.35165783954125e-01
  1.19986438575021e-01  1.06070136800415e-01  9.33525362985309e-02
  8.17691543500124e-02  7.12556971949646e-02  6.17483657706618e-02
  5.31841381192667e-02  4.55010289868319e-02  3.86383270744433e-02
  3.25368104744744e-02  2.71389408374589e-02  2.23890367797039e-02
  1.82334270569960e-02  1.46205839644367e-02  1.15012374252111e-02
  8.82847016482837e-03  6.55779436588123e-03  4.64721014839308e-03
  3.05724623699407e-03  1.75098317335569e-03  6.94059423164171e-04
 -1.45339128966051e-04 -7.96505879880418e-04 -1.28625574069964e-03
 -1.63898224669287e-03 -1.87672869269772e-03 -2.01927231814948e-03
 -2.08422041751973e-03 -2.08711709452981e-03 -2.04155923422386e-03
 -1.95932013763836e-03 -1.85047915026309e-03 -1.72355553934873e-03
 -1.58564482414324e-03 -1.44255575859913e-03 -1.29894619849563e-03
 -1.15845616159990e-03 -1.02383650707523e-03 -8.97071814319645e-04
 -7.79496229469307e-04 -6.71901260622361e-04 -5.74634733657754e-04
 -4.87690361076520e-04 -4.10787616879639e-04 -3.43441843441161e-04
 -2.85024733042556e-04 -2.34815521147590e-04 -1.92043394696604e-04
 -1.55921753514817e-04 -1.25675063926362e-04 -1.00559110900709e-04
 -7.98754894909994e-05 -6.29811807863345e-05 -4.92940355732984e-05
 -3.82949449509485e-05 -2.95274160015157e-05 -2.25951973281843e-05
 -1.71585185379827e-05 -1.29294239992767e-05 -9.66659822196528e-06
 -7.17000102395419e-06 -5.27555780039907e-06 -3.85008505962538e-06
 -2.78657515427754e-06 -1.99991699311156e-06 -1.42309124532620e-06
 -1.00384894141579e-06 -7.01860084260394e-07 -4.86303510318467e-07
 -3.33859263155528e-07 -2.27059367752861e-07 -1.52951052538028e-07
 -1.02027178837507e-07 -6.73812669815282e-08 -4.40481819240954e-08
 -2.84960169442095e-08 -1.82391839036328e-08 -1.15474429713673e-08
 -7.22960947481050e-09 -4.47485591463973e-09 -2.73752619536191e-09
 -1.65475669174664e-09 -9.88031128836784e-10 -5.82577167467630e-10
 -3.39093900913088e-10 -1.94786671309634e-10 -1.10381848455267e-10
 -6.16871601401591e-11 -3.39871778851296e-11 -1.84545878025272e-11
 -9.87188958905428e-12 -5.20039439397866e-12 -2.69675304528117e-12
 -1.37606595100560e-12 -6.90637425751860e-13 -3.40791381494083e-13
 -1.65258847877257e-13 -7.87197288267678e-14 -3.68167339355304e-14
 -1.68983635395526e-14 -7.60801466298081e-15 -3.35822430430367e-15
 -1.45257594077002e-15 -6.15362031312323e-16 -2.55184402132831e-16
 -1.03532104546870e-16 -4.10703985461512e-17 -1.59224131325326e-17
 -6.03189153793309e-18 -2.23051536832260e-18 -8.04646474695621e-19
 -2.83011692280695e-19 -9.70059709351309e-20 -3.23993884936264e-20
 -1.05555831519006e-20 -3.34841737286247e-21 -1.03174819809488e-21
 -3.08578083938679e-22 -8.95129810966938e-23 -2.51652129148289e-23
 -6.85116455695360e-24 -1.80477981714119e-24
 (i6, f12.0, f18.0, f8.3, i6)
   665  60.0000000  0.02500000000000  26.000     2
 (3e22.14)
  2.89367842424056e-06  3.03926416337058e-06  3.19217416623429e-06
  3.35277687843171e-06  3.52145927781226e-06  3.69862780643920e-06
  3.88470934940761e-06  4.08015226287050e-06  4.28542745374540e-06
  4.50102951369861e-06  4.72747791013526e-06  4.96531823705595e-06
  5.21512352879400e-06  5.47749563978326e-06  5.75306669368785e-06
  6.04250060535644e-06  6.34649467929327e-06  6.66578128843714e-06
  7.00112963736364e-06  7.35334761403223e-06  7.72328373467536e-06
  8.11182918635130e-06  8.51991997219943e-06  8.94853916446098e-06
  9.39871927073474e-06  9.87154471911107e-06  1.03681544682083e-05
  1.08897447482964e-05  1.14375719402125e-05  1.20129555988362e-05
  1.26172816285320e-05  1.32520056180625e-05  1.39186563430701e-05
  1.46188394444517e-05  1.53542412915747e-05  1.61266330394190e-05
  1.69378748896538e-05  1.77899205655411e-05  1.86848220117413e-05
  1.96247343300144e-05  2.06119209628517e-05  2.16487591373546e-05
  2.27377455825016e-05  2.38815025334042e-05  2.50827840371201e-05
  2.63444825748749e-05  2.76696360169507e-05  2.90614349264248e-05
  3.05232302297680e-05  3.20585412722440e-05  3.36710642777175e-05
  3.53646812329430e-05  3.71434692177542e-05  3.90117102033063e-05
  4.09739013421253e-05  4.30347657741387e-05  4.51992639752034e-05
  4.74726056744621e-05  4.98602623698968e-05  5.23679804712738e-05
  5.50017951024378e-05  5.77680445956262e-05  6.06733857126977e-05
  6.37248096293316e-05  6.69296587208900e-05  7.02956441892733e-05
  7.38308645739708e-05  7.75438251901159e-05  8.14434585413960e-05
  8.55391457552845e-05  8.98407390926256e-05  9.43585855847128e-05
  9.91035518546404e-05  1.04087050181565e-04  1.09321065870838e-04
  1.14818185993930e-04  1.20591629568457e-04  1.26655279247846e-04
  1.33023714598502e-04  1.39712247041574e-04  1.46736956543928e-04
  1.54114730144667e-04  1.61863302409469e-04  1.70001297907979e-04
  1.78548275816584e-04  1.87524776750446e-04  1.96952371938452e-04
  2.06853714855247e-04  2.17252595434913e-04  2.28173996993243e-04
  2.39644155994982e-04  2.51690624805550e-04  2.64342337579085e-04
  2.77629679434051e-04  2.91584559085794e-04  3.06240485101964e-04
  3.21632645965866e-04  3.37797994133494e-04  3.54775334284727e-04
  3.72605415975406e-04  3.91331030910729e-04  4.10997115066209e-04
  4.31650855901362e-04  4.53341804911870e-04  4.76121995793397e-04
  5.00046068486144e-04  5.25171399399136e-04  5.51558238114679e-04
  5.79269850897096e-04  6.08372671339762e-04  6.38936458506692e-04
  6.71034462933883e-04  7.04743600886665e-04  7.40144637269175e-04
  7.77322377627473e-04  8.16365869679648e-04  8.57368614855726e-04
  9.00428790331228e-04  9.45649482076992e-04  9.93138929463104e-04
  1.04301078199093e-03  1.09538436874065e-03  1.15038498117267e-03
  1.20814416991889e-03  1.26880005627514e-03  1.33249765908982e-03
  1.39938923782547e-03  1.46963465256937e-03  1.54340174183250e-03
  1.62086671899932e-03  1.70221458834920e-03  1.78763958159005e-03
  1.87734561592658e-03  1.97154677468631e-03  2.07046781162882e-03
  2.17434468006853e-03  2.28342508803396e-03  2.39796908071291e-03
  2.51824965152939e-03  2.64455338320585e-03  2.77718112031309e-03
  2.91644867477004e-03  3.06268756594811e-03  3.21624579699905e-03
  3.37748866918931e-03  3.54679963604988e-03  3.72458119927372e-03
  3.91125584834627e-03  4.10726704604051e-03  4.31308026192589e-03
  4.52918405626089e-03  4.75609121658813e-03  4.99433994964252e-03
  5.24449513112801e-03  5.50714961617579e-03  5.78292561333216e-03
  6.07247612511825e-03  6.37648645828027e-03  6.69567580708253e-03
  7.03079891300682e-03  7.38264780458290e-03  7.75205362096518e-03
  8.13988852335110e-03  8.54706769821815e-03  8.97455145677512e-03
  9.42334743505667e-03  9.89451289939668e-03  1.03891571621177e-02
  1.09084441126440e-02  1.14535948692307e-02  1.20258905570914e-02
  1.26266752184724e-02  1.32573588610183e-02  1.39194206505178e-02
  1.46144122548003e-02  1.53439613455595e-02  1.61097752653595e-02
  1.69136448671966e-02  1.77574485345728e-02  1.86431563899482e-02
  1.95728347003893e-02  2.05486504887612e-02  2.15728763601034e-02
  2.26478955523184e-02  2.37762072213857e-02  2.49604319712405e-02
  2.62033176391853e-02  2.75077453478046e-02  2.88767358352596e-02
  3.03134560755862e-02  3.18212262019991e-02  3.34035267456655e-02
  3.50640062038286e-02  3.68064889509224e-02  3.86349835074442e-02
  4.05536911811516e-02  4.25670150967891e-02  4.46795696294404e-02
  4.68961902593310e-02  4.92219438640719e-02  5.16621394671211e-02
  5.42223394601292e-02  5.69083713185359e-02  5.97263398296541e-02
  6.26826398538022e-02  6.57839696385982e-02  6.90373447087769e-02
  7.24501123520733e-02  7.60299667255648e-02  7.97849646037701e-02
  8.37235417939200e-02  8.78545302416081e-02  9.21871758524958e-02
  9.67311570550203e-02  1.01496604130883e-01  1.06494119338726e-01
  1.11734797859824e-01  1.17230249590726e-01  1.22992621814001e-01
  1.29034622772007e-01  1.35369546175195e-01  1.42011296671772e-01
  1.48974416309078e-01  1.56274112014898e-01  1.63926284129281e-01
  1.71947556013987e-01  1.80355304771835e-01  1.89167693100132e-01
  1.98403702312434e-01  2.08083166550455e-01  2.18226808218628e-01
  2.28856274663972e-01  2.39994176129008e-01  2.51664125000131e-01
  2.63890776376578e-01  2.76699869977370e-01  2.90118273411215e-01
  3.04174026818060e-01  3.18896388907376e-01  3.34315884393899e-01
  3.50464352848953e-01  3.67374998965626e-01  3.85082444243198e-01
  4.03622780084336e-01  4.23033622301336e-01  4.43354167011197e-01
  4.64625247910818e-01  4.86889394891407e-01  5.10190893978561e-01
  5.34575848537479e-01  5.60092241711780e-01  5.86790000025566e-01
  6.14721058088503e-01  6.43939424319262e-01  6.74501247604865e-01
  7.06464884780482e-01  7.39890968832386e-01  7.74842477665099e-01
  8.11384803320890e-01  8.49585821451205e-01  8.89515960889765e-01
  9.31248273103577e-01  9.74858501314018e-01  1.02042514903315e+00
  1.06802954776221e+00  1.11775592353699e+00  1.16969146203613e+00
  1.22392637185454e+00  1.28055394562860e+00  1.33967061853825e+00
  1.40137602380135e+00  1.46577304464300e+00  1.53296786225160e+00
  1.60306999915007e+00  1.67619235741584e+00  1.75245125107355e+00
  1.83196643204523e+00  1.91486110884202e+00  2.00126195734027e+00
  2.09129912270060e+00  2.18510621166133e+00  2.28282027420811e+00
  2.38458177368761e+00  2.49053454429702e+00  2.60082573490750e+00
  2.71560573800229e+00  2.83502810264003e+00  2.95924943002083e+00
  3.08842925054180e+00  3.22272988075526e+00  3.36231625898262e+00
  3.50735575796831e+00  3.65801797312354e+00  3.81447448469794e+00
  3.97689859234898e+00  4.14546502028156e+00  4.32034959145859e+00
  4.50172886885416e+00  4.68977976232003e+00  4.88467909892972e+00
  5.08660315531498e+00  5.29572714994437e+00  5.51222469383627e+00
  5.73626719758492e+00  5.96802323351336e+00  6.20765785068718e+00
  6.45533184182196e+00  6.71120096012821e+00  6.97541508509144e+00
  7.24811733565890e+00  7.52944313023995e+00  7.81951919198663e+00
  8.11846249972790e+00  8.42637918302105e+00  8.74336336246554e+00
  9.06949593457662e+00  9.40484330257209e+00  9.74945605371535e+00
  1.01033675851299e+01  1.04665926796561e+01  1.08391260350777e+01
  1.12209407489616e+01  1.16119867642855e+01  1.20121892789388e+01
  1.24214471260114e+01  1.28396311297228e+01  1.32665824451668e+01
  1.37021108887771e+01  1.41459932699761e+01  1.45979717318866e+01
  1.50577521150578e+01  1.55250023530983e+01  1.59993509168828e+01
  1.64803853191164e+01  1.69676506970813e+01  1.74606484891320e+01
  1.79588352243531e+01  1.84616214434860e+01  1.89683707734846e+01
  1.94783991752341e+01  1.99909743904984e+01  2.05053156076006e+01
  2.10205933762013e+01  2.15359297910548e+01  2.20503989761065e+01
  2.25630278918076e+01  2.30727974961587e+01  2.35786442824077e+01
  2.40794622263559e+01  2.45741051614251e+01  2.50613896167514e+01
  2.55400981329339e+01  2.60089830861413e+01  2.64667710351922e+01
  2.69121676146939e+01  2.73438629830349e+01  2.77605378454737e+01
  2.81608700475099e+01  2.85435417549554e+01  2.89072472040273e+01
  2.92507010237086e+01  2.95726471066113e+01  2.98718680121632e+01
  3.01471948635809e+01  3.03975177102251e+01  3.06217962930431e+01
  3.08190711712560e+01  3.09884751274881e+01  3.11292447853111e+01
  3.12407323419739e+01  3.13224173239455e+01  3.13739182470562e+01
  3.13950040712172e+01  3.13856053042908e+01  3.13458246321132e+01
  3.12759469039176e+01  3.11764483346377e+01  3.10480047423178e+01
  3.08914986606738e+01  3.07080251424109e+01  3.04988960859974e+01
  3.02656428933382e+01  3.00100173027952e+01  2.97339902044114e+01
  2.94397482971579e+01  2.91296884187024e+01  2.88064094240647e+01
  2.84727014834524e+01  2.81315327130829e+01  2.77860330507133e+01
  2.74394753517766e+01  2.70952536704867e+01  2.67568587721649e+01
  2.64278509194279e+01  2.61118300491511e+01  2.58124034763958e+01
  2.55331513295264e+01  2.52775899403657e+01  2.50491334984938e+01
  2.48510542805125e+01  2.46864418590688e+01  2.45581617065456e+01
  2.44688136668078e+01  2.44206908115448e+01  2.44157392194611e+01
  2.44555192587243e+01  2.45411689725001e+01  2.46733701793058e+01
  2.48523179166465e+01  2.50776938488261e+01  2.53486442518944e+01
  2.56637631691470e+01  2.60210812987412e+01  2.64180611266687e+01
  2.68515987802298e+01  2.73180329844540e+01  2.78131614620334e+01
  2.83322649945762e+01  2.88701392937359e+01  2.94211347061521e+01
  2.99792036694012e+01  3.05379557111637e+01  3.10907196605176e+01
  3.16306126044169e+01  3.21506150001331e+01  3.26436512108517e+01
  3.31026746230850e+01  3.35207563615636e+01  3.38911765212294e+01
  3.42075167248762e+01  3.44637527209306e+01  3.46543456697395e+01
  3.47743307027164e+01  3.48194012946195e+01  3.47859879895392e+01
  3.46713300019016e+01  3.44735382685757e+01  3.41916485660498e+01
  3.38256634013923e+01  3.33765814873708e+01  3.28464137614621e+01
  3.22381850577425e+01  3.15559207581040e+01  3.08046179334205e+01
  2.99902007701704e+01  2.91194602982828e+01  2.81999787560059e+01
  2.72400391940113e+01  2.62485212548613e+01  2.52347843392722e+01
  2.42085397197086e+01  2.31797134121568e+01  2.21583019321863e+01
  2.11542232884958e+01  2.01771657845929e+01  1.92364373746400e+01
  1.83408184184804e+01  1.74984207416101e+01  1.67165558789638e+01
  1.60016152918534e+01  1.53589651750214e+01  1.47928582321201e+01
  1.43063644697929e+01  1.39013227080581e+01  1.35783140410418e+01
  1.33366580482473e+01  1.31744320352513e+01  1.30885130910907e+01
  1.30746422403482e+01  1.31275094763693e+01  1.32408579925709e+01
  1.34076054896249e+01  1.36199800373150e+01  1.38696676209465e+01
  1.41479682105030e+01  1.44459569735517e+01  1.47546471127423e+01
  1.50651507641079e+01  1.53688344414429e+01  1.56574656645129e+01
  1.59233476591588e+01  1.61594393607195e+01  1.63594583783227e+01
  1.65179650705591e+01  1.66304264252779e+01  1.66932590081216e+01
  1.67038508217099e+01  1.66605624851101e+01  1.65627086697337e+01
  1.64105212113420e+01  1.62050957252575e+01  1.59483238889347e+01
  1.56428138020524e+01  1.52918009935020e+01  1.48990527174293e+01
  1.44687681660546e+01  1.40054771375864e+01  1.35139395429495e+01
  1.29990479200494e+01  1.24657348714327e+01  1.19188870539744e+01
  1.13632670440171e+01  1.08034440917994e+01  1.02437344688535e+01
  9.68815181865809e+00  9.14036764350244e+00  8.60368181046856e+00
  8.08100273906388e+00  7.57483674231195e+00  7.08728584053430e+00
  6.62005323969479e+00  6.17445558305276e+00  5.75144102025346e+00
  5.35161211256419e+00  4.97525258775211e+00  4.62235697900458e+00
  4.29266222328314e+00  3.98568035243249e+00  3.70073148288612e+00
  3.43697639304919e+00  3.19344806870265e+00  2.96908169274565e+00
  2.76274265372179e+00  2.57325224481004e+00  2.39941081932938e+00
  2.24001825755246e+00  2.09389168141445e+00  1.95988042708684e+00
  1.83687834848320e+00  1.72383357763444e+00  1.61975591113211e+00
  1.52372202198667e+00  1.43487871969606e+00  1.35244449201808e+00
  1.27570956687652e+00  1.20403472900313e+00  1.13684911667726e+00
  1.07364720995882e+00  1.01398520411837e+00  9.57476942135218e-01
  9.03789558982459e-01  8.52638968695492e-01  8.03785304334378e-01
  7.57028400467254e-01  7.12203389601352e-01  6.69176466816840e-01
  6.27840862472027e-01  5.88113050162380e-01  5.49929206733273e-01
  5.13241932961167e-01  4.78017236945570e-01  4.44231777822489e-01
  4.11870363962977e-01  3.80923698127191e-01  3.51386360803077e-01
  3.23255022853624e-01  2.96526878626629e-01  2.71198291195400e-01
  2.47263641802824e-01  2.24714376043268e-01  2.03538239413921e-01
  1.83718694879165e-01  1.65234514577879e-01  1.48059537206703e-01
  1.32162581419904e-01  1.17507504570221e-01  1.04053394462079e-01
  9.17548805416657e-02  8.05625493526510e-02  7.04234478982608e-02
  6.12816574353802e-02  5.30789195326105e-02  4.57552958600647e-02
  3.92498433106395e-02  3.35012866121677e-02  2.84486716562175e-02
  2.40319842538273e-02  2.01927209361023e-02  1.68744006312632e-02
  1.40230085246204e-02  1.15873660102484e-02  9.51942329720609e-03
  7.77447381234632e-03  6.31129196704318e-03  5.09219802404047e-03
  4.08305565731635e-03  3.25320927853680e-03  2.57536928943534e-03
  2.02545409245207e-03  1.58239797110239e-03  1.22793386266853e-03
  9.46359635821042e-04  7.24295810571895e-04  5.50441780477383e-04
  4.15336581917846e-04  3.11129167502338e-04  2.31362037466582e-04
  1.70771016394264e-04  1.25102972934742e-04  9.09523989044685e-05
  6.56170105630796e-05  4.69719192821159e-05  3.33614421588097e-05
  2.35072787740751e-05  1.64315570545830e-05  1.13931324536135e-05
  7.83549362539237e-06  5.34466560281199e-06  3.61559026811334e-06
  2.42558837570420e-06  1.61365201715156e-06  1.06447088615572e-06
  6.96249864796533e-07  4.51522766128868e-07  2.90303207169735e-07
  1.85034999895585e-07  1.16910845364452e-07  7.32182063185648e-08
  4.54470510452467e-08  2.79554442678832e-08  1.70390374249080e-08
  1.02890478759911e-08  6.15433287359338e-09  3.64562499896092e-09
  2.13821368423852e-09  1.24135262111597e-09  7.13168240083510e-10
  4.05298140141161e-10  2.27779852409557e-10  1.26537386478474e-10
  6.94565728619392e-11  3.76552464869012e-11  2.01538792241151e-11
  1.06439840843110e-11  5.54429348136630e-12  2.84683562106909e-12
  1.44020788698474e-12  7.17468378482903e-13  3.51770808289056e-13
  1.69651414892253e-13  8.04369598592098e-14  3.74725553820892e-14
  1.71428183590004e-14  7.69689429147414e-15  3.38972540346637e-15
  1.46345259497205e-15  6.19018141934619e-16  2.56380038796770e-16
  1.03911941367901e-16  4.11876191793480e-17  1.59575288134977e-17
  6.04209531419868e-18  2.23338911199473e-18  8.05430298324539e-19
  2.83218572576001e-19  9.70587654302447e-20  3.24124038483130e-20
  1.05586801500372e-20  3.34912801921420e-21  1.03190530452906e-21
  3.08611515167852e-22  8.95198219196168e-23  2.51665576322834e-23
  6.85141823248316e-24  1.80482569444836e-24
  2.48760274371638e-24  2.83795082731492e-24  3.23762551586212e-24
  3.69356899327131e-24  4.21370005681725e-24  4.80705143021637e-24
  5.48392637082537e-24  6.25607727988530e-24  7.13690940474024e-24
  8.14171315508543e-24  9.28792904947568e-24  1.05954498710573e-23
  1.20869652537590e-23  1.37883546518236e-23  1.57291354799616e-23
  1.79429741624089e-23  2.04682689133388e-23  2.33488143069412e-23
  2.66345591041173e-23  3.03824704085792e-23  3.46575190552139e-23
  3.95338032198393e-23  4.50958296169794e-23  5.14399743622579e-23
  5.86761486643663e-23  6.69296980315003e-23  7.63435676880908e-23
  8.70807714693506e-23  9.93272066697068e-23  1.13294863257697e-22
  1.29225482633418e-22  1.47394728811918e-22  1.68116943697436e-22
  1.91750568118661e-22  2.18704321694932e-22  2.49444247589512e-22
  2.84501743003058e-22  3.24482713113201e-22  3.70078005368415e-22
  4.22075302913776e-22  4.81372680839272e-22  5.48994057316167e-22
  6.26106804005492e-22  7.14041816928895e-22  8.14316390912104e-22
  9.28660288444260e-22  1.05904544815982e-21  1.20771984004375e-21
  1.37724604494342e-21  1.57054521621423e-21  1.79094717268840e-21
  2.04224747616282e-21  2.32877246501157e-21  2.65545335030006e-21
  3.02791063420485e-21  3.45255028514912e-21  3.93667330280474e-21
  4.48860053227910e-21  5.11781484418039e-21  5.83512309012789e-21
  6.65284057650090e-21  7.58500117837949e-21  8.64759664693273e-21
  9.85884915424169e-21  1.12395216776594e-20  1.28132714607112e-20
  1.46070525095796e-20  1.66515739053913e-20  1.89818216463067e-20
  2.16376527952334e-20  2.46644719161675e-20  2.81140011547267e-20
  3.20451568785493e-20  3.65250475668008e-20  4.16301096536388e-20
  4.74474003213111e-20  5.40760688416973e-20  6.16290310230510e-20
  7.02348746791563e-20  8.00400278560602e-20  9.12112258879801e-20
  1.03938318279747e-19  1.18437462006905e-19  1.34954754176900e-19
  1.53770364206939e-19  1.75203233862986e-19  1.99616422798779e-19
  2.27423187784805e-19  2.59093895790324e-19  2.95163884668948e-19
  3.36242400614592e-19  3.83022759044269e-19  4.36293895402739e-19
  4.96953494885502e-19  5.66022915592349e-19  6.44664148557303e-19
  7.34199090901136e-19  8.36131445535003e-19  9.52171602985186e-19
  1.08426490866456e-18  1.23462377302540e-18  1.40576414332832e-18
  1.60054692519503e-18  1.82222502074779e-18  2.07449673918055e-18
  2.36156643641388e-18  2.68821335459835e-18  3.05986976137841e-18
  3.48270963496879e-18  3.96374930643763e-18  4.51096165761587e-18
  5.13340568458404e-18  5.84137347585890e-18  6.64655692483242e-18
  7.56223680164966e-18  8.60349715515982e-18  9.78746840586232e-18
  1.11336029316954e-17  1.26639874464929e-17  1.44036970333054e-17
  1.63811963296326e-17  1.86287940782800e-17  2.11831580662428e-17
  2.40858983865537e-17  2.73842279872247e-17  3.11317106324137e-17
  3.53891077096180e-17  4.02253367923907e-17  4.57185565308399e-17
  5.19573943160095e-17  5.90423352749434e-17  6.70872935306741e-17
  7.62213893378882e-17  8.65909587188390e-17  9.83618256147830e-17
  1.11721870384901e-16  1.26883932776503e-16  1.44089092318469e-16
  1.63610374517366e-16  1.85756937337767e-16  2.10878799303991e-16
  2.39372178266278e-16  2.71685518525134e-16  3.08326293727614e-16
  3.49868683856554e-16  3.96962236879711e-16  4.50341639365399e-16
  5.10837735784195e-16  5.79389953506020e-16  6.57060309879380e-16
  7.45049199518351e-16  8.44713184258178e-16  9.57585035540053e-16
  1.08539630952987e-15  1.23010276950774e-15  1.39391300837255e-15
  1.57932066699435e-15  1.78914069212272e-15  2.02655013126482e-15
  2.29513402195088e-15  2.59893699999437e-15  2.94252132634929e-15
  3.33103211610192e-15  3.77027064682431e-15  4.26677672825066e-15
  4.82792123213578e-15  5.46201001181064e-15  6.17840058658346e-15
  6.98763312899671e-15  7.90157747431480e-15  8.93359807427658e-15
  1.00987390429745e-14  1.14139316946266e-14  1.28982272539313e-14
  1.45730577325780e-14  1.64625283148017e-14  1.85937449829373e-14
  2.09971815480601e-14  2.37070907321278e-14  2.67619644863095e-14
  3.02050493277915e-14  3.40849231437991e-14  3.84561406525680e-14
  4.33799555368051e-14  4.89251281824333e-14  5.51688289781436e-14
  6.21976482668194e-14  7.01087253052998e-14  7.90110099931359e-14
  8.90266726980537e-14  1.00292679239828e-13  1.12962550032953e-13
  1.27208324532987e-13  1.43222754523859e-13  1.61221752437297e-13
  1.81447123848992e-13  2.04169616573521e-13  2.29692322431611e-13
  2.58354471805147e-13  2.90535665609814e-13  3.26660594303758e-13
  3.67204299121080e-13  4.12698036885778e-13  4.63735816630514e-13
  5.20981683858645e-13  5.85177836777340e-13  6.57153668211826e-13
  7.37835837406153e-13  8.28259487497953e-13  9.29580737395601e-13
  1.04309059111861e-12  1.17023042360922e-12  1.31260921975339e-12
  1.47202276301431e-12  1.65047499204056e-12  1.85020176782692e-12
  2.07369732122705e-12  2.32374368051442e-12  2.60344341229656e-12
  2.91625604618659e-12  3.26603859507320e-12  3.65709062881183e-12
  4.09420441046985e-12  4.58272066113045e-12  5.12859058285468e-12
  5.73844483990558e-12  6.41967027713480e-12  7.18049524179118e-12
  8.03008447310895e-12  8.97864463195203e-12  1.00375416651301e-11
  1.12194313329733e-11  1.25384043804586e-11  1.40101479997313e-11
  1.56521254197692e-11  1.74837756682951e-11  1.95267357850366e-11
  2.18050880265412e-11  2.43456348951343e-11  2.71782051499465e-11
  3.03359943251187e-11  3.38559436849620e-11  3.77791620077413e-11
  4.21513950962921e-11  4.70235484911479e-11  5.24522695015819e-11
  5.85005953912450e-11  6.52386753626406e-11  7.27445748911971e-11
  8.11051719776850e-11  9.04171560307376e-11  1.00788141376654e-10
  1.12337908837506e-10  1.25199790446029e-10  1.39522214191199e-10
  1.55470427755323e-10  1.73228422516272e-10  1.93001081714366e-10
  2.15016579628448e-10  2.39529061939909e-10  2.66821641226932e-10
  2.97209745772143e-10  3.31044864686315e-10  3.68718737757611e-10
  4.10668044614988e-10  4.57379654716246e-10  5.09396507585991e-10
  5.67324201636176e-10  6.31838380041446e-10  7.03693013625585e-10
  7.83729693754351e-10  8.72888063029091e-10  9.72217528405249e-10
  1.08289042045590e-09  1.20621678425205e-09  1.34366101203887e-09
  1.49686055602681e-09  1.66764699163776e-09  1.85806973806779e-09
  2.07042278446927e-09  2.30727481763511e-09  2.57150320083945e-09
  2.86633231527302e-09  3.19537684574457e-09  3.56269067245303e-09
  3.97282212240662e-09  4.43087643831767e-09  4.94258644273427e-09
  5.51439251099446e-09  6.15353312318353e-09  6.86814744303004e-09
  7.66739157579936e-09  8.56157038968377e-09  9.56228705291314e-09
  1.06826127411426e-08  1.19372793220777e-08  1.33428982180359e-08
  1.49182091091118e-08  1.66843626565444e-08  1.86652420270879e-08
  2.08878286804634e-08  2.33826186664660e-08  2.61840965691568e-08
  2.93312752696092e-08  3.28683108547912e-08  3.68452033634977e-08
  4.13185955721580e-08  4.63526837985419e-08  5.20202566996000e-08
  5.84038803409068e-08  6.55972504481626e-08  7.37067357430171e-08
  8.28531397391448e-08  9.31737122382353e-08  1.04824446350725e-07
  1.17982701900932e-07  1.32850202023046e-07  1.49656456414765e-07
  1.68662672357518e-07  1.90166223418109e-07  2.14505755593387e-07
  2.42067022214402e-07  2.73289551719335e-07  3.08674267371931e-07
  3.48792194771101e-07  3.94294412299847e-07  4.45923421477752e-07
  5.04526139330361e-07  5.71068742881333e-07  6.46653628836847e-07
  7.32538787419116e-07  8.30159931936655e-07  9.41155772431694e-07
  1.06739687612225e-06  1.21101861792161e-06  1.37445879487407e-06
  1.56050055481532e-06  1.77232138176522e-06  2.01354897802867e-06
  2.28832500012735e-06  2.60137773293569e-06  2.95810493311764e-06
  3.36466823764388e-06  3.82810071885264e-06  4.35642937865308e-06
  4.95881460719582e-06  5.64570890354473e-06  6.42903744811656e-06
  7.32240345830594e-06  8.34132163524730e-06  9.50348343095772e-06
  1.08290583429803e-05  1.23410359769268e-05  1.40656142032509e-05
  1.60326394149457e-05  1.82761056147181e-05  2.08347199057513e-05
  2.37525428656195e-05  2.70797133169425e-05  3.08732681322362e-05
  3.51980689920131e-05  4.01278493663479e-05  4.57463966059676e-05
  5.21488856267369e-05  5.94433826654862e-05  6.77525395361777e-05
  7.72155011666252e-05  8.79900516089907e-05  1.00255026515406e-04
  1.14213022888665e-04  1.30093440368529e-04  1.48155891519221e-04
  1.68694022696478e-04  1.92039790896959e-04  2.18568246593856e-04
  2.48702877220167e-04  2.82921571026553e-04  3.21763266594877e-04
  3.65835358680520e-04  4.15821937785874e-04  4.72492946347721e-04
  5.36714342177981e-04  6.09459365769584e-04  6.91821016094869e-04
  7.85025846259954e-04  8.90449198621505e-04  1.00963200552437e-03
  1.14429929069204e-03  1.29638051209034e-03  1.46803189557628e-03
  1.66166091403655e-03  1.87995307416558e-03  2.12590117489349e-03
  2.40283721177141e-03  2.71446709440314e-03  3.06490835669217e-03
  3.45873102721631e-03  3.90100183164110e-03  4.39733188872598e-03
  4.95392805113648e-03  5.57764803305393e-03  6.27605944143002e-03
  7.05750281374882e-03  7.93115872851714e-03  8.90711902800432e-03
  9.99646214485892e-03  1.12113324867604e-02  1.25650237610487e-02
  1.40720660824839e-02  1.57483166014318e-02  1.76110533481204e-02
  1.96790718538163e-02  2.19727840464044e-02  2.45143187787856e-02
  2.73276232327863e-02  3.04385643204617e-02  3.38750290262449e-02
  3.76670225288289e-02  4.18467626997199e-02  4.64487695037766e-02
  5.15099475167911e-02  5.70696597066380e-02  6.31697903330935e-02
  6.98547946637367e-02  7.71717330086563e-02  8.51702863334657e-02
  9.39027505845745e-02  1.03424006567296e-01  1.13791462249289e-01
  1.25064963891250e-01  1.37306672734802e-01  1.50580903405582e-01
  1.64953920608403e-01  1.80493690384028e-01  1.97269582464111e-01
  2.15352020401721e-01  2.34812076286926e-01  2.55721007486298e-01
  2.78149732900806e-01  3.02168247324030e-01  3.27844972647834e-01
  3.55246046058315e-01  3.84434545850788e-01  4.15469657024294e-01
  4.48405779716986e-01  4.83291585196668e-01  5.20169025248443e-01
  5.59072302666697e-01  6.00026811641973e-01  6.43048058816105e-01
  6.88140576670273e-01  7.35296842804910e-01  7.84496219091931e-01
  8.35703926477681e-01  8.88870070852874e-01  9.43928737156820e-01
  1.00079716778913e+00  1.05937504308434e+00  1.11954388057001e+00
  1.18116657112667e+00  1.24408707022014e+00  1.30813026366210e+00
  1.37310202845447e+00  1.43878951052162e+00  1.50496164195847e+00
  1.57136992033836e+00  1.63774947114945e+00  1.70382041092107e+00
  1.76928952303280e+00  1.83385225067149e+00  1.89719500176927e+00
  1.95899775056440e+00  2.01893690909001e+00  2.07668843146436e+00
  2.13193110331909e+00  2.18434996096585e+00  2.23363977657628e+00
  2.27950854228312e+00  2.32168088189294e+00  2.35990131941088e+00
  2.39393733540199e+00  2.42358214577889e+00  2.44865714489879e+00
  2.46901396216622e+00  2.48453609171475e+00  2.49514006542543e+00
  2.50077615134202e+00  2.50142857159935e+00  2.49711524592770e+00
  2.48788707808059e+00  2.47382681293041e+00  2.45504750148427e+00
  2.43169061769567e+00  2.40392387772991e+00  2.37193881587737e+00
  2.33594817295520e+00  2.29618315437522e+00  2.25289061238332e+00
  2.20633020523353e+00  2.15677158120964e+00  2.10449163076915e+00
  2.04977184413047e+00  1.99289580559173e+00  1.93414684947337e+00
  1.87380589650515e+00  1.81214948345924e+00  1.74944799341428e+00
  1.68596408937102e+00  1.62195134944295e+00  1.55765309868681e+00
  1.49330142972097e+00  1.42911640216695e+00  1.36530540972761e+00
  1.30206270247053e+00  1.23956905186161e+00  1.17799154565495e+00
  1.11748350032675e+00  1.05818447891331e+00  1.00022040290971e+00
  9.43703747375738e-01  8.88733809238329e-01  8.35397039349924e-01
  7.83767429683439e-01  7.33906947595976e-01  6.85866009847275e-01
  6.39683989780760e-01  5.95389751087455e-01  5.53002203371330e-01
  5.12530873753726e-01  4.73976490159854e-01  4.37331572468055e-01
  4.02581026841045e-01  3.69702740551839e-01  3.38668173196663e-01
  3.09442941572771e-01  2.81987395131894e-01  2.56257179255359e-01
  2.32203783984351e-01  2.09775075896462e-01  1.88915811282541e-01
  1.69568128976779e-01  1.51672021568668e-01  1.35165783954125e-01
  1.19986438575021e-01  1.06070136800415e-01  9.33525362985309e-02
  8.17691543500124e-02  7.12556971949646e-02  6.17483657706618e-02
  5.31841381192667e-02  4.55010289868319e-02  3.86383270744433e-02
  3.25368104744744e-02  2.71389408374589e-02  2.23890367797039e-02
  1.82334270569960e-02  1.46205839644367e-02  1.15012374252111e-02
  8.82847016482837e-03  6.55779436588123e-03  4.64721014839308e-03
  3.05724623699407e-03  1.75098317335569e-03  6.94059423164171e-04
 -1.45339128966051e-04 -7.96505879880418e-04 -1.28625574069964e-03
 -1.63898224669287e-03 -1.87672869269772e-03 -2.01927231814948e-03
 -2.08422041751973e-03 -2.08711709452981e-03 -2.04155923422386e-03
 -1.95932013763836e-03 -1.85047915026309e-03 -1.72355553934873e-03
 -1.58564482414324e-03 -1.44255575859913e-03 -1.29894619849563e-03
 -1.15845616159990e-03 -1.02383650707523e-03 -8.97071814319645e-04
 -7.79496229469307e-04 -6.71901260622361e-04 -5.74634733657754e-04
 -4.87690361076520e-04 -4.10787616879639e-04 -3.43441843441161e-04
 -2.85024733042556e-04 -2.34815521147590e-04 -1.92043394696604e-04
 -1.55921753514817e-04 -1.25675063926362e-04 -1.00559110900709e-04
 -7.98754894909994e-05 -6.29811807863345e-05 -4.92940355732984e-05
 -3.82949449509485e-05 -2.95274160015157e-05 -2.25951973281843e-05
 -1.71585185379827e-05 -1.29294239992767e-05 -9.66659822196528e-06
 -7.17000102395419e-06 -5.27555780039907e-06 -3.85008505962538e-06
 -2.78657515427754e-06 -1.99991699311156e-06 -1.42309124532620e-06
 -1.00384894141579e-06 -7.01860084260394e-07 -4.86303510318467e-07
 -3.33859263155528e-07 -2.27059367752861e-07 -1.52951052538028e-07
 -1.02027178837507e-07 -6.73812669815282e-08 -4.40481819240954e-08
 -2.84960169442095e-08 -1.82391839036328e-08 -1.15474429713673e-08
 -7.22960947481050e-09 -4.47485591463973e-09 -2.73752619536191e-09
 -1.65475669174664e-09 -9.88031128836784e-10 -5.82577167467630e-10
 -3.39093900913088e-10 -1.94786671309634e-10 -1.10381848455267e-10
 -6.16871601401591e-11 -3.39871778851296e-11 -1.84545878025272e-11
 -9.87188958905428e-12 -5.20039439397866e-12 -2.69675304528117e-12
 -1.37606595100560e-12 -6.90637425751860e-13 -3.40791381494083e-13
 -1.65258847877257e-13 -7.87197288267678e-14 -3.68167339355304e-14
 -1.68983635395526e-14 -7.60801466298081e-15 -3.35822430430367e-15
 -1.45257594077002e-15 -6.15362031312323e-16 -2.55184402132831e-16
 -1.03532104546870e-16 -4.10703985461512e-17 -1.59224131325326e-17
 -6.03189153793309e-18 -2.23051536832260e-18 -8.04646474695621e-19
 -2.83011692280695e-19 -9.70059709351309e-20 -3.23993884936264e-20
 -1.05555831519006e-20 -3.34841737286247e-21 -1.03174819809488e-21
 -3.08578083938679e-22 -8.95129810966938e-23 -2.51652129148289e-23
 -6.85116455695360e-24 -1.80477981714119e-24
 (i6, f12.0, f18.0, f8.3, i6)
   624  60.0000000  0.02500000000000  13.000     1
 (3e22.14)
  2.02767785121368e-06  2.13114401169552e-06  2.23988934643398e-06
  2.35418318585152e-06  2.47430859861984e-06  2.60056309225257e-06
  2.73325934941115e-06  2.87272600174342e-06  3.01930844316691e-06
  3.17336968460609e-06  3.33529125229580e-06  3.50547413186839e-06
  3.68433976055897e-06  3.87233106997597e-06  4.06991358201745e-06
  4.27757656063144e-06  4.49583422227691e-06  4.72522700805565e-06
  4.96632292067868e-06  5.21971892954389e-06  5.48604244741317e-06
  5.76595288231953e-06  6.06014326854265e-06  6.36934198067100e-06
  6.69431453498787e-06  7.03586548261255e-06  7.39484039908637e-06
  7.77212797528206e-06  8.16866221482952e-06  8.58542474343829e-06
  9.02344723584348e-06  9.48381396633479e-06  9.96766448916998e-06
  1.04761964554680e-05  1.10106685735378e-05  1.15724037199139e-05
  1.21627922087958e-05  1.27832952279046e-05  1.34354484492584e-05
  1.41208658237252e-05  1.48412435687199e-05  1.55983643588389e-05
  1.63941017297787e-05  1.72304247063234e-05  1.81094026658641e-05
  1.90332104493193e-05  2.00041337321225e-05  2.10245746684035e-05
  2.20970578222962e-05  2.32242364009164e-05  2.44088988043544e-05
  2.56539755087407e-05  2.69625462993461e-05  2.83378478713981e-05
  2.97832818173942e-05  3.13024230203694e-05  3.28990284738731e-05
  3.45770465501606e-05  3.63406267394289e-05  3.81941298839216e-05
  4.01421389320379e-05  4.21894702387438e-05  4.43411854400691e-05
  4.66026039306431e-05  4.89793159749886e-05  5.14771964845066e-05
  5.41024194940063e-05  5.68614733730960e-05  5.97611768097339e-05
  6.28086956048813e-05  6.60115603195255e-05  6.93776848168706e-05
  7.29153857453747e-05  7.66334030098018e-05  8.05409212805844e-05
  8.46475925937361e-05  8.89635600965701e-05  9.34994829970001e-05
  9.82665627773497e-05  1.03276570736304e-04  1.08541876926375e-04
  1.14075480556833e-04  1.19891041936632e-04  1.26002916034370e-04
  1.32426187737365e-04  1.39176708895096e-04  1.46271137237153e-04
  1.53726977259952e-04  1.61562623181580e-04  1.69797404068488e-04
  1.78451631243882e-04  1.87546648091890e-04  1.97104882378674e-04
  2.07149901216397e-04  2.17706468803290e-04  2.28800607078811e-04
  2.40459659440827e-04  2.52712357677552e-04  2.65588892276815e-04
  2.79120986280341e-04  2.93341972862372e-04  3.08286876817764e-04
  3.23992500156265e-04  3.40497512007852e-04  3.57842543055174e-04
  3.76070284718830e-04  3.95225593333843e-04  4.15355599565229e-04
  4.36509823325743e-04  4.58740294468577e-04  4.82101679544216e-04
  5.06651414922523e-04  5.32449846597883e-04  5.59560377008499e-04
  5.88049619220792e-04  6.17987558841581e-04  6.49447724045685e-04
  6.82507364117520e-04  7.17247636932145e-04  7.53753805816237e-04
  7.92115446254692e-04  8.32426662928730e-04  8.74786317597416e-04
  9.19298268355802e-04  9.66071620834256e-04  1.01522099192262e-03
  1.06686678664211e-03  1.12113548880521e-03  1.17815996614685e-03
  1.23807979063313e-03  1.30104157469477e-03  1.36719932416315e-03
  1.43671480872927e-03  1.50975795077781e-03  1.58650723349949e-03
  1.66715012921467e-03  1.75188354889982e-03  1.84091431394233e-03
  1.93445965120805e-03  2.03274771254822e-03  2.13601811993640e-03
  2.24452253746502e-03  2.35852527151397e-03  2.47830390043221e-03
  2.60414993517197e-03  2.73636951234880e-03  2.87528412129465e-03
  3.02123136672672e-03  3.17456576874089e-03  3.33565960190578e-03
  3.50490377533151e-03  3.68270875564676e-03  3.86950553494466e-03
  4.06574664579907e-03  4.27190722560812e-03  4.48848613256558e-03
  4.71600711571018e-03  4.95502004158081e-03  5.20610218013972e-03
  5.46985955272173e-03  5.74692834492156e-03  6.03797638741066e-03
  6.34370470786956e-03  6.66484915728929e-03  7.00218211410151e-03
  7.35651426969390e-03  7.72869649906290e-03  8.11962182046327e-03
  8.53022744815829e-03  8.96149694242320e-03  9.41446246129152e-03
  9.89020711853733e-03  1.03898674527407e-02  1.09146360123502e-02
  1.14657640619428e-02  1.20445644150310e-02  1.26524143990395e-02
  1.32907589582097e-02  1.39611139005484e-02  1.46650692949748e-02
  1.54042930253247e-02  1.61805345078112e-02  1.69956285790897e-02
  1.78514995620963e-02  1.87501655172554e-02  1.96937426868141e-02
  2.06844501404497e-02  2.17246146304087e-02  2.28166756649798e-02
  2.39631908090574e-02  2.51668412212215e-02  2.64304374367142e-02
  2.77569254062730e-02  2.91493928008495e-02  3.06110755928339e-02
  3.21453649242735e-02  3.37558142735431e-02  3.54461469313555e-02
  3.72202637982782e-02  3.90822515153177e-02  4.10363909401258e-02
  4.30871659812078e-02  4.52392728030986e-02  4.74976294154278e-02
  4.98673856595159e-02  5.23539336056471e-02  5.49629183754896e-02
  5.77002494028442e-02  6.05721121477940e-02  6.35849802778335e-02
  6.67456283309853e-02  7.00611448751070e-02  7.35389461782469e-02
  7.71867904042756e-02  8.10127923489228e-02  8.50254387297502e-02
  8.92336040456784e-02  9.36465670184232e-02  9.82740276313873e-02
  1.03126124777834e-01  1.08213454532357e-01  1.13547089057308e-01
  1.19138596156388e-01  1.25000059485567e-01  1.31144099432520e-01
  1.37583894671771e-01  1.44333204405473e-01  1.51406391294049e-01
  1.58818445083407e-01  1.66585006930554e-01  1.74722394430238e-01
  1.83247627339815e-01  1.92178454002380e-01  2.01533378457724e-01
  2.11331688238256e-01  2.21593482832253e-01  2.32339702804130e-01
  2.43592159549340e-01  2.55373565662861e-01  2.67707565892069e-01
  2.80618768643697e-01  2.94132778003631e-01  3.08276226231425e-01
  3.23076806671977e-01  3.38563307037926e-01  3.54765642988682e-01
  3.71714891943761e-01  3.89443327044241e-01  4.07984451177731e-01
  4.27373030965417e-01  4.47645130607074e-01  4.68838145457659e-01
  4.90990835215294e-01  5.14143356561370e-01  5.38337295116250e-01
  5.63615696518878e-01  5.90023096463202e-01  6.17605549477345e-01
  6.46410656236208e-01  6.76487589166187e-01  7.07887116097572e-01
  7.40661621678372e-01  7.74865126278722e-01  8.10553302041047e-01
  8.47783485780464e-01  8.86614688335540e-01  9.27107600023760e-01
  9.69324591769698e-01  1.01332971149053e+00  1.05918867526875e+00
  1.10696885284494e+00  1.15673924689208e+00  1.20857046557411e+00
  1.26253468776047e+00  1.31870562037786e+00  1.37715844719441e+00
  1.43796976845288e+00  1.50121753062266e+00  1.56698094559280e+00
  1.63534039854658e+00  1.70637734378842e+00  1.78017418768592e+00
  1.85681415799715e+00  1.93638115863894e+00  2.01895960919238e+00
  2.10463426813093e+00  2.19349003902555e+00  2.28561175875034e+00
  2.38108396685966e+00  2.47999065520608e+00  2.58241499698119e+00
  2.68843905422171e+00  2.79814346308205e+00  2.91160709585566e+00
  3.02890669922927e+00  3.15011650777797e+00  3.27530783226494e+00
  3.40454862197579e+00  3.53790300075090e+00  3.67543077605874e+00
  3.81718692118403e+00  3.96322102989949e+00  4.11357674407646e+00
  4.26829115398651e+00  4.42739417191533e+00  4.59090787937513e+00
  4.75884584900954e+00  4.93121244170143e+00  5.10800208088272e+00
  5.28919850476650e+00  5.47477399927993e+00  5.66468861320836e+00
  5.85888935870784e+00  6.05730939985761e+00  6.25986723295727e+00
  6.46646586214447e+00  6.67699197513985e+00  6.89131512329928e+00
  7.10928691226938e+00  7.33074020796423e+00  7.55548836551170e+00
  7.78332448710471e+00  8.01402071711987e+00  8.24732758189316e+00
  8.48297338378016e+00  8.72066365732979e+00  8.96008069931454e+00
  9.20088318057865e+00  9.44270585282339e+00  9.68515935962345e+00
  9.92783016479680e+00  1.01702806087358e+01  1.04120491066821e+01
  1.06526504988342e+01  1.08915765681459e+01  1.11282967343295e+01
  1.13622589402375e+01  1.15928907393609e+01  1.18196005982869e+01
  1.20417794234844e+01  1.22588023236189e+01  1.24700306152060e+01
  1.26748140810401e+01  1.28724934855629e+01  1.30624033548455e+01
  1.32438750195781e+01  1.34162399274454e+01  1.35788332158634e+01
  1.37309975475653e+01  1.38720871952960e+01  1.40014723690640e+01
  1.41185437688928e+01  1.42227173468402e+01  1.43134392544080e+01
  1.43901909518461e+01  1.44524944456363e+01  1.44999176241291e+01
  1.45320796460232e+01  1.45486563465531e+01  1.45493856038921e+01
  1.45340726232693e+01  1.45025950750247e+01  1.44549080321192e+01
  1.43910486397541e+01  1.43111404555697e+01  1.42153973850587e+01
  1.41041271506930e+01  1.39777342130933e+01  1.38367220820745e+01
  1.36816949392604e+01  1.35133585078290e+01  1.33325200992242e+01
  1.31400877790216e+01  1.29370685879494e+01  1.27245657764888e+01
  1.25037750000404e+01  1.22759794504354e+01  1.20425438934143e+01
  1.18049076052948e+01  1.15645762064731e+01  1.13231124116910e+01
  1.10821257203661e+01  1.08432611021122e+01  1.06081867287845e+01
  1.03785808415766e+01  1.01561178408291e+01  9.94245371449438e+00
  9.73921092968349e+00  9.54796293247433e+00  9.37021840891677e+00
  9.20740547727871e+00  9.06085599120459e+00  8.93179013778900e+00
  8.82130152785652e+00  8.73034297143974e+00  8.65971313828466e+00
  8.61004429704416e+00  8.58179132427338e+00  8.57522216366652e+00
  8.59040990838325e+00  8.62722666027209e+00  8.68533930890318e+00
  8.76420734832017e+00  8.86308283060473e+00  8.98101253064432e+00
  9.11684236825769e+00  9.26922410816402e+00  9.43662432731776e+00
  9.61733560817787e+00  9.80948988816442e+00  1.00110738599196e+01
  1.02199462924831e+01  1.04338571069586e+01  1.06504680199836e+01
  1.08673745339493e+01  1.10821290390065e+01  1.12922647620073e+01
  1.14953202903476e+01  1.16888643770505e+01  1.18705207332045e+01
  1.20379925014775e+01  1.21890861123474e+01  1.23217342226024e+01
  1.24340174508347e+01  1.25241846319046e+01  1.25906713377923e+01
  1.26321164236042e+01  1.26473763929653e+01  1.26355373968701e+01
  1.25959247130589e+01  1.25281095888163e+01  1.24319133580258e+01
  1.23074087831651e+01  1.21549186096786e+01  1.19750113484954e+01
  1.17684943499480e+01  1.15364042537820e+01  1.12799949434943e+01
  1.10007231575752e+01  1.07002319437956e+01  1.03803321633193e+01
  1.00429822844639e+01  9.69026671224205e+00  9.32437293326824e+00
  8.94756775400732e+00  8.56217293085653e+00  8.17054049218414e+00
  7.77502805472449e+00  7.37797443854854e+00  6.98167587723331e+00
  6.58836311334502e+00  6.20017965548342e+00  5.81916146225589e+00
  5.44721829083703e+00  5.08611693829826e+00  4.73746656451902e+00
  4.40270626877131e+00  4.08309505283811e+00  3.77970427231013e+00
  3.49341264069715e+00  3.22490381097486e+00  2.97466652001627e+00
  2.74299723761444e+00  2.53000522256571e+00  2.33561984447394e+00
  2.15959999202274e+00  2.00154535130691e+00  1.86090930580844e+00
  1.73701318320883e+00  1.62906155515369e+00  1.53615828541940e+00
  1.45732302068974e+00  1.39150782660597e+00  1.33761368952820e+00
  1.29450663032536e+00  1.26103320853647e+00  1.23603523072155e+00
  1.21836351335595e+00  1.20689058516994e+00  1.20052224532459e+00
  1.19820792024443e+00  1.19894978402624e+00  1.20181062471653e+00
  1.20592045290241e+00  1.21048186060938e+00  1.21477414860422e+00
  1.21815624952922e+00  1.22006848342543e+00  1.22003319132997e+00
  1.21765430183256e+00  1.21261589473185e+00  1.20467983473194e+00
  1.19368255665146e+00  1.17953109109601e+00  1.16219842611865e+00
  1.14171830555257e+00  1.11817956840060e+00  1.09172013573858e+00
  1.06252075194489e+00  1.03079858574849e+00  9.96800793548310e-01
  9.60798142881010e-01  9.23078787824555e-01  8.83942280770008e-01
  8.43693896476501e-01  8.02639334921497e-01  7.61079859285046e-01
  7.19307914784322e-01  6.77603263155274e-01  6.36229656577957e-01
  5.95432063954810e-01  5.55434452003702e-01  5.16438113532093e-01
  4.78620526000326e-01  4.42134714994337e-01  4.07109089659856e-01
  3.73647710835297e-01  3.41830947203987e-01  3.11716470986354e-01
  2.83340541707719e-01  2.56719525341800e-01  2.31851595786828e-01
  2.08718566716036e-01  1.87287803948128e-01  1.67514171664940e-01
  1.49341969777320e-01  1.32706824522203e-01  1.17537499609790e-01
  1.03757600834742e-01  9.12871528899829e-02  8.00440327534965e-02
  6.99452496258630e-02  6.09080664789719e-02  5.28509629424649e-02
  4.56944433002557e-02  3.93616967051844e-02  3.37791194055834e-02
  2.88767106712094e-02  2.45883553819143e-02  2.08520068349115e-02
  1.76097833832200e-02  1.48079921050515e-02  1.23970919232578e-02
  1.03316075529148e-02  8.57000445071106e-03  7.07453366374900e-03
  5.81105420276656e-03  4.74883936045287e-03  3.86037230012531e-03
  3.12113528425267e-03  2.50939610481343e-03  2.00599461849961e-03
  1.59413176496154e-03  1.25916303711615e-03  9.88398054135405e-04
  7.70907635750221e-04  5.97339567976536e-04  4.59744064762187e-04
  3.51409753609089e-04  2.66710835265545e-04  2.00965883916598e-04
  1.50308564752360e-04  1.11570353391890e-04  8.21751522599524e-05
  6.00455189697996e-05  4.35200583246733e-05  3.12813878848456e-05
  2.22939727459470e-05  1.57510394761942e-05  1.10297246991275e-05
  7.65358768378395e-06  5.26161798008239e-06  3.58289337167682e-06
  2.41608731558777e-06  1.61308271656264e-06  1.06601705241586e-06
  6.97156662214722e-07  4.51073645286648e-07  2.88671705097023e-07
  1.82678015679252e-07  1.14281434546502e-07  7.06563529823897e-08
  4.31606081060182e-08  2.60409375778249e-08  1.55140415143108e-08
  9.12342685614062e-09  5.29434562184113e-09  3.03074703201330e-09
  1.71084278999350e-09  9.52051431371324e-10  5.22052917682183e-10
  2.81994727795384e-10  1.49984078886434e-10  7.85170436667475e-11
  4.04426108106734e-11  2.04877571312408e-11  1.02034072201510e-11
  4.99347088845732e-12  2.40033865615194e-12  1.13280852808104e-12
  5.24627234897205e-13  2.38312374627268e-13  1.06127949886365e-13
  4.63106746712669e-14  1.97913096843921e-14  8.27903661382346e-15
  3.38815572553830e-15  1.35570775876954e-15  5.30106385316682e-16
  2.02493683393276e-16  7.54878279429324e-17  2.74388189456668e-17
  9.71018011613884e-18  3.33458399663676e-18  1.10141538612001e-18
  3.40358848277362e-19  1.08441401959099e-19  3.35643406538495e-20
  1.00848094210027e-20  2.93925625387126e-21  8.30333815828814e-22
  2.27180151558705e-22  6.01504125582051e-23  1.53991473790969e-23
 (i6, f12.0, f18.0, f8.3, i6)
   624  60.0000000  0.02500000000000  13.000     1
 (3e22.14)
  2.02767785121368e-06  2.13114401169552e-06  2.23988934643398e-06
  2.35418318585152e-06  2.47430859861984e-06  2.60056309225257e-06
  2.73325934941115e-06  2.87272600174342e-06  3.01930844316691e-06
  3.17336968460609e-06  3.33529125229580e-06  3.50547413186839e-06
  3.68433976055897e-06  3.87233106997597e-06  4.06991358201745e-06
  4.27757656063144e-06  4.49583422227691e-06  4.72522700805565e-06
  4.96632292067868e-06  5.21971892954389e-06  5.48604244741317e-06
  5.76595288231953e-06  6.06014326854265e-06  6.36934198067100e-06
  6.69431453498787e-06  7.03586548261255e-06  7.39484039908637e-06
  7.77212797528206e-06  8.16866221482952e-06  8.58542474343829e-06
  9.02344723584348e-06  9.48381396633479e-06  9.96766448916998e-06
  1.04761964554680e-05  1.10106685735378e-05  1.15724037199139e-05
  1.21627922087958e-05  1.27832952279046e-05  1.34354484492584e-05
  1.41208658237252e-05  1.48412435687199e-05  1.55983643588389e-05
  1.63941017297787e-05  1.72304247063234e-05  1.81094026658641e-05
  1.90332104493193e-05  2.00041337321225e-05  2.10245746684035e-05
  2.20970578222962e-05  2.32242364009164e-05  2.44088988043544e-05
  2.56539755087407e-05  2.69625462993461e-05  2.83378478713981e-05
  2.97832818173942e-05  3.13024230203694e-05  3.28990284738731e-05
  3.45770465501606e-05  3.63406267394289e-05  3.81941298839216e-05
  4.01421389320379e-05  4.21894702387438e-05  4.43411854400691e-05
  4.66026039306431e-05  4.89793159749886e-05  5.14771964845066e-05
  5.41024194940063e-05  5.68614733730960e-05  5.97611768097339e-05
  6.28086956048813e-05  6.60115603195255e-05  6.93776848168706e-05
  7.29153857453747e-05  7.66334030098018e-05  8.05409212805844e-05
  8.46475925937361e-05  8.89635600965701e-05  9.34994829970001e-05
  9.82665627773497e-05  1.03276570736304e-04  1.08541876926375e-04
  1.14075480556833e-04  1.19891041936632e-04  1.26002916034370e-04
  1.32426187737365e-04  1.39176708895096e-04  1.46271137237153e-04
  1.53726977259952e-04  1.61562623181580e-04  1.69797404068488e-04
  1.78451631243882e-04  1.87546648091890e-04  1.97104882378674e-04
  2.07149901216397e-04  2.17706468803290e-04  2.28800607078811e-04
  2.40459659440827e-04  2.52712357677552e-04  2.65588892276815e-04
  2.79120986280341e-04  2.93341972862372e-04  3.08286876817764e-04
  3.23992500156265e-04  3.40497512007852e-04  3.57842543055174e-04
  3.76070284718830e-04  3.95225593333843e-04  4.15355599565229e-04
  4.36509823325743e-04  4.58740294468577e-04  4.82101679544216e-04
  5.06651414922523e-04  5.32449846597883e-04  5.59560377008499e-04
  5.88049619220792e-04  6.17987558841581e-04  6.49447724045685e-04
  6.82507364117520e-04  7.17247636932145e-04  7.53753805816237e-04
  7.92115446254692e-04  8.32426662928730e-04  8.74786317597416e-04
  9.19298268355802e-04  9.66071620834256e-04  1.01522099192262e-03
  1.06686678664211e-03  1.12113548880521e-03  1.17815996614685e-03
  1.23807979063313e-03  1.30104157469477e-03  1.36719932416315e-03
  1.43671480872927e-03  1.50975795077781e-03  1.58650723349949e-03
  1.66715012921467e-03  1.75188354889982e-03  1.84091431394233e-03
  1.93445965120805e-03  2.03274771254822e-03  2.13601811993640e-03
  2.24452253746502e-03  2.35852527151397e-03  2.47830390043221e-03
  2.60414993517197e-03  2.73636951234880e-03  2.87528412129465e-03
  3.02123136672672e-03  3.17456576874089e-03  3.33565960190578e-03
  3.50490377533151e-03  3.68270875564676e-03  3.86950553494466e-03
  4.06574664579907e-03  4.27190722560812e-03  4.48848613256558e-03
  4.71600711571018e-03  4.95502004158081e-03  5.20610218013972e-03
  5.46985955272173e-03  5.74692834492156e-03  6.03797638741066e-03
  6.34370470786956e-03  6.66484915728929e-03  7.00218211410151e-03
  7.35651426969390e-03  7.72869649906290e-03  8.11962182046327e-03
  8.53022744815829e-03  8.96149694242320e-03  9.41446246129152e-03
  9.89020711853733e-03  1.03898674527407e-02  1.09146360123502e-02
  1.14657640619428e-02  1.20445644150310e-02  1.26524143990395e-02
  1.32907589582097e-02  1.39611139005484e-02  1.46650692949748e-02
  1.54042930253247e-02  1.61805345078112e-02  1.69956285790897e-02
  1.78514995620963e-02  1.87501655172554e-02  1.96937426868141e-02
  2.06844501404497e-02  2.17246146304087e-02  2.28166756649798e-02
  2.39631908090574e-02  2.51668412212215e-02  2.64304374367142e-02
  2.77569254062730e-02  2.91493928008495e-02  3.06110755928339e-02
  3.21453649242735e-02  3.37558142735431e-02  3.54461469313555e-02
  3.72202637982782e-02  3.90822515153177e-02  4.10363909401258e-02
  4.30871659812078e-02  4.52392728030986e-02  4.74976294154278e-02
  4.98673856595159e-02  5.23539336056471e-02  5.49629183754896e-02
  5.77002494028442e-02  6.05721121477940e-02  6.35849802778335e-02
  6.67456283309853e-02  7.00611448751070e-02  7.35389461782469e-02
  7.71867904042756e-02  8.10127923489228e-02  8.50254387297502e-02
  8.92336040456784e-02  9.36465670184232e-02  9.82740276313873e-02
  1.03126124777834e-01  1.08213454532357e-01  1.13547089057308e-01
  1.19138596156388e-01  1.25000059485567e-01  1.31144099432520e-01
  1.37583894671771e-01  1.44333204405473e-01  1.51406391294049e-01
  1.58818445083407e-01  1.66585006930554e-01  1.74722394430238e-01
  1.83247627339815e-01  1.92178454002380e-01  2.01533378457724e-01
  2.11331688238256e-01  2.21593482832253e-01  2.32339702804130e-01
  2.43592159549340e-01  2.55373565662861e-01  2.67707565892069e-01
  2.80618768643697e-01  2.94132778003631e-01  3.08276226231425e-01
  3.23076806671977e-01  3.38563307037926e-01  3.54765642988682e-01
  3.71714891943761e-01  3.89443327044241e-01  4.07984451177731e-01
  4.27373030965417e-01  4.47645130607074e-01  4.68838145457659e-01
  4.90990835215294e-01  5.14143356561370e-01  5.38337295116250e-01
  5.63615696518878e-01  5.90023096463202e-01  6.17605549477345e-01
  6.46410656236208e-01  6.76487589166187e-01  7.07887116097572e-01
  7.40661621678372e-01  7.74865126278722e-01  8.10553302041047e-01
  8.47783485780464e-01  8.86614688335540e-01  9.27107600023760e-01
  9.69324591769698e-01  1.01332971149053e+00  1.05918867526875e+00
  1.10696885284494e+00  1.15673924689208e+00  1.20857046557411e+00
  1.26253468776047e+00  1.31870562037786e+00  1.37715844719441e+00
  1.43796976845288e+00  1.50121753062266e+00  1.56698094559280e+00
  1.63534039854658e+00  1.70637734378842e+00  1.78017418768592e+00
  1.85681415799715e+00  1.93638115863894e+00  2.01895960919238e+00
  2.10463426813093e+00  2.19349003902555e+00  2.28561175875034e+00
  2.38108396685966e+00  2.47999065520608e+00  2.58241499698119e+00
  2.68843905422171e+00  2.79814346308205e+00  2.91160709585566e+00
  3.02890669922927e+00  3.15011650777797e+00  3.27530783226494e+00
  3.40454862197579e+00  3.53790300075090e+00  3.67543077605874e+00
  3.81718692118403e+00  3.96322102989949e+00  4.11357674407646e+00
  4.26829115398651e+00  4.42739417191533e+00  4.59090787937513e+00
  4.75884584900954e+00  4.93121244170143e+00  5.10800208088272e+00
  5.28919850476650e+00  5.47477399927993e+00  5.66468861320836e+00
  5.85888935870784e+00  6.05730939985761e+00  6.25986723295727e+00
  6.46646586214447e+00  6.67699197513985e+00  6.89131512329928e+00
  7.10928691226938e+00  7.33074020796423e+00  7.55548836551170e+00
  7.78332448710471e+00  8.01402071711987e+00  8.24732758189316e+00
  8.48297338378016e+00  8.72066365732979e+00  8.96008069931454e+00
  9.20088318057865e+00  9.44270585282339e+00  9.68515935962345e+00
  9.92783016479680e+00  1.01702806087358e+01  1.04120491066821e+01
  1.06526504988342e+01  1.08915765681459e+01  1.11282967343295e+01
  1.13622589402375e+01  1.15928907393609e+01  1.18196005982869e+01
  1.20417794234844e+01  1.22588023236189e+01  1.24700306152060e+01
  1.26748140810401e+01  1.28724934855629e+01  1.30624033548455e+01
  1.32438750195781e+01  1.34162399274454e+01  1.35788332158634e+01
  1.37309975475653e+01  1.38720871952960e+01  1.40014723690640e+01
  1.41185437688928e+01  1.42227173468402e+01  1.43134392544080e+01
  1.43901909518461e+01  1.44524944456363e+01  1.44999176241291e+01
  1.45320796460232e+01  1.45486563465531e+01  1.45493856038921e+01
  1.45340726232693e+01  1.45025950750247e+01  1.44549080321192e+01
  1.43910486397541e+01  1.43111404555697e+01  1.42153973850587e+01
  1.41041271506930e+01  1.39777342130933e+01  1.38367220820745e+01
  1.36816949392604e+01  1.35133585078290e+01  1.33325200992242e+01
  1.31400877790216e+01  1.29370685879494e+01  1.27245657764888e+01
  1.25037750000404e+01  1.22759794504354e+01  1.20425438934143e+01
  1.18049076052948e+01  1.15645762064731e+01  1.13231124116910e+01
  1.10821257203661e+01  1.08432611021122e+01  1.06081867287845e+01
  1.03785808415766e+01  1.01561178408291e+01  9.94245371449438e+00
  9.73921092968349e+00  9.54796293247433e+00  9.37021840891677e+00
  9.20740547727871e+00  9.06085599120459e+00  8.93179013778900e+00
  8.82130152785652e+00  8.73034297143974e+00  8.65971313828466e+00
  8.61004429704416e+00  8.58179132427338e+00  8.57522216366652e+00
  8.59040990838325e+00  8.62722666027209e+00  8.68533930890318e+00
  8.76420734832017e+00  8.86308283060473e+00  8.98101253064432e+00
  9.11684236825769e+00  9.26922410816402e+00  9.43662432731776e+00
  9.61733560817787e+00  9.80948988816442e+00  1.00110738599196e+01
  1.02199462924831e+01  1.04338571069586e+01  1.06504680199836e+01
  1.08673745339493e+01  1.10821290390065e+01  1.12922647620073e+01
  1.14953202903476e+01  1.16888643770505e+01  1.18705207332045e+01
  1.20379925014775e+01  1.21890861123474e+01  1.23217342226024e+01
  1.24340174508347e+01  1.25241846319046e+01  1.25906713377923e+01
  1.26321164236042e+01  1.26473763929653e+01  1.26355373968701e+01
  1.25959247130589e+01  1.25281095888163e+01  1.24319133580258e+01
  1.23074087831651e+01  1.21549186096786e+01  1.19750113484954e+01
  1.17684943499480e+01  1.15364042537820e+01  1.12799949434943e+01
  1.10007231575752e+01  1.07002319437956e+01  1.03803321633193e+01
  1.00429822844639e+01  9.69026671224205e+00  9.32437293326824e+00
  8.94756775400732e+00  8.56217293085653e+00  8.17054049218414e+00
  7.77502805472449e+00  7.37797443854854e+00  6.98167587723331e+00
  6.58836311334502e+00  6.20017965548342e+00  5.81916146225589e+00
  5.44721829083703e+00  5.08611693829826e+00  4.73746656451902e+00
  4.40270626877131e+00  4.08309505283811e+00  3.77970427231013e+00
  3.49341264069715e+00  3.22490381097486e+00  2.97466652001627e+00
  2.74299723761444e+00  2.53000522256571e+00  2.33561984447394e+00
  2.15959999202274e+00  2.00154535130691e+00  1.86090930580844e+00
  1.73701318320883e+00  1.62906155515369e+00  1.53615828541940e+00
  1.45732302068974e+00  1.39150782660597e+00  1.33761368952820e+00
  1.29450663032536e+00  1.26103320853647e+00  1.23603523072155e+00
  1.21836351335595e+00  1.20689058516994e+00  1.20052224532459e+00
  1.19820792024443e+00  1.19894978402624e+00  1.20181062471653e+00
  1.20592045290241e+00  1.21048186060938e+00  1.21477414860422e+00
  1.21815624952922e+00  1.22006848342543e+00  1.22003319132997e+00
  1.21765430183256e+00  1.21261589473185e+00  1.20467983473194e+00
  1.19368255665146e+00  1.17953109109601e+00  1.16219842611865e+00
  1.14171830555257e+00  1.11817956840060e+00  1.09172013573858e+00
  1.06252075194489e+00  1.03079858574849e+00  9.96800793548310e-01
  9.60798142881010e-01  9.23078787824555e-01  8.83942280770008e-01
  8.43693896476501e-01  8.02639334921497e-01  7.61079859285046e-01
  7.19307914784322e-01  6.77603263155274e-01  6.36229656577957e-01
  5.95432063954810e-01  5.55434452003702e-01  5.16438113532093e-01
  4.78620526000326e-01  4.42134714994337e-01  4.07109089659856e-01
  3.73647710835297e-01  3.41830947203987e-01  3.11716470986354e-01
  2.83340541707719e-01  2.56719525341800e-01  2.31851595786828e-01
  2.08718566716036e-01  1.87287803948128e-01  1.67514171664940e-01
  1.49341969777320e-01  1.32706824522203e-01  1.17537499609790e-01
  1.03757600834742e-01  9.12871528899829e-02  8.00440327534965e-02
  6.99452496258630e-02  6.09080664789719e-02  5.28509629424649e-02
  4.56944433002557e-02  3.93616967051844e-02  3.37791194055834e-02
  2.88767106712094e-02  2.45883553819143e-02  2.08520068349115e-02
  1.76097833832200e-02  1.48079921050515e-02  1.23970919232578e-02
  1.03316075529148e-02  8.57000445071106e-03  7.07453366374900e-03
  5.81105420276656e-03  4.74883936045287e-03  3.86037230012531e-03
  3.12113528425267e-03  2.50939610481343e-03  2.00599461849961e-03
  1.59413176496154e-03  1.25916303711615e-03  9.88398054135405e-04
  7.70907635750221e-04  5.97339567976536e-04  4.59744064762187e-04
  3.51409753609089e-04  2.66710835265545e-04  2.00965883916598e-04
  1.50308564752360e-04  1.11570353391890e-04  8.21751522599524e-05
  6.00455189697996e-05  4.35200583246733e-05  3.12813878848456e-05
  2.22939727459470e-05  1.57510394761942e-05  1.10297246991275e-05
  7.65358768378395e-06  5.26161798008239e-06  3.58289337167682e-06
  2.41608731558777e-06  1.61308271656264e-06  1.06601705241586e-06
  6.97156662214722e-07  4.51073645286648e-07  2.88671705097023e-07
  1.82678015679252e-07  1.14281434546502e-07  7.06563529823897e-08
  4.31606081060182e-08  2.60409375778249e-08  1.55140415143108e-08
  9.12342685614062e-09  5.29434562184113e-09  3.03074703201330e-09
  1.71084278999350e-09  9.52051431371324e-10  5.22052917682183e-10
  2.81994727795384e-10  1.49984078886434e-10  7.85170436667475e-11
  4.04426108106734e-11  2.04877571312408e-11  1.02034072201510e-11
  4.99347088845732e-12  2.40033865615194e-12  1.13280852808104e-12
  5.24627234897205e-13  2.38312374627268e-13  1.06127949886365e-13
  4.63106746712669e-14  1.97913096843921e-14  8.27903661382346e-15
  3.38815572553830e-15  1.35570775876954e-15  5.30106385316682e-16
  2.02493683393276e-16  7.54878279429324e-17  2.74388189456668e-17
  9.71018011613884e-18  3.33458399663676e-18  1.10141538612001e-18
  3.40358848277362e-19  1.08441401959099e-19  3.35643406538495e-20
  1.00848094210027e-20  2.93925625387126e-21  8.30333815828814e-22
  2.27180151558705e-22  6.01504125582051e-23  1.53991473790969e-23
 (i6, f12.0, f18.0, f8.3, i6)
   566  60.0000000  0.02500000000000   5.000     1
 (3e22.14)
  1.74743509601117e-06  1.83694637498219e-06  1.93104226888410e-06
  2.02995755145711e-06  2.13393901567846e-06  2.24324608883002e-06
  2.35815147902114e-06  2.47894185477374e-06  2.60591855935892e-06
  2.73939836165999e-06  2.87971424542832e-06  3.02721623889203e-06
  3.18227228677961e-06  3.34526916692307e-06  3.51661345371903e-06
  3.69673253083741e-06  3.88607565569575e-06  4.08511507833789e-06
  4.29434721749747e-06  4.51429389676270e-06  4.74550364391108e-06
  4.98855305663670e-06  5.24404823805913e-06  5.51262630557199e-06
  5.79495697677593e-06  6.09174423642384e-06  6.40372808851440e-06
  6.73168639787280e-06  7.07643682578441e-06  7.43883886447405e-06
  7.81979597547356e-06  8.22025783716772e-06  8.64122270708950e-06
  9.08373990480534e-06  9.54891242154028e-06  1.00378996629955e-05
  1.05519203321465e-05  1.10922554591455e-05  1.16602515858269e-05
  1.22573241126777e-05  1.28849608165517e-05  1.35447255478114e-05
  1.42382621160332e-05  1.49672983738646e-05  1.57336505091215e-05
  1.65392275557040e-05  1.73860361344747e-05  1.82761854357738e-05
  1.92118924558679e-05  2.01954875002275e-05  2.12294199671997e-05
  2.23162644263077e-05  2.34587270061597e-05  2.46596521076639e-05
  2.59220294590883e-05  2.72490015302955e-05  2.86438713243910e-05
  3.01101105659181e-05  3.16513683057277e-05  3.32714799636240e-05
  3.49744768310071e-05  3.67645960567910e-05  3.86462911411064e-05
  4.06242429624843e-05  4.27033713655506e-05  4.48888473375733e-05
  4.71861058036991e-05  4.96008590721219e-05  5.21391109621000e-05
  5.48071716492953e-05  5.76116732647134e-05  6.05595862852799e-05
  6.36582367560699e-05  6.69153243861035e-05  7.03389415618625e-05
  7.39375933247345e-05  7.77202183610456e-05  8.16962110556614e-05
  8.58754446627751e-05  9.02682956500680e-05  9.48856692753910e-05
  9.97390264578466e-05  1.04840412008474e-04  1.10202484288762e-04
  1.15838546368789e-04  1.21762578760195e-04  1.27989273803117e-04
  1.34534071789876e-04  1.41413198912651e-04  1.48643707126326e-04
  1.56243516022534e-04  1.64231456815410e-04  1.72627318544762e-04
  1.81451896607285e-04  1.90727043732324e-04  2.00475723523873e-04
  2.10722066697081e-04  2.21491430143293e-04  2.32810458964665e-04
  2.44707151625921e-04  2.57210928378517e-04  2.70352703119374e-04
  2.84164958855179e-04  2.98681826950574e-04  3.13939170348164e-04
  3.29974670956685e-04  3.46827921413803e-04  3.64540521439323e-04
  3.83156179006078e-04  4.02720816565326e-04  4.23282682576506e-04
  4.44892468601802e-04  4.67603432239571e-04  4.91471526183012e-04
  5.16555533705157e-04  5.42917210884148e-04  5.70621435899883e-04
  5.99736365746448e-04  6.30333600723387e-04  6.62488357084310e-04
  6.96279648240716e-04  7.31790474935955e-04  7.69108024826410e-04
  8.08323881923986e-04  8.49534246379238e-04  8.92840165103275e-04
  9.38347773752637e-04  9.86168550623393e-04  1.03641958302883e-03
  1.08922384675752e-03  1.14471049924169e-03  1.20301518708844e-03
  1.26428036866219e-03  1.32865565243329e-03  1.39629815184443e-03
  1.46737285747565e-03  1.54205302733119e-03  1.62052059609877e-03
  1.70296660428076e-03  1.78959164812714e-03  1.88060635134891e-03
  1.97623185962781e-03  2.07670035899028e-03  2.18225561914935e-03
  2.29315356298118e-03  2.40966286333699e-03  2.53206556845802e-03
  2.66065775730358e-03  2.79575022616817e-03  2.93766920800977e-03
  3.08675712598937e-03  3.24337338276000e-03  3.40789518713483e-03
  3.58071841980606e-03  3.76225853987409e-03  3.95295153400205e-03
  4.15325491010295e-03  4.36364873751368e-03  4.58463673572733e-03
  4.81674741379140e-03  5.06053526260237e-03  5.31658200238044e-03
  5.58549788772122e-03  5.86792307267916e-03  6.16452903847646e-03
  6.47602008645967e-03  6.80313489909524e-03  7.14664817182581e-03
  7.50737231876084e-03  7.88615925523371e-03  8.28390226041173e-03
  8.70153792317237e-03  9.14004817467073e-03  9.60046241101068e-03
  1.00838597096488e-02  1.05913711431832e-02  1.11241821943566e-02
  1.16835352761286e-02  1.22707323609048e-02  1.28871377229434e-02
  1.35341807982619e-02  1.42133591662885e-02  1.49262416577447e-02
  1.56744715932266e-02  1.64597701571856e-02  1.72839399118802e-02
  1.81488684562837e-02  1.90565322345716e-02  2.00090004993706e-02
  2.10084394345586e-02  2.20571164428035e-02  2.31574046028405e-02
  2.43117873016695e-02  2.55228630467020e-02  2.67933504631360e-02
  2.81260934814375e-02  2.95240667202691e-02  3.09903810695863e-02
  3.25282894790546e-02  3.41411929564161e-02  3.58326467806469e-02
  3.76063669341415e-02  3.94662367586405e-02  4.14163138383257e-02
  4.34608371146198e-02  4.56042342353382e-02  4.78511291419142e-02
  5.02063498968678e-02  5.26749367539464e-02  5.52621504723137e-02
  5.79734808760745e-02  6.08146556589540e-02  6.37916494344267e-02
  6.69106930288854e-02  7.01782830170326e-02  7.36011914947415e-02
  7.71864760862977e-02  8.09414901794712e-02  8.48738933820332e-02
  8.89916621908056e-02  9.33031008638361e-02  9.78168524828785e-02
  1.02541910194100e-01  1.07487628608937e-01  1.12663735350152e-01
  1.18080342719614e-01  1.23747959467631e-01  1.29677502636226e-01
  1.35880309448965e-01  1.42368149214536e-01  1.49153235210234e-01
  1.56248236504347e-01  1.63666289678078e-01  1.71421010395266e-01
  1.79526504774884e-01  1.87997380503870e-01  1.96848757635132e-01
  2.06096279000592e-01  2.15756120170247e-01  2.25844998877825e-01
  2.36380183832245e-01  2.47379502820564e-01  2.58861350012488e-01
  2.70844692352783e-01  2.83349074943062e-01  2.96394625280914e-01
  3.10002056241061e-01  3.24192667655349e-01  3.38988346353129e-01
  3.54411564505650e-01  3.70485376118518e-01  3.87233411492893e-01
  4.04679869488762e-01  4.22849507381091e-01  4.41767628134193e-01
  4.61460064859229e-01  4.81953162258335e-01  5.03273754810755e-01
  5.25449141472778e-01  5.48507056636053e-01  5.72475637098161e-01
  5.97383384763389e-01  6.23259124825833e-01  6.50131959116661e-01
  6.78031214374410e-01  7.06986385095590e-01  7.37027070709207e-01
  7.68182906742873e-01  8.00483489694981e-01  8.33958295293439e-01
  8.68636589856728e-01  9.04547334426664e-01  9.41719081424671e-01
  9.80179863478730e-01  1.01995707422933e+00  1.06107734076664e+00
  1.10356638752981e+00  1.14744889138907e+00  1.19274832777004e+00
  1.23948680757295e+00  1.28768490487505e+00  1.33736147517389e+00
  1.38853346427407e+00  1.44121570769853e+00  1.49542072077226e+00
  1.55115847942294e+00  1.60843619200039e+00  1.66725806221356e+00
  1.72762504378030e+00  1.78953458694269e+00  1.85298037768277e+00
  1.91795207004742e+00  1.98443501251187e+00  2.05240996916473e+00
  2.12185283680853e+00  2.19273435902413e+00  2.26501983864391e+00
  2.33866884986426e+00  2.41363495190323e+00  2.48986540553803e+00
  2.56730089497883e+00  2.64587525662453e+00  2.72551521744571e+00
  2.80614014508640e+00  2.88766181252282e+00  2.96998417988759e+00
  3.05300319660304e+00  3.13660662664951e+00  3.22067390061071e+00
  3.30507599731778e+00  3.38967535939968e+00  3.47432584536774e+00
  3.55887272295299e+00  3.64315270658431e+00  3.72699404341310e+00
  3.81021665129806e+00  3.89263231277552e+00  3.97404492837950e+00
  4.05425083333576e+00  4.13303918039507e+00  4.21019239287892e+00
  4.28548668962184e+00  4.35869268608483e+00  4.42957607186175e+00
  4.49789836836757e+00  4.56341776627233e+00  4.62589004459646e+00
  4.68506957074159e+00  4.74071038136300e+00  4.79256734209084e+00
  4.84039738458171e+00  4.88396081680982e+00  4.92302270377747e+00
  4.95735431181660e+00  4.98673461266794e+00  5.01095183742595e+00
  5.02980507473858e+00  5.04310590161121e+00  5.05068003792837e+00
  5.05236901170773e+00  5.04803182386550e+00  5.03754659672607e+00
  5.02081219418696e+00  4.99774979452004e+00  4.96830440318017e+00
  4.93244628476598e+00  4.89017229941248e+00  4.84150712341273e+00
  4.78650433739256e+00  4.72524736179487e+00  4.65785022420288e+00
  4.58445813728485e+00  4.50524787427671e+00  4.42042792222412e+00
  4.33023840099000e+00  4.23495073275913e+00  4.13486705194956e+00
  4.03031934444609e+00  3.92166831139460e+00  3.80930195014898e+00
  3.69363385432326e+00  3.57510123144633e+00  3.45416264584435e+00
  3.33129549372909e+00  3.20699322426077e+00  3.08176232126194e+00
  2.95611906796232e+00  2.83058611575304e+00  2.70568888818164e+00
  2.58195184823231e+00  2.45989466626474e+00  2.34002832487212e+00
  2.22285120158956e+00  2.10884517258681e+00  1.99847178069161e+00
  1.89216851371593e+00  1.79034523820060e+00  1.69338083328473e+00
  1.60162006832818e+00  1.51537076529471e+00  1.43490128357926e+00
  1.36043836135626e+00  1.29216534200466e+00  1.23022080890646e+00
  1.17469764542825e+00  1.12564253027827e+00  1.08305587128959e+00
  1.04689217404540e+00  1.01706083479454e+00  9.93427341319329e-01
  9.75814860040826e-01  9.64006183337733e-01  9.57746007976443e-01
  9.56743513200105e-01  9.60675206085829e-01  9.69188001023226e-01
  9.81902500647556e-01  9.98416445708166e-01  1.01830830212884e+00
  1.04114095402992e+00  1.06646547196787e+00  1.09382492611469e+00
  1.12275821414285e+00  1.15280387418055e+00  1.18350385293489e+00
  1.21440719979149e+00  1.24507365768546e+00  1.27507712226517e+00
  1.30400894139015e+00  1.33148102797755e+00  1.35712876006354e+00
  1.38061364361217e+00  1.40162571456049e+00  1.41988565917206e+00
  1.43514663288329e+00  1.44719576110306e+00  1.45585530726907e+00
  1.46098349694745e+00  1.46247498954614e+00  1.46026099308238e+00
  1.45430902072775e+00  1.44462229230512e+00  1.43123878752328e+00
  1.41422996239866e+00  1.39369914427162e+00  1.36977962513028e+00
  1.34263247723040e+00  1.31244411843313e+00  1.27942365867515e+00
  1.24380006186197e+00  1.20581915999240e+00  1.16574055889382e+00
  1.12383447561577e+00  1.08037854912697e+00  1.03565466539385e+00
  9.89945837656694e-01  9.43533181287895e-01  8.96693020706766e-01
  8.49694163021239e-01  8.02795370284395e-01  7.56243058142835e-01
  7.10269244901834e-01  6.65089770492661e-01  6.20902800022533e-01
  5.77887622031583e-01  5.36203746315952e-01  4.95990301600777e-01
  4.57365728293583e-01  4.20427757150188e-01  3.85253660167213e-01
  3.51900756215886e-01  3.20407150181813e-01  2.90792681474363e-01
  2.63060055056573e-01  2.37196126334483e-01  2.13173309807604e-01
  1.90951080727502e-01  1.70477538994370e-01  1.51691005030175e-01
  1.34521618703447e-01  1.18892914032122e-01  1.04723344811905e-01
  9.19277389719453e-02  8.04186626240759e-02  7.01076780862146e-02
  6.09064837028908e-02  5.27279268577548e-02  4.54868850522990e-02
  3.91010133236314e-02  3.34913593577811e-02  2.85828504611808e-02
  2.43046589602422e-02  2.05904545839149e-02  1.73785539216735e-02
  1.46119781299011e-02  1.22384307008176e-02  1.02102073336774e-02
  8.48404980398664e-03  7.02095526243969e-03  5.78595167080946e-03
  4.74784916028157e-03  3.87897603923625e-03  3.15490704146376e-03
  2.55419024758684e-03  2.05807797369200e-03  1.65026584364594e-03
  1.31664326981332e-03  1.04505768132657e-03  8.25094069767016e-04
  6.47870771991690e-04  5.05851875715141e-04  3.92676207806368e-04
  3.03002536779223e-04  2.32370377078825e-04  1.77075610168327e-04
  1.34060022721755e-04  1.00813793867521e-04  7.52899305258821e-05
  5.58296438398935e-05  4.10976734013513e-05  3.00265939728901e-05
  2.17691776131714e-05  1.56579296456132e-05  1.11709676000131e-05
  7.90346662229098e-06  5.54395175697641e-06  3.85477592880527e-06
  2.65618166386938e-06  1.81340359731223e-06  1.22632702628595e-06
  8.21274118298129e-07  5.44543483812554e-07  3.57379575259166e-07
  2.32095770101825e-07  1.49117957808125e-07  9.47545418281074e-08
  5.95328401655358e-08  3.69722529920518e-08  2.26898029870202e-08
  1.37559676354477e-08  8.23612287938977e-09  4.86843940256049e-09
  2.84020059341509e-09  1.63478365793630e-09  9.28041080889763e-10
  5.19434676502244e-10  2.86533296817156e-10  1.55725509065609e-10
  8.33490034479594e-11  4.39170380210160e-11  2.27717076008825e-11
  1.16148135363578e-11  5.82505818959774e-12  2.87126030755431e-12
  1.39039161700552e-12  6.61146002357749e-13  3.08568506406175e-13
  1.41284020284547e-13  6.34321879205123e-14  2.79115748961636e-14
  1.20307991757970e-14  5.07704094332969e-15  2.09652155671067e-15
  8.46688481445940e-16  3.34210633977290e-16  1.28873351369243e-16
  4.85305776659877e-17  1.78292543015336e-17  6.38447350121701e-18
  2.22511123732894e-18  7.52339833261629e-19  2.44611673364532e-19
  7.43742144865758e-20  2.32950790311520e-20  7.08505390416103e-21
  2.09091419597696e-21  5.98290454504094e-22  1.65855962530894e-22
  4.45087092974728e-23  1.15530521994483e-23  2.89814548414314e-24
  7.02004607062142e-25  1.64048094889188e-25  3.69504084663742e-26
  8.01455665856293e-27  1.67238826617637e-27
 (i6, f12.0, f18.0, f8.3, i6)
   566  60.0000000  0.02500000000000   5.000     1
 (3e22.14)
  1.74743509601117e-06  1.83694637498219e-06  1.93104226888410e-06
  2.02995755145711e-06  2.13393901567846e-06  2.24324608883002e-06
  2.35815147902114e-06  2.47894185477374e-06  2.60591855935892e-06
  2.73939836165999e-06  2.87971424542832e-06  3.02721623889203e-06
  3.18227228677961e-06  3.34526916692307e-06  3.51661345371903e-06
  3.69673253083741e-06  3.88607565569575e-06  4.08511507833789e-06
  4.29434721749747e-06  4.51429389676270e-06  4.74550364391108e-06
  4.98855305663670e-06  5.24404823805913e-06  5.51262630557199e-06
  5.79495697677593e-06  6.09174423642384e-06  6.40372808851440e-06
  6.73168639787280e-06  7.07643682578441e-06  7.43883886447405e-06
  7.81979597547356e-06  8.22025783716772e-06  8.64122270708950e-06
  9.08373990480534e-06  9.54891242154028e-06  1.00378996629955e-05
  1.05519203321465e-05  1.10922554591455e-05  1.16602515858269e-05
  1.22573241126777e-05  1.28849608165517e-05  1.35447255478114e-05
  1.42382621160332e-05  1.49672983738646e-05  1.57336505091215e-05
  1.65392275557040e-05  1.73860361344747e-05  1.82761854357738e-05
  1.92118924558679e-05  2.01954875002275e-05  2.12294199671997e-05
  2.23162644263077e-05  2.34587270061597e-05  2.46596521076639e-05
  2.59220294590883e-05  2.72490015302955e-05  2.86438713243910e-05
  3.01101105659181e-05  3.16513683057277e-05  3.32714799636240e-05
  3.49744768310071e-05  3.67645960567910e-05  3.86462911411064e-05
  4.06242429624843e-05  4.27033713655506e-05  4.48888473375733e-05
  4.71861058036991e-05  4.96008590721219e-05  5.21391109621000e-05
  5.48071716492953e-05  5.76116732647134e-05  6.05595862852799e-05
  6.36582367560699e-05  6.69153243861035e-05  7.03389415618625e-05
  7.39375933247345e-05  7.77202183610456e-05  8.16962110556614e-05
  8.58754446627751e-05  9.02682956500680e-05  9.48856692753910e-05
  9.97390264578466e-05  1.04840412008474e-04  1.10202484288762e-04
  1.15838546368789e-04  1.21762578760195e-04  1.27989273803117e-04
  1.34534071789876e-04  1.41413198912651e-04  1.48643707126326e-04
  1.56243516022534e-04  1.64231456815410e-04  1.72627318544762e-04
  1.81451896607285e-04  1.90727043732324e-04  2.00475723523873e-04
  2.10722066697081e-04  2.21491430143293e-04  2.32810458964665e-04
  2.44707151625921e-04  2.57210928378517e-04  2.70352703119374e-04
  2.84164958855179e-04  2.98681826950574e-04  3.13939170348164e-04
  3.29974670956685e-04  3.46827921413803e-04  3.64540521439323e-04
  3.83156179006078e-04  4.02720816565326e-04  4.23282682576506e-04
  4.44892468601802e-04  4.67603432239571e-04  4.91471526183012e-04
  5.16555533705157e-04  5.42917210884148e-04  5.70621435899883e-04
  5.99736365746448e-04  6.30333600723387e-04  6.62488357084310e-04
  6.96279648240716e-04  7.31790474935955e-04  7.69108024826410e-04
  8.08323881923986e-04  8.49534246379238e-04  8.92840165103275e-04
  9.38347773752637e-04  9.86168550623393e-04  1.03641958302883e-03
  1.08922384675752e-03  1.14471049924169e-03  1.20301518708844e-03
  1.26428036866219e-03  1.32865565243329e-03  1.39629815184443e-03
  1.46737285747565e-03  1.54205302733119e-03  1.62052059609877e-03
  1.70296660428076e-03  1.78959164812714e-03  1.88060635134891e-03
  1.97623185962781e-03  2.07670035899028e-03  2.18225561914935e-03
  2.29315356298118e-03  2.40966286333699e-03  2.53206556845802e-03
  2.66065775730358e-03  2.79575022616817e-03  2.93766920800977e-03
  3.08675712598937e-03  3.24337338276000e-03  3.40789518713483e-03
  3.58071841980606e-03  3.76225853987409e-03  3.95295153400205e-03
  4.15325491010295e-03  4.36364873751368e-03  4.58463673572733e-03
  4.81674741379140e-03  5.06053526260237e-03  5.31658200238044e-03
  5.58549788772122e-03  5.86792307267916e-03  6.16452903847646e-03
  6.47602008645967e-03  6.80313489909524e-03  7.14664817182581e-03
  7.50737231876084e-03  7.88615925523371e-03  8.28390226041173e-03
  8.70153792317237e-03  9.14004817467073e-03  9.60046241101068e-03
  1.00838597096488e-02  1.05913711431832e-02  1.11241821943566e-02
  1.16835352761286e-02  1.22707323609048e-02  1.28871377229434e-02
  1.35341807982619e-02  1.42133591662885e-02  1.49262416577447e-02
  1.56744715932266e-02  1.64597701571856e-02  1.72839399118802e-02
  1.81488684562837e-02  1.90565322345716e-02  2.00090004993706e-02
  2.10084394345586e-02  2.20571164428035e-02  2.31574046028405e-02
  2.43117873016695e-02  2.55228630467020e-02  2.67933504631360e-02
  2.81260934814375e-02  2.95240667202691e-02  3.09903810695863e-02
  3.25282894790546e-02  3.41411929564161e-02  3.58326467806469e-02
  3.76063669341415e-02  3.94662367586405e-02  4.14163138383257e-02
  4.34608371146198e-02  4.56042342353382e-02  4.78511291419142e-02
  5.02063498968678e-02  5.26749367539464e-02  5.52621504723137e-02
  5.79734808760745e-02  6.08146556589540e-02  6.37916494344267e-02
  6.69106930288854e-02  7.01782830170326e-02  7.36011914947415e-02
  7.71864760862977e-02  8.09414901794712e-02  8.48738933820332e-02
  8.89916621908056e-02  9.33031008638361e-02  9.78168524828785e-02
  1.02541910194100e-01  1.07487628608937e-01  1.12663735350152e-01
  1.18080342719614e-01  1.23747959467631e-01  1.29677502636226e-01
  1.35880309448965e-01  1.42368149214536e-01  1.49153235210234e-01
  1.56248236504347e-01  1.63666289678078e-01  1.71421010395266e-01
  1.79526504774884e-01  1.87997380503870e-01  1.96848757635132e-01
  2.06096279000592e-01  2.15756120170247e-01  2.25844998877825e-01
  2.36380183832245e-01  2.47379502820564e-01  2.58861350012488e-01
  2.70844692352783e-01  2.83349074943062e-01  2.96394625280914e-01
  3.10002056241061e-01  3.24192667655349e-01  3.38988346353129e-01
  3.54411564505650e-01  3.70485376118518e-01  3.87233411492893e-01
  4.04679869488762e-01  4.22849507381091e-01  4.41767628134193e-01
  4.61460064859229e-01  4.81953162258335e-01  5.03273754810755e-01
  5.25449141472778e-01  5.48507056636053e-01  5.72475637098161e-01
  5.97383384763389e-01  6.23259124825833e-01  6.50131959116661e-01
  6.78031214374410e-01  7.06986385095590e-01  7.37027070709207e-01
  7.68182906742873e-01  8.00483489694981e-01  8.33958295293439e-01
  8.68636589856728e-01  9.04547334426664e-01  9.41719081424671e-01
  9.80179863478730e-01  1.01995707422933e+00  1.06107734076664e+00
  1.10356638752981e+00  1.14744889138907e+00  1.19274832777004e+00
  1.23948680757295e+00  1.28768490487505e+00  1.33736147517389e+00
  1.38853346427407e+00  1.44121570769853e+00  1.49542072077226e+00
  1.55115847942294e+00  1.60843619200039e+00  1.66725806221356e+00
  1.72762504378030e+00  1.78953458694269e+00  1.85298037768277e+00
  1.91795207004742e+00  1.98443501251187e+00  2.05240996916473e+00
  2.12185283680853e+00  2.19273435902413e+00  2.26501983864391e+00
  2.33866884986426e+00  2.41363495190323e+00  2.48986540553803e+00
  2.56730089497883e+00  2.64587525662453e+00  2.72551521744571e+00
  2.80614014508640e+00  2.88766181252282e+00  2.96998417988759e+00
  3.05300319660304e+00  3.13660662664951e+00  3.22067390061071e+00
  3.30507599731778e+00  3.38967535939968e+00  3.47432584536774e+00
  3.55887272295299e+00  3.64315270658431e+00  3.72699404341310e+00
  3.81021665129806e+00  3.89263231277552e+00  3.97404492837950e+00
  4.05425083333576e+00  4.13303918039507e+00  4.21019239287892e+00
  4.28548668962184e+00  4.35869268608483e+00  4.42957607186175e+00
  4.49789836836757e+00  4.56341776627233e+00  4.62589004459646e+00
  4.68506957074159e+00  4.74071038136300e+00  4.79256734209084e+00
  4.84039738458171e+00  4.88396081680982e+00  4.92302270377747e+00
  4.95735431181660e+00  4.98673461266794e+00  5.01095183742595e+00
  5.02980507473858e+00  5.04310590161121e+00  5.05068003792837e+00
  5.05236901170773e+00  5.04803182386550e+00  5.03754659672607e+00
  5.02081219418696e+00  4.99774979452004e+00  4.96830440318017e+00
  4.93244628476598e+00  4.89017229941248e+00  4.84150712341273e+00
  4.78650433739256e+00  4.72524736179487e+00  4.65785022420288e+00
  4.58445813728485e+00  4.50524787427671e+00  4.42042792222412e+00
  4.33023840099000e+00  4.23495073275913e+00  4.13486705194956e+00
  4.03031934444609e+00  3.92166831139460e+00  3.80930195014898e+00
  3.69363385432326e+00  3.57510123144633e+00  3.45416264584435e+00
  3.33129549372909e+00  3.20699322426077e+00  3.08176232126194e+00
  2.95611906796232e+00  2.83058611575304e+00  2.70568888818164e+00
  2.58195184823231e+00  2.45989466626474e+00  2.34002832487212e+00
  2.22285120158956e+00  2.10884517258681e+00  1.99847178069161e+00
  1.89216851371593e+00  1.79034523820060e+00  1.69338083328473e+00
  1.60162006832818e+00  1.51537076529471e+00  1.43490128357926e+00
  1.36043836135626e+00  1.29216534200466e+00  1.23022080890646e+00
  1.17469764542825e+00  1.12564253027827e+00  1.08305587128959e+00
  1.04689217404540e+00  1.01706083479454e+00  9.93427341319329e-01
  9.75814860040826e-01  9.64006183337733e-01  9.57746007976443e-01
  9.56743513200105e-01  9.60675206085829e-01  9.69188001023226e-01
  9.81902500647556e-01  9.98416445708166e-01  1.01830830212884e+00
  1.04114095402992e+00  1.06646547196787e+00  1.09382492611469e+00
  1.12275821414285e+00  1.15280387418055e+00  1.18350385293489e+00
  1.21440719979149e+00  1.24507365768546e+00  1.27507712226517e+00
  1.30400894139015e+00  1.33148102797755e+00  1.35712876006354e+00
  1.38061364361217e+00  1.40162571456049e+00  1.41988565917206e+00
  1.43514663288329e+00  1.44719576110306e+00  1.45585530726907e+00
  1.46098349694745e+00  1.46247498954614e+00  1.46026099308238e+00
  1.45430902072775e+00  1.44462229230512e+00  1.43123878752328e+00
  1.41422996239866e+00  1.39369914427162e+00  1.36977962513028e+00
  1.34263247723040e+00  1.31244411843313e+00  1.27942365867515e+00
  1.24380006186197e+00  1.20581915999240e+00  1.16574055889382e+00
  1.12383447561577e+00  1.08037854912697e+00  1.03565466539385e+00
  9.89945837656694e-01  9.43533181287895e-01  8.96693020706766e-01
  8.49694163021239e-01  8.02795370284395e-01  7.56243058142835e-01
  7.10269244901834e-01  6.65089770492661e-01  6.20902800022533e-01
  5.77887622031583e-01  5.36203746315952e-01  4.95990301600777e-01
  4.57365728293583e-01  4.20427757150188e-01  3.85253660167213e-01
  3.51900756215886e-01  3.20407150181813e-01  2.90792681474363e-01
  2.63060055056573e-01  2.37196126334483e-01  2.13173309807604e-01
  1.90951080727502e-01  1.70477538994370e-01  1.51691005030175e-01
  1.34521618703447e-01  1.18892914032122e-01  1.04723344811905e-01
  9.19277389719453e-02  8.04186626240759e-02  7.01076780862146e-02
  6.09064837028908e-02  5.27279268577548e-02  4.54868850522990e-02
  3.91010133236314e-02  3.34913593577811e-02  2.85828504611808e-02
  2.43046589602422e-02  2.05904545839149e-02  1.73785539216735e-02
  1.46119781299011e-02  1.22384307008176e-02  1.02102073336774e-02
  8.48404980398664e-03  7.02095526243969e-03  5.78595167080946e-03
  4.74784916028157e-03  3.87897603923625e-03  3.15490704146376e-03
  2.55419024758684e-03  2.05807797369200e-03  1.65026584364594e-03
  1.31664326981332e-03  1.04505768132657e-03  8.25094069767016e-04
  6.47870771991690e-04  5.05851875715141e-04  3.92676207806368e-04
  3.03002536779223e-04  2.32370377078825e-04  1.77075610168327e-04
  1.34060022721755e-04  1.00813793867521e-04  7.52899305258821e-05
  5.58296438398935e-05  4.10976734013513e-05  3.00265939728901e-05
  2.17691776131714e-05  1.56579296456132e-05  1.11709676000131e-05
  7.90346662229098e-06  5.54395175697641e-06  3.85477592880527e-06
  2.65618166386938e-06  1.81340359731223e-06  1.22632702628595e-06
  8.21274118298129e-07  5.44543483812554e-07  3.57379575259166e-07
  2.32095770101825e-07  1.49117957808125e-07  9.47545418281074e-08
  5.95328401655358e-08  3.69722529920518e-08  2.26898029870202e-08
  1.37559676354477e-08  8.23612287938977e-09  4.86843940256049e-09
  2.84020059341509e-09  1.63478365793630e-09  9.28041080889763e-10
  5.19434676502244e-10  2.86533296817156e-10  1.55725509065609e-10
  8.33490034479594e-11  4.39170380210160e-11  2.27717076008825e-11
  1.16148135363578e-11  5.82505818959774e-12  2.87126030755431e-12
  1.39039161700552e-12  6.61146002357749e-13  3.08568506406175e-13
  1.41284020284547e-13  6.34321879205123e-14  2.79115748961636e-14
  1.20307991757970e-14  5.07704094332969e-15  2.09652155671067e-15
  8.46688481445940e-16  3.34210633977290e-16  1.28873351369243e-16
  4.85305776659877e-17  1.78292543015336e-17  6.38447350121701e-18
  2.22511123732894e-18  7.52339833261629e-19  2.44611673364532e-19
  7.43742144865758e-20  2.32950790311520e-20  7.08505390416103e-21
  2.09091419597696e-21  5.98290454504094e-22  1.65855962530894e-22
  4.45087092974728e-23  1.15530521994483e-23  2.89814548414314e-24
  7.02004607062142e-25  1.64048094889188e-25  3.69504084663742e-26
  8.01455665856293e-27  1.67238826617637e-27
