                        MPI RSPT
 RSPt version number:         rspt.6.0102221136
 Git hash of master, current:                  
 compiler flags             : -O2 -xHost -qmkl=sequential -DMKLFFT                    

                   MPI Task Configuration
 Tasks in k-point parallelization:                  64
 Tasks in intra-k-point parallelization:             1
 Total MPI tasks:                                   64
                   FFT Configuration
                                MKL FFT
 
 Readin: Please, set the env variable
  RSPT_SCRATCH to point to your scratch directory.



                           RSPT
                        OUTPUT for :
 LABEL                                                          
      time             date             host
     11.02         17 Apr 2025          n488

c Parameters (para.glo):
      integer     ncqpar, ntppar, nclpar, nlmpar, nsdpar, nthpar
     >          , nchpar, norpar, nrppar, nktpar, nttpar, nespar
     >          , ntlpar, nylpar, optpar, nptpar, ntepar
      parameter (
     >     ncqpar=         N/A
     >   , ntppar=     9, nclpar=     9
     >   , nlmpar=     8, nsdpar=     2
     >   , nthpar=   729, nchpar=   153
     >   , norpar=   104, nrppar=   539
     >   , nktpar=  3456, nttpar=     0
     >   , nespar=     2, ntlpar=     3
     >   , nylpar=    48, optpar=  5000
     >          )
      parameter (nptpar = nrppar + 100, ntepar = ntlpar * nespar)
c fix these
      integer     nftpar, nprpar, nkwpar, newpar, nutpar
      parameter (nftpar=512, nprpar=9, nkwpar=1, newpar=1, nutpar=1)

  ntype    lm  lmwp     valence
      9     8     8       133.0
       warpin      warpmt        pmix
            T           T       0.020
       fulrel      spipol  iterations
            F           T           1
 control variables :
     +    1    +    2    +    3    +    4    +    5    +    6    +    7
 FFTFFFFFTFFFFFFFFFFFTFTFFFFFFFFTFFFFTFFFFFFFTFFFFFFFFFFFFFFFTFFFFFTTFFFF

      Exchange-Correlation function ...
         Perdew and Wang 1992                                           

    ntl     .   nes     .     .           .           .   log(epst)
      3     1     2     1     1         0.0         0.0     -38.000
   tail      ( t )**2     ( tR )**2         .     ?  .  .  .
      1    -0.1000000   -11.6806844     0.000     0  1  0  1
      2    -2.3000000  -268.6557412     0.000     0  1  0  1
      3    -1.5000000  -175.2102660     0.000     0  1  0  1

 Bravais lattice basis / 10.8077215 ... R(i,j) = R_i(j)
  1.00000000000000  .000000000000000  .500000000000000
  .000000000000000  1.00000000000000  .500000000000000
  .000000000000000  .000000000000000  .549989509022241

 Reciprocal lattice basis * 10.8077215 / twopi ... G(i,j) = G_i(j)
  1.00000000000000  .000000000000000  .000000000000000
  .000000000000000  1.00000000000000  .000000000000000
 -.909108249880782 -.909108249880782  1.81821649976156

 unit cell volume: 
       .549989509022241 * 10.8077215**3
       .131300323514361 * 10.8077215**3 * 4pi/3

 Procedures:
 Diagonalization    ... 2

 Brillouin zone integration ...

 Brillouin zone vectors :  1 point sets
          set        nkbz       iwsum
            1        3456        3456

     Integration method:
     Special points with Fermi smearing ...
          kT(mRy)     Ecut/kT
            3.000      24.000
      Spin axis ...
                 x                 y                 z
  0.00000000000000  0.00000000000000  0.00000000000000
             alpha              beta             gamma
  0.00000000000000  0.00000000000000  0.00000000000000
          Field strength        Field star   Mix Ratio
                  0.0000                 1    0.100000
 Type     Z     e   Sites   Harmonics
    1  26.0 10.00       1          81
            S       Sco/S       Sex/S       Sws/S     ScoFlag
    1.7713487   1.5128949   1.0000000   1.0000000           p
                       dx                r1   Nmt
      2.5000000000000E-02   2.552955715E-06   539
 G*t/2pi:                 1                   2                   3
       -2.8980000000000E-01-2.8980000000000E-01-4.2040000000000E-01
       Core    Levels :   n           k         occ        flag
                          1          -1       2.000           0
                          2          -1       2.000           0
                          2           1       2.000           0
                          2          -2       4.000           0
                          3          -1       0.000           0
                          3           1       0.000           0
                          3          -2       0.000           0
      Valence levels:
           e  l  spin  n  i
           1  0  down  4  0
                   up  4  0
              1  down  4  0
                   up  4  0
              2  down  3 -1
                   up  3 -1
              3  down  4  0
                   up  4  0
              4  down  5  0
                   up  5  0
              5  down  6  0
                   up  6  0
              6  down  7  0
                   up  7  0
              7  down  8  0
                   up  8  0
              8  down  9  0
                   up  9  0
           2  0  down  3 -1
                   up  3 -1
              1  down  3 -1
                   up  3 -1
              2  down  3  0
                   up  3  0
              3  down  4  0
                   up  4  0
              4  down  5  0
                   up  5  0
              5  down  6  0
                   up  6  0
              6  down  7  0
                   up  7  0
              7  down  8  0
                   up  8  0
              8  down  9  0
                   up  9  0
 Type     Z     e   Sites   Harmonics
    2  26.0 10.00       1          81
            S       Sco/S       Sex/S       Sws/S     ScoFlag
    1.7713487   1.5128949   1.0000000   1.0000000           p
                       dx                r1   Nmt
      2.5000000000000E-02   2.552955715E-06   539
 G*t/2pi:                 1                   2                   3
        2.8980000000001E-01 2.8980000000001E-01 4.2039999999998E-01
       Core    Levels :   n           k         occ        flag
                          1          -1       2.000           0
                          2          -1       2.000           0
                          2           1       2.000           0
                          2          -2       4.000           0
                          3          -1       0.000           0
                          3           1       0.000           0
                          3          -2       0.000           0
      Valence levels:
           e  l  spin  n  i
           1  0  down  4  0
                   up  4  0
              1  down  4  0
                   up  4  0
              2  down  3 -1
                   up  3 -1
              3  down  4  0
                   up  4  0
              4  down  5  0
                   up  5  0
              5  down  6  0
                   up  6  0
              6  down  7  0
                   up  7  0
              7  down  8  0
                   up  8  0
              8  down  9  0
                   up  9  0
           2  0  down  3 -1
                   up  3 -1
              1  down  3 -1
                   up  3 -1
              2  down  3  0
                   up  3  0
              3  down  4  0
                   up  4  0
              4  down  5  0
                   up  5  0
              5  down  6  0
                   up  6  0
              6  down  7  0
                   up  7  0
              7  down  8  0
                   up  8  0
              8  down  9  0
                   up  9  0
 Type     Z     e   Sites   Harmonics
    3  26.0 10.00       1          81
            S       Sco/S       Sex/S       Sws/S     ScoFlag
    1.7713487   1.5128949   1.0000000   1.0000000           p
                       dx                r1   Nmt
      2.5000000000000E-02   2.552955715E-06   539
 G*t/2pi:                 1                   2                   3
        2.4490000000000E-01 2.4490000000000E-01 5.0000000000000E-15
       Core    Levels :   n           k         occ        flag
                          1          -1       2.000           0
                          2          -1       2.000           0
                          2           1       2.000           0
                          2          -2       4.000           0
                          3          -1       0.000           0
                          3           1       0.000           0
                          3          -2       0.000           0
      Valence levels:
           e  l  spin  n  i
           1  0  down  4  0
                   up  4  0
              1  down  4  0
                   up  4  0
              2  down  3 -1
                   up  3 -1
              3  down  4  0
                   up  4  0
              4  down  5  0
                   up  5  0
              5  down  6  0
                   up  6  0
              6  down  7  0
                   up  7  0
              7  down  8  0
                   up  8  0
              8  down  9  0
                   up  9  0
           2  0  down  3 -1
                   up  3 -1
              1  down  3 -1
                   up  3 -1
              2  down  3  0
                   up  3  0
              3  down  4  0
                   up  4  0
              4  down  5  0
                   up  5  0
              5  down  6  0
                   up  6  0
              6  down  7  0
                   up  7  0
              7  down  8  0
                   up  8  0
              8  down  9  0
                   up  9  0
 Type     Z     e   Sites   Harmonics
    4  26.0 10.00       1          81
            S       Sco/S       Sex/S       Sws/S     ScoFlag
    1.7713487   1.5128949   1.0000000   1.0000000           p
                       dx                r1   Nmt
      2.5000000000000E-02   2.552955715E-06   539
 G*t/2pi:                 1                   2                   3
        2.4490000000000E-01-2.4490000000000E-01-2.0000000000000E-15
       Core    Levels :   n           k         occ        flag
                          1          -1       2.000           0
                          2          -1       2.000           0
                          2           1       2.000           0
                          2          -2       4.000           0
                          3          -1       0.000           0
                          3           1       0.000           0
                          3          -2       0.000           0
      Valence levels:
           e  l  spin  n  i
           1  0  down  4  0
                   up  4  0
              1  down  4  0
                   up  4  0
              2  down  3 -1
                   up  3 -1
              3  down  4  0
                   up  4  0
              4  down  5  0
                   up  5  0
              5  down  6  0
                   up  6  0
              6  down  7  0
                   up  7  0
              7  down  8  0
                   up  8  0
              8  down  9  0
                   up  9  0
           2  0  down  3 -1
                   up  3 -1
              1  down  3 -1
                   up  3 -1
              2  down  3  0
                   up  3  0
              3  down  4  0
                   up  4  0
              4  down  5  0
                   up  5  0
              5  down  6  0
                   up  6  0
              6  down  7  0
                   up  7  0
              7  down  8  0
                   up  8  0
              8  down  9  0
                   up  9  0
 Type     Z     e   Sites   Harmonics
    5  26.0 10.00       1          81
            S       Sco/S       Sex/S       Sws/S     ScoFlag
    1.7713487   1.5128949   1.0000000   1.0000000           p
                       dx                r1   Nmt
      2.5000000000000E-02   2.552955715E-06   539
 G*t/2pi:                 1                   2                   3
       -2.4490000000000E-01 2.4490000000000E-01-6.0000000000000E-15
       Core    Levels :   n           k         occ        flag
                          1          -1       2.000           0
                          2          -1       2.000           0
                          2           1       2.000           0
                          2          -2       4.000           0
                          3          -1       0.000           0
                          3           1       0.000           0
                          3          -2       0.000           0
      Valence levels:
           e  l  spin  n  i
           1  0  down  4  0
                   up  4  0
              1  down  4  0
                   up  4  0
              2  down  3 -1
                   up  3 -1
              3  down  4  0
                   up  4  0
              4  down  5  0
                   up  5  0
              5  down  6  0
                   up  6  0
              6  down  7  0
                   up  7  0
              7  down  8  0
                   up  8  0
              8  down  9  0
                   up  9  0
           2  0  down  3 -1
                   up  3 -1
              1  down  3 -1
                   up  3 -1
              2  down  3  0
                   up  3  0
              3  down  4  0
                   up  4  0
              4  down  5  0
                   up  5  0
              5  down  6  0
                   up  6  0
              6  down  7  0
                   up  7  0
              7  down  8  0
                   up  8  0
              8  down  9  0
                   up  9  0
 Type     Z     e   Sites   Harmonics
    6  26.0 10.00       1          81
            S       Sco/S       Sex/S       Sws/S     ScoFlag
    1.7713487   1.5128949   1.0000000   1.0000000           p
                       dx                r1   Nmt
      2.5000000000000E-02   2.552955715E-06   539
 G*t/2pi:                 1                   2                   3
       -2.4490000000001E-01-2.4490000000001E-01 1.0000000000000E-14
       Core    Levels :   n           k         occ        flag
                          1          -1       2.000           0
                          2          -1       2.000           0
                          2           1       2.000           0
                          2          -2       4.000           0
                          3          -1       0.000           0
                          3           1       0.000           0
                          3          -2       0.000           0
      Valence levels:
           e  l  spin  n  i
           1  0  down  4  0
                   up  4  0
              1  down  4  0
                   up  4  0
              2  down  3 -1
                   up  3 -1
              3  down  4  0
                   up  4  0
              4  down  5  0
                   up  5  0
              5  down  6  0
                   up  6  0
              6  down  7  0
                   up  7  0
              7  down  8  0
                   up  8  0
              8  down  9  0
                   up  9  0
           2  0  down  3 -1
                   up  3 -1
              1  down  3 -1
                   up  3 -1
              2  down  3  0
                   up  3  0
              3  down  4  0
                   up  4  0
              4  down  5  0
                   up  5  0
              5  down  6  0
                   up  6  0
              6  down  7  0
                   up  7  0
              7  down  8  0
                   up  8  0
              8  down  9  0
                   up  9  0
 Type     Z     e   Sites   Harmonics
    7  26.0 10.00       1          81
            S       Sco/S       Sex/S       Sws/S     ScoFlag
    1.7713487   1.5128949   1.0000000   1.0000000           p
                       dx                r1   Nmt
      2.5000000000000E-02   2.552955715E-06   539
 G*t/2pi:                 1                   2                   3
       -2.4999999999999E-01 2.5000000000001E-01 4.9999999999997E-01
       Core    Levels :   n           k         occ        flag
                          1          -1       2.000           0
                          2          -1       2.000           0
                          2           1       2.000           0
                          2          -2       4.000           0
                          3          -1       0.000           0
                          3           1       0.000           0
                          3          -2       0.000           0
      Valence levels:
           e  l  spin  n  i
           1  0  down  4  0
                   up  4  0
              1  down  4  0
                   up  4  0
              2  down  3 -1
                   up  3 -1
              3  down  4  0
                   up  4  0
              4  down  5  0
                   up  5  0
              5  down  6  0
                   up  6  0
              6  down  7  0
                   up  7  0
              7  down  8  0
                   up  8  0
              8  down  9  0
                   up  9  0
           2  0  down  3 -1
                   up  3 -1
              1  down  3 -1
                   up  3 -1
              2  down  3  0
                   up  3  0
              3  down  4  0
                   up  4  0
              4  down  5  0
                   up  5  0
              5  down  6  0
                   up  6  0
              6  down  7  0
                   up  7  0
              7  down  8  0
                   up  8  0
              8  down  9  0
                   up  9  0
 Type     Z     e   Sites   Harmonics
    8  26.0 10.00       1          81
            S       Sco/S       Sex/S       Sws/S     ScoFlag
    1.7713487   1.5128949   1.0000000   1.0000000           p
                       dx                r1   Nmt
      2.5000000000000E-02   2.552955715E-06   539
 G*t/2pi:                 1                   2                   3
        2.4999999999999E-01-2.5000000000001E-01-4.9999999999998E-01
       Core    Levels :   n           k         occ        flag
                          1          -1       2.000           0
                          2          -1       2.000           0
                          2           1       2.000           0
                          2          -2       4.000           0
                          3          -1       0.000           0
                          3           1       0.000           0
                          3          -2       0.000           0
      Valence levels:
           e  l  spin  n  i
           1  0  down  4  0
                   up  4  0
              1  down  4  0
                   up  4  0
              2  down  3 -1
                   up  3 -1
              3  down  4  0
                   up  4  0
              4  down  5  0
                   up  5  0
              5  down  6  0
                   up  6  0
              6  down  7  0
                   up  7  0
              7  down  8  0
                   up  8  0
              8  down  9  0
                   up  9  0
           2  0  down  3 -1
                   up  3 -1
              1  down  3 -1
                   up  3 -1
              2  down  3  0
                   up  3  0
              3  down  4  0
                   up  4  0
              4  down  5  0
                   up  5  0
              5  down  6  0
                   up  6  0
              6  down  7  0
                   up  7  0
              7  down  8  0
                   up  8  0
              8  down  9  0
                   up  9  0
 Type     Z     e   Sites   Harmonics
    9   7.0  2.00       1          81
            S       Sco/S       Sex/S       Sws/S     ScoFlag
    1.5043259   1.5128949   1.0000000   1.0000000           p
                       dx                r1   Nmt
      2.5000000000000E-02   1.247660673E-05   469
 G*t/2pi:                 1                   2                   3
       -5.0000000000000E-15-5.0000000000000E-15 9.0000000000000E-15
       Core    Levels :   n           k         occ        flag
                          1          -1       2.000           0
      Valence levels:
           e  l  spin  n  i
           1  0  down  2  0
                   up  2  0
              1  down  2  0
                   up  2  0
              2  down  3  0
                   up  3  0
              3  down  4  0
                   up  4  0
              4  down  5  0
                   up  5  0
              5  down  6  0
                   up  6  0
              6  down  7  0
                   up  7  0
              7  down  8  0
                   up  8  0
              8  down  9  0
                   up  9  0
           2  0  down  2  0
                   up  2  0
              1  down  2  0
                   up  2  0
              2  down  3  0
                   up  3  0
              3  down  4  0
                   up  4  0
              4  down  5  0
                   up  5  0
              5  down  6  0
                   up  6  0
              6  down  7  0
                   up  7  0
              7  down  8  0
                   up  8  0
              8  down  9  0
                   up  9  0

 Valence Basis Functions.
        Bases    MD    EV
          104   524   334
        t  a  l  e     tail         
        1  1  0  1        1
        1  1  0  1        2
        1  1  0  1        3
        1  1  1  1        1
        1  1  1  1        2
        1  1  1  1        3
        1  1  2  1        1
        1  1  2  1        2
        1  1  0  2        1
        1  1  0  2        2
        1  1  1  2        1
        1  1  1  2        2
        2  1  0  1        1
        2  1  0  1        2
        2  1  0  1        3
        2  1  1  1        1
        2  1  1  1        2
        2  1  1  1        3
        2  1  2  1        1
        2  1  2  1        2
        2  1  0  2        1
        2  1  0  2        2
        2  1  1  2        1
        2  1  1  2        2
        3  1  0  1        1
        3  1  0  1        2
        3  1  0  1        3
        3  1  1  1        1
        3  1  1  1        2
        3  1  1  1        3
        3  1  2  1        1
        3  1  2  1        2
        3  1  0  2        1
        3  1  0  2        2
        3  1  1  2        1
        3  1  1  2        2
        4  1  0  1        1
        4  1  0  1        2
        4  1  0  1        3
        4  1  1  1        1
        4  1  1  1        2
        4  1  1  1        3
        4  1  2  1        1
        4  1  2  1        2
        4  1  0  2        1
        4  1  0  2        2
        4  1  1  2        1
        4  1  1  2        2
        5  1  0  1        1
        5  1  0  1        2
        5  1  0  1        3
        5  1  1  1        1
        5  1  1  1        2
        5  1  1  1        3
        5  1  2  1        1
        5  1  2  1        2
        5  1  0  2        1
        5  1  0  2        2
        5  1  1  2        1
        5  1  1  2        2
        6  1  0  1        1
        6  1  0  1        2
        6  1  0  1        3
        6  1  1  1        1
        6  1  1  1        2
        6  1  1  1        3
        6  1  2  1        1
        6  1  2  1        2
        6  1  0  2        1
        6  1  0  2        2
        6  1  1  2        1
        6  1  1  2        2
        7  1  0  1        1
        7  1  0  1        2
        7  1  0  1        3
        7  1  1  1        1
        7  1  1  1        2
        7  1  1  1        3
        7  1  2  1        1
        7  1  2  1        2
        7  1  0  2        1
        7  1  0  2        2
        7  1  1  2        1
        7  1  1  2        2
        8  1  0  1        1
        8  1  0  1        2
        8  1  0  1        3
        8  1  1  1        1
        8  1  1  1        2
        8  1  1  1        3
        8  1  2  1        1
        8  1  2  1        2
        8  1  0  2        1
        8  1  0  2        2
        8  1  1  2        1
        8  1  1  2        2
        9  1  0  1        1
        9  1  0  1        2
        9  1  0  1        3
        9  1  1  1        1
        9  1  1  1        2
        9  1  1  1        3
        9  1  2  1        1
        9  1  2  1        2

 unit cell volume:  694.315467736946
    radius of V/N:  2.64083889
       muffin tins      interstitial   v(I)/vcell
  200.507473947598  493.807993789348  .711215602611975
 FT initialization done

 Shift unit cell vectors. In Wyckof coordinates, :
     a                dx                dy                dz
     1  .000000000000000  .000000000000000  .000000000000000
     2  .000000000000000  .000000000000000  .000000000000000
     3  .000000000000000  .000000000000000  .000000000000000
     4  .000000000000000  .000000000000000  .000000000000000
     5  .000000000000000  .000000000000000  .000000000000000
     6  .000000000000000  .000000000000000  .000000000000000
     7  .000000000000000  .000000000000000  .000000000000000
     8  .000000000000000  .000000000000000  .000000000000000
     9  .000000000000000  .000000000000000  .000000000000000

 New unit cell vectors in Wyckoff coordinates:
     a                 x                 y                 z
     1 -.289800000000001 -.289800000000001 -.420399999999998
     2  .289800000000008  .289800000000008  .420399999999984
     3  .244899999999997  .244899999999997  .000000000000005
     4  .244900000000001 -.244899999999999 -.000000000000002
     5 -.244899999999997  .244900000000003 -.000000000000006
     6 -.244900000000005 -.244900000000005  .000000000000010
     7 -.249999999999987  .250000000000013  .499999999999974
     8  .249999999999988 -.250000000000012 -.499999999999977
     9 -.000000000000005 -.000000000000005  .000000000000009
 Reciprocal lattice read from gvector

 Reciprocal lattice:
       Group:  1      Grid(-Mi:Mi):  M = ( 22, 22, 19)
       stars     vectors               max * S_a
       78975       78975         124.01829854768
 TIME: RLGEN:      0.005m in,      0.001m added,      0.006m total

 setchi: this lattice lacks inversion symmetry
         cut on interstitial potential:  0.1110223024625E-15
 TIME: SETCHI:      0.006m in,      0.000m added,      0.006m total

 Bravais lattice:
       Group:  1      Grid(-Mi:Mi):  M = ( 22, 22, 19)
       stars     vectors               max / S_a
       78975       78975         187.26184221397
 TIME: BLGEN:      0.006m in,      0.000m added,      0.006m total

 Nearest neighbors: min_{b+R} |b+R-a|, |b+R-a| < 1.1 (min|R|= 9.6817428)
  ta  tb         d/L        2S/d   d(au)    d(A)    a    b
   1   9 .3187739194 .9507882851 3.44521 1.82313    1    9
       5 .4285004887 .7649773772 4.63111 2.45068    1    5
       4 .4285004887 .7649773772 4.63111 2.45068    1    4
       3 .4285004887 .7649773772 4.63111 2.45068    1    3
       6 .4285004887 .7649773772 4.63111 2.45068    1    6
       2 .4624311791 .7088474886 4.99782 2.64473    1    2
       8 .5019129558 .6530877041 5.42453 2.87054    1    8
       7 .5019129558 .6530877041 5.42453 2.87054    1    7
       1 .8958172023 .3659152550 9.68174 5.12335    1    1
   2   9 .3187739194 .9507882851 3.44521 1.82313    2    9
       6 .4285004887 .7649773772 4.63111 2.45068    2    6
       3 .4285004887 .7649773772 4.63111 2.45068    2    3
       4 .4285004887 .7649773772 4.63111 2.45068    2    4
       5 .4285004887 .7649773772 4.63111 2.45068    2    5
       1 .4624311791 .7088474886 4.99782 2.64473    2    1
       7 .5019129558 .6530877041 5.42453 2.87054    2    7
       8 .5019129558 .6530877041 5.42453 2.87054    2    8
       2 .8958172023 .3659152550 9.68174 5.12335    2    2
   3   9 .3463409014 .8751103521 3.74315 1.98079    3    9
       2 .4285004887 .7649773772 4.63111 2.45068    3    2
       1 .4285004887 .7649773772 4.63111 2.45068    3    1
       7 .4479666672 .7317356490 4.84149 2.56201    3    7
       8 .4479666672 .7317356490 4.84149 2.56201    3    8
       4 .4897999999 .6692388322 5.29362 2.80126    3    4
       5 .4897999999 .6692388322 5.29362 2.80126    3    5
       6 .5501786437 .5957940821 5.94617 3.14658    3    6
       3 .8958172023 .3659152550 9.68174 5.12335    3    3
   4   9 .3463409014 .8751103521 3.74315 1.98079    4    9
       2 .4285004887 .7649773772 4.63111 2.45068    4    2
       1 .4285004887 .7649773772 4.63111 2.45068    4    1
       7 .4479666672 .7317356490 4.84149 2.56201    4    7
       8 .4479666672 .7317356490 4.84149 2.56201    4    8
       3 .4897999999 .6692388322 5.29362 2.80126    4    3
       6 .4898000000 .6692388322 5.29362 2.80126    4    6
       5 .5501786437 .5957940821 5.94617 3.14658    4    5
       4 .8958172023 .3659152550 9.68174 5.12335    4    4
   5   9 .3463409014 .8751103521 3.74315 1.98079    5    9
       2 .4285004887 .7649773772 4.63111 2.45068    5    2
       1 .4285004887 .7649773772 4.63111 2.45068    5    1
       8 .4479666672 .7317356490 4.84149 2.56201    5    8
       7 .4479666672 .7317356490 4.84149 2.56201    5    7
       3 .4897999999 .6692388322 5.29362 2.80126    5    3
       6 .4898000000 .6692388322 5.29362 2.80126    5    6
       4 .5501786437 .5957940821 5.94617 3.14658    5    4
       5 .8958172023 .3659152550 9.68174 5.12335    5    5
   6   9 .3463409014 .8751103521 3.74315 1.98079    6    9
       2 .4285004887 .7649773772 4.63111 2.45068    6    2
       1 .4285004887 .7649773772 4.63111 2.45068    6    1
       7 .4479666672 .7317356490 4.84149 2.56201    6    7
       8 .4479666672 .7317356490 4.84149 2.56201    6    8
       4 .4898000000 .6692388322 5.29362 2.80126    6    4
       5 .4898000000 .6692388322 5.29362 2.80126    6    5
       3 .5501786437 .5957940821 5.94617 3.14658    6    3
       6 .8958172023 .3659152550 9.68174 5.12335    6    6
   7   6 .4479666672 .7317356490 4.84149 2.56201    7    6
       3 .4479666672 .7317356490 4.84149 2.56201    7    3
       4 .4479666672 .7317356490 4.84149 2.56201    7    4
       5 .4479666672 .7317356490 4.84149 2.56201    7    5
       2 .5019129558 .6530877041 5.42453 2.87054    7    2
       1 .5019129558 .6530877041 5.42453 2.87054    7    1
       8 .5499895090 .5959989684 5.94413 3.14550    7    8
       9 .5706330826 .5311407932 6.16724 3.26356    7    9
       7 .8958172023 .3659152550 9.68174 5.12335    7    7
   8   5 .4479666672 .7317356490 4.84149 2.56201    8    5
       4 .4479666672 .7317356490 4.84149 2.56201    8    4
       3 .4479666672 .7317356490 4.84149 2.56201    8    3
       6 .4479666672 .7317356490 4.84149 2.56201    8    6
       1 .5019129558 .6530877041 5.42453 2.87054    8    1
       2 .5019129558 .6530877041 5.42453 2.87054    8    2
       7 .5499895090 .5959989684 5.94413 3.14550    8    7
       9 .5706330826 .5311407932 6.16724 3.26356    8    9
       8 .8958172023 .3659152550 9.68174 5.12335    8    8
   9   1 .3187739194 .9507882851 3.44521 1.82313    9    1
       2 .3187739194 .9507882851 3.44521 1.82313    9    2
       6 .3463409014 .8751103521 3.74315 1.98079    9    6
       4 .3463409014 .8751103521 3.74315 1.98079    9    4
       5 .3463409014 .8751103521 3.74315 1.98079    9    5
       3 .3463409014 .8751103521 3.74315 1.98079    9    3
       7 .5706330826 .5311407932 6.16724 3.26356    9    7
       8 .5706330826 .5311407932 6.16724 3.26356    9    8
       9 .8958172023 .3107551804 9.68174 5.12335    9    9
 TIME: COUNTN:      0.006m in,      0.000m added,      0.006m total
 TIME: ORDINSTEP:      0.006m in,      0.001m added,      0.007m total
 TIME: INIT_GAUNT:      0.007m in,      0.000m added,      0.007m total
 Readpot:
       2 spins in the input potential
      81 harmonics in the input potential for type       1
      81 harmonics in the input potential for type       2
      81 harmonics in the input potential for type       3
      81 harmonics in the input potential for type       4
      81 harmonics in the input potential for type       5
      81 harmonics in the input potential for type       6
      81 harmonics in the input potential for type       7
      81 harmonics in the input potential for type       8
      81 harmonics in the input potential for type       9
   78975 stars in the input potential
 TIME: GETPOT:      0.007m in,      0.004m added,      0.011m total
 TIME: GETEP:      0.011m in,      0.000m added,      0.011m total

 Muffin tin energies

   type         smt   nmt         sws   nws
      1   1.7713487   539   1.7713487   539
   spin           Q          xl        vinf
      1   0.0000000   0.4914690   0.1852211
   L  n      e(d~L)      e(d=0)        e(c)        d(c)     e(d=do)          do
   0  4  1.21914819  1.21914819  2.37003932 -1.00000000  5.05511113 -4.87620834
      3 -5.69133486 -5.69133486 -5.40242126 -4.87620834 -5.40242126 -4.87620834
   1  4  1.57840875  2.56156157  3.73806427 -1.06823737  5.90860727 -3.97564976
      3 -3.65151511 -3.39436591 -2.94698836 -3.97564976 -2.94698836 -3.97564976
   2  3 -1.56015774  .164210273  .773700053 -1.75742459
   3  4 -.673256002  4.61989801  6.13399587 -1.39449545
   4  5 -.335224069  8.59180353  10.5264671 -1.44913505
   5  6 -.086155249  13.1384781  15.4404819 -1.51639581
   6  7  .125104025  18.3373732  20.9913127 -1.58513476
   7  8  .316062843  24.2074536  27.2080913 -1.65308955
   8  9  .494720597  30.7542613  34.1003616 -1.71963581
   spin           Q          xl        vinf
      2   0.0000000   0.5030709   0.2014533
   L  n      e(d~L)      e(d=0)        e(c)        d(c)     e(d=do)          do
   0  4  1.10988171  1.10988171  2.25935407 -1.00000000  4.95630282 -4.92304451
      3 -5.85445086 -5.85445086 -5.57185456 -4.92304451 -5.57185456 -4.92304451
   1  4  1.45780486  2.44486447  3.62326977 -1.06915242  5.82015523 -4.03451280
      3 -3.79835077 -3.54878578 -3.11062600 -4.03451280 -3.11062600 -4.03451280
   2  3 -1.66573556  .025049569  .626010305 -1.80198264
   3  4 -.754500139  4.52344767  6.03273173 -1.39797522
   4  5 -.410651796  8.50273306  10.4342878 -1.45131052
   5  6 -.158031560  13.0534498  15.3530787 -1.51806370
   6  7  .055744721  18.2551599  20.9071568 -1.58650942
   7  8  .248609345  24.1274004  27.1263880 -1.65426538
   8  9  .428768971  30.6759546  34.0206186 -1.72066498

   type         smt   nmt         sws   nws
      2   1.7713487   539   1.7713487   539
   spin           Q          xl        vinf
      1   0.0000000   0.4914690   0.1852211
   L  n      e(d~L)      e(d=0)        e(c)        d(c)     e(d=do)          do
   0  4  1.21914819  1.21914819  2.37003932 -1.00000000  5.05511113 -4.87620834
      3 -5.69133486 -5.69133486 -5.40242126 -4.87620834 -5.40242126 -4.87620834
   1  4  1.57840875  2.56156157  3.73806427 -1.06823737  5.90860727 -3.97564976
      3 -3.65151511 -3.39436591 -2.94698836 -3.97564976 -2.94698836 -3.97564976
   2  3 -1.56015774  .164210273  .773700053 -1.75742459
   3  4 -.673256002  4.61989801  6.13399587 -1.39449545
   4  5 -.335224069  8.59180353  10.5264671 -1.44913505
   5  6 -.086155249  13.1384781  15.4404819 -1.51639581
   6  7  .125104025  18.3373732  20.9913127 -1.58513476
   7  8  .316062843  24.2074536  27.2080913 -1.65308955
   8  9  .494720597  30.7542613  34.1003616 -1.71963581
   spin           Q          xl        vinf
      2   0.0000000   0.5030709   0.2014533
   L  n      e(d~L)      e(d=0)        e(c)        d(c)     e(d=do)          do
   0  4  1.10988171  1.10988171  2.25935407 -1.00000000  4.95630282 -4.92304451
      3 -5.85445086 -5.85445086 -5.57185456 -4.92304451 -5.57185456 -4.92304451
   1  4  1.45780486  2.44486447  3.62326977 -1.06915242  5.82015523 -4.03451280
      3 -3.79835077 -3.54878578 -3.11062600 -4.03451280 -3.11062600 -4.03451280
   2  3 -1.66573556  .025049569  .626010305 -1.80198264
   3  4 -.754500139  4.52344767  6.03273173 -1.39797522
   4  5 -.410651796  8.50273306  10.4342878 -1.45131052
   5  6 -.158031560  13.0534498  15.3530787 -1.51806370
   6  7  .055744721  18.2551599  20.9071568 -1.58650942
   7  8  .248609345  24.1274004  27.1263880 -1.65426538
   8  9  .428768971  30.6759546  34.0206186 -1.72066498

   type         smt   nmt         sws   nws
      3   1.7713487   539   1.7713487   539
   spin           Q          xl        vinf
      1   0.0000000   0.4942990   0.2241130
   L  n      e(d~L)      e(d=0)        e(c)        d(c)     e(d=do)          do
   0  4  1.23819315  1.23819315  2.38873065 -1.00000000  5.07334638 -4.87649617
      3 -5.67036291 -5.67036291 -5.38089425 -4.87649617 -5.38089425 -4.87649617
   1  4  1.59870706  2.58131103  3.75734997 -1.06828054  5.92753190 -3.97627138
      3 -3.63169173 -3.37412271 -2.92590659 -3.97627138 -2.92590659 -3.97627138
   2  3 -1.54202083  .183668616  .794401528 -1.75811496
   3  4 -.655341648  4.63695133  6.15113518 -1.39486044
   4  5 -.316842287  8.60894297  10.5435582 -1.44941976
   5  6 -.067371936  13.1557997  15.4577193 -1.51663765
   6  7  .144221582  18.3548830  21.0087267 -1.58534724
   7  8  .335459829  24.2251423  27.2256810 -1.65327972
   8  9  .514353436  30.7721163  34.1181182 -1.71980810
   spin           Q          xl        vinf
      2   0.0000000   0.5072369   0.2378023
   L  n      e(d~L)      e(d=0)        e(c)        d(c)     e(d=do)          do
   0  4  1.11151598  1.11151598  2.26051657 -1.00000000  4.95833824 -4.92835026
      3 -5.85668697 -5.85668697 -5.57425167 -4.92835026 -5.57425167 -4.92835026
   1  4  1.45939856  2.44636297  3.62455260 -1.06929676  5.82389830 -4.04138742
      3 -3.79991980 -3.55076726 -3.11281457 -4.04138742 -3.11281457 -4.04138742
   2  3 -1.66453083  .023922998  .625184399 -1.80778930
   3  4 -.750910852  4.52462741  6.03350831 -1.39871081
   4  5 -.406006362  8.50476953  10.4359733 -1.45182387
   5  6 -.152627911  13.0560777  15.3553965 -1.51848034
   6  7  .061736326  18.2582568  20.9099756 -1.58686607
   7  8  .255073857  24.1308901  27.1296253 -1.65457913
   8  9  .435623059  30.6797829  34.0242157 -1.72094574

   type         smt   nmt         sws   nws
      4   1.7713487   539   1.7713487   539
   spin           Q          xl        vinf
      1   0.0000000   0.4943006   0.2241265
   L  n      e(d~L)      e(d=0)        e(c)        d(c)     e(d=do)          do
   0  4  1.23819304  1.23819304  2.38873049 -1.00000000  5.07334716 -4.87649942
      3 -5.67036643 -5.67036643 -5.38089824 -4.87649942 -5.38089824 -4.87649942
   1  4  1.59870602  2.58131030  3.75734943 -1.06828060  5.92753329 -3.97627546
      3 -3.63169404 -3.37412557 -2.92591015 -3.97627546 -2.92591015 -3.97627546
   2  3 -1.54202029  .183666913  .794399173 -1.75811784
   3  4 -.655339633  4.63695253  6.15113615 -1.39486066
   4  5 -.316839961  8.60894458  10.5435597 -1.44941990
   5  6 -.067369418  13.1558015  15.4577211 -1.51663776
   6  7  .144224242  18.3548850  21.0087286 -1.58534733
   7  8  .335462601  24.2251444  27.2256830 -1.65327980
   8  9  .514356301  30.7721185  34.1181203 -1.71980817
   spin           Q          xl        vinf
      2   0.0000000   0.5072375   0.2378137
   L  n      e(d~L)      e(d=0)        e(c)        d(c)     e(d=do)          do
   0  4  1.11152248  1.11152248  2.26052311 -1.00000000  4.95834502 -4.92835088
      3 -5.85668102 -5.85668102 -5.57424588 -4.92835088 -5.57424588 -4.92835088
   1  4  1.45940474  2.44636925  3.62455896 -1.06929677  5.82390507 -4.04138817
      3 -3.79991353 -3.55076113 -3.11280866 -4.04138817 -3.11280866 -4.04138817
   2  3 -1.66452390  .023929465  .625190653 -1.80778984
   3  4 -.750903738  4.52463456  6.03351548 -1.39871082
   4  5 -.405999268  8.50477668  10.4359805 -1.45182388
   5  6 -.152620832  13.0560848  15.3554037 -1.51848035
   6  7  .061743398  18.2582639  20.9099827 -1.58686608
   7  8  .255080927  24.1308973  27.1296324 -1.65457914
   8  9  .435630129  30.6797900  34.0242229 -1.72094574

   type         smt   nmt         sws   nws
      5   1.7713487   539   1.7713487   539
   spin           Q          xl        vinf
      1   0.0000000   0.4943006   0.2241265
   L  n      e(d~L)      e(d=0)        e(c)        d(c)     e(d=do)          do
   0  4  1.23819304  1.23819304  2.38873049 -1.00000000  5.07334716 -4.87649942
      3 -5.67036643 -5.67036643 -5.38089824 -4.87649942 -5.38089824 -4.87649942
   1  4  1.59870602  2.58131030  3.75734943 -1.06828060  5.92753329 -3.97627546
      3 -3.63169404 -3.37412557 -2.92591015 -3.97627546 -2.92591015 -3.97627546
   2  3 -1.54202029  .183666913  .794399173 -1.75811783
   3  4 -.655339633  4.63695253  6.15113615 -1.39486066
   4  5 -.316839962  8.60894458  10.5435597 -1.44941990
   5  6 -.067369419  13.1558015  15.4577211 -1.51663776
   6  7  .144224241  18.3548850  21.0087286 -1.58534733
   7  8  .335462600  24.2251444  27.2256830 -1.65327980
   8  9  .514356300  30.7721185  34.1181203 -1.71980817
   spin           Q          xl        vinf
      2   0.0000000   0.5072375   0.2378137
   L  n      e(d~L)      e(d=0)        e(c)        d(c)     e(d=do)          do
   0  4  1.11152248  1.11152248  2.26052311 -1.00000000  4.95834502 -4.92835088
      3 -5.85668102 -5.85668102 -5.57424588 -4.92835088 -5.57424588 -4.92835088
   1  4  1.45940474  2.44636925  3.62455896 -1.06929677  5.82390507 -4.04138817
      3 -3.79991353 -3.55076113 -3.11280866 -4.04138817 -3.11280866 -4.04138817
   2  3 -1.66452390  .023929465  .625190653 -1.80778984
   3  4 -.750903738  4.52463456  6.03351548 -1.39871082
   4  5 -.405999268  8.50477668  10.4359805 -1.45182388
   5  6 -.152620832  13.0560848  15.3554037 -1.51848035
   6  7  .061743398  18.2582639  20.9099827 -1.58686608
   7  8  .255080927  24.1308973  27.1296324 -1.65457914
   8  9  .435630129  30.6797900  34.0242229 -1.72094574

   type         smt   nmt         sws   nws
      6   1.7713487   539   1.7713487   539
   spin           Q          xl        vinf
      1   0.0000000   0.4942990   0.2241130
   L  n      e(d~L)      e(d=0)        e(c)        d(c)     e(d=do)          do
   0  4  1.23819315  1.23819315  2.38873065 -1.00000000  5.07334638 -4.87649617
      3 -5.67036291 -5.67036291 -5.38089425 -4.87649617 -5.38089425 -4.87649617
   1  4  1.59870706  2.58131103  3.75734997 -1.06828054  5.92753190 -3.97627138
      3 -3.63169173 -3.37412271 -2.92590659 -3.97627138 -2.92590659 -3.97627138
   2  3 -1.54202083  .183668616  .794401528 -1.75811496
   3  4 -.655341648  4.63695133  6.15113517 -1.39486044
   4  5 -.316842287  8.60894297  10.5435582 -1.44941976
   5  6 -.067371937  13.1557997  15.4577193 -1.51663765
   6  7  .144221581  18.3548830  21.0087267 -1.58534724
   7  8  .335459827  24.2251423  27.2256810 -1.65327972
   8  9  .514353435  30.7721163  34.1181182 -1.71980810
   spin           Q          xl        vinf
      2   0.0000000   0.5072369   0.2378023
   L  n      e(d~L)      e(d=0)        e(c)        d(c)     e(d=do)          do
   0  4  1.11151598  1.11151598  2.26051657 -1.00000000  4.95833824 -4.92835026
      3 -5.85668697 -5.85668697 -5.57425167 -4.92835026 -5.57425167 -4.92835026
   1  4  1.45939856  2.44636297  3.62455260 -1.06929676  5.82389830 -4.04138742
      3 -3.79991980 -3.55076726 -3.11281457 -4.04138742 -3.11281457 -4.04138742
   2  3 -1.66453083  .023922998  .625184399 -1.80778930
   3  4 -.750910852  4.52462741  6.03350831 -1.39871081
   4  5 -.406006362  8.50476953  10.4359733 -1.45182387
   5  6 -.152627911  13.0560777  15.3553965 -1.51848034
   6  7  .061736326  18.2582568  20.9099756 -1.58686607
   7  8  .255073857  24.1308901  27.1296253 -1.65457913
   8  9  .435623059  30.6797829  34.0242157 -1.72094574

   type         smt   nmt         sws   nws
      7   1.7713487   539   1.7713487   539
   spin           Q          xl        vinf
      1   0.0000000   0.4966190   0.2613967
   L  n      e(d~L)      e(d=0)        e(c)        d(c)     e(d=do)          do
   0  4  1.26026646  1.26026646  2.41053237 -.999999999  5.09450715 -4.87575046
      3 -5.64562935 -5.64562935 -5.35553358 -4.87575046 -5.35553358 -4.87575046
   1  4  1.62213411  2.60418281  3.77978163 -1.06829643  5.94909073 -3.97555011
      3 -3.60830243 -3.35020160 -2.90104668 -3.97555011 -2.90104668 -3.97555011
   2  3 -1.52093647  .206641305  .818668499 -1.75777839
   3  4 -.634959188  4.65689145  6.17123603 -1.39510539
   4  5 -.296177056  8.62882366  10.5634553 -1.44962024
   5  6 -.046439419  13.1757633  15.4776588 -1.51681083
   6  7  .165383776  18.3749544  21.0287583 -1.58550087
   7  8  .356817605  24.2453238  27.2458161 -1.65341817
   8  9  .535878516  30.7924036  34.1383565 -1.71993422
   spin           Q          xl        vinf
      2   0.0000000   0.5118958   0.2729790
   L  n      e(d~L)      e(d=0)        e(c)        d(c)     e(d=do)          do
   0  4  1.10611765  1.10611765  2.25459597 -1.00000000  4.95388049 -4.93593659
      3 -5.86889365 -5.86889365 -5.58694536 -4.93593659 -5.58694536 -4.93593659
   1  4  1.45337938  2.44046711  3.61855711 -1.06948289  5.82163164 -4.05108716
      3 -3.81060618 -3.56224992 -3.12498481 -4.05108716 -3.12498481 -4.05108716
   2  3 -1.67030667  .014082924  .615203117 -1.81599094
   3  4 -.753037644  4.51934771  6.02756089 -1.39960742
   4  5 -.406805966  8.50074026  10.4314298 -1.45243186
   5  6 -.152516756  13.0528462  15.3517363 -1.51896683
   6  7  .062537657  18.2556315  20.9069796 -1.58727879
   7  8  .256422589  24.1287585  27.1271660 -1.65493994
   8  9  .437418582  30.6780685  34.0222071 -1.72126711

   type         smt   nmt         sws   nws
      8   1.7713487   539   1.7713487   539
   spin           Q          xl        vinf
      1   0.0000000   0.4966190   0.2613967
   L  n      e(d~L)      e(d=0)        e(c)        d(c)     e(d=do)          do
   0  4  1.26026646  1.26026646  2.41053237 -1.00000000  5.09450715 -4.87575046
      3 -5.64562935 -5.64562935 -5.35553358 -4.87575046 -5.35553358 -4.87575046
   1  4  1.62213411  2.60418281  3.77978163 -1.06829643  5.94909073 -3.97555011
      3 -3.60830243 -3.35020160 -2.90104668 -3.97555011 -2.90104668 -3.97555011
   2  3 -1.52093647  .206641305  .818668499 -1.75777839
   3  4 -.634959188  4.65689145  6.17123603 -1.39510539
   4  5 -.296177056  8.62882366  10.5634553 -1.44962024
   5  6 -.046439419  13.1757633  15.4776588 -1.51681083
   6  7  .165383776  18.3749544  21.0287583 -1.58550087
   7  8  .356817605  24.2453238  27.2458161 -1.65341817
   8  9  .535878516  30.7924036  34.1383565 -1.71993422
   spin           Q          xl        vinf
      2   0.0000000   0.5118958   0.2729790
   L  n      e(d~L)      e(d=0)        e(c)        d(c)     e(d=do)          do
   0  4  1.10611765  1.10611765  2.25459597 -1.00000000  4.95388049 -4.93593659
      3 -5.86889365 -5.86889365 -5.58694536 -4.93593659 -5.58694536 -4.93593659
   1  4  1.45337938  2.44046711  3.61855711 -1.06948289  5.82163164 -4.05108716
      3 -3.81060618 -3.56224992 -3.12498481 -4.05108716 -3.12498481 -4.05108716
   2  3 -1.67030667  .014082924  .615203117 -1.81599094
   3  4 -.753037644  4.51934771  6.02756089 -1.39960742
   4  5 -.406805966  8.50074026  10.4314298 -1.45243186
   5  6 -.152516756  13.0528462  15.3517363 -1.51896683
   6  7  .062537657  18.2556315  20.9069796 -1.58727879
   7  8  .256422589  24.1287585  27.1271660 -1.65493994
   8  9  .437418582  30.6780685  34.0222071 -1.72126711

   type         smt   nmt         sws   nws
      9   1.5043259   469   1.5043259   469
   spin           Q          xl        vinf
      1   0.0000000   0.5915137   0.0360278
   L  n      e(d~L)      e(d=0)        e(c)        d(c)     e(d=do)          do
   0  2 -1.78989994 -1.78989994 -.705426541 -1.14903419
   1  2 -1.65037555 -.622707614  .446181613 -1.27902462
   2  3 -.691624887  3.22333472  5.01671615 -1.26421426
   3  4 -.270231408  7.54803316  9.86508118 -1.34018918
   4  5  .040151116  12.7697632  15.5696238 -1.41845310
   5  6  .306394581  18.9383567  22.2087991 -1.49468382
   6  7  .550357843  26.0627580  29.8005539 -1.56829764
   7  8  .781481495  34.1424887  38.3481377 -1.63935880
   8  9  1.00453408  43.1743593  47.8501422 -1.70807128
   spin           Q          xl        vinf
      2   0.0000000   0.5874143   0.0254091
   L  n      e(d~L)      e(d=0)        e(c)        d(c)     e(d=do)          do
   0  2 -1.78179511 -1.78179511 -.702203826 -1.14147235
   1  2 -1.64263477 -.614182947  .454987033 -1.27787472
   2  3 -.685692352  3.23032893  5.02413239 -1.26396300
   3  4 -.265069059  7.55436227  9.87171963 -1.34001690
   4  5  .044840096  12.7756722  15.5757735 -1.41831645
   5  6  .310752770  18.9439616  22.2146002 -1.49456928
   6  7  .554468574  26.0681265  29.8060877 -1.56819870
   7  8  .785398884  34.1476654  38.3534569 -1.63927165
   8  9  1.00829569  43.1793755  47.8552835 -1.70799342

      Energy parameters ...                          energy reset
                                                     | npr(mt) .ne. npr
                                                     | | e < e1(ws)
        t  e  l  spin  n mt           E       D(mt)  | | | e > e2
        1  1  0  down  4  4   0.4292306       0.585  - - * -
                   up  4  4   0.3998776       0.529  - - * -
              1  down  4  4   0.5660408       1.535  - - * -
                   up  4  4   0.5306747       1.464  - - * -
              2  down  3  3   0.7737001      -1.757  * - - -
                   up  3  3   0.6260103      -1.802  * - - -
              3  down  4  4   0.4279548       2.330  - - * -
                   up  4  4   0.4460179       2.287  - - * -
              4  down  5  5   0.3926987       3.550  - - * -
                   up  5  5   0.4206678       3.517  - - * -
              5  down  6  6   0.3704694       4.659  - - * -
                   up  6  6   0.4178968       4.628  - - * -
              6  down  7  7   0.3674488       5.722  - - * -
                   up  7  7   0.4170191       5.696  - - * -
              7  down  8  8   0.3754497       6.764  - - * -
                   up  8  8   0.4132535       6.744  - - * -
              8  down  9  9   0.3724567       7.796  - - * -
                   up  9  9   0.4007643       7.780  - - * -
           2  0  down  3  3  -5.4024213      -4.876  * - - -
                   up  3  3  -5.5718546      -4.923  * - - -
              1  down  3  3  -2.9469884      -3.975  * - - -
                   up  3  3  -3.1106260      -4.034  * - - -
              2  down  3  3  -0.3971474       0.796  - - * -
                   up  3  3  -0.8000302       1.088  - - * -
              3  down  4  4  -0.6204043       2.755  - - * -
                   up  4  4  -0.8944049       2.829  - - * -
              4  down  5  5  -1.2442017       4.045  - - * -
                   up  5  5  -1.7512477       4.169  - - * -
              5  down  6  6  -1.9698667       5.236  - - * -
                   up  6  6  -2.4881469       5.341  - - * -
              6  down  7  7  -2.7659961       6.379  - - * -
                   up  7  7  -3.0994237       6.433  - - * -
              7  down  8  8  -3.0262406       7.390  - - * -
                   up  8  8  -3.2879768       7.425  - - * -
              8  down  9  9  -3.1436514       8.374  - - * -
                   up  9  9  -3.3711246       8.400  - - * -
        2  1  0  down  4  4   0.4292306       0.585  - - * -
                   up  4  4   0.3998776       0.529  - - * -
              1  down  4  4   0.5660408       1.535  - - * -
                   up  4  4   0.5306747       1.464  - - * -
              2  down  3  3   0.7737001      -1.757  * - - -
                   up  3  3   0.6260103      -1.802  * - - -
              3  down  4  4   0.4279548       2.330  - - * -
                   up  4  4   0.4460179       2.287  - - * -
              4  down  5  5   0.3926987       3.550  - - * -
                   up  5  5   0.4206678       3.517  - - * -
              5  down  6  6   0.3704694       4.659  - - * -
                   up  6  6   0.4178968       4.628  - - * -
              6  down  7  7   0.3674488       5.722  - - * -
                   up  7  7   0.4170191       5.696  - - * -
              7  down  8  8   0.3754497       6.764  - - * -
                   up  8  8   0.4132535       6.744  - - * -
              8  down  9  9   0.3724567       7.796  - - * -
                   up  9  9   0.4007643       7.780  - - * -
           2  0  down  3  3  -5.4024213      -4.876  * - - -
                   up  3  3  -5.5718546      -4.923  * - - -
              1  down  3  3  -2.9469884      -3.975  * - - -
                   up  3  3  -3.1106260      -4.034  * - - -
              2  down  3  3  -0.3971474       0.796  - - * -
                   up  3  3  -0.8000302       1.088  - - * -
              3  down  4  4  -0.6204043       2.755  - - * -
                   up  4  4  -0.8944049       2.829  - - * -
              4  down  5  5  -1.2442017       4.045  - - * -
                   up  5  5  -1.7512477       4.169  - - * -
              5  down  6  6  -1.9698667       5.236  - - * -
                   up  6  6  -2.4881469       5.341  - - * -
              6  down  7  7  -2.7659961       6.379  - - * -
                   up  7  7  -3.0994237       6.433  - - * -
              7  down  8  8  -3.0262406       7.390  - - * -
                   up  8  8  -3.2879768       7.425  - - * -
              8  down  9  9  -3.1436514       8.374  - - * -
                   up  9  9  -3.3711246       8.400  - - * -
        3  1  0  down  4  4   0.4662525       0.573  - - * -
                   up  4  4   0.4363131       0.504  - - * -
              1  down  4  4   0.6173392       1.512  - - * -
                   up  4  4   0.5731593       1.434  - - * -
              2  down  3  3   0.7944015      -1.758  * - - -
                   up  3  3   0.6251844      -1.808  * - - -
              3  down  4  4   0.5238793       2.297  - - * -
                   up  4  4   0.5368805       2.249  - - * -
              4  down  5  5   0.4685181       3.532  - - * -
                   up  5  5   0.5093536       3.490  - - * -
              5  down  6  6   0.4461589       4.644  - - * -
                   up  6  6   0.5069901       4.606  - - * -
              6  down  7  7   0.4524955       5.708  - - * -
                   up  7  7   0.5179164       5.675  - - * -
              7  down  8  8   0.4432290       6.754  - - * -
                   up  8  8   0.5009094       6.728  - - * -
              8  down  9  9   0.4388219       7.788  - - * -
                   up  9  9   0.5027077       7.764  - - * -
           2  0  down  3  3  -5.3808943      -4.876  * - - -
                   up  3  3  -5.5742517      -4.928  * - - -
              1  down  3  3  -2.9259066      -3.976  * - - -
                   up  3  3  -3.1128146      -4.041  * - - -
              2  down  3  3  -0.3715543       0.788  - - * -
                   up  3  3  -0.7029819       0.991  - - * -
              3  down  4  4  -0.3949624       2.674  - - * -
                   up  4  4  -0.6814628       2.748  - - * -
              4  down  5  5  -1.0087763       3.981  - - * -
                   up  5  5  -1.5236885       4.105  - - * -
              5  down  6  6  -1.7563732       5.189  - - * -
                   up  6  6  -2.1404304       5.260  - - * -
              6  down  7  7  -2.6879042       6.367  - - * -
                   up  7  7  -3.0214579       6.418  - - * -
              7  down  8  8  -2.9472855       7.379  - - * -
                   up  8  8  -3.2334942       7.416  - - * -
              8  down  9  9  -3.1010248       8.370  - - * -
                   up  9  9  -3.3398260       8.396  - - * -
        4  1  0  down  4  4   0.4662773       0.573  - - * -
                   up  4  4   0.4363576       0.504  - - * -
              1  down  4  4   0.6170055       1.512  - - * -
                   up  4  4   0.5728155       1.434  - - * -
              2  down  3  3   0.7943992      -1.758  * - - -
                   up  3  3   0.6251907      -1.808  * - - -
              3  down  4  4   0.5238662       2.297  - - * -
                   up  4  4   0.5368703       2.249  - - * -
              4  down  5  5   0.4684818       3.532  - - * -
                   up  5  5   0.5093643       3.490  - - * -
              5  down  6  6   0.4461900       4.644  - - * -
                   up  6  6   0.5070399       4.606  - - * -
              6  down  7  7   0.4525254       5.708  - - * -
                   up  7  7   0.5179611       5.675  - - * -
              7  down  8  8   0.4432746       6.754  - - * -
                   up  8  8   0.5009722       6.728  - - * -
              8  down  9  9   0.4388552       7.788  - - * -
                   up  9  9   0.5027394       7.764  - - * -
           2  0  down  3  3  -5.3808982      -4.876  * - - -
                   up  3  3  -5.5742459      -4.928  * - - -
              1  down  3  3  -2.9259102      -3.976  * - - -
                   up  3  3  -3.1128087      -4.041  * - - -
              2  down  3  3  -0.3724097       0.789  - - * -
                   up  3  3  -0.7018722       0.990  - - * -
              3  down  4  4  -0.3945700       2.673  - - * -
                   up  4  4  -0.6811971       2.748  - - * -
              4  down  5  5  -1.0066571       3.981  - - * -
                   up  5  5  -1.5210319       4.104  - - * -
              5  down  6  6  -1.7543173       5.189  - - * -
                   up  6  6  -2.1395374       5.260  - - * -
              6  down  7  7  -2.6873738       6.367  - - * -
                   up  7  7  -3.0209001       6.418  - - * -
              7  down  8  8  -2.9474381       7.379  - - * -
                   up  8  8  -3.2340624       7.416  - - * -
              8  down  9  9  -3.1008520       8.370  - - * -
                   up  9  9  -3.3396988       8.396  - - * -
        5  1  0  down  4  4   0.4662773       0.573  - - * -
                   up  4  4   0.4363576       0.504  - - * -
              1  down  4  4   0.6170055       1.512  - - * -
                   up  4  4   0.5728155       1.434  - - * -
              2  down  3  3   0.7943992      -1.758  * - - -
                   up  3  3   0.6251907      -1.808  * - - -
              3  down  4  4   0.5238662       2.297  - - * -
                   up  4  4   0.5368703       2.249  - - * -
              4  down  5  5   0.4684818       3.532  - - * -
                   up  5  5   0.5093643       3.490  - - * -
              5  down  6  6   0.4461900       4.644  - - * -
                   up  6  6   0.5070399       4.606  - - * -
              6  down  7  7   0.4525254       5.708  - - * -
                   up  7  7   0.5179611       5.675  - - * -
              7  down  8  8   0.4432746       6.754  - - * -
                   up  8  8   0.5009722       6.728  - - * -
              8  down  9  9   0.4388552       7.788  - - * -
                   up  9  9   0.5027394       7.764  - - * -
           2  0  down  3  3  -5.3808982      -4.876  * - - -
                   up  3  3  -5.5742459      -4.928  * - - -
              1  down  3  3  -2.9259102      -3.976  * - - -
                   up  3  3  -3.1128087      -4.041  * - - -
              2  down  3  3  -0.3724097       0.789  - - * -
                   up  3  3  -0.7018722       0.990  - - * -
              3  down  4  4  -0.3945700       2.673  - - * -
                   up  4  4  -0.6811971       2.748  - - * -
              4  down  5  5  -1.0066571       3.981  - - * -
                   up  5  5  -1.5210319       4.104  - - * -
              5  down  6  6  -1.7543173       5.189  - - * -
                   up  6  6  -2.1395374       5.260  - - * -
              6  down  7  7  -2.6873738       6.367  - - * -
                   up  7  7  -3.0209001       6.418  - - * -
              7  down  8  8  -2.9474381       7.379  - - * -
                   up  8  8  -3.2340624       7.416  - - * -
              8  down  9  9  -3.1008520       8.370  - - * -
                   up  9  9  -3.3396988       8.396  - - * -
        6  1  0  down  4  4   0.4662525       0.573  - - * -
                   up  4  4   0.4363131       0.504  - - * -
              1  down  4  4   0.6173392       1.512  - - * -
                   up  4  4   0.5731593       1.434  - - * -
              2  down  3  3   0.7944015      -1.758  * - - -
                   up  3  3   0.6251844      -1.808  * - - -
              3  down  4  4   0.5238793       2.297  - - * -
                   up  4  4   0.5368805       2.249  - - * -
              4  down  5  5   0.4685181       3.532  - - * -
                   up  5  5   0.5093536       3.490  - - * -
              5  down  6  6   0.4461589       4.644  - - * -
                   up  6  6   0.5069901       4.606  - - * -
              6  down  7  7   0.4524955       5.708  - - * -
                   up  7  7   0.5179164       5.675  - - * -
              7  down  8  8   0.4432290       6.754  - - * -
                   up  8  8   0.5009094       6.728  - - * -
              8  down  9  9   0.4388219       7.788  - - * -
                   up  9  9   0.5027077       7.764  - - * -
           2  0  down  3  3  -5.3808943      -4.876  * - - -
                   up  3  3  -5.5742517      -4.928  * - - -
              1  down  3  3  -2.9259066      -3.976  * - - -
                   up  3  3  -3.1128146      -4.041  * - - -
              2  down  3  3  -0.3715543       0.788  - - * -
                   up  3  3  -0.7029819       0.991  - - * -
              3  down  4  4  -0.3949624       2.674  - - * -
                   up  4  4  -0.6814628       2.748  - - * -
              4  down  5  5  -1.0087763       3.981  - - * -
                   up  5  5  -1.5236885       4.105  - - * -
              5  down  6  6  -1.7563732       5.189  - - * -
                   up  6  6  -2.1404304       5.260  - - * -
              6  down  7  7  -2.6879042       6.367  - - * -
                   up  7  7  -3.0214579       6.418  - - * -
              7  down  8  8  -2.9472855       7.379  - - * -
                   up  8  8  -3.2334942       7.416  - - * -
              8  down  9  9  -3.1010248       8.370  - - * -
                   up  9  9  -3.3398260       8.396  - - * -
        7  1  0  down  4  4   0.5256377       0.547  - - * -
                   up  4  4   0.4836344       0.467  - - * -
              1  down  4  4   0.6469116       1.508  - - * -
                   up  4  4   0.6107284       1.401  - - * -
              2  down  3  3   0.8186685      -1.758  * - - -
                   up  3  3   0.6152031      -1.816  * - - -
              3  down  4  4   0.7621282       2.203  - - * -
                   up  4  4   0.6916447       2.180  - - * -
              4  down  5  5   0.7929447       3.435  - - * -
                   up  5  5   0.7071989       3.427  - - * -
              5  down  6  6   0.7787224       4.564  - - * -
                   up  6  6   0.7142163       4.553  - - * -
              6  down  7  7   0.7980877       5.637  - - * -
                   up  7  7   0.7278370       5.629  - - * -
              7  down  8  8   0.7794552       6.694  - - * -
                   up  8  8   0.7116273       6.688  - - * -
              8  down  9  9   0.7707087       7.735  - - * -
                   up  9  9   0.7199239       7.727  - - * -
           2  0  down  3  3  -5.3555336      -4.875  * - - -
                   up  3  3  -5.5869454      -4.936  * - - -
              1  down  3  3  -2.9010467      -3.975  * - - -
                   up  3  3  -3.1249848      -4.051  * - - -
              2  down  3  3  -0.3242139       0.759  - - * -
                   up  3  3  -0.9046893       1.179  - - * -
              3  down  4  4  -0.2846013       2.638  - - * -
                   up  4  4  -0.6608526       2.739  - - * -
              4  down  5  5  -0.8886641       3.952  - - * -
                   up  5  5  -1.3188007       4.046  - - * -
              5  down  6  6  -1.8893317       5.226  - - * -
                   up  6  6  -2.0888010       5.248  - - * -
              6  down  7  7  -2.6519244       6.364  - - * -
                   up  7  7  -3.0069073       6.415  - - * -
              7  down  8  8  -3.0339585       7.399  - - * -
                   up  8  8  -3.2427482       7.418  - - * -
              8  down  9  9  -3.0434429       8.364  - - * -
                   up  9  9  -3.3344996       8.395  - - * -
        8  1  0  down  4  4   0.5256377       0.547  - - * -
                   up  4  4   0.4836344       0.467  - - * -
              1  down  4  4   0.6469116       1.508  - - * -
                   up  4  4   0.6107284       1.401  - - * -
              2  down  3  3   0.8186685      -1.758  * - - -
                   up  3  3   0.6152031      -1.816  * - - -
              3  down  4  4   0.7621282       2.203  - - * -
                   up  4  4   0.6916447       2.180  - - * -
              4  down  5  5   0.7929447       3.435  - - * -
                   up  5  5   0.7071989       3.427  - - * -
              5  down  6  6   0.7787224       4.564  - - * -
                   up  6  6   0.7142163       4.553  - - * -
              6  down  7  7   0.7980877       5.637  - - * -
                   up  7  7   0.7278370       5.629  - - * -
              7  down  8  8   0.7794552       6.694  - - * -
                   up  8  8   0.7116273       6.688  - - * -
              8  down  9  9   0.7707087       7.735  - - * -
                   up  9  9   0.7199239       7.727  - - * -
           2  0  down  3  3  -5.3555336      -4.875  * - - -
                   up  3  3  -5.5869454      -4.936  * - - -
              1  down  3  3  -2.9010467      -3.975  * - - -
                   up  3  3  -3.1249848      -4.051  * - - -
              2  down  3  3  -0.3242139       0.759  - - * -
                   up  3  3  -0.9046893       1.179  - - * -
              3  down  4  4  -0.2846013       2.638  - - * -
                   up  4  4  -0.6608526       2.739  - - * -
              4  down  5  5  -0.8886641       3.952  - - * -
                   up  5  5  -1.3188007       4.046  - - * -
              5  down  6  6  -1.8893317       5.226  - - * -
                   up  6  6  -2.0888010       5.248  - - * -
              6  down  7  7  -2.6519244       6.364  - - * -
                   up  7  7  -3.0069073       6.415  - - * -
              7  down  8  8  -3.0339585       7.399  - - * -
                   up  8  8  -3.2427482       7.418  - - * -
              8  down  9  9  -3.0434429       8.364  - - * -
                   up  9  9  -3.3344996       8.395  - - * -
        9  1  0  down  2  2  -0.3152181      -1.734  - - - *
                   up  2  2  -0.3069682      -1.732  - - - *
              1  down  2  2   0.4078211      -1.218  - - - -
                   up  2  2   0.4058092      -1.200  - - - -
              2  down  3  3   0.7080812       1.234  - - * -
                   up  3  3   0.6503077       1.261  - - * -
              3  down  4  4   0.7477303       2.494  - - * -
                   up  4  4   0.6929043       2.511  - - * -
              4  down  5  5   0.7759187       3.614  - - * -
                   up  5  5   0.7345671       3.624  - - * -
              5  down  6  6   0.6531520       4.712  - - * -
                   up  6  6   0.6686405       4.710  - - * -
              6  down  7  7   0.7016439       5.751  - - * -
                   up  7  7   0.6656740       5.758  - - * -
              7  down  8  8   0.6459200       6.794  - - * -
                   up  8  8   0.6514670       6.793  - - * -
              8  down  9  9   0.6241627       7.821  - - * -
                   up  9  9   0.6511924       7.818  - - * -
           2  0  down  2  2  -0.4405050      -1.531  - - - *
                   up  2  2  -0.4629665      -1.483  - - - *
              1  down  2  2  -1.5405194       0.704  - - * -
                   up  2  2  -1.6935749       0.807  - - * -
              2  down  3  3  -2.2003838       2.285  - - * -
                   up  3  3  -2.6253361       2.420  - - * -
              3  down  4  4  -2.9988493       3.461  - - * -
                   up  4  4  -3.1386604       3.495  - - * -
              4  down  5  5  -3.3025909       4.458  - - * -
                   up  5  5  -3.3963151       4.477  - - * -
              5  down  6  6  -3.2179431       5.386  - - * -
                   up  6  6  -3.3901679       5.415  - - * -
              6  down  7  7  -3.2210783       6.342  - - * -
                   up  7  7  -3.4063445       6.370  - - * -
              7  down  8  8  -3.1188751       7.294  - - * -
                   up  8  8  -3.3577178       7.325  - - * -
              8  down  9  9  -3.1169583       8.266  - - * -
                   up  9  9  -3.3315699       8.291  - - * -
 TIME: setene:      0.011m in,      0.000m added,      0.011m total

 Interstitial kinetic energy parameters
  3 energies
     n           kappa^2
     1       -.100000000
     2       -2.29999999
     3       -1.50000000
 TIME: SENTLS:      0.011m in,      0.000m added,      0.011m total

      Radial functions ...
        t  l  e  spin  n           E           u         ru'
        1  0  1  down  4  .429230597 -.896122012 -.524653439
                   up  4  .399877613 -.892142496 -.471861057
              2  down  3 -5.40242126  .116301467 -.567072880
                   up  3 -5.57185456  .114388758 -.563107695
           1  1  down  4  .566040843  .862204696  1.32336432
                   up  4  .530674702  .869661060  1.27360383
              2  down  3 -2.94698836 -.164400987  .653556114
                   up  3 -3.11062600 -.161090433  .649881683
           2  1  down  3  .773700053  .345199992 -.606662956
                   up  3  .626010305  .336520246 -.606403642
              2  down  3 -.397147412  .708512929  .563628371
                   up  3 -.800030216  .764292433  .831258580
           3  1  down  4  .427954785  1.15327379  2.68723614
                   up  4  .446017897  1.14643596  2.62159464
              2  down  4 -.620404290  1.20796385  3.32745356
                   up  4 -.894404883  1.21640122  3.44081172
           4  1  down  5  .392698701  1.33858124  4.75197643
                   up  5  .420667802  1.33416862  4.69240044
              2  down  5 -1.24420170  1.39484896  5.64160029
                   up  5 -1.75124770  1.40832975  5.87117717
           5  1  down  6  .370469432  1.48309517  6.90940701
                   up  6  .417896826  1.47942976  6.84681234
              2  down  6 -1.96986667  1.54351230  8.08106454
                   up  6 -2.48814686  1.55408593  8.30005385
           6  1  down  7  .367448756  1.60839623  9.20371235
                   up  7  .417019089  1.60552666  9.14551469
              2  down  7 -2.76599607  1.67283174  10.6713685
                   up  7 -3.09942371  1.67775610  10.7922159
           7  1  down  8  .375449660  1.72175682  11.6454459
                   up  8  .413253471  1.71965837  11.5967373
              2  down  8 -3.02624059  1.77990655  13.1533340
                   up  8 -3.28797684  1.78290720  13.2373670
           8  1  down  9  .372456706  1.82685505  14.2416090
                   up  9  .400764258  1.82526387  14.2000880
              2  down  9 -3.14365144  1.87802784  15.7263975
                   up  9 -3.37112459  1.88015228  15.7929160
        2  0  1  down  4  .429230597 -.896122012 -.524653439
                   up  4  .399877613 -.892142496 -.471861057
              2  down  3 -5.40242126  .116301467 -.567072880
                   up  3 -5.57185456  .114388758 -.563107695
           1  1  down  4  .566040843  .862204696  1.32336432
                   up  4  .530674702  .869661060  1.27360383
              2  down  3 -2.94698836 -.164400987  .653556114
                   up  3 -3.11062600 -.161090433  .649881683
           2  1  down  3  .773700053  .345199992 -.606662956
                   up  3  .626010305  .336520246 -.606403642
              2  down  3 -.397147413  .708512929  .563628371
                   up  3 -.800030216  .764292433  .831258580
           3  1  down  4  .427954785  1.15327379  2.68723614
                   up  4  .446017897  1.14643596  2.62159464
              2  down  4 -.620404290  1.20796385  3.32745356
                   up  4 -.894404883  1.21640122  3.44081172
           4  1  down  5  .392698701  1.33858124  4.75197643
                   up  5  .420667802  1.33416862  4.69240044
              2  down  5 -1.24420170  1.39484896  5.64160029
                   up  5 -1.75124770  1.40832975  5.87117717
           5  1  down  6  .370469432  1.48309517  6.90940701
                   up  6  .417896826  1.47942976  6.84681234
              2  down  6 -1.96986667  1.54351230  8.08106454
                   up  6 -2.48814686  1.55408593  8.30005385
           6  1  down  7  .367448756  1.60839623  9.20371235
                   up  7  .417019089  1.60552666  9.14551469
              2  down  7 -2.76599607  1.67283174  10.6713685
                   up  7 -3.09942371  1.67775610  10.7922159
           7  1  down  8  .375449660  1.72175682  11.6454459
                   up  8  .413253471  1.71965837  11.5967373
              2  down  8 -3.02624059  1.77990655  13.1533340
                   up  8 -3.28797684  1.78290720  13.2373670
           8  1  down  9  .372456706  1.82685505  14.2416090
                   up  9  .400764258  1.82526387  14.2000880
              2  down  9 -3.14365144  1.87802784  15.7263975
                   up  9 -3.37112459  1.88015228  15.7929160
        3  0  1  down  4  .466252494 -.894984124 -.512844289
                   up  4  .436313098 -.890063173 -.448877649
              2  down  3 -5.38089425  .116403462 -.567605560
                   up  3 -5.57425167  .114279278 -.563177437
           1  1  down  4  .617339196  .862777834  1.30441315
                   up  4  .573159324  .870673405  1.24841244
              2  down  3 -2.92590659 -.164536288  .654198506
                   up  3 -3.11281457 -.160865423  .650082639
           2  1  down  3  .794401528  .345504837 -.607437227
                   up  3  .625184399  .335854816 -.607154744
              2  down  3 -.371554324  .707228210  .557182472
                   up  3 -.702981924  .742409209  .735817117
           3  1  down  4  .523879325  1.14888039  2.63873040
                   up  4  .536880500  1.14131562  2.56669740
              2  down  4 -.394962393  1.19747707  3.20157330
                   up  4 -.681462818  1.20585398  3.31382542
           4  1  down  5  .468518131  1.33643420  4.72009805
                   up  5  .509353591  1.33096347  4.64549464
              2  down  5 -1.00877632  1.38761967  5.52455620
                   up  5 -1.52368854  1.40101132  5.75140978
           5  1  down  6  .446158878  1.48149689  6.88028777
                   up  6  .506990126  1.47704553  6.80381444
              2  down  6 -1.75637324  1.53864949  7.98444624
                   up  6 -2.14043036  1.54564950  8.13076324
           6  1  down  7  .452495548  1.60692872  9.17217167
                   up  7  .517916407  1.60339162  9.09997292
              2  down  7 -2.68790421  1.67163778  10.6439024
                   up  7 -3.02145789  1.67629273  10.7586778
           7  1  down  8  .443228996  1.72085971  11.6235161
                   up  8  .500909412  1.71814794  11.5598979
              2  down  8 -2.94728550  1.77889917  13.1270445
                   up  8 -3.23349424  1.78207420  13.2160510
           8  1  down  9  .438821903  1.82612243  14.2214609
                   up  9  .502707679  1.82378008  14.1591412
              2  down  9 -3.10102483  1.87768027  15.7166093
                   up  9 -3.33982600  1.87977055  15.7824258
        4  0  1  down  4  .466277329 -.894982818 -.512827778
                   up  4  .436357625 -.890061031 -.448852432
              2  down  3 -5.38089824  .116403318 -.567605237
                   up  3 -5.57424588  .114279239 -.563177314
           1  1  down  4  .617005497  .862768445  1.30461625
                   up  4  .572815531  .870666970  1.24863007
              2  down  3 -2.92591015 -.164536042  .654198200
                   up  3 -3.11280866 -.160865361  .650082508
           2  1  down  3  .794399173  .345504228 -.607437147
                   up  3  .625190653  .335854672 -.607154665
              2  down  3 -.372409690  .707431099  .558024564
                   up  3 -.701872186  .742160804  .734732102
           3  1  down  4  .523866224  1.14888115  2.63873952
                   up  4  .536870297  1.14131659  2.56670817
              2  down  4 -.394570033  1.19745726  3.20133629
                   up  4 -.681197109  1.20584106  3.31366887
           4  1  down  5  .468481794  1.33643556  4.72011918
                   up  5  .509364321  1.33096333  4.64549264
              2  down  5 -1.00665714  1.38754933  5.52341499
                   up  5 -1.52103186  1.40092515  5.74998849
           5  1  down  6  .446189962  1.48149609  6.88027317
                   up  6  .507039854  1.47704437  6.80379277
              2  down  6 -1.75431733  1.53859849  7.98342832
                   up  6 -2.13953735  1.54562773  8.13032519
           6  1  down  7  .452525418  1.60692811  9.17215865
                   up  7  .517961050  1.60339080  9.09995506
              2  down  7 -2.68737375  1.67162739  10.6436580
                   up  7 -3.02090007  1.67628197  10.7584233
           7  1  down  8  .443274600  1.72085893  11.6234968
                   up  8  .500972219  1.71814695  11.5598729
              2  down  8 -2.94743814  1.77890171  13.1271126
                   up  8 -3.23406242  1.78208362  13.2163030
           8  1  down  9  .438855235  1.82612196  14.2214478
                   up  9  .502739380  1.82377971  14.1591307
              2  down  9 -3.10085197  1.87767787  15.7165381
                   up  9 -3.33969881  1.87976886  15.7823756
        5  0  1  down  4  .466277329 -.894982818 -.512827777
                   up  4  .436357625 -.890061031 -.448852432
              2  down  3 -5.38089824  .116403318 -.567605237
                   up  3 -5.57424588  .114279239 -.563177314
           1  1  down  4  .617005497  .862768445  1.30461625
                   up  4  .572815531  .870666970  1.24863007
              2  down  3 -2.92591015 -.164536042  .654198200
                   up  3 -3.11280866 -.160865361  .650082508
           2  1  down  3  .794399173  .345504228 -.607437147
                   up  3  .625190653  .335854672 -.607154665
              2  down  3 -.372409686  .707431098  .558024560
                   up  3 -.701872185  .742160804  .734732101
           3  1  down  4  .523866224  1.14888115  2.63873952
                   up  4  .536870297  1.14131659  2.56670817
              2  down  4 -.394570034  1.19745726  3.20133629
                   up  4 -.681197109  1.20584106  3.31366887
           4  1  down  5  .468481795  1.33643556  4.72011918
                   up  5  .509364321  1.33096333  4.64549264
              2  down  5 -1.00665714  1.38754933  5.52341499
                   up  5 -1.52103186  1.40092515  5.74998849
           5  1  down  6  .446189963  1.48149609  6.88027317
                   up  6  .507039854  1.47704437  6.80379277
              2  down  6 -1.75431733  1.53859849  7.98342832
                   up  6 -2.13953735  1.54562773  8.13032519
           6  1  down  7  .452525419  1.60692811  9.17215865
                   up  7  .517961050  1.60339080  9.09995506
              2  down  7 -2.68737375  1.67162739  10.6436580
                   up  7 -3.02090007  1.67628197  10.7584233
           7  1  down  8  .443274600  1.72085893  11.6234968
                   up  8  .500972219  1.71814695  11.5598729
              2  down  8 -2.94743814  1.77890171  13.1271126
                   up  8 -3.23406242  1.78208362  13.2163030
           8  1  down  9  .438855235  1.82612196  14.2214478
                   up  9  .502739380  1.82377971  14.1591307
              2  down  9 -3.10085198  1.87767787  15.7165381
                   up  9 -3.33969881  1.87976886  15.7823756
        6  0  1  down  4  .466252494 -.894984124 -.512844289
                   up  4  .436313098 -.890063173 -.448877649
              2  down  3 -5.38089425  .116403462 -.567605560
                   up  3 -5.57425167  .114279278 -.563177437
           1  1  down  4  .617339196  .862777834  1.30441315
                   up  4  .573159324  .870673405  1.24841244
              2  down  3 -2.92590659 -.164536288  .654198506
                   up  3 -3.11281457 -.160865423  .650082639
           2  1  down  3  .794401528  .345504838 -.607437227
                   up  3  .625184399  .335854816 -.607154744
              2  down  3 -.371554321  .707228209  .557182467
                   up  3 -.702981924  .742409208  .735817117
           3  1  down  4  .523879325  1.14888039  2.63873040
                   up  4  .536880500  1.14131562  2.56669740
              2  down  4 -.394962394  1.19747707  3.20157330
                   up  4 -.681462818  1.20585398  3.31382542
           4  1  down  5  .468518131  1.33643420  4.72009805
                   up  5  .509353591  1.33096347  4.64549464
              2  down  5 -1.00877632  1.38761967  5.52455620
                   up  5 -1.52368854  1.40101132  5.75140978
           5  1  down  6  .446158879  1.48149689  6.88028777
                   up  6  .506990126  1.47704553  6.80381444
              2  down  6 -1.75637324  1.53864949  7.98444624
                   up  6 -2.14043036  1.54564950  8.13076324
           6  1  down  7  .452495549  1.60692872  9.17217167
                   up  7  .517916407  1.60339162  9.09997292
              2  down  7 -2.68790421  1.67163778  10.6439024
                   up  7 -3.02145789  1.67629273  10.7586778
           7  1  down  8  .443228996  1.72085971  11.6235161
                   up  8  .500909411  1.71814794  11.5598979
              2  down  8 -2.94728550  1.77889917  13.1270445
                   up  8 -3.23349424  1.78207420  13.2160510
           8  1  down  9  .438821903  1.82612243  14.2214609
                   up  9  .502707678  1.82378008  14.1591412
              2  down  9 -3.10102483  1.87768027  15.7166093
                   up  9 -3.33982600  1.87977055  15.7824258
        7  0  1  down  4  .525637742 -.892797843 -.488208817
                   up  4  .483634388 -.886948291 -.413988608
              2  down  3 -5.35553358  .116535267 -.568162995
                   up  3 -5.58694536  .114074450 -.563035888
           1  1  down  4  .646911557  .862530536  1.30052908
                   up  4  .610728423  .871846584  1.22147013
              2  down  3 -2.90104668 -.164728515  .654845975
                   up  3 -3.12498481 -.160478686  .650079334
           2  1  down  3  .818668499  .345968135 -.608135311
                   up  3  .615203117  .334744845 -.607893609
              2  down  3 -.324213877  .701657836  .532643881
                   up  3 -.904689274  .783379279  .923935325
           3  1  down  4  .762128151  1.13664160  2.50351210
                   up  4  .691644676  1.13211031  2.46809224
              2  down  4 -.284601275  1.19285217  3.14677714
                   up  4 -.660852621  1.20446917  3.29936000
           4  1  down  5  .792944685  1.32529842  4.55243091
                   up  5  .707198909  1.32348409  4.53503158
              2  down  5 -.888664081  1.38426399  5.47075744
                   up  5 -1.31880069  1.39414351  5.64043204
           5  1  down  6  .778722405  1.47294416  6.72181383
                   up  6  .714216329  1.47123608  6.69785363
              2  down  6 -1.88933173  1.54242601  8.06052891
                   up  6 -2.08880099  1.54428696  8.10488240
           6  1  down  7  .798087741  1.59984535  9.01777120
                   up  7  .727837028  1.59874044  8.99993423
              2  down  7 -2.65192437  1.67132101  10.6369157
                   up  7 -3.00690732  1.67595519  10.7519817
           7  1  down  8  .779455249  1.71519463  11.4819731
                   up  8  .711627260  1.71431996  11.4653529
              2  down  8 -3.03395853  1.78065150  13.1742769
                   up  8 -3.24274820  1.78219324  13.2203694
           8  1  down  9  .770708726  1.82140424  14.0887928
                   up  9  .719923949  1.82045858  14.0666855
              2  down  9 -3.04344291  1.87715545  15.7014023
                   up  9 -3.33449958  1.87967678  15.7806389
        8  0  1  down  4  .525637742 -.892797843 -.488208817
                   up  4  .483634388 -.886948291 -.413988608
              2  down  3 -5.35553358  .116535267 -.568162995
                   up  3 -5.58694536  .114074450 -.563035888
           1  1  down  4  .646911557  .862530536  1.30052908
                   up  4  .610728423  .871846584  1.22147013
              2  down  3 -2.90104668 -.164728515  .654845975
                   up  3 -3.12498481 -.160478686  .650079334
           2  1  down  3  .818668499  .345968135 -.608135311
                   up  3  .615203117  .334744845 -.607893609
              2  down  3 -.324213877  .701657836  .532643881
                   up  3 -.904689274  .783379279  .923935325
           3  1  down  4  .762128151  1.13664160  2.50351210
                   up  4  .691644676  1.13211031  2.46809224
              2  down  4 -.284601275  1.19285217  3.14677714
                   up  4 -.660852621  1.20446917  3.29936000
           4  1  down  5  .792944685  1.32529842  4.55243091
                   up  5  .707198909  1.32348409  4.53503158
              2  down  5 -.888664081  1.38426399  5.47075744
                   up  5 -1.31880069  1.39414351  5.64043204
           5  1  down  6  .778722405  1.47294416  6.72181383
                   up  6  .714216329  1.47123608  6.69785363
              2  down  6 -1.88933173  1.54242601  8.06052891
                   up  6 -2.08880099  1.54428696  8.10488240
           6  1  down  7  .798087741  1.59984535  9.01777120
                   up  7  .727837028  1.59874044  8.99993423
              2  down  7 -2.65192437  1.67132101  10.6369157
                   up  7 -3.00690732  1.67595519  10.7519817
           7  1  down  8  .779455249  1.71519463  11.4819731
                   up  8  .711627260  1.71431996  11.4653529
              2  down  8 -3.03395853  1.78065150  13.1742769
                   up  8 -3.24274820  1.78219324  13.2203694
           8  1  down  9  .770708726  1.82140424  14.0887928
                   up  9  .719923949  1.82045858  14.0666855
              2  down  9 -3.04344291  1.87715545  15.7014023
                   up  9 -3.33449958  1.87967678  15.7806389
        9  0  1  down  2 -.315218142 -.629781188  1.09182515
                   up  2 -.306968208 -.630205138  1.09159295
              2  down  2 -.440505021 -.654027505  1.00163105
                   up  2 -.462966463 -.660301352  .979203411
           1  1  down  2  .407821082  .649323423 -.790693241
                   up  2  .405809208  .652235687 -.782481702
              2  down  2 -1.54051938  1.00555564  .707875488
                   up  2 -1.69357491  1.02890661  .830613665
           2  1  down  3  .708081175  1.26508406  1.56123702
                   up  3  .650307662  1.26974400  1.60062559
              2  down  3 -2.20038381  1.44552557  3.30351350
                   up  3 -2.62533611  1.46877579  3.55461929
           3  1  down  4  .747730297  1.53063412  3.81765676
                   up  4  .692904332  1.53333499  3.85049114
              2  down  4 -2.99884925  1.67855426  5.80869102
                   up  4 -3.13866036  1.68378682  5.88410336
           4  1  down  5  .775918664  1.73285289  6.26296555
                   up  5  .734567114  1.73435272  6.28606386
              2  down  5 -3.30259087  1.85164157  8.25410528
                   up  5 -3.39631511  1.85433905  8.30138839
           5  1  down  6  .653152018  1.90954469  8.99790336
                   up  6  .668640469  1.90931316  8.99294290
              2  down  6 -3.21794311  1.99823538  10.7620924
                   up  6 -3.39016790  2.00209443  10.8415623
           6  1  down  7  .701643882  2.06348836  11.8679874
                   up  7  .665673958  2.06429791  11.8855541
              2  down  7 -3.22107830  2.13690496  13.5529933
                   up  7 -3.40634453  2.14032050  13.6335181
           7  1  down  8  .645919985  2.20671863  14.9913849
                   up  8  .651467019  2.20671298  14.9908550
              2  down  8 -3.11887510  2.26576407  16.5259051
                   up  8 -3.35771775  2.26946089  16.6240412
           8  1  down  9  .624162742  2.33942734  18.2973342
                   up  9  .651192397  2.33912348  18.2883469
              2  down  9 -3.11695833  2.38953499  19.7516202
                   up  9 -3.33156994  2.39239362  19.8359522
        t  l  e  spin  n  <du/de**2>       du/de   r(du/de)'
        1  0  1  down  4  .006522022  .054001519  .661601027
                   up  4  .006227460  .056299756  .662573141
              2  down  3  .227922831 -.600381392 -1.92642854
                   up  3  .230453695 -.604963118 -1.95688976
           1  1  down  4  .029044363  .031505948 -.606490228
                   up  4  .026049516  .021622066 -.617566295
              2  down  3  .179291971  .509027375  1.41078109
                   up  3  .181654980  .513406241  1.43371801
           2  1  down  3  .124345355 -.388177350 -.953539702
                   up  3  .128062122 -.394793335 -.966513297
              2  down  3  .050333657 -.237747310 -.986006062
                   up  3  .041937487 -.215195089 -.972754085
           3  1  down  4  .001580005 -.054861760 -.617351055
                   up  4  .001637204 -.055684111 -.619774188
              2  down  4  .001253920 -.049633841 -.604058906
                   up  4  .001217257 -.048973847 -.602624187
           4  1  down  5  .000535175 -.036030969 -.549643877
                   up  5  .000546452 -.036339281 -.550938736
              2  down  5  .000429065 -.032814503 -.537418450
                   up  5  .000408055 -.032119018 -.534717633
           5  1  down  6  .000256353 -.027069728 -.506733746
                   up  6  .000260480 -.027245168 -.507657466
              2  down  6  .000204535 -.024636790 -.494678103
                   up  6  .000196968 -.024249680 -.492710559
           6  1  down  7  .000142874 -.021576536 -.474418559
                   up  7  .000144584 -.021679583 -.475072881
              2  down  7  .000113386 -.019613798 -.462514804
                   up  7  .000111557 -.019480287 -.461707895
           7  1  down  8  .000087165 -.017818113 -.448341245
                   up  8  .000087905 -.017877855 -.448787797
              2  down  8  .000071289 -.016409996 -.438342841
                   up  8  .000070629 -.016345970 -.437900857
           8  1  down  9  .000056551 -.015072958 -.426448143
                   up  9  .000056906 -.015109911 -.426765588
              2  down  9  .000047657 -.014058919 -.418213931
                   up  9  .000047359 -.014021951 -.417926397
        2  0  1  down  4  .006522022  .054001519  .661601027
                   up  4  .006227460  .056299756  .662573141
              2  down  3  .227922831 -.600381392 -1.92642854
                   up  3  .230453695 -.604963118 -1.95688976
           1  1  down  4  .029044363  .031505948 -.606490228
                   up  4  .026049516  .021622066 -.617566295
              2  down  3  .179291971  .509027375  1.41078109
                   up  3  .181654980  .513406241  1.43371801
           2  1  down  3  .124345355 -.388177350 -.953539702
                   up  3  .128062122 -.394793335 -.966513297
              2  down  3  .050333657 -.237747310 -.986006062
                   up  3  .041937487 -.215195089 -.972754085
           3  1  down  4  .001580005 -.054861760 -.617351055
                   up  4  .001637204 -.055684111 -.619774188
              2  down  4  .001253920 -.049633841 -.604058906
                   up  4  .001217257 -.048973847 -.602624187
           4  1  down  5  .000535175 -.036030969 -.549643877
                   up  5  .000546452 -.036339281 -.550938736
              2  down  5  .000429065 -.032814503 -.537418450
                   up  5  .000408055 -.032119018 -.534717633
           5  1  down  6  .000256353 -.027069728 -.506733746
                   up  6  .000260480 -.027245168 -.507657466
              2  down  6  .000204535 -.024636790 -.494678103
                   up  6  .000196968 -.024249680 -.492710559
           6  1  down  7  .000142874 -.021576536 -.474418559
                   up  7  .000144584 -.021679583 -.475072881
              2  down  7  .000113386 -.019613798 -.462514804
                   up  7  .000111557 -.019480287 -.461707895
           7  1  down  8  .000087165 -.017818113 -.448341245
                   up  8  .000087905 -.017877855 -.448787797
              2  down  8  .000071289 -.016409996 -.438342841
                   up  8  .000070629 -.016345970 -.437900857
           8  1  down  9  .000056551 -.015072958 -.426448143
                   up  9  .000056906 -.015109911 -.426765588
              2  down  9  .000047657 -.014058919 -.418213931
                   up  9  .000047359 -.014021951 -.417926397
        3  0  1  down  4  .006501949  .054281030  .661890107
                   up  4  .006169679  .056941892  .662991607
              2  down  3  .227596402 -.599878225 -1.92444663
                   up  3  .230422396 -.604985904 -1.95828209
           1  1  down  4  .028419826  .029340392 -.610053539
                   up  4  .025199379  .018630048 -.621763938
              2  down  3  .179014759  .508579713  1.40941305
                   up  3  .181650001  .513457067  1.43487610
           2  1  down  3  .124024584 -.387648461 -.952757980
                   up  3  .128163916 -.395013560 -.967147106
              2  down  3  .050438722 -.238066595 -.985882086
                   up  3  .045531101 -.225056745 -.983541800
           3  1  down  4  .001608952 -.055302126 -.618408362
                   up  4  .001673405 -.056219362 -.621081549
              2  down  4  .001311382 -.050603695 -.606727831
                   up  4  .001274629 -.049951913 -.605429174
           4  1  down  5  .000539729 -.036161745 -.550130188
                   up  5  .000553573 -.036539617 -.551685306
              2  down  5  .000441591 -.033214588 -.539046515
                   up  5  .000420324 -.032519849 -.536413829
           5  1  down  6  .000257918 -.027138907 -.507070418
                   up  6  .000262896 -.027350322 -.508169322
              2  down  6  .000208343 -.024825952 -.495678681
                   up  6  .000203411 -.024574358 -.494456400
           6  1  down  7  .000143645 -.021624648 -.474703781
                   up  7  .000145735 -.021750557 -.475493733
              2  down  7  .000113891 -.019649462 -.462750702
                   up  7  .000112180 -.019524361 -.462004975
           7  1  down  8  .000087446 -.017841592 -.448507083
                   up  8  .000088386 -.017917667 -.449067845
              2  down  8  .000071547 -.016434062 -.438526848
                   up  8  .000070850 -.016366445 -.438062425
           8  1  down  9  .000056696 -.015088583 -.426575144
                   up  9  .000057200 -.015141512 -.427019981
              2  down  9  .000047717 -.014066041 -.418277920
                   up  9  .000047429 -.014030054 -.418001325
        4  0  1  down  4  .006501893  .054281531  .661890359
                   up  4  .006169621  .056942531  .662991912
              2  down  3  .227596626 -.599878602 -1.92444884
                   up  3  .230422492 -.604986045 -1.95828272
           1  1  down  4  .028426881  .029364605 -.610016658
                   up  4  .025205832  .018653036 -.621730908
              2  down  3  .179014966  .508580071  1.40941468
                   up  3  .181650087  .513457200  1.43487655
           2  1  down  3  .124024879 -.387648969 -.952758856
                   up  3  .128164021 -.395013724 -.967147319
              2  down  3  .050403402 -.237975604 -.985810895
                   up  3  .045572729 -.225168728 -.983652895
           3  1  down  4  .001608947 -.055302057 -.618408231
                   up  4  .001673398 -.056219262 -.621081323
              2  down  4  .001311493 -.050605546 -.606732808
                   up  4  .001274699 -.049953105 -.605432452
           4  1  down  5  .000539726 -.036161666 -.550129918
                   up  5  .000553573 -.036539624 -.551685332
              2  down  5  .000441714 -.033218483 -.539062060
                   up  5  .000420469 -.032524529 -.536433080
           5  1  down  6  .000257919 -.027138941 -.507070586
                   up  6  .000262897 -.027350372 -.508169550
              2  down  6  .000208383 -.024827928 -.495688968
                   up  6  .000203427 -.024575194 -.494460805
           6  1  down  7  .000143645 -.021624668 -.474703899
                   up  7  .000145735 -.021750583 -.475493882
              2  down  7  .000113896 -.019649765 -.462752636
                   up  7  .000112184 -.019524672 -.462006975
           7  1  down  8  .000087446 -.017841612 -.448507221
                   up  8  .000088386 -.017917693 -.449068017
              2  down  8  .000071546 -.016434003 -.438526415
                   up  8  .000070848 -.016366227 -.438060803
           8  1  down  9  .000056696 -.015088593 -.426575224
                   up  9  .000057200 -.015141520 -.427020041
              2  down  9  .000047718 -.014066087 -.418278309
                   up  9  .000047429 -.014030087 -.418001596
        5  0  1  down  4  .006501893  .054281531  .661890358
                   up  4  .006169621  .056942531  .662991912
              2  down  3  .227596626 -.599878602 -1.92444884
                   up  3  .230422492 -.604986045 -1.95828272
           1  1  down  4  .028426881  .029364605 -.610016658
                   up  4  .025205832  .018653036 -.621730908
              2  down  3  .179014966  .508580071  1.40941468
                   up  3  .181650087  .513457200  1.43487655
           2  1  down  3  .124024879 -.387648969 -.952758856
                   up  3  .128164021 -.395013724 -.967147319
              2  down  3  .050403402 -.237975604 -.985810895
                   up  3  .045572729 -.225168728 -.983652895
           3  1  down  4  .001608947 -.055302057 -.618408231
                   up  4  .001673398 -.056219262 -.621081323
              2  down  4  .001311493 -.050605546 -.606732808
                   up  4  .001274699 -.049953105 -.605432452
           4  1  down  5  .000539726 -.036161666 -.550129918
                   up  5  .000553573 -.036539624 -.551685332
              2  down  5  .000441714 -.033218483 -.539062060
                   up  5  .000420469 -.032524529 -.536433080
           5  1  down  6  .000257919 -.027138941 -.507070586
                   up  6  .000262897 -.027350372 -.508169550
              2  down  6  .000208383 -.024827928 -.495688968
                   up  6  .000203427 -.024575194 -.494460805
           6  1  down  7  .000143645 -.021624668 -.474703899
                   up  7  .000145735 -.021750583 -.475493882
              2  down  7  .000113896 -.019649765 -.462752636
                   up  7  .000112184 -.019524672 -.462006975
           7  1  down  8  .000087446 -.017841612 -.448507221
                   up  8  .000088386 -.017917693 -.449068017
              2  down  8  .000071546 -.016434003 -.438526415
                   up  8  .000070848 -.016366227 -.438060803
           8  1  down  9  .000056696 -.015088593 -.426575224
                   up  9  .000057200 -.015141520 -.427020041
              2  down  9  .000047718 -.014066087 -.418278309
                   up  9  .000047429 -.014030087 -.418001596
        6  0  1  down  4  .006501949  .054281030  .661890107
                   up  4  .006169679  .056941892  .662991607
              2  down  3  .227596402 -.599878225 -1.92444663
                   up  3  .230422396 -.604985904 -1.95828209
           1  1  down  4  .028419826  .029340392 -.610053539
                   up  4  .025199379  .018630048 -.621763938
              2  down  3  .179014759  .508579713  1.40941305
                   up  3  .181650001  .513457067  1.43487610
           2  1  down  3  .124024584 -.387648461 -.952757980
                   up  3  .128163916 -.395013560 -.967147106
              2  down  3  .050438722 -.238066595 -.985882086
                   up  3  .045531101 -.225056745 -.983541800
           3  1  down  4  .001608952 -.055302126 -.618408362
                   up  4  .001673405 -.056219362 -.621081549
              2  down  4  .001311382 -.050603695 -.606727831
                   up  4  .001274629 -.049951913 -.605429174
           4  1  down  5  .000539729 -.036161745 -.550130188
                   up  5  .000553573 -.036539617 -.551685306
              2  down  5  .000441591 -.033214588 -.539046515
                   up  5  .000420324 -.032519849 -.536413829
           5  1  down  6  .000257918 -.027138907 -.507070418
                   up  6  .000262896 -.027350322 -.508169322
              2  down  6  .000208343 -.024825952 -.495678681
                   up  6  .000203411 -.024574358 -.494456400
           6  1  down  7  .000143645 -.021624648 -.474703781
                   up  7  .000145735 -.021750557 -.475493733
              2  down  7  .000113891 -.019649462 -.462750702
                   up  7  .000112180 -.019524361 -.462004975
           7  1  down  8  .000087446 -.017841592 -.448507083
                   up  8  .000088386 -.017917667 -.449067845
              2  down  8  .000071547 -.016434062 -.438526848
                   up  8  .000070850 -.016366445 -.438062425
           8  1  down  9  .000056696 -.015088583 -.426575144
                   up  9  .000057200 -.015141512 -.427019981
              2  down  9  .000047717 -.014066041 -.418277920
                   up  9  .000047429 -.014030054 -.418001325
        7  0  1  down  4  .006450510  .054879007  .662340773
                   up  4  .006082014  .057912005  .663533744
              2  down  3  .227247445 -.599331731 -1.92206511
                   up  3  .230518388 -.605245433 -1.96126680
           1  1  down  4  .028355754  .029085890 -.610744393
                   up  4  .024280457  .015383385 -.626051566
              2  down  3  .178712805  .508085696  1.40773280
                   up  3  .181761708  .513730873  1.43723479
           2  1  down  3  .123651561 -.387026520 -.951792802
                   up  3  .128454262 -.395572566 -.968466990
              2  down  3  .051282479 -.240279736 -.987064581
                   up  3  .038980568 -.206912249 -.964737512
           3  1  down  4  .001692052 -.056538662 -.621215539
                   up  4  .001740012 -.057187438 -.623348252
              2  down  4  .001337252 -.051035171 -.607895402
                   up  4  .001283534 -.050099104 -.605928895
           4  1  down  5  .000563553 -.036834862 -.552494521
                   up  5  .000570249 -.037003905 -.553347239
              2  down  5  .000447516 -.033402058 -.539804748
                   up  5  .000432239 -.032902544 -.538018954
           5  1  down  6  .000266242 -.027503488 -.508762984
                   up  6  .000268751 -.027603636 -.509362201
              2  down  6  .000205424 -.024681071 -.494930421
                   up  6  .000204554 -.024630590 -.494776620
           6  1  down  7  .000147331 -.021853378 -.476012039
                   up  7  .000148229 -.021903759 -.476381209
              2  down  7  .000114032 -.019659325 -.462819217
                   up  7  .000112357 -.019536345 -.462097056
           7  1  down  8  .000089176 -.017986021 -.449486790
                   up  8  .000089586 -.018016999 -.449749307
              2  down  8  .000071119 -.016393872 -.438232580
                   up  8  .000070841 -.016365125 -.438062896
           8  1  down  9  .000057600 -.015186379 -.427341181
                   up  9  .000057852 -.015211458 -.427573069
              2  down  9  .000047804 -.014076399 -.418367961
                   up  9  .000047454 -.014032812 -.418032019
        8  0  1  down  4  .006450510  .054879007  .662340773
                   up  4  .006082014  .057912005  .663533744
              2  down  3  .227247445 -.599331731 -1.92206511
                   up  3  .230518388 -.605245433 -1.96126680
           1  1  down  4  .028355754  .029085890 -.610744393
                   up  4  .024280457  .015383385 -.626051566
              2  down  3  .178712805  .508085696  1.40773280
                   up  3  .181761708  .513730873  1.43723479
           2  1  down  3  .123651561 -.387026520 -.951792802
                   up  3  .128454262 -.395572566 -.968466990
              2  down  3  .051282479 -.240279736 -.987064581
                   up  3  .038980568 -.206912249 -.964737512
           3  1  down  4  .001692052 -.056538662 -.621215539
                   up  4  .001740012 -.057187438 -.623348252
              2  down  4  .001337252 -.051035171 -.607895402
                   up  4  .001283534 -.050099104 -.605928895
           4  1  down  5  .000563553 -.036834862 -.552494521
                   up  5  .000570249 -.037003905 -.553347239
              2  down  5  .000447516 -.033402058 -.539804748
                   up  5  .000432239 -.032902544 -.538018954
           5  1  down  6  .000266242 -.027503488 -.508762984
                   up  6  .000268751 -.027603636 -.509362201
              2  down  6  .000205424 -.024681071 -.494930421
                   up  6  .000204554 -.024630590 -.494776620
           6  1  down  7  .000147331 -.021853378 -.476012039
                   up  7  .000148229 -.021903759 -.476381209
              2  down  7  .000114032 -.019659325 -.462819217
                   up  7  .000112357 -.019536345 -.462097056
           7  1  down  8  .000089176 -.017986021 -.449486790
                   up  8  .000089586 -.018016999 -.449749307
              2  down  8  .000071119 -.016393872 -.438232580
                   up  8  .000070841 -.016365125 -.438062896
           8  1  down  9  .000057600 -.015186379 -.427341181
                   up  9  .000057852 -.015211458 -.427573069
              2  down  9  .000047804 -.014076399 -.418367961
                   up  9  .000047454 -.014032812 -.418032019
        9  0  1  down  2  .016530685  .195481262  .716646916
                   up  2  .016511204  .195358738  .716449158
              2  down  2  .015868042  .191573551  .723019356
                   up  2  .015690082  .190498010  .724251023
           1  1  down  2  .025140481 -.225826968 -.748840342
                   up  2  .024987670 -.225120407 -.749187223
              2  down  2  .010582603 -.145638206 -.763605635
                   up  2  .009850011 -.140498627 -.759495941
           2  1  down  3  .001785873 -.070585419 -.612586351
                   up  3  .001760271 -.070123890 -.611944897
              2  down  3  .001010099 -.054652765 -.584737119
                   up  3  .000933966 -.052805524 -.580347095
           3  1  down  4  .000542451 -.043617291 -.543084109
                   up  4  .000537910 -.043458184 -.542661068
              2  down  4  .000343907 -.035817591 -.519919211
                   up  4  .000338153 -.035561961 -.519012319
           4  1  down  5  .000236925 -.031408465 -.497114042
                   up  5  .000235839 -.031347421 -.496880577
              2  down  5  .000166562 -.027050243 -.479516888
                   up  5  .000165182 -.026956464 -.479087989
           5  1  down  6  .000121734 -.024169855 -.461969101
                   up  6  .000121795 -.024175349 -.461988349
              2  down  6  .000094462 -.021736582 -.449651687
                   up  6  .000093404 -.021635367 -.449097537
           6  1  down  7  .000070485 -.019524589 -.434382861
                   up  7  .000070320 -.019505830 -.434270184
              2  down  7  .000057542 -.017950902 -.424828801
                   up  7  .000056993 -.017880314 -.424374410
           7  1  down  8  .000043672 -.016204166 -.411240848
                   up  8  .000043669 -.016203848 -.411235865
              2  down  8  .000037288 -.015185327 -.404026266
                   up  8  .000036917 -.015123421 -.403568657
           8  1  down  9  .000028640 -.013756109 -.391637142
                   up  9  .000028661 -.013760275 -.391667985
              2  down  9  .000025146 -.013044314 -.385874130
                   up  9  .000024958 -.013004656 -.385541780
 TIME: xmt:      0.011m in,      0.002m added,      0.014m total
 TIME: CONVOPOT:      0.016m in,      0.001m added,      0.017m total

 splitting parameters for structure functions.
        nstgm        gcut nstrm        rcut   lmx          t2         eta
          588   3.6654878   588  30.0391274    10  -0.1000000   0.2390213
                                                   -2.3000000   0.2299554
                                                   -1.5000000   0.2315859
  EIGEN: Allocating arrays for the diagonalization.
  EIGEN: Starting the k-point loop.
 TIME: EIGEN:      0.017m in,      3.792m added,      3.809m total

 Cpulog for EIGEN:
             FC+VI           FC junk              STRC           O+T Int
            1.9817            .00081            .10734            .02175
            O+H Mt              Diag               <I>
            1.4790            .09016            .01931

      Electron entropy
         T   =  473.680159 K
         S/k =  .939574969
         N   =  132.999999

 Eigenvalue sum: -188.474987320883
 fermi energy =  8.5630807797740E-01
        D(ef) =  9.6308589949122E+01
 eigenvalues within   71.9999999 mRy of E Fermi ... 30893

 TIME: FERMI:      3.809m in,      0.013m added,      3.822m total
 TIME: EIGEN0:      0.017m in,      3.805m added,      3.822m total
 Output from conden
 Conden: Muffin tin density from the eigenstates.

    Muffin tin charge:
      type  spin                 Q
         1  down   5.7552923151371
         2  down   5.7552923151380
         3  down   5.6034587767378
         4  down   5.6035148227905
         5  down   5.6035148231163
         6  down   5.6034587770686
         7  down   5.3673435947135
         8  down   5.3673435947120
         9  down   1.8683438718619
     total  down   46.527562891276

         1    up   7.7112611798256
         2    up   7.7112611798258
         3    up   7.8372741858546
         4    up   7.8372168103638
         5    up   7.8372168100761
         6    up   7.8372741855642
         7    up   8.0446791634967
         8    up   8.0446791634974
         9    up   1.8173898292628
     total    up   64.678252507767

      Time (min) ...
            Read time      Sfs * Evs      Dens cofs      pr e cofs
               0.0020         0.2229         0.3389         0.0355
              scaling       rad dens            Sfs          total
               0.0000         0.0059         0.0950         0.7013
  setbex1 =            4
  setbex1 =            5
 Fourier transform parameters 
 radii and arguments:
 1.5043258     5
 1.7713486     6
    Lm    m1    m2    m3
     2    11    11    10
   condng0:
      Interstitial charge:
              spin                 Q              dQ/Q               fix
              down  10.5046660108166 -.000199454297736  1.00019949408768
                up  11.2895185900282 -.000479318458417  1.00047954831477

 Cpulog for condng0:
      Rotate/Remap           Density       END condng0
            .00051            2.0229            .00015
 TIME: condng0:      4.523m in,      2.043m added,      6.566m total



 Valence Charge Summary
        type  spin                 Q
           1  down   5.7552923151371
                up   7.7112611798256
           2  down   5.7552923151380
                up   7.7112611798258
           3  down   5.6034587767378
                up   7.8372741858546
           4  down   5.6035148227905
                up   7.8372168103638
           5  down   5.6035148231163
                up   7.8372168100761
           6  down   5.6034587770686
                up   7.8372741855642
           7  down   5.3673435947135
                up   8.0446791634967
           8  down   5.3673435947120
                up   8.0446791634974
           9  down   1.8683438718619
                up   1.8173898292628
           I  down   10.504666010816
                up   11.289518590028

   .00000000011112 electrons added

 L-projected averages ...
      Muffin tins
        t  l     e  spin              E           dE/E              Q
        1  0     1  down      0.4292290     -0.0000036      0.0675272
                      up      0.3998771     -0.0000014      0.0686423
                 2  down     -5.3890751     -0.0000001      0.9926985
                      up     -5.5636624      0.0000000      0.9922392
             total  down     -5.0184996                     1.0602257
                      up     -5.1778031                     1.0608815
           1     1  down      0.5660382     -0.0000046      0.0659532
                      up      0.5306725     -0.0000042      0.0662402
                 2  down     -2.9292748     -0.0000002      2.9419752
                      up     -3.1010502     -0.0000001      2.9395452
             total  down     -2.8526350                     3.0079284
                      up     -3.0210159                     3.0057854
           2     1  down      0.7116417     -0.0000002      1.6841078
                      up      0.6871106      0.0000013      3.6413679
                 2  down     -0.3971465     -0.0000023      0.0003034
                      up     -0.8000380      0.0000097      0.0001778
             total  down      0.7114420                     1.6844111
                      up      0.6870380                     3.6415456
           3     1  down      0.4279546     -0.0000004      0.0021905
                      up      0.4460203      0.0000054      0.0024647
                 2  down     -0.6204222      0.0000288      0.0000358
                      up     -0.8944321      0.0000304      0.0000232
             total  down      0.4110730                     0.0022263
                      up      0.4335088                     0.0024880
           4     1  down      0.3926982     -0.0000013      0.0003969
                      up      0.4206702      0.0000057      0.0004469
                 2  down     -1.2442009     -0.0000006      0.0000071
                      up     -1.7512636      0.0000091      0.0000046
             total  down      0.3639183                     0.0004040
                      up      0.3985689                     0.0004515
           5     1  down      0.3704687     -0.0000019      0.0000761
                      up      0.4178991      0.0000054      0.0000868
                 2  down     -1.9698619     -0.0000024      0.0000012
                      up     -2.4881445     -0.0000010      0.0000009
             total  down      0.3341052                     0.0000773
                      up      0.3885213                     0.0000877
           6     1  down      0.3674480     -0.0000022      0.0000152
                      up      0.4170213      0.0000054      0.0000171
                 2  down     -2.7659907     -0.0000019      0.0000002
                      up     -3.0994186     -0.0000016      0.0000002
             total  down      0.3223557                     0.0000154
                      up      0.3784247                     0.0000173
           7     1  down      0.3754490     -0.0000018      0.0000032
                      up      0.4132557      0.0000054      0.0000035
                 2  down     -3.0262374     -0.0000010      0.0000000
                      up     -3.2879728     -0.0000012      0.0000000
             total  down      0.3334447                     0.0000033
                      up      0.3744722                     0.0000035
           8     1  down      0.3724563     -0.0000012      0.0000007
                      up      0.4007665      0.0000055      0.0000007
                 2  down     -3.1436506     -0.0000003      0.0000000
                      up     -3.3711236     -0.0000003      0.0000000
             total  down      0.3336826                     0.0000007
                      up      0.3628964                     0.0000007
        2  0     1  down      0.4292290     -0.0000036      0.0675272
                      up      0.3998771     -0.0000014      0.0686423
                 2  down     -5.3890751     -0.0000001      0.9926985
                      up     -5.5636624      0.0000000      0.9922392
             total  down     -5.0184996                     1.0602257
                      up     -5.1778031                     1.0608815
           1     1  down      0.5660382     -0.0000046      0.0659532
                      up      0.5306725     -0.0000042      0.0662402
                 2  down     -2.9292748     -0.0000002      2.9419752
                      up     -3.1010502     -0.0000001      2.9395452
             total  down     -2.8526350                     3.0079284
                      up     -3.0210159                     3.0057854
           2     1  down      0.7116417     -0.0000002      1.6841078
                      up      0.6871106      0.0000013      3.6413679
                 2  down     -0.3971465     -0.0000023      0.0003034
                      up     -0.8000380      0.0000097      0.0001778
             total  down      0.7114420                     1.6844111
                      up      0.6870380                     3.6415456
           3     1  down      0.4279546     -0.0000004      0.0021905
                      up      0.4460203      0.0000054      0.0024647
                 2  down     -0.6204222      0.0000288      0.0000358
                      up     -0.8944321      0.0000304      0.0000232
             total  down      0.4110730                     0.0022263
                      up      0.4335088                     0.0024880
           4     1  down      0.3926982     -0.0000013      0.0003969
                      up      0.4206702      0.0000057      0.0004469
                 2  down     -1.2442009     -0.0000006      0.0000071
                      up     -1.7512636      0.0000091      0.0000046
             total  down      0.3639183                     0.0004040
                      up      0.3985689                     0.0004515
           5     1  down      0.3704687     -0.0000019      0.0000761
                      up      0.4178991      0.0000054      0.0000868
                 2  down     -1.9698619     -0.0000024      0.0000012
                      up     -2.4881445     -0.0000010      0.0000009
             total  down      0.3341052                     0.0000773
                      up      0.3885213                     0.0000877
           6     1  down      0.3674480     -0.0000022      0.0000152
                      up      0.4170213      0.0000054      0.0000171
                 2  down     -2.7659907     -0.0000019      0.0000002
                      up     -3.0994186     -0.0000016      0.0000002
             total  down      0.3223557                     0.0000154
                      up      0.3784247                     0.0000173
           7     1  down      0.3754490     -0.0000018      0.0000032
                      up      0.4132557      0.0000054      0.0000035
                 2  down     -3.0262374     -0.0000010      0.0000000
                      up     -3.2879728     -0.0000012      0.0000000
             total  down      0.3334447                     0.0000033
                      up      0.3744722                     0.0000035
           8     1  down      0.3724563     -0.0000012      0.0000007
                      up      0.4007665      0.0000055      0.0000007
                 2  down     -3.1436506     -0.0000003      0.0000000
                      up     -3.3711236     -0.0000003      0.0000000
             total  down      0.3336826                     0.0000007
                      up      0.3628964                     0.0000007
        3  0     1  down      0.4662513     -0.0000026      0.0611626
                      up      0.4363128     -0.0000007      0.0633033
                 2  down     -5.3633830     -0.0000000      0.9934365
                      up     -5.5615825      0.0000000      0.9930443
             total  down     -5.0252872                     1.0545990
                      up     -5.2021491                     1.0563476
           1     1  down      0.6173365     -0.0000043      0.0525966
                      up      0.5731574     -0.0000034      0.0533462
                 2  down     -2.9054203     -0.0000001      2.9446758
                      up     -3.0993168     -0.0000001      2.9433673
             total  down     -2.8436025                     2.9972724
                      up     -3.0339411                     2.9967134
           2     1  down      0.7321101     -0.0000008      1.5497009
                      up      0.6949266      0.0000012      3.7820587
                 2  down     -0.3715513     -0.0000082      0.0002956
                      up     -0.7029833      0.0000019      0.0001776
             total  down      0.7318997                     1.5499965
                      up      0.6948610                     3.7822362
           3     1  down      0.5238795      0.0000004      0.0013066
                      up      0.5368825      0.0000037      0.0016353
                 2  down     -0.3949644      0.0000050      0.0000376
                      up     -0.6814680      0.0000076      0.0000242
             total  down      0.4981739                     0.0013442
                      up      0.5191239                     0.0016594
           4     1  down      0.4685178     -0.0000007      0.0001976
                      up      0.5093563      0.0000053      0.0002573
                 2  down     -1.0087679     -0.0000084      0.0000068
                      up     -1.5236950      0.0000042      0.0000044
             total  down      0.4192049                     0.0002044
                      up      0.4749607                     0.0002617
           5     1  down      0.4461581     -0.0000017      0.0000338
                      up      0.5069928      0.0000052      0.0000452
                 2  down     -1.7563643     -0.0000051      0.0000010
                      up     -2.1404254     -0.0000023      0.0000008
             total  down      0.3798519                     0.0000349
                      up      0.4600971                     0.0000461
           6     1  down      0.4524947     -0.0000018      0.0000059
                      up      0.5179191      0.0000051      0.0000079
                 2  down     -2.6878980     -0.0000023      0.0000002
                      up     -3.0214526     -0.0000018      0.0000002
             total  down      0.3576630                     0.0000061
                      up      0.4473252                     0.0000080
           7     1  down      0.4432280     -0.0000022      0.0000011
                      up      0.5009118      0.0000047      0.0000013
                 2  down     -2.9472808     -0.0000016      0.0000000
                      up     -3.2334899     -0.0000013      0.0000000
             total  down      0.3415048                     0.0000011
                      up      0.4199960                     0.0000014
           8     1  down      0.4388210     -0.0000022      0.0000002
                      up      0.5027101      0.0000048      0.0000002
                 2  down     -3.1010229     -0.0000006      0.0000000
                      up     -3.3398246     -0.0000004      0.0000000
             total  down      0.3331371                     0.0000002
                      up      0.4169509                     0.0000003
        4  0     1  down      0.4662761     -0.0000026      0.0611727
                      up      0.4363573     -0.0000007      0.0633090
                 2  down     -5.3634482     -0.0000000      0.9934263
                      up     -5.5616197      0.0000000      0.9930377
             total  down     -5.0252912                     1.0545990
                      up     -5.2021491                     1.0563467
           1     1  down      0.6170028     -0.0000043      0.0527174
                      up      0.5728136     -0.0000034      0.0534357
                 2  down     -2.9055631     -0.0000001      2.9445546
                      up     -3.0994162     -0.0000001      2.9432778
             total  down     -2.8436066                     2.9972720
                      up     -3.0339351                     2.9967135
           2     1  down      0.7321048     -0.0000008      1.5497583
                      up      0.6949267      0.0000012      3.7820021
                 2  down     -0.3724065     -0.0000085      0.0002948
                      up     -0.7018734      0.0000017      0.0001778
             total  down      0.7318947                     1.5500531
                      up      0.6948610                     3.7821799
           3     1  down      0.5238664      0.0000004      0.0013064
                      up      0.5368723      0.0000037      0.0016352
                 2  down     -0.3945720      0.0000050      0.0000376
                      up     -0.6812023      0.0000076      0.0000242
             total  down      0.4981767                     0.0013440
                      up      0.5191382                     0.0016593
           4     1  down      0.4684814     -0.0000007      0.0001975
                      up      0.5093670      0.0000053      0.0002572
                 2  down     -1.0066487     -0.0000084      0.0000068
                      up     -1.5210384      0.0000043      0.0000044
             total  down      0.4192112                     0.0002043
                      up      0.4749858                     0.0002616
           5     1  down      0.4461892     -0.0000017      0.0000338
                      up      0.5070425      0.0000052      0.0000452
                 2  down     -1.7543084     -0.0000051      0.0000011
                      up     -2.1395324     -0.0000023      0.0000008
             total  down      0.3798276                     0.0000348
                      up      0.4601148                     0.0000460
           6     1  down      0.4525246     -0.0000018      0.0000059
                      up      0.5179637      0.0000051      0.0000079
                 2  down     -2.6873675     -0.0000023      0.0000002
                      up     -3.0208948     -0.0000017      0.0000002
             total  down      0.3576275                     0.0000061
                      up      0.4473335                     0.0000080
           7     1  down      0.4432736     -0.0000022      0.0000011
                      up      0.5009746      0.0000047      0.0000013
                 2  down     -2.9474335     -0.0000016      0.0000000
                      up     -3.2340581     -0.0000013      0.0000000
             total  down      0.3414788                     0.0000011
                      up      0.4200147                     0.0000014
           8     1  down      0.4388543     -0.0000022      0.0000002
                      up      0.5027418      0.0000048      0.0000002
                 2  down     -3.1008500     -0.0000006      0.0000000
                      up     -3.3396974     -0.0000004      0.0000000
             total  down      0.3331291                     0.0000002
                      up      0.4169513                     0.0000002
        5  0     1  down      0.4662761     -0.0000026      0.0611727
                      up      0.4363573     -0.0000007      0.0633090
                 2  down     -5.3634482     -0.0000000      0.9934263
                      up     -5.5616197      0.0000000      0.9930377
             total  down     -5.0252912                     1.0545990
                      up     -5.2021491                     1.0563467
           1     1  down      0.6170028     -0.0000043      0.0527174
                      up      0.5728136     -0.0000034      0.0534357
                 2  down     -2.9055631     -0.0000001      2.9445546
                      up     -3.0994162     -0.0000001      2.9432778
             total  down     -2.8436066                     2.9972720
                      up     -3.0339351                     2.9967135
           2     1  down      0.7321048     -0.0000008      1.5497583
                      up      0.6949267      0.0000012      3.7820021
                 2  down     -0.3724065     -0.0000085      0.0002948
                      up     -0.7018734      0.0000017      0.0001778
             total  down      0.7318947                     1.5500531
                      up      0.6948610                     3.7821799
           3     1  down      0.5238664      0.0000004      0.0013064
                      up      0.5368723      0.0000037      0.0016352
                 2  down     -0.3945720      0.0000050      0.0000376
                      up     -0.6812023      0.0000076      0.0000242
             total  down      0.4981767                     0.0013440
                      up      0.5191382                     0.0016593
           4     1  down      0.4684814     -0.0000007      0.0001975
                      up      0.5093670      0.0000053      0.0002572
                 2  down     -1.0066487     -0.0000084      0.0000068
                      up     -1.5210384      0.0000043      0.0000044
             total  down      0.4192112                     0.0002043
                      up      0.4749858                     0.0002616
           5     1  down      0.4461892     -0.0000017      0.0000338
                      up      0.5070425      0.0000052      0.0000452
                 2  down     -1.7543084     -0.0000051      0.0000011
                      up     -2.1395324     -0.0000023      0.0000008
             total  down      0.3798276                     0.0000348
                      up      0.4601148                     0.0000460
           6     1  down      0.4525246     -0.0000018      0.0000059
                      up      0.5179637      0.0000051      0.0000079
                 2  down     -2.6873675     -0.0000023      0.0000002
                      up     -3.0208948     -0.0000017      0.0000002
             total  down      0.3576275                     0.0000061
                      up      0.4473335                     0.0000080
           7     1  down      0.4432736     -0.0000022      0.0000011
                      up      0.5009746      0.0000047      0.0000013
                 2  down     -2.9474335     -0.0000016      0.0000000
                      up     -3.2340581     -0.0000013      0.0000000
             total  down      0.3414788                     0.0000011
                      up      0.4200147                     0.0000014
           8     1  down      0.4388543     -0.0000022      0.0000002
                      up      0.5027418      0.0000048      0.0000002
                 2  down     -3.1008500     -0.0000006      0.0000000
                      up     -3.3396974     -0.0000004      0.0000000
             total  down      0.3331291                     0.0000002
                      up      0.4169513                     0.0000002
        6  0     1  down      0.4662513     -0.0000026      0.0611626
                      up      0.4363128     -0.0000007      0.0633033
                 2  down     -5.3633830     -0.0000000      0.9934365
                      up     -5.5615825      0.0000000      0.9930443
             total  down     -5.0252872                     1.0545990
                      up     -5.2021491                     1.0563476
           1     1  down      0.6173365     -0.0000043      0.0525966
                      up      0.5731574     -0.0000034      0.0533462
                 2  down     -2.9054203     -0.0000001      2.9446758
                      up     -3.0993168     -0.0000001      2.9433673
             total  down     -2.8436025                     2.9972724
                      up     -3.0339411                     2.9967134
           2     1  down      0.7321101     -0.0000008      1.5497009
                      up      0.6949266      0.0000012      3.7820587
                 2  down     -0.3715513     -0.0000082      0.0002956
                      up     -0.7029833      0.0000019      0.0001776
             total  down      0.7318997                     1.5499965
                      up      0.6948610                     3.7822362
           3     1  down      0.5238795      0.0000004      0.0013066
                      up      0.5368825      0.0000037      0.0016353
                 2  down     -0.3949644      0.0000050      0.0000376
                      up     -0.6814680      0.0000076      0.0000242
             total  down      0.4981739                     0.0013442
                      up      0.5191239                     0.0016594
           4     1  down      0.4685178     -0.0000007      0.0001976
                      up      0.5093563      0.0000053      0.0002573
                 2  down     -1.0087679     -0.0000084      0.0000068
                      up     -1.5236950      0.0000042      0.0000044
             total  down      0.4192049                     0.0002044
                      up      0.4749607                     0.0002617
           5     1  down      0.4461581     -0.0000017      0.0000338
                      up      0.5069928      0.0000052      0.0000452
                 2  down     -1.7563643     -0.0000051      0.0000010
                      up     -2.1404254     -0.0000023      0.0000008
             total  down      0.3798519                     0.0000349
                      up      0.4600971                     0.0000461
           6     1  down      0.4524947     -0.0000018      0.0000059
                      up      0.5179191      0.0000051      0.0000079
                 2  down     -2.6878980     -0.0000023      0.0000002
                      up     -3.0214526     -0.0000018      0.0000002
             total  down      0.3576630                     0.0000061
                      up      0.4473252                     0.0000080
           7     1  down      0.4432280     -0.0000022      0.0000011
                      up      0.5009118      0.0000047      0.0000013
                 2  down     -2.9472808     -0.0000016      0.0000000
                      up     -3.2334899     -0.0000013      0.0000000
             total  down      0.3415048                     0.0000011
                      up      0.4199960                     0.0000014
           8     1  down      0.4388210     -0.0000022      0.0000002
                      up      0.5027101      0.0000048      0.0000002
                 2  down     -3.1010229     -0.0000006      0.0000000
                      up     -3.3398246     -0.0000004      0.0000000
             total  down      0.3331371                     0.0000002
                      up      0.4169509                     0.0000003
        7  0     1  down      0.5256366     -0.0000021      0.0626994
                      up      0.4836345      0.0000001      0.0637697
                 2  down     -5.3378926     -0.0000001      0.9933879
                      up     -5.5738432     -0.0000000      0.9931212
             total  down     -4.9897779                     1.0560873
                      up     -5.2083527                     1.0568909
           1     1  down      0.6469092     -0.0000037      0.0479077
                      up      0.6107267     -0.0000028      0.0464041
                 2  down     -2.8814935     -0.0000001      2.9429622
                      up     -3.1120402     -0.0000001      2.9429510
             total  down     -2.8249756                     2.9908699
                      up     -3.0542513                     2.9893551
           2     1  down      0.7533745     -0.0000002      1.3195593
                      up      0.6937890      0.0000010      3.9973565
                 2  down     -0.3242075     -0.0000197      0.0001423
                      up     -0.9046857     -0.0000039      0.0000714
             total  down      0.7532583                     1.3197016
                      up      0.6937604                     3.9974280
           3     1  down      0.7621290      0.0000011      0.0005722
                      up      0.6916458      0.0000017      0.0008398
                 2  down     -0.2846000     -0.0000044      0.0000298
                      up     -0.6608524     -0.0000003      0.0000169
             total  down      0.7103808                     0.0006020
                      up      0.6650290                     0.0008567
           4     1  down      0.7929469      0.0000028      0.0000654
                      up      0.7072009      0.0000029      0.0001201
                 2  down     -0.8886605     -0.0000040      0.0000058
                      up     -1.3188066      0.0000045      0.0000037
             total  down      0.6551484                     0.0000712
                      up      0.6463967                     0.0001238
           5     1  down      0.7787235      0.0000013      0.0000089
                      up      0.7142180      0.0000023      0.0000202
                 2  down     -1.8893207     -0.0000059      0.0000008
                      up     -2.0887964     -0.0000022      0.0000006
             total  down      0.5702701                     0.0000097
                      up      0.6319171                     0.0000208
           6     1  down      0.7980887      0.0000012      0.0000014
                      up      0.7278388      0.0000024      0.0000032
                 2  down     -2.6519194     -0.0000019      0.0000001
                      up     -3.0069026     -0.0000016      0.0000001
             total  down      0.4817658                     0.0000016
                      up      0.5895245                     0.0000033
           7     1  down      0.7794556      0.0000004      0.0000002
                      up      0.7116288      0.0000021      0.0000005
                 2  down     -3.0339567     -0.0000006      0.0000000
                      up     -3.2427458     -0.0000007      0.0000000
             total  down      0.4483706                     0.0000003
                      up      0.5512009                     0.0000005
           8     1  down      0.7707091      0.0000005      0.0000000
                      up      0.7199255      0.0000021      0.0000001
                 2  down     -3.0434415     -0.0000005      0.0000000
                      up     -3.3344982     -0.0000004      0.0000000
             total  down      0.3682082                     0.0000000
                      up      0.5226663                     0.0000001
        8  0     1  down      0.5256366     -0.0000021      0.0626994
                      up      0.4836345      0.0000001      0.0637697
                 2  down     -5.3378926     -0.0000001      0.9933879
                      up     -5.5738432     -0.0000000      0.9931212
             total  down     -4.9897779                     1.0560873
                      up     -5.2083527                     1.0568909
           1     1  down      0.6469092     -0.0000037      0.0479077
                      up      0.6107267     -0.0000028      0.0464041
                 2  down     -2.8814935     -0.0000001      2.9429622
                      up     -3.1120402     -0.0000001      2.9429510
             total  down     -2.8249756                     2.9908699
                      up     -3.0542513                     2.9893551
           2     1  down      0.7533745     -0.0000002      1.3195593
                      up      0.6937890      0.0000010      3.9973565
                 2  down     -0.3242075     -0.0000197      0.0001423
                      up     -0.9046857     -0.0000039      0.0000714
             total  down      0.7532583                     1.3197016
                      up      0.6937604                     3.9974280
           3     1  down      0.7621290      0.0000011      0.0005722
                      up      0.6916458      0.0000017      0.0008398
                 2  down     -0.2846000     -0.0000044      0.0000298
                      up     -0.6608524     -0.0000003      0.0000169
             total  down      0.7103808                     0.0006020
                      up      0.6650290                     0.0008567
           4     1  down      0.7929469      0.0000028      0.0000654
                      up      0.7072009      0.0000029      0.0001201
                 2  down     -0.8886605     -0.0000040      0.0000058
                      up     -1.3188066      0.0000045      0.0000037
             total  down      0.6551484                     0.0000712
                      up      0.6463967                     0.0001238
           5     1  down      0.7787235      0.0000013      0.0000089
                      up      0.7142180      0.0000023      0.0000202
                 2  down     -1.8893207     -0.0000059      0.0000008
                      up     -2.0887964     -0.0000022      0.0000006
             total  down      0.5702701                     0.0000097
                      up      0.6319171                     0.0000208
           6     1  down      0.7980887      0.0000012      0.0000014
                      up      0.7278388      0.0000024      0.0000032
                 2  down     -2.6519194     -0.0000019      0.0000001
                      up     -3.0069026     -0.0000016      0.0000001
             total  down      0.4817658                     0.0000016
                      up      0.5895245                     0.0000033
           7     1  down      0.7794556      0.0000004      0.0000002
                      up      0.7116288      0.0000021      0.0000005
                 2  down     -3.0339567     -0.0000006      0.0000000
                      up     -3.2427458     -0.0000007      0.0000000
             total  down      0.4483706                     0.0000003
                      up      0.5512009                     0.0000005
           8     1  down      0.7707091      0.0000005      0.0000000
                      up      0.7199255      0.0000021      0.0000001
                 2  down     -3.0434415     -0.0000005      0.0000000
                      up     -3.3344982     -0.0000004      0.0000000
             total  down      0.3682082                     0.0000000
                      up      0.5226663                     0.0000001
        9  0     1  down     -0.3152179     -0.0000007      0.5949663
                      up     -0.3069651     -0.0000101      0.5971163
                 2  down     -0.4405460      0.0000931      0.0147108
                      up     -0.4630081      0.0000899      0.0093592
             total  down     -0.3182419                     0.6096770
                      up     -0.3093732                     0.6064755
           1     1  down      0.4078203     -0.0000018      1.2367962
                      up      0.4058113      0.0000051      1.1835579
                 2  down     -1.5404883     -0.0000202      0.0021652
                      up     -1.6935801      0.0000031      0.0016085
             total  down      0.4044155                     1.2389613
                      up      0.4029619                     1.1851665
           2     1  down      0.7080813      0.0000001      0.0168965
                      up      0.6503084      0.0000011      0.0215756
                 2  down     -2.2003906      0.0000031      0.0008659
                      up     -2.6253391      0.0000011      0.0007154
             total  down      0.5663008                     0.0177623
                      up      0.5451764                     0.0222910
           3     1  down      0.7477312      0.0000012      0.0013159
                      up      0.6929048      0.0000006      0.0024762
                 2  down     -2.9988459     -0.0000011      0.0002463
                      up     -3.1386591     -0.0000004      0.0002326
             total  down      0.1570194                     0.0015622
                      up      0.3639481                     0.0027087
           4     1  down      0.7759144     -0.0000055      0.0002277
                      up      0.7345654     -0.0000024      0.0005313
                 2  down     -3.3025877     -0.0000010      0.0000698
                      up     -3.3963136     -0.0000004      0.0000690
             total  down     -0.1812863                     0.0002975
                      up      0.2599832                     0.0006002
           5     1  down      0.6531518     -0.0000004      0.0000425
                      up      0.6686437      0.0000048      0.0000920
                 2  down     -3.2179403     -0.0000009      0.0000185
                      up     -3.3901653     -0.0000008      0.0000181
             total  down     -0.5206980                     0.0000610
                      up      0.0018629                     0.0001101
           6     1  down      0.7016399     -0.0000056      0.0000141
                      up      0.6656718     -0.0000033      0.0000264
                 2  down     -3.2210762     -0.0000007      0.0000043
                      up     -3.4063443     -0.0000001      0.0000042
             total  down     -0.2198955                     0.0000184
                      up      0.1072317                     0.0000306
           7     1  down      0.6459205      0.0000008      0.0000025
                      up      0.6514688      0.0000027      0.0000050
                 2  down     -3.1188718     -0.0000011      0.0000010
                      up     -3.3577142     -0.0000010      0.0000010
             total  down     -0.4283948                     0.0000034
                      up      0.0051583                     0.0000059
           8     1  down      0.6241532     -0.0000152      0.0000005
                      up      0.6511850     -0.0000114      0.0000011
                 2  down     -3.1169533     -0.0000016      0.0000002
                      up     -3.3315660     -0.0000012      0.0000002
             total  down     -0.5282947                     0.0000007
                      up      0.0209803                     0.0000013
      Interstitial
        spin                 E                 Q
         down   .39056062063371   10.504666010856
           up   .36304027533303   11.289518590067
      Interstitial points:   57697
     interstitial:         max         min
                     0.3883063  -1.0896150

 Charge densities at boundaries
     t     h     n(down)     n(  up)
     1     1  .034587245  .044356590 ... mt
              .034530053  .044273875 ... int
           2  .000000581  .000000301 ... mt
             -.000003346 -.000001760 ... int
           3  .001797867  .002374273 ... mt
              .001795531  .002375234 ... int
           4  .000000581  .000000301 ... mt
             -.000003346 -.000001759 ... int
           5  .000000437  .000000213 ... mt
             -.000023343 -.000039711 ... int
           6  .000000982  .000001047 ... mt
             -.000033699 -.000054754 ... int
           7  .006736705  .005353711 ... mt
              .006810160  .005484838 ... int
           8  .000000982  .000001047 ... mt
             -.000033699 -.000054754 ... int
           9  .000000000 -.000000000 ... mt
              .000000000  .000000000 ... int
          10  .000000043 -.000000173 ... mt
             -.000003327 -.000001906 ... int
          11  .000000384 -.000000407 ... mt
             -.000006919 -.000003131 ... int
          12  .000000048 -.000000262 ... mt
             -.000001693  .000000360 ... int
          13  .009672432  .008538663 ... mt
              .009679647  .008546618 ... int
          14  .000000048 -.000000262 ... mt
             -.000001693  .000000360 ... int
          15  .000000000  .000000000 ... mt
             -.000000000 -.000000000 ... int
          16 -.000000043  .000000173 ... mt
              .000003327  .000001906 ... int
          17  .000000000 -.000000000 ... mt
             -.000000000  .000000000 ... int
          18 -.000000275  .000000604 ... mt
             -.000025415 -.000046348 ... int
          19 -.000000717  .000000888 ... mt
             -.000043825 -.000074082 ... int
          20 -.000000386  .000000131 ... mt
             -.000014020 -.000019693 ... int
          21  .004771451  .003509575 ... mt
              .004749068  .003457083 ... int
          22 -.000000385  .000000131 ... mt
             -.000014019 -.000019693 ... int
          23 -.000000000 -.000000000 ... mt
             -.000000000  .000000000 ... int
          24  .000000275 -.000000604 ... mt
              .000025415  .000046348 ... int
          25 -.004012243 -.000349571 ... mt
             -.004098559 -.000529601 ... int
          26 -.000000044  .000000003 ... mt
              .000001224  .000000310 ... int
          27  .000000000  .000000000 ... mt
              .000000000 -.000000000 ... int
          28 -.000000219 -.000000370 ... mt
             -.000000669  .000001716 ... int
          29 -.000000348 -.000000388 ... mt
              .000001715  .000002943 ... int
          30 -.000000708 -.000000785 ... mt
             -.000000738 -.000001879 ... int
          31  .003853039  .003941212 ... mt
              .003861866  .003948549 ... int
          32 -.000000708 -.000000785 ... mt
             -.000000738 -.000001879 ... int
          33 -.000000000  .000000000 ... mt
              .000000000  .000000000 ... int
          34  .000000220  .000000370 ... mt
              .000000669 -.000001716 ... int
          35  .000372612  .000657429 ... mt
              .000375144  .000656498 ... int
          36 -.000000044  .000000003 ... mt
              .000001224  .000000310 ... int
          37 -.000000027 -.000000023 ... mt
              .000006849  .000014363 ... int
          38  .000000034  .000000035 ... mt
              .000008224  .000018275 ... int
          39  .000000000 -.000000000 ... mt
              .000000000 -.000000000 ... int
          40 -.000000190 -.000000222 ... mt
             -.000006109 -.000009761 ... int
          41  .000000052  .000000022 ... mt
             -.000002640  .000002290 ... int
          42 -.000000994 -.000000944 ... mt
              .000001217  .000007166 ... int
          43  .002521565  .002663197 ... mt
              .002552603  .002705045 ... int
          44 -.000000994 -.000000944 ... mt
              .000001217  .000007166 ... int
          45  .000000000 -.000000000 ... mt
              .000000000 -.000000000 ... int
          46  .000000190  .000000222 ... mt
              .000006109  .000009761 ... int
          47 -.000470658 -.000583291 ... mt
             -.000460045 -.000541896 ... int
          48  .000000034  .000000035 ... mt
              .000008224  .000018275 ... int
          49  .000000000  .000000000 ... mt
              .000000000  .000000000 ... int
          50 -.000000008 -.000000004 ... mt
             -.000000530 -.000000690 ... int
          51 -.000000051 -.000000050 ... mt
             -.000002798 -.000003279 ... int
          52 -.000000017 -.000000012 ... mt
             -.000003709 -.000003991 ... int
          53  .000000000  .000000000 ... mt
             -.000000000  .000000000 ... int
          54 -.000000081 -.000000067 ... mt
             -.000000830 -.000000668 ... int
          55  .000000008  .000000034 ... mt
             -.000005871 -.000005292 ... int
          56 -.000000698 -.000000668 ... mt
             -.000003423 -.000003173 ... int
          57  .001140891  .001164702 ... mt
              .001223513  .001243686 ... int
          58 -.000000698 -.000000668 ... mt
             -.000003423 -.000003173 ... int
          59  .000000000  .000000000 ... mt
              .000000000 -.000000000 ... int
          60  .000000081  .000000067 ... mt
              .000000830  .000000668 ... int
          61  .000008453  .000008241 ... mt
              .000010410  .000009632 ... int
          62 -.000000017 -.000000012 ... mt
             -.000003709 -.000003991 ... int
          63  .000000000  .000000000 ... mt
              .000000000 -.000000000 ... int
          64  .000000008  .000000004 ... mt
              .000000531  .000000690 ... int
          65 -.000000000 -.000000000 ... mt
             -.000000000 -.000000000 ... int
          66 -.000000002 -.000000009 ... mt
             -.000000527 -.000001332 ... int
          67 -.000000011 -.000000019 ... mt
             -.000003224 -.000006888 ... int
          68 -.000000007 -.000000001 ... mt
             -.000003171 -.000006851 ... int
          69 -.000000000 -.000000000 ... mt
             -.000000000  .000000000 ... int
          70 -.000000028 -.000000024 ... mt
             -.000002460 -.000001702 ... int
          71  .000000110  .000000096 ... mt
             -.000004165 -.000004545 ... int
          72 -.000000486 -.000000453 ... mt
             -.000001439 -.000000882 ... int
          73  .000586913  .000632724 ... mt
              .000698565  .000744985 ... int
          74 -.000000486 -.000000453 ... mt
             -.000001439 -.000000882 ... int
          75  .000000000 -.000000000 ... mt
             -.000000000 -.000000000 ... int
          76  .000000028  .000000024 ... mt
              .000002460  .000001702 ... int
          77  .000026150  .000028201 ... mt
              .000037947  .000040711 ... int
          78 -.000000007 -.000000001 ... mt
             -.000003171 -.000006852 ... int
          79  .000000000 -.000000000 ... mt
             -.000000000 -.000000000 ... int
          80  .000000002  .000000009 ... mt
              .000000527  .000001332 ... int
          81  .000015034  .000030055 ... mt
              .000041532  .000055935 ... int
     2     1  .034587245  .044356590 ... mt
              .034530053  .044273875 ... int
           2 -.000000581 -.000000301 ... mt
              .000003346  .000001760 ... int
           3 -.001797867 -.002374273 ... mt
             -.001795531 -.002375234 ... int
           4 -.000000581 -.000000301 ... mt
              .000003346  .000001759 ... int
           5  .000000437  .000000213 ... mt
             -.000023343 -.000039711 ... int
           6  .000000982  .000001047 ... mt
             -.000033699 -.000054754 ... int
           7  .006736705  .005353711 ... mt
              .006810160  .005484838 ... int
           8  .000000982  .000001047 ... mt
             -.000033699 -.000054754 ... int
           9  .000000000 -.000000000 ... mt
              .000000000  .000000000 ... int
          10 -.000000043  .000000173 ... mt
              .000003327  .000001906 ... int
          11 -.000000384  .000000407 ... mt
              .000006919  .000003131 ... int
          12 -.000000048  .000000262 ... mt
              .000001693 -.000000360 ... int
          13 -.009672432 -.008538663 ... mt
             -.009679647 -.008546618 ... int
          14 -.000000048  .000000262 ... mt
              .000001693 -.000000360 ... int
          15 -.000000000 -.000000000 ... mt
              .000000000  .000000000 ... int
          16  .000000043 -.000000173 ... mt
             -.000003327 -.000001906 ... int
          17  .000000000 -.000000000 ... mt
             -.000000000  .000000000 ... int
          18 -.000000275  .000000604 ... mt
             -.000025415 -.000046348 ... int
          19 -.000000717  .000000888 ... mt
             -.000043825 -.000074082 ... int
          20 -.000000386  .000000131 ... mt
             -.000014020 -.000019693 ... int
          21  .004771451  .003509575 ... mt
              .004749068  .003457083 ... int
          22 -.000000385  .000000131 ... mt
             -.000014019 -.000019693 ... int
          23 -.000000000 -.000000000 ... mt
             -.000000000  .000000000 ... int
          24  .000000275 -.000000604 ... mt
              .000025415  .000046348 ... int
          25 -.004012243 -.000349571 ... mt
             -.004098559 -.000529601 ... int
          26  .000000044 -.000000003 ... mt
             -.000001224 -.000000310 ... int
          27 -.000000000 -.000000000 ... mt
             -.000000000  .000000000 ... int
          28  .000000219  .000000370 ... mt
              .000000669 -.000001716 ... int
          29  .000000348  .000000388 ... mt
             -.000001715 -.000002943 ... int
          30  .000000708  .000000785 ... mt
              .000000738  .000001879 ... int
          31 -.003853039 -.003941212 ... mt
             -.003861866 -.003948549 ... int
          32  .000000708  .000000785 ... mt
              .000000738  .000001879 ... int
          33  .000000000 -.000000000 ... mt
             -.000000000 -.000000000 ... int
          34 -.000000220 -.000000370 ... mt
             -.000000669  .000001716 ... int
          35 -.000372612 -.000657429 ... mt
             -.000375144 -.000656498 ... int
          36  .000000044 -.000000003 ... mt
             -.000001224 -.000000310 ... int
          37 -.000000027 -.000000023 ... mt
              .000006849  .000014363 ... int
          38  .000000034  .000000035 ... mt
              .000008224  .000018275 ... int
          39  .000000000 -.000000000 ... mt
              .000000000 -.000000000 ... int
          40 -.000000190 -.000000222 ... mt
             -.000006109 -.000009761 ... int
          41  .000000052  .000000022 ... mt
             -.000002640  .000002290 ... int
          42 -.000000994 -.000000944 ... mt
              .000001217  .000007166 ... int
          43  .002521565  .002663197 ... mt
              .002552603  .002705045 ... int
          44 -.000000994 -.000000944 ... mt
              .000001217  .000007166 ... int
          45  .000000000 -.000000000 ... mt
              .000000000 -.000000000 ... int
          46  .000000190  .000000222 ... mt
              .000006109  .000009761 ... int
          47 -.000470658 -.000583291 ... mt
             -.000460045 -.000541896 ... int
          48  .000000034  .000000035 ... mt
              .000008224  .000018275 ... int
          49  .000000000  .000000000 ... mt
              .000000000  .000000000 ... int
          50  .000000008  .000000004 ... mt
              .000000530  .000000690 ... int
          51  .000000051  .000000050 ... mt
              .000002798  .000003279 ... int
          52  .000000017  .000000012 ... mt
              .000003709  .000003991 ... int
          53 -.000000000 -.000000000 ... mt
              .000000000 -.000000000 ... int
          54  .000000081  .000000067 ... mt
              .000000830  .000000668 ... int
          55 -.000000008 -.000000034 ... mt
              .000005871  .000005292 ... int
          56  .000000698  .000000668 ... mt
              .000003423  .000003173 ... int
          57 -.001140891 -.001164702 ... mt
             -.001223513 -.001243686 ... int
          58  .000000698  .000000668 ... mt
              .000003423  .000003173 ... int
          59 -.000000000 -.000000000 ... mt
             -.000000000  .000000000 ... int
          60 -.000000081 -.000000067 ... mt
             -.000000830 -.000000668 ... int
          61 -.000008453 -.000008241 ... mt
             -.000010410 -.000009632 ... int
          62  .000000017  .000000012 ... mt
              .000003709  .000003991 ... int
          63 -.000000000 -.000000000 ... mt
             -.000000000  .000000000 ... int
          64 -.000000008 -.000000004 ... mt
             -.000000531 -.000000690 ... int
          65 -.000000000 -.000000000 ... mt
             -.000000000 -.000000000 ... int
          66 -.000000002 -.000000009 ... mt
             -.000000527 -.000001332 ... int
          67 -.000000011 -.000000019 ... mt
             -.000003224 -.000006888 ... int
          68 -.000000007 -.000000001 ... mt
             -.000003171 -.000006851 ... int
          69 -.000000000 -.000000000 ... mt
             -.000000000  .000000000 ... int
          70 -.000000028 -.000000024 ... mt
             -.000002460 -.000001702 ... int
          71  .000000110  .000000096 ... mt
             -.000004165 -.000004545 ... int
          72 -.000000486 -.000000453 ... mt
             -.000001439 -.000000882 ... int
          73  .000586913  .000632724 ... mt
              .000698565  .000744985 ... int
          74 -.000000486 -.000000453 ... mt
             -.000001439 -.000000882 ... int
          75  .000000000 -.000000000 ... mt
             -.000000000 -.000000000 ... int
          76  .000000028  .000000024 ... mt
              .000002460  .000001702 ... int
          77  .000026150  .000028201 ... mt
              .000037947  .000040711 ... int
          78 -.000000007 -.000000001 ... mt
             -.000003171 -.000006852 ... int
          79  .000000000 -.000000000 ... mt
             -.000000000 -.000000000 ... int
          80  .000000002  .000000009 ... mt
              .000000527  .000001332 ... int
          81  .000015034  .000030055 ... mt
              .000041532  .000055935 ... int
     3     1  .031927266  .043514788 ... mt
              .031872370  .043430466 ... int
           2 -.000223681  .000599520 ... mt
             -.000229227  .000598093 ... int
           3  .000000409  .000000089 ... mt
             -.000003556 -.000002121 ... int
           4 -.000223681  .000599520 ... mt
             -.000229227  .000598092 ... int
           5  .001972219  .001297399 ... mt
              .001952102  .001265023 ... int
           6  .000000778  .000000732 ... mt
             -.000032548 -.000055522 ... int
           7 -.001829301 -.000921680 ... mt
             -.001764342 -.000798301 ... int
           8  .000000778  .000000732 ... mt
             -.000032548 -.000055522 ... int
           9 -.000000000  .000000000 ... mt
              .000000000  .000000000 ... int
          10  .000522842  .001208190 ... mt
              .000527030  .001210043 ... int
          11  .000000517 -.000000192 ... mt
             -.000006197 -.000003368 ... int
          12 -.001921508 -.001529139 ... mt
             -.001923026 -.001532368 ... int
          13 -.000000297 -.000000040 ... mt
              .000002601  .000001332 ... int
          14 -.001921508 -.001529139 ... mt
             -.001923026 -.001532368 ... int
          15  .000000000  .000000000 ... mt
              .000000000 -.000000000 ... int
          16 -.000522842 -.001208190 ... mt
             -.000527030 -.001210043 ... int
          17  .000000000  .000000000 ... mt
              .000000000  .000000000 ... int
          18 -.000000063  .000000711 ... mt
             -.000024204 -.000044350 ... int
          19 -.002288700 -.001169548 ... mt
             -.002333436 -.001253530 ... int
          20 -.000000488 -.000000082 ... mt
             -.000012808 -.000025867 ... int
          21 -.004099296  .000088611 ... mt
             -.004116723  .000032207 ... int
          22 -.000000488 -.000000082 ... mt
             -.000012808 -.000025867 ... int
          23 -.000000000 -.000000000 ... mt
             -.000000000  .000000000 ... int
          24  .000000063 -.000000711 ... mt
              .000024204  .000044351 ... int
          25 -.005897455 -.001448601 ... mt
             -.005978661 -.001639880 ... int
          26 -.001042646 -.000941922 ... mt
             -.001046102 -.000943529 ... int
          27  .000000000  .000000000 ... mt
             -.000000000 -.000000000 ... int
          28 -.000764507 -.000853235 ... mt
             -.000770400 -.000854564 ... int
          29  .000000112  .000000192 ... mt
              .000000233  .000000649 ... int
          30  .000895392  .000984507 ... mt
              .000896597  .000986651 ... int
          31 -.000000112 -.000000107 ... mt
             -.000000160 -.000000883 ... int
          32  .000895392  .000984507 ... mt
              .000896597  .000986651 ... int
          33 -.000000000  .000000000 ... mt
             -.000000000  .000000000 ... int
          34  .000764507  .000853235 ... mt
              .000770400  .000854563 ... int
          35  .000000328  .000000635 ... mt
              .000002113 -.000000093 ... int
          36 -.001042646 -.000941922 ... mt
             -.001046102 -.000943528 ... int
          37 -.000818581 -.000881789 ... mt
             -.000820900 -.000869214 ... int
          38  .000000209  .000000257 ... mt
              .000007818  .000016183 ... int
          39  .000000000  .000000000 ... mt
             -.000000000 -.000000000 ... int
          40  .000000008 -.000000004 ... mt
             -.000005857 -.000012125 ... int
          41  .000502782  .000535810 ... mt
              .000505493  .000536959 ... int
          42  .000000024  .000000075 ... mt
              .000005789  .000006504 ... int
          43 -.000256491 -.000281991 ... mt
             -.000260325 -.000263146 ... int
          44  .000000024  .000000075 ... mt
              .000005789  .000006504 ... int
          45  .000000000 -.000000000 ... mt
              .000000000 -.000000000 ... int
          46 -.000000008  .000000004 ... mt
              .000005857  .000012125 ... int
          47  .000077223  .000027986 ... mt
              .000085265  .000073638 ... int
          48  .000000209  .000000257 ... mt
              .000007818  .000016183 ... int
          49  .000000000  .000000000 ... mt
              .000000000 -.000000000 ... int
          50 -.000242458 -.000263051 ... mt
             -.000256483 -.000278166 ... int
          51  .000000145  .000000158 ... mt
             -.000002168 -.000002326 ... int
          52  .000201542  .000248309 ... mt
              .000212556  .000254884 ... int
          53  .000000000  .000000000 ... mt
              .000000000  .000000000 ... int
          54  .000190678  .000220038 ... mt
              .000202736  .000228098 ... int
          55 -.000000173 -.000000164 ... mt
             -.000006067 -.000006738 ... int
          56 -.000171443 -.000207204 ... mt
             -.000183746 -.000217764 ... int
          57  .000000106  .000000109 ... mt
              .000004221  .000004776 ... int
          58 -.000171443 -.000207204 ... mt
             -.000183747 -.000217765 ... int
          59 -.000000000 -.000000000 ... mt
              .000000000 -.000000000 ... int
          60 -.000190678 -.000220038 ... mt
             -.000202736 -.000228098 ... int
          61 -.000000213 -.000000186 ... mt
             -.000004981 -.000005014 ... int
          62  .000201542  .000248309 ... mt
              .000212555  .000254884 ... int
          63 -.000000000  .000000000 ... mt
              .000000000 -.000000000 ... int
          64  .000242458  .000263051 ... mt
              .000256483  .000278166 ... int
          65 -.000000000 -.000000000 ... mt
             -.000000000 -.000000000 ... int
          66  .000000086  .000000076 ... mt
              .000000456 -.000001503 ... int
          67  .000116231  .000126014 ... mt
              .000131224  .000132684 ... int
          68 -.000000089 -.000000087 ... mt
             -.000004368 -.000007811 ... int
          69  .000000000 -.000000000 ... mt
              .000000000  .000000000 ... int
          70 -.000000074 -.000000077 ... mt
             -.000002317 -.000004927 ... int
          71 -.000077145 -.000085668 ... mt
             -.000091861 -.000106848 ... int
          72  .000000064  .000000063 ... mt
              .000002744  .000003005 ... int
          73  .000082694  .000095953 ... mt
              .000109841  .000122947 ... int
          74  .000000064  .000000063 ... mt
              .000002744  .000003004 ... int
          75  .000000000  .000000000 ... mt
             -.000000000 -.000000000 ... int
          76  .000000074  .000000077 ... mt
              .000002317  .000004927 ... int
          77 -.000093835 -.000099727 ... mt
             -.000098437 -.000107380 ... int
          78 -.000000089 -.000000087 ... mt
             -.000004368 -.000007811 ... int
          79  .000000000 -.000000000 ... mt
             -.000000000  .000000000 ... int
          80 -.000000086 -.000000076 ... mt
             -.000000456  .000001503 ... int
          81  .000162853  .000202663 ... mt
              .000216250  .000249147 ... int
     4     1  .031927491  .043514422 ... mt
              .031873463  .043430612 ... int
           2  .000223954 -.000599692 ... mt
              .000226145 -.000600137 ... int
           3  .000000000  .000000000 ... mt
              .000000000  .000000000 ... int
           4 -.000223954  .000599692 ... mt
             -.000226145  .000600137 ... int
           5 -.001971144 -.001297020 ... mt
             -.001994193 -.001340683 ... int
           6  .000000722 -.000000285 ... mt
             -.000028405 -.000053781 ... int
           7 -.001829108 -.000921380 ... mt
             -.001761148 -.000795177 ... int
           8  .000000722 -.000000285 ... mt
             -.000028405 -.000053781 ... int
           9 -.000000000 -.000000000 ... mt
              .000000000 -.000000000 ... int
          10 -.000522795 -.001208196 ... mt
             -.000529483 -.001211163 ... int
          11 -.000000000 -.000000000 ... mt
             -.000000000 -.000000000 ... int
          12  .001921711  .001528882 ... mt
              .001920359  .001530650 ... int
          13 -.000000000 -.000000000 ... mt
              .000000000 -.000000000 ... int
          14 -.001921711 -.001528882 ... mt
             -.001920359 -.001530650 ... int
          15 -.000000315 -.000000261 ... mt
             -.000000701 -.000000550 ... int
          16 -.000522795 -.001208196 ... mt
             -.000529483 -.001211163 ... int
          17 -.000000000 -.000000000 ... mt
             -.000000000  .000000000 ... int
          18 -.000000215  .000000439 ... mt
             -.000019014 -.000042364 ... int
          19  .002287147  .001170445 ... mt
              .002257764  .001106991 ... int
          20  .000000005  .000000293 ... mt
             -.000010825 -.000022377 ... int
          21 -.004099695  .000088225 ... mt
             -.004125200  .000025865 ... int
          22  .000000005  .000000293 ... mt
             -.000010825 -.000022377 ... int
          23 -.000000000 -.000000000 ... mt
             -.000000000  .000000000 ... int
          24  .000000215 -.000000439 ... mt
              .000019014  .000042364 ... int
          25 -.005896767 -.001447659 ... mt
             -.005979084 -.001637662 ... int
          26  .001042501  .000941695 ... mt
              .001045742  .000942420 ... int
          27  .000000049 -.000000066 ... mt
             -.000001054 -.000001051 ... int
          28  .000764065  .000852583 ... mt
              .000767951  .000853879 ... int
          29  .000000000 -.000000000 ... mt
              .000000000  .000000000 ... int
          30 -.000894993 -.000983922 ... mt
             -.000895491 -.000986938 ... int
          31 -.000000000 -.000000000 ... mt
             -.000000000  .000000000 ... int
          32  .000894993  .000983922 ... mt
              .000895491  .000986939 ... int
          33 -.000000057 -.000000119 ... mt
              .000000031 -.000000222 ... int
          34  .000764065  .000852583 ... mt
              .000767951  .000853879 ... int
          35 -.000000000  .000000000 ... mt
             -.000000000  .000000000 ... int
          36 -.001042501 -.000941695 ... mt
             -.001045742 -.000942420 ... int
          37  .000817922  .000881118 ... mt
              .000828965  .000893452 ... int
          38  .000000023  .000000096 ... mt
              .000001664  .000014290 ... int
          39  .000000000 -.000000000 ... mt
              .000000000  .000000000 ... int
          40 -.000000075 -.000000094 ... mt
             -.000000067 -.000007091 ... int
          41 -.000502202 -.000535163 ... mt
             -.000511724 -.000548450 ... int
          42 -.000000053  .000000026 ... mt
             -.000002144  .000000398 ... int
          43 -.000256098 -.000281635 ... mt
             -.000256856 -.000262494 ... int
          44 -.000000053  .000000026 ... mt
             -.000002144  .000000398 ... int
          45  .000000000 -.000000000 ... mt
              .000000000  .000000000 ... int
          46  .000000075  .000000094 ... mt
              .000000067  .000007091 ... int
          47  .000076640  .000027466 ... mt
              .000070477  .000064697 ... int
          48  .000000023  .000000096 ... mt
              .000001665  .000014290 ... int
          49  .000000000  .000000000 ... mt
              .000000000 -.000000000 ... int
          50  .000242131  .000262705 ... mt
              .000255888  .000277424 ... int
          51 -.000000000 -.000000000 ... mt
             -.000000000  .000000000 ... int
          52 -.000201335 -.000248081 ... mt
             -.000216715 -.000258942 ... int
          53  .000000025  .000000010 ... mt
             -.000000769 -.000000763 ... int
          54 -.000190432 -.000219797 ... mt
             -.000202269 -.000228207 ... int
          55 -.000000000 -.000000000 ... mt
             -.000000000 -.000000000 ... int
          56  .000171191  .000206965 ... mt
              .000182224  .000216163 ... int
          57 -.000000000 -.000000000 ... mt
              .000000000  .000000000 ... int
          58 -.000171191 -.000206965 ... mt
             -.000182224 -.000216163 ... int
          59  .000000028  .000000008 ... mt
              .000000823  .000000402 ... int
          60 -.000190432 -.000219797 ... mt
             -.000202269 -.000228208 ... int
          61 -.000000000 -.000000000 ... mt
              .000000000  .000000000 ... int
          62  .000201335  .000248081 ... mt
              .000216715  .000258942 ... int
          63  .000000018  .000000006 ... mt
              .000001685  .000001242 ... int
          64  .000242131  .000262705 ... mt
              .000255888  .000277424 ... int
          65  .000000000 -.000000000 ... mt
             -.000000000 -.000000000 ... int
          66  .000000024  .000000006 ... mt
             -.000005261 -.000004552 ... int
          67 -.000116029 -.000125828 ... mt
             -.000146780 -.000154415 ... int
          68  .000000002  .000000007 ... mt
             -.000008675 -.000010438 ... int
          69 -.000000000 -.000000000 ... mt
              .000000000 -.000000000 ... int
          70 -.000000004 -.000000004 ... mt
             -.000007726 -.000007807 ... int
          71  .000076962  .000085471 ... mt
              .000083310  .000090917 ... int
          72 -.000000001  .000000002 ... mt
              .000007012  .000005709 ... int
          73  .000082576  .000095840 ... mt
              .000110876  .000122545 ... int
          74 -.000000001  .000000002 ... mt
              .000007012  .000005709 ... int
          75  .000000000  .000000000 ... mt
             -.000000000 -.000000000 ... int
          76  .000000004  .000000004 ... mt
              .000007726  .000007807 ... int
          77 -.000093639 -.000099539 ... mt
             -.000094362 -.000104316 ... int
          78  .000000002  .000000007 ... mt
             -.000008675 -.000010439 ... int
          79  .000000000 -.000000000 ... mt
             -.000000000 -.000000000 ... int
          80 -.000000024 -.000000006 ... mt
              .000005261  .000004552 ... int
          81  .000162535  .000202357 ... mt
              .000218425  .000249415 ... int
     5     1  .031927491  .043514422 ... mt
              .031873463  .043430612 ... int
           2 -.000223954  .000599692 ... mt
             -.000226145  .000600137 ... int
           3 -.000000000 -.000000000 ... mt
             -.000000000 -.000000000 ... int
           4  .000223954 -.000599692 ... mt
              .000226145 -.000600137 ... int
           5 -.001971144 -.001297020 ... mt
             -.001994193 -.001340683 ... int
           6  .000000722 -.000000285 ... mt
             -.000028405 -.000053781 ... int
           7 -.001829108 -.000921380 ... mt
             -.001761148 -.000795177 ... int
           8  .000000722 -.000000285 ... mt
             -.000028405 -.000053781 ... int
           9 -.000000000 -.000000000 ... mt
              .000000000 -.000000000 ... int
          10  .000522795  .001208196 ... mt
              .000529483  .001211163 ... int
          11  .000000000  .000000000 ... mt
              .000000000  .000000000 ... int
          12 -.001921711 -.001528882 ... mt
             -.001920359 -.001530650 ... int
          13  .000000000  .000000000 ... mt
             -.000000000  .000000000 ... int
          14  .001921711  .001528882 ... mt
              .001920359  .001530650 ... int
          15  .000000315  .000000261 ... mt
              .000000701  .000000550 ... int
          16  .000522795  .001208196 ... mt
              .000529483  .001211163 ... int
          17  .000000000 -.000000000 ... mt
              .000000000  .000000000 ... int
          18 -.000000215  .000000439 ... mt
             -.000019014 -.000042364 ... int
          19  .002287147  .001170445 ... mt
              .002257764  .001106991 ... int
          20  .000000005  .000000293 ... mt
             -.000010825 -.000022377 ... int
          21 -.004099695  .000088225 ... mt
             -.004125200  .000025865 ... int
          22  .000000005  .000000293 ... mt
             -.000010825 -.000022377 ... int
          23 -.000000000 -.000000000 ... mt
             -.000000000  .000000000 ... int
          24  .000000215 -.000000439 ... mt
              .000019014  .000042364 ... int
          25 -.005896767 -.001447659 ... mt
             -.005979084 -.001637662 ... int
          26 -.001042501 -.000941695 ... mt
             -.001045742 -.000942420 ... int
          27 -.000000049  .000000066 ... mt
              .000001054  .000001051 ... int
          28 -.000764065 -.000852583 ... mt
             -.000767951 -.000853879 ... int
          29 -.000000000  .000000000 ... mt
             -.000000000 -.000000000 ... int
          30  .000894993  .000983922 ... mt
              .000895491  .000986938 ... int
          31  .000000000  .000000000 ... mt
              .000000000 -.000000000 ... int
          32 -.000894993 -.000983922 ... mt
             -.000895491 -.000986939 ... int
          33  .000000057  .000000119 ... mt
             -.000000031  .000000222 ... int
          34 -.000764065 -.000852583 ... mt
             -.000767951 -.000853879 ... int
          35  .000000000 -.000000000 ... mt
              .000000000 -.000000000 ... int
          36  .001042501  .000941695 ... mt
              .001045742  .000942420 ... int
          37  .000817922  .000881118 ... mt
              .000828965  .000893452 ... int
          38  .000000023  .000000096 ... mt
              .000001664  .000014290 ... int
          39  .000000000  .000000000 ... mt
              .000000000  .000000000 ... int
          40 -.000000075 -.000000094 ... mt
             -.000000067 -.000007091 ... int
          41 -.000502202 -.000535163 ... mt
             -.000511724 -.000548450 ... int
          42 -.000000053  .000000026 ... mt
             -.000002144  .000000398 ... int
          43 -.000256098 -.000281635 ... mt
             -.000256856 -.000262494 ... int
          44 -.000000053  .000000026 ... mt
             -.000002144  .000000398 ... int
          45  .000000000 -.000000000 ... mt
              .000000000  .000000000 ... int
          46  .000000075  .000000094 ... mt
              .000000067  .000007091 ... int
          47  .000076640  .000027466 ... mt
              .000070477  .000064697 ... int
          48  .000000023  .000000096 ... mt
              .000001665  .000014290 ... int
          49  .000000000  .000000000 ... mt
              .000000000 -.000000000 ... int
          50 -.000242131 -.000262705 ... mt
             -.000255888 -.000277424 ... int
          51  .000000000  .000000000 ... mt
              .000000000 -.000000000 ... int
          52  .000201335  .000248081 ... mt
              .000216715  .000258942 ... int
          53 -.000000025 -.000000010 ... mt
              .000000769  .000000763 ... int
          54  .000190432  .000219797 ... mt
              .000202269  .000228207 ... int
          55  .000000000  .000000000 ... mt
              .000000000  .000000000 ... int
          56 -.000171191 -.000206965 ... mt
             -.000182224 -.000216163 ... int
          57  .000000000  .000000000 ... mt
             -.000000000 -.000000000 ... int
          58  .000171191  .000206965 ... mt
              .000182224  .000216163 ... int
          59 -.000000028 -.000000008 ... mt
             -.000000823 -.000000402 ... int
          60  .000190432  .000219797 ... mt
              .000202269  .000228208 ... int
          61  .000000000  .000000000 ... mt
             -.000000000 -.000000000 ... int
          62 -.000201335 -.000248081 ... mt
             -.000216715 -.000258942 ... int
          63 -.000000018 -.000000006 ... mt
             -.000001685 -.000001242 ... int
          64 -.000242131 -.000262705 ... mt
             -.000255888 -.000277424 ... int
          65  .000000000 -.000000000 ... mt
             -.000000000 -.000000000 ... int
          66  .000000024  .000000006 ... mt
             -.000005261 -.000004552 ... int
          67 -.000116029 -.000125828 ... mt
             -.000146780 -.000154415 ... int
          68  .000000002  .000000007 ... mt
             -.000008675 -.000010438 ... int
          69 -.000000000 -.000000000 ... mt
              .000000000 -.000000000 ... int
          70 -.000000004 -.000000004 ... mt
             -.000007726 -.000007807 ... int
          71  .000076962  .000085471 ... mt
              .000083310  .000090917 ... int
          72 -.000000001  .000000002 ... mt
              .000007012  .000005709 ... int
          73  .000082576  .000095840 ... mt
              .000110876  .000122545 ... int
          74 -.000000001  .000000002 ... mt
              .000007012  .000005709 ... int
          75  .000000000 -.000000000 ... mt
             -.000000000 -.000000000 ... int
          76  .000000004  .000000004 ... mt
              .000007726  .000007807 ... int
          77 -.000093639 -.000099539 ... mt
             -.000094362 -.000104316 ... int
          78  .000000002  .000000007 ... mt
             -.000008675 -.000010439 ... int
          79  .000000000 -.000000000 ... mt
             -.000000000 -.000000000 ... int
          80 -.000000024 -.000000006 ... mt
              .000005261  .000004552 ... int
          81  .000162535  .000202357 ... mt
              .000218425  .000249415 ... int
     6     1  .031927266  .043514788 ... mt
              .031872370  .043430466 ... int
           2  .000223681 -.000599520 ... mt
              .000229227 -.000598093 ... int
           3 -.000000409 -.000000089 ... mt
              .000003556  .000002121 ... int
           4  .000223681 -.000599520 ... mt
              .000229227 -.000598092 ... int
           5  .001972219  .001297399 ... mt
              .001952102  .001265023 ... int
           6  .000000778  .000000732 ... mt
             -.000032548 -.000055522 ... int
           7 -.001829301 -.000921680 ... mt
             -.001764342 -.000798301 ... int
           8  .000000778  .000000732 ... mt
             -.000032548 -.000055522 ... int
           9 -.000000000  .000000000 ... mt
              .000000000  .000000000 ... int
          10 -.000522842 -.001208190 ... mt
             -.000527030 -.001210043 ... int
          11 -.000000517  .000000192 ... mt
              .000006197  .000003368 ... int
          12  .001921508  .001529139 ... mt
              .001923026  .001532368 ... int
          13  .000000297  .000000040 ... mt
             -.000002601 -.000001332 ... int
          14  .001921508  .001529139 ... mt
              .001923026  .001532368 ... int
          15 -.000000000 -.000000000 ... mt
             -.000000000  .000000000 ... int
          16  .000522842  .001208190 ... mt
              .000527030  .001210043 ... int
          17  .000000000  .000000000 ... mt
              .000000000  .000000000 ... int
          18 -.000000063  .000000711 ... mt
             -.000024204 -.000044350 ... int
          19 -.002288700 -.001169548 ... mt
             -.002333436 -.001253530 ... int
          20 -.000000488 -.000000082 ... mt
             -.000012808 -.000025867 ... int
          21 -.004099296  .000088611 ... mt
             -.004116723  .000032207 ... int
          22 -.000000488 -.000000082 ... mt
             -.000012808 -.000025867 ... int
          23 -.000000000 -.000000000 ... mt
             -.000000000  .000000000 ... int
          24  .000000063 -.000000711 ... mt
              .000024204  .000044351 ... int
          25 -.005897455 -.001448601 ... mt
             -.005978660 -.001639880 ... int
          26  .001042646  .000941922 ... mt
              .001046102  .000943529 ... int
          27 -.000000000 -.000000000 ... mt
              .000000000  .000000000 ... int
          28  .000764507  .000853235 ... mt
              .000770400  .000854564 ... int
          29 -.000000112 -.000000192 ... mt
             -.000000233 -.000000649 ... int
          30 -.000895392 -.000984507 ... mt
             -.000896597 -.000986651 ... int
          31  .000000112  .000000107 ... mt
              .000000160  .000000883 ... int
          32 -.000895392 -.000984507 ... mt
             -.000896597 -.000986651 ... int
          33  .000000000 -.000000000 ... mt
              .000000000 -.000000000 ... int
          34 -.000764507 -.000853235 ... mt
             -.000770400 -.000854563 ... int
          35 -.000000328 -.000000635 ... mt
             -.000002113  .000000093 ... int
          36  .001042646  .000941922 ... mt
              .001046101  .000943528 ... int
          37 -.000818581 -.000881789 ... mt
             -.000820900 -.000869214 ... int
          38  .000000209  .000000257 ... mt
              .000007818  .000016183 ... int
          39  .000000000  .000000000 ... mt
             -.000000000 -.000000000 ... int
          40  .000000008 -.000000004 ... mt
             -.000005857 -.000012125 ... int
          41  .000502782  .000535810 ... mt
              .000505493  .000536959 ... int
          42  .000000024  .000000075 ... mt
              .000005789  .000006504 ... int
          43 -.000256491 -.000281991 ... mt
             -.000260325 -.000263146 ... int
          44  .000000024  .000000075 ... mt
              .000005789  .000006504 ... int
          45  .000000000 -.000000000 ... mt
              .000000000 -.000000000 ... int
          46 -.000000008  .000000004 ... mt
              .000005857  .000012125 ... int
          47  .000077223  .000027986 ... mt
              .000085265  .000073638 ... int
          48  .000000209  .000000257 ... mt
              .000007818  .000016183 ... int
          49  .000000000 -.000000000 ... mt
              .000000000 -.000000000 ... int
          50  .000242458  .000263051 ... mt
              .000256483  .000278166 ... int
          51 -.000000145 -.000000158 ... mt
              .000002168  .000002326 ... int
          52 -.000201542 -.000248309 ... mt
             -.000212556 -.000254884 ... int
          53 -.000000000 -.000000000 ... mt
             -.000000000 -.000000000 ... int
          54 -.000190678 -.000220038 ... mt
             -.000202736 -.000228098 ... int
          55  .000000173  .000000164 ... mt
              .000006067  .000006738 ... int
          56  .000171443  .000207204 ... mt
              .000183746  .000217764 ... int
          57 -.000000106 -.000000109 ... mt
             -.000004221 -.000004776 ... int
          58  .000171443  .000207204 ... mt
              .000183747  .000217765 ... int
          59  .000000000  .000000000 ... mt
             -.000000000  .000000000 ... int
          60  .000190678  .000220038 ... mt
              .000202736  .000228098 ... int
          61  .000000213  .000000186 ... mt
              .000004981  .000005014 ... int
          62 -.000201542 -.000248309 ... mt
             -.000212555 -.000254884 ... int
          63  .000000000 -.000000000 ... mt
             -.000000000  .000000000 ... int
          64 -.000242458 -.000263051 ... mt
             -.000256483 -.000278166 ... int
          65  .000000000 -.000000000 ... mt
             -.000000000 -.000000000 ... int
          66  .000000086  .000000076 ... mt
              .000000456 -.000001503 ... int
          67  .000116231  .000126014 ... mt
              .000131224  .000132684 ... int
          68 -.000000089 -.000000087 ... mt
             -.000004368 -.000007811 ... int
          69  .000000000 -.000000000 ... mt
              .000000000  .000000000 ... int
          70 -.000000074 -.000000077 ... mt
             -.000002317 -.000004927 ... int
          71 -.000077145 -.000085668 ... mt
             -.000091861 -.000106848 ... int
          72  .000000064  .000000063 ... mt
              .000002744  .000003005 ... int
          73  .000082694  .000095953 ... mt
              .000109841  .000122947 ... int
          74  .000000064  .000000063 ... mt
              .000002744  .000003004 ... int
          75  .000000000  .000000000 ... mt
             -.000000000 -.000000000 ... int
          76  .000000074  .000000077 ... mt
              .000002317  .000004927 ... int
          77 -.000093835 -.000099727 ... mt
             -.000098437 -.000107380 ... int
          78 -.000000089 -.000000087 ... mt
             -.000004368 -.000007811 ... int
          79  .000000000 -.000000000 ... mt
             -.000000000  .000000000 ... int
          80 -.000000086 -.000000076 ... mt
             -.000000456  .000001503 ... int
          81  .000162853  .000202663 ... mt
              .000216250  .000249147 ... int
     7     1  .029095899  .043456572 ... mt
              .029045766  .043367735 ... int
           2  .000000101  .000000044 ... mt
              .000000085  .000000069 ... int
           3 -.000000000  .000000000 ... mt
             -.000000000 -.000000000 ... int
           4 -.000000101 -.000000044 ... mt
             -.000000085 -.000000069 ... int
           5  .000000377 -.000000407 ... mt
             -.000017614 -.000039829 ... int
           6  .000000802 -.000000374 ... mt
             -.000024571 -.000056026 ... int
           7  .000351443  .000119509 ... mt
              .000415802  .000254639 ... int
           8  .000000802 -.000000374 ... mt
             -.000024570 -.000056026 ... int
           9  .000000000 -.000000000 ... mt
              .000000000  .000000000 ... int
          10 -.000000019  .000000041 ... mt
             -.000000093 -.000000127 ... int
          11 -.000000000  .000000000 ... mt
              .000000000 -.000000000 ... int
          12 -.000000077 -.000000071 ... mt
             -.000000055  .000000000 ... int
          13 -.000000000 -.000000000 ... mt
              .000000000  .000000000 ... int
          14  .000000077  .000000071 ... mt
              .000000055 -.000000000 ... int
          15 -.000062291 -.000043922 ... mt
             -.000061105 -.000044832 ... int
          16 -.000000019  .000000041 ... mt
             -.000000093 -.000000128 ... int
          17 -.000000000  .000000000 ... mt
             -.000000000  .000000000 ... int
          18 -.000000304  .000000381 ... mt
             -.000014644 -.000044056 ... int
          19 -.000000431  .000000691 ... mt
             -.000025186 -.000071337 ... int
          20 -.000000119  .000000244 ... mt
             -.000010250 -.000022962 ... int
          21 -.005099596 -.000910254 ... mt
             -.005127261 -.000979924 ... int
          22 -.000000119  .000000244 ... mt
             -.000010251 -.000022962 ... int
          23 -.000000000 -.000000000 ... mt
             -.000000000  .000000000 ... int
          24  .000000304 -.000000381 ... mt
              .000014644  .000044056 ... int
          25 -.002611583 -.000214820 ... mt
             -.002688536 -.000411399 ... int
          26  .000000024  .000000027 ... mt
             -.000000371 -.000000312 ... int
          27 -.000000091 -.000000012 ... mt
             -.000000988 -.000000981 ... int
          28  .000000009  .000000027 ... mt
             -.000000381 -.000000615 ... int
          29  .000000000 -.000000000 ... mt
             -.000000000  .000000000 ... int
          30  .000000019  .000000019 ... mt
             -.000000126 -.000000157 ... int
          31  .000000000 -.000000000 ... mt
             -.000000000 -.000000000 ... int
          32 -.000000019 -.000000019 ... mt
              .000000126  .000000157 ... int
          33 -.000394373 -.000131670 ... mt
             -.000391469 -.000128444 ... int
          34  .000000009  .000000027 ... mt
             -.000000381 -.000000615 ... int
          35 -.000000000 -.000000000 ... mt
             -.000000000 -.000000000 ... int
          36 -.000000024 -.000000027 ... mt
              .000000371  .000000312 ... int
          37 -.000000075 -.000000009 ... mt
              .000001427  .000013361 ... int
          38 -.000000026  .000000079 ... mt
             -.000001326  .000014701 ... int
          39  .000000000  .000000000 ... mt
              .000000000 -.000000000 ... int
          40 -.000000040 -.000000073 ... mt
              .000001882 -.000007359 ... int
          41 -.000000027  .000000078 ... mt
             -.000008275 -.000006935 ... int
          42 -.000000030  .000000080 ... mt
             -.000003881  .000001271 ... int
          43  .000069149  .000068549 ... mt
              .000072288  .000092916 ... int
          44 -.000000030  .000000080 ... mt
             -.000003881  .000001271 ... int
          45  .000000000  .000000000 ... mt
              .000000000  .000000000 ... int
          46  .000000040  .000000073 ... mt
             -.000001882  .000007358 ... int
          47 -.000485239 -.000584765 ... mt
             -.000496884 -.000549220 ... int
          48 -.000000026  .000000079 ... mt
             -.000001325  .000014701 ... int
          49  .000000000 -.000000000 ... mt
              .000000000  .000000000 ... int
          50  .000000001  .000000001 ... mt
              .000000534  .000000321 ... int
          51 -.000000000 -.000000000 ... mt
              .000000000 -.000000000 ... int
          52  .000000016  .000000002 ... mt
             -.000001165 -.000000919 ... int
          53  .000000010  .000000013 ... mt
             -.000000570 -.000000667 ... int
          54  .000000001  .000000007 ... mt
              .000000489  .000000227 ... int
          55  .000000000 -.000000000 ... mt
             -.000000000 -.000000000 ... int
          56 -.000000000  .000000005 ... mt
              .000000103  .000000004 ... int
          57 -.000000000  .000000000 ... mt
             -.000000000  .000000000 ... int
          58  .000000000 -.000000005 ... mt
             -.000000103 -.000000004 ... int
          59  .000028645  .000020365 ... mt
              .000021604  .000015722 ... int
          60  .000000001  .000000007 ... mt
              .000000489  .000000227 ... int
          61 -.000000000 -.000000000 ... mt
             -.000000000  .000000000 ... int
          62 -.000000016 -.000000002 ... mt
              .000001165  .000000919 ... int
          63  .000044113  .000034280 ... mt
              .000040430  .000031514 ... int
          64  .000000001  .000000001 ... mt
              .000000534  .000000321 ... int
          65  .000000000 -.000000000 ... mt
             -.000000000  .000000000 ... int
          66 -.000000001 -.000000008 ... mt
             -.000006228 -.000004377 ... int
          67 -.000000018 -.000000009 ... mt
             -.000015377 -.000014381 ... int
          68 -.000000016 -.000000001 ... mt
             -.000009781 -.000010493 ... int
          69 -.000000000 -.000000000 ... mt
             -.000000000  .000000000 ... int
          70 -.000000001 -.000000006 ... mt
             -.000008335 -.000008126 ... int
          71  .000000000 -.000000015 ... mt
             -.000005295 -.000007489 ... int
          72  .000000000  .000000001 ... mt
              .000007182  .000005955 ... int
          73  .000030799  .000036938 ... mt
              .000052354  .000057044 ... int
          74  .000000000  .000000001 ... mt
              .000007181  .000005955 ... int
          75  .000000000  .000000000 ... mt
             -.000000000 -.000000000 ... int
          76  .000000001  .000000006 ... mt
              .000008335  .000008126 ... int
          77  .000003004 -.000000183 ... mt
              .000013503  .000009966 ... int
          78 -.000000016 -.000000001 ... mt
             -.000009781 -.000010494 ... int
          79 -.000000000 -.000000000 ... mt
             -.000000000 -.000000000 ... int
          80  .000000001  .000000008 ... mt
              .000006228  .000004377 ... int
          81  .000008558  .000019549 ... mt
              .000028281  .000045810 ... int
     8     1  .029095899  .043456572 ... mt
              .029045766  .043367735 ... int
           2 -.000000101 -.000000044 ... mt
             -.000000085 -.000000069 ... int
           3  .000000000 -.000000000 ... mt
              .000000000  .000000000 ... int
           4  .000000101  .000000044 ... mt
              .000000085  .000000069 ... int
           5  .000000377 -.000000407 ... mt
             -.000017614 -.000039829 ... int
           6  .000000802 -.000000374 ... mt
             -.000024571 -.000056026 ... int
           7  .000351443  .000119509 ... mt
              .000415802  .000254639 ... int
           8  .000000802 -.000000374 ... mt
             -.000024571 -.000056026 ... int
           9  .000000000 -.000000000 ... mt
              .000000000  .000000000 ... int
          10  .000000019 -.000000041 ... mt
              .000000093  .000000127 ... int
          11  .000000000 -.000000000 ... mt
             -.000000000  .000000000 ... int
          12  .000000077  .000000071 ... mt
              .000000055 -.000000000 ... int
          13  .000000000  .000000000 ... mt
             -.000000000 -.000000000 ... int
          14 -.000000077 -.000000071 ... mt
             -.000000055  .000000000 ... int
          15  .000062291  .000043922 ... mt
              .000061105  .000044832 ... int
          16  .000000019 -.000000041 ... mt
              .000000093  .000000128 ... int
          17 -.000000000  .000000000 ... mt
             -.000000000  .000000000 ... int
          18 -.000000304  .000000381 ... mt
             -.000014644 -.000044056 ... int
          19 -.000000431  .000000691 ... mt
             -.000025186 -.000071337 ... int
          20 -.000000119  .000000244 ... mt
             -.000010250 -.000022962 ... int
          21 -.005099596 -.000910254 ... mt
             -.005127261 -.000979924 ... int
          22 -.000000119  .000000244 ... mt
             -.000010251 -.000022962 ... int
          23 -.000000000 -.000000000 ... mt
             -.000000000  .000000000 ... int
          24  .000000304 -.000000381 ... mt
              .000014644  .000044056 ... int
          25 -.002611583 -.000214820 ... mt
             -.002688536 -.000411399 ... int
          26 -.000000024 -.000000027 ... mt
              .000000371  .000000312 ... int
          27  .000000091  .000000012 ... mt
              .000000988  .000000981 ... int
          28 -.000000009 -.000000027 ... mt
              .000000381  .000000615 ... int
          29 -.000000000  .000000000 ... mt
              .000000000 -.000000000 ... int
          30 -.000000019 -.000000019 ... mt
              .000000126  .000000157 ... int
          31 -.000000000  .000000000 ... mt
              .000000000  .000000000 ... int
          32  .000000019  .000000019 ... mt
             -.000000126 -.000000157 ... int
          33  .000394373  .000131670 ... mt
              .000391469  .000128444 ... int
          34 -.000000009 -.000000027 ... mt
              .000000381  .000000615 ... int
          35  .000000000  .000000000 ... mt
              .000000000  .000000000 ... int
          36  .000000024  .000000027 ... mt
             -.000000371 -.000000312 ... int
          37 -.000000075 -.000000009 ... mt
              .000001427  .000013361 ... int
          38 -.000000026  .000000079 ... mt
             -.000001326  .000014701 ... int
          39  .000000000  .000000000 ... mt
              .000000000 -.000000000 ... int
          40 -.000000040 -.000000073 ... mt
              .000001882 -.000007359 ... int
          41 -.000000027  .000000078 ... mt
             -.000008275 -.000006935 ... int
          42 -.000000030  .000000080 ... mt
             -.000003881  .000001271 ... int
          43  .000069149  .000068549 ... mt
              .000072288  .000092916 ... int
          44 -.000000030  .000000080 ... mt
             -.000003881  .000001271 ... int
          45  .000000000  .000000000 ... mt
              .000000000  .000000000 ... int
          46  .000000040  .000000073 ... mt
             -.000001882  .000007358 ... int
          47 -.000485239 -.000584765 ... mt
             -.000496884 -.000549220 ... int
          48 -.000000026  .000000079 ... mt
             -.000001325  .000014701 ... int
          49  .000000000 -.000000000 ... mt
              .000000000  .000000000 ... int
          50 -.000000001 -.000000001 ... mt
             -.000000534 -.000000321 ... int
          51  .000000000  .000000000 ... mt
             -.000000000  .000000000 ... int
          52 -.000000016 -.000000002 ... mt
              .000001165  .000000919 ... int
          53 -.000000010 -.000000013 ... mt
              .000000570  .000000667 ... int
          54 -.000000001 -.000000007 ... mt
             -.000000489 -.000000227 ... int
          55 -.000000000  .000000000 ... mt
              .000000000  .000000000 ... int
          56  .000000000 -.000000005 ... mt
             -.000000103 -.000000004 ... int
          57  .000000000 -.000000000 ... mt
              .000000000 -.000000000 ... int
          58 -.000000000  .000000005 ... mt
              .000000103  .000000004 ... int
          59 -.000028645 -.000020365 ... mt
             -.000021604 -.000015722 ... int
          60 -.000000001 -.000000007 ... mt
             -.000000489 -.000000227 ... int
          61  .000000000  .000000000 ... mt
              .000000000 -.000000000 ... int
          62  .000000016  .000000002 ... mt
             -.000001165 -.000000919 ... int
          63 -.000044113 -.000034280 ... mt
             -.000040430 -.000031514 ... int
          64 -.000000001 -.000000001 ... mt
             -.000000534 -.000000321 ... int
          65  .000000000 -.000000000 ... mt
             -.000000000  .000000000 ... int
          66 -.000000001 -.000000008 ... mt
             -.000006228 -.000004377 ... int
          67 -.000000018 -.000000009 ... mt
             -.000015377 -.000014381 ... int
          68 -.000000016 -.000000001 ... mt
             -.000009781 -.000010493 ... int
          69 -.000000000 -.000000000 ... mt
             -.000000000  .000000000 ... int
          70 -.000000001 -.000000006 ... mt
             -.000008335 -.000008126 ... int
          71  .000000000 -.000000015 ... mt
             -.000005295 -.000007489 ... int
          72  .000000000  .000000001 ... mt
              .000007182  .000005955 ... int
          73  .000030799  .000036938 ... mt
              .000052354  .000057044 ... int
          74  .000000000  .000000001 ... mt
              .000007181  .000005955 ... int
          75  .000000000  .000000000 ... mt
             -.000000000 -.000000000 ... int
          76  .000000001  .000000006 ... mt
              .000008335  .000008126 ... int
          77  .000003004 -.000000183 ... mt
              .000013503  .000009966 ... int
          78 -.000000016 -.000000001 ... mt
             -.000009781 -.000010494 ... int
          79 -.000000000 -.000000000 ... mt
             -.000000000 -.000000000 ... int
          80  .000000001  .000000008 ... mt
              .000006228  .000004377 ... int
          81  .000008558  .000019549 ... mt
              .000028281  .000045810 ... int
     9     1  .063811136  .063271643 ... mt
              .063780668  .063261035 ... int
           2 -.000000000  .000000000 ... mt
              .000000000  .000000000 ... int
           3 -.000000000 -.000000000 ... mt
              .000000000 -.000000000 ... int
           4 -.000000000  .000000000 ... mt
             -.000000000  .000000000 ... int
           5  .000007371  .000006708 ... mt
             -.000011466 -.000010041 ... int
           6  .000006444  .000006002 ... mt
             -.000022278 -.000021161 ... int
           7  .006307234  .006076045 ... mt
              .006360570  .006128859 ... int
           8  .000006444  .000006003 ... mt
             -.000022278 -.000021161 ... int
           9 -.000000000 -.000000000 ... mt
              .000000000 -.000000000 ... int
          10  .000000000  .000000000 ... mt
             -.000000000  .000000000 ... int
          11 -.000000000  .000000000 ... mt
              .000000000  .000000000 ... int
          12  .000000000 -.000000000 ... mt
              .000000000  .000000000 ... int
          13  .000000000 -.000000000 ... mt
             -.000000000 -.000000000 ... int
          14  .000000000 -.000000000 ... mt
              .000000000 -.000000000 ... int
          15  .000000000 -.000000000 ... mt
             -.000000000  .000000000 ... int
          16  .000000000 -.000000000 ... mt
              .000000000 -.000000000 ... int
          17 -.000000000 -.000000000 ... mt
              .000000000 -.000000000 ... int
          18  .000000383  .000000397 ... mt
             -.000028783 -.000027406 ... int
          19 -.000001122 -.000000971 ... mt
             -.000046415 -.000044313 ... int
          20 -.000000069 -.000000161 ... mt
             -.000008015 -.000007386 ... int
          21  .004328922  .007238238 ... mt
              .004313808  .007231280 ... int
          22 -.000000069 -.000000161 ... mt
             -.000008015 -.000007386 ... int
          23 -.000000000 -.000000000 ... mt
             -.000000000  .000000000 ... int
          24 -.000000383 -.000000397 ... mt
              .000028784  .000027406 ... int
          25 -.002330404 -.004227922 ... mt
             -.002442053 -.004341931 ... int
          26  .000000000 -.000000000 ... mt
             -.000000000  .000000000 ... int
          27  .000000000  .000000000 ... mt
             -.000000000  .000000000 ... int
          28 -.000000000  .000000000 ... mt
             -.000000000  .000000000 ... int
          29 -.000000000  .000000000 ... mt
             -.000000000  .000000000 ... int
          30  .000000000  .000000000 ... mt
              .000000000 -.000000000 ... int
          31  .000000000  .000000000 ... mt
              .000000000 -.000000000 ... int
          32 -.000000000  .000000000 ... mt
             -.000000000  .000000000 ... int
          33  .000000000 -.000000000 ... mt
             -.000000000  .000000000 ... int
          34 -.000000000 -.000000000 ... mt
             -.000000000 -.000000000 ... int
          35  .000000000 -.000000000 ... mt
              .000000000 -.000000000 ... int
          36  .000000000 -.000000000 ... mt
              .000000000 -.000000000 ... int
          37 -.000000395 -.000000287 ... mt
              .000006512  .000005539 ... int
          38 -.000000065 -.000000018 ... mt
              .000014834  .000014972 ... int
          39 -.000000000 -.000000000 ... mt
             -.000000000  .000000000 ... int
          40  .000000197  .000000151 ... mt
             -.000004240 -.000002301 ... int
          41  .000000435  .000000437 ... mt
              .000016784  .000019127 ... int
          42 -.000000250 -.000000306 ... mt
              .000003232  .000000768 ... int
          43  .001041964  .001343518 ... mt
              .001068020  .001380216 ... int
          44 -.000000250 -.000000307 ... mt
              .000003232  .000000768 ... int
          45 -.000000000  .000000000 ... mt
              .000000000 -.000000000 ... int
          46 -.000000197 -.000000151 ... mt
              .000004240  .000002301 ... int
          47  .000396167  .000703937 ... mt
              .000466367  .000781517 ... int
          48 -.000000065 -.000000018 ... mt
              .000014834  .000014972 ... int
          49 -.000000000 -.000000000 ... mt
             -.000000000 -.000000000 ... int
          50 -.000000000  .000000000 ... mt
              .000000000 -.000000000 ... int
          51  .000000000 -.000000000 ... mt
              .000000000 -.000000000 ... int
          52 -.000000000  .000000000 ... mt
              .000000000 -.000000000 ... int
          53 -.000000000  .000000000 ... mt
              .000000000 -.000000000 ... int
          54 -.000000000  .000000000 ... mt
              .000000000 -.000000000 ... int
          55  .000000000 -.000000000 ... mt
              .000000000 -.000000000 ... int
          56  .000000000 -.000000000 ... mt
             -.000000000  .000000000 ... int
          57 -.000000000 -.000000000 ... mt
             -.000000000  .000000000 ... int
          58  .000000000 -.000000000 ... mt
              .000000000 -.000000000 ... int
          59 -.000000000  .000000000 ... mt
             -.000000000  .000000000 ... int
          60  .000000000 -.000000000 ... mt
              .000000000 -.000000000 ... int
          61 -.000000000  .000000000 ... mt
              .000000000 -.000000000 ... int
          62 -.000000000 -.000000000 ... mt
              .000000000 -.000000000 ... int
          63 -.000000000  .000000000 ... mt
             -.000000000  .000000000 ... int
          64 -.000000000  .000000000 ... mt
             -.000000000  .000000000 ... int
          65  .000000000 -.000000000 ... mt
              .000000000 -.000000000 ... int
          66  .000000037  .000000014 ... mt
              .000001482  .000002254 ... int
          67 -.000000029 -.000000060 ... mt
             -.000001867 -.000002668 ... int
          68 -.000000001 -.000000005 ... mt
             -.000005277 -.000006477 ... int
          69  .000000000  .000000000 ... mt
              .000000000  .000000000 ... int
          70 -.000000034 -.000000026 ... mt
             -.000007889 -.000009307 ... int
          71  .000000061  .000000141 ... mt
              .000003032  .000006132 ... int
          72  .000000098  .000000106 ... mt
              .000007705  .000009726 ... int
          73  .000335015  .000501095 ... mt
              .000459751  .000642912 ... int
          74  .000000098  .000000106 ... mt
              .000007705  .000009726 ... int
          75 -.000000000  .000000000 ... mt
             -.000000000 -.000000000 ... int
          76  .000000034  .000000026 ... mt
              .000007889  .000009307 ... int
          77 -.000076059 -.000119459 ... mt
             -.000117890 -.000166465 ... int
          78 -.000000001 -.000000005 ... mt
             -.000005277 -.000006477 ... int
          79  .000000000  .000000000 ... mt
             -.000000000  .000000000 ... int
          80 -.000000037 -.000000014 ... mt
             -.000001482 -.000002254 ... int
          81  .000182881  .000188806 ... mt
              .000222576  .000231034 ... int
 TIME: conden:      3.822m in,      2.747m added,      6.569m total
 core states
 type:     1
      z              rm        dx              s(i)             rn(i)
   26.0   0.2552956E-05 0.0250000   1.7713487( 539)   2.6425417( 555)
   n  k               e    occ    ctp     dq      g(s)
   1 -1  -511.761410705  2.000  0.078 0.0000  0.000000
   2 -1   -58.714394666  2.000  0.358 0.0000 -0.000037
   2  1   -50.514424486  2.000  0.385 0.0000  0.000054
   2 -2   -49.599396560  4.000  0.385 0.0000  0.000060
   3 -1    -5.484408973  0.000  1.048 0.0086  0.113219
   3  1    -3.097501061  0.000  1.248 0.0193 -0.153640
   3 -2    -2.984008131  0.000  1.248 0.0209 -0.158696
 core electrons: 10.0   fix =  1.00000000000000
      spin down:  5.00000000000000
      spin   up:  5.00000000000000
             mt:  9.99999999495885        leakage:  .000000005041149
      spin down:  .000000002520575                  4.99999999747942
      spin   up:  .000000002520575                  4.99999999747942
 type:     2
      z              rm        dx              s(i)             rn(i)
   26.0   0.2552956E-05 0.0250000   1.7713487( 539)   2.6425417( 555)
   n  k               e    occ    ctp     dq      g(s)
   1 -1  -511.761410705  2.000  0.078 0.0000  0.000000
   2 -1   -58.714394666  2.000  0.358 0.0000 -0.000037
   2  1   -50.514424486  2.000  0.385 0.0000  0.000054
   2 -2   -49.599396560  4.000  0.385 0.0000  0.000060
   3 -1    -5.484408973  0.000  1.048 0.0086  0.113219
   3  1    -3.097501061  0.000  1.248 0.0193 -0.153640
   3 -2    -2.984008131  0.000  1.248 0.0209 -0.158696
 core electrons: 10.0   fix =  1.00000000000000
      spin down:  5.00000000000000
      spin   up:  5.00000000000000
             mt:  9.99999999495884        leakage:  .000000005041151
      spin down:  .000000002520575                  4.99999999747942
      spin   up:  .000000002520575                  4.99999999747942
 type:     3
      z              rm        dx              s(i)             rn(i)
   26.0   0.2552956E-05 0.0250000   1.7713487( 539)   2.6425417( 555)
   n  k               e    occ    ctp     dq      g(s)
   1 -1  -511.755255544  2.000  0.078 0.0000  0.000000
   2 -1   -58.701987106  2.000  0.358 0.0000 -0.000037
   2  1   -50.502703809  2.000  0.385 0.0000  0.000054
   2 -2   -49.587618631  4.000  0.385 0.0000  0.000060
   3 -1    -5.474787561  0.000  1.048 0.0086  0.113185
   3  1    -3.087883302  0.000  1.248 0.0192 -0.153538
   3 -2    -2.974423466  0.000  1.248 0.0208 -0.158583
 core electrons: 10.0   fix =  .999999999999999
      spin down:  5.00000000000000
      spin   up:  5.00000000000000
             mt:  9.99999999495713        leakage:  .000000005042860
      spin down:  .000000002521430                  4.99999999747856
      spin   up:  .000000002521430                  4.99999999747856
 type:     4
      z              rm        dx              s(i)             rn(i)
   26.0   0.2552956E-05 0.0250000   1.7713487( 539)   2.6425417( 555)
   n  k               e    occ    ctp     dq      g(s)
   1 -1  -511.755258666  2.000  0.078 0.0000  0.000000
   2 -1   -58.701990211  2.000  0.358 0.0000 -0.000037
   2  1   -50.502706986  2.000  0.385 0.0000  0.000054
   2 -2   -49.587621800  4.000  0.385 0.0000  0.000060
   3 -1    -5.474786651  0.000  1.048 0.0086  0.113185
   3  1    -3.087882148  0.000  1.248 0.0192 -0.153538
   3 -2    -2.974422247  0.000  1.248 0.0208 -0.158583
 core electrons: 10.0   fix =  1.00000000000000
      spin down:  5.00000000000000
      spin   up:  5.00000000000000
             mt:  9.99999999495714        leakage:  .000000005042855
      spin down:  .000000002521427                  4.99999999747857
      spin   up:  .000000002521427                  4.99999999747857
 type:     5
      z              rm        dx              s(i)             rn(i)
   26.0   0.2552956E-05 0.0250000   1.7713487( 539)   2.6425417( 555)
   n  k               e    occ    ctp     dq      g(s)
   1 -1  -511.755258666  2.000  0.078 0.0000  0.000000
   2 -1   -58.701990211  2.000  0.358 0.0000 -0.000037
   2  1   -50.502706986  2.000  0.385 0.0000  0.000054
   2 -2   -49.587621800  4.000  0.385 0.0000  0.000060
   3 -1    -5.474786651  0.000  1.048 0.0086  0.113185
   3  1    -3.087882148  0.000  1.248 0.0192 -0.153538
   3 -2    -2.974422247  0.000  1.248 0.0208 -0.158583
 core electrons: 10.0   fix =  1.00000000000000
      spin down:  5.00000000000000
      spin   up:  5.00000000000000
             mt:  9.99999999495714        leakage:  .000000005042855
      spin down:  .000000002521427                  4.99999999747857
      spin   up:  .000000002521427                  4.99999999747857
 type:     6
      z              rm        dx              s(i)             rn(i)
   26.0   0.2552956E-05 0.0250000   1.7713487( 539)   2.6425417( 555)
   n  k               e    occ    ctp     dq      g(s)
   1 -1  -511.755255544  2.000  0.078 0.0000  0.000000
   2 -1   -58.701987106  2.000  0.358 0.0000 -0.000037
   2  1   -50.502703809  2.000  0.385 0.0000  0.000054
   2 -2   -49.587618631  4.000  0.385 0.0000  0.000060
   3 -1    -5.474787561  0.000  1.048 0.0086  0.113185
   3  1    -3.087883302  0.000  1.248 0.0192 -0.153538
   3 -2    -2.974423466  0.000  1.248 0.0208 -0.158583
 core electrons: 10.0   fix =  1.00000000000000
      spin down:  5.00000000000000
      spin   up:  5.00000000000000
             mt:  9.99999999495713        leakage:  .000000005042864
      spin down:  .000000002521432                  4.99999999747856
      spin   up:  .000000002521432                  4.99999999747856
 type:     7
      z              rm        dx              s(i)             rn(i)
   26.0   0.2552956E-05 0.0250000   1.7713487( 539)   2.6425417( 555)
   n  k               e    occ    ctp     dq      g(s)
   1 -1  -511.748821721  2.000  0.078 0.0000  0.000000
   2 -1   -58.692235140  2.000  0.358 0.0000 -0.000037
   2  1   -50.493317511  2.000  0.385 0.0000  0.000054
   2 -2   -49.578203125  4.000  0.385 0.0000  0.000060
   3 -1    -5.468396114  0.000  1.048 0.0085  0.113118
   3  1    -3.081376178  0.000  1.248 0.0192 -0.153387
   3 -2    -2.967935827  0.000  1.248 0.0207 -0.158421
 core electrons: 10.0   fix =  1.00000000000000
      spin down:  5.00000000000000
      spin   up:  5.00000000000000
             mt:  9.99999999495510        leakage:  .000000005044892
      spin down:  .000000002522446                  4.99999999747755
      spin   up:  .000000002522446                  4.99999999747755
 type:     8
      z              rm        dx              s(i)             rn(i)
   26.0   0.2552956E-05 0.0250000   1.7713487( 539)   2.6425417( 555)
   n  k               e    occ    ctp     dq      g(s)
   1 -1  -511.748821721  2.000  0.078 0.0000  0.000000
   2 -1   -58.692235140  2.000  0.358 0.0000 -0.000037
   2  1   -50.493317511  2.000  0.385 0.0000  0.000054
   2 -2   -49.578203125  4.000  0.385 0.0000  0.000060
   3 -1    -5.468396114  0.000  1.048 0.0085  0.113118
   3  1    -3.081376178  0.000  1.248 0.0192 -0.153387
   3 -2    -2.967935827  0.000  1.248 0.0207 -0.158421
 core electrons: 10.0   fix =  1.00000000000000
      spin down:  5.00000000000000
      spin   up:  5.00000000000000
             mt:  9.99999999495510        leakage:  .000000005044892
      spin down:  .000000002522446                  4.99999999747755
      spin   up:  .000000002522446                  4.99999999747755
 type:     9
      z              rm        dx              s(i)             rn(i)
    7.0   0.1247661E-04 0.0250000   1.5043259( 469)   2.2441905( 485)
   n  k               e    occ    ctp     dq      g(s)
   1 -1   -26.695526557  2.000  0.304 0.0000  0.003224
 core electrons:  2.0   fix =  1.00000000000000
      spin down:  1.00000000000000
      spin   up:  1.00000000000000
             mt:  1.99999540922763        leakage:  .000004590772365
      spin down:  .000002295386182                  .999997704613817
      spin   up:  .000002295386182                  .999997704613817
 electrons added to  muffin tins:          external             total
                       spin down:  .000000010934708  40.9999976953767
                       spin   up:  .000000010934708  40.9999976953767
                           total:  .000000021869416  81.9999953907535
 electrons added to interstitial:
                       spin down:  .000002304623234
                       spin   up:  .000002304623234
                           total:  .000004609246469
 TIME: CORED:      6.569m in,      0.002m added,      6.571m total

 Output from conpot:

 ... check interstitial valence density
 ... check interstitial core density

 *** Warning: checkind:         total density is negative or complex
              min[RE(n)]   max[abs[IM(n)]]
       -.000000058564979  .000000000000000

 Density normalization:
       214.999999999999 electrons
       214.999999999999 protons
       .000000000000369 electrons added

  MAGNETIC MOMENTS 
   Muffin-tins

       type        spin
          1       1.9559689
          2       1.9559689
          3       2.2338154
          4       2.2337020
          5       2.2337020
          6       2.2338154
          7       2.6773356
          8       2.6773356
          9      -0.0509540

   Interstitial   0.7848526

   Magnetic moment ...   18.9355422 Bohr magnetons

 potential constant r**2 * n0:        true      pseudo
                                .642502355  .161151367
 Parameters for Ewald Sums
            eta      nstmcg   (rlstars)      nstmcr     (nstdl)
  0.1528155             448       78975         448       78975

 Exponents for harmonic fourier expansions

    t   l  nmax   n      l  nmax   n      l  nmax   n      l  nmax   n
    1   0    19  15      1    18  14      1    18  14      1    18  14
        2    17  13      2    17  13      2    17  13      2    17  13
        2    17  13      3    16  12      3    16  12      3    16  12
        3    16  12      3    16  12      3    16  12      3    16  12
        4    15  11      4    15  11      4    15  11      4    15  11
        4    15  11      4    15  11      4    15  11      4    15  11
        4    15  11      5    14  10      5    14  10      5    14  10
        5    14  10      5    14  10      5    14  10      5    14  10
        5    14  10      5    14  10      5    14  10      5    14  10
        6    13   9      6    13   9      6    13   9      6    13   9
        6    13   9      6    13   9      6    13   9      6    13   9
        6    13   9      6    13   9      6    13   9      6    13   9
        6    13   9      7    12   8      7    12   8      7    12   8
        7    12   8      7    12   8      7    12   8      7    12   8
        7    12   8      7    12   8      7    12   8      7    12   8
        7    12   8      7    12   8      7    12   8      7    12   8
        8    11   7      8    11   7      8    11   7      8    11   7
        8    11   7      8    11   7      8    11   7      8    11   7
        8    11   7      8    11   7      8    11   7      8    11   7
        8    11   7      8    11   7      8    11   7      8    11   7
        8    11   7

 (/ (24i3))
 density exponents for TYPE:   1
 15 14 14 14 13 13 13 13 13 12 12 12 12 12 12 12 11 11 11 11 11 11 11 11
 11 10 10 10 10 10 10 10 10 10 10 10  9  9  9  9  9  9  9  9  9  9  9  9
  9  8  8  8  8  8  8  8  8  8  8  8  8  8  8  8  7  7  7  7  7  7  7  7
  7  7  7  7  7  7  7  7  7

    t   l  nmax   n      l  nmax   n      l  nmax   n      l  nmax   n
    2   0    19  15      1    18  14      1    18  14      1    18  14
        2    17  13      2    17  13      2    17  13      2    17  13
        2    17  13      3    16  12      3    16  12      3    16  12
        3    16  12      3    16  12      3    16  12      3    16  12
        4    15  11      4    15  11      4    15  11      4    15  11
        4    15  11      4    15  11      4    15  11      4    15  11
        4    15  11      5    14  10      5    14  10      5    14  10
        5    14  10      5    14  10      5    14  10      5    14  10
        5    14  10      5    14  10      5    14  10      5    14  10
        6    13   9      6    13   9      6    13   9      6    13   9
        6    13   9      6    13   9      6    13   9      6    13   9
        6    13   9      6    13   9      6    13   9      6    13   9
        6    13   9      7    12   8      7    12   8      7    12   8
        7    12   8      7    12   8      7    12   8      7    12   8
        7    12   8      7    12   8      7    12   8      7    12   8
        7    12   8      7    12   8      7    12   8      7    12   8
        8    11   7      8    11   7      8    11   7      8    11   7
        8    11   7      8    11   7      8    11   7      8    11   7
        8    11   7      8    11   7      8    11   7      8    11   7
        8    11   7      8    11   7      8    11   7      8    11   7
        8    11   7

 (/ (24i3))
 density exponents for TYPE:   2
 15 14 14 14 13 13 13 13 13 12 12 12 12 12 12 12 11 11 11 11 11 11 11 11
 11 10 10 10 10 10 10 10 10 10 10 10  9  9  9  9  9  9  9  9  9  9  9  9
  9  8  8  8  8  8  8  8  8  8  8  8  8  8  8  8  7  7  7  7  7  7  7  7
  7  7  7  7  7  7  7  7  7

    t   l  nmax   n      l  nmax   n      l  nmax   n      l  nmax   n
    3   0    19  15      1    18  14      1    18  14      1    18  14
        2    17  13      2    17  13      2    17  13      2    17  13
        2    17  13      3    16  12      3    16  12      3    16  12
        3    16  12      3    16  12      3    16  12      3    16  12
        4    15  11      4    15  11      4    15  11      4    15  11
        4    15  11      4    15  11      4    15  11      4    15  11
        4    15  11      5    14  10      5    14  10      5    14  10
        5    14  10      5    14  10      5    14  10      5    14  10
        5    14  10      5    14  10      5    14  10      5    14  10
        6    13   9      6    13   9      6    13   9      6    13   9
        6    13   9      6    13   9      6    13   9      6    13   9
        6    13   9      6    13   9      6    13   9      6    13   9
        6    13   9      7    12   8      7    12   8      7    12   8
        7    12   8      7    12   8      7    12   8      7    12   8
        7    12   8      7    12   8      7    12   8      7    12   8
        7    12   8      7    12   8      7    12   8      7    12   8
        8    11   7      8    11   7      8    11   7      8    11   7
        8    11   7      8    11   7      8    11   7      8    11   7
        8    11   7      8    11   7      8    11   7      8    11   7
        8    11   7      8    11   7      8    11   7      8    11   7
        8    11   7

 (/ (24i3))
 density exponents for TYPE:   3
 15 14 14 14 13 13 13 13 13 12 12 12 12 12 12 12 11 11 11 11 11 11 11 11
 11 10 10 10 10 10 10 10 10 10 10 10  9  9  9  9  9  9  9  9  9  9  9  9
  9  8  8  8  8  8  8  8  8  8  8  8  8  8  8  8  7  7  7  7  7  7  7  7
  7  7  7  7  7  7  7  7  7

    t   l  nmax   n      l  nmax   n      l  nmax   n      l  nmax   n
    4   0    19  15      1    18  14      1    18  14      1    18  14
        2    17  13      2    17  13      2    17  13      2    17  13
        2    17  13      3    16  12      3    16  12      3    16  12
        3    16  12      3    16  12      3    16  12      3    16  12
        4    15  11      4    15  11      4    15  11      4    15  11
        4    15  11      4    15  11      4    15  11      4    15  11
        4    15  11      5    14  10      5    14  10      5    14  10
        5    14  10      5    14  10      5    14  10      5    14  10
        5    14  10      5    14  10      5    14  10      5    14  10
        6    13   9      6    13   9      6    13   9      6    13   9
        6    13   9      6    13   9      6    13   9      6    13   9
        6    13   9      6    13   9      6    13   9      6    13   9
        6    13   9      7    12   8      7    12   8      7    12   8
        7    12   8      7    12   8      7    12   8      7    12   8
        7    12   8      7    12   8      7    12   8      7    12   8
        7    12   8      7    12   8      7    12   8      7    12   8
        8    11   7      8    11   7      8    11   7      8    11   7
        8    11   7      8    11   7      8    11   7      8    11   7
        8    11   7      8    11   7      8    11   7      8    11   7
        8    11   7      8    11   7      8    11   7      8    11   7
        8    11   7

 (/ (24i3))
 density exponents for TYPE:   4
 15 14 14 14 13 13 13 13 13 12 12 12 12 12 12 12 11 11 11 11 11 11 11 11
 11 10 10 10 10 10 10 10 10 10 10 10  9  9  9  9  9  9  9  9  9  9  9  9
  9  8  8  8  8  8  8  8  8  8  8  8  8  8  8  8  7  7  7  7  7  7  7  7
  7  7  7  7  7  7  7  7  7

    t   l  nmax   n      l  nmax   n      l  nmax   n      l  nmax   n
    5   0    19  15      1    18  14      1    18  14      1    18  14
        2    17  13      2    17  13      2    17  13      2    17  13
        2    17  13      3    16  12      3    16  12      3    16  12
        3    16  12      3    16  12      3    16  12      3    16  12
        4    15  11      4    15  11      4    15  11      4    15  11
        4    15  11      4    15  11      4    15  11      4    15  11
        4    15  11      5    14  10      5    14  10      5    14  10
        5    14  10      5    14  10      5    14  10      5    14  10
        5    14  10      5    14  10      5    14  10      5    14  10
        6    13   9      6    13   9      6    13   9      6    13   9
        6    13   9      6    13   9      6    13   9      6    13   9
        6    13   9      6    13   9      6    13   9      6    13   9
        6    13   9      7    12   8      7    12   8      7    12   8
        7    12   8      7    12   8      7    12   8      7    12   8
        7    12   8      7    12   8      7    12   8      7    12   8
        7    12   8      7    12   8      7    12   8      7    12   8
        8    11   7      8    11   7      8    11   7      8    11   7
        8    11   7      8    11   7      8    11   7      8    11   7
        8    11   7      8    11   7      8    11   7      8    11   7
        8    11   7      8    11   7      8    11   7      8    11   7
        8    11   7

 (/ (24i3))
 density exponents for TYPE:   5
 15 14 14 14 13 13 13 13 13 12 12 12 12 12 12 12 11 11 11 11 11 11 11 11
 11 10 10 10 10 10 10 10 10 10 10 10  9  9  9  9  9  9  9  9  9  9  9  9
  9  8  8  8  8  8  8  8  8  8  8  8  8  8  8  8  7  7  7  7  7  7  7  7
  7  7  7  7  7  7  7  7  7

    t   l  nmax   n      l  nmax   n      l  nmax   n      l  nmax   n
    6   0    19  15      1    18  14      1    18  14      1    18  14
        2    17  13      2    17  13      2    17  13      2    17  13
        2    17  13      3    16  12      3    16  12      3    16  12
        3    16  12      3    16  12      3    16  12      3    16  12
        4    15  11      4    15  11      4    15  11      4    15  11
        4    15  11      4    15  11      4    15  11      4    15  11
        4    15  11      5    14  10      5    14  10      5    14  10
        5    14  10      5    14  10      5    14  10      5    14  10
        5    14  10      5    14  10      5    14  10      5    14  10
        6    13   9      6    13   9      6    13   9      6    13   9
        6    13   9      6    13   9      6    13   9      6    13   9
        6    13   9      6    13   9      6    13   9      6    13   9
        6    13   9      7    12   8      7    12   8      7    12   8
        7    12   8      7    12   8      7    12   8      7    12   8
        7    12   8      7    12   8      7    12   8      7    12   8
        7    12   8      7    12   8      7    12   8      7    12   8
        8    11   7      8    11   7      8    11   7      8    11   7
        8    11   7      8    11   7      8    11   7      8    11   7
        8    11   7      8    11   7      8    11   7      8    11   7
        8    11   7      8    11   7      8    11   7      8    11   7
        8    11   7

 (/ (24i3))
 density exponents for TYPE:   6
 15 14 14 14 13 13 13 13 13 12 12 12 12 12 12 12 11 11 11 11 11 11 11 11
 11 10 10 10 10 10 10 10 10 10 10 10  9  9  9  9  9  9  9  9  9  9  9  9
  9  8  8  8  8  8  8  8  8  8  8  8  8  8  8  8  7  7  7  7  7  7  7  7
  7  7  7  7  7  7  7  7  7

    t   l  nmax   n      l  nmax   n      l  nmax   n      l  nmax   n
    7   0    19  15      1    18  14      1    18  14      1    18  14
        2    17  13      2    17  13      2    17  13      2    17  13
        2    17  13      3    16  12      3    16  12      3    16  12
        3    16  12      3    16  12      3    16  12      3    16  12
        4    15  11      4    15  11      4    15  11      4    15  11
        4    15  11      4    15  11      4    15  11      4    15  11
        4    15  11      5    14  10      5    14  10      5    14  10
        5    14  10      5    14  10      5    14  10      5    14  10
        5    14  10      5    14  10      5    14  10      5    14  10
        6    13   9      6    13   9      6    13   9      6    13   9
        6    13   9      6    13   9      6    13   9      6    13   9
        6    13   9      6    13   9      6    13   9      6    13   9
        6    13   9      7    12   8      7    12   8      7    12   8
        7    12   8      7    12   8      7    12   8      7    12   8
        7    12   8      7    12   8      7    12   8      7    12   8
        7    12   8      7    12   8      7    12   8      7    12   8
        8    11   7      8    11   7      8    11   7      8    11   7
        8    11   7      8    11   7      8    11   7      8    11   7
        8    11   7      8    11   7      8    11   7      8    11   7
        8    11   7      8    11   7      8    11   7      8    11   7
        8    11   7

 (/ (24i3))
 density exponents for TYPE:   7
 15 14 14 14 13 13 13 13 13 12 12 12 12 12 12 12 11 11 11 11 11 11 11 11
 11 10 10 10 10 10 10 10 10 10 10 10  9  9  9  9  9  9  9  9  9  9  9  9
  9  8  8  8  8  8  8  8  8  8  8  8  8  8  8  8  7  7  7  7  7  7  7  7
  7  7  7  7  7  7  7  7  7

    t   l  nmax   n      l  nmax   n      l  nmax   n      l  nmax   n
    8   0    19  15      1    18  14      1    18  14      1    18  14
        2    17  13      2    17  13      2    17  13      2    17  13
        2    17  13      3    16  12      3    16  12      3    16  12
        3    16  12      3    16  12      3    16  12      3    16  12
        4    15  11      4    15  11      4    15  11      4    15  11
        4    15  11      4    15  11      4    15  11      4    15  11
        4    15  11      5    14  10      5    14  10      5    14  10
        5    14  10      5    14  10      5    14  10      5    14  10
        5    14  10      5    14  10      5    14  10      5    14  10
        6    13   9      6    13   9      6    13   9      6    13   9
        6    13   9      6    13   9      6    13   9      6    13   9
        6    13   9      6    13   9      6    13   9      6    13   9
        6    13   9      7    12   8      7    12   8      7    12   8
        7    12   8      7    12   8      7    12   8      7    12   8
        7    12   8      7    12   8      7    12   8      7    12   8
        7    12   8      7    12   8      7    12   8      7    12   8
        8    11   7      8    11   7      8    11   7      8    11   7
        8    11   7      8    11   7      8    11   7      8    11   7
        8    11   7      8    11   7      8    11   7      8    11   7
        8    11   7      8    11   7      8    11   7      8    11   7
        8    11   7

 (/ (24i3))
 density exponents for TYPE:   8
 15 14 14 14 13 13 13 13 13 12 12 12 12 12 12 12 11 11 11 11 11 11 11 11
 11 10 10 10 10 10 10 10 10 10 10 10  9  9  9  9  9  9  9  9  9  9  9  9
  9  8  8  8  8  8  8  8  8  8  8  8  8  8  8  8  7  7  7  7  7  7  7  7
  7  7  7  7  7  7  7  7  7

    t   l  nmax   n      l  nmax   n      l  nmax   n      l  nmax   n
    9   0    19  12      1    18  11      1    18  11      1    18  11
        2    17  10      2    17  10      2    17  10      2    17  10
        2    17  10      3    16   9      3    16   9      3    16   9
        3    16   9      3    16   9      3    16   9      3    16   9
        4    15   8      4    15   8      4    15   8      4    15   8
        4    15   8      4    15   8      4    15   8      4    15   8
        4    15   8      5    14   7      5    14   7      5    14   7
        5    14   7      5    14   7      5    14   7      5    14   7
        5    14   7      5    14   7      5    14   7      5    14   7
        6    13   6      6    13   6      6    13   6      6    13   6
        6    13   6      6    13   6      6    13   6      6    13   6
        6    13   6      6    13   6      6    13   6      6    13   6
        6    13   6      7    12   5      7    12   5      7    12   5
        7    12   5      7    12   5      7    12   5      7    12   5
        7    12   5      7    12   5      7    12   5      7    12   5
        7    12   5      7    12   5      7    12   5      7    12   5
        8    11   4      8    11   4      8    11   4      8    11   4
        8    11   4      8    11   4      8    11   4      8    11   4
        8    11   4      8    11   4      8    11   4      8    11   4
        8    11   4      8    11   4      8    11   4      8    11   4
        8    11   4

 (/ (24i3))
 density exponents for TYPE:   9
 12 11 11 11 10 10 10 10 10  9  9  9  9  9  9  9  8  8  8  8  8  8  8  8
  8  7  7  7  7  7  7  7  7  7  7  7  6  6  6  6  6  6  6  6  6  6  6  6
  6  5  5  5  5  5  5  5  5  5  5  5  5  5  5  5  4  4  4  4  4  4  4  4
  4  4  4  4  4  4  4  4  4
 pseudocell density: n(1)+pden = -.000000000000000
      First component of the interstitial potential (before constant):
                  Re{Vt}            Im{Vt}
        -.662802179265979  .000000000000000
                  Re{Vm}            Im{Vm}
       -.016754056720767  .000000000000000
      Average of the scalar potential over the interstitial:
            Vbar =  .386027660798437

 MUFFIN TIN COULOMB POTENTIAL PARAMETERS:

      type     z         z-n              n(s)
         1    26   2.5334465  .078943840412828

                Coulomb potential at sphere boundaries
                      convoluted                      pseudo
     lh       external          total       external          total
      0    3.566331347    0.705859549    3.566392437    0.705920640
      1    0.000015608    0.000015231    0.000017937    0.000017560
      1   -0.073201643   -0.055047588   -0.073198829   -0.055044774
      1    0.000015608    0.000015232    0.000017938    0.000017561
      2   -0.000092080   -0.000100016   -0.000063783   -0.000071719
      2   -0.000125849   -0.000133507   -0.000078045   -0.000085703
      2   -0.078714942   -0.073700590   -0.078830516   -0.073816164
      2   -0.000125850   -0.000133509   -0.000078046   -0.000085705
      2    0.000000000    0.000000001    0.000000000    0.000000001
      3    0.000008387    0.000007648    0.000006166    0.000005427
      3    0.000014016    0.000012300    0.000019866    0.000018150
      3   -0.000005480   -0.000006406    0.000006184    0.000005259
      3   -0.066292212   -0.044406461   -0.066326257   -0.044440506
      3   -0.000005480   -0.000006406    0.000006184    0.000005259
      3    0.000000000    0.000000000    0.000000000    0.000000000
      3   -0.000008387   -0.000007648   -0.000006167   -0.000005428
      4   -0.000000000   -0.000000000   -0.000000000   -0.000000000
      4   -0.000081609   -0.000085066   -0.000024538   -0.000027995
      4   -0.000136249   -0.000142435   -0.000034051   -0.000040237
      4   -0.000085106   -0.000086161   -0.000006100   -0.000007155
      4   -0.028300999   -0.026523930   -0.028280697   -0.026503628
      4   -0.000085105   -0.000086160   -0.000006099   -0.000007154
      4   -0.000000000   -0.000000000   -0.000000000   -0.000000000
      4    0.000081609    0.000085067    0.000024538    0.000027996
      4    0.012005529    0.003497924    0.012197372    0.003689767
      5   -0.000003803   -0.000003830   -0.000003673   -0.000003701
      5    0.000000000    0.000000000    0.000000000    0.000000000
      5    0.000006711    0.000006171    0.000007500    0.000006961
      5   -0.000026163   -0.000026903   -0.000000940   -0.000001679
      5   -0.000014681   -0.000015715   -0.000011591   -0.000012624
      5   -0.026681586   -0.021887237   -0.026696195   -0.021901846
      5   -0.000014681   -0.000015715   -0.000011591   -0.000012624
      5    0.000000000   -0.000000000    0.000000000   -0.000000000
      5   -0.000006710   -0.000006171   -0.000007500   -0.000006960
      5   -0.013697421   -0.013007513   -0.013680119   -0.012990211
      5   -0.000003803   -0.000003830   -0.000003673   -0.000003701
      6    0.000067100    0.000067083    0.000000614    0.000000596
      6    0.000060403    0.000060451   -0.000001289   -0.000001241
      6    0.000000000    0.000000000    0.000000000    0.000000000
      6    0.000001970    0.000001721    0.000004260    0.000004011
      6   -0.000049757   -0.000049756   -0.000000140   -0.000000138
      6   -0.000055829   -0.000056778   -0.000006760   -0.000007709
      6   -0.027557775   -0.025225394   -0.027563230   -0.025230849
      6   -0.000055829   -0.000056778   -0.000006760   -0.000007709
      6    0.000000000    0.000000000    0.000000000    0.000000000
      6   -0.000001970   -0.000001721   -0.000004260   -0.000004011
      6    0.012210034    0.011693138    0.012235870    0.011718974
      6    0.000060403    0.000060451   -0.000001289   -0.000001241
      6    0.000000000    0.000000000    0.000000000    0.000000000
      7    0.000002177    0.000002172   -0.000001897   -0.000001902
      7   -0.000004192   -0.000004233   -0.000006868   -0.000006909
      7   -0.000008648   -0.000008660   -0.000006066   -0.000006077
      7    0.000000000    0.000000000    0.000000000    0.000000000
      7   -0.000007359   -0.000007420   -0.000004324   -0.000004385
      7   -0.000018413   -0.000018413   -0.000006806   -0.000006807
      7   -0.000010850   -0.000011359    0.000000975    0.000000466
      7   -0.012203990   -0.011432818   -0.012268790   -0.011497618
      7   -0.000010850   -0.000011359    0.000000975    0.000000466
      7    0.000000000    0.000000000    0.000000000    0.000000000
      7    0.000007358    0.000007420    0.000004324    0.000004385
      7    0.000500082    0.000507585    0.000487484    0.000494987
      7   -0.000008648   -0.000008660   -0.000006066   -0.000006077
      7    0.000000000    0.000000000    0.000000000    0.000000000
      7   -0.000002177   -0.000002172    0.000001897    0.000001902
      8    0.000000000    0.000000000    0.000000000    0.000000000
      8    0.000046296    0.000046294   -0.000003046   -0.000003049
      8    0.000010015    0.000010009   -0.000006090   -0.000006096
      8   -0.000035155   -0.000035155   -0.000004150   -0.000004151
      8    0.000000000    0.000000000    0.000000000    0.000000000
      8    0.000012281    0.000012266   -0.000003665   -0.000003680
      8   -0.000018339   -0.000018287   -0.000006602   -0.000006549
      8    0.000025905    0.000025624   -0.000000570   -0.000000851
      8   -0.009535053   -0.009208226   -0.009670017   -0.009343191
      8    0.000025905    0.000025624   -0.000000570   -0.000000851
      8   -0.000000000   -0.000000000   -0.000000000   -0.000000000
      8   -0.000012281   -0.000012266    0.000003665    0.000003680
      8   -0.000374088   -0.000357778   -0.000305968   -0.000289658
      8   -0.000035155   -0.000035156   -0.000004150   -0.000004151
      8   -0.000000000   -0.000000000   -0.000000000   -0.000000000
      8   -0.000046296   -0.000046294    0.000003046    0.000003049
      8   -0.000706956   -0.000693749   -0.000763798   -0.000750591

                                Moments
          lh             mt         pseudo         npa(s)
           0   -2.533446500  -10.856981890    0.000008901
           1   -0.000000592    0.000114436   -0.000000241
           1    0.028480773    0.018562625   -0.000002325
           1   -0.000000591    0.000114454   -0.000000241
           2   -0.000022055   -0.000234280    0.000009404
           2   -0.000021283   -0.000240969    0.000009739
           2    0.013934680   -0.009892618   -0.000006871
           2   -0.000021283   -0.000240951    0.000009739
           2    0.000000000    0.000000001    0.000000000
           3   -0.000003637    0.000073492    0.000000511
           3   -0.000008446    0.000180636   -0.000000756
           3   -0.000004555    0.000048017   -0.000002244
           3    0.107732744    0.006327913    0.000005139
           3   -0.000004555    0.000048023   -0.000002244
           3    0.000000000    0.000000001    0.000000000
           3    0.000003637   -0.000073494   -0.000000511
           4   -0.000000001    0.000000000   -0.000000000
           4   -0.000030146    0.000066967    0.000007194
           4   -0.000053936    0.000138848    0.000007776
           4   -0.000009206    0.000032087   -0.000001887
           4    0.015495110   -0.014081642   -0.000004294
           4   -0.000009199    0.000032089   -0.000001887
           4   -0.000000001   -0.000000000    0.000000000
           4    0.000030148   -0.000066969   -0.000007194
           4   -0.074181845   -0.007903061   -0.000001264
           5   -0.000000423   -0.000053278   -0.000001085
           5    0.000000000   -0.000000001   -0.000000000
           5   -0.000008333    0.000094664   -0.000001646
           5   -0.000011419   -0.000029014   -0.000007255
           5   -0.000015960   -0.000109888   -0.000001105
           5    0.074049818    0.001276824   -0.000004952
           5   -0.000015961   -0.000109887   -0.000001105
           5   -0.000000000   -0.000000001   -0.000000000
           5    0.000008334   -0.000094661    0.000001646
           5    0.010655790    0.000042875   -0.000013442
           5   -0.000000424   -0.000053273   -0.000001086
           6   -0.000000490   -0.000378658    0.000000049
           6    0.000001322   -0.000644853   -0.000000436
           6    0.000000000    0.000000000   -0.000000000
           6   -0.000006815    0.000521947   -0.000000342
           6    0.000000040   -0.000349599   -0.000001670
           6   -0.000025962   -0.000618069   -0.000000096
           6    0.063811363   -0.000981451    0.000007924
           6   -0.000025963   -0.000618065   -0.000000096
           6    0.000000000    0.000000002   -0.000000000
           6    0.000006815   -0.000521943    0.000000342
           6   -0.014141697   -0.003510026    0.000009120
           6    0.000001321   -0.000644845   -0.000000436
           6    0.000000000    0.000000003   -0.000000000
           7   -0.000000256   -0.000036156   -0.000001204
           7   -0.000001990   -0.000099788   -0.000004207
           7   -0.000000552   -0.000042383   -0.000001634
           7    0.000000000    0.000000001   -0.000000000
           7   -0.000002969   -0.000097361   -0.000007771
           7   -0.000000024    0.000008909    0.000000430
           7   -0.000024681    0.000108507    0.000009129
           7    0.037372639   -0.001857851    0.000014555
           7   -0.000024681    0.000108512    0.000009129
           7    0.000000000    0.000000007    0.000000000
           7    0.000002969    0.000097357    0.000007771
           7    0.000363617   -0.000099956    0.000022043
           7   -0.000000551   -0.000042384   -0.000001634
           7    0.000000000    0.000000011    0.000000000
           7    0.000000256    0.000036145    0.000001204
           8   -0.000000000    0.000000005    0.000000000
           8   -0.000000244   -0.000111147    0.000003929
           8   -0.000000564    0.000327091    0.000006675
           8   -0.000000059    0.000530488    0.000003055
           8   -0.000000000   -0.000000002   -0.000000000
           8   -0.000001313    0.000105453    0.000001206
           8    0.000004496    0.000301134    0.000002125
           8   -0.000024112   -0.000263130   -0.000000483
           8    0.028055850   -0.004865261   -0.000011529
           8   -0.000024113   -0.000263132   -0.000000483
           8    0.000000000    0.000000011    0.000000000
           8    0.000001312   -0.000105454   -0.000001206
           8    0.001400093   -0.000984129   -0.000013201
           8   -0.000000058    0.000530483    0.000003055
           8   -0.000000000    0.000000010    0.000000000
           8    0.000000243    0.000111137   -0.000003929
           8    0.001133697   -0.002547950   -0.000032316

      type     z         z-n              n(s)
         2    26   2.5334465  .078943840412792

                Coulomb potential at sphere boundaries
                      convoluted                      pseudo
     lh       external          total       external          total
      0    3.566331347    0.705859549    3.566392437    0.705920640
      1   -0.000015608   -0.000015231   -0.000017937   -0.000017560
      1    0.073201643    0.055047588    0.073198829    0.055044774
      1   -0.000015608   -0.000015232   -0.000017938   -0.000017561
      2   -0.000092080   -0.000100016   -0.000063783   -0.000071719
      2   -0.000125849   -0.000133507   -0.000078045   -0.000085703
      2   -0.078714942   -0.073700590   -0.078830516   -0.073816164
      2   -0.000125850   -0.000133509   -0.000078046   -0.000085705
      2    0.000000000    0.000000001    0.000000000    0.000000001
      3   -0.000008387   -0.000007648   -0.000006166   -0.000005427
      3   -0.000014016   -0.000012300   -0.000019866   -0.000018150
      3    0.000005480    0.000006406   -0.000006184   -0.000005259
      3    0.066292212    0.044406461    0.066326257    0.044440506
      3    0.000005480    0.000006406   -0.000006184   -0.000005259
      3   -0.000000000   -0.000000000   -0.000000000   -0.000000000
      3    0.000008387    0.000007648    0.000006167    0.000005428
      4   -0.000000000   -0.000000000   -0.000000000   -0.000000000
      4   -0.000081609   -0.000085066   -0.000024538   -0.000027995
      4   -0.000136249   -0.000142435   -0.000034051   -0.000040237
      4   -0.000085106   -0.000086161   -0.000006100   -0.000007155
      4   -0.028300999   -0.026523930   -0.028280697   -0.026503628
      4   -0.000085105   -0.000086160   -0.000006099   -0.000007154
      4   -0.000000000   -0.000000000   -0.000000000   -0.000000000
      4    0.000081609    0.000085067    0.000024538    0.000027996
      4    0.012005529    0.003497924    0.012197372    0.003689767
      5    0.000003803    0.000003830    0.000003673    0.000003701
      5   -0.000000000   -0.000000000   -0.000000000   -0.000000000
      5   -0.000006711   -0.000006171   -0.000007500   -0.000006961
      5    0.000026163    0.000026903    0.000000940    0.000001679
      5    0.000014681    0.000015715    0.000011591    0.000012624
      5    0.026681586    0.021887237    0.026696195    0.021901846
      5    0.000014681    0.000015715    0.000011591    0.000012624
      5   -0.000000000    0.000000000   -0.000000000    0.000000000
      5    0.000006710    0.000006171    0.000007500    0.000006960
      5    0.013697421    0.013007513    0.013680119    0.012990211
      5    0.000003803    0.000003830    0.000003673    0.000003701
      6    0.000067100    0.000067083    0.000000614    0.000000596
      6    0.000060403    0.000060451   -0.000001289   -0.000001241
      6    0.000000000    0.000000000    0.000000000    0.000000000
      6    0.000001970    0.000001721    0.000004260    0.000004011
      6   -0.000049757   -0.000049756   -0.000000140   -0.000000138
      6   -0.000055829   -0.000056778   -0.000006760   -0.000007709
      6   -0.027557775   -0.025225394   -0.027563230   -0.025230849
      6   -0.000055829   -0.000056778   -0.000006760   -0.000007709
      6    0.000000000    0.000000000    0.000000000    0.000000000
      6   -0.000001970   -0.000001721   -0.000004260   -0.000004011
      6    0.012210034    0.011693138    0.012235870    0.011718974
      6    0.000060403    0.000060451   -0.000001289   -0.000001241
      6    0.000000000    0.000000000    0.000000000    0.000000000
      7   -0.000002177   -0.000002172    0.000001897    0.000001902
      7    0.000004192    0.000004233    0.000006868    0.000006909
      7    0.000008648    0.000008660    0.000006066    0.000006077
      7   -0.000000000   -0.000000000   -0.000000000   -0.000000000
      7    0.000007359    0.000007420    0.000004324    0.000004385
      7    0.000018413    0.000018413    0.000006806    0.000006807
      7    0.000010850    0.000011359   -0.000000975   -0.000000466
      7    0.012203990    0.011432818    0.012268790    0.011497618
      7    0.000010850    0.000011359   -0.000000975   -0.000000466
      7   -0.000000000   -0.000000000   -0.000000000   -0.000000000
      7   -0.000007358   -0.000007420   -0.000004324   -0.000004385
      7   -0.000500082   -0.000507585   -0.000487484   -0.000494987
      7    0.000008648    0.000008660    0.000006066    0.000006077
      7   -0.000000000   -0.000000000   -0.000000000   -0.000000000
      7    0.000002177    0.000002172   -0.000001897   -0.000001902
      8    0.000000000    0.000000000    0.000000000    0.000000000
      8    0.000046296    0.000046294   -0.000003046   -0.000003049
      8    0.000010015    0.000010009   -0.000006090   -0.000006096
      8   -0.000035155   -0.000035155   -0.000004150   -0.000004151
      8    0.000000000    0.000000000    0.000000000    0.000000000
      8    0.000012281    0.000012266   -0.000003665   -0.000003680
      8   -0.000018339   -0.000018287   -0.000006602   -0.000006549
      8    0.000025905    0.000025624   -0.000000570   -0.000000851
      8   -0.009535053   -0.009208226   -0.009670017   -0.009343191
      8    0.000025905    0.000025624   -0.000000570   -0.000000851
      8   -0.000000000   -0.000000000   -0.000000000   -0.000000000
      8   -0.000012281   -0.000012266    0.000003665    0.000003680
      8   -0.000374088   -0.000357778   -0.000305968   -0.000289658
      8   -0.000035155   -0.000035156   -0.000004150   -0.000004151
      8   -0.000000000   -0.000000000   -0.000000000   -0.000000000
      8   -0.000046296   -0.000046294    0.000003046    0.000003049
      8   -0.000706956   -0.000693749   -0.000763798   -0.000750591

                                Moments
          lh             mt         pseudo         npa(s)
           0   -2.533446500  -10.856981890    0.000008901
           1    0.000000592   -0.000114436    0.000000241
           1   -0.028480773   -0.018562625    0.000002325
           1    0.000000591   -0.000114454    0.000000241
           2   -0.000022055   -0.000234280    0.000009404
           2   -0.000021283   -0.000240969    0.000009739
           2    0.013934680   -0.009892618   -0.000006871
           2   -0.000021283   -0.000240951    0.000009739
           2    0.000000000    0.000000001    0.000000000
           3    0.000003637   -0.000073492   -0.000000511
           3    0.000008446   -0.000180636    0.000000756
           3    0.000004555   -0.000048017    0.000002244
           3   -0.107732744   -0.006327913   -0.000005139
           3    0.000004555   -0.000048023    0.000002244
           3   -0.000000000   -0.000000001   -0.000000000
           3   -0.000003637    0.000073494    0.000000511
           4   -0.000000001    0.000000000   -0.000000000
           4   -0.000030146    0.000066967    0.000007194
           4   -0.000053936    0.000138848    0.000007776
           4   -0.000009206    0.000032087   -0.000001887
           4    0.015495110   -0.014081642   -0.000004294
           4   -0.000009200    0.000032089   -0.000001887
           4   -0.000000001   -0.000000000    0.000000000
           4    0.000030149   -0.000066969   -0.000007194
           4   -0.074181845   -0.007903061   -0.000001264
           5    0.000000423    0.000053278    0.000001085
           5   -0.000000000    0.000000001    0.000000000
           5    0.000008333   -0.000094664    0.000001646
           5    0.000011419    0.000029014    0.000007255
           5    0.000015960    0.000109888    0.000001105
           5   -0.074049818   -0.001276824    0.000004952
           5    0.000015961    0.000109887    0.000001105
           5    0.000000000    0.000000001    0.000000000
           5   -0.000008334    0.000094661   -0.000001646
           5   -0.010655790   -0.000042875    0.000013442
           5    0.000000424    0.000053273    0.000001086
           6   -0.000000490   -0.000378658    0.000000049
           6    0.000001322   -0.000644853   -0.000000436
           6    0.000000000    0.000000000   -0.000000000
           6   -0.000006815    0.000521947   -0.000000342
           6    0.000000040   -0.000349599   -0.000001670
           6   -0.000025962   -0.000618069   -0.000000096
           6    0.063811363   -0.000981451    0.000007924
           6   -0.000025963   -0.000618065   -0.000000096
           6    0.000000000    0.000000002   -0.000000000
           6    0.000006815   -0.000521943    0.000000342
           6   -0.014141697   -0.003510026    0.000009120
           6    0.000001321   -0.000644845   -0.000000436
           6    0.000000000    0.000000003   -0.000000000
           7    0.000000256    0.000036156    0.000001204
           7    0.000001990    0.000099788    0.000004207
           7    0.000000552    0.000042383    0.000001634
           7   -0.000000000   -0.000000001    0.000000000
           7    0.000002969    0.000097361    0.000007771
           7    0.000000024   -0.000008909   -0.000000430
           7    0.000024681   -0.000108507   -0.000009129
           7   -0.037372639    0.001857851   -0.000014555
           7    0.000024681   -0.000108512   -0.000009129
           7   -0.000000000   -0.000000007   -0.000000000
           7   -0.000002969   -0.000097357   -0.000007771
           7   -0.000363617    0.000099956   -0.000022043
           7    0.000000552    0.000042384    0.000001634
           7   -0.000000000   -0.000000011   -0.000000000
           7   -0.000000256   -0.000036145   -0.000001204
           8   -0.000000000    0.000000005    0.000000000
           8   -0.000000244   -0.000111147    0.000003929
           8   -0.000000564    0.000327091    0.000006675
           8   -0.000000059    0.000530488    0.000003055
           8   -0.000000000   -0.000000002   -0.000000000
           8   -0.000001313    0.000105453    0.000001206
           8    0.000004496    0.000301134    0.000002125
           8   -0.000024112   -0.000263130   -0.000000483
           8    0.028055850   -0.004865261   -0.000011529
           8   -0.000024113   -0.000263132   -0.000000483
           8    0.000000000    0.000000011    0.000000000
           8    0.000001312   -0.000105454   -0.000001206
           8    0.001400093   -0.000984129   -0.000013201
           8   -0.000000058    0.000530483    0.000003055
           8   -0.000000000    0.000000010    0.000000000
           8    0.000000243    0.000111137   -0.000003929
           8    0.001133697   -0.002547950   -0.000032316

      type     z         z-n              n(s)
         3    26   2.5592670  .075442056841641

                Coulomb potential at sphere boundaries
                      convoluted                      pseudo
     lh       external          total       external          total
      0    3.599174810    0.709549472    3.599234950    0.709609613
      1   -0.029054070   -0.026166239   -0.029089986   -0.026202155
      1    0.000002059   -0.000001185    0.000017440    0.000014197
      1   -0.029054070   -0.026166239   -0.029089986   -0.026202155
      2   -0.034793688   -0.041943135   -0.034791737   -0.041941184
      2   -0.000128667   -0.000136981   -0.000080249   -0.000088563
      2    0.020169425    0.019823051    0.020084937    0.019738563
      2   -0.000128669   -0.000136982   -0.000080251   -0.000088563
      2   -0.000000000    0.000000000   -0.000000000    0.000000000
      3   -0.005123476   -0.003706843   -0.005107321   -0.003690688
      3    0.000000345   -0.000000755    0.000019841    0.000018741
      3    0.012377714    0.008374806    0.012401327    0.008398419
      3    0.000005502    0.000006006   -0.000012642   -0.000012138
      3    0.012377714    0.008374806    0.012401327    0.008398419
      3    0.000000000    0.000000000    0.000000000    0.000000000
      3    0.005123476    0.003706843    0.005107321    0.003690688
      4   -0.000000000    0.000000000   -0.000000000    0.000000000
      4   -0.000079783   -0.000082836   -0.000023620   -0.000026673
      4    0.013042401    0.010574217    0.013151634    0.010683450
      4   -0.000081624   -0.000083065   -0.000007450   -0.000008891
      4    0.012539222    0.002091625    0.012595893    0.002148296
      4   -0.000081624   -0.000083065   -0.000007450   -0.000008891
      4   -0.000000000   -0.000000000   -0.000000000   -0.000000000
      4    0.000079783    0.000082835    0.000023620    0.000026673
      4    0.023675185    0.015829280    0.023869173    0.016023268
      5    0.002491017    0.001247815    0.002515509    0.001272307
      5   -0.000000000   -0.000000000   -0.000000000   -0.000000000
      5    0.006338003    0.005335392    0.006353328    0.005350718
      5    0.000002042    0.000002235    0.000002211    0.000002405
      5   -0.008232548   -0.007032424   -0.008232982   -0.007032858
      5    0.000021045    0.000020921   -0.000003813   -0.000003938
      5   -0.008232547   -0.007032424   -0.008232982   -0.007032858
      5   -0.000000000   -0.000000000   -0.000000000   -0.000000000
      5   -0.006338003   -0.005335392   -0.006353328   -0.005350718
      5   -0.000003996   -0.000003162   -0.000009410   -0.000008575
      5    0.002491017    0.001247815    0.002515509    0.001272307
      6    0.006458819    0.005687443    0.006415939    0.005644563
      6    0.000062598    0.000062842    0.000000276    0.000000521
      6    0.000000000    0.000000000    0.000000000    0.000000000
      6    0.000014360    0.000014317    0.000005961    0.000005917
      6   -0.003680405   -0.003212970   -0.003655479   -0.003188044
      6   -0.000058457   -0.000058348   -0.000005148   -0.000005039
      6    0.000568568    0.000327703    0.000567875    0.000327010
      6   -0.000058457   -0.000058348   -0.000005148   -0.000005039
      6    0.000000000    0.000000000    0.000000000    0.000000000
      6   -0.000014360   -0.000014316   -0.000005961   -0.000005917
      6    0.007602951    0.007610546    0.007623496    0.007631091
      6    0.000062598    0.000062843    0.000000276    0.000000521
      6    0.000000000    0.000000000    0.000000000    0.000000000
      7    0.002435073    0.002264909    0.002413473    0.002243310
      7    0.000017578    0.000017678   -0.000004980   -0.000004879
      7   -0.002762085   -0.002609258   -0.002770210   -0.002617383
      7   -0.000000000   -0.000000000   -0.000000000   -0.000000000
      7   -0.002593893   -0.002453236   -0.002606547   -0.002465891
      7   -0.000011618   -0.000011724   -0.000008612   -0.000008718
      7    0.002641094    0.002511573    0.002623968    0.002494447
      7    0.000013966    0.000014031    0.000006246    0.000006311
      7    0.002641094    0.002511573    0.002623968    0.002494447
      7    0.000000000    0.000000000    0.000000000    0.000000000
      7    0.002593892    0.002453236    0.002606547    0.002465890
      7   -0.000031352   -0.000031480   -0.000006242   -0.000006370
      7   -0.002762085   -0.002609258   -0.002770210   -0.002617383
      7    0.000000000    0.000000000    0.000000000    0.000000000
      7   -0.002435073   -0.002264910   -0.002413473   -0.002243310
      8   -0.000000000   -0.000000000   -0.000000000   -0.000000000
      8    0.000048451    0.000048495   -0.000001607   -0.000001563
      8   -0.001450480   -0.001385340   -0.001471743   -0.001406602
      8   -0.000043695   -0.000043740   -0.000005413   -0.000005457
      8   -0.000000000   -0.000000000   -0.000000000   -0.000000000
      8    0.000009163    0.000009126   -0.000004186   -0.000004224
      8    0.001140634    0.001098054    0.001156576    0.001113996
      8    0.000033551    0.000033581    0.000000111    0.000000142
      8   -0.001748047   -0.001699626   -0.001784859   -0.001736438
      8    0.000033551    0.000033581    0.000000111    0.000000141
      8   -0.000000000   -0.000000000   -0.000000000   -0.000000000
      8   -0.000009163   -0.000009126    0.000004186    0.000004224
      8    0.001103114    0.001051977    0.001177613    0.001126476
      8   -0.000043695   -0.000043740   -0.000005413   -0.000005457
      8   -0.000000000   -0.000000000   -0.000000000   -0.000000000
      8   -0.000048451   -0.000048495    0.000001607    0.000001563
      8   -0.002754066   -0.002655623   -0.002853084   -0.002754641

                                Moments
          lh             mt         pseudo         npa(s)
           0   -2.559267042  -10.859101814    0.000010679
           1    0.004530540    0.009345881    0.000004235
           1   -0.000005089    0.000111725   -0.000000960
           1    0.004530540    0.009345883    0.000004235
           2   -0.019868023   -0.001490789    0.000008759
           2   -0.000023104   -0.000277998    0.000009067
           2   -0.000962560   -0.001810662   -0.000012122
           2   -0.000023101   -0.000277990    0.000009067
           2    0.000000001   -0.000000001    0.000000000
           3    0.006973383    0.004952557   -0.000005486
           3   -0.000005414    0.000160276    0.000000236
           3   -0.019704337   -0.004388514   -0.000009620
           3    0.000002481   -0.000059693   -0.000002189
           3   -0.019704337   -0.004388515   -0.000009620
           3    0.000000000   -0.000000001   -0.000000000
           3   -0.006973383   -0.004952552    0.000005486
           4    0.000000003   -0.000000004   -0.000000000
           4   -0.000026624    0.000061018    0.000006526
           4   -0.021521265    0.000778086    0.000006939
           4   -0.000012564    0.000017115   -0.000001901
           4   -0.091097561   -0.015120347    0.000002747
           4   -0.000012564    0.000017111   -0.000001901
           4   -0.000000000   -0.000000001   -0.000000000
           4    0.000026619   -0.000061026   -0.000006526
           4   -0.068412169   -0.002420968    0.000011362
           5   -0.019201546   -0.000356000    0.000009997
           5    0.000000000    0.000000002   -0.000000000
           5   -0.015485550   -0.000106642    0.000006682
           5    0.000002989    0.000011508   -0.000009668
           5    0.018536188    0.000260800    0.000005005
           5   -0.000001919   -0.000032138    0.000006931
           5    0.018536188    0.000260798    0.000005005
           5   -0.000000000   -0.000000001   -0.000000000
           5    0.015485550    0.000106644   -0.000006682
           5    0.000012895   -0.000143875   -0.000004023
           5   -0.019201546   -0.000356004    0.000009997
           6   -0.021104002   -0.000551315    0.000000834
           6    0.000006689   -0.000606743    0.000000330
           6    0.000000000    0.000000004   -0.000000000
           6   -0.000001184    0.000574135   -0.000000456
           6    0.012788495   -0.000235834   -0.000001350
           6    0.000002989   -0.000647482   -0.000000122
           6   -0.006589806   -0.001367437    0.000003389
           6    0.000002989   -0.000647478   -0.000000122
           6    0.000000000    0.000000004   -0.000000000
           6    0.000001184   -0.000574130    0.000000456
           6    0.000207777   -0.003371186    0.000002350
           6    0.000006688   -0.000606733    0.000000330
           6    0.000000000    0.000000007   -0.000000000
           7   -0.008246480    0.000227943   -0.000012558
           7    0.000004866   -0.000054392   -0.000005921
           7    0.007406321   -0.000348839   -0.000012455
           7    0.000000000   -0.000000007   -0.000000000
           7    0.006816510   -0.000305773   -0.000017765
           7   -0.000005158    0.000026285   -0.000001792
           7   -0.006276846    0.000272846    0.000002407
           7    0.000003178   -0.000029590    0.000003461
           7   -0.006276846    0.000272855    0.000002407
           7   -0.000000000   -0.000000002    0.000000000
           7   -0.006816510    0.000305766    0.000017765
           7   -0.000006170   -0.000009709    0.000006332
           7    0.007406321   -0.000348826   -0.000012455
           7    0.000000000   -0.000000001    0.000000000
           7    0.008246480   -0.000227953    0.000012558
           8   -0.000000000    0.000000009    0.000000000
           8    0.000003764   -0.000054311    0.000004963
           8    0.005591879   -0.000150882    0.000007075
           8   -0.000003833    0.000533239    0.000003292
           8   -0.000000000   -0.000000008   -0.000000000
           8   -0.000003242    0.000226447    0.000001255
           8   -0.003655204    0.000804589    0.000001239
           8    0.000002600   -0.000453395   -0.000000691
           8    0.004156550   -0.001831585   -0.000010675
           8    0.000002600   -0.000453396   -0.000000691
           8    0.000000000    0.000000013    0.000000000
           8    0.000003242   -0.000226444   -0.000001255
           8   -0.004389771   -0.000461968   -0.000013168
           8   -0.000003833    0.000533238    0.000003292
           8   -0.000000000    0.000000001    0.000000000
           8   -0.000003764    0.000054322   -0.000004963
           8    0.008450696   -0.003410658   -0.000024405

      type     z         z-n              n(s)
         4    26   2.5592684  .075441915605230

                Coulomb potential at sphere boundaries
                      convoluted                      pseudo
     lh       external          total       external          total
      0    3.599172323    0.709545484    3.599241865    0.709615026
      1    0.029069972    0.026177315    0.029108874    0.026216217
      1    0.000000000    0.000000000    0.000000000    0.000000000
      1   -0.029069972   -0.026177315   -0.029108874   -0.026216217
      2    0.034604875    0.041742524    0.034680975    0.041818624
      2   -0.000151294   -0.000161681   -0.000072875   -0.000083261
      2    0.020170072    0.019827604    0.020086610    0.019744142
      2   -0.000151296   -0.000161682   -0.000072876   -0.000083262
      2    0.000000000    0.000000000    0.000000000    0.000000000
      3    0.005111291    0.003693730    0.005114797    0.003697236
      3   -0.000000001   -0.000000001   -0.000000001   -0.000000001
      3   -0.012367644   -0.008365083   -0.012394167   -0.008391605
      3    0.000000000    0.000000000    0.000000000    0.000000000
      3    0.012367644    0.008365082    0.012394167    0.008391605
      3   -0.000037218   -0.000038489   -0.000005484   -0.000006754
      3    0.005111290    0.003693729    0.005114796    0.003697235
      4   -0.000000001   -0.000000001   -0.000000001   -0.000000000
      4   -0.000103940   -0.000107287   -0.000011371   -0.000014718
      4   -0.013341074   -0.010883598   -0.013211880   -0.010754404
      4   -0.000074453   -0.000074932   -0.000010071   -0.000010550
      4    0.012574049    0.002124437    0.012584353    0.002134740
      4   -0.000074453   -0.000074932   -0.000010072   -0.000010550
      4   -0.000000000   -0.000000001   -0.000000000   -0.000000001
      4    0.000103941    0.000107287    0.000011372    0.000014718
      4    0.023692141    0.015847371    0.023865830    0.016021061
      5   -0.002495570   -0.001252263   -0.002520413   -0.001277106
      5   -0.000020025   -0.000020076   -0.000000942   -0.000000993
      5   -0.006336664   -0.005334748   -0.006346402   -0.005344486
      5    0.000000000    0.000000000    0.000000000    0.000000000
      5    0.008237367    0.007037820    0.008225357    0.007025810
      5   -0.000000000   -0.000000000   -0.000000000   -0.000000000
      5   -0.008237367   -0.007037820   -0.008225357   -0.007025810
      5   -0.000013900   -0.000014076    0.000000070   -0.000000106
      5   -0.006336664   -0.005334748   -0.006346402   -0.005344486
      5   -0.000000000   -0.000000000   -0.000000000   -0.000000000
      5    0.002495570    0.001252264    0.002520414    0.001277107
      6   -0.006325524   -0.005554685   -0.006419618   -0.005648779
      6    0.000068808    0.000068883   -0.000007836   -0.000007761
      6    0.000000000    0.000000000    0.000000000    0.000000000
      6   -0.000011822   -0.000011916    0.000005244    0.000005150
      6    0.003648495    0.003181648    0.003646214    0.003179366
      6   -0.000009761   -0.000009763   -0.000007308   -0.000007309
      6    0.000554560    0.000314027    0.000574116    0.000333583
      6   -0.000009761   -0.000009762   -0.000007308   -0.000007309
      6    0.000000000    0.000000000    0.000000000    0.000000000
      6    0.000011822    0.000011916   -0.000005244   -0.000005150
      6    0.007641846    0.007648938    0.007612742    0.007619834
      6    0.000068808    0.000068883   -0.000007836   -0.000007761
      6    0.000000000    0.000000000    0.000000000    0.000000000
      7   -0.002412427   -0.002242494   -0.002414714   -0.002244781
      7    0.000000000    0.000000000    0.000000000    0.000000000
      7    0.002748364    0.002595687    0.002762818    0.002610141
      7    0.000003922    0.000003930   -0.000000414   -0.000000405
      7    0.002599607    0.002459119    0.002603341    0.002462853
      7    0.000000000    0.000000000    0.000000000    0.000000000
      7   -0.002628482   -0.002499132   -0.002622268   -0.002492919
      7    0.000000000    0.000000000    0.000000000    0.000000000
      7    0.002628482    0.002499132    0.002622268    0.002492919
      7    0.000006048    0.000006059    0.000000626    0.000000636
      7    0.002599607    0.002459119    0.002603341    0.002462852
      7    0.000000000    0.000000000    0.000000000    0.000000000
      7   -0.002748364   -0.002595687   -0.002762818   -0.002610141
      7    0.000009861    0.000009875    0.000001158    0.000001172
      7   -0.002412427   -0.002242495   -0.002414714   -0.002244781
      8   -0.000000000   -0.000000000   -0.000000000   -0.000000000
      8    0.000037697    0.000037703   -0.000005345   -0.000005339
      8    0.001449729    0.001384697    0.001456005    0.001390974
      8   -0.000035904   -0.000035902   -0.000004422   -0.000004420
      8   -0.000000000   -0.000000000   -0.000000000   -0.000000000
      8    0.000026718    0.000026717   -0.000005724   -0.000005725
      8   -0.001145918   -0.001103446   -0.001167066   -0.001124594
      8    0.000016837    0.000016838    0.000002367    0.000002368
      8   -0.001768975   -0.001720619   -0.001786507   -0.001738151
      8    0.000016837    0.000016838    0.000002367    0.000002368
      8   -0.000000000   -0.000000000   -0.000000000   -0.000000000
      8   -0.000026718   -0.000026717    0.000005724    0.000005725
      8    0.001104469    0.001053439    0.001182214    0.001131184
      8   -0.000035904   -0.000035902   -0.000004422   -0.000004420
      8   -0.000000000   -0.000000000   -0.000000000   -0.000000000
      8   -0.000037697   -0.000037703    0.000005345    0.000005339
      8   -0.002737425   -0.002639151   -0.002850713   -0.002752440

                                Moments
          lh             mt         pseudo         npa(s)
           0   -2.559268372  -10.859522818    0.000016805
           1   -0.004538110   -0.009288195   -0.000003855
           1    0.000000000    0.000000015    0.000000000
           1    0.004538110    0.009288182    0.000003855
           2    0.019835237    0.001067906    0.000024539
           2   -0.000028864   -0.000244029    0.000026555
           2   -0.000951704   -0.001830471   -0.000009723
           2   -0.000028862   -0.000244025    0.000026555
           2    0.000000000   -0.000000003    0.000000000
           3   -0.006977951   -0.004924976    0.000005686
           3   -0.000000001   -0.000000002    0.000000000
           3    0.019702635    0.004485915    0.000006985
           3   -0.000000000   -0.000000001   -0.000000000
           3   -0.019702635   -0.004485913   -0.000006985
           3   -0.000006255   -0.000000108   -0.000002034
           3   -0.006977951   -0.004924974    0.000005686
           4    0.000000000   -0.000000008    0.000000000
           4   -0.000029179    0.000072286    0.000025945
           4    0.021427897   -0.000568758    0.000032895
           4   -0.000004178   -0.000025113   -0.000005686
           4   -0.091115131   -0.015108558   -0.000016704
           4   -0.000004175   -0.000025119   -0.000005686
           4   -0.000000001   -0.000000004    0.000000000
           4    0.000029177   -0.000072294   -0.000025945
           4   -0.068402270   -0.002432309   -0.000000490
           5    0.019203155    0.000313831   -0.000013489
           5   -0.000000789   -0.000004078   -0.000003820
           5    0.015474822    0.000220275   -0.000010140
           5   -0.000000000   -0.000000001   -0.000000000
           5   -0.018527280   -0.000363893   -0.000008706
           5   -0.000000000   -0.000000003    0.000000000
           5    0.018527281    0.000363890    0.000008706
           5   -0.000002719    0.000002120   -0.000000592
           5    0.015474823    0.000220284   -0.000010140
           5    0.000000000   -0.000000002    0.000000000
           5   -0.019203154   -0.000313825    0.000013489
           6    0.021089278   -0.000166422   -0.000007259
           6    0.000002062   -0.000620065   -0.000014026
           6    0.000000000    0.000000002    0.000000000
           6   -0.000002574    0.000399875    0.000010314
           6   -0.012772429   -0.000436877   -0.000015239
           6   -0.000000045   -0.000475703   -0.000015524
           6   -0.006580719   -0.001301546    0.000009052
           6   -0.000000046   -0.000475703   -0.000015524
           6   -0.000000000    0.000000005   -0.000000000
           6    0.000002575   -0.000399868   -0.000010314
           6    0.000194034   -0.003220808   -0.000026177
           6    0.000002061   -0.000620059   -0.000014026
           6    0.000000000    0.000000005   -0.000000000
           7    0.008235289   -0.000233790    0.000011775
           7   -0.000000000    0.000000008    0.000000000
           7   -0.007399037    0.000317585    0.000006554
           7    0.000000402    0.000024869   -0.000002609
           7   -0.006808362    0.000257623    0.000008445
           7   -0.000000000    0.000000004    0.000000000
           7    0.006268568   -0.000214277    0.000008222
           7   -0.000000000   -0.000000004   -0.000000000
           7   -0.006268568    0.000214287   -0.000008222
           7    0.000000500   -0.000009715    0.000001251
           7   -0.006808362    0.000257616    0.000008445
           7   -0.000000000   -0.000000006   -0.000000000
           7    0.007399037   -0.000317570   -0.000006554
           7    0.000000705   -0.000033296    0.000003603
           7    0.008235290   -0.000233788    0.000011775
           8   -0.000000000    0.000000007    0.000000000
           8    0.000000503    0.000040329   -0.000003343
           8   -0.005582500    0.001315529   -0.000009944
           8    0.000000165    0.000892093   -0.000008681
           8   -0.000000000   -0.000000002   -0.000000000
           8   -0.000000079    0.000482126   -0.000007832
           8    0.003645987    0.000202444   -0.000008668
           8    0.000000077   -0.000607703    0.000005217
           8    0.004151020   -0.002040292   -0.000003059
           8    0.000000076   -0.000607698    0.000005217
           8    0.000000000    0.000000014    0.000000000
           8    0.000000079   -0.000482126    0.000007832
           8   -0.004380658   -0.000380809   -0.000015422
           8    0.000000165    0.000892102   -0.000008681
           8   -0.000000000    0.000000003    0.000000000
           8   -0.000000503   -0.000040327    0.000003343
           8    0.008436111   -0.003360760   -0.000020351

      type     z         z-n              n(s)
         5    26   2.5592684  .075441915607839

                Coulomb potential at sphere boundaries
                      convoluted                      pseudo
     lh       external          total       external          total
      0    3.599172323    0.709545484    3.599241865    0.709615026
      1   -0.029069972   -0.026177315   -0.029108874   -0.026216217
      1   -0.000000000   -0.000000000   -0.000000000   -0.000000000
      1    0.029069972    0.026177315    0.029108874    0.026216217
      2    0.034604875    0.041742524    0.034680975    0.041818624
      2   -0.000151294   -0.000161681   -0.000072875   -0.000083261
      2    0.020170072    0.019827604    0.020086610    0.019744142
      2   -0.000151296   -0.000161682   -0.000072876   -0.000083262
      2    0.000000000    0.000000001    0.000000000    0.000000001
      3   -0.005111291   -0.003693730   -0.005114797   -0.003697236
      3    0.000000001    0.000000001    0.000000001    0.000000001
      3    0.012367644    0.008365083    0.012394167    0.008391605
      3   -0.000000000   -0.000000000   -0.000000000   -0.000000000
      3   -0.012367644   -0.008365082   -0.012394167   -0.008391605
      3    0.000037218    0.000038489    0.000005484    0.000006754
      3   -0.005111290   -0.003693729   -0.005114796   -0.003697235
      4   -0.000000000   -0.000000000   -0.000000000   -0.000000000
      4   -0.000103940   -0.000107287   -0.000011371   -0.000014718
      4   -0.013341074   -0.010883598   -0.013211880   -0.010754404
      4   -0.000074453   -0.000074932   -0.000010071   -0.000010550
      4    0.012574049    0.002124437    0.012584353    0.002134740
      4   -0.000074453   -0.000074932   -0.000010072   -0.000010550
      4   -0.000000000   -0.000000001   -0.000000000   -0.000000001
      4    0.000103941    0.000107287    0.000011372    0.000014718
      4    0.023692141    0.015847371    0.023865830    0.016021061
      5    0.002495570    0.001252263    0.002520413    0.001277106
      5    0.000020025    0.000020076    0.000000942    0.000000993
      5    0.006336664    0.005334748    0.006346402    0.005344486
      5   -0.000000000   -0.000000000   -0.000000000   -0.000000000
      5   -0.008237367   -0.007037820   -0.008225357   -0.007025810
      5    0.000000000    0.000000000    0.000000000    0.000000000
      5    0.008237367    0.007037820    0.008225357    0.007025810
      5    0.000013900    0.000014076   -0.000000070    0.000000106
      5    0.006336664    0.005334748    0.006346402    0.005344486
      5    0.000000000    0.000000000    0.000000000    0.000000000
      5   -0.002495570   -0.001252264   -0.002520414   -0.001277107
      6   -0.006325524   -0.005554686   -0.006419618   -0.005648780
      6    0.000068808    0.000068883   -0.000007836   -0.000007761
      6    0.000000000    0.000000000    0.000000000    0.000000000
      6   -0.000011822   -0.000011916    0.000005244    0.000005150
      6    0.003648495    0.003181648    0.003646214    0.003179366
      6   -0.000009761   -0.000009763   -0.000007308   -0.000007309
      6    0.000554560    0.000314027    0.000574116    0.000333583
      6   -0.000009761   -0.000009762   -0.000007308   -0.000007309
      6    0.000000000    0.000000000    0.000000000    0.000000000
      6    0.000011822    0.000011916   -0.000005244   -0.000005150
      6    0.007641846    0.007648938    0.007612742    0.007619834
      6    0.000068808    0.000068883   -0.000007836   -0.000007761
      6    0.000000000    0.000000000    0.000000000    0.000000000
      7    0.002412427    0.002242494    0.002414714    0.002244781
      7   -0.000000000   -0.000000000   -0.000000000   -0.000000000
      7   -0.002748364   -0.002595687   -0.002762818   -0.002610141
      7   -0.000003922   -0.000003930    0.000000414    0.000000405
      7   -0.002599607   -0.002459119   -0.002603341   -0.002462853
      7   -0.000000000   -0.000000000   -0.000000000   -0.000000000
      7    0.002628482    0.002499132    0.002622268    0.002492919
      7   -0.000000000   -0.000000000   -0.000000000   -0.000000000
      7   -0.002628482   -0.002499132   -0.002622268   -0.002492919
      7   -0.000006048   -0.000006059   -0.000000626   -0.000000636
      7   -0.002599607   -0.002459119   -0.002603341   -0.002462852
      7   -0.000000000   -0.000000000   -0.000000000   -0.000000000
      7    0.002748364    0.002595687    0.002762818    0.002610141
      7   -0.000009861   -0.000009875   -0.000001158   -0.000001172
      7    0.002412427    0.002242495    0.002414714    0.002244781
      8   -0.000000000   -0.000000000   -0.000000000   -0.000000000
      8    0.000037697    0.000037703   -0.000005345   -0.000005339
      8    0.001449729    0.001384697    0.001456005    0.001390974
      8   -0.000035904   -0.000035902   -0.000004422   -0.000004420
      8   -0.000000000   -0.000000000   -0.000000000   -0.000000000
      8    0.000026718    0.000026717   -0.000005724   -0.000005725
      8   -0.001145918   -0.001103446   -0.001167066   -0.001124594
      8    0.000016837    0.000016838    0.000002367    0.000002368
      8   -0.001768975   -0.001720619   -0.001786507   -0.001738151
      8    0.000016837    0.000016838    0.000002367    0.000002368
      8   -0.000000000   -0.000000000   -0.000000000   -0.000000000
      8   -0.000026718   -0.000026717    0.000005724    0.000005725
      8    0.001104469    0.001053439    0.001182214    0.001131184
      8   -0.000035904   -0.000035902   -0.000004422   -0.000004420
      8   -0.000000000   -0.000000000   -0.000000000   -0.000000000
      8   -0.000037697   -0.000037703    0.000005345    0.000005339
      8   -0.002737425   -0.002639151   -0.002850713   -0.002752440

                                Moments
          lh             mt         pseudo         npa(s)
           0   -2.559268371  -10.859522818    0.000016805
           1    0.004538110    0.009288195    0.000003855
           1   -0.000000000   -0.000000015   -0.000000000
           1   -0.004538110   -0.009288182   -0.000003855
           2    0.019835237    0.001067906    0.000024539
           2   -0.000028864   -0.000244029    0.000026555
           2   -0.000951704   -0.001830471   -0.000009723
           2   -0.000028862   -0.000244025    0.000026555
           2    0.000000000   -0.000000004    0.000000000
           3    0.006977951    0.004924976   -0.000005686
           3    0.000000001    0.000000002   -0.000000000
           3   -0.019702635   -0.004485915   -0.000006985
           3    0.000000000    0.000000001    0.000000000
           3    0.019702635    0.004485913    0.000006985
           3    0.000006255    0.000000108    0.000002034
           3    0.006977951    0.004924974   -0.000005686
           4    0.000000002   -0.000000007    0.000000000
           4   -0.000029179    0.000072286    0.000025945
           4    0.021427897   -0.000568758    0.000032895
           4   -0.000004178   -0.000025113   -0.000005686
           4   -0.091115131   -0.015108558   -0.000016704
           4   -0.000004175   -0.000025119   -0.000005686
           4   -0.000000001   -0.000000004    0.000000000
           4    0.000029177   -0.000072294   -0.000025945
           4   -0.068402269   -0.002432309   -0.000000490
           5   -0.019203155   -0.000313831    0.000013489
           5    0.000000789    0.000004078    0.000003820
           5   -0.015474822   -0.000220275    0.000010140
           5    0.000000000    0.000000001    0.000000000
           5    0.018527280    0.000363893    0.000008706
           5    0.000000000    0.000000003   -0.000000000
           5   -0.018527281   -0.000363890   -0.000008706
           5    0.000002719   -0.000002120    0.000000592
           5   -0.015474823   -0.000220284    0.000010140
           5   -0.000000000    0.000000002   -0.000000000
           5    0.019203154    0.000313825   -0.000013489
           6    0.021089277   -0.000166422   -0.000007259
           6    0.000002062   -0.000620065   -0.000014026
           6    0.000000000    0.000000002    0.000000000
           6   -0.000002574    0.000399875    0.000010314
           6   -0.012772429   -0.000436877   -0.000015239
           6   -0.000000045   -0.000475703   -0.000015524
           6   -0.006580719   -0.001301546    0.000009052
           6   -0.000000046   -0.000475703   -0.000015524
           6   -0.000000000    0.000000005   -0.000000000
           6    0.000002575   -0.000399868   -0.000010314
           6    0.000194034   -0.003220808   -0.000026177
           6    0.000002061   -0.000620059   -0.000014026
           6    0.000000000    0.000000005   -0.000000000
           7   -0.008235289    0.000233790   -0.000011775
           7    0.000000000   -0.000000008   -0.000000000
           7    0.007399037   -0.000317585   -0.000006554
           7   -0.000000402   -0.000024869    0.000002609
           7    0.006808362   -0.000257623   -0.000008445
           7    0.000000000   -0.000000004   -0.000000000
           7   -0.006268568    0.000214277   -0.000008222
           7    0.000000000    0.000000004    0.000000000
           7    0.006268568   -0.000214287    0.000008222
           7   -0.000000500    0.000009715   -0.000001251
           7    0.006808362   -0.000257616   -0.000008445
           7    0.000000000    0.000000006    0.000000000
           7   -0.007399037    0.000317570    0.000006554
           7   -0.000000705    0.000033296   -0.000003603
           7   -0.008235289    0.000233788   -0.000011775
           8   -0.000000000    0.000000007    0.000000000
           8    0.000000503    0.000040329   -0.000003343
           8   -0.005582500    0.001315529   -0.000009944
           8    0.000000165    0.000892093   -0.000008681
           8   -0.000000000   -0.000000002   -0.000000000
           8   -0.000000079    0.000482126   -0.000007832
           8    0.003645987    0.000202444   -0.000008668
           8    0.000000077   -0.000607703    0.000005217
           8    0.004151020   -0.002040292   -0.000003059
           8    0.000000076   -0.000607698    0.000005217
           8    0.000000000    0.000000014    0.000000000
           8    0.000000079   -0.000482126    0.000007832
           8   -0.004380658   -0.000380809   -0.000015422
           8    0.000000165    0.000892102   -0.000008681
           8   -0.000000000    0.000000003    0.000000000
           8   -0.000000503   -0.000040327    0.000003343
           8    0.008436111   -0.003360760   -0.000020351

      type     z         z-n              n(s)
         6    26   2.5592670  .075442056844257

                Coulomb potential at sphere boundaries
                      convoluted                      pseudo
     lh       external          total       external          total
      0    3.599174810    0.709549472    3.599234950    0.709609613
      1    0.029054070    0.026166239    0.029089986    0.026202155
      1   -0.000002059    0.000001185   -0.000017440   -0.000014197
      1    0.029054070    0.026166239    0.029089986    0.026202155
      2   -0.034793688   -0.041943135   -0.034791737   -0.041941184
      2   -0.000128667   -0.000136981   -0.000080249   -0.000088563
      2    0.020169425    0.019823051    0.020084937    0.019738563
      2   -0.000128669   -0.000136982   -0.000080251   -0.000088563
      2   -0.000000000    0.000000000   -0.000000000    0.000000000
      3    0.005123476    0.003706843    0.005107321    0.003690688
      3   -0.000000345    0.000000755   -0.000019841   -0.000018741
      3   -0.012377714   -0.008374806   -0.012401327   -0.008398419
      3   -0.000005502   -0.000006006    0.000012642    0.000012138
      3   -0.012377714   -0.008374806   -0.012401327   -0.008398419
      3   -0.000000000   -0.000000000   -0.000000000   -0.000000000
      3   -0.005123476   -0.003706843   -0.005107321   -0.003690688
      4   -0.000000000    0.000000000   -0.000000000    0.000000000
      4   -0.000079783   -0.000082836   -0.000023620   -0.000026673
      4    0.013042401    0.010574217    0.013151634    0.010683450
      4   -0.000081624   -0.000083065   -0.000007450   -0.000008891
      4    0.012539222    0.002091625    0.012595893    0.002148296
      4   -0.000081624   -0.000083065   -0.000007450   -0.000008891
      4   -0.000000000   -0.000000000   -0.000000000   -0.000000000
      4    0.000079783    0.000082835    0.000023620    0.000026673
      4    0.023675185    0.015829280    0.023869173    0.016023268
      5   -0.002491017   -0.001247815   -0.002515509   -0.001272307
      5    0.000000000    0.000000000    0.000000000    0.000000000
      5   -0.006338003   -0.005335392   -0.006353328   -0.005350718
      5   -0.000002042   -0.000002235   -0.000002211   -0.000002405
      5    0.008232548    0.007032424    0.008232982    0.007032858
      5   -0.000021045   -0.000020921    0.000003813    0.000003938
      5    0.008232547    0.007032424    0.008232982    0.007032858
      5    0.000000000    0.000000000    0.000000000    0.000000000
      5    0.006338003    0.005335392    0.006353328    0.005350718
      5    0.000003996    0.000003162    0.000009410    0.000008575
      5   -0.002491017   -0.001247815   -0.002515510   -0.001272307
      6    0.006458819    0.005687443    0.006415939    0.005644563
      6    0.000062598    0.000062842    0.000000276    0.000000521
      6    0.000000000    0.000000000    0.000000000    0.000000000
      6    0.000014360    0.000014317    0.000005961    0.000005917
      6   -0.003680405   -0.003212970   -0.003655479   -0.003188044
      6   -0.000058457   -0.000058348   -0.000005148   -0.000005039
      6    0.000568568    0.000327703    0.000567875    0.000327010
      6   -0.000058457   -0.000058348   -0.000005148   -0.000005039
      6    0.000000000    0.000000000    0.000000000    0.000000000
      6   -0.000014360   -0.000014316   -0.000005961   -0.000005917
      6    0.007602951    0.007610546    0.007623496    0.007631091
      6    0.000062598    0.000062843    0.000000276    0.000000521
      6    0.000000000    0.000000000    0.000000000    0.000000000
      7   -0.002435073   -0.002264909   -0.002413473   -0.002243310
      7   -0.000017578   -0.000017678    0.000004980    0.000004879
      7    0.002762085    0.002609258    0.002770210    0.002617383
      7    0.000000000    0.000000000    0.000000000    0.000000000
      7    0.002593893    0.002453236    0.002606547    0.002465891
      7    0.000011618    0.000011724    0.000008612    0.000008718
      7   -0.002641094   -0.002511573   -0.002623968   -0.002494447
      7   -0.000013966   -0.000014031   -0.000006246   -0.000006311
      7   -0.002641094   -0.002511573   -0.002623968   -0.002494447
      7   -0.000000000   -0.000000000   -0.000000000   -0.000000000
      7   -0.002593892   -0.002453236   -0.002606547   -0.002465890
      7    0.000031352    0.000031480    0.000006242    0.000006370
      7    0.002762085    0.002609258    0.002770210    0.002617383
      7   -0.000000000   -0.000000000   -0.000000000   -0.000000000
      7    0.002435073    0.002264910    0.002413473    0.002243310
      8   -0.000000000   -0.000000000   -0.000000000   -0.000000000
      8    0.000048451    0.000048495   -0.000001607   -0.000001563
      8   -0.001450480   -0.001385340   -0.001471743   -0.001406602
      8   -0.000043695   -0.000043740   -0.000005413   -0.000005457
      8   -0.000000000   -0.000000000   -0.000000000   -0.000000000
      8    0.000009163    0.000009126   -0.000004186   -0.000004224
      8    0.001140634    0.001098054    0.001156576    0.001113996
      8    0.000033551    0.000033581    0.000000111    0.000000142
      8   -0.001748047   -0.001699626   -0.001784859   -0.001736438
      8    0.000033551    0.000033581    0.000000111    0.000000141
      8   -0.000000000   -0.000000000   -0.000000000   -0.000000000
      8   -0.000009163   -0.000009126    0.000004186    0.000004224
      8    0.001103114    0.001051977    0.001177613    0.001126476
      8   -0.000043695   -0.000043740   -0.000005413   -0.000005457
      8   -0.000000000   -0.000000000   -0.000000000   -0.000000000
      8   -0.000048451   -0.000048495    0.000001607    0.000001563
      8   -0.002754066   -0.002655623   -0.002853084   -0.002754641

                                Moments
          lh             mt         pseudo         npa(s)
           0   -2.559267042  -10.859101814    0.000010679
           1   -0.004530540   -0.009345881   -0.000004235
           1    0.000005089   -0.000111725    0.000000960
           1   -0.004530540   -0.009345882   -0.000004235
           2   -0.019868023   -0.001490789    0.000008759
           2   -0.000023104   -0.000277998    0.000009067
           2   -0.000962560   -0.001810663   -0.000012122
           2   -0.000023101   -0.000277990    0.000009067
           2    0.000000001   -0.000000001    0.000000000
           3   -0.006973383   -0.004952557    0.000005486
           3    0.000005414   -0.000160276   -0.000000236
           3    0.019704337    0.004388514    0.000009620
           3   -0.000002481    0.000059693    0.000002189
           3    0.019704337    0.004388515    0.000009620
           3   -0.000000000    0.000000001    0.000000000
           3    0.006973383    0.004952552   -0.000005486
           4    0.000000002   -0.000000004   -0.000000000
           4   -0.000026624    0.000061018    0.000006526
           4   -0.021521265    0.000778086    0.000006939
           4   -0.000012564    0.000017115   -0.000001901
           4   -0.091097561   -0.015120347    0.000002747
           4   -0.000012564    0.000017111   -0.000001901
           4   -0.000000001   -0.000000001   -0.000000000
           4    0.000026619   -0.000061026   -0.000006526
           4   -0.068412168   -0.002420968    0.000011362
           5    0.019201546    0.000356000   -0.000009997
           5   -0.000000000   -0.000000002    0.000000000
           5    0.015485550    0.000106642   -0.000006682
           5   -0.000002989   -0.000011508    0.000009668
           5   -0.018536188   -0.000260800   -0.000005005
           5    0.000001919    0.000032138   -0.000006931
           5   -0.018536188   -0.000260798   -0.000005005
           5    0.000000000    0.000000001    0.000000000
           5   -0.015485550   -0.000106644    0.000006682
           5   -0.000012895    0.000143875    0.000004023
           5    0.019201545    0.000356004   -0.000009997
           6   -0.021104002   -0.000551315    0.000000834
           6    0.000006689   -0.000606743    0.000000330
           6    0.000000000    0.000000004   -0.000000000
           6   -0.000001184    0.000574135   -0.000000456
           6    0.012788495   -0.000235834   -0.000001350
           6    0.000002989   -0.000647482   -0.000000122
           6   -0.006589806   -0.001367437    0.000003389
           6    0.000002989   -0.000647478   -0.000000122
           6    0.000000000    0.000000004   -0.000000000
           6    0.000001184   -0.000574130    0.000000456
           6    0.000207777   -0.003371186    0.000002350
           6    0.000006688   -0.000606733    0.000000330
           6    0.000000000    0.000000007   -0.000000000
           7    0.008246480   -0.000227943    0.000012558
           7   -0.000004866    0.000054392    0.000005921
           7   -0.007406321    0.000348839    0.000012455
           7   -0.000000000    0.000000007    0.000000000
           7   -0.006816510    0.000305773    0.000017765
           7    0.000005158   -0.000026285    0.000001792
           7    0.006276846   -0.000272846   -0.000002407
           7   -0.000003178    0.000029590   -0.000003461
           7    0.006276846   -0.000272855   -0.000002407
           7    0.000000000    0.000000002   -0.000000000
           7    0.006816510   -0.000305766   -0.000017765
           7    0.000006170    0.000009709   -0.000006332
           7   -0.007406321    0.000348826    0.000012455
           7   -0.000000000    0.000000001   -0.000000000
           7   -0.008246480    0.000227953   -0.000012558
           8   -0.000000000    0.000000009    0.000000000
           8    0.000003764   -0.000054311    0.000004963
           8    0.005591879   -0.000150882    0.000007075
           8   -0.000003833    0.000533239    0.000003292
           8   -0.000000000   -0.000000008   -0.000000000
           8   -0.000003242    0.000226447    0.000001255
           8   -0.003655204    0.000804589    0.000001239
           8    0.000002600   -0.000453395   -0.000000691
           8    0.004156550   -0.001831585   -0.000010675
           8    0.000002600   -0.000453396   -0.000000691
           8    0.000000000    0.000000013    0.000000000
           8    0.000003242   -0.000226444   -0.000001255
           8   -0.004389771   -0.000461968   -0.000013168
           8   -0.000003833    0.000533238    0.000003292
           8   -0.000000000    0.000000001    0.000000000
           8   -0.000003764    0.000054322   -0.000004963
           8    0.008450696   -0.003410658   -0.000024405

      type     z         z-n              n(s)
         7    26   2.5879772  .072552474059555

                Coulomb potential at sphere boundaries
                      convoluted                      pseudo
     lh       external          total       external          total
      0    3.634459057    0.712417511    3.634534168    0.712492622
      1    0.000005529    0.000006089    0.000000589    0.000001150
      1   -0.000000000   -0.000000000   -0.000000000   -0.000000000
      1   -0.000005529   -0.000006089   -0.000000590   -0.000001150
      2   -0.000105194   -0.000113268   -0.000050054   -0.000058128
      2   -0.000148080   -0.000156302   -0.000069699   -0.000077921
      2    0.001749772    0.003746365    0.001655737    0.003652331
      2   -0.000148081   -0.000156303   -0.000069700   -0.000077922
      2    0.000000001    0.000000001    0.000000001    0.000000001
      3   -0.000004657   -0.000004648    0.000000220    0.000000230
      3   -0.000000000   -0.000000000   -0.000000000   -0.000000000
      3    0.000009581    0.000009405   -0.000000888   -0.000001064
      3    0.000000000    0.000000000    0.000000000    0.000000000
      3   -0.000009581   -0.000009405    0.000000888    0.000001064
      3    0.009491376    0.009156439    0.009521535    0.009186598
      3   -0.000004657   -0.000004648    0.000000220    0.000000229
      4   -0.000000000   -0.000000000   -0.000000000   -0.000000000
      4   -0.000101721   -0.000104328   -0.000011015   -0.000013623
      4   -0.000162173   -0.000165954   -0.000020645   -0.000024427
      4   -0.000074656   -0.000075163   -0.000010579   -0.000011086
      4    0.019738532    0.008812102    0.019747625    0.008821194
      4   -0.000074657   -0.000075164   -0.000010579   -0.000011087
      4   -0.000000001   -0.000000001   -0.000000001   -0.000000001
      4    0.000101721    0.000104328    0.000011015    0.000013622
      4    0.008621251    0.003748874    0.008786110    0.003913733
      5   -0.000000337   -0.000000305   -0.000000503   -0.000000471
      5   -0.000009088   -0.000009172   -0.000001386   -0.000001469
      5   -0.000009656   -0.000009621   -0.000000895   -0.000000860
      5    0.000000000    0.000000000    0.000000000    0.000000000
      5    0.000000480    0.000000505    0.000000131    0.000000155
      5    0.000000000    0.000000000    0.000000000    0.000000000
      5   -0.000000480   -0.000000505   -0.000000131   -0.000000155
      5   -0.000244377   -0.000616001   -0.000273892   -0.000645516
      5   -0.000009656   -0.000009621   -0.000000895   -0.000000860
      5   -0.000000000   -0.000000000   -0.000000000   -0.000000000
      5    0.000000337    0.000000304    0.000000503    0.000000471
      6    0.000066799    0.000066763   -0.000003643   -0.000003679
      6    0.000064349    0.000064391   -0.000008263   -0.000008221
      6   -0.000000000   -0.000000000   -0.000000000   -0.000000000
      6   -0.000012196   -0.000012264    0.000005469    0.000005401
      6   -0.000005176   -0.000005137   -0.000009893   -0.000009854
      6   -0.000009448   -0.000009404   -0.000007431   -0.000007388
      6   -0.002307653   -0.002247344   -0.002251792   -0.002191483
      6   -0.000009447   -0.000009404   -0.000007431   -0.000007387
      6    0.000000000    0.000000000    0.000000000    0.000000000
      6    0.000012196    0.000012264   -0.000005469   -0.000005401
      6    0.011587083    0.011074299    0.011573386    0.011060602
      6    0.000064349    0.000064391   -0.000008263   -0.000008221
      6    0.000000000    0.000000000    0.000000000    0.000000000
      7   -0.000002611   -0.000002611    0.000000254    0.000000255
      7   -0.000000000   -0.000000000   -0.000000000   -0.000000000
      7   -0.000001824   -0.000001817   -0.000000574   -0.000000568
      7    0.000001975    0.000001985   -0.000000364   -0.000000354
      7    0.000007116    0.000007120    0.000000246    0.000000249
      7   -0.000000000   -0.000000000   -0.000000000   -0.000000000
      7    0.000000893    0.000000895   -0.000000008   -0.000000005
      7   -0.000000000   -0.000000000   -0.000000000   -0.000000000
      7   -0.000000893   -0.000000895    0.000000008    0.000000005
      7   -0.000459474   -0.000441102   -0.000412204   -0.000393832
      7    0.000007116    0.000007120    0.000000246    0.000000249
      7   -0.000000000   -0.000000000   -0.000000000   -0.000000000
      7    0.000001824    0.000001817    0.000000574    0.000000568
      7   -0.000515827   -0.000487123   -0.000501028   -0.000472325
      7   -0.000002611   -0.000002610    0.000000254    0.000000255
      8    0.000000000    0.000000000    0.000000000    0.000000000
      8    0.000036563    0.000036560   -0.000005336   -0.000005339
      8   -0.000005669   -0.000005676   -0.000009718   -0.000009725
      8   -0.000036063   -0.000036067   -0.000004417   -0.000004420
      8    0.000000000    0.000000000    0.000000000    0.000000000
      8    0.000027685    0.000027683   -0.000005669   -0.000005671
      8    0.000024886    0.000024881   -0.000003671   -0.000003676
      8    0.000019234    0.000019234    0.000002402    0.000002403
      8   -0.000819373   -0.000800210   -0.000899150   -0.000879987
      8    0.000019234    0.000019234    0.000002402    0.000002403
      8   -0.000000000   -0.000000000   -0.000000000   -0.000000000
      8   -0.000027685   -0.000027683    0.000005669    0.000005671
      8   -0.000041832   -0.000040477    0.000013892    0.000015247
      8   -0.000036063   -0.000036067   -0.000004417   -0.000004420
      8   -0.000000000   -0.000000000   -0.000000000   -0.000000000
      8   -0.000036563   -0.000036559    0.000005336    0.000005339
      8   -0.000569378   -0.000561211   -0.000614581   -0.000606414

                                Moments
          lh             mt         pseudo         npa(s)
           0   -2.587977247  -10.888431979    0.000013884
           1    0.000000879   -0.000011682    0.000000110
           1    0.000000000   -0.000000002   -0.000000000
           1   -0.000000879    0.000011683   -0.000000110
           2   -0.000022437   -0.000183393    0.000024286
           2   -0.000022850   -0.000259526    0.000026617
           2    0.005548452    0.001095894   -0.000002479
           2   -0.000022848   -0.000259515    0.000026617
           2    0.000000001   -0.000000000    0.000000000
           3    0.000000046   -0.000002688   -0.000000350
           3   -0.000000000    0.000000001   -0.000000000
           3   -0.000000866   -0.000001424    0.000000219
           3   -0.000000000    0.000000002   -0.000000000
           3    0.000000865    0.000001418   -0.000000219
           3   -0.001648729    0.000366592   -0.000007190
           3    0.000000046   -0.000002683   -0.000000350
           4   -0.000000001   -0.000000001    0.000000000
           4   -0.000022733    0.000073360    0.000026005
           4   -0.000032975    0.000089609    0.000033153
           4   -0.000004420   -0.000025957   -0.000005663
           4   -0.095272735   -0.012068794   -0.000024680
           4   -0.000004425   -0.000025962   -0.000005663
           4   -0.000000002   -0.000000004    0.000000000
           4    0.000022730   -0.000073366   -0.000026005
           4   -0.042484566   -0.004628777   -0.000016080
           5    0.000000497   -0.000001994   -0.000000534
           5   -0.000001290   -0.000004163   -0.000001702
           5    0.000000544   -0.000001414   -0.000001245
           5    0.000000000    0.000000001    0.000000000
           5    0.000000376   -0.000001101   -0.000000329
           5    0.000000000    0.000000001    0.000000000
           5   -0.000000376    0.000001101    0.000000329
           5   -0.005739809   -0.000094693    0.000013595
           5    0.000000543   -0.000001416   -0.000001245
           5   -0.000000000    0.000000002    0.000000000
           5   -0.000000497    0.000001993    0.000000534
           6   -0.000000984   -0.000373859   -0.000007033
           6    0.000001142   -0.000602153   -0.000014192
           6    0.000000000   -0.000000001    0.000000000
           6   -0.000001877    0.000388671    0.000010307
           6    0.000001066   -0.000349646   -0.000015328
           6    0.000001185   -0.000468778   -0.000015307
           6    0.001649982   -0.001307329    0.000013241
           6    0.000001185   -0.000468775   -0.000015307
           6    0.000000000    0.000000001   -0.000000000
           6    0.000001878   -0.000388668   -0.000010307
           6   -0.014029215   -0.003354182   -0.000017622
           6    0.000001142   -0.000602147   -0.000014192
           6    0.000000000    0.000000003   -0.000000000
           7    0.000000013   -0.000012936    0.000000551
           7   -0.000000000   -0.000000001   -0.000000000
           7    0.000000317    0.000030606   -0.000001914
           7    0.000000452    0.000020995   -0.000001798
           7    0.000000183   -0.000006969    0.000000272
           7   -0.000000000   -0.000000000   -0.000000000
           7    0.000000113    0.000000347   -0.000000025
           7   -0.000000000   -0.000000003   -0.000000000
           7   -0.000000113   -0.000000345    0.000000025
           7    0.000890327    0.000141538   -0.000017918
           7    0.000000182   -0.000006975    0.000000272
           7   -0.000000000   -0.000000007   -0.000000000
           7   -0.000000318   -0.000030611    0.000001914
           7    0.001391029    0.000064669   -0.000010661
           7    0.000000013   -0.000012939    0.000000551
           8   -0.000000000    0.000000002    0.000000000
           8   -0.000000285    0.000091959   -0.000003636
           8   -0.000000601    0.000900703   -0.000011127
           8   -0.000000322    0.000942839   -0.000008699
           8   -0.000000000   -0.000000004   -0.000000000
           8   -0.000000180    0.000502239   -0.000007614
           8   -0.000000404    0.000652452   -0.000007917
           8    0.000000034   -0.000611641    0.000005357
           8    0.001645019   -0.001754884    0.000000926
           8    0.000000034   -0.000611636    0.000005357
           8    0.000000000    0.000000016    0.000000000
           8    0.000000179   -0.000502240    0.000007614
           8    0.000116319   -0.000775901   -0.000013104
           8   -0.000000322    0.000942840   -0.000008699
           8   -0.000000000    0.000000010    0.000000000
           8    0.000000285   -0.000091962    0.000003636
           8    0.000701103   -0.002342424   -0.000026866

      type     z         z-n              n(s)
         8    26   2.5879772  .072552474059512

                Coulomb potential at sphere boundaries
                      convoluted                      pseudo
     lh       external          total       external          total
      0    3.634459057    0.712417511    3.634534168    0.712492622
      1   -0.000005529   -0.000006089   -0.000000589   -0.000001150
      1    0.000000000    0.000000000    0.000000000    0.000000000
      1    0.000005529    0.000006089    0.000000590    0.000001150
      2   -0.000105194   -0.000113268   -0.000050054   -0.000058128
      2   -0.000148080   -0.000156302   -0.000069699   -0.000077921
      2    0.001749772    0.003746365    0.001655737    0.003652331
      2   -0.000148081   -0.000156303   -0.000069700   -0.000077922
      2    0.000000001    0.000000001    0.000000001    0.000000001
      3    0.000004657    0.000004648   -0.000000220   -0.000000230
      3    0.000000000    0.000000000    0.000000000    0.000000000
      3   -0.000009581   -0.000009405    0.000000888    0.000001064
      3   -0.000000000   -0.000000000   -0.000000000   -0.000000000
      3    0.000009581    0.000009405   -0.000000888   -0.000001064
      3   -0.009491376   -0.009156439   -0.009521535   -0.009186598
      3    0.000004657    0.000004648   -0.000000220   -0.000000229
      4   -0.000000000   -0.000000000   -0.000000000   -0.000000000
      4   -0.000101721   -0.000104328   -0.000011015   -0.000013623
      4   -0.000162173   -0.000165954   -0.000020645   -0.000024427
      4   -0.000074656   -0.000075163   -0.000010579   -0.000011086
      4    0.019738532    0.008812102    0.019747625    0.008821194
      4   -0.000074657   -0.000075164   -0.000010579   -0.000011087
      4   -0.000000001   -0.000000001   -0.000000001   -0.000000001
      4    0.000101721    0.000104328    0.000011015    0.000013622
      4    0.008621251    0.003748874    0.008786110    0.003913733
      5    0.000000337    0.000000305    0.000000503    0.000000471
      5    0.000009088    0.000009172    0.000001386    0.000001469
      5    0.000009656    0.000009621    0.000000895    0.000000860
      5   -0.000000000   -0.000000000   -0.000000000   -0.000000000
      5   -0.000000480   -0.000000505   -0.000000131   -0.000000155
      5   -0.000000000   -0.000000000   -0.000000000   -0.000000000
      5    0.000000480    0.000000505    0.000000131    0.000000155
      5    0.000244377    0.000616001    0.000273892    0.000645516
      5    0.000009656    0.000009621    0.000000895    0.000000860
      5    0.000000000    0.000000000    0.000000000    0.000000000
      5   -0.000000337   -0.000000304   -0.000000503   -0.000000471
      6    0.000066799    0.000066763   -0.000003643   -0.000003679
      6    0.000064349    0.000064391   -0.000008263   -0.000008221
      6   -0.000000000   -0.000000000   -0.000000000   -0.000000000
      6   -0.000012196   -0.000012264    0.000005469    0.000005401
      6   -0.000005176   -0.000005137   -0.000009893   -0.000009854
      6   -0.000009448   -0.000009404   -0.000007431   -0.000007388
      6   -0.002307653   -0.002247344   -0.002251792   -0.002191483
      6   -0.000009447   -0.000009404   -0.000007431   -0.000007387
      6    0.000000000    0.000000000    0.000000000    0.000000000
      6    0.000012196    0.000012264   -0.000005469   -0.000005401
      6    0.011587083    0.011074299    0.011573386    0.011060602
      6    0.000064349    0.000064391   -0.000008263   -0.000008221
      6    0.000000000    0.000000000    0.000000000    0.000000000
      7    0.000002611    0.000002611   -0.000000254   -0.000000255
      7    0.000000000    0.000000000    0.000000000    0.000000000
      7    0.000001824    0.000001817    0.000000574    0.000000568
      7   -0.000001975   -0.000001985    0.000000364    0.000000354
      7   -0.000007116   -0.000007120   -0.000000246   -0.000000249
      7    0.000000000    0.000000000    0.000000000    0.000000000
      7   -0.000000893   -0.000000895    0.000000008    0.000000005
      7    0.000000000    0.000000000    0.000000000    0.000000000
      7    0.000000893    0.000000895   -0.000000008   -0.000000005
      7    0.000459474    0.000441102    0.000412204    0.000393832
      7   -0.000007116   -0.000007120   -0.000000246   -0.000000249
      7    0.000000000    0.000000000    0.000000000    0.000000000
      7   -0.000001824   -0.000001817   -0.000000574   -0.000000568
      7    0.000515827    0.000487123    0.000501028    0.000472325
      7    0.000002611    0.000002610   -0.000000254   -0.000000255
      8    0.000000000    0.000000000    0.000000000    0.000000000
      8    0.000036563    0.000036560   -0.000005336   -0.000005339
      8   -0.000005669   -0.000005676   -0.000009718   -0.000009725
      8   -0.000036063   -0.000036067   -0.000004417   -0.000004420
      8    0.000000000    0.000000000    0.000000000    0.000000000
      8    0.000027685    0.000027683   -0.000005669   -0.000005671
      8    0.000024886    0.000024881   -0.000003671   -0.000003676
      8    0.000019234    0.000019234    0.000002402    0.000002403
      8   -0.000819373   -0.000800210   -0.000899150   -0.000879987
      8    0.000019234    0.000019234    0.000002402    0.000002403
      8   -0.000000000   -0.000000000   -0.000000000   -0.000000000
      8   -0.000027685   -0.000027683    0.000005669    0.000005671
      8   -0.000041832   -0.000040477    0.000013892    0.000015247
      8   -0.000036063   -0.000036067   -0.000004417   -0.000004420
      8   -0.000000000   -0.000000000   -0.000000000   -0.000000000
      8   -0.000036563   -0.000036559    0.000005336    0.000005339
      8   -0.000569378   -0.000561211   -0.000614581   -0.000606414

                                Moments
          lh             mt         pseudo         npa(s)
           0   -2.587977247  -10.888431979    0.000013884
           1   -0.000000879    0.000011682   -0.000000110
           1   -0.000000000    0.000000002    0.000000000
           1    0.000000879   -0.000011683    0.000000110
           2   -0.000022437   -0.000183393    0.000024286
           2   -0.000022850   -0.000259526    0.000026617
           2    0.005548452    0.001095894   -0.000002479
           2   -0.000022848   -0.000259515    0.000026617
           2    0.000000001   -0.000000000    0.000000000
           3   -0.000000046    0.000002688    0.000000350
           3    0.000000000   -0.000000001    0.000000000
           3    0.000000866    0.000001424   -0.000000219
           3    0.000000000   -0.000000002    0.000000000
           3   -0.000000865   -0.000001418    0.000000219
           3    0.001648729   -0.000366592    0.000007190
           3   -0.000000046    0.000002683    0.000000350
           4   -0.000000001   -0.000000001    0.000000000
           4   -0.000022733    0.000073360    0.000026005
           4   -0.000032975    0.000089609    0.000033153
           4   -0.000004420   -0.000025957   -0.000005663
           4   -0.095272735   -0.012068794   -0.000024680
           4   -0.000004426   -0.000025962   -0.000005663
           4   -0.000000002   -0.000000004    0.000000000
           4    0.000022730   -0.000073366   -0.000026005
           4   -0.042484566   -0.004628777   -0.000016080
           5   -0.000000497    0.000001994    0.000000534
           5    0.000001290    0.000004163    0.000001702
           5   -0.000000544    0.000001414    0.000001245
           5   -0.000000000   -0.000000001   -0.000000000
           5   -0.000000376    0.000001101    0.000000329
           5   -0.000000000   -0.000000001   -0.000000000
           5    0.000000376   -0.000001101   -0.000000329
           5    0.005739809    0.000094693   -0.000013595
           5   -0.000000543    0.000001416    0.000001245
           5    0.000000000   -0.000000002   -0.000000000
           5    0.000000497   -0.000001993   -0.000000534
           6   -0.000000984   -0.000373859   -0.000007033
           6    0.000001142   -0.000602153   -0.000014192
           6    0.000000000   -0.000000001    0.000000000
           6   -0.000001877    0.000388671    0.000010307
           6    0.000001066   -0.000349646   -0.000015328
           6    0.000001185   -0.000468778   -0.000015307
           6    0.001649982   -0.001307329    0.000013241
           6    0.000001185   -0.000468775   -0.000015307
           6    0.000000000    0.000000001   -0.000000000
           6    0.000001878   -0.000388668   -0.000010307
           6   -0.014029215   -0.003354182   -0.000017622
           6    0.000001142   -0.000602147   -0.000014192
           6    0.000000000    0.000000003   -0.000000000
           7   -0.000000013    0.000012936   -0.000000551
           7    0.000000000    0.000000001    0.000000000
           7   -0.000000317   -0.000030606    0.000001914
           7   -0.000000452   -0.000020995    0.000001798
           7   -0.000000183    0.000006969   -0.000000272
           7    0.000000000    0.000000000    0.000000000
           7   -0.000000113   -0.000000347    0.000000025
           7    0.000000000    0.000000003    0.000000000
           7    0.000000113    0.000000345   -0.000000025
           7   -0.000890327   -0.000141538    0.000017918
           7   -0.000000182    0.000006975   -0.000000272
           7    0.000000000    0.000000007    0.000000000
           7    0.000000318    0.000030611   -0.000001914
           7   -0.001391029   -0.000064669    0.000010661
           7   -0.000000013    0.000012939   -0.000000551
           8   -0.000000000    0.000000002    0.000000000
           8   -0.000000285    0.000091959   -0.000003636
           8   -0.000000601    0.000900703   -0.000011127
           8   -0.000000322    0.000942839   -0.000008699
           8   -0.000000000   -0.000000004   -0.000000000
           8   -0.000000180    0.000502239   -0.000007614
           8   -0.000000404    0.000652452   -0.000007917
           8    0.000000034   -0.000611641    0.000005357
           8    0.001645019   -0.001754884    0.000000926
           8    0.000000034   -0.000611636    0.000005357
           8    0.000000000    0.000000016    0.000000000
           8    0.000000179   -0.000502240    0.000007614
           8    0.000116319   -0.000775901   -0.000013104
           8   -0.000000322    0.000942840   -0.000008699
           8   -0.000000000    0.000000010    0.000000000
           8    0.000000285   -0.000091962    0.000003636
           8    0.000701103   -0.002342424   -0.000026866

      type     z         z-n              n(s)
         9     7   1.3142709  .127084434972780

                Coulomb potential at sphere boundaries
                      convoluted                      pseudo
     lh       external          total       external          total
      0    2.553477516    0.806155456    2.553541944    0.806219884
      1   -0.000000000   -0.000000000   -0.000000000   -0.000000000
      1   -0.000000000   -0.000000000   -0.000000000   -0.000000000
      1    0.000000000   -0.000000000    0.000000000   -0.000000000
      2   -0.000093993   -0.000087925   -0.000029770   -0.000023702
      2   -0.000136818   -0.000138385   -0.000035998   -0.000037565
      2   -0.140425554   -0.110933972   -0.140560510   -0.111068928
      2   -0.000136817   -0.000138384   -0.000035997   -0.000037564
      2    0.000000000    0.000000000    0.000000000    0.000000000
      3   -0.000000000   -0.000000000   -0.000000000   -0.000000000
      3   -0.000000000   -0.000000000   -0.000000000   -0.000000000
      3   -0.000000000    0.000000000   -0.000000000   -0.000000000
      3    0.000000000    0.000000000    0.000000000    0.000000000
      3   -0.000000000    0.000000000   -0.000000000    0.000000000
      3    0.000000000    0.000000000   -0.000000000   -0.000000000
      3    0.000000000    0.000000000    0.000000000    0.000000000
      4   -0.000000000   -0.000000000   -0.000000000   -0.000000000
      4   -0.000164431   -0.000163899   -0.000025063   -0.000024532
      4   -0.000256452   -0.000258159   -0.000028935   -0.000030642
      4   -0.000109235   -0.000109553    0.000015306    0.000014989
      4   -0.187967252   -0.180769969   -0.187965822   -0.180768539
      4   -0.000109236   -0.000109553    0.000015306    0.000014988
      4    0.000000000    0.000000000    0.000000000    0.000000000
      4    0.000164431    0.000163899    0.000025063    0.000024532
      4    0.107584273    0.103350099    0.107895743    0.103661569
      5    0.000000000    0.000000000    0.000000000    0.000000000
      5   -0.000000000   -0.000000000   -0.000000000   -0.000000000
      5   -0.000000000   -0.000000000   -0.000000000   -0.000000000
      5    0.000000000    0.000000000    0.000000000    0.000000000
      5    0.000000000    0.000000000    0.000000000    0.000000000
      5    0.000000000    0.000000000    0.000000000    0.000000000
      5   -0.000000000   -0.000000000   -0.000000000   -0.000000000
      5    0.000000000    0.000000000    0.000000000    0.000000000
      5   -0.000000000   -0.000000000   -0.000000000   -0.000000000
      5    0.000000000    0.000000000    0.000000000    0.000000000
      5    0.000000000    0.000000000    0.000000000    0.000000000
      6    0.000121667    0.000121428    0.000004275    0.000004037
      6    0.000128579    0.000128553    0.000004825    0.000004799
      6   -0.000000000   -0.000000000   -0.000000000   -0.000000000
      6   -0.000024454   -0.000024329    0.000000744    0.000000869
      6   -0.000030880   -0.000030572    0.000003382    0.000003690
      6   -0.000053308   -0.000053561    0.000008819    0.000008566
      6   -0.022221626   -0.021515819   -0.022215377   -0.021509571
      6   -0.000053308   -0.000053562    0.000008819    0.000008566
      6    0.000000000    0.000000000    0.000000000    0.000000000
      6    0.000024454    0.000024329   -0.000000744   -0.000000869
      6   -0.016093888   -0.015750194   -0.016088946   -0.015745252
      6    0.000128579    0.000128553    0.000004825    0.000004799
      6   -0.000000000   -0.000000000   -0.000000000   -0.000000000
      7   -0.000000000   -0.000000000    0.000000000    0.000000000
      7   -0.000000000   -0.000000000    0.000000000    0.000000000
      7    0.000000000    0.000000000    0.000000000    0.000000000
      7    0.000000000    0.000000000    0.000000000    0.000000000
      7    0.000000000    0.000000000    0.000000000    0.000000000
      7    0.000000000    0.000000000    0.000000000    0.000000000
      7   -0.000000000   -0.000000000   -0.000000000   -0.000000000
      7    0.000000000    0.000000000   -0.000000000   -0.000000000
      7    0.000000000    0.000000000    0.000000000    0.000000000
      7    0.000000000    0.000000000   -0.000000000   -0.000000000
      7    0.000000000    0.000000000    0.000000000    0.000000000
      7    0.000000000    0.000000000    0.000000000    0.000000000
      7   -0.000000000   -0.000000000   -0.000000000   -0.000000000
      7   -0.000000000   -0.000000000   -0.000000000   -0.000000000
      7   -0.000000000   -0.000000000   -0.000000000   -0.000000000
      8   -0.000000000   -0.000000000   -0.000000000   -0.000000000
      8    0.000071830    0.000071843   -0.000000974   -0.000000962
      8   -0.000006185   -0.000006203   -0.000006651   -0.000006669
      8   -0.000054530   -0.000054533   -0.000002933   -0.000002936
      8    0.000000000    0.000000000    0.000000000    0.000000000
      8    0.000037624    0.000037609   -0.000006704   -0.000006718
      8    0.000020530    0.000020574    0.000003941    0.000003985
      8    0.000011309    0.000011337    0.000012237    0.000012265
      8   -0.009001952   -0.008851936   -0.009101444   -0.008951427
      8    0.000011309    0.000011337    0.000012237    0.000012265
      8   -0.000000000   -0.000000000   -0.000000000   -0.000000000
      8   -0.000037624   -0.000037609    0.000006704    0.000006718
      8    0.002371004    0.002334955    0.002454204    0.002418156
      8   -0.000054530   -0.000054533   -0.000002933   -0.000002936
      8    0.000000000    0.000000000    0.000000000    0.000000000
      8   -0.000071830   -0.000071843    0.000000974    0.000000962
      8   -0.003313175   -0.003244085   -0.003539330   -0.003470240

                                Moments
          lh             mt         pseudo         npa(s)
           0   -1.314270890   -4.740115332   -0.000046025
           1    0.000000000    0.000000000    0.000000000
           1   -0.000000000   -0.000000000   -0.000000000
           1   -0.000000000   -0.000000001   -0.000000000
           2    0.000010328    0.000233530   -0.000048400
           2   -0.000002667    0.000257412   -0.000055867
           2    0.050198859    0.012118272    0.000037782
           2   -0.000002667    0.000257412   -0.000055867
           2   -0.000000000   -0.000000001    0.000000000
           3   -0.000000000   -0.000000000   -0.000000000
           3   -0.000000000   -0.000000000    0.000000000
           3    0.000000000   -0.000000000   -0.000000000
           3   -0.000000000    0.000000000   -0.000000000
           3    0.000000000    0.000000000    0.000000000
           3    0.000000000    0.000000000   -0.000000000
           3    0.000000000    0.000000000   -0.000000000
           4   -0.000000000   -0.000000000    0.000000000
           4    0.000002047    0.000000509   -0.000047351
           4   -0.000006575    0.000031859   -0.000064201
           4   -0.000001222    0.000030873    0.000006632
           4    0.027723508    0.000261069    0.000011497
           4   -0.000001222    0.000030873    0.000006632
           4   -0.000000000    0.000000000    0.000000000
           4   -0.000002047   -0.000000510    0.000047351
           4   -0.016309789   -0.000130646   -0.000037742
           5    0.000000000    0.000000000   -0.000000000
           5    0.000000000    0.000000000   -0.000000000
           5   -0.000000000    0.000000000   -0.000000000
           5    0.000000000    0.000000000   -0.000000000
           5    0.000000000    0.000000000   -0.000000000
           5    0.000000000   -0.000000000    0.000000000
           5   -0.000000000   -0.000000000   -0.000000000
           5    0.000000000    0.000000000   -0.000000000
           5   -0.000000000   -0.000000000    0.000000000
           5    0.000000000    0.000000000   -0.000000000
           5    0.000000000    0.000000000   -0.000000000
           6   -0.000002081   -0.000050792    0.000010734
           6   -0.000000231   -0.000121020    0.000020132
           6   -0.000000000   -0.000000001   -0.000000000
           6    0.000001090    0.000078308   -0.000015179
           6    0.000002688   -0.000132485    0.000020088
           6   -0.000002207   -0.000078357    0.000022184
           6    0.006152464   -0.000145987    0.000000502
           6   -0.000002208   -0.000078357    0.000022184
           6   -0.000000000    0.000000001    0.000000000
           6   -0.000001090   -0.000078307    0.000015179
           6    0.002995954   -0.000586105    0.000057128
           6   -0.000000231   -0.000121018    0.000020132
           6   -0.000000000    0.000000000    0.000000000
           7   -0.000000000   -0.000000000    0.000000000
           7    0.000000000   -0.000000000   -0.000000000
           7   -0.000000000    0.000000000   -0.000000000
           7   -0.000000000    0.000000000   -0.000000000
           7   -0.000000000   -0.000000000   -0.000000000
           7    0.000000000   -0.000000000    0.000000000
           7   -0.000000000   -0.000000000    0.000000000
           7   -0.000000000    0.000000000   -0.000000000
           7    0.000000000   -0.000000000    0.000000000
           7   -0.000000000   -0.000000000    0.000000000
           7    0.000000000    0.000000000   -0.000000000
           7   -0.000000000   -0.000000000    0.000000000
           7   -0.000000000   -0.000000000    0.000000000
           7   -0.000000000   -0.000000000    0.000000000
           7   -0.000000000    0.000000000   -0.000000000
           8   -0.000000000    0.000000000   -0.000000000
           8    0.000000243   -0.000050995    0.000004109
           8   -0.000000354   -0.000056720    0.000011807
           8   -0.000000057    0.000040282    0.000006980
           8    0.000000000   -0.000000001    0.000000000
           8   -0.000000284    0.000026675    0.000006101
           8    0.000000878   -0.000009443    0.000003175
           8    0.000000557   -0.000037185   -0.000004901
           8    0.002959279   -0.000832616    0.000014682
           8    0.000000556   -0.000037185   -0.000004901
           8    0.000000000    0.000000000   -0.000000000
           8    0.000000284   -0.000026675   -0.000006101
           8   -0.000711114    0.000465988    0.000007123
           8   -0.000000057    0.000040281    0.000006980
           8    0.000000000   -0.000000001    0.000000000
           8   -0.000000243    0.000050996   -0.000004109
           8    0.001362895   -0.000320938    0.000022572

      Average of vxc(T) over cell: -1.01496211855078
 Nearest neighbors:
 neighbor  site  type  site  type                       d
        1     1     1     9     9    .2897999999 .2897999999-.5795999999
              2     2     9     9   -.2898000000-.2898000000 .5796000000
              3     3     9     9   -.2449000000-.2449000000 .0000000000
              4     4     9     9   -.2449000000 .2448999999 .0000000000
              5     5     9     9    .2448999999-.2449000000 .0000000000
              6     6     9     9    .2449000000 .2449000000-.0000000000
              7     7     6     6    .0050999999 .5050999999-.4999999999
                          3     3    .4948999999-.0051000000-.4999999999
                          4     4    .4948999999 .5050999999-.4999999999
                          5     5    .0050999999-.0051000000-.4999999999
                          5     5    .0050999999-.0051000000 .5000000000
                          4     4   -.5051000000-.4949000000 .5000000000
                          3     3   -.5051000000-.0051000000 .5000000000
                          6     6    .0050999999-.4949000000 .5000000000
              8     8     5     5   -.4948999999-.5050999999 .4999999999
                          4     4   -.0050999999 .0051000000 .4999999999
                          3     3   -.0050999999-.5050999999 .4999999999
                          6     6   -.4948999999 .0051000000 .4999999999
                          6     6    .5051000000 .0051000000-.5000000000
                          3     3   -.0050999999 .4949000000-.5000000000
                          4     4   -.0050999999 .0051000000-.5000000000
                          5     5    .5051000000 .4949000000-.5000000000
              9     9     1     1   -.2897999999-.2897999999 .5795999999
                          2     2    .2898000000 .2898000000-.5796000000
        2     1     1     5     5    .0449000000-.4652999999 .4203999999
                          4     4   -.4652999999 .0449000000 .4203999999
                          3     3   -.4653000000-.4653000000 .4204000000
                          6     6    .0448999999 .0448999999 .4204000000
              2     2     6     6    .4652999999 .4652999999-.4203999999
                          3     3   -.0449000000-.0449000000-.4203999999
                          4     4   -.0449000000 .4652999999-.4203999999
                          5     5    .4652999999-.0449000000-.4203999999
              3     3     2     2    .0449000000 .0449000000 .4203999999
                          1     1    .4653000000 .4653000000-.4204000000
              4     4     2     2    .0449000000-.4652999999 .4203999999
                          1     1    .4652999999-.0449000000-.4203999999
              5     5     2     2   -.4652999999 .0449000000 .4203999999
                          1     1   -.0449000000 .4652999999-.4203999999
              6     6     2     2   -.4652999999-.4652999999 .4203999999
                          1     1   -.0448999999-.0448999999-.4204000000
              7     7     2     2    .5397999999 .0397999999-.0795999999
                          2     2   -.4602000000 .0397999999-.0795999999
                          1     1   -.0398000000-.5398000000 .0796000000
                          1     1   -.0398000000 .4601999999 .0796000000
              8     8     1     1   -.5397999999-.0397999999 .0795999999
                          1     1    .4602000000-.0397999999 .0795999999
                          2     2    .0398000000-.4601999999-.0796000000
                          2     2    .0398000000 .5398000000-.0796000000
              9     9     6     6   -.2449000000-.2449000000 .0000000000
                          4     4    .2449000000-.2448999999-.0000000000
                          5     5   -.2448999999 .2449000000-.0000000000
                          3     3    .2449000000 .2449000000-.0000000000
        3     1     1     2     2   -.4203999999-.4203999999 .8407999999
              2     2     1     1    .4203999999 .4203999999-.8407999999
              3     3     7     7   -.4948999999 .0051000000 .4999999999
                          8     8    .0050999999 .5050999999-.4999999999
                          8     8    .0050999999-.4949000000 .5000000000
                          7     7    .5051000000 .0051000000-.5000000000
              4     4     7     7   -.4948999999-.5050999999 .4999999999
                          8     8    .0050999999-.0051000000-.4999999999
                          8     8    .0050999999-.0051000000 .5000000000
                          7     7    .5051000000 .4949000000-.5000000000
              5     5     8     8    .4948999999 .5050999999-.4999999999
                          7     7   -.0050999999 .0051000000 .4999999999
                          7     7   -.0050999999 .0051000000-.5000000000
                          8     8   -.5051000000-.4949000000 .5000000000
              6     6     7     7   -.0050999999-.5050999999 .4999999999
                          8     8    .4948999999-.0051000000-.4999999999
                          8     8   -.5051000000-.0051000000 .5000000000
                          7     7   -.0050999999 .4949000000-.5000000000
              7     7     8     8    .4999999999 .4999999999-.9999999999
                          8     8   -.5000000000-.5000000000 1.000000000
              8     8     7     7   -.4999999999-.4999999999 .9999999999
                          7     7    .5000000000 .5000000000-1.000000000
              9     9     7     7   -.2499999999-.7499999999 .4999999999
                          7     7   -.2499999999 .2500000000 .4999999999
                          8     8    .2499999999-.2500000000-.4999999999
                          8     8    .2499999999 .7499999999-.4999999999
                          8     8   -.7500000000-.2500000000 .5000000000
                          8     8    .2499999999-.2500000000 .5000000000
                          7     7   -.2499999999 .2500000000-.5000000000
                          7     7    .7500000000 .2500000000-.5000000000

      Spherical components of potentials at muffin tin radii ...
        t           S                V0
        1   1.7713487 -.640041551595741
        2   1.7713487 -.640041551595460
        3   1.7713487 -.623482936172201
        4   1.7713487 -.623477244890841
        5   1.7713487 -.623477246258425
        6   1.7713487 -.623482937542412
        7   1.7713487 -.608562673042506
        8   1.7713487 -.608562673043392
        9   1.5043259 -.694486804487767

      Potential Summary ...
        t  h           max(dv)       r               rms
        1  1  184.415924198237       1  .000030378381992
           2 -.000000001299966       1  .000000000123308
           3 -.000003451492856       1  .000001436578088
           4 -.000000001299946       1  .000000000123097
           5 -.000000001755471     502  .000000001186798
           6 -.000000000637238     499  .000000000293236
           7 -.000000413983746     499  .000000186114263
           8 -.000000000637092     499  .000000000293054
           9 -.000000000000132     539  .000000000000090
          10 -.000000000005640     538  .000000000003662
          11  .000000000062316     539  .000000000033922
          12  .000000000024024     538  .000000000014226
          13 -.000000109690671     539  .000000064323615
          14  .000000000024027     538  .000000000014226
          15 -.000000000000021     539  .000000000000012
          16  .000000000005656     538  .000000000003672
          17  .000000000000015     129  .000000000000004
          18 -.000000000052423     507  .000000000025754
          19 -.000000000101961     507  .000000000053331
          20  .000000000028350     539  .000000000013053
          21  .000000008841573     539  .000000007963431
          22  .000000000028352     539  .000000000013052
          23  .000000000000016     121  .000000000000006
          24  .000000000052406     507  .000000000025755
          25 -.000000024308433     505  .000000015433489
          26 -.000000000000559     531  .000000000000405
          27 -.000000000000008     132  .000000000000000
          28  .000000000003365     538  .000000000002205
          29 -.000000000015257     539  .000000000007327
          30  .000000000014372     539  .000000000007099
          31  .000000012989238     539  .000000005539243
          32  .000000000014378     539  .000000000007102
          33 -.000000000000006      12  .000000000000000
          34 -.000000000003365     538  .000000000002204
          35 -.000000006142327     539  .000000002517339
          36 -.000000000000562     531  .000000000000407
          37  .000000000006383     531  .000000000005848
          38  .000000000001615     491  .000000000000760
          39  .000000000000010     113  .000000000000000
          40  .000000000005249     539  .000000000003145
          41  .000000000005368     539  .000000000003681
          42  .000000000004526     539  .000000000002339
          43 -.000000006698335     539  .000000003175984
          44  .000000000004527     539  .000000000002339
          45  .000000000000017      55  .000000000000001
          46 -.000000000005251     539  .000000000003146
          47  .000000006557783     539  .000000003309408
          48  .000000000001615     491  .000000000000760
          49 -.000000000000013      32  .000000000000001
          50  .000000000000897     539  .000000000000386
          51  .000000000002182     539  .000000000000790
          52  .000000000005487     539  .000000000002257
          53 -.000000000000009     200  .000000000000000
          54  .000000000001603     539  .000000000000552
          55 -.000000000006282     539  .000000000003425
          56  .000000000005087     539  .000000000002148
          57  .000000001437717     539  .000000000438586
          58  .000000000005085     539  .000000000002147
          59 -.000000000000007     233  .000000000000000
          60 -.000000000001605     539  .000000000000553
          61  .000000002633175     539  .000000001087412
          62  .000000000005487     539  .000000000002257
          63  .000000000000007     172  .000000000000000
          64 -.000000000000900     539  .000000000000388
          65 -.000000000000013      63  .000000000000000
          66  .000000000000798     530  .000000000000745
          67  .000000000003804     539  .000000000002050
          68  .000000000001523     539  .000000000000574
          69 -.000000000000012      25  .000000000000000
          70  .000000000000948     539  .000000000000441
          71 -.000000000004229     539  .000000000001981
          72  .000000000003978     539  .000000000001608
          73 -.000000000508379     535  .000000000320869
          74  .000000000003977     539  .000000000001607
          75 -.000000000000021     217  .000000000000000
          76 -.000000000000949     539  .000000000000441
          77  .000000000109452     489  .000000000059385
          78  .000000000001524     539  .000000000000574
          79  .000000000000016     145  .000000000000000
          80 -.000000000000797     530  .000000000000744
          81  .000000000426070     490  .000000000251603
        2  1  184.415924198246       1  .000030378381925
           2  .000000001299962       1  .000000000123062
           3  .000003451492870       1  .000001436578126
           4  .000000001299956       1  .000000000123252
           5 -.000000001755470     502  .000000001186799
           6 -.000000000637087     499  .000000000293031
           7 -.000000413983768     499  .000000186114252
           8 -.000000000637173     499  .000000000293188
           9  .000000000000135     539  .000000000000079
          10  .000000000005653     538  .000000000003671
          11 -.000000000062315     539  .000000000033921
          12 -.000000000024038     538  .000000000014234
          13  .000000109690728     539  .000000064323655
          14 -.000000000024013     538  .000000000014218
          15 -.000000000000012     539  .000000000000007
          16 -.000000000005622     538  .000000000003653
          17  .000000000000016     101  .000000000000004
          18 -.000000000052408     507  .000000000025750
          19 -.000000000101961     507  .000000000053331
          20  .000000000028361     539  .000000000013057
          21  .000000008841580     539  .000000007963438
          22  .000000000028366     539  .000000000013060
          23 -.000000000000017     539  .000000000000011
          24  .000000000052415     507  .000000000025745
          25 -.000000024308431     505  .000000015433484
          26  .000000000000560     531  .000000000000406
          27 -.000000000000007     229  .000000000000000
          28 -.000000000003367     538  .000000000002206
          29  .000000000015257     539  .000000000007328
          30 -.000000000014372     539  .000000000007099
          31 -.000000012989231     539  .000000005539238
          32 -.000000000014373     539  .000000000007100
          33 -.000000000000008      93  .000000000000002
          34  .000000000003367     538  .000000000002206
          35  .000000006142326     539  .000000002517341
          36  .000000000000557     531  .000000000000404
          37  .000000000006383     531  .000000000005848
          38  .000000000001615     491  .000000000000760
          39  .000000000000009     128  .000000000000000
          40  .000000000005248     539  .000000000003144
          41  .000000000005368     539  .000000000003681
          42  .000000000004532     539  .000000000002341
          43 -.000000006698331     539  .000000003175983
          44  .000000000004530     539  .000000000002341
          45  .000000000000016      13  .000000000000001
          46 -.000000000005250     539  .000000000003145
          47  .000000006557780     539  .000000003309409
          48  .000000000001615     491  .000000000000760
          49 -.000000000000014      66  .000000000000000
          50 -.000000000000897     539  .000000000000386
          51 -.000000000002182     539  .000000000000791
          52 -.000000000005487     539  .000000000002256
          53 -.000000000000009     182  .000000000000000
          54 -.000000000001603     539  .000000000000552
          55  .000000000006282     539  .000000000003425
          56 -.000000000005088     539  .000000000002148
          57 -.000000001437717     539  .000000000438587
          58 -.000000000005086     539  .000000000002148
          59  .000000000000008     299  .000000000000000
          60  .000000000001604     539  .000000000000553
          61 -.000000002633175     539  .000000001087412
          62 -.000000000005486     539  .000000000002256
          63 -.000000000000010     110  .000000000000000
          64  .000000000000899     539  .000000000000387
          65 -.000000000000014      84  .000000000000000
          66  .000000000000797     531  .000000000000745
          67  .000000000003804     539  .000000000002049
          68  .000000000001523     539  .000000000000574
          69 -.000000000000014     259  .000000000000000
          70  .000000000000949     539  .000000000000442
          71 -.000000000004229     539  .000000000001981
          72  .000000000003978     539  .000000000001608
          73 -.000000000508379     535  .000000000320869
          74  .000000000003976     539  .000000000001607
          75 -.000000000000023     211  .000000000000000
          76 -.000000000000950     539  .000000000000442
          77  .000000000109452     489  .000000000059385
          78  .000000000001524     539  .000000000000574
          79  .000000000000015      45  .000000000000000
          80 -.000000000000797     531  .000000000000745
          81  .000000000426070     490  .000000000251603
        3  1  184.420371049793       1  .000030374893575
           2 -.000003197529619       1  .000000841803121
           3 -.000000000846571       1  .000000000189842
           4 -.000003197529575       1  .000000841803085
           5  .000000442006944     539  .000000324100117
           6  .000000000103383     537  .000000000078117
           7 -.000000296982051     502  .000000174327960
           8  .000000000103092     537  .000000000077918
           9  .000000000000203     539  .000000000000120
          10 -.000000080954010     539  .000000050334557
          11  .000000000033656     539  .000000000018927
          12  .000000117988320     539  .000000070080167
          13  .000000000005038     473  .000000000001383
          14  .000000117988316     539  .000000070080167
          15  .000000000000019     343  .000000000000007
          16  .000000080954012     539  .000000050334551
          17  .000000000000030     539  .000000000000006
          18  .000000000035928     539  .000000000025627
          19  .000000046323351     539  .000000026881881
          20  .000000000005266     506  .000000000003155
          21  .000000067998800     506  .000000029844329
          22  .000000000005273     506  .000000000003157
          23 -.000000000000026     539  .000000000000014
          24 -.000000000035894     539  .000000000025616
          25 -.000000018142075     505  .000000008400220
          26  .000000001431906     539  .000000001020746
          27  .000000000000006      12  .000000000000000
          28  .000000007655549     539  .000000003578121
          29 -.000000000003810     539  .000000000001216
          30 -.000000001131039     539  .000000000520149
          31 -.000000000002185     534  .000000000001664
          32 -.000000001131036     539  .000000000520151
          33 -.000000000000008      77  .000000000000000
          34 -.000000007655556     539  .000000003578118
          35 -.000000000020932     539  .000000000010463
          36  .000000001431821     539  .000000001020733
          37  .000000002328966     539  .000000001639949
          38 -.000000000003855     539  .000000000001874
          39 -.000000000000018     539  .000000000000003
          40  .000000000001856     529  .000000000001323
          41 -.000000001228886     539  .000000000979913
          42 -.000000000005186     539  .000000000003030
          43 -.000000000457867     539  .000000000248386
          44 -.000000000005183     539  .000000000003028
          45  .000000000000018      70  .000000000000001
          46 -.000000000001856     529  .000000000001323
          47  .000000006401433     539  .000000003449040
          48 -.000000000003850     539  .000000000001873
          49 -.000000000000049     537  .000000000000029
          50 -.000000000112022     532  .000000000070948
          51 -.000000000008785     539  .000000000003735
          52 -.000000000075552     492  .000000000044091
          53 -.000000000000009      68  .000000000000000
          54 -.000000000843957     539  .000000000367123
          55  .000000000000541     539  .000000000000156
          56  .000000000895959     539  .000000000413277
          57 -.000000000002699       6  .000000000000193
          58  .000000000895961     539  .000000000413278
          59  .000000000000008      93  .000000000000000
          60  .000000000843962     539  .000000000367122
          61 -.000000000000380     533  .000000000000240
          62 -.000000000075553     492  .000000000044100
          63  .000000000000007       4  .000000000000000
          64  .000000000111899     532  .000000000070871
          65  .000000000000539     539  .000000000000138
          66 -.000000000001351     539  .000000000000542
          67 -.000000000593645     489  .000000000321791
          68  .000000000001833     539  .000000000000683
          69 -.000000000000013      20  .000000000000002
          70  .000000000002708     539  .000000000001002
          71 -.000000000546570     539  .000000000371351
          72 -.000000000003566     539  .000000000001468
          73 -.000000002250328     530  .000000002025775
          74 -.000000000003567     539  .000000000001469
          75 -.000000000000024      55  .000000000000001
          76 -.000000000002707     539  .000000000001002
          77 -.000000000574876     529  .000000000485534
          78  .000000000001831     539  .000000000000682
          79  .000000000000039     539  .000000000000016
          80  .000000000001353     539  .000000000000542
          81 -.000000001474646     490  .000000001033772
        4  1  184.420368015813       1  .000030374796319
           2  .000003197725043       1  .000000841903601
           3  .000000000000564     204  .000000000000009
           4 -.000003197724993       1  .000000841903606
           5 -.000000442015540     539  .000000324168180
           6 -.000000000239502     497  .000000000095847
           7 -.000000297330623     502  .000000174372151
           8 -.000000000239586     497  .000000000095872
           9  .000000000000044     309  .000000000000036
          10  .000000080945215     539  .000000050329162
          11  .000000000000022     335  .000000000000007
          12 -.000000117966755     539  .000000070065710
          13  .000000000000060      23  .000000000000005
          14  .000000117966762     539  .000000070065714
          15 -.000000000023174     539  .000000000012325
          16  .000000080945247     539  .000000050329172
          17 -.000000000000024     539  .000000000000005
          18  .000000000020367     506  .000000000015756
          19 -.000000046283071     539  .000000026866669
          20  .000000000005379     509  .000000000002348
          21  .000000067997469     506  .000000029842048
          22  .000000000005389     509  .000000000002352
          23  .000000000000014      44  .000000000000001
          24 -.000000000020379     506  .000000000015754
          25 -.000000018223439     505  .000000008430097
          26 -.000000001427063     539  .000000001018538
          27  .000000000004183     539  .000000000002007
          28 -.000000007635595     539  .000000003567882
          29  .000000000000008     153  .000000000000001
          30  .000000001112956     539  .000000000513894
          31  .000000000000373      33  .000000000000000
          32 -.000000001112963     539  .000000000513897
          33  .000000000000517     539  .000000000000314
          34 -.000000007635602     539  .000000003567881
          35 -.000000000000007     152  .000000000000001
          36  .000000001426981     539  .000000001018522
          37 -.000000002322473     539  .000000001638161
          38  .000000000000584     491  .000000000000265
          39  .000000000000019     539  .000000000000004
          40  .000000000001503     529  .000000000001069
          41  .000000001220778     539  .000000000975679
          42 -.000000000002712     539  .000000000001281
          43 -.000000000458527     539  .000000000248993
          44 -.000000000002713     539  .000000000001281
          45  .000000000000017      43  .000000000000000
          46 -.000000000001503     529  .000000000001068
          47  .000000006409615     539  .000000003453691
          48  .000000000000584     491  .000000000000265
          49 -.000000000000049     536  .000000000000029
          50  .000000000112725     532  .000000000071384
          51 -.000000000000007     146  .000000000000000
          52  .000000000075494     492  .000000000046739
          53  .000000000001652     539  .000000000000717
          54  .000000000839718     539  .000000000365114
          55 -.000000000000008     228  .000000000000000
          56 -.000000000893431     539  .000000000412155
          57 -.000000000002696       2  .000000000000000
          58  .000000000893433     539  .000000000412156
          59  .000000000000527     539  .000000000000248
          60  .000000000839723     539  .000000000365113
          61 -.000000000000007     232  .000000000000000
          62 -.000000000075494     492  .000000000046749
          63 -.000000000001949     539  .000000000000771
          64  .000000000112601     532  .000000000071306
          65 -.000000000000536     539  .000000000000138
          66 -.000000000000330     539  .000000000000171
          67  .000000000592788     489  .000000000320402
          68 -.000000000000905     539  .000000000000401
          69 -.000000000000015      79  .000000000000003
          70 -.000000000001203     539  .000000000000722
          71  .000000000548255     539  .000000000369918
          72 -.000000000000625     490  .000000000000421
          73 -.000000002250855     530  .000000002025725
          74 -.000000000000625     490  .000000000000421
          75 -.000000000000023      44  .000000000000001
          76  .000000000001201     539  .000000000000721
          77 -.000000000576275     529  .000000000487065
          78 -.000000000000904     539  .000000000000401
          79  .000000000000040     539  .000000000000016
          80  .000000000000330     539  .000000000000171
          81 -.000000001476701     490  .000000001034155
        5  1  184.420368015824       1  .000030374796295
           2 -.000003197725052       1  .000000841903673
           3 -.000000000000537     202  .000000000000016
           4  .000003197725014       1  .000000841903663
           5 -.000000442015556     539  .000000324168203
           6 -.000000000239513     497  .000000000095859
           7 -.000000297330637     502  .000000174372220
           8 -.000000000239598     497  .000000000095906
           9  .000000000000051     302  .000000000000018
          10 -.000000080945249     539  .000000050329167
          11 -.000000000000024     335  .000000000000008
          12  .000000117966737     539  .000000070065701
          13  .000000000000053     147  .000000000000019
          14 -.000000117966742     539  .000000070065703
          15  .000000000023179     539  .000000000012328
          16 -.000000080945233     539  .000000050329168
          17  .000000000000024     539  .000000000000008
          18  .000000000020359     506  .000000000015759
          19 -.000000046283063     539  .000000026866662
          20  .000000000005380     509  .000000000002348
          21  .000000067997483     506  .000000029842050
          22  .000000000005388     509  .000000000002351
          23  .000000000000016      34  .000000000000001
          24 -.000000000020372     506  .000000000015773
          25 -.000000018223439     505  .000000008430100
          26  .000000001427067     539  .000000001018536
          27 -.000000000004182     539  .000000000002006
          28  .000000007635602     539  .000000003567875
          29  .000000000000007     124  .000000000000000
          30 -.000000001112956     539  .000000000513892
          31  .000000000000378      38  .000000000000001
          32  .000000001112955     539  .000000000513893
          33 -.000000000000516     539  .000000000000314
          34  .000000007635602     539  .000000003567879
          35 -.000000000000007     201  .000000000000000
          36 -.000000001427140     539  .000000001018547
          37 -.000000002322556     539  .000000001638209
          38  .000000000000584     491  .000000000000265
          39 -.000000000000017     539  .000000000000003
          40  .000000000001503     529  .000000000001069
          41  .000000001220775     539  .000000000975677
          42 -.000000000002714     539  .000000000001281
          43 -.000000000458529     539  .000000000248993
          44 -.000000000002716     539  .000000000001282
          45  .000000000000017      92  .000000000000000
          46 -.000000000001504     529  .000000000001069
          47  .000000006409577     539  .000000003453689
          48  .000000000000585     491  .000000000000265
          49  .000000000000044     536  .000000000000026
          50 -.000000000112476     532  .000000000071228
          51  .000000000000011     199  .000000000000000
          52 -.000000000075495     492  .000000000046740
          53 -.000000000001652     539  .000000000000717
          54 -.000000000839727     539  .000000000365111
          55  .000000000000008       6  .000000000000000
          56  .000000000893428     539  .000000000412154
          57 -.000000000002687       8  .000000000000000
          58 -.000000000893427     539  .000000000412154
          59 -.000000000000527     539  .000000000000248
          60 -.000000000839723     539  .000000000365113
          61  .000000000000006     230  .000000000000000
          62  .000000000075494     492  .000000000046731
          63  .000000000001949     539  .000000000000771
          64 -.000000000112601     532  .000000000071306
          65  .000000000000536     539  .000000000000137
          66 -.000000000000330     539  .000000000000170
          67  .000000000592787     489  .000000000320413
          68 -.000000000000905     539  .000000000000401
          69 -.000000000000017      63  .000000000000002
          70 -.000000000001203     539  .000000000000722
          71  .000000000548259     539  .000000000369920
          72 -.000000000000625     490  .000000000000421
          73 -.000000002250856     530  .000000002025725
          74 -.000000000000625     490  .000000000000421
          75 -.000000000000024      71  .000000000000000
          76  .000000000001202     539  .000000000000722
          77 -.000000000576277     529  .000000000487066
          78 -.000000000000904     539  .000000000000401
          79 -.000000000000039     539  .000000000000015
          80  .000000000000330     539  .000000000000171
          81 -.000000001476698     490  .000000001034226
        6  1  184.420371049797       1  .000030374893552
           2  .000003197529617       1  .000000841803054
           3  .000000000846609       1  .000000000189816
           4  .000003197529596       1  .000000841803079
           5  .000000442006939     539  .000000324100121
           6  .000000000103240     537  .000000000078020
           7 -.000000296982065     502  .000000174327948
           8  .000000000103492     537  .000000000078186
           9 -.000000000000231     539  .000000000000164
          10  .000000080954017     539  .000000050334548
          11 -.000000000033634     539  .000000000018913
          12 -.000000117988327     539  .000000070080175
          13 -.000000000005038     473  .000000000001387
          14 -.000000117988317     539  .000000070080174
          15 -.000000000000016     343  .000000000000004
          16 -.000000080954016     539  .000000050334555
          17  .000000000000019     344  .000000000000005
          18  .000000000035915     539  .000000000025622
          19  .000000046323355     539  .000000026881882
          20  .000000000005264     506  .000000000003155
          21  .000000067998768     506  .000000029844314
          22  .000000000005272     506  .000000000003154
          23  .000000000000018     539  .000000000000007
          24 -.000000000035944     539  .000000000025642
          25 -.000000018142097     505  .000000008400231
          26 -.000000001431905     539  .000000001020745
          27  .000000000000007     258  .000000000000000
          28 -.000000007655570     539  .000000003578122
          29  .000000000003806     539  .000000000001215
          30  .000000001131037     539  .000000000520149
          31  .000000000002187     534  .000000000001665
          32  .000000001131038     539  .000000000520149
          33 -.000000000000007       6  .000000000000000
          34  .000000007655553     539  .000000003578122
          35  .000000000020931     539  .000000000010461
          36 -.000000001431996     539  .000000001020759
          37  .000000002329048     539  .000000001639994
          38 -.000000000003854     539  .000000000001874
          39  .000000000000019     539  .000000000000004
          40  .000000000001856     529  .000000000001323
          41 -.000000001228886     539  .000000000979912
          42 -.000000000005186     539  .000000000003029
          43 -.000000000457870     539  .000000000248386
          44 -.000000000005186     539  .000000000003029
          45  .000000000000017     247  .000000000000001
          46 -.000000000001857     529  .000000000001324
          47  .000000006401396     539  .000000003449037
          48 -.000000000003852     539  .000000000001873
          49  .000000000000048     536  .000000000000028
          50  .000000000111774     532  .000000000070793
          51  .000000000008785     539  .000000000003735
          52  .000000000075552     492  .000000000044091
          53 -.000000000000009     175  .000000000000000
          54  .000000000843968     539  .000000000367121
          55 -.000000000000541     539  .000000000000156
          56 -.000000000895958     539  .000000000413277
          57 -.000000000002697       3  .000000000000193
          58 -.000000000895957     539  .000000000413277
          59  .000000000000007       8  .000000000000000
          60 -.000000000843962     539  .000000000367122
          61  .000000000000380     533  .000000000000240
          62  .000000000075552     492  .000000000044083
          63 -.000000000000007      70  .000000000000000
          64 -.000000000111899     532  .000000000070871
          65 -.000000000000539     539  .000000000000138
          66 -.000000000001351     539  .000000000000542
          67 -.000000000593644     489  .000000000321802
          68  .000000000001833     539  .000000000000683
          69 -.000000000000014     539  .000000000000003
          70  .000000000002708     539  .000000000001002
          71 -.000000000546573     539  .000000000371352
          72 -.000000000003566     539  .000000000001468
          73 -.000000002250327     530  .000000002025774
          74 -.000000000003567     539  .000000000001469
          75 -.000000000000024     201  .000000000000000
          76 -.000000000002707     539  .000000000001002
          77 -.000000000574877     529  .000000000485534
          78  .000000000001831     539  .000000000000682
          79 -.000000000000039     539  .000000000000016
          80  .000000000001353     539  .000000000000542
          81 -.000000001474642     490  .000000001033842
        7  1  184.426234266923       1  .000030385658763
           2 -.000000000096815     539  .000000000086714
           3 -.000000000000455     208  .000000000000006
           4  .000000000096807       1  .000000000086708
           5  .000000000627289     539  .000000000498024
           6  .000000000234637     506  .000000000183131
           7 -.000000209234030     539  .000000133929045
           8  .000000000234649     506  .000000000183112
           9 -.000000000000054     539  .000000000000037
          10 -.000000000004735     539  .000000000002800
          11 -.000000000000016     352  .000000000000000
          12  .000000000010554     539  .000000000006025
          13  .000000000000057     167  .000000000000000
          14 -.000000000010560     539  .000000000006030
          15  .000000255242968     539  .000000151587926
          16 -.000000000004746     539  .000000000002806
          17  .000000000000015     118  .000000000000005
          18  .000000000018800     535  .000000000014945
          19  .000000000100761     539  .000000000061713
          20 -.000000000007123     508  .000000000004455
          21  .000000025870078     539  .000000014713564
          22 -.000000000007122     508  .000000000004457
          23  .000000000000015     255  .000000000000005
          24 -.000000000018810     535  .000000000014954
          25  .000000054751790     539  .000000030446669
          26 -.000000000000519     539  .000000000000231
          27  .000000000000182     524  .000000000000130
          28 -.000000000000795     539  .000000000000544
          29 -.000000000000006      48  .000000000000000
          30 -.000000000000181     538  .000000000000105
          31  .000000000000378      31  .000000000000000
          32  .000000000000182     538  .000000000000106
          33 -.000000005223678     539  .000000002696352
          34 -.000000000000798     539  .000000000000545
          35 -.000000000000007      51  .000000000000000
          36  .000000000000523     539  .000000000000233
          37 -.000000000004087     539  .000000000002453
          38 -.000000000000782     528  .000000000000495
          39  .000000000000010     274  .000000000000000
          40 -.000000000002073     539  .000000000000904
          41 -.000000000006092     539  .000000000003289
          42 -.000000000002856     534  .000000000002297
          43 -.000000003537214     539  .000000002069615
          44 -.000000000002857     534  .000000000002298
          45  .000000000000016      55  .000000000000000
          46  .000000000002069     539  .000000000000902
          47  .000000009228154     539  .000000004654396
          48 -.000000000000783     528  .000000000000495
          49 -.000000000000014     117  .000000000000000
          50  .000000000000292     539  .000000000000130
          51 -.000000000000008      23  .000000000000000
          52 -.000000000001199     539  .000000000000479
          53 -.000000000001591     539  .000000000000658
          54  .000000000000191     539  .000000000000110
          55  .000000000000010     198  .000000000000000
          56 -.000000000000210     539  .000000000000075
          57 -.000000000002692       8  .000000000000000
          58  .000000000000212     539  .000000000000075
          59 -.000000000422486     539  .000000000155312
          60  .000000000000192     539  .000000000000110
          61 -.000000000000008     201  .000000000000000
          62  .000000000001200     539  .000000000000479
          63 -.000000000565091     539  .000000000250432
          64  .000000000000291     539  .000000000000130
          65 -.000000000000014     227  .000000000000000
          66 -.000000000000661     539  .000000000000274
          67 -.000000000003593     539  .000000000001413
          68 -.000000000001991     539  .000000000000810
          69 -.000000000000013     268  .000000000000000
          70 -.000000000000135     539  .000000000000045
          71 -.000000000002302     539  .000000000000841
          72 -.000000000000379     539  .000000000000163
          73 -.000000001453143     539  .000000001285242
          74 -.000000000000378     539  .000000000000163
          75 -.000000000000021     239  .000000000000000
          76  .000000000000135     539  .000000000000045
          77 -.000000000944563     539  .000000000632209
          78 -.000000000001992     539  .000000000000811
          79  .000000000000017      86  .000000000000000
          80  .000000000000651     539  .000000000000271
          81 -.000000001055022     539  .000000000686320
        8  1  184.426234266921       1  .000030385658839
           2  .000000000096827     539  .000000000086728
           3  .000000000000462     203  .000000000000002
           4 -.000000000096817     539  .000000000086718
           5  .000000000627289     539  .000000000498024
           6  .000000000234375     506  .000000000182726
           7 -.000000209233925     539  .000000133928970
           8  .000000000234532     506  .000000000182855
           9  .000000000000071     539  .000000000000040
          10  .000000000004750     539  .000000000002807
          11  .000000000000015     350  .000000000000000
          12 -.000000000010547     539  .000000000006020
          13  .000000000000056      35  .000000000000005
          14  .000000000010558     539  .000000000006029
          15 -.000000255242967     539  .000000151587922
          16  .000000000004746     539  .000000000002806
          17  .000000000000016      10  .000000000000005
          18  .000000000018798     535  .000000000014938
          19  .000000000100761     539  .000000000061713
          20 -.000000000007114     508  .000000000004453
          21  .000000025870093     539  .000000014713573
          22 -.000000000007123     508  .000000000004453
          23 -.000000000000016     355  .000000000000005
          24 -.000000000018777     535  .000000000014929
          25  .000000054751789     539  .000000030446666
          26  .000000000000520     539  .000000000000231
          27 -.000000000000182     523  .000000000000129
          28  .000000000000797     539  .000000000000544
          29 -.000000000000007     250  .000000000000000
          30  .000000000000182     538  .000000000000105
          31  .000000000000371      87  .000000000000001
          32 -.000000000000182     538  .000000000000105
          33  .000000005223678     539  .000000002696352
          34  .000000000000797     539  .000000000000544
          35  .000000000000007      96  .000000000000001
          36 -.000000000000516     539  .000000000000229
          37 -.000000000004087     539  .000000000002453
          38 -.000000000000782     528  .000000000000495
          39  .000000000000010      22  .000000000000000
          40 -.000000000002070     539  .000000000000902
          41 -.000000000006091     539  .000000000003289
          42 -.000000000002854     534  .000000000002296
          43 -.000000003537212     539  .000000002069614
          44 -.000000000002855     534  .000000000002296
          45  .000000000000016      80  .000000000000000
          46  .000000000002072     539  .000000000000903
          47  .000000009228155     539  .000000004654400
          48 -.000000000000782     528  .000000000000495
          49 -.000000000000016     120  .000000000000000
          50 -.000000000000292     539  .000000000000130
          51 -.000000000000006     155  .000000000000000
          52  .000000000001200     539  .000000000000479
          53  .000000000001591     539  .000000000000658
          54 -.000000000000191     539  .000000000000110
          55  .000000000000009      27  .000000000000000
          56  .000000000000210     539  .000000000000075
          57 -.000000000002690       5  .000000000000000
          58 -.000000000000212     539  .000000000000075
          59  .000000000422486     539  .000000000155312
          60 -.000000000000191     539  .000000000000110
          61  .000000000000008     196  .000000000000000
          62 -.000000000001202     539  .000000000000481
          63  .000000000565091     539  .000000000250432
          64 -.000000000000291     539  .000000000000130
          65 -.000000000000012      56  .000000000000000
          66 -.000000000000660     539  .000000000000274
          67 -.000000000003593     539  .000000000001413
          68 -.000000000001992     539  .000000000000811
          69 -.000000000000013       2  .000000000000000
          70 -.000000000000135     539  .000000000000045
          71 -.000000000002302     539  .000000000000841
          72 -.000000000000379     539  .000000000000163
          73 -.000000001453144     539  .000000001285243
          74 -.000000000000378     539  .000000000000163
          75 -.000000000000023     214  .000000000000000
          76  .000000000000134     539  .000000000000045
          77 -.000000000944563     539  .000000000632209
          78 -.000000000001991     539  .000000000000810
          79  .000000000000017     103  .000000000000000
          80  .000000000000672     539  .000000000000278
          81 -.000000001055022     539  .000000000686321
        9  1  25.8090702432086       1  .000058687009826
           2 -.000000000000315     468  .000000000000285
           3 -.000000000000212     469  .000000000000165
           4  .000000000000365     469  .000000000000281
           5 -.000000000743606     469  .000000000470976
           6 -.000000000087425     469  .000000000059649
           7  .000000399836634     469  .000000303583820
           8 -.000000000087409     469  .000000000059643
           9  .000000000000032     255  .000000000000011
          10  .000000000000023     469  .000000000000011
          11 -.000000000000002      25  .000000000000000
          12 -.000000000000005     469  .000000000000002
          13 -.000000000000030     469  .000000000000022
          14 -.000000000000057     469  .000000000000033
          15  .000000000000035     469  .000000000000020
          16 -.000000000000061     469  .000000000000034
          17  .000000000000003      59  .000000000000002
          18 -.000000000037169     469  .000000000020006
          19 -.000000000009498     466  .000000000006509
          20 -.000000000016083     454  .000000000010196
          21 -.000000071786087     469  .000000039246202
          22 -.000000000016085     454  .000000000010197
          23  .000000000000004     339  .000000000000003
          24  .000000000037173     469  .000000000020008
          25  .000000036862708     469  .000000020797316
          26 -.000000000000010     469  .000000000000005
          27  .000000000000002     259  .000000000000000
          28 -.000000000000007     469  .000000000000004
          29 -.000000000000001     161  .000000000000000
          30  .000000000000006     469  .000000000000003
          31  .000000000000088      88  .000000000000003
          32  .000000000000005     469  .000000000000002
          33 -.000000000000002     261  .000000000000000
          34  .000000000000005     469  .000000000000003
          35 -.000000000000001     209  .000000000000000
          36 -.000000000000006     146  .000000000000002
          37  .000000000033395     469  .000000000014844
          38  .000000000027915     469  .000000000012465
          39  .000000000000002     121  .000000000000000
          40 -.000000000016922     469  .000000000007569
          41 -.000000000017597     469  .000000000008334
          42  .000000000015956     469  .000000000007153
          43 -.000000017327394     469  .000000008142420
          44  .000000000015958     469  .000000000007154
          45  .000000000000003       2  .000000000000000
          46  .000000000016922     469  .000000000007569
          47 -.000000001025866     469  .000000000420695
          48  .000000000027915     469  .000000000012466
          49 -.000000000000003     181  .000000000000000
          50  .000000000000014       3  .000000000000000
          51 -.000000000000002     206  .000000000000000
          52 -.000000000000006      59  .000000000000000
          53 -.000000000000002     173  .000000000000000
          54 -.000000000000007      53  .000000000000000
          55 -.000000000000002     216  .000000000000000
          56 -.000000000000005     299  .000000000000000
          57 -.000000000000632      17  .000000000000001
          58  .000000000000002     188  .000000000000000
          59  .000000000000002     103  .000000000000000
          60  .000000000000002     154  .000000000000000
          61  .000000000000002      50  .000000000000000
          62  .000000000000002     143  .000000000000000
          63 -.000000000000002      59  .000000000000000
          64 -.000000000000005      40  .000000000000000
          65 -.000000000000003      55  .000000000000000
          66  .000000000007978     469  .000000000003170
          67  .000000000018718     469  .000000000007363
          68  .000000000010563     469  .000000000004186
          69 -.000000000000003     202  .000000000000000
          70  .000000000012126     469  .000000000004845
          71  .000000000001326     469  .000000000000437
          72 -.000000000008972     469  .000000000003464
          73 -.000000002997383     469  .000000001248620
          74 -.000000000008971     469  .000000000003464
          75 -.000000000000005      53  .000000000000000
          76 -.000000000012126     469  .000000000004845
          77 -.000000000083348     466  .000000000051324
          78  .000000000010563     469  .000000000004186
          79  .000000000000003      75  .000000000000000
          80 -.000000000007978     469  .000000000003170
          81 -.000000000491577     469  .000000000192237

        m1  m2  m3                dv               rms
         0   0   0  .000011145885973  .000000935344303

      Maximum difference in Vr ...
        t     r          max(dVr)
        7     7  .000470832008684

      Maximum difference in Vi ...
        star               max(dVi)
           5 -.000000261193219 -.000000000000948
 Energy Vector
                   Eigenvalue sums
         Valence : -0.18847498732088E+03         -188.474 987 320 8
            Core : -0.11575591800254E+05      -11,575.591 800 253  
                   Coulomb Energy
 n(vc/2-vin)  mt : -0.74329167091564E+04       -7,432.916 709 156 4
 n(vc/2-vin) int :  0.13998675404504E+02           13.998 675 404 5
        -zv(0)/2 : -0.38332188572870E+03         -383.321 885 728 7
           Total : -0.78022399194806E+04       -7,802.239 919 480 6
                   Exchange/Correlation
       n*exc int : -0.13724717702778E+02          -13.724 717 702 7
       n*exc  mt : -0.85804243522176E+03         -858.042 435 221 7
           Total : -0.87176715292453E+03         -871.767 152 924 5
                   Total Energy
               E : -0.20438073859980E+05      -20,438.073 859 979  
 Entropy correction:
       T    =  473.680159
       S    =  .939574969378132
       E(0) = -20438.0752693423
       E(T) = -20438.0738599799
       F(T) = -20438.0766787048
 Miscellaneous contributions to the energy

 Valence Kinetic Energy
               Tv :       2,279.884 287 007 8
 Integral of nv * Vc / 2
     Interstitial :          12.323 265 769 2
     Type       j :                  internal                  external
        1       1          -156.062 022 164 5          24.013 507 270 5
                2             0.000 000 000 0          -0.000 000 000 0
                3             0.000 386 339 1          -0.000 588 466 3
                4             0.000 000 000 0          -0.000 000 000 0
                5             0.000 000 000 1           0.000 000 000 2
                6             0.000 000 000 2           0.000 000 000 2
                7             0.000 572 863 1          -0.000 175 046 0
                8             0.000 000 000 2           0.000 000 000 2
                9             0.000 000 000 0           0.000 000 000 0
               10             0.000 000 000 0          -0.000 000 000 0
               11             0.000 000 000 0          -0.000 000 000 0
               12             0.000 000 000 0          -0.000 000 000 0
               13             0.000 411 505 1          -0.000 642 822 1
               14             0.000 000 000 0          -0.000 000 000 0
               15             0.000 000 000 0           0.000 000 000 0
               16             0.000 000 000 0          -0.000 000 000 0
               17             0.000 000 000 0           0.000 000 000 0
               18             0.000 000 000 1           0.000 000 000 0
               19             0.000 000 000 4           0.000 000 000 0
               20             0.000 000 000 0           0.000 000 000 0
               21             0.000 406 788 6          -0.000 022 255 4
               22             0.000 000 000 0           0.000 000 000 0
               23             0.000 000 000 0           0.000 000 000 0
               24             0.000 000 000 1           0.000 000 000 0
               25             0.000 372 429 3          -0.000 045 953 3
               26             0.000 000 000 0           0.000 000 000 0
               27             0.000 000 000 0           0.000 000 000 0
               28             0.000 000 000 0          -0.000 000 000 0
               29             0.000 000 000 0           0.000 000 000 0
               30             0.000 000 000 0           0.000 000 000 0
               31             0.000 020 125 1          -0.000 056 679 0
               32             0.000 000 000 0           0.000 000 000 0
               33             0.000 000 000 0          -0.000 000 000 0
               34             0.000 000 000 0          -0.000 000 000 0
               35             0.000 000 463 7          -0.000 004 179 5
               36             0.000 000 000 0           0.000 000 000 0
               37             0.000 000 000 0          -0.000 000 000 0
               38             0.000 000 000 0          -0.000 000 000 0
               39             0.000 000 000 0           0.000 000 000 0
               40             0.000 000 000 0          -0.000 000 000 0
               41             0.000 000 000 0          -0.000 000 000 0
               42             0.000 000 000 0           0.000 000 000 0
               43             0.000 004 783 9          -0.000 028 469 0
               44             0.000 000 000 0           0.000 000 000 0
               45             0.000 000 000 0           0.000 000 000 0
               46             0.000 000 000 0          -0.000 000 000 0
               47             0.000 000 258 9          -0.000 002 800 7
               48             0.000 000 000 0          -0.000 000 000 0
               49             0.000 000 000 0           0.000 000 000 0
               50             0.000 000 000 0           0.000 000 000 0
               51             0.000 000 000 0           0.000 000 000 0
               52             0.000 000 000 0           0.000 000 000 0
               53             0.000 000 000 0           0.000 000 000 0
               54             0.000 000 000 0           0.000 000 000 0
               55             0.000 000 000 0           0.000 000 000 0
               56             0.000 000 000 0          -0.000 000 000 0
               57             0.000 000 511 7          -0.000 004 189 8
               58             0.000 000 000 0          -0.000 000 000 0
               59             0.000 000 000 0           0.000 000 000 0
               60             0.000 000 000 0           0.000 000 000 0
               61             0.000 000 000 0           0.000 000 001 6
               62             0.000 000 000 0           0.000 000 000 0
               63             0.000 000 000 0           0.000 000 000 0
               64             0.000 000 000 0           0.000 000 000 0
               65             0.000 000 000 0          -0.000 000 000 0
               66             0.000 000 000 0           0.000 000 000 0
               67             0.000 000 000 0           0.000 000 000 0
               68             0.000 000 000 0           0.000 000 000 0
               69             0.000 000 000 0          -0.000 000 000 0
               70             0.000 000 000 0           0.000 000 000 0
               71             0.000 000 000 0          -0.000 000 000 0
               72             0.000 000 000 0           0.000 000 000 0
               73             0.000 000 093 9          -0.000 001 399 5
               74             0.000 000 000 0           0.000 000 000 0
               75             0.000 000 000 0          -0.000 000 000 0
               76             0.000 000 000 0           0.000 000 000 0
               77             0.000 000 000 2          -0.000 000 002 2
               78             0.000 000 000 0           0.000 000 000 0
               79             0.000 000 000 0           0.000 000 000 0
               80             0.000 000 000 0           0.000 000 000 0
               81             0.000 000 000 1          -0.000 000 004 4
        2       1          -156.062 022 164 5          24.013 507 270 5
                2             0.000 000 000 0          -0.000 000 000 0
                3             0.000 386 339 1          -0.000 588 466 3
                4             0.000 000 000 0          -0.000 000 000 0
                5             0.000 000 000 1           0.000 000 000 2
                6             0.000 000 000 2           0.000 000 000 2
                7             0.000 572 863 1          -0.000 175 046 0
                8             0.000 000 000 2           0.000 000 000 2
                9             0.000 000 000 0           0.000 000 000 0
               10             0.000 000 000 0          -0.000 000 000 0
               11             0.000 000 000 0          -0.000 000 000 0
               12             0.000 000 000 0          -0.000 000 000 0
               13             0.000 411 505 1          -0.000 642 822 1
               14             0.000 000 000 0          -0.000 000 000 0
               15             0.000 000 000 0           0.000 000 000 0
               16             0.000 000 000 0          -0.000 000 000 0
               17             0.000 000 000 0           0.000 000 000 0
               18             0.000 000 000 1           0.000 000 000 0
               19             0.000 000 000 4           0.000 000 000 0
               20             0.000 000 000 0           0.000 000 000 0
               21             0.000 406 788 6          -0.000 022 255 4
               22             0.000 000 000 0           0.000 000 000 0
               23             0.000 000 000 0           0.000 000 000 0
               24             0.000 000 000 1           0.000 000 000 0
               25             0.000 372 429 3          -0.000 045 953 3
               26             0.000 000 000 0           0.000 000 000 0
               27             0.000 000 000 0           0.000 000 000 0
               28             0.000 000 000 0          -0.000 000 000 0
               29             0.000 000 000 0           0.000 000 000 0
               30             0.000 000 000 0           0.000 000 000 0
               31             0.000 020 125 1          -0.000 056 679 0
               32             0.000 000 000 0           0.000 000 000 0
               33             0.000 000 000 0          -0.000 000 000 0
               34             0.000 000 000 0          -0.000 000 000 0
               35             0.000 000 463 7          -0.000 004 179 5
               36             0.000 000 000 0           0.000 000 000 0
               37             0.000 000 000 0          -0.000 000 000 0
               38             0.000 000 000 0          -0.000 000 000 0
               39             0.000 000 000 0           0.000 000 000 0
               40             0.000 000 000 0          -0.000 000 000 0
               41             0.000 000 000 0          -0.000 000 000 0
               42             0.000 000 000 0           0.000 000 000 0
               43             0.000 004 783 9          -0.000 028 469 0
               44             0.000 000 000 0           0.000 000 000 0
               45             0.000 000 000 0           0.000 000 000 0
               46             0.000 000 000 0          -0.000 000 000 0
               47             0.000 000 258 9          -0.000 002 800 7
               48             0.000 000 000 0          -0.000 000 000 0
               49             0.000 000 000 0           0.000 000 000 0
               50             0.000 000 000 0           0.000 000 000 0
               51             0.000 000 000 0           0.000 000 000 0
               52             0.000 000 000 0           0.000 000 000 0
               53             0.000 000 000 0           0.000 000 000 0
               54             0.000 000 000 0           0.000 000 000 0
               55             0.000 000 000 0           0.000 000 000 0
               56             0.000 000 000 0          -0.000 000 000 0
               57             0.000 000 511 7          -0.000 004 189 8
               58             0.000 000 000 0          -0.000 000 000 0
               59             0.000 000 000 0           0.000 000 000 0
               60             0.000 000 000 0           0.000 000 000 0
               61             0.000 000 000 0           0.000 000 001 6
               62             0.000 000 000 0           0.000 000 000 0
               63             0.000 000 000 0           0.000 000 000 0
               64             0.000 000 000 0           0.000 000 000 0
               65             0.000 000 000 0          -0.000 000 000 0
               66             0.000 000 000 0           0.000 000 000 0
               67             0.000 000 000 0           0.000 000 000 0
               68             0.000 000 000 0           0.000 000 000 0
               69             0.000 000 000 0          -0.000 000 000 0
               70             0.000 000 000 0           0.000 000 000 0
               71             0.000 000 000 0          -0.000 000 000 0
               72             0.000 000 000 0           0.000 000 000 0
               73             0.000 000 093 9          -0.000 001 399 5
               74             0.000 000 000 0           0.000 000 000 0
               75             0.000 000 000 0          -0.000 000 000 0
               76             0.000 000 000 0           0.000 000 000 0
               77             0.000 000 000 2          -0.000 000 002 2
               78             0.000 000 000 0           0.000 000 000 0
               79             0.000 000 000 0           0.000 000 000 0
               80             0.000 000 000 0           0.000 000 000 0
               81             0.000 000 000 1          -0.000 000 004 4
        3       1          -156.112 894 216 3          24.188 177 916 0
                2             0.000 040 332 2          -0.000 037 201 4
                3             0.000 000 000 0          -0.000 000 000 0
                4             0.000 040 332 2          -0.000 037 201 4
                5             0.000 268 891 1           0.000 110 152 0
                6             0.000 000 000 1           0.000 000 000 2
                7             0.000 017 892 9          -0.000 003 080 7
                8             0.000 000 000 1           0.000 000 000 2
                9             0.000 000 000 0          -0.000 000 000 0
               10             0.000 009 941 9          -0.000 003 204 0
               11             0.000 000 000 0          -0.000 000 000 0
               12             0.000 012 030 4          -0.000 021 983 0
               13             0.000 000 000 0          -0.000 000 000 0
               14             0.000 012 030 4          -0.000 021 983 0
               15             0.000 000 000 0           0.000 000 000 0
               16             0.000 009 941 9          -0.000 003 204 0
               17             0.000 000 000 0          -0.000 000 000 0
               18             0.000 000 000 1           0.000 000 000 0
               19             0.000 008 726 4          -0.000 014 374 7
               20             0.000 000 000 0           0.000 000 000 0
               21             0.000 749 495 6          -0.000 058 275 9
               22             0.000 000 000 0           0.000 000 000 0
               23             0.000 000 000 0           0.000 000 000 0
               24             0.000 000 000 1           0.000 000 000 0
               25             0.000 074 185 9          -0.000 082 932 4
               26             0.000 001 384 9          -0.000 001 384 8
               27             0.000 000 000 0          -0.000 000 000 0
               28             0.000 000 890 6          -0.000 002 820 8
               29             0.000 000 000 0           0.000 000 000 0
               30             0.000 001 320 8          -0.000 004 375 4
               31             0.000 000 000 0           0.000 000 000 0
               32             0.000 001 320 8          -0.000 004 375 4
               33             0.000 000 000 0           0.000 000 000 0
               34             0.000 000 890 6          -0.000 002 820 8
               35             0.000 000 000 0          -0.000 000 000 0
               36             0.000 001 384 9          -0.000 001 384 8
               37             0.000 000 529 3          -0.000 002 191 6
               38             0.000 000 000 0           0.000 000 000 0
               39             0.000 000 000 0           0.000 000 000 0
               40             0.000 000 000 0          -0.000 000 000 0
               41             0.000 000 192 4          -0.000 000 756 6
               42             0.000 000 000 0          -0.000 000 000 0
               43             0.000 000 050 7          -0.000 000 060 5
               44             0.000 000 000 0          -0.000 000 000 0
               45             0.000 000 000 0           0.000 000 000 0
               46             0.000 000 000 0          -0.000 000 000 0
               47             0.000 000 001 5           0.000 000 025 6
               48             0.000 000 000 0           0.000 000 000 0
               49             0.000 000 000 0           0.000 000 000 0
               50             0.000 000 025 1          -0.000 000 181 8
               51             0.000 000 000 0          -0.000 000 000 0
               52             0.000 000 020 4          -0.000 000 187 4
               53             0.000 000 000 0          -0.000 000 000 0
               54             0.000 000 017 4          -0.000 000 162 3
               55             0.000 000 000 0           0.000 000 000 0
               56             0.000 000 014 8          -0.000 000 150 5
               57             0.000 000 000 0           0.000 000 000 0
               58             0.000 000 014 8          -0.000 000 150 5
               59             0.000 000 000 0          -0.000 000 000 0
               60             0.000 000 017 4          -0.000 000 162 3
               61             0.000 000 000 0           0.000 000 000 0
               62             0.000 000 020 4          -0.000 000 187 4
               63             0.000 000 000 0           0.000 000 000 0
               64             0.000 000 025 1          -0.000 000 181 8
               65             0.000 000 000 0           0.000 000 000 0
               66             0.000 000 000 0          -0.000 000 000 0
               67             0.000 000 003 7          -0.000 000 042 4
               68             0.000 000 000 0           0.000 000 000 0
               69             0.000 000 000 0           0.000 000 000 0
               70             0.000 000 000 0           0.000 000 000 0
               71             0.000 000 001 5          -0.000 000 021 8
               72             0.000 000 000 0           0.000 000 000 0
               73             0.000 000 002 0          -0.000 000 038 2
               74             0.000 000 000 0           0.000 000 000 0
               75             0.000 000 000 0          -0.000 000 000 0
               76             0.000 000 000 0           0.000 000 000 0
               77             0.000 000 002 2          -0.000 000 026 6
               78             0.000 000 000 0           0.000 000 000 0
               79             0.000 000 000 0           0.000 000 000 0
               80             0.000 000 000 0          -0.000 000 000 0
               81             0.000 000 008 6          -0.000 000 124 3
        4       1          -156.112 882 910 0          24.188 221 992 4
                2             0.000 040 369 9          -0.000 037 287 7
                3             0.000 000 000 0           0.000 000 000 0
                4             0.000 040 369 9          -0.000 037 287 7
                5             0.000 268 311 7           0.000 109 620 1
                6             0.000 000 000 2           0.000 000 000 3
                7             0.000 017 933 6          -0.000 003 046 2
                8             0.000 000 000 2           0.000 000 000 3
                9             0.000 000 000 0           0.000 000 000 0
               10             0.000 009 948 0          -0.000 003 210 8
               11             0.000 000 000 0           0.000 000 000 0
               12             0.000 012 028 8          -0.000 021 968 4
               13             0.000 000 000 0          -0.000 000 000 0
               14             0.000 012 028 8          -0.000 021 968 4
               15             0.000 000 000 0           0.000 000 000 0
               16             0.000 009 948 0          -0.000 003 210 8
               17             0.000 000 000 0          -0.000 000 000 0
               18             0.000 000 000 1           0.000 000 000 0
               19             0.000 008 819 6          -0.000 014 377 9
               20             0.000 000 000 0           0.000 000 000 0
               21             0.000 749 751 6          -0.000 058 233 8
               22             0.000 000 000 0           0.000 000 000 0
               23             0.000 000 000 0           0.000 000 000 0
               24             0.000 000 000 1           0.000 000 000 0
               25             0.000 074 154 3          -0.000 082 908 8
               26             0.000 001 385 6          -0.000 001 387 6
               27             0.000 000 000 0           0.000 000 000 0
               28             0.000 000 889 4          -0.000 002 815 8
               29             0.000 000 000 0          -0.000 000 000 0
               30             0.000 001 319 6          -0.000 004 369 3
               31             0.000 000 000 0           0.000 000 000 0
               32             0.000 001 319 6          -0.000 004 369 3
               33             0.000 000 000 0          -0.000 000 000 0
               34             0.000 000 889 4          -0.000 002 815 8
               35             0.000 000 000 0          -0.000 000 000 0
               36             0.000 001 385 6          -0.000 001 387 6
               37             0.000 000 528 6          -0.000 002 191 3
               38             0.000 000 000 0          -0.000 000 000 0
               39             0.000 000 000 0           0.000 000 000 0
               40             0.000 000 000 0          -0.000 000 000 0
               41             0.000 000 191 9          -0.000 000 753 8
               42             0.000 000 000 0           0.000 000 000 0
               43             0.000 000 050 5          -0.000 000 061 1
               44             0.000 000 000 0           0.000 000 000 0
               45             0.000 000 000 0          -0.000 000 000 0
               46             0.000 000 000 0          -0.000 000 000 0
               47             0.000 000 001 5           0.000 000 023 9
               48             0.000 000 000 0          -0.000 000 000 0
               49             0.000 000 000 0           0.000 000 000 0
               50             0.000 000 025 0          -0.000 000 181 7
               51             0.000 000 000 0          -0.000 000 000 0
               52             0.000 000 020 4          -0.000 000 186 7
               53             0.000 000 000 0          -0.000 000 000 0
               54             0.000 000 017 4          -0.000 000 161 9
               55             0.000 000 000 0          -0.000 000 000 0
               56             0.000 000 014 7          -0.000 000 150 2
               57             0.000 000 000 0          -0.000 000 000 0
               58             0.000 000 014 7          -0.000 000 150 2
               59             0.000 000 000 0           0.000 000 000 0
               60             0.000 000 017 4          -0.000 000 161 9
               61             0.000 000 000 0          -0.000 000 000 0
               62             0.000 000 020 4          -0.000 000 186 7
               63             0.000 000 000 0           0.000 000 000 0
               64             0.000 000 025 0          -0.000 000 181 7
               65             0.000 000 000 0           0.000 000 000 0
               66             0.000 000 000 0          -0.000 000 000 0
               67             0.000 000 003 7          -0.000 000 041 9
               68             0.000 000 000 0          -0.000 000 000 0
               69             0.000 000 000 0           0.000 000 000 0
               70             0.000 000 000 0           0.000 000 000 0
               71             0.000 000 001 5          -0.000 000 021 9
               72             0.000 000 000 0           0.000 000 000 0
               73             0.000 000 002 0          -0.000 000 038 2
               74             0.000 000 000 0           0.000 000 000 0
               75             0.000 000 000 0          -0.000 000 000 0
               76             0.000 000 000 0           0.000 000 000 0
               77             0.000 000 002 2          -0.000 000 026 7
               78             0.000 000 000 0          -0.000 000 000 0
               79             0.000 000 000 0           0.000 000 000 0
               80             0.000 000 000 0          -0.000 000 000 0
               81             0.000 000 008 5          -0.000 000 124 0
        5       1          -156.112 882 909 5          24.188 221 992 3
                2             0.000 040 369 9          -0.000 037 287 7
                3             0.000 000 000 0           0.000 000 000 0
                4             0.000 040 369 9          -0.000 037 287 7
                5             0.000 268 311 7           0.000 109 620 1
                6             0.000 000 000 2           0.000 000 000 3
                7             0.000 017 933 6          -0.000 003 046 2
                8             0.000 000 000 2           0.000 000 000 3
                9             0.000 000 000 0           0.000 000 000 0
               10             0.000 009 948 0          -0.000 003 210 8
               11             0.000 000 000 0           0.000 000 000 0
               12             0.000 012 028 8          -0.000 021 968 4
               13             0.000 000 000 0          -0.000 000 000 0
               14             0.000 012 028 8          -0.000 021 968 4
               15             0.000 000 000 0           0.000 000 000 0
               16             0.000 009 948 0          -0.000 003 210 8
               17             0.000 000 000 0          -0.000 000 000 0
               18             0.000 000 000 1           0.000 000 000 0
               19             0.000 008 819 6          -0.000 014 377 9
               20             0.000 000 000 0           0.000 000 000 0
               21             0.000 749 751 6          -0.000 058 233 8
               22             0.000 000 000 0           0.000 000 000 0
               23             0.000 000 000 0           0.000 000 000 0
               24             0.000 000 000 1           0.000 000 000 0
               25             0.000 074 154 3          -0.000 082 908 8
               26             0.000 001 385 6          -0.000 001 387 6
               27             0.000 000 000 0           0.000 000 000 0
               28             0.000 000 889 4          -0.000 002 815 8
               29             0.000 000 000 0          -0.000 000 000 0
               30             0.000 001 319 6          -0.000 004 369 3
               31             0.000 000 000 0           0.000 000 000 0
               32             0.000 001 319 6          -0.000 004 369 3
               33             0.000 000 000 0          -0.000 000 000 0
               34             0.000 000 889 4          -0.000 002 815 8
               35             0.000 000 000 0          -0.000 000 000 0
               36             0.000 001 385 6          -0.000 001 387 6
               37             0.000 000 528 6          -0.000 002 191 3
               38             0.000 000 000 0          -0.000 000 000 0
               39             0.000 000 000 0           0.000 000 000 0
               40             0.000 000 000 0          -0.000 000 000 0
               41             0.000 000 191 9          -0.000 000 753 8
               42             0.000 000 000 0           0.000 000 000 0
               43             0.000 000 050 5          -0.000 000 061 1
               44             0.000 000 000 0           0.000 000 000 0
               45             0.000 000 000 0          -0.000 000 000 0
               46             0.000 000 000 0          -0.000 000 000 0
               47             0.000 000 001 5           0.000 000 023 9
               48             0.000 000 000 0          -0.000 000 000 0
               49             0.000 000 000 0           0.000 000 000 0
               50             0.000 000 025 0          -0.000 000 181 7
               51             0.000 000 000 0          -0.000 000 000 0
               52             0.000 000 020 4          -0.000 000 186 7
               53             0.000 000 000 0          -0.000 000 000 0
               54             0.000 000 017 4          -0.000 000 161 9
               55             0.000 000 000 0          -0.000 000 000 0
               56             0.000 000 014 7          -0.000 000 150 2
               57             0.000 000 000 0          -0.000 000 000 0
               58             0.000 000 014 7          -0.000 000 150 2
               59             0.000 000 000 0           0.000 000 000 0
               60             0.000 000 017 4          -0.000 000 161 9
               61             0.000 000 000 0          -0.000 000 000 0
               62             0.000 000 020 4          -0.000 000 186 7
               63             0.000 000 000 0           0.000 000 000 0
               64             0.000 000 025 0          -0.000 000 181 7
               65             0.000 000 000 0           0.000 000 000 0
               66             0.000 000 000 0          -0.000 000 000 0
               67             0.000 000 003 7          -0.000 000 041 9
               68             0.000 000 000 0          -0.000 000 000 0
               69             0.000 000 000 0           0.000 000 000 0
               70             0.000 000 000 0           0.000 000 000 0
               71             0.000 000 001 5          -0.000 000 021 9
               72             0.000 000 000 0           0.000 000 000 0
               73             0.000 000 002 0          -0.000 000 038 2
               74             0.000 000 000 0           0.000 000 000 0
               75             0.000 000 000 0          -0.000 000 000 0
               76             0.000 000 000 0           0.000 000 000 0
               77             0.000 000 002 2          -0.000 000 026 7
               78             0.000 000 000 0          -0.000 000 000 0
               79             0.000 000 000 0           0.000 000 000 0
               80             0.000 000 000 0          -0.000 000 000 0
               81             0.000 000 008 5          -0.000 000 124 0
        6       1          -156.112 894 215 8          24.188 177 916 0
                2             0.000 040 332 2          -0.000 037 201 4
                3             0.000 000 000 0          -0.000 000 000 0
                4             0.000 040 332 2          -0.000 037 201 4
                5             0.000 268 891 1           0.000 110 152 0
                6             0.000 000 000 1           0.000 000 000 2
                7             0.000 017 892 9          -0.000 003 080 7
                8             0.000 000 000 1           0.000 000 000 2
                9             0.000 000 000 0          -0.000 000 000 0
               10             0.000 009 941 9          -0.000 003 204 0
               11             0.000 000 000 0          -0.000 000 000 0
               12             0.000 012 030 4          -0.000 021 983 0
               13             0.000 000 000 0          -0.000 000 000 0
               14             0.000 012 030 4          -0.000 021 983 0
               15             0.000 000 000 0           0.000 000 000 0
               16             0.000 009 941 9          -0.000 003 204 0
               17             0.000 000 000 0          -0.000 000 000 0
               18             0.000 000 000 1           0.000 000 000 0
               19             0.000 008 726 4          -0.000 014 374 7
               20             0.000 000 000 0           0.000 000 000 0
               21             0.000 749 495 6          -0.000 058 275 9
               22             0.000 000 000 0           0.000 000 000 0
               23             0.000 000 000 0           0.000 000 000 0
               24             0.000 000 000 1           0.000 000 000 0
               25             0.000 074 185 9          -0.000 082 932 4
               26             0.000 001 384 9          -0.000 001 384 8
               27             0.000 000 000 0          -0.000 000 000 0
               28             0.000 000 890 6          -0.000 002 820 8
               29             0.000 000 000 0           0.000 000 000 0
               30             0.000 001 320 8          -0.000 004 375 4
               31             0.000 000 000 0           0.000 000 000 0
               32             0.000 001 320 8          -0.000 004 375 4
               33             0.000 000 000 0           0.000 000 000 0
               34             0.000 000 890 6          -0.000 002 820 8
               35             0.000 000 000 0          -0.000 000 000 0
               36             0.000 001 384 9          -0.000 001 384 8
               37             0.000 000 529 3          -0.000 002 191 6
               38             0.000 000 000 0           0.000 000 000 0
               39             0.000 000 000 0           0.000 000 000 0
               40             0.000 000 000 0          -0.000 000 000 0
               41             0.000 000 192 4          -0.000 000 756 6
               42             0.000 000 000 0          -0.000 000 000 0
               43             0.000 000 050 7          -0.000 000 060 5
               44             0.000 000 000 0          -0.000 000 000 0
               45             0.000 000 000 0           0.000 000 000 0
               46             0.000 000 000 0          -0.000 000 000 0
               47             0.000 000 001 5           0.000 000 025 6
               48             0.000 000 000 0           0.000 000 000 0
               49             0.000 000 000 0           0.000 000 000 0
               50             0.000 000 025 1          -0.000 000 181 8
               51             0.000 000 000 0          -0.000 000 000 0
               52             0.000 000 020 4          -0.000 000 187 4
               53             0.000 000 000 0          -0.000 000 000 0
               54             0.000 000 017 4          -0.000 000 162 3
               55             0.000 000 000 0           0.000 000 000 0
               56             0.000 000 014 8          -0.000 000 150 5
               57             0.000 000 000 0           0.000 000 000 0
               58             0.000 000 014 8          -0.000 000 150 5
               59             0.000 000 000 0          -0.000 000 000 0
               60             0.000 000 017 4          -0.000 000 162 3
               61             0.000 000 000 0           0.000 000 000 0
               62             0.000 000 020 4          -0.000 000 187 4
               63             0.000 000 000 0           0.000 000 000 0
               64             0.000 000 025 1          -0.000 000 181 8
               65             0.000 000 000 0           0.000 000 000 0
               66             0.000 000 000 0          -0.000 000 000 0
               67             0.000 000 003 7          -0.000 000 042 4
               68             0.000 000 000 0           0.000 000 000 0
               69             0.000 000 000 0           0.000 000 000 0
               70             0.000 000 000 0           0.000 000 000 0
               71             0.000 000 001 5          -0.000 000 021 8
               72             0.000 000 000 0           0.000 000 000 0
               73             0.000 000 002 0          -0.000 000 038 2
               74             0.000 000 000 0           0.000 000 000 0
               75             0.000 000 000 0          -0.000 000 000 0
               76             0.000 000 000 0           0.000 000 000 0
               77             0.000 000 002 2          -0.000 000 026 6
               78             0.000 000 000 0           0.000 000 000 0
               79             0.000 000 000 0           0.000 000 000 0
               80             0.000 000 000 0          -0.000 000 000 0
               81             0.000 000 008 6          -0.000 000 124 3
        7       1          -156.277 522 069 9          24.373 227 490 8
                2             0.000 000 000 0           0.000 000 000 0
                3             0.000 000 000 0          -0.000 000 000 0
                4             0.000 000 000 0           0.000 000 000 0
                5             0.000 000 000 1           0.000 000 000 1
                6             0.000 000 000 1           0.000 000 000 2
                7             0.000 006 852 1           0.000 001 463 9
                8             0.000 000 000 1           0.000 000 000 2
                9             0.000 000 000 0           0.000 000 000 0
               10             0.000 000 000 0           0.000 000 000 0
               11             0.000 000 000 0           0.000 000 000 0
               12             0.000 000 000 0           0.000 000 000 0
               13             0.000 000 000 0          -0.000 000 000 0
               14             0.000 000 000 0           0.000 000 000 0
               15             0.000 000 772 5          -0.000 001 412 2
               16             0.000 000 000 0           0.000 000 000 0
               17             0.000 000 000 0           0.000 000 000 0
               18             0.000 000 000 0           0.000 000 000 0
               19             0.000 000 000 2           0.000 000 000 0
               20             0.000 000 000 0           0.000 000 000 0
               21             0.000 540 387 9          -0.000 095 551 4
               22             0.000 000 000 0           0.000 000 000 0
               23             0.000 000 000 0           0.000 000 000 0
               24             0.000 000 000 0           0.000 000 000 0
               25             0.000 090 962 4          -0.000 018 957 5
               26             0.000 000 000 0          -0.000 000 000 0
               27             0.000 000 000 0           0.000 000 000 0
               28             0.000 000 000 0          -0.000 000 000 0
               29             0.000 000 000 0           0.000 000 000 0
               30             0.000 000 000 0           0.000 000 000 0
               31             0.000 000 000 0           0.000 000 000 0
               32             0.000 000 000 0           0.000 000 000 0
               33             0.000 000 140 8           0.000 000 045 0
               34             0.000 000 000 0          -0.000 000 000 0
               35             0.000 000 000 0           0.000 000 000 0
               36             0.000 000 000 0          -0.000 000 000 0
               37             0.000 000 000 0           0.000 000 000 0
               38             0.000 000 000 0          -0.000 000 000 0
               39             0.000 000 000 0          -0.000 000 000 0
               40             0.000 000 000 0          -0.000 000 000 0
               41             0.000 000 000 0          -0.000 000 000 0
               42             0.000 000 000 0          -0.000 000 000 0
               43             0.000 000 003 1          -0.000 000 060 1
               44             0.000 000 000 0          -0.000 000 000 0
               45             0.000 000 000 0           0.000 000 000 0
               46             0.000 000 000 0          -0.000 000 000 0
               47             0.000 000 248 2          -0.000 002 628 0
               48             0.000 000 000 0          -0.000 000 000 0
               49             0.000 000 000 0           0.000 000 000 0
               50             0.000 000 000 0           0.000 000 000 0
               51             0.000 000 000 0           0.000 000 000 0
               52             0.000 000 000 0          -0.000 000 000 0
               53             0.000 000 000 0          -0.000 000 000 0
               54             0.000 000 000 0           0.000 000 000 0
               55             0.000 000 000 0           0.000 000 000 0
               56             0.000 000 000 0          -0.000 000 000 0
               57             0.000 000 000 0           0.000 000 000 0
               58             0.000 000 000 0          -0.000 000 000 0
               59             0.000 000 000 3          -0.000 000 003 3
               60             0.000 000 000 0           0.000 000 000 0
               61             0.000 000 000 0           0.000 000 000 0
               62             0.000 000 000 0          -0.000 000 000 0
               63             0.000 000 000 7          -0.000 000 006 3
               64             0.000 000 000 0           0.000 000 000 0
               65             0.000 000 000 0          -0.000 000 000 0
               66             0.000 000 000 0           0.000 000 000 0
               67             0.000 000 000 0           0.000 000 000 0
               68             0.000 000 000 0           0.000 000 000 0
               69             0.000 000 000 0          -0.000 000 000 0
               70             0.000 000 000 0           0.000 000 000 0
               71             0.000 000 000 0           0.000 000 000 0
               72             0.000 000 000 0           0.000 000 000 0
               73             0.000 000 000 3          -0.000 000 007 6
               74             0.000 000 000 0           0.000 000 000 0
               75             0.000 000 000 0          -0.000 000 000 0
               76             0.000 000 000 0           0.000 000 000 0
               77             0.000 000 000 0           0.000 000 000 0
               78             0.000 000 000 0           0.000 000 000 0
               79             0.000 000 000 0           0.000 000 000 0
               80             0.000 000 000 0           0.000 000 000 0
               81             0.000 000 000 0          -0.000 000 002 2
        8       1          -156.277 522 070 0          24.373 227 490 8
                2             0.000 000 000 0           0.000 000 000 0
                3             0.000 000 000 0          -0.000 000 000 0
                4             0.000 000 000 0           0.000 000 000 0
                5             0.000 000 000 1           0.000 000 000 1
                6             0.000 000 000 1           0.000 000 000 2
                7             0.000 006 852 1           0.000 001 463 9
                8             0.000 000 000 1           0.000 000 000 2
                9             0.000 000 000 0           0.000 000 000 0
               10             0.000 000 000 0           0.000 000 000 0
               11             0.000 000 000 0           0.000 000 000 0
               12             0.000 000 000 0           0.000 000 000 0
               13             0.000 000 000 0          -0.000 000 000 0
               14             0.000 000 000 0           0.000 000 000 0
               15             0.000 000 772 5          -0.000 001 412 2
               16             0.000 000 000 0           0.000 000 000 0
               17             0.000 000 000 0           0.000 000 000 0
               18             0.000 000 000 0           0.000 000 000 0
               19             0.000 000 000 2           0.000 000 000 0
               20             0.000 000 000 0           0.000 000 000 0
               21             0.000 540 387 9          -0.000 095 551 4
               22             0.000 000 000 0           0.000 000 000 0
               23             0.000 000 000 0           0.000 000 000 0
               24             0.000 000 000 0           0.000 000 000 0
               25             0.000 090 962 4          -0.000 018 957 5
               26             0.000 000 000 0          -0.000 000 000 0
               27             0.000 000 000 0           0.000 000 000 0
               28             0.000 000 000 0          -0.000 000 000 0
               29             0.000 000 000 0           0.000 000 000 0
               30             0.000 000 000 0           0.000 000 000 0
               31             0.000 000 000 0           0.000 000 000 0
               32             0.000 000 000 0           0.000 000 000 0
               33             0.000 000 140 8           0.000 000 045 0
               34             0.000 000 000 0          -0.000 000 000 0
               35             0.000 000 000 0           0.000 000 000 0
               36             0.000 000 000 0          -0.000 000 000 0
               37             0.000 000 000 0           0.000 000 000 0
               38             0.000 000 000 0          -0.000 000 000 0
               39             0.000 000 000 0          -0.000 000 000 0
               40             0.000 000 000 0          -0.000 000 000 0
               41             0.000 000 000 0          -0.000 000 000 0
               42             0.000 000 000 0          -0.000 000 000 0
               43             0.000 000 003 1          -0.000 000 060 1
               44             0.000 000 000 0          -0.000 000 000 0
               45             0.000 000 000 0           0.000 000 000 0
               46             0.000 000 000 0          -0.000 000 000 0
               47             0.000 000 248 2          -0.000 002 628 0
               48             0.000 000 000 0          -0.000 000 000 0
               49             0.000 000 000 0           0.000 000 000 0
               50             0.000 000 000 0           0.000 000 000 0
               51             0.000 000 000 0           0.000 000 000 0
               52             0.000 000 000 0          -0.000 000 000 0
               53             0.000 000 000 0          -0.000 000 000 0
               54             0.000 000 000 0           0.000 000 000 0
               55             0.000 000 000 0           0.000 000 000 0
               56             0.000 000 000 0          -0.000 000 000 0
               57             0.000 000 000 0           0.000 000 000 0
               58             0.000 000 000 0          -0.000 000 000 0
               59             0.000 000 000 3          -0.000 000 003 3
               60             0.000 000 000 0           0.000 000 000 0
               61             0.000 000 000 0           0.000 000 000 0
               62             0.000 000 000 0          -0.000 000 000 0
               63             0.000 000 000 7          -0.000 000 006 3
               64             0.000 000 000 0           0.000 000 000 0
               65             0.000 000 000 0          -0.000 000 000 0
               66             0.000 000 000 0           0.000 000 000 0
               67             0.000 000 000 0           0.000 000 000 0
               68             0.000 000 000 0           0.000 000 000 0
               69             0.000 000 000 0          -0.000 000 000 0
               70             0.000 000 000 0           0.000 000 000 0
               71             0.000 000 000 0           0.000 000 000 0
               72             0.000 000 000 0           0.000 000 000 0
               73             0.000 000 000 3          -0.000 000 007 6
               74             0.000 000 000 0           0.000 000 000 0
               75             0.000 000 000 0          -0.000 000 000 0
               76             0.000 000 000 0           0.000 000 000 0
               77             0.000 000 000 0           0.000 000 000 0
               78             0.000 000 000 0           0.000 000 000 0
               79             0.000 000 000 0           0.000 000 000 0
               80             0.000 000 000 0           0.000 000 000 0
               81             0.000 000 000 0          -0.000 000 002 2
        9       1           -11.184 302 271 7           4.705 837 799 5
                2             0.000 000 000 0          -0.000 000 000 0
                3             0.000 000 000 0           0.000 000 000 0
                4             0.000 000 000 0          -0.000 000 000 0
                5             0.000 000 000 2          -0.000 000 000 0
                6             0.000 000 000 6           0.000 000 000 0
                7             0.000 740 432 2          -0.001 558 989 9
                8             0.000 000 000 6           0.000 000 000 0
                9             0.000 000 000 0          -0.000 000 000 0
               10             0.000 000 000 0           0.000 000 000 0
               11             0.000 000 000 0           0.000 000 000 0
               12             0.000 000 000 0          -0.000 000 000 0
               13             0.000 000 000 0          -0.000 000 000 0
               14             0.000 000 000 0          -0.000 000 000 0
               15             0.000 000 000 0          -0.000 000 000 0
               16             0.000 000 000 0           0.000 000 000 0
               17             0.000 000 000 0           0.000 000 000 0
               18             0.000 000 000 0          -0.000 000 000 0
               19             0.000 000 000 0           0.000 000 000 0
               20             0.000 000 000 0          -0.000 000 000 0
               21             0.000 036 101 3          -0.000 508 779 2
               22             0.000 000 000 0          -0.000 000 000 0
               23             0.000 000 000 0          -0.000 000 000 0
               24             0.000 000 000 0          -0.000 000 000 0
               25             0.000 012 761 7          -0.000 171 812 5
               26             0.000 000 000 0           0.000 000 000 0
               27             0.000 000 000 0          -0.000 000 000 0
               28             0.000 000 000 0           0.000 000 000 0
               29             0.000 000 000 0           0.000 000 000 0
               30             0.000 000 000 0           0.000 000 000 0
               31             0.000 000 000 0           0.000 000 000 0
               32             0.000 000 000 0           0.000 000 000 0
               33             0.000 000 000 0           0.000 000 000 0
               34             0.000 000 000 0           0.000 000 000 0
               35             0.000 000 000 0           0.000 000 000 0
               36             0.000 000 000 0           0.000 000 000 0
               37             0.000 000 000 0          -0.000 000 000 0
               38             0.000 000 000 0          -0.000 000 000 0
               39             0.000 000 000 0           0.000 000 000 0
               40             0.000 000 000 0           0.000 000 000 0
               41             0.000 000 000 0           0.000 000 000 0
               42             0.000 000 000 0          -0.000 000 000 0
               43             0.000 000 340 5          -0.000 005 896 8
               44             0.000 000 000 0          -0.000 000 000 0
               45             0.000 000 000 0          -0.000 000 000 0
               46             0.000 000 000 0           0.000 000 000 0
               47             0.000 000 084 2          -0.000 002 079 6
               48             0.000 000 000 0          -0.000 000 000 0
               49             0.000 000 000 0           0.000 000 000 0
               50             0.000 000 000 0          -0.000 000 000 0
               51             0.000 000 000 0           0.000 000 000 0
               52             0.000 000 000 0          -0.000 000 000 0
               53             0.000 000 000 0          -0.000 000 000 0
               54             0.000 000 000 0          -0.000 000 000 0
               55             0.000 000 000 0           0.000 000 000 0
               56             0.000 000 000 0           0.000 000 000 0
               57             0.000 000 000 0           0.000 000 000 0
               58             0.000 000 000 0           0.000 000 000 0
               59             0.000 000 000 0           0.000 000 000 0
               60             0.000 000 000 0           0.000 000 000 0
               61             0.000 000 000 0          -0.000 000 000 0
               62             0.000 000 000 0           0.000 000 000 0
               63             0.000 000 000 0           0.000 000 000 0
               64             0.000 000 000 0           0.000 000 000 0
               65             0.000 000 000 0           0.000 000 000 0
               66             0.000 000 000 0          -0.000 000 000 0
               67             0.000 000 000 0           0.000 000 000 0
               68             0.000 000 000 0           0.000 000 000 0
               69             0.000 000 000 0           0.000 000 000 0
               70             0.000 000 000 0           0.000 000 000 0
               71             0.000 000 000 0           0.000 000 000 0
               72             0.000 000 000 0           0.000 000 000 0
               73             0.000 000 015 7          -0.000 000 513 4
               74             0.000 000 000 0           0.000 000 000 0
               75             0.000 000 000 0          -0.000 000 000 0
               76             0.000 000 000 0           0.000 000 000 0
               77             0.000 000 000 9          -0.000 000 033 2
               78             0.000 000 000 0           0.000 000 000 0
               79             0.000 000 000 0           0.000 000 000 0
               80             0.000 000 000 0          -0.000 000 000 0
               81             0.000 000 003 4          -0.000 000 091 9
    Total                            internal                  external
              j=1 :      -1,260.314 944 992 5         198.232 107 139 1
              j>1 :           0.011 428 300 6          -0.006 408 314 7
    Total
              j=1 :      -1,062.082 837 853 3
              j>1 :           0.005 019 985 8

    Total         :      -1,062.077 817 867 5

 Integral of Ion-core * Vc / 2
     Type         :                  internal                  external
        1         :        -340.782 557 224 0         -28.531 139 489 2
        2         :        -340.782 557 224 0         -28.531 139 489 2
        3         :        -340.497 117 347 1         -28.793 879 608 1
        4         :        -340.497 033 913 3         -28.793 934 925 1
        5         :        -340.497 033 913 5         -28.793 934 925 0
        6         :        -340.497 117 347 3         -28.793 879 608 0
        7         :        -340.238 927 925 5         -29.076 273 356 1
        8         :        -340.238 927 925 6         -29.076 273 356 1
        9         :         -23.373 156 199 3          -6.383 860 720 6
                                     internal                  external
    Total         :      -2,747.404 429 020 0        -236.774 315 477 7

    Total         :      -2,984.178 744 497 8

 MT exchange and correlation
     Type       j
        1       1 :        -105.739 469 667 1
                2 :          -0.000 000 000 0
                3 :          -0.000 102 159 8
                4 :          -0.000 000 000 0
                5 :          -0.000 000 000 0
                6 :          -0.000 000 000 1
                7 :          -0.000 567 178 9
                8 :          -0.000 000 000 1
                9 :          -0.000 000 000 0
               10 :          -0.000 000 000 0
               11 :          -0.000 000 000 0
               12 :          -0.000 000 000 0
               13 :          -0.000 862 076 4
               14 :          -0.000 000 000 0
               15 :          -0.000 000 000 0
               16 :          -0.000 000 000 0
               17 :          -0.000 000 000 0
               18 :          -0.000 000 000 1
               19 :          -0.000 000 000 4
               20 :          -0.000 000 000 0
               21 :          -0.000 529 944 4
               22 :          -0.000 000 000 0
               23 :          -0.000 000 000 0
               24 :          -0.000 000 000 1
               25 :          -0.000 313 783 0
               26 :          -0.000 000 000 0
               27 :          -0.000 000 000 0
               28 :          -0.000 000 000 0
               29 :          -0.000 000 000 0
               30 :          -0.000 000 000 0
               31 :          -0.000 075 200 4
               32 :          -0.000 000 000 0
               33 :          -0.000 000 000 0
               34 :          -0.000 000 000 0
               35 :          -0.000 001 764 3
               36 :          -0.000 000 000 0
               37 :          -0.000 000 000 0
               38 :          -0.000 000 000 0
               39 :          -0.000 000 000 0
               40 :          -0.000 000 000 0
               41 :          -0.000 000 000 0
               42 :          -0.000 000 000 0
               43 :          -0.000 023 063 8
               44 :          -0.000 000 000 0
               45 :          -0.000 000 000 0
               46 :          -0.000 000 000 0
               47 :          -0.000 001 343 5
               48 :          -0.000 000 000 0
               49 :          -0.000 000 000 0
               50 :          -0.000 000 000 0
               51 :          -0.000 000 000 0
               52 :          -0.000 000 000 0
               53 :          -0.000 000 000 0
               54 :          -0.000 000 000 0
               55 :           0.000 000 000 0
               56 :          -0.000 000 000 0
               57 :          -0.000 002 902 6
               58 :          -0.000 000 000 0
               59 :          -0.000 000 000 0
               60 :          -0.000 000 000 0
               61 :          -0.000 000 000 2
               62 :          -0.000 000 000 0
               63 :          -0.000 000 000 0
               64 :          -0.000 000 000 0
               65 :          -0.000 000 000 0
               66 :           0.000 000 000 0
               67 :          -0.000 000 000 0
               68 :          -0.000 000 000 0
               69 :          -0.000 000 000 0
               70 :          -0.000 000 000 0
               71 :          -0.000 000 000 0
               72 :          -0.000 000 000 0
               73 :          -0.000 000 490 3
               74 :          -0.000 000 000 0
               75 :          -0.000 000 000 0
               76 :          -0.000 000 000 0
               77 :          -0.000 000 000 8
               78 :          -0.000 000 000 0
               79 :          -0.000 000 000 0
               80 :           0.000 000 000 0
               81 :          -0.000 000 005 1
        2       1 :        -105.739 469 667 1
                2 :          -0.000 000 000 0
                3 :          -0.000 102 159 8
                4 :          -0.000 000 000 0
                5 :          -0.000 000 000 0
                6 :          -0.000 000 000 1
                7 :          -0.000 567 178 9
                8 :          -0.000 000 000 1
                9 :          -0.000 000 000 0
               10 :          -0.000 000 000 0
               11 :          -0.000 000 000 0
               12 :          -0.000 000 000 0
               13 :          -0.000 862 076 4
               14 :          -0.000 000 000 0
               15 :          -0.000 000 000 0
               16 :          -0.000 000 000 0
               17 :          -0.000 000 000 0
               18 :          -0.000 000 000 1
               19 :          -0.000 000 000 4
               20 :          -0.000 000 000 0
               21 :          -0.000 529 944 4
               22 :          -0.000 000 000 0
               23 :          -0.000 000 000 0
               24 :          -0.000 000 000 1
               25 :          -0.000 313 783 0
               26 :          -0.000 000 000 0
               27 :          -0.000 000 000 0
               28 :          -0.000 000 000 0
               29 :          -0.000 000 000 0
               30 :          -0.000 000 000 0
               31 :          -0.000 075 200 4
               32 :          -0.000 000 000 0
               33 :          -0.000 000 000 0
               34 :          -0.000 000 000 0
               35 :          -0.000 001 764 3
               36 :          -0.000 000 000 0
               37 :          -0.000 000 000 0
               38 :          -0.000 000 000 0
               39 :          -0.000 000 000 0
               40 :          -0.000 000 000 0
               41 :          -0.000 000 000 0
               42 :          -0.000 000 000 0
               43 :          -0.000 023 063 8
               44 :          -0.000 000 000 0
               45 :          -0.000 000 000 0
               46 :          -0.000 000 000 0
               47 :          -0.000 001 343 5
               48 :          -0.000 000 000 0
               49 :          -0.000 000 000 0
               50 :          -0.000 000 000 0
               51 :          -0.000 000 000 0
               52 :          -0.000 000 000 0
               53 :          -0.000 000 000 0
               54 :          -0.000 000 000 0
               55 :           0.000 000 000 0
               56 :          -0.000 000 000 0
               57 :          -0.000 002 902 6
               58 :          -0.000 000 000 0
               59 :          -0.000 000 000 0
               60 :          -0.000 000 000 0
               61 :          -0.000 000 000 2
               62 :          -0.000 000 000 0
               63 :          -0.000 000 000 0
               64 :          -0.000 000 000 0
               65 :          -0.000 000 000 0
               66 :           0.000 000 000 0
               67 :          -0.000 000 000 0
               68 :          -0.000 000 000 0
               69 :          -0.000 000 000 0
               70 :          -0.000 000 000 0
               71 :          -0.000 000 000 0
               72 :          -0.000 000 000 0
               73 :          -0.000 000 490 3
               74 :          -0.000 000 000 0
               75 :          -0.000 000 000 0
               76 :          -0.000 000 000 0
               77 :          -0.000 000 000 8
               78 :          -0.000 000 000 0
               79 :          -0.000 000 000 0
               80 :           0.000 000 000 0
               81 :          -0.000 000 005 1
        3       1 :        -105.746 091 404 0
                2 :          -0.000 008 550 7
                3 :          -0.000 000 000 0
                4 :          -0.000 008 550 7
                5 :          -0.000 159 865 1
                6 :          -0.000 000 000 0
                7 :          -0.000 025 834 2
                8 :          -0.000 000 000 0
                9 :          -0.000 000 000 0
               10 :          -0.000 010 034 0
               11 :          -0.000 000 000 0
               12 :          -0.000 027 663 5
               13 :          -0.000 000 000 0
               14 :          -0.000 027 663 5
               15 :          -0.000 000 000 0
               16 :          -0.000 010 034 0
               17 :          -0.000 000 000 0
               18 :          -0.000 000 000 1
               19 :          -0.000 025 151 3
               20 :          -0.000 000 000 0
               21 :          -0.000 623 180 7
               22 :          -0.000 000 000 0
               23 :          -0.000 000 000 0
               24 :          -0.000 000 000 1
               25 :          -0.000 087 606 5
               26 :          -0.000 005 359 9
               27 :          -0.000 000 000 0
               28 :          -0.000 003 662 8
               29 :          -0.000 000 000 0
               30 :          -0.000 005 306 5
               31 :          -0.000 000 000 0
               32 :          -0.000 005 306 5
               33 :          -0.000 000 000 0
               34 :          -0.000 003 662 8
               35 :          -0.000 000 000 0
               36 :          -0.000 005 359 8
               37 :          -0.000 003 198 7
               38 :          -0.000 000 000 0
               39 :           0.000 000 000 0
               40 :          -0.000 000 000 0
               41 :          -0.000 001 075 9
               42 :          -0.000 000 000 0
               43 :          -0.000 000 226 8
               44 :          -0.000 000 000 0
               45 :          -0.000 000 000 0
               46 :          -0.000 000 000 0
               47 :          -0.000 000 025 3
               48 :          -0.000 000 000 0
               49 :          -0.000 000 000 0
               50 :          -0.000 000 166 3
               51 :          -0.000 000 000 0
               52 :          -0.000 000 148 0
               53 :          -0.000 000 000 0
               54 :          -0.000 000 132 8
               55 :          -0.000 000 000 0
               56 :          -0.000 000 107 2
               57 :          -0.000 000 000 0
               58 :          -0.000 000 107 2
               59 :          -0.000 000 000 0
               60 :          -0.000 000 132 8
               61 :          -0.000 000 000 0
               62 :          -0.000 000 148 0
               63 :           0.000 000 000 0
               64 :          -0.000 000 166 3
               65 :           0.000 000 000 0
               66 :          -0.000 000 000 0
               67 :          -0.000 000 037 4
               68 :          -0.000 000 000 0
               69 :           0.000 000 000 0
               70 :          -0.000 000 000 0
               71 :          -0.000 000 006 4
               72 :          -0.000 000 000 0
               73 :          -0.000 000 032 2
               74 :          -0.000 000 000 0
               75 :           0.000 000 000 0
               76 :          -0.000 000 000 0
               77 :          -0.000 000 007 6
               78 :          -0.000 000 000 0
               79 :          -0.000 000 000 0
               80 :          -0.000 000 000 0
               81 :          -0.000 000 114 9
        4       1 :        -105.746 072 164 9
                2 :          -0.000 008 553 4
                3 :          -0.000 000 000 0
                4 :          -0.000 008 553 4
                5 :          -0.000 159 557 0
                6 :          -0.000 000 000 1
                7 :          -0.000 025 851 5
                8 :          -0.000 000 000 1
                9 :          -0.000 000 000 0
               10 :          -0.000 010 038 4
               11 :          -0.000 000 000 0
               12 :          -0.000 027 660 7
               13 :          -0.000 000 000 0
               14 :          -0.000 027 660 7
               15 :          -0.000 000 000 0
               16 :          -0.000 010 038 4
               17 :          -0.000 000 000 0
               18 :          -0.000 000 000 2
               19 :          -0.000 025 316 4
               20 :          -0.000 000 000 0
               21 :          -0.000 623 429 2
               22 :          -0.000 000 000 0
               23 :          -0.000 000 000 0
               24 :          -0.000 000 000 2
               25 :          -0.000 087 570 8
               26 :          -0.000 005 360 6
               27 :          -0.000 000 000 0
               28 :          -0.000 003 657 7
               29 :          -0.000 000 000 0
               30 :          -0.000 005 301 5
               31 :          -0.000 000 000 0
               32 :          -0.000 005 301 5
               33 :          -0.000 000 000 0
               34 :          -0.000 003 657 7
               35 :          -0.000 000 000 0
               36 :          -0.000 005 360 6
               37 :          -0.000 003 194 2
               38 :          -0.000 000 000 0
               39 :          -0.000 000 000 0
               40 :          -0.000 000 000 0
               41 :          -0.000 001 073 1
               42 :           0.000 000 000 0
               43 :          -0.000 000 226 1
               44 :           0.000 000 000 0
               45 :           0.000 000 000 0
               46 :          -0.000 000 000 0
               47 :          -0.000 000 025 5
               48 :          -0.000 000 000 0
               49 :          -0.000 000 000 0
               50 :          -0.000 000 165 8
               51 :          -0.000 000 000 0
               52 :          -0.000 000 147 7
               53 :          -0.000 000 000 0
               54 :          -0.000 000 132 5
               55 :          -0.000 000 000 0
               56 :          -0.000 000 106 9
               57 :          -0.000 000 000 0
               58 :          -0.000 000 106 9
               59 :          -0.000 000 000 0
               60 :          -0.000 000 132 5
               61 :          -0.000 000 000 0
               62 :          -0.000 000 147 7
               63 :          -0.000 000 000 0
               64 :          -0.000 000 165 9
               65 :          -0.000 000 000 0
               66 :          -0.000 000 000 0
               67 :          -0.000 000 037 3
               68 :          -0.000 000 000 0
               69 :          -0.000 000 000 0
               70 :           0.000 000 000 0
               71 :          -0.000 000 006 3
               72 :          -0.000 000 000 0
               73 :          -0.000 000 032 2
               74 :          -0.000 000 000 0
               75 :           0.000 000 000 0
               76 :           0.000 000 000 0
               77 :          -0.000 000 007 5
               78 :          -0.000 000 000 0
               79 :          -0.000 000 000 0
               80 :          -0.000 000 000 0
               81 :          -0.000 000 114 5
        5       1 :        -105.746 072 164 5
                2 :          -0.000 008 553 4
                3 :          -0.000 000 000 0
                4 :          -0.000 008 553 4
                5 :          -0.000 159 557 0
                6 :          -0.000 000 000 1
                7 :          -0.000 025 851 5
                8 :          -0.000 000 000 1
                9 :           0.000 000 000 0
               10 :          -0.000 010 038 4
               11 :          -0.000 000 000 0
               12 :          -0.000 027 660 7
               13 :          -0.000 000 000 0
               14 :          -0.000 027 660 7
               15 :          -0.000 000 000 0
               16 :          -0.000 010 038 4
               17 :          -0.000 000 000 0
               18 :          -0.000 000 000 2
               19 :          -0.000 025 316 3
               20 :          -0.000 000 000 0
               21 :          -0.000 623 429 2
               22 :          -0.000 000 000 0
               23 :           0.000 000 000 0
               24 :          -0.000 000 000 2
               25 :          -0.000 087 570 7
               26 :          -0.000 005 360 6
               27 :          -0.000 000 000 0
               28 :          -0.000 003 657 7
               29 :          -0.000 000 000 0
               30 :          -0.000 005 301 5
               31 :          -0.000 000 000 0
               32 :          -0.000 005 301 5
               33 :          -0.000 000 000 0
               34 :          -0.000 003 657 7
               35 :          -0.000 000 000 0
               36 :          -0.000 005 360 6
               37 :          -0.000 003 194 3
               38 :          -0.000 000 000 0
               39 :           0.000 000 000 0
               40 :          -0.000 000 000 0
               41 :          -0.000 001 073 1
               42 :           0.000 000 000 0
               43 :          -0.000 000 226 1
               44 :           0.000 000 000 0
               45 :          -0.000 000 000 0
               46 :          -0.000 000 000 0
               47 :          -0.000 000 025 5
               48 :          -0.000 000 000 0
               49 :           0.000 000 000 0
               50 :          -0.000 000 165 9
               51 :          -0.000 000 000 0
               52 :          -0.000 000 147 7
               53 :          -0.000 000 000 0
               54 :          -0.000 000 132 5
               55 :          -0.000 000 000 0
               56 :          -0.000 000 106 9
               57 :          -0.000 000 000 0
               58 :          -0.000 000 106 9
               59 :          -0.000 000 000 0
               60 :          -0.000 000 132 5
               61 :          -0.000 000 000 0
               62 :          -0.000 000 147 7
               63 :          -0.000 000 000 0
               64 :          -0.000 000 165 9
               65 :           0.000 000 000 0
               66 :          -0.000 000 000 0
               67 :          -0.000 000 037 3
               68 :          -0.000 000 000 0
               69 :           0.000 000 000 0
               70 :           0.000 000 000 0
               71 :          -0.000 000 006 3
               72 :          -0.000 000 000 0
               73 :          -0.000 000 032 2
               74 :          -0.000 000 000 0
               75 :          -0.000 000 000 0
               76 :           0.000 000 000 0
               77 :          -0.000 000 007 5
               78 :          -0.000 000 000 0
               79 :           0.000 000 000 0
               80 :          -0.000 000 000 0
               81 :          -0.000 000 114 7
        6       1 :        -105.746 091 403 7
                2 :          -0.000 008 550 7
                3 :          -0.000 000 000 0
                4 :          -0.000 008 550 7
                5 :          -0.000 159 865 1
                6 :          -0.000 000 000 0
                7 :          -0.000 025 834 2
                8 :          -0.000 000 000 0
                9 :           0.000 000 000 0
               10 :          -0.000 010 034 0
               11 :          -0.000 000 000 0
               12 :          -0.000 027 663 5
               13 :          -0.000 000 000 0
               14 :          -0.000 027 663 5
               15 :          -0.000 000 000 0
               16 :          -0.000 010 034 0
               17 :          -0.000 000 000 0
               18 :          -0.000 000 000 1
               19 :          -0.000 025 151 3
               20 :          -0.000 000 000 0
               21 :          -0.000 623 180 7
               22 :          -0.000 000 000 0
               23 :           0.000 000 000 0
               24 :          -0.000 000 000 1
               25 :          -0.000 087 606 4
               26 :          -0.000 005 359 9
               27 :          -0.000 000 000 0
               28 :          -0.000 003 662 8
               29 :          -0.000 000 000 0
               30 :          -0.000 005 306 5
               31 :          -0.000 000 000 0
               32 :          -0.000 005 306 5
               33 :          -0.000 000 000 0
               34 :          -0.000 003 662 8
               35 :          -0.000 000 000 0
               36 :          -0.000 005 359 9
               37 :          -0.000 003 198 8
               38 :          -0.000 000 000 0
               39 :          -0.000 000 000 0
               40 :          -0.000 000 000 0
               41 :          -0.000 001 075 9
               42 :          -0.000 000 000 0
               43 :          -0.000 000 226 8
               44 :          -0.000 000 000 0
               45 :           0.000 000 000 0
               46 :          -0.000 000 000 0
               47 :          -0.000 000 025 3
               48 :          -0.000 000 000 0
               49 :           0.000 000 000 0
               50 :          -0.000 000 166 4
               51 :          -0.000 000 000 0
               52 :          -0.000 000 148 0
               53 :          -0.000 000 000 0
               54 :          -0.000 000 132 8
               55 :          -0.000 000 000 0
               56 :          -0.000 000 107 2
               57 :          -0.000 000 000 0
               58 :          -0.000 000 107 2
               59 :          -0.000 000 000 0
               60 :          -0.000 000 132 8
               61 :          -0.000 000 000 0
               62 :          -0.000 000 148 0
               63 :          -0.000 000 000 0
               64 :          -0.000 000 166 3
               65 :          -0.000 000 000 0
               66 :          -0.000 000 000 0
               67 :          -0.000 000 037 4
               68 :          -0.000 000 000 0
               69 :          -0.000 000 000 0
               70 :          -0.000 000 000 0
               71 :          -0.000 000 006 4
               72 :          -0.000 000 000 0
               73 :          -0.000 000 032 2
               74 :          -0.000 000 000 0
               75 :          -0.000 000 000 0
               76 :          -0.000 000 000 0
               77 :          -0.000 000 007 6
               78 :          -0.000 000 000 0
               79 :           0.000 000 000 0
               80 :          -0.000 000 000 0
               81 :          -0.000 000 115 0
        7       1 :        -105.766 554 632 8
                2 :          -0.000 000 000 0
                3 :          -0.000 000 000 0
                4 :          -0.000 000 000 0
                5 :          -0.000 000 000 0
                6 :          -0.000 000 000 0
                7 :          -0.000 002 375 5
                8 :          -0.000 000 000 0
                9 :          -0.000 000 000 0
               10 :          -0.000 000 000 0
               11 :          -0.000 000 000 0
               12 :          -0.000 000 000 0
               13 :          -0.000 000 000 0
               14 :          -0.000 000 000 0
               15 :          -0.000 000 765 5
               16 :          -0.000 000 000 0
               17 :          -0.000 000 000 0
               18 :          -0.000 000 000 1
               19 :          -0.000 000 000 2
               20 :          -0.000 000 000 0
               21 :          -0.000 425 943 1
               22 :          -0.000 000 000 0
               23 :          -0.000 000 000 0
               24 :          -0.000 000 000 1
               25 :          -0.000 058 461 2
               26 :          -0.000 000 000 0
               27 :          -0.000 000 000 0
               28 :          -0.000 000 000 0
               29 :           0.000 000 000 0
               30 :          -0.000 000 000 0
               31 :          -0.000 000 000 0
               32 :          -0.000 000 000 0
               33 :          -0.000 000 443 0
               34 :          -0.000 000 000 0
               35 :          -0.000 000 000 0
               36 :          -0.000 000 000 0
               37 :          -0.000 000 000 0
               38 :          -0.000 000 000 0
               39 :          -0.000 000 000 0
               40 :          -0.000 000 000 0
               41 :          -0.000 000 000 0
               42 :          -0.000 000 000 0
               43 :          -0.000 000 026 4
               44 :          -0.000 000 000 0
               45 :          -0.000 000 000 0
               46 :          -0.000 000 000 0
               47 :          -0.000 001 545 0
               48 :          -0.000 000 000 0
               49 :           0.000 000 000 0
               50 :          -0.000 000 000 0
               51 :          -0.000 000 000 0
               52 :          -0.000 000 000 0
               53 :          -0.000 000 000 0
               54 :          -0.000 000 000 0
               55 :          -0.000 000 000 0
               56 :          -0.000 000 000 0
               57 :          -0.000 000 000 0
               58 :          -0.000 000 000 0
               59 :          -0.000 000 002 2
               60 :          -0.000 000 000 0
               61 :          -0.000 000 000 0
               62 :          -0.000 000 000 0
               63 :          -0.000 000 005 3
               64 :          -0.000 000 000 0
               65 :           0.000 000 000 0
               66 :          -0.000 000 000 0
               67 :          -0.000 000 000 0
               68 :          -0.000 000 000 0
               69 :          -0.000 000 000 0
               70 :          -0.000 000 000 0
               71 :          -0.000 000 000 0
               72 :          -0.000 000 000 0
               73 :          -0.000 000 010 1
               74 :          -0.000 000 000 0
               75 :          -0.000 000 000 0
               76 :          -0.000 000 000 0
               77 :          -0.000 000 000 3
               78 :          -0.000 000 000 0
               79 :           0.000 000 000 0
               80 :          -0.000 000 000 0
               81 :          -0.000 000 001 9
        8       1 :        -105.766 554 632 8
                2 :          -0.000 000 000 0
                3 :          -0.000 000 000 0
                4 :          -0.000 000 000 0
                5 :          -0.000 000 000 0
                6 :          -0.000 000 000 0
                7 :          -0.000 002 375 5
                8 :          -0.000 000 000 0
                9 :          -0.000 000 000 0
               10 :          -0.000 000 000 0
               11 :          -0.000 000 000 0
               12 :          -0.000 000 000 0
               13 :          -0.000 000 000 0
               14 :          -0.000 000 000 0
               15 :          -0.000 000 765 5
               16 :          -0.000 000 000 0
               17 :          -0.000 000 000 0
               18 :          -0.000 000 000 1
               19 :          -0.000 000 000 2
               20 :          -0.000 000 000 0
               21 :          -0.000 425 943 1
               22 :          -0.000 000 000 0
               23 :          -0.000 000 000 0
               24 :          -0.000 000 000 1
               25 :          -0.000 058 461 2
               26 :          -0.000 000 000 0
               27 :          -0.000 000 000 0
               28 :          -0.000 000 000 0
               29 :           0.000 000 000 0
               30 :          -0.000 000 000 0
               31 :          -0.000 000 000 0
               32 :          -0.000 000 000 0
               33 :          -0.000 000 443 0
               34 :          -0.000 000 000 0
               35 :          -0.000 000 000 0
               36 :          -0.000 000 000 0
               37 :          -0.000 000 000 0
               38 :          -0.000 000 000 0
               39 :          -0.000 000 000 0
               40 :          -0.000 000 000 0
               41 :          -0.000 000 000 0
               42 :          -0.000 000 000 0
               43 :          -0.000 000 026 4
               44 :          -0.000 000 000 0
               45 :          -0.000 000 000 0
               46 :          -0.000 000 000 0
               47 :          -0.000 001 545 0
               48 :          -0.000 000 000 0
               49 :           0.000 000 000 0
               50 :          -0.000 000 000 0
               51 :          -0.000 000 000 0
               52 :          -0.000 000 000 0
               53 :          -0.000 000 000 0
               54 :          -0.000 000 000 0
               55 :          -0.000 000 000 0
               56 :          -0.000 000 000 0
               57 :          -0.000 000 000 0
               58 :          -0.000 000 000 0
               59 :          -0.000 000 002 2
               60 :          -0.000 000 000 0
               61 :          -0.000 000 000 0
               62 :          -0.000 000 000 0
               63 :          -0.000 000 005 3
               64 :          -0.000 000 000 0
               65 :           0.000 000 000 0
               66 :          -0.000 000 000 0
               67 :          -0.000 000 000 0
               68 :          -0.000 000 000 0
               69 :          -0.000 000 000 0
               70 :          -0.000 000 000 0
               71 :          -0.000 000 000 0
               72 :          -0.000 000 000 0
               73 :          -0.000 000 010 1
               74 :          -0.000 000 000 0
               75 :          -0.000 000 000 0
               76 :          -0.000 000 000 0
               77 :          -0.000 000 000 3
               78 :          -0.000 000 000 0
               79 :           0.000 000 000 0
               80 :          -0.000 000 000 0
               81 :          -0.000 000 001 9
        9       1 :         -12.035 057 767 2
                2 :          -0.000 000 000 0
                3 :          -0.000 000 000 0
                4 :          -0.000 000 000 0
                5 :          -0.000 000 000 5
                6 :          -0.000 000 001 0
                7 :          -0.000 707 948 5
                8 :          -0.000 000 001 0
                9 :          -0.000 000 000 0
               10 :          -0.000 000 000 0
               11 :          -0.000 000 000 0
               12 :          -0.000 000 000 0
               13 :          -0.000 000 000 0
               14 :          -0.000 000 000 0
               15 :          -0.000 000 000 0
               16 :          -0.000 000 000 0
               17 :          -0.000 000 000 0
               18 :          -0.000 000 000 0
               19 :          -0.000 000 000 0
               20 :          -0.000 000 000 0
               21 :          -0.000 115 279 0
               22 :          -0.000 000 000 0
               23 :          -0.000 000 000 0
               24 :          -0.000 000 000 0
               25 :          -0.000 042 142 9
               26 :          -0.000 000 000 0
               27 :          -0.000 000 000 0
               28 :          -0.000 000 000 0
               29 :          -0.000 000 000 0
               30 :          -0.000 000 000 0
               31 :           0.000 000 000 0
               32 :           0.000 000 000 0
               33 :          -0.000 000 000 0
               34 :          -0.000 000 000 0
               35 :           0.000 000 000 0
               36 :          -0.000 000 000 0
               37 :          -0.000 000 000 0
               38 :          -0.000 000 000 0
               39 :          -0.000 000 000 0
               40 :          -0.000 000 000 0
               41 :          -0.000 000 000 0
               42 :          -0.000 000 000 0
               43 :          -0.000 001 946 0
               44 :          -0.000 000 000 0
               45 :          -0.000 000 000 0
               46 :          -0.000 000 000 0
               47 :          -0.000 000 575 9
               48 :          -0.000 000 000 0
               49 :          -0.000 000 000 0
               50 :           0.000 000 000 0
               51 :           0.000 000 000 0
               52 :          -0.000 000 000 0
               53 :          -0.000 000 000 0
               54 :           0.000 000 000 0
               55 :          -0.000 000 000 0
               56 :          -0.000 000 000 0
               57 :           0.000 000 000 0
               58 :           0.000 000 000 0
               59 :          -0.000 000 000 0
               60 :           0.000 000 000 0
               61 :           0.000 000 000 0
               62 :          -0.000 000 000 0
               63 :          -0.000 000 000 0
               64 :          -0.000 000 000 0
               65 :          -0.000 000 000 0
               66 :          -0.000 000 000 0
               67 :          -0.000 000 000 0
               68 :          -0.000 000 000 0
               69 :          -0.000 000 000 0
               70 :          -0.000 000 000 0
               71 :          -0.000 000 000 0
               72 :          -0.000 000 000 0
               73 :          -0.000 000 139 0
               74 :          -0.000 000 000 0
               75 :          -0.000 000 000 0
               76 :          -0.000 000 000 0
               77 :          -0.000 000 009 6
               78 :          -0.000 000 000 0
               79 :          -0.000 000 000 0
               80 :          -0.000 000 000 0
               81 :          -0.000 000 034 2

    Total     j>1 :          -0.011 001 717 3
 Delta e(l,t,n)
  2 Energy Set(s), LMAX =  8
  Type   Set
     1     1
 ebar-el     -0.00000     -0.00000     -0.06206     -0.00000     -0.00000
             -0.00000     -0.00000     -0.00000     -0.00000
 emix-el      0.00000      0.00000     -0.06206      0.00000      0.00000
              0.00000      0.00000      0.00000      0.00000
     1     2
 ebar-el      0.01335      0.01771      0.00000     -0.00002      0.00000
              0.00000      0.00001      0.00000      0.00000
 emix-el      0.01335      0.01771      0.00000      0.00000      0.00000
              0.00000      0.00000      0.00000      0.00000
     2     1
 ebar-el     -0.00000     -0.00000     -0.06206     -0.00000     -0.00000
             -0.00000     -0.00000     -0.00000     -0.00000
 emix-el      0.00000      0.00000     -0.06206      0.00000      0.00000
              0.00000      0.00000      0.00000      0.00000
     2     2
 ebar-el      0.01335      0.01771      0.00000     -0.00002      0.00000
              0.00000      0.00001      0.00000      0.00000
 emix-el      0.01335      0.01771      0.00000      0.00000      0.00000
              0.00000      0.00000      0.00000      0.00000
     3     1
 ebar-el     -0.00000     -0.00000     -0.06229      0.00000     -0.00000
             -0.00000     -0.00000     -0.00000     -0.00000
 emix-el      0.00000      0.00000     -0.06229      0.00000      0.00000
              0.00000      0.00000      0.00000      0.00000
     3     2
 ebar-el      0.01751      0.02049      0.00000     -0.00000      0.00001
              0.00001      0.00001      0.00000      0.00000
 emix-el      0.01751      0.02049      0.00000      0.00000      0.00000
              0.00000      0.00000      0.00000      0.00000
     4     1
 ebar-el     -0.00000     -0.00000     -0.06229      0.00000     -0.00000
             -0.00000     -0.00000     -0.00000     -0.00000
 emix-el      0.00000      0.00000     -0.06229      0.00000      0.00000
              0.00000      0.00000      0.00000      0.00000
     4     2
 ebar-el      0.01745      0.02035      0.00000     -0.00000      0.00001
              0.00001      0.00001      0.00000      0.00000
 emix-el      0.01745      0.02035      0.00000      0.00000      0.00000
              0.00000      0.00000      0.00000      0.00000
     5     1
 ebar-el     -0.00000     -0.00000     -0.06229      0.00000     -0.00000
             -0.00000     -0.00000     -0.00000     -0.00000
 emix-el      0.00000      0.00000     -0.06229      0.00000      0.00000
              0.00000      0.00000      0.00000      0.00000
     5     2
 ebar-el      0.01745      0.02035      0.00000     -0.00000      0.00001
              0.00001      0.00001      0.00000      0.00000
 emix-el      0.01745      0.02035      0.00000      0.00000      0.00000
              0.00000      0.00000      0.00000      0.00000
     6     1
 ebar-el     -0.00000     -0.00000     -0.06229      0.00000     -0.00000
             -0.00000     -0.00000     -0.00000     -0.00000
 emix-el      0.00000      0.00000     -0.06229      0.00000      0.00000
              0.00000      0.00000      0.00000      0.00000
     6     2
 ebar-el      0.01751      0.02049      0.00000     -0.00000      0.00001
              0.00001      0.00001      0.00000      0.00000
 emix-el      0.01751      0.02049      0.00000      0.00000      0.00000
              0.00000      0.00000      0.00000      0.00000
     7     1
 ebar-el     -0.00000     -0.00000     -0.06529      0.00000      0.00000
              0.00000      0.00000      0.00000      0.00000
 emix-el      0.00000      0.00000     -0.06529      0.00000      0.00000
              0.00000      0.00000      0.00000      0.00000
     7     2
 ebar-el      0.01764      0.01955      0.00001      0.00000      0.00000
              0.00001      0.00000      0.00000      0.00000
 emix-el      0.01764      0.01955      0.00000      0.00000      0.00000
              0.00000      0.00000      0.00000      0.00000
     8     1
 ebar-el     -0.00000     -0.00000     -0.06529      0.00000      0.00000
              0.00000      0.00000      0.00000      0.00000
 emix-el      0.00000      0.00000     -0.06529      0.00000      0.00000
              0.00000      0.00000      0.00000      0.00000
     8     2
 ebar-el      0.01764      0.01955      0.00001      0.00000      0.00000
              0.00001      0.00000      0.00000      0.00000
 emix-el      0.01764      0.01955      0.00000      0.00000      0.00000
              0.00000      0.00000      0.00000      0.00000
     9     1
 ebar-el      0.00000     -0.00000      0.00000      0.00000     -0.00000
             -0.00000     -0.00000      0.00000     -0.00001
 emix-el      0.00000      0.00000      0.00000      0.00000      0.00000
              0.00000      0.00000      0.00000      0.00000
     9     2
 ebar-el     -0.00004      0.00003     -0.00001      0.00000      0.00000
              0.00000      0.00000      0.00000      0.00001
 emix-el      0.00000      0.00000      0.00000      0.00000      0.00000
              0.00000      0.00000      0.00000      0.00000
  ebar:
  .429229033  .566038219  .711641683  .427954622  .392698204  .370468746  .367447954
  .375448966  .372456271
 -5.38907509 -2.92927484 -.397146490 -.620422176 -1.24420093 -1.96986188 -2.76599070
 -3.02623742 -3.14365058
  emix:
  .429230597  .566040843  .711641856  .427954785  .392698701  .370469432  .367448756
  .375449660  .372456706
 -5.38907575 -2.92927555 -.397147412 -.620404290 -1.24420170 -1.96986667 -2.76599607
 -3.02624059 -3.14365144

 Broydn:
    itr         fsq      length        ierr
      9  9.8961E-15      624959           0


 Time in conpot in minutes:

        Conv     Moments     Mad con      Pd exp    V(S) (2)   Ipot/V(S)
        0.00        0.00        0.00        0.00        0.00        0.01
         Ixc       MTpot        MTxc       NNlst        PlVN      CutMTp
        0.00        0.00        0.00        0.00        0.03        0.00
    O-I diff     Mix O-I
        0.00        0.00
 TIME: conpot:      6.571m in,      0.078m added,      6.649m total

 TIME: rspt:      0.004m in,      6.645m added,      6.649m total

 Cpulog for DIAGONAL:
             Total          Cholesky

            .08897            .01162

