 (i6, f12.0, f18.0, f8.3, i6)
   665  60.0000000  0.02500000000000  26.000     2
 (3e22.14)
  2.89367842428521e-06  3.03926416341748e-06  3.19217416628354e-06
  3.35277687848344e-06  3.52145927786660e-06  3.69862780649627e-06
  3.88470934946756e-06  4.08015226293345e-06  4.28542745381153e-06
  4.50102951376806e-06  4.72747791020820e-06  4.96531823713256e-06
  5.21512352887446e-06  5.47749563986777e-06  5.75306669377661e-06
  6.04250060544967e-06  6.34649467939119e-06  6.66578128853998e-06
  7.00112963747166e-06  7.35334761414569e-06  7.72328373479453e-06
  8.11182918647646e-06  8.51991997233088e-06  8.94853916459905e-06
  9.39871927087976e-06  9.87154471926338e-06  1.03681544683683e-05
  1.08897447484644e-05  1.14375719403889e-05  1.20129555990215e-05
  1.26172816287267e-05  1.32520056182669e-05  1.39186563432849e-05
  1.46188394446772e-05  1.53542412918116e-05  1.61266330396678e-05
  1.69378748899152e-05  1.77899205658156e-05  1.86848220120296e-05
  1.96247343303171e-05  2.06119209631697e-05  2.16487591376885e-05
  2.27377455828524e-05  2.38815025337727e-05  2.50827840375071e-05
  2.63444825752814e-05  2.76696360173776e-05  2.90614349268731e-05
  3.05232302302389e-05  3.20585412727386e-05  3.36710642782369e-05
  3.53646812334886e-05  3.71434692183272e-05  3.90117102039082e-05
  4.09739013427574e-05  4.30347657748026e-05  4.51992639759006e-05
  4.74726056751944e-05  4.98602623706660e-05  5.23679804720816e-05
  5.50017951032862e-05  5.77680445965174e-05  6.06733857136336e-05
  6.37248096303146e-05  6.69296587219224e-05  7.02956441903577e-05
  7.38308645751097e-05  7.75438251913121e-05  8.14434585426523e-05
  8.55391457566040e-05  8.98407390940114e-05  9.43585855861684e-05
  9.91035518561691e-05  1.04087050183171e-04  1.09321065872525e-04
  1.14818185995701e-04  1.20591629570317e-04  1.26655279249799e-04
  1.33023714600554e-04  1.39712247043729e-04  1.46736956546192e-04
  1.54114730147044e-04  1.61863302411966e-04  1.70001297910601e-04
  1.78548275819338e-04  1.87524776753339e-04  1.96952371941489e-04
  2.06853714858437e-04  2.17252595438263e-04  2.28173996996761e-04
  2.39644155998678e-04  2.51690624809431e-04  2.64342337583162e-04
  2.77629679438333e-04  2.91584559090291e-04  3.06240485106687e-04
  3.21632645970826e-04  3.37797994138703e-04  3.54775334290198e-04
  3.72605415981151e-04  3.91331030916763e-04  4.10997115072547e-04
  4.31650855908018e-04  4.53341804918860e-04  4.76121995800739e-04
  5.00046068493854e-04  5.25171399407234e-04  5.51558238123183e-04
  5.79269850906027e-04  6.08372671349142e-04  6.38936458516543e-04
  6.71034462944228e-04  7.04743600897530e-04  7.40144637280585e-04
  7.77322377639457e-04  8.16365869692234e-04  8.57368614868943e-04
  9.00428790345109e-04  9.45649482091570e-04  9.93138929478414e-04
  1.04301078200701e-03  1.09538436875754e-03  1.15038498119041e-03
  1.20814416993751e-03  1.26880005629470e-03  1.33249765911036e-03
  1.39938923784704e-03  1.46963465259202e-03  1.54340174185629e-03
  1.62086671902431e-03  1.70221458837544e-03  1.78763958161760e-03
  1.87734561595552e-03  1.97154677471670e-03  2.07046781166073e-03
  2.17434468010204e-03  2.28342508806915e-03  2.39796908074987e-03
  2.51824965156820e-03  2.64455338324660e-03  2.77718112035589e-03
  2.91644867481498e-03  3.06268756599530e-03  3.21624579704861e-03
  3.37748866924135e-03  3.54679963610453e-03  3.72458119933112e-03
  3.91125584840653e-03  4.10726704610379e-03  4.31308026199235e-03
  4.52918405633067e-03  4.75609121666140e-03  4.99433994971947e-03
  5.24449513120881e-03  5.50714961626063e-03  5.78292561342125e-03
  6.07247612521179e-03  6.37648645837850e-03  6.69567580718567e-03
  7.03079891311512e-03  7.38264780469661e-03  7.75205362108458e-03
  8.13988852347647e-03  8.54706769834979e-03  8.97455145691335e-03
  9.42334743520181e-03  9.89451289954907e-03  1.03891571622777e-02
  1.09084441128119e-02  1.14535948694071e-02  1.20258905572766e-02
  1.26266752186669e-02  1.32573588612225e-02  1.39194206507321e-02
  1.46144122550253e-02  1.53439613457957e-02  1.61097752656076e-02
  1.69136448674570e-02  1.77574485348462e-02  1.86431563902352e-02
  1.95728347006906e-02  2.05486504890775e-02  2.15728763604354e-02
  2.26478955526670e-02  2.37762072217517e-02  2.49604319716246e-02
  2.62033176395886e-02  2.75077453482279e-02  2.88767358357040e-02
  3.03134560760527e-02  3.18212262024887e-02  3.34035267461794e-02
  3.50640062043680e-02  3.68064889514887e-02  3.86349835080386e-02
  4.05536911817755e-02  4.25670150974439e-02  4.46795696301277e-02
  4.68961902600524e-02  4.92219438648289e-02  5.16621394679157e-02
  5.42223394609631e-02  5.69083713194111e-02  5.97263398305726e-02
  6.26826398547660e-02  6.57839696396098e-02  6.90373447098384e-02
  7.24501123531872e-02  7.60299667267336e-02  7.97849646049967e-02
  8.37235417952070e-02  8.78545302429585e-02  9.21871758539127e-02
  9.67311570565070e-02  1.01496604132442e-01  1.06494119340362e-01
  1.11734797861541e-01  1.17230249592527e-01  1.22992621815891e-01
  1.29034622773989e-01  1.35369546177275e-01  1.42011296673954e-01
  1.48974416311366e-01  1.56274112017299e-01  1.63926284131798e-01
  1.71947556016628e-01  1.80355304774605e-01  1.89167693103037e-01
  1.98403702315480e-01  2.08083166553649e-01  2.18226808221978e-01
  2.28856274667485e-01  2.39994176132691e-01  2.51664125003993e-01
  2.63890776380628e-01  2.76699869981616e-01  2.90118273415666e-01
  3.04174026822726e-01  3.18896388912267e-01  3.34315884399027e-01
  3.50464352854328e-01  3.67374998971260e-01  3.85082444249102e-01
  4.03622780090524e-01  4.23033622307821e-01  4.43354167017993e-01
  4.64625247917939e-01  4.86889394898868e-01  5.10190893986378e-01
  5.34575848545669e-01  5.60092241720360e-01  5.86790000034554e-01
  6.14721058097917e-01  6.43939424329122e-01  6.74501247615190e-01
  7.06464884791297e-01  7.39890968843710e-01  7.74842477676956e-01
  8.11384803333304e-01  8.49585821464202e-01  8.89515960903371e-01
  9.31248273117819e-01  9.74858501328924e-01  1.02042514904875e+00
  1.06802954777853e+00  1.11775592355407e+00  1.16969146205401e+00
  1.22392637187323e+00  1.28055394564816e+00  1.33967061855870e+00
  1.40137602382275e+00  1.46577304466537e+00  1.53296786227499e+00
  1.60306999917453e+00  1.67619235744141e+00  1.75245125110027e+00
  1.83196643207315e+00  1.91486110887121e+00  2.00126195737077e+00
  2.09129912273245e+00  2.18510621169461e+00  2.28282027424286e+00
  2.38458177372390e+00  2.49053454433492e+00  2.60082573494706e+00
  2.71560573804359e+00  2.83502810268312e+00  2.95924943006580e+00
  3.08842925058872e+00  3.22272988080420e+00  3.36231625903366e+00
  3.50735575802154e+00  3.65801797317902e+00  3.81447448475579e+00
  3.97689859240925e+00  4.14546502034438e+00  4.32034959152401e+00
  4.50172886892231e+00  4.68977976239098e+00  4.88467909900359e+00
  5.08660315539185e+00  5.29572715002439e+00  5.51222469391947e+00
  5.73626719767150e+00  5.96802323360336e+00  6.20765785078076e+00
  6.45533184191921e+00  6.71120096022929e+00  6.97541508519638e+00
  7.24811733576794e+00  7.52944313035302e+00  7.81951919210409e+00
  8.11846249984968e+00  8.42637918314741e+00  8.74336336259653e+00
  9.06949593471239e+00  9.40484330271273e+00  9.74945605386110e+00
  1.01033675852807e+01  1.04665926798123e+01  1.08391260352392e+01
  1.12209407491288e+01  1.16119867644581e+01  1.20121892791173e+01
  1.24214471261958e+01  1.28396311299134e+01  1.32665824453632e+01
  1.37021108889801e+01  1.41459932701849e+01  1.45979717321022e+01
  1.50577521152795e+01  1.55250023533269e+01  1.59993509171180e+01
  1.64803853193584e+01  1.69676506973299e+01  1.74606484893876e+01
  1.79588352246154e+01  1.84616214437556e+01  1.89683707737607e+01
  1.94783991755180e+01  1.99909743907885e+01  2.05053156078984e+01
  2.10205933765055e+01  2.15359297913661e+01  2.20503989764241e+01
  2.25630278921327e+01  2.30727974964895e+01  2.35786442827468e+01
  2.40794622267000e+01  2.45741051617770e+01  2.50613896171086e+01
  2.55400981332975e+01  2.60089830865101e+01  2.64667710355680e+01
  2.69121676150734e+01  2.73438629834221e+01  2.77605378458639e+01
  2.81608700479066e+01  2.85435417553558e+01  2.89072472044356e+01
  2.92507010241314e+01  2.95726471070297e+01  2.98718680125955e+01
  3.01471948640082e+01  3.03975177106699e+01  3.06217962934862e+01
  3.08190711716986e+01  3.09884751279441e+01  3.11292447857600e+01
  3.12407323424330e+01  3.13224173244116e+01  3.13739182475262e+01
  3.13950040716618e+01  3.13856053047663e+01  3.13458246325596e+01
  3.12759469043933e+01  3.11764483351144e+01  3.10480047427900e+01
  3.08914986611481e+01  3.07080251428836e+01  3.04988960864569e+01
  3.02656428938326e+01  3.00100173032630e+01  2.97339902049149e+01
  2.94397482976574e+01  2.91296884192123e+01  2.88064094245768e+01
  2.84727014839848e+01  2.81315327135987e+01  2.77860330512888e+01
  2.74394753523145e+01  2.70952536711011e+01  2.67568587727550e+01
  2.64278509200774e+01  2.61118300498027e+01  2.58124034771048e+01
  2.55331513302239e+01  2.52775899411339e+01  2.50491334992490e+01
  2.48510542813184e+01  2.46864418599108e+01  2.45581617074109e+01
  2.44688136676589e+01  2.44206908125560e+01  2.44157392203328e+01
  2.44555192597943e+01  2.45411689734954e+01  2.46733701803891e+01
  2.48523179177850e+01  2.50776938500257e+01  2.53486442530196e+01
  2.56637631705215e+01  2.60210812999320e+01  2.64180611281644e+01
  2.68515987815546e+01  2.73180329859249e+01  2.78131614634970e+01
  2.83322649961719e+01  2.88701392952436e+01  2.94211347080134e+01
  2.99792036708669e+01  3.05379557129255e+01  3.10907196619667e+01
  3.16306126061812e+01  3.21506150016474e+01  3.26436512126995e+01
  3.31026746244746e+01  3.35207563634200e+01  3.38911765226137e+01
  3.42075167266639e+01  3.44637527222652e+01  3.46543456713453e+01
  3.47743307039909e+01  3.48194012961386e+01  3.47859879904865e+01
  3.46713300032961e+01  3.44735382693236e+01  3.41916485671705e+01
  3.38256634019965e+01  3.33765814880502e+01  3.28464137617263e+01
  3.22381850583500e+01  3.15559207580255e+01  3.08046179339796e+01
  2.99902007699896e+01  2.91194602985289e+01  2.81999787554723e+01
  2.72400391938435e+01  2.62485212541199e+01  2.52347843386124e+01
  2.42085397189044e+01  2.31797134112187e+01  2.21583019314318e+01
  2.11542232876088e+01  2.01771657835557e+01  1.92364373737541e+01
  1.83408184169441e+01  1.74984207405476e+01  1.67165558774248e+01
  1.60016152904713e+01  1.53589651739641e+01  1.47928582307578e+01
  1.43063644688088e+01  1.39013227071228e+01  1.35783140401634e+01
  1.33366580474278e+01  1.31744320344905e+01  1.30885130903895e+01
  1.30746422397024e+01  1.31275094757760e+01  1.32408579920246e+01
  1.34076054891186e+01  1.36199800368421e+01  1.38696676204985e+01
  1.41479682100711e+01  1.44459569731281e+01  1.47546471123169e+01
  1.50651507636731e+01  1.53688344409907e+01  1.56574656640347e+01
  1.59233476586491e+01  1.61594393601721e+01  1.63594583777318e+01
  1.65179650699225e+01  1.66304264245902e+01  1.66932590073847e+01
  1.67038508209219e+01  1.66605624842721e+01  1.65627086688464e+01
  1.64105212104050e+01  1.62050957242901e+01  1.59483238879186e+01
  1.56428138010111e+01  1.52918009924325e+01  1.48990527163393e+01
  1.44687681649551e+01  1.40054771364773e+01  1.35139395418417e+01
  1.29990479189496e+01  1.24657348703460e+01  1.19188870529061e+01
  1.13632670429750e+01  1.08034440907875e+01  1.02437344678604e+01
  9.68815181773573e+00  9.14036764257317e+00  8.60368180962440e+00
  8.08100273824603e+00  7.57483674157016e+00  7.08728583984700e+00
  6.62005323905602e+00  6.17445558247049e+00  5.75144101972115e+00
  5.35161211208813e+00  4.97525258732593e+00  4.62235697863092e+00
  4.29266222295889e+00  3.98568035215574e+00  3.70073148265705e+00
  3.43697639286311e+00  3.19344806855996e+00  2.96908169264314e+00
  2.76274265365680e+00  2.57325224478162e+00  2.39941081933081e+00
  2.24001825758761e+00  2.09389168147086e+00  1.95988042717821e+00
  1.83687834859414e+00  1.72383357777350e+00  1.61975591129160e+00
  1.52372202216640e+00  1.43487871989551e+00  1.35244449223343e+00
  1.27570956710860e+00  1.20403472924862e+00  1.13684911693575e+00
  1.07364721022898e+00  1.01398520439854e+00  9.57476942424065e-01
  9.03789559278551e-01  8.52638968996472e-01  8.03785304641104e-01
  7.57028400772377e-01  7.12203389914200e-01  6.69176467129194e-01
  6.27840862784355e-01  5.88113050475745e-01  5.49929207039889e-01
  5.13241933264304e-01  4.78017237243653e-01  4.44231778113145e-01
  4.11870364247519e-01  3.80923698402867e-01  3.51386361057673e-01
  3.23255023087188e-01  2.96526878839857e-01  2.71198291388479e-01
  2.47263641977436e-01  2.24714376199382e-01  2.03538239552370e-01
  1.83718694999488e-01  1.65234514682741e-01  1.48059537295632e-01
  1.32162581494121e-01  1.17507504630749e-01  1.04053394509458e-01
  9.17548805842623e-02  8.05625493907245e-02  7.04234479320336e-02
  6.12816574651731e-02  5.30789195587405e-02  4.57552958828484e-02
  3.92498433303857e-02  3.35012866292112e-02  2.84486716708219e-02
  2.40319842663021e-02  2.01927209466890e-02  1.68744006402078e-02
  1.40230085321414e-02  1.15873660165393e-02  9.51942330244124e-03
  7.77447381668550e-03  6.31129197061519e-03  5.09219802697124e-03
  4.08305565970445e-03  3.25320928047319e-03  2.57536929099639e-03
  2.02545409370260e-03  1.58239797209778e-03  1.22793386345623e-03
  9.46359636439297e-04  7.24295811054515e-04  5.50441780850861e-04
  4.15336582204891e-04  3.11129167721233e-04  2.31362037632145e-04
  1.70771016518479e-04  1.25102973027232e-04  9.09523989726762e-05
  6.56170106130455e-05  4.69719193183609e-05  3.33614421849047e-05
  2.35072787927076e-05  1.64315570677778e-05  1.13931324628855e-05
  7.83549363186160e-06  5.34466560728882e-06  3.61559027119456e-06
  2.42558837780873e-06  1.61365201858173e-06  1.06447088712174e-06
  6.96249865445826e-07  4.51522766562852e-07  2.90303207458984e-07
  1.85035000087017e-07  1.16910845491172e-07  7.32182064015391e-08
  4.54470510999070e-08  2.79554443032452e-08  1.70390374479895e-08
  1.02890478908595e-08  6.15433288305838e-09  3.64562500509538e-09
  2.13821368802865e-09  1.24135262353101e-09  7.13168241598055e-10
  4.05298141054447e-10  2.27779852954180e-10  1.26537386790016e-10
  6.94565730377154e-11  3.76552465855629e-11  2.01538792791615e-11
  1.06439841147628e-11  5.54429349805577e-12  2.84683563011433e-12
  1.44020789182521e-12  7.17468381037615e-13  3.51770809617203e-13
  1.69651415571443e-13  8.04369602007083e-14  3.74725555506601e-14
  1.71428184406610e-14  7.69689433026009e-15  3.38972542151497e-15
  1.46345260319631e-15  6.19018145601922e-16  2.56380040395846e-16
  1.03911942049526e-16  4.11876194631217e-17  1.59575289288452e-17
  6.04209535996936e-18  2.23338912970629e-18  8.05430305005017e-19
  2.83218575030766e-19  9.70587663085547e-20  3.24124041543017e-20
  1.05586802539440e-20  3.34912805354942e-21  1.03190531554317e-21
  3.08611518595250e-22  8.95198229534940e-23  2.51665579343744e-23
  6.85141831791831e-24  1.80482571781642e-24
  2.48760274254441e-24  2.83795082597790e-24  3.23762551433679e-24
  3.69356899153118e-24  4.21370005483206e-24  4.80705142795164e-24
  5.48392636824174e-24  6.25607727693789e-24  7.13690940137783e-24
  8.14171315124962e-24  9.28792904509984e-24  1.05954498660654e-23
  1.20869652480645e-23  1.37883546453274e-23  1.57291354725511e-23
  1.79429741539554e-23  2.04682689036955e-23  2.33488142959407e-23
  2.66345590915687e-23  3.03824703942648e-23  3.46575190388854e-23
  3.95338032012133e-23  4.50958295957329e-23  5.14399743380223e-23
  5.86761486367214e-23  6.69296979999667e-23  7.63435676521219e-23
  8.70807714283228e-23  9.93272066229091e-23  1.13294863204318e-22
  1.29225482572533e-22  1.47394728742473e-22  1.68116943618227e-22
  1.91750568028317e-22  2.18704321591889e-22  2.49444247471985e-22
  2.84501742869014e-22  3.24482712960319e-22  3.70078005194050e-22
  4.22075302714911e-22  4.81372680612468e-22  5.48994057057502e-22
  6.26106803710494e-22  7.14041816592465e-22  8.14316390528426e-22
  9.28660288006708e-22  1.05904544766083e-21  1.20771983947471e-21
  1.37724604429450e-21  1.57054521547423e-21  1.79094717184455e-21
  2.04224747520057e-21  2.32877246391432e-21  2.65545334904888e-21
  3.02791063277818e-21  3.45255028352236e-21  3.93667330094986e-21
  4.48860053016417e-21  5.11781484176897e-21  5.83512308737849e-21
  6.65284057336620e-21  7.58500117480555e-21  8.64759664285810e-21
  9.85884914959632e-21  1.12395216723634e-20  1.28132714546737e-20
  1.46070525026968e-20  1.66515738975452e-20  1.89818216373626e-20
  2.16376527850378e-20  2.46644719045456e-20  2.81140011414793e-20
  3.20451568634496e-20  3.65250475495901e-20  4.16301096340225e-20
  4.74474002989536e-20  5.40760688162162e-20  6.16290309940108e-20
  7.02348746460607e-20  8.00400278183442e-20  9.12112258449999e-20
  1.03938318230769e-19  1.18437461951095e-19  1.34954754113306e-19
  1.53770364134479e-19  1.75203233780426e-19  1.99616422704714e-19
  2.27423187677637e-19  2.59093895668231e-19  2.95163884529857e-19
  3.36242400456143e-19  3.83022758863775e-19  4.36293895197140e-19
  4.96953494651317e-19  5.66022915325614e-19  6.44664148253508e-19
  7.34199090555148e-19  8.36131445140977e-19  9.52171602536474e-19
  1.08426490815360e-18  1.23462377244358e-18  1.40576414266585e-18
  1.60054692444076e-18  1.82222501988905e-18  2.07449673820291e-18
  2.36156643530095e-18  2.68821335333147e-18  3.05986975993638e-18
  3.48270963332748e-18  3.96374930456962e-18  4.51096165548996e-18
  5.13340568216477e-18  5.84137347310596e-18  6.64655692170000e-18
  7.56223679808569e-18  8.60349715110509e-18  9.78746840124958e-18
  1.11336029264482e-17  1.26639874405245e-17  1.44036970265170e-17
  1.63811963219121e-17  1.86287940695002e-17  2.11831580562592e-17
  2.40858983752019e-17  2.73842279743183e-17  3.11317106177410e-17
  3.53891076929387e-17  4.02253367734319e-17  4.57185565092919e-17
  5.19573942915210e-17  5.90423352471153e-17  6.70872934990541e-17
  7.62213893019629e-17  8.65909586780259e-17  9.83618255684217e-17
  1.11721870332243e-16  1.26883932716698e-16  1.44089092250554e-16
  1.63610374440250e-16  1.85756937250211e-16  2.10878799204593e-16
  2.39372178153449e-16  2.71685518397073e-16  3.08326293582281e-16
  3.49868683691639e-16  3.96962236692597e-16  4.50341639153123e-16
  5.10837735543401e-16  5.79389953232912e-16  6.57060309569659e-16
  7.45049199167152e-16  8.44713183859998e-16  9.57585035088665e-16
  1.08539630901823e-15  1.23010276892789e-15  1.39391300771548e-15
  1.57932066624988e-15  1.78914069127933e-15  2.02655013030951e-15
  2.29513402086896e-15  2.59893699876922e-15  2.94252132496217e-15
  3.33103211453165e-15  3.77027064504697e-15  4.26677672623925e-15
  4.82792122985984e-15  5.46201000923576e-15  6.17840058367086e-15
  6.98763312570259e-15  7.90157747058980e-15  8.93359807006505e-15
  1.00987390382137e-14  1.14139316892457e-14  1.28982272478506e-14
  1.45730577257077e-14  1.64625283070406e-14  1.85937449741714e-14
  2.09971815381611e-14  2.37070907209513e-14  2.67619644736926e-14
  3.02050493135514e-14  3.40849231277297e-14  3.84561406344376e-14
  4.33799555163534e-14  4.89251281593671e-14  5.51688289521337e-14
  6.21976482374956e-14  7.01087252722460e-14  7.90110099558850e-14
  8.90266726560806e-14  1.00292679192543e-13  1.12962549979694e-13
  1.27208324473012e-13  1.43222754456333e-13  1.61221752361285e-13
  1.81447123763443e-13  2.04169616477259e-13  2.29692322323316e-13
  2.58354471683337e-13  2.90535665472832e-13  3.26660594149742e-13
  3.67204298947948e-13  4.12698036691197e-13  4.63735816411867e-13
  5.20981683613008e-13  5.85177836501433e-13  6.57153667901981e-13
  7.37835837058269e-13  8.28259487107432e-13  9.29580736957306e-13
  1.04309059062680e-12  1.17023042305746e-12  1.31260921913450e-12
  1.47202276232026e-12  1.65047499126236e-12  1.85020176695455e-12
  2.07369732024929e-12  2.32374367941876e-12  2.60344341106902e-12
  2.91625604481155e-12  3.26603859353324e-12  3.65709062708748e-12
  4.09420440853939e-12  4.58272065896965e-12  5.12859058043648e-12
  5.73844483719984e-12  6.41967027410784e-12  7.18049523840548e-12
  8.03008446932266e-12  8.97864462771847e-12  1.00375416603972e-11
  1.12194313276832e-11  1.25384043745465e-11  1.40101479931253e-11
  1.56521254123890e-11  1.74837756600512e-11  1.95267357758294e-11
  2.18050880162596e-11  2.43456348836550e-11  2.71782051371314e-11
  3.03359943108148e-11  3.38559436689983e-11  3.77791619899278e-11
  4.21513950764171e-11  4.70235484689758e-11  5.24522694768499e-11
  5.85005953636614e-11  6.52386753318795e-11  7.27445748568982e-11
  8.11051719394406e-11  9.04171559881105e-11  1.00788141329119e-10
  1.12337908784583e-10  1.25199790387066e-10  1.39522214125490e-10
  1.55470427682203e-10  1.73228422434714e-10  1.93001081623609e-10
  2.15016579527337e-10  2.39529061827440e-10  2.66821641101493e-10
  2.97209745632835e-10  3.31044864530642e-10  3.68718737584722e-10
  4.10668044421964e-10  4.57379654501597e-10  5.09396507346756e-10
  5.67324201369748e-10  6.31838379744605e-10  7.03693013294700e-10
  7.83729693385356e-10  8.72888062617955e-10  9.72217527946504e-10
  1.08289041994497e-09  1.20621678368239e-09  1.34366101140405e-09
  1.49686055531846e-09  1.66764699085143e-09  1.85806973718562e-09
  2.07042278348869e-09  2.30727481653960e-09  2.57150319961713e-09
  2.86633231391206e-09  3.19537684422489e-09  3.56269067076559e-09
  3.97282212051225e-09  4.43087643622583e-09  4.94258644037872e-09
  5.51439250837845e-09  6.15353312025315e-09  6.86814743977213e-09
  7.66739157214487e-09  8.56157038564721e-09  9.56228704830790e-09
  1.06826127361013e-08  1.19372793163406e-08  1.33428982116526e-08
  1.49182091019506e-08  1.66843626484714e-08  1.86652420180492e-08
  2.08878286704455e-08  2.33826186550639e-08  2.61840965565125e-08
  2.93312752555135e-08  3.28683108388521e-08  3.68452033458709e-08
  4.13185955521037e-08  4.63526837761731e-08  5.20202566745185e-08
  5.84038803134521e-08  6.55972504160394e-08  7.37067357081187e-08
  8.28531396978833e-08  9.31737121934077e-08  1.04824446299121e-07
  1.17982701843160e-07  1.32850201958523e-07  1.49656456339807e-07
  1.68662672274247e-07  1.90166223322906e-07  2.14505755485566e-07
  2.42067022095060e-07  2.73289551582402e-07  3.08674267218279e-07
  3.48792194599982e-07  3.94294412103657e-07  4.45923421263168e-07
  5.04526139079510e-07  5.71068742610780e-07  6.46653628511830e-07
  7.32538787069651e-07  8.30159931530753e-07  9.41155771988128e-07
  1.06739687560382e-06  1.21101861735200e-06  1.37445879418588e-06
  1.56050055407107e-06  1.77232138088822e-06  2.01354897703723e-06
  2.28832499900483e-06  2.60137773165915e-06  2.95810493170762e-06
  3.36466823601768e-06  3.82810071710256e-06  4.35642937657856e-06
  4.95881460489252e-06  5.64570890090468e-06  6.42903744511070e-06
  7.32240345489951e-06  8.34132163152562e-06  9.50348342653050e-06
  1.08290583381630e-05  1.23410359709133e-05  1.40656141969094e-05
  1.60326394072679e-05  1.82761056061202e-05  2.08347198957710e-05
  2.37525428541138e-05  2.70797133033919e-05  3.08732681180615e-05
  3.51980689739642e-05  4.01278493480902e-05  4.57463965832614e-05
  5.21488856020720e-05  5.94433826378316e-05  6.77525395048144e-05
  7.72155011302236e-05  8.79900515694497e-05  1.00255026468675e-04
  1.14213022836491e-04  1.30093440310664e-04  1.48155891449941e-04
  1.68694022621519e-04  1.92039790809404e-04  2.18568246494619e-04
  2.48702877106630e-04  2.82921570905554e-04  3.21763266448918e-04
  3.65835358518576e-04  4.15821937591775e-04  4.72492946143162e-04
  5.36714341928033e-04  6.09459365511353e-04  6.91821015774726e-04
  7.85025845913591e-04  8.90449198198740e-04  1.00963200505797e-03
  1.14429929014667e-03  1.29638051144188e-03  1.46803189483534e-03
  1.66166091322636e-03  1.87995307315576e-03  2.12590117386420e-03
  2.40283721050077e-03  2.71446709294981e-03  3.06490835514971e-03
  3.45873102526847e-03  3.90100182967356e-03  4.39733188628700e-03
  4.95392804855751e-03  5.57764803008586e-03  6.27605943806630e-03
  7.05750280991623e-03  7.93115872427331e-03  8.90711902297405e-03
  9.99646213956523e-03  1.12113324805577e-02  1.25650237546277e-02
  1.40720660749597e-02  1.57483165934424e-02  1.76110533387967e-02
  1.96790718438301e-02  2.19727840349520e-02  2.45143187662048e-02
  2.73276232186720e-02  3.04385643042282e-02  3.38750290089160e-02
  3.76670225090673e-02  4.18467626770101e-02  4.64487694796714e-02
  5.15099474887305e-02  5.70696596765928e-02  6.31697902993179e-02
  6.98547946258972e-02  7.71717329666347e-02  8.51702862880338e-02
  9.39027505324444e-02  1.03424006512005e-01  1.13791462185502e-01
  1.25064963823466e-01  1.37306672658475e-01  1.50580903322989e-01
  1.64953920515905e-01  1.80493690283489e-01  1.97269582355284e-01
  2.15352020283043e-01  2.34812076157405e-01  2.55721007343257e-01
  2.78149732746148e-01  3.02168247153748e-01  3.27844972463550e-01
  3.55246045856485e-01  3.84434545625483e-01  4.15469656785066e-01
  4.48405779450629e-01  4.83291584913849e-01  5.20169024939115e-01
  5.59072302330783e-01  6.00026811283097e-01  6.43048058423381e-01
  6.88140576260075e-01  7.35296842359321e-01  7.84496218622489e-01
  8.35703925966481e-01  8.88870070317073e-01  9.43928736576722e-01
  1.00079716717880e+00  1.05937504243114e+00  1.11954387987930e+00
  1.18116657039350e+00  1.24408706944615e+00  1.30813026284402e+00
  1.37310202759324e+00  1.43878950961548e+00  1.50496164100738e+00
  1.57136991934212e+00  1.63774947010759e+00  1.70382040983423e+00
  1.76928952190093e+00  1.83385224949555e+00  1.89719500055007e+00
  1.95899774930314e+00  2.01893690778818e+00  2.07668843012379e+00
  2.13193110194173e+00  2.18434995955423e+00  2.23363977513277e+00
  2.27950854081074e+00  2.32168088039489e+00  2.35990131789028e+00
  2.39393733386265e+00  2.42358214422452e+00  2.44865714333306e+00
  2.46901396059363e+00  2.48453609013904e+00  2.49514006385099e+00
  2.50077614977334e+00  2.50142857004029e+00  2.49711524438220e+00
  2.48788707655118e+00  2.47382681142886e+00  2.45504750000397e+00
  2.43169061625120e+00  2.40392387631643e+00  2.37193881450332e+00
  2.33594817162268e+00  2.29618315308664e+00  2.25289061114339e+00
  2.20633020404305e+00  2.15677158007276e+00  2.10449162968702e+00
  2.04977184310535e+00  1.99289580462565e+00  1.93414684856802e+00
  1.87380589566382e+00  1.81214948267062e+00  1.74944799269778e+00
  1.68596408870857e+00  1.62195134884956e+00  1.55765309815405e+00
  1.49330142925020e+00  1.42911640175937e+00  1.36530540937908e+00
  1.30206270218308e+00  1.23956905163137e+00  1.17799154548199e+00
  1.11748350020864e+00  1.05818447884810e+00  1.00022040289591e+00
  9.43703747410415e-01  8.88733809319758e-01  8.35397039475453e-01
  7.83767429850371e-01  7.33906947801649e-01  6.85866010086142e-01
  6.39683990054867e-01  5.95389751384301e-01  5.53002203703854e-01
  5.12530874105296e-01  4.73976490538422e-01  4.37331572864978e-01
  4.02581027254740e-01  3.69702740981205e-01  3.38668173636582e-01
  3.09442942022997e-01  2.81987395588410e-01  2.56257179716580e-01
  2.32203784447944e-01  2.09775076359582e-01  1.88915811744846e-01
  1.69568129435249e-01  1.51672022023568e-01  1.35165784402337e-01
  1.19986439019623e-01  1.06070137232028e-01  9.33525367238393e-02
  8.17691547618218e-02  7.12556975963107e-02  6.17483661603020e-02
  5.31841384958123e-02  4.55010293517496e-02  3.86383274261808e-02
  3.25368108140248e-02  2.71389411646480e-02  2.23890370823009e-02
  1.82334273366870e-02  1.46205842225044e-02  1.15012376632667e-02
  8.82847038424740e-03  6.55779456794347e-03  4.64721033431314e-03
  3.05724640927605e-03  1.75098333132044e-03  6.94059569346882e-04
 -1.45338993606980e-04 -7.96505754775963e-04 -1.28625562381025e-03
 -1.63898214480735e-03 -1.87672860424113e-03 -2.01927224166029e-03
 -2.08422035165184e-03 -2.08711703804926e-03 -2.04155918600371e-03
 -1.95932009665239e-03 -1.85047911558878e-03 -1.72355551014857e-03
 -1.58564479967456e-03 -1.44255573819538e-03 -1.29894618156868e-03
 -1.15845614763081e-03 -1.02383649560894e-03 -8.97071804959647e-04
 -7.79496221872278e-04 -6.71901254491650e-04 -5.74634728740408e-04
 -4.87690357156237e-04 -4.10787613774102e-04 -3.43441840996952e-04
 -2.85024731131586e-04 -2.34815519663722e-04 -1.92043393552535e-04
 -1.55921752638974e-04 -1.25675063260954e-04 -1.00559110398955e-04
 -7.98754891156630e-05 -6.29811805078462e-05 -4.92940353683971e-05
 -3.82949448015043e-05 -2.95274158935187e-05 -2.25951972508551e-05
 -1.71585184831802e-05 -1.29294239608270e-05 -9.66659819529034e-06
 -7.17000100566392e-06 -5.27555778801355e-06 -3.85008505135205e-06
 -2.78657514883349e-06 -1.99991698958659e-06 -1.42309124308740e-06
 -1.00384894002342e-06 -7.01860083416679e-07 -4.86303509823154e-07
 -3.33859262876338e-07 -2.27059367604318e-07 -1.52951052465912e-07
 -1.02027178807870e-07 -6.73812669744281e-08 -4.40481819276770e-08
 -2.84960169516494e-08 -1.82391839123646e-08 -1.15474429786728e-08
 -7.22960948116232e-09 -4.47485591937012e-09 -2.73752619880263e-09
 -1.65475669438764e-09 -9.88031130554975e-10 -5.82577168658246e-10
 -3.39093901590599e-10 -1.94786671604375e-10 -1.10381848609096e-10
 -6.16871602372484e-11 -3.39871779465056e-11 -1.84545878402375e-11
 -9.87188961160083e-12 -5.20039440713389e-12 -2.69675305277815e-12
 -1.37606595518184e-12 -6.90637428027632e-13 -3.40791382707629e-13
 -1.65258848510413e-13 -7.87197291501955e-14 -3.68167340971711e-14
 -1.68983636186191e-14 -7.60801470081951e-15 -3.35822432201507e-15
 -1.45257594887733e-15 -6.15362034940140e-16 -2.55184403718941e-16
 -1.03532105224361e-16 -4.10703988286438e-17 -1.59224132474946e-17
 -6.03189158359132e-18 -2.23051538600234e-18 -8.04646481367383e-19
 -2.83011694733148e-19 -9.70059718128481e-20 -3.23993887994682e-20
 -1.05555832557722e-20 -3.34841740718958e-21 -1.03174820910718e-21
 -3.08578087365691e-22 -8.95129821304917e-23 -2.51652132169041e-23
 -6.85116464238578e-24 -1.80477984050872e-24
 (i6, f12.0, f18.0, f8.3, i6)
   665  60.0000000  0.02500000000000  26.000     2
 (3e22.14)
  2.89367842428521e-06  3.03926416341748e-06  3.19217416628354e-06
  3.35277687848344e-06  3.52145927786660e-06  3.69862780649627e-06
  3.88470934946756e-06  4.08015226293345e-06  4.28542745381153e-06
  4.50102951376806e-06  4.72747791020820e-06  4.96531823713256e-06
  5.21512352887446e-06  5.47749563986777e-06  5.75306669377661e-06
  6.04250060544967e-06  6.34649467939119e-06  6.66578128853998e-06
  7.00112963747166e-06  7.35334761414569e-06  7.72328373479453e-06
  8.11182918647646e-06  8.51991997233088e-06  8.94853916459905e-06
  9.39871927087976e-06  9.87154471926338e-06  1.03681544683683e-05
  1.08897447484644e-05  1.14375719403889e-05  1.20129555990215e-05
  1.26172816287267e-05  1.32520056182669e-05  1.39186563432849e-05
  1.46188394446772e-05  1.53542412918116e-05  1.61266330396678e-05
  1.69378748899152e-05  1.77899205658156e-05  1.86848220120296e-05
  1.96247343303171e-05  2.06119209631697e-05  2.16487591376885e-05
  2.27377455828524e-05  2.38815025337727e-05  2.50827840375071e-05
  2.63444825752814e-05  2.76696360173776e-05  2.90614349268731e-05
  3.05232302302389e-05  3.20585412727386e-05  3.36710642782369e-05
  3.53646812334886e-05  3.71434692183272e-05  3.90117102039082e-05
  4.09739013427574e-05  4.30347657748026e-05  4.51992639759006e-05
  4.74726056751944e-05  4.98602623706660e-05  5.23679804720816e-05
  5.50017951032862e-05  5.77680445965174e-05  6.06733857136336e-05
  6.37248096303146e-05  6.69296587219224e-05  7.02956441903577e-05
  7.38308645751097e-05  7.75438251913121e-05  8.14434585426523e-05
  8.55391457566040e-05  8.98407390940114e-05  9.43585855861684e-05
  9.91035518561691e-05  1.04087050183171e-04  1.09321065872525e-04
  1.14818185995701e-04  1.20591629570317e-04  1.26655279249799e-04
  1.33023714600554e-04  1.39712247043729e-04  1.46736956546192e-04
  1.54114730147044e-04  1.61863302411966e-04  1.70001297910601e-04
  1.78548275819338e-04  1.87524776753339e-04  1.96952371941489e-04
  2.06853714858437e-04  2.17252595438263e-04  2.28173996996761e-04
  2.39644155998678e-04  2.51690624809431e-04  2.64342337583162e-04
  2.77629679438333e-04  2.91584559090291e-04  3.06240485106687e-04
  3.21632645970826e-04  3.37797994138703e-04  3.54775334290198e-04
  3.72605415981151e-04  3.91331030916763e-04  4.10997115072547e-04
  4.31650855908018e-04  4.53341804918860e-04  4.76121995800739e-04
  5.00046068493854e-04  5.25171399407234e-04  5.51558238123183e-04
  5.79269850906027e-04  6.08372671349142e-04  6.38936458516543e-04
  6.71034462944228e-04  7.04743600897530e-04  7.40144637280585e-04
  7.77322377639457e-04  8.16365869692234e-04  8.57368614868943e-04
  9.00428790345109e-04  9.45649482091570e-04  9.93138929478414e-04
  1.04301078200701e-03  1.09538436875754e-03  1.15038498119041e-03
  1.20814416993751e-03  1.26880005629470e-03  1.33249765911036e-03
  1.39938923784704e-03  1.46963465259202e-03  1.54340174185629e-03
  1.62086671902431e-03  1.70221458837544e-03  1.78763958161760e-03
  1.87734561595552e-03  1.97154677471670e-03  2.07046781166073e-03
  2.17434468010204e-03  2.28342508806915e-03  2.39796908074987e-03
  2.51824965156820e-03  2.64455338324660e-03  2.77718112035589e-03
  2.91644867481498e-03  3.06268756599530e-03  3.21624579704861e-03
  3.37748866924135e-03  3.54679963610453e-03  3.72458119933112e-03
  3.91125584840653e-03  4.10726704610379e-03  4.31308026199235e-03
  4.52918405633067e-03  4.75609121666140e-03  4.99433994971947e-03
  5.24449513120881e-03  5.50714961626063e-03  5.78292561342125e-03
  6.07247612521179e-03  6.37648645837850e-03  6.69567580718567e-03
  7.03079891311512e-03  7.38264780469661e-03  7.75205362108458e-03
  8.13988852347647e-03  8.54706769834979e-03  8.97455145691335e-03
  9.42334743520181e-03  9.89451289954907e-03  1.03891571622777e-02
  1.09084441128119e-02  1.14535948694071e-02  1.20258905572766e-02
  1.26266752186669e-02  1.32573588612225e-02  1.39194206507321e-02
  1.46144122550253e-02  1.53439613457957e-02  1.61097752656076e-02
  1.69136448674570e-02  1.77574485348462e-02  1.86431563902352e-02
  1.95728347006906e-02  2.05486504890775e-02  2.15728763604354e-02
  2.26478955526670e-02  2.37762072217517e-02  2.49604319716246e-02
  2.62033176395886e-02  2.75077453482279e-02  2.88767358357040e-02
  3.03134560760527e-02  3.18212262024887e-02  3.34035267461794e-02
  3.50640062043680e-02  3.68064889514887e-02  3.86349835080386e-02
  4.05536911817755e-02  4.25670150974439e-02  4.46795696301277e-02
  4.68961902600524e-02  4.92219438648289e-02  5.16621394679157e-02
  5.42223394609631e-02  5.69083713194111e-02  5.97263398305726e-02
  6.26826398547660e-02  6.57839696396098e-02  6.90373447098384e-02
  7.24501123531872e-02  7.60299667267336e-02  7.97849646049967e-02
  8.37235417952070e-02  8.78545302429585e-02  9.21871758539127e-02
  9.67311570565070e-02  1.01496604132442e-01  1.06494119340362e-01
  1.11734797861541e-01  1.17230249592527e-01  1.22992621815891e-01
  1.29034622773989e-01  1.35369546177275e-01  1.42011296673954e-01
  1.48974416311366e-01  1.56274112017299e-01  1.63926284131798e-01
  1.71947556016628e-01  1.80355304774605e-01  1.89167693103037e-01
  1.98403702315480e-01  2.08083166553649e-01  2.18226808221978e-01
  2.28856274667485e-01  2.39994176132691e-01  2.51664125003993e-01
  2.63890776380628e-01  2.76699869981616e-01  2.90118273415666e-01
  3.04174026822726e-01  3.18896388912267e-01  3.34315884399027e-01
  3.50464352854328e-01  3.67374998971260e-01  3.85082444249102e-01
  4.03622780090524e-01  4.23033622307821e-01  4.43354167017993e-01
  4.64625247917939e-01  4.86889394898868e-01  5.10190893986378e-01
  5.34575848545669e-01  5.60092241720360e-01  5.86790000034554e-01
  6.14721058097917e-01  6.43939424329122e-01  6.74501247615190e-01
  7.06464884791297e-01  7.39890968843710e-01  7.74842477676956e-01
  8.11384803333304e-01  8.49585821464202e-01  8.89515960903371e-01
  9.31248273117819e-01  9.74858501328924e-01  1.02042514904875e+00
  1.06802954777853e+00  1.11775592355407e+00  1.16969146205401e+00
  1.22392637187323e+00  1.28055394564816e+00  1.33967061855870e+00
  1.40137602382275e+00  1.46577304466537e+00  1.53296786227499e+00
  1.60306999917453e+00  1.67619235744141e+00  1.75245125110027e+00
  1.83196643207315e+00  1.91486110887121e+00  2.00126195737077e+00
  2.09129912273245e+00  2.18510621169461e+00  2.28282027424286e+00
  2.38458177372390e+00  2.49053454433492e+00  2.60082573494706e+00
  2.71560573804359e+00  2.83502810268312e+00  2.95924943006580e+00
  3.08842925058872e+00  3.22272988080420e+00  3.36231625903366e+00
  3.50735575802154e+00  3.65801797317902e+00  3.81447448475579e+00
  3.97689859240925e+00  4.14546502034438e+00  4.32034959152401e+00
  4.50172886892231e+00  4.68977976239098e+00  4.88467909900359e+00
  5.08660315539185e+00  5.29572715002439e+00  5.51222469391947e+00
  5.73626719767150e+00  5.96802323360336e+00  6.20765785078076e+00
  6.45533184191921e+00  6.71120096022929e+00  6.97541508519638e+00
  7.24811733576794e+00  7.52944313035302e+00  7.81951919210409e+00
  8.11846249984968e+00  8.42637918314741e+00  8.74336336259653e+00
  9.06949593471239e+00  9.40484330271273e+00  9.74945605386110e+00
  1.01033675852807e+01  1.04665926798123e+01  1.08391260352392e+01
  1.12209407491288e+01  1.16119867644581e+01  1.20121892791173e+01
  1.24214471261958e+01  1.28396311299134e+01  1.32665824453632e+01
  1.37021108889801e+01  1.41459932701849e+01  1.45979717321022e+01
  1.50577521152795e+01  1.55250023533269e+01  1.59993509171180e+01
  1.64803853193584e+01  1.69676506973299e+01  1.74606484893876e+01
  1.79588352246154e+01  1.84616214437556e+01  1.89683707737607e+01
  1.94783991755180e+01  1.99909743907885e+01  2.05053156078984e+01
  2.10205933765055e+01  2.15359297913661e+01  2.20503989764241e+01
  2.25630278921327e+01  2.30727974964895e+01  2.35786442827468e+01
  2.40794622267000e+01  2.45741051617770e+01  2.50613896171086e+01
  2.55400981332975e+01  2.60089830865101e+01  2.64667710355680e+01
  2.69121676150734e+01  2.73438629834221e+01  2.77605378458639e+01
  2.81608700479066e+01  2.85435417553558e+01  2.89072472044356e+01
  2.92507010241314e+01  2.95726471070297e+01  2.98718680125955e+01
  3.01471948640082e+01  3.03975177106699e+01  3.06217962934862e+01
  3.08190711716986e+01  3.09884751279441e+01  3.11292447857600e+01
  3.12407323424330e+01  3.13224173244116e+01  3.13739182475262e+01
  3.13950040716618e+01  3.13856053047663e+01  3.13458246325596e+01
  3.12759469043933e+01  3.11764483351144e+01  3.10480047427900e+01
  3.08914986611481e+01  3.07080251428836e+01  3.04988960864569e+01
  3.02656428938326e+01  3.00100173032630e+01  2.97339902049149e+01
  2.94397482976574e+01  2.91296884192123e+01  2.88064094245768e+01
  2.84727014839848e+01  2.81315327135987e+01  2.77860330512888e+01
  2.74394753523145e+01  2.70952536711011e+01  2.67568587727550e+01
  2.64278509200774e+01  2.61118300498027e+01  2.58124034771048e+01
  2.55331513302239e+01  2.52775899411339e+01  2.50491334992490e+01
  2.48510542813184e+01  2.46864418599108e+01  2.45581617074109e+01
  2.44688136676589e+01  2.44206908125560e+01  2.44157392203328e+01
  2.44555192597943e+01  2.45411689734954e+01  2.46733701803891e+01
  2.48523179177850e+01  2.50776938500257e+01  2.53486442530196e+01
  2.56637631705215e+01  2.60210812999320e+01  2.64180611281644e+01
  2.68515987815546e+01  2.73180329859249e+01  2.78131614634970e+01
  2.83322649961719e+01  2.88701392952436e+01  2.94211347080134e+01
  2.99792036708669e+01  3.05379557129255e+01  3.10907196619667e+01
  3.16306126061812e+01  3.21506150016474e+01  3.26436512126995e+01
  3.31026746244746e+01  3.35207563634200e+01  3.38911765226137e+01
  3.42075167266639e+01  3.44637527222652e+01  3.46543456713453e+01
  3.47743307039909e+01  3.48194012961386e+01  3.47859879904865e+01
  3.46713300032961e+01  3.44735382693236e+01  3.41916485671705e+01
  3.38256634019965e+01  3.33765814880502e+01  3.28464137617263e+01
  3.22381850583500e+01  3.15559207580255e+01  3.08046179339796e+01
  2.99902007699896e+01  2.91194602985289e+01  2.81999787554723e+01
  2.72400391938435e+01  2.62485212541199e+01  2.52347843386124e+01
  2.42085397189044e+01  2.31797134112187e+01  2.21583019314318e+01
  2.11542232876088e+01  2.01771657835557e+01  1.92364373737541e+01
  1.83408184169441e+01  1.74984207405476e+01  1.67165558774248e+01
  1.60016152904713e+01  1.53589651739641e+01  1.47928582307578e+01
  1.43063644688088e+01  1.39013227071228e+01  1.35783140401634e+01
  1.33366580474278e+01  1.31744320344905e+01  1.30885130903895e+01
  1.30746422397024e+01  1.31275094757760e+01  1.32408579920246e+01
  1.34076054891186e+01  1.36199800368421e+01  1.38696676204985e+01
  1.41479682100711e+01  1.44459569731281e+01  1.47546471123169e+01
  1.50651507636731e+01  1.53688344409907e+01  1.56574656640347e+01
  1.59233476586491e+01  1.61594393601721e+01  1.63594583777318e+01
  1.65179650699225e+01  1.66304264245902e+01  1.66932590073847e+01
  1.67038508209219e+01  1.66605624842721e+01  1.65627086688464e+01
  1.64105212104050e+01  1.62050957242901e+01  1.59483238879186e+01
  1.56428138010111e+01  1.52918009924325e+01  1.48990527163393e+01
  1.44687681649551e+01  1.40054771364773e+01  1.35139395418417e+01
  1.29990479189496e+01  1.24657348703460e+01  1.19188870529061e+01
  1.13632670429750e+01  1.08034440907875e+01  1.02437344678604e+01
  9.68815181773573e+00  9.14036764257317e+00  8.60368180962440e+00
  8.08100273824603e+00  7.57483674157016e+00  7.08728583984700e+00
  6.62005323905602e+00  6.17445558247049e+00  5.75144101972115e+00
  5.35161211208813e+00  4.97525258732593e+00  4.62235697863092e+00
  4.29266222295889e+00  3.98568035215574e+00  3.70073148265705e+00
  3.43697639286311e+00  3.19344806855996e+00  2.96908169264314e+00
  2.76274265365680e+00  2.57325224478162e+00  2.39941081933081e+00
  2.24001825758761e+00  2.09389168147086e+00  1.95988042717821e+00
  1.83687834859414e+00  1.72383357777350e+00  1.61975591129160e+00
  1.52372202216640e+00  1.43487871989551e+00  1.35244449223343e+00
  1.27570956710860e+00  1.20403472924862e+00  1.13684911693575e+00
  1.07364721022898e+00  1.01398520439854e+00  9.57476942424065e-01
  9.03789559278551e-01  8.52638968996472e-01  8.03785304641104e-01
  7.57028400772377e-01  7.12203389914200e-01  6.69176467129194e-01
  6.27840862784355e-01  5.88113050475745e-01  5.49929207039889e-01
  5.13241933264304e-01  4.78017237243653e-01  4.44231778113145e-01
  4.11870364247519e-01  3.80923698402867e-01  3.51386361057673e-01
  3.23255023087188e-01  2.96526878839857e-01  2.71198291388479e-01
  2.47263641977436e-01  2.24714376199382e-01  2.03538239552370e-01
  1.83718694999488e-01  1.65234514682741e-01  1.48059537295632e-01
  1.32162581494121e-01  1.17507504630749e-01  1.04053394509458e-01
  9.17548805842623e-02  8.05625493907245e-02  7.04234479320336e-02
  6.12816574651731e-02  5.30789195587405e-02  4.57552958828484e-02
  3.92498433303857e-02  3.35012866292112e-02  2.84486716708219e-02
  2.40319842663021e-02  2.01927209466890e-02  1.68744006402078e-02
  1.40230085321414e-02  1.15873660165393e-02  9.51942330244124e-03
  7.77447381668550e-03  6.31129197061519e-03  5.09219802697124e-03
  4.08305565970445e-03  3.25320928047319e-03  2.57536929099639e-03
  2.02545409370260e-03  1.58239797209778e-03  1.22793386345623e-03
  9.46359636439297e-04  7.24295811054515e-04  5.50441780850861e-04
  4.15336582204891e-04  3.11129167721233e-04  2.31362037632145e-04
  1.70771016518479e-04  1.25102973027232e-04  9.09523989726762e-05
  6.56170106130455e-05  4.69719193183609e-05  3.33614421849047e-05
  2.35072787927076e-05  1.64315570677778e-05  1.13931324628855e-05
  7.83549363186160e-06  5.34466560728882e-06  3.61559027119456e-06
  2.42558837780873e-06  1.61365201858173e-06  1.06447088712174e-06
  6.96249865445826e-07  4.51522766562852e-07  2.90303207458984e-07
  1.85035000087017e-07  1.16910845491172e-07  7.32182064015391e-08
  4.54470510999070e-08  2.79554443032452e-08  1.70390374479895e-08
  1.02890478908595e-08  6.15433288305838e-09  3.64562500509538e-09
  2.13821368802865e-09  1.24135262353101e-09  7.13168241598055e-10
  4.05298141054447e-10  2.27779852954180e-10  1.26537386790016e-10
  6.94565730377154e-11  3.76552465855629e-11  2.01538792791615e-11
  1.06439841147628e-11  5.54429349805577e-12  2.84683563011433e-12
  1.44020789182521e-12  7.17468381037615e-13  3.51770809617203e-13
  1.69651415571443e-13  8.04369602007083e-14  3.74725555506601e-14
  1.71428184406610e-14  7.69689433026009e-15  3.38972542151497e-15
  1.46345260319631e-15  6.19018145601922e-16  2.56380040395846e-16
  1.03911942049526e-16  4.11876194631217e-17  1.59575289288452e-17
  6.04209535996936e-18  2.23338912970629e-18  8.05430305005017e-19
  2.83218575030766e-19  9.70587663085547e-20  3.24124041543017e-20
  1.05586802539440e-20  3.34912805354942e-21  1.03190531554317e-21
  3.08611518595250e-22  8.95198229534940e-23  2.51665579343744e-23
  6.85141831791831e-24  1.80482571781642e-24
  2.48760274254441e-24  2.83795082597790e-24  3.23762551433679e-24
  3.69356899153118e-24  4.21370005483206e-24  4.80705142795164e-24
  5.48392636824174e-24  6.25607727693789e-24  7.13690940137783e-24
  8.14171315124962e-24  9.28792904509984e-24  1.05954498660654e-23
  1.20869652480645e-23  1.37883546453274e-23  1.57291354725511e-23
  1.79429741539554e-23  2.04682689036955e-23  2.33488142959407e-23
  2.66345590915687e-23  3.03824703942648e-23  3.46575190388854e-23
  3.95338032012133e-23  4.50958295957329e-23  5.14399743380223e-23
  5.86761486367214e-23  6.69296979999667e-23  7.63435676521219e-23
  8.70807714283228e-23  9.93272066229091e-23  1.13294863204318e-22
  1.29225482572533e-22  1.47394728742473e-22  1.68116943618227e-22
  1.91750568028317e-22  2.18704321591889e-22  2.49444247471985e-22
  2.84501742869014e-22  3.24482712960319e-22  3.70078005194050e-22
  4.22075302714911e-22  4.81372680612468e-22  5.48994057057502e-22
  6.26106803710494e-22  7.14041816592465e-22  8.14316390528426e-22
  9.28660288006708e-22  1.05904544766083e-21  1.20771983947471e-21
  1.37724604429450e-21  1.57054521547423e-21  1.79094717184455e-21
  2.04224747520057e-21  2.32877246391432e-21  2.65545334904888e-21
  3.02791063277818e-21  3.45255028352236e-21  3.93667330094986e-21
  4.48860053016417e-21  5.11781484176897e-21  5.83512308737849e-21
  6.65284057336620e-21  7.58500117480555e-21  8.64759664285810e-21
  9.85884914959632e-21  1.12395216723634e-20  1.28132714546737e-20
  1.46070525026968e-20  1.66515738975452e-20  1.89818216373626e-20
  2.16376527850378e-20  2.46644719045456e-20  2.81140011414793e-20
  3.20451568634496e-20  3.65250475495901e-20  4.16301096340225e-20
  4.74474002989536e-20  5.40760688162162e-20  6.16290309940108e-20
  7.02348746460607e-20  8.00400278183442e-20  9.12112258449999e-20
  1.03938318230769e-19  1.18437461951095e-19  1.34954754113306e-19
  1.53770364134479e-19  1.75203233780426e-19  1.99616422704714e-19
  2.27423187677637e-19  2.59093895668231e-19  2.95163884529857e-19
  3.36242400456143e-19  3.83022758863775e-19  4.36293895197140e-19
  4.96953494651317e-19  5.66022915325614e-19  6.44664148253508e-19
  7.34199090555148e-19  8.36131445140977e-19  9.52171602536474e-19
  1.08426490815360e-18  1.23462377244358e-18  1.40576414266585e-18
  1.60054692444076e-18  1.82222501988905e-18  2.07449673820291e-18
  2.36156643530095e-18  2.68821335333147e-18  3.05986975993638e-18
  3.48270963332748e-18  3.96374930456962e-18  4.51096165548996e-18
  5.13340568216477e-18  5.84137347310596e-18  6.64655692170000e-18
  7.56223679808569e-18  8.60349715110509e-18  9.78746840124958e-18
  1.11336029264482e-17  1.26639874405245e-17  1.44036970265170e-17
  1.63811963219121e-17  1.86287940695002e-17  2.11831580562592e-17
  2.40858983752019e-17  2.73842279743183e-17  3.11317106177410e-17
  3.53891076929387e-17  4.02253367734319e-17  4.57185565092919e-17
  5.19573942915210e-17  5.90423352471153e-17  6.70872934990541e-17
  7.62213893019629e-17  8.65909586780259e-17  9.83618255684217e-17
  1.11721870332243e-16  1.26883932716698e-16  1.44089092250554e-16
  1.63610374440250e-16  1.85756937250211e-16  2.10878799204593e-16
  2.39372178153449e-16  2.71685518397073e-16  3.08326293582281e-16
  3.49868683691639e-16  3.96962236692597e-16  4.50341639153123e-16
  5.10837735543401e-16  5.79389953232912e-16  6.57060309569659e-16
  7.45049199167152e-16  8.44713183859998e-16  9.57585035088665e-16
  1.08539630901823e-15  1.23010276892789e-15  1.39391300771548e-15
  1.57932066624988e-15  1.78914069127933e-15  2.02655013030951e-15
  2.29513402086896e-15  2.59893699876922e-15  2.94252132496217e-15
  3.33103211453165e-15  3.77027064504697e-15  4.26677672623925e-15
  4.82792122985984e-15  5.46201000923576e-15  6.17840058367086e-15
  6.98763312570259e-15  7.90157747058980e-15  8.93359807006505e-15
  1.00987390382137e-14  1.14139316892457e-14  1.28982272478506e-14
  1.45730577257077e-14  1.64625283070406e-14  1.85937449741714e-14
  2.09971815381611e-14  2.37070907209513e-14  2.67619644736926e-14
  3.02050493135514e-14  3.40849231277297e-14  3.84561406344376e-14
  4.33799555163534e-14  4.89251281593671e-14  5.51688289521337e-14
  6.21976482374956e-14  7.01087252722460e-14  7.90110099558850e-14
  8.90266726560806e-14  1.00292679192543e-13  1.12962549979694e-13
  1.27208324473012e-13  1.43222754456333e-13  1.61221752361285e-13
  1.81447123763443e-13  2.04169616477259e-13  2.29692322323316e-13
  2.58354471683337e-13  2.90535665472832e-13  3.26660594149742e-13
  3.67204298947948e-13  4.12698036691197e-13  4.63735816411867e-13
  5.20981683613008e-13  5.85177836501433e-13  6.57153667901981e-13
  7.37835837058269e-13  8.28259487107432e-13  9.29580736957306e-13
  1.04309059062680e-12  1.17023042305746e-12  1.31260921913450e-12
  1.47202276232026e-12  1.65047499126236e-12  1.85020176695455e-12
  2.07369732024929e-12  2.32374367941876e-12  2.60344341106902e-12
  2.91625604481155e-12  3.26603859353324e-12  3.65709062708748e-12
  4.09420440853939e-12  4.58272065896965e-12  5.12859058043648e-12
  5.73844483719984e-12  6.41967027410784e-12  7.18049523840548e-12
  8.03008446932266e-12  8.97864462771847e-12  1.00375416603972e-11
  1.12194313276832e-11  1.25384043745465e-11  1.40101479931253e-11
  1.56521254123890e-11  1.74837756600512e-11  1.95267357758294e-11
  2.18050880162596e-11  2.43456348836550e-11  2.71782051371314e-11
  3.03359943108148e-11  3.38559436689983e-11  3.77791619899278e-11
  4.21513950764171e-11  4.70235484689758e-11  5.24522694768499e-11
  5.85005953636614e-11  6.52386753318795e-11  7.27445748568982e-11
  8.11051719394406e-11  9.04171559881105e-11  1.00788141329119e-10
  1.12337908784583e-10  1.25199790387066e-10  1.39522214125490e-10
  1.55470427682203e-10  1.73228422434714e-10  1.93001081623609e-10
  2.15016579527337e-10  2.39529061827440e-10  2.66821641101493e-10
  2.97209745632835e-10  3.31044864530642e-10  3.68718737584722e-10
  4.10668044421964e-10  4.57379654501597e-10  5.09396507346756e-10
  5.67324201369748e-10  6.31838379744605e-10  7.03693013294700e-10
  7.83729693385356e-10  8.72888062617955e-10  9.72217527946504e-10
  1.08289041994497e-09  1.20621678368239e-09  1.34366101140405e-09
  1.49686055531846e-09  1.66764699085143e-09  1.85806973718562e-09
  2.07042278348869e-09  2.30727481653960e-09  2.57150319961713e-09
  2.86633231391206e-09  3.19537684422489e-09  3.56269067076559e-09
  3.97282212051225e-09  4.43087643622583e-09  4.94258644037872e-09
  5.51439250837845e-09  6.15353312025315e-09  6.86814743977213e-09
  7.66739157214487e-09  8.56157038564721e-09  9.56228704830790e-09
  1.06826127361013e-08  1.19372793163406e-08  1.33428982116526e-08
  1.49182091019506e-08  1.66843626484714e-08  1.86652420180492e-08
  2.08878286704455e-08  2.33826186550639e-08  2.61840965565125e-08
  2.93312752555135e-08  3.28683108388521e-08  3.68452033458709e-08
  4.13185955521037e-08  4.63526837761731e-08  5.20202566745185e-08
  5.84038803134521e-08  6.55972504160394e-08  7.37067357081187e-08
  8.28531396978833e-08  9.31737121934077e-08  1.04824446299121e-07
  1.17982701843160e-07  1.32850201958523e-07  1.49656456339807e-07
  1.68662672274247e-07  1.90166223322906e-07  2.14505755485566e-07
  2.42067022095060e-07  2.73289551582402e-07  3.08674267218279e-07
  3.48792194599982e-07  3.94294412103657e-07  4.45923421263168e-07
  5.04526139079510e-07  5.71068742610780e-07  6.46653628511830e-07
  7.32538787069651e-07  8.30159931530753e-07  9.41155771988128e-07
  1.06739687560382e-06  1.21101861735200e-06  1.37445879418588e-06
  1.56050055407107e-06  1.77232138088822e-06  2.01354897703723e-06
  2.28832499900483e-06  2.60137773165915e-06  2.95810493170762e-06
  3.36466823601768e-06  3.82810071710256e-06  4.35642937657856e-06
  4.95881460489252e-06  5.64570890090468e-06  6.42903744511070e-06
  7.32240345489951e-06  8.34132163152562e-06  9.50348342653050e-06
  1.08290583381630e-05  1.23410359709133e-05  1.40656141969094e-05
  1.60326394072679e-05  1.82761056061202e-05  2.08347198957710e-05
  2.37525428541138e-05  2.70797133033919e-05  3.08732681180615e-05
  3.51980689739642e-05  4.01278493480902e-05  4.57463965832614e-05
  5.21488856020720e-05  5.94433826378316e-05  6.77525395048144e-05
  7.72155011302236e-05  8.79900515694497e-05  1.00255026468675e-04
  1.14213022836491e-04  1.30093440310664e-04  1.48155891449941e-04
  1.68694022621519e-04  1.92039790809404e-04  2.18568246494619e-04
  2.48702877106630e-04  2.82921570905554e-04  3.21763266448918e-04
  3.65835358518576e-04  4.15821937591775e-04  4.72492946143162e-04
  5.36714341928033e-04  6.09459365511353e-04  6.91821015774726e-04
  7.85025845913591e-04  8.90449198198740e-04  1.00963200505797e-03
  1.14429929014667e-03  1.29638051144188e-03  1.46803189483534e-03
  1.66166091322636e-03  1.87995307315576e-03  2.12590117386420e-03
  2.40283721050077e-03  2.71446709294981e-03  3.06490835514971e-03
  3.45873102526847e-03  3.90100182967356e-03  4.39733188628700e-03
  4.95392804855751e-03  5.57764803008586e-03  6.27605943806630e-03
  7.05750280991623e-03  7.93115872427331e-03  8.90711902297405e-03
  9.99646213956523e-03  1.12113324805577e-02  1.25650237546277e-02
  1.40720660749597e-02  1.57483165934424e-02  1.76110533387967e-02
  1.96790718438301e-02  2.19727840349520e-02  2.45143187662048e-02
  2.73276232186720e-02  3.04385643042282e-02  3.38750290089160e-02
  3.76670225090673e-02  4.18467626770101e-02  4.64487694796714e-02
  5.15099474887305e-02  5.70696596765928e-02  6.31697902993179e-02
  6.98547946258972e-02  7.71717329666347e-02  8.51702862880338e-02
  9.39027505324444e-02  1.03424006512005e-01  1.13791462185502e-01
  1.25064963823466e-01  1.37306672658475e-01  1.50580903322989e-01
  1.64953920515905e-01  1.80493690283489e-01  1.97269582355284e-01
  2.15352020283043e-01  2.34812076157405e-01  2.55721007343257e-01
  2.78149732746148e-01  3.02168247153748e-01  3.27844972463550e-01
  3.55246045856485e-01  3.84434545625483e-01  4.15469656785066e-01
  4.48405779450629e-01  4.83291584913849e-01  5.20169024939115e-01
  5.59072302330783e-01  6.00026811283097e-01  6.43048058423381e-01
  6.88140576260075e-01  7.35296842359321e-01  7.84496218622489e-01
  8.35703925966481e-01  8.88870070317073e-01  9.43928736576722e-01
  1.00079716717880e+00  1.05937504243114e+00  1.11954387987930e+00
  1.18116657039350e+00  1.24408706944615e+00  1.30813026284402e+00
  1.37310202759324e+00  1.43878950961548e+00  1.50496164100738e+00
  1.57136991934212e+00  1.63774947010759e+00  1.70382040983423e+00
  1.76928952190093e+00  1.83385224949555e+00  1.89719500055007e+00
  1.95899774930314e+00  2.01893690778818e+00  2.07668843012379e+00
  2.13193110194173e+00  2.18434995955423e+00  2.23363977513277e+00
  2.27950854081074e+00  2.32168088039489e+00  2.35990131789028e+00
  2.39393733386265e+00  2.42358214422452e+00  2.44865714333306e+00
  2.46901396059363e+00  2.48453609013904e+00  2.49514006385099e+00
  2.50077614977334e+00  2.50142857004029e+00  2.49711524438220e+00
  2.48788707655118e+00  2.47382681142886e+00  2.45504750000397e+00
  2.43169061625120e+00  2.40392387631643e+00  2.37193881450332e+00
  2.33594817162268e+00  2.29618315308664e+00  2.25289061114339e+00
  2.20633020404305e+00  2.15677158007276e+00  2.10449162968702e+00
  2.04977184310535e+00  1.99289580462565e+00  1.93414684856802e+00
  1.87380589566382e+00  1.81214948267062e+00  1.74944799269778e+00
  1.68596408870857e+00  1.62195134884956e+00  1.55765309815405e+00
  1.49330142925020e+00  1.42911640175937e+00  1.36530540937908e+00
  1.30206270218308e+00  1.23956905163137e+00  1.17799154548199e+00
  1.11748350020864e+00  1.05818447884810e+00  1.00022040289591e+00
  9.43703747410415e-01  8.88733809319758e-01  8.35397039475453e-01
  7.83767429850371e-01  7.33906947801649e-01  6.85866010086142e-01
  6.39683990054867e-01  5.95389751384301e-01  5.53002203703854e-01
  5.12530874105296e-01  4.73976490538422e-01  4.37331572864978e-01
  4.02581027254740e-01  3.69702740981205e-01  3.38668173636582e-01
  3.09442942022997e-01  2.81987395588410e-01  2.56257179716580e-01
  2.32203784447944e-01  2.09775076359582e-01  1.88915811744846e-01
  1.69568129435249e-01  1.51672022023568e-01  1.35165784402337e-01
  1.19986439019623e-01  1.06070137232028e-01  9.33525367238393e-02
  8.17691547618218e-02  7.12556975963107e-02  6.17483661603020e-02
  5.31841384958123e-02  4.55010293517496e-02  3.86383274261808e-02
  3.25368108140248e-02  2.71389411646480e-02  2.23890370823009e-02
  1.82334273366870e-02  1.46205842225044e-02  1.15012376632667e-02
  8.82847038424740e-03  6.55779456794347e-03  4.64721033431314e-03
  3.05724640927605e-03  1.75098333132044e-03  6.94059569346882e-04
 -1.45338993606980e-04 -7.96505754775963e-04 -1.28625562381025e-03
 -1.63898214480735e-03 -1.87672860424113e-03 -2.01927224166029e-03
 -2.08422035165184e-03 -2.08711703804926e-03 -2.04155918600371e-03
 -1.95932009665239e-03 -1.85047911558878e-03 -1.72355551014857e-03
 -1.58564479967456e-03 -1.44255573819538e-03 -1.29894618156868e-03
 -1.15845614763081e-03 -1.02383649560894e-03 -8.97071804959647e-04
 -7.79496221872278e-04 -6.71901254491650e-04 -5.74634728740408e-04
 -4.87690357156237e-04 -4.10787613774102e-04 -3.43441840996952e-04
 -2.85024731131586e-04 -2.34815519663722e-04 -1.92043393552535e-04
 -1.55921752638974e-04 -1.25675063260954e-04 -1.00559110398955e-04
 -7.98754891156630e-05 -6.29811805078462e-05 -4.92940353683971e-05
 -3.82949448015043e-05 -2.95274158935187e-05 -2.25951972508551e-05
 -1.71585184831802e-05 -1.29294239608270e-05 -9.66659819529034e-06
 -7.17000100566392e-06 -5.27555778801355e-06 -3.85008505135205e-06
 -2.78657514883349e-06 -1.99991698958659e-06 -1.42309124308740e-06
 -1.00384894002342e-06 -7.01860083416679e-07 -4.86303509823154e-07
 -3.33859262876338e-07 -2.27059367604318e-07 -1.52951052465912e-07
 -1.02027178807870e-07 -6.73812669744281e-08 -4.40481819276770e-08
 -2.84960169516494e-08 -1.82391839123646e-08 -1.15474429786728e-08
 -7.22960948116232e-09 -4.47485591937012e-09 -2.73752619880263e-09
 -1.65475669438764e-09 -9.88031130554975e-10 -5.82577168658246e-10
 -3.39093901590599e-10 -1.94786671604375e-10 -1.10381848609096e-10
 -6.16871602372484e-11 -3.39871779465056e-11 -1.84545878402375e-11
 -9.87188961160083e-12 -5.20039440713389e-12 -2.69675305277815e-12
 -1.37606595518184e-12 -6.90637428027632e-13 -3.40791382707629e-13
 -1.65258848510413e-13 -7.87197291501955e-14 -3.68167340971711e-14
 -1.68983636186191e-14 -7.60801470081951e-15 -3.35822432201507e-15
 -1.45257594887733e-15 -6.15362034940140e-16 -2.55184403718941e-16
 -1.03532105224361e-16 -4.10703988286438e-17 -1.59224132474946e-17
 -6.03189158359132e-18 -2.23051538600234e-18 -8.04646481367383e-19
 -2.83011694733148e-19 -9.70059718128481e-20 -3.23993887994682e-20
 -1.05555832557722e-20 -3.34841740718958e-21 -1.03174820910718e-21
 -3.08578087365691e-22 -8.95129821304917e-23 -2.51652132169041e-23
 -6.85116464238578e-24 -1.80477984050872e-24
 (i6, f12.0, f18.0, f8.3, i6)
   665  60.0000000  0.02500000000000  26.000     2
 (3e22.14)
  2.89367842428521e-06  3.03926416341748e-06  3.19217416628354e-06
  3.35277687848344e-06  3.52145927786660e-06  3.69862780649627e-06
  3.88470934946756e-06  4.08015226293345e-06  4.28542745381153e-06
  4.50102951376806e-06  4.72747791020820e-06  4.96531823713256e-06
  5.21512352887446e-06  5.47749563986777e-06  5.75306669377661e-06
  6.04250060544967e-06  6.34649467939119e-06  6.66578128853998e-06
  7.00112963747166e-06  7.35334761414569e-06  7.72328373479453e-06
  8.11182918647646e-06  8.51991997233088e-06  8.94853916459905e-06
  9.39871927087976e-06  9.87154471926338e-06  1.03681544683683e-05
  1.08897447484644e-05  1.14375719403889e-05  1.20129555990215e-05
  1.26172816287267e-05  1.32520056182669e-05  1.39186563432849e-05
  1.46188394446772e-05  1.53542412918116e-05  1.61266330396678e-05
  1.69378748899152e-05  1.77899205658156e-05  1.86848220120296e-05
  1.96247343303171e-05  2.06119209631697e-05  2.16487591376885e-05
  2.27377455828524e-05  2.38815025337727e-05  2.50827840375071e-05
  2.63444825752814e-05  2.76696360173776e-05  2.90614349268731e-05
  3.05232302302389e-05  3.20585412727386e-05  3.36710642782369e-05
  3.53646812334886e-05  3.71434692183272e-05  3.90117102039082e-05
  4.09739013427574e-05  4.30347657748026e-05  4.51992639759006e-05
  4.74726056751944e-05  4.98602623706660e-05  5.23679804720816e-05
  5.50017951032862e-05  5.77680445965174e-05  6.06733857136336e-05
  6.37248096303146e-05  6.69296587219224e-05  7.02956441903577e-05
  7.38308645751097e-05  7.75438251913121e-05  8.14434585426523e-05
  8.55391457566040e-05  8.98407390940114e-05  9.43585855861684e-05
  9.91035518561691e-05  1.04087050183171e-04  1.09321065872525e-04
  1.14818185995701e-04  1.20591629570317e-04  1.26655279249799e-04
  1.33023714600554e-04  1.39712247043729e-04  1.46736956546192e-04
  1.54114730147044e-04  1.61863302411966e-04  1.70001297910601e-04
  1.78548275819338e-04  1.87524776753339e-04  1.96952371941489e-04
  2.06853714858437e-04  2.17252595438263e-04  2.28173996996761e-04
  2.39644155998678e-04  2.51690624809431e-04  2.64342337583162e-04
  2.77629679438333e-04  2.91584559090291e-04  3.06240485106687e-04
  3.21632645970826e-04  3.37797994138703e-04  3.54775334290198e-04
  3.72605415981151e-04  3.91331030916763e-04  4.10997115072547e-04
  4.31650855908018e-04  4.53341804918860e-04  4.76121995800739e-04
  5.00046068493854e-04  5.25171399407234e-04  5.51558238123183e-04
  5.79269850906027e-04  6.08372671349142e-04  6.38936458516543e-04
  6.71034462944228e-04  7.04743600897530e-04  7.40144637280585e-04
  7.77322377639457e-04  8.16365869692234e-04  8.57368614868943e-04
  9.00428790345109e-04  9.45649482091570e-04  9.93138929478414e-04
  1.04301078200701e-03  1.09538436875754e-03  1.15038498119041e-03
  1.20814416993751e-03  1.26880005629470e-03  1.33249765911036e-03
  1.39938923784704e-03  1.46963465259202e-03  1.54340174185629e-03
  1.62086671902431e-03  1.70221458837544e-03  1.78763958161760e-03
  1.87734561595552e-03  1.97154677471670e-03  2.07046781166073e-03
  2.17434468010204e-03  2.28342508806915e-03  2.39796908074987e-03
  2.51824965156820e-03  2.64455338324660e-03  2.77718112035589e-03
  2.91644867481498e-03  3.06268756599530e-03  3.21624579704861e-03
  3.37748866924135e-03  3.54679963610453e-03  3.72458119933112e-03
  3.91125584840653e-03  4.10726704610379e-03  4.31308026199235e-03
  4.52918405633067e-03  4.75609121666140e-03  4.99433994971947e-03
  5.24449513120881e-03  5.50714961626063e-03  5.78292561342125e-03
  6.07247612521179e-03  6.37648645837850e-03  6.69567580718567e-03
  7.03079891311512e-03  7.38264780469661e-03  7.75205362108458e-03
  8.13988852347647e-03  8.54706769834979e-03  8.97455145691335e-03
  9.42334743520181e-03  9.89451289954907e-03  1.03891571622777e-02
  1.09084441128119e-02  1.14535948694071e-02  1.20258905572766e-02
  1.26266752186669e-02  1.32573588612225e-02  1.39194206507321e-02
  1.46144122550253e-02  1.53439613457957e-02  1.61097752656076e-02
  1.69136448674570e-02  1.77574485348462e-02  1.86431563902352e-02
  1.95728347006906e-02  2.05486504890775e-02  2.15728763604354e-02
  2.26478955526670e-02  2.37762072217517e-02  2.49604319716246e-02
  2.62033176395886e-02  2.75077453482279e-02  2.88767358357040e-02
  3.03134560760527e-02  3.18212262024887e-02  3.34035267461794e-02
  3.50640062043680e-02  3.68064889514887e-02  3.86349835080386e-02
  4.05536911817755e-02  4.25670150974439e-02  4.46795696301277e-02
  4.68961902600524e-02  4.92219438648289e-02  5.16621394679157e-02
  5.42223394609631e-02  5.69083713194111e-02  5.97263398305726e-02
  6.26826398547660e-02  6.57839696396098e-02  6.90373447098384e-02
  7.24501123531872e-02  7.60299667267336e-02  7.97849646049967e-02
  8.37235417952070e-02  8.78545302429585e-02  9.21871758539127e-02
  9.67311570565070e-02  1.01496604132442e-01  1.06494119340362e-01
  1.11734797861541e-01  1.17230249592527e-01  1.22992621815891e-01
  1.29034622773989e-01  1.35369546177275e-01  1.42011296673954e-01
  1.48974416311366e-01  1.56274112017299e-01  1.63926284131798e-01
  1.71947556016628e-01  1.80355304774605e-01  1.89167693103037e-01
  1.98403702315480e-01  2.08083166553649e-01  2.18226808221978e-01
  2.28856274667485e-01  2.39994176132691e-01  2.51664125003993e-01
  2.63890776380628e-01  2.76699869981616e-01  2.90118273415666e-01
  3.04174026822726e-01  3.18896388912267e-01  3.34315884399027e-01
  3.50464352854328e-01  3.67374998971260e-01  3.85082444249102e-01
  4.03622780090524e-01  4.23033622307821e-01  4.43354167017993e-01
  4.64625247917939e-01  4.86889394898868e-01  5.10190893986378e-01
  5.34575848545669e-01  5.60092241720360e-01  5.86790000034554e-01
  6.14721058097917e-01  6.43939424329122e-01  6.74501247615190e-01
  7.06464884791297e-01  7.39890968843710e-01  7.74842477676956e-01
  8.11384803333304e-01  8.49585821464202e-01  8.89515960903371e-01
  9.31248273117819e-01  9.74858501328924e-01  1.02042514904875e+00
  1.06802954777853e+00  1.11775592355407e+00  1.16969146205401e+00
  1.22392637187323e+00  1.28055394564816e+00  1.33967061855870e+00
  1.40137602382275e+00  1.46577304466537e+00  1.53296786227499e+00
  1.60306999917453e+00  1.67619235744141e+00  1.75245125110027e+00
  1.83196643207315e+00  1.91486110887121e+00  2.00126195737077e+00
  2.09129912273245e+00  2.18510621169461e+00  2.28282027424286e+00
  2.38458177372390e+00  2.49053454433492e+00  2.60082573494706e+00
  2.71560573804359e+00  2.83502810268312e+00  2.95924943006580e+00
  3.08842925058872e+00  3.22272988080420e+00  3.36231625903366e+00
  3.50735575802154e+00  3.65801797317902e+00  3.81447448475579e+00
  3.97689859240925e+00  4.14546502034438e+00  4.32034959152401e+00
  4.50172886892231e+00  4.68977976239098e+00  4.88467909900359e+00
  5.08660315539185e+00  5.29572715002439e+00  5.51222469391947e+00
  5.73626719767150e+00  5.96802323360336e+00  6.20765785078076e+00
  6.45533184191921e+00  6.71120096022929e+00  6.97541508519638e+00
  7.24811733576794e+00  7.52944313035302e+00  7.81951919210409e+00
  8.11846249984968e+00  8.42637918314741e+00  8.74336336259653e+00
  9.06949593471239e+00  9.40484330271273e+00  9.74945605386110e+00
  1.01033675852807e+01  1.04665926798123e+01  1.08391260352392e+01
  1.12209407491288e+01  1.16119867644581e+01  1.20121892791173e+01
  1.24214471261958e+01  1.28396311299134e+01  1.32665824453632e+01
  1.37021108889801e+01  1.41459932701849e+01  1.45979717321022e+01
  1.50577521152795e+01  1.55250023533269e+01  1.59993509171180e+01
  1.64803853193584e+01  1.69676506973299e+01  1.74606484893876e+01
  1.79588352246154e+01  1.84616214437556e+01  1.89683707737607e+01
  1.94783991755180e+01  1.99909743907885e+01  2.05053156078984e+01
  2.10205933765055e+01  2.15359297913661e+01  2.20503989764241e+01
  2.25630278921327e+01  2.30727974964895e+01  2.35786442827468e+01
  2.40794622267000e+01  2.45741051617770e+01  2.50613896171086e+01
  2.55400981332975e+01  2.60089830865101e+01  2.64667710355680e+01
  2.69121676150734e+01  2.73438629834221e+01  2.77605378458639e+01
  2.81608700479066e+01  2.85435417553558e+01  2.89072472044356e+01
  2.92507010241314e+01  2.95726471070297e+01  2.98718680125955e+01
  3.01471948640082e+01  3.03975177106699e+01  3.06217962934862e+01
  3.08190711716986e+01  3.09884751279441e+01  3.11292447857600e+01
  3.12407323424330e+01  3.13224173244116e+01  3.13739182475262e+01
  3.13950040716618e+01  3.13856053047663e+01  3.13458246325596e+01
  3.12759469043933e+01  3.11764483351144e+01  3.10480047427900e+01
  3.08914986611481e+01  3.07080251428836e+01  3.04988960864569e+01
  3.02656428938326e+01  3.00100173032630e+01  2.97339902049149e+01
  2.94397482976574e+01  2.91296884192123e+01  2.88064094245768e+01
  2.84727014839848e+01  2.81315327135987e+01  2.77860330512888e+01
  2.74394753523145e+01  2.70952536711011e+01  2.67568587727550e+01
  2.64278509200774e+01  2.61118300498027e+01  2.58124034771048e+01
  2.55331513302239e+01  2.52775899411339e+01  2.50491334992490e+01
  2.48510542813184e+01  2.46864418599108e+01  2.45581617074109e+01
  2.44688136676589e+01  2.44206908125560e+01  2.44157392203328e+01
  2.44555192597943e+01  2.45411689734954e+01  2.46733701803891e+01
  2.48523179177850e+01  2.50776938500257e+01  2.53486442530196e+01
  2.56637631705215e+01  2.60210812999320e+01  2.64180611281644e+01
  2.68515987815546e+01  2.73180329859249e+01  2.78131614634970e+01
  2.83322649961719e+01  2.88701392952436e+01  2.94211347080134e+01
  2.99792036708669e+01  3.05379557129255e+01  3.10907196619667e+01
  3.16306126061812e+01  3.21506150016474e+01  3.26436512126995e+01
  3.31026746244746e+01  3.35207563634200e+01  3.38911765226137e+01
  3.42075167266639e+01  3.44637527222652e+01  3.46543456713453e+01
  3.47743307039909e+01  3.48194012961386e+01  3.47859879904865e+01
  3.46713300032961e+01  3.44735382693236e+01  3.41916485671705e+01
  3.38256634019965e+01  3.33765814880502e+01  3.28464137617263e+01
  3.22381850583500e+01  3.15559207580255e+01  3.08046179339796e+01
  2.99902007699896e+01  2.91194602985289e+01  2.81999787554723e+01
  2.72400391938435e+01  2.62485212541199e+01  2.52347843386124e+01
  2.42085397189044e+01  2.31797134112187e+01  2.21583019314318e+01
  2.11542232876088e+01  2.01771657835557e+01  1.92364373737541e+01
  1.83408184169441e+01  1.74984207405476e+01  1.67165558774248e+01
  1.60016152904713e+01  1.53589651739641e+01  1.47928582307578e+01
  1.43063644688088e+01  1.39013227071228e+01  1.35783140401634e+01
  1.33366580474278e+01  1.31744320344905e+01  1.30885130903895e+01
  1.30746422397024e+01  1.31275094757760e+01  1.32408579920246e+01
  1.34076054891186e+01  1.36199800368421e+01  1.38696676204985e+01
  1.41479682100711e+01  1.44459569731281e+01  1.47546471123169e+01
  1.50651507636731e+01  1.53688344409907e+01  1.56574656640347e+01
  1.59233476586491e+01  1.61594393601721e+01  1.63594583777318e+01
  1.65179650699225e+01  1.66304264245902e+01  1.66932590073847e+01
  1.67038508209219e+01  1.66605624842721e+01  1.65627086688464e+01
  1.64105212104050e+01  1.62050957242901e+01  1.59483238879186e+01
  1.56428138010111e+01  1.52918009924325e+01  1.48990527163393e+01
  1.44687681649551e+01  1.40054771364773e+01  1.35139395418417e+01
  1.29990479189496e+01  1.24657348703460e+01  1.19188870529061e+01
  1.13632670429750e+01  1.08034440907875e+01  1.02437344678604e+01
  9.68815181773573e+00  9.14036764257317e+00  8.60368180962440e+00
  8.08100273824603e+00  7.57483674157016e+00  7.08728583984700e+00
  6.62005323905602e+00  6.17445558247049e+00  5.75144101972115e+00
  5.35161211208813e+00  4.97525258732593e+00  4.62235697863092e+00
  4.29266222295889e+00  3.98568035215574e+00  3.70073148265705e+00
  3.43697639286311e+00  3.19344806855996e+00  2.96908169264314e+00
  2.76274265365680e+00  2.57325224478162e+00  2.39941081933081e+00
  2.24001825758761e+00  2.09389168147086e+00  1.95988042717821e+00
  1.83687834859414e+00  1.72383357777350e+00  1.61975591129160e+00
  1.52372202216640e+00  1.43487871989551e+00  1.35244449223343e+00
  1.27570956710860e+00  1.20403472924862e+00  1.13684911693575e+00
  1.07364721022898e+00  1.01398520439854e+00  9.57476942424065e-01
  9.03789559278551e-01  8.52638968996472e-01  8.03785304641104e-01
  7.57028400772377e-01  7.12203389914200e-01  6.69176467129194e-01
  6.27840862784355e-01  5.88113050475745e-01  5.49929207039889e-01
  5.13241933264304e-01  4.78017237243653e-01  4.44231778113145e-01
  4.11870364247519e-01  3.80923698402867e-01  3.51386361057673e-01
  3.23255023087188e-01  2.96526878839857e-01  2.71198291388479e-01
  2.47263641977436e-01  2.24714376199382e-01  2.03538239552370e-01
  1.83718694999488e-01  1.65234514682741e-01  1.48059537295632e-01
  1.32162581494121e-01  1.17507504630749e-01  1.04053394509458e-01
  9.17548805842623e-02  8.05625493907245e-02  7.04234479320336e-02
  6.12816574651731e-02  5.30789195587405e-02  4.57552958828484e-02
  3.92498433303857e-02  3.35012866292112e-02  2.84486716708219e-02
  2.40319842663021e-02  2.01927209466890e-02  1.68744006402078e-02
  1.40230085321414e-02  1.15873660165393e-02  9.51942330244124e-03
  7.77447381668550e-03  6.31129197061519e-03  5.09219802697124e-03
  4.08305565970445e-03  3.25320928047319e-03  2.57536929099639e-03
  2.02545409370260e-03  1.58239797209778e-03  1.22793386345623e-03
  9.46359636439297e-04  7.24295811054515e-04  5.50441780850861e-04
  4.15336582204891e-04  3.11129167721233e-04  2.31362037632145e-04
  1.70771016518479e-04  1.25102973027232e-04  9.09523989726762e-05
  6.56170106130455e-05  4.69719193183609e-05  3.33614421849047e-05
  2.35072787927076e-05  1.64315570677778e-05  1.13931324628855e-05
  7.83549363186160e-06  5.34466560728882e-06  3.61559027119456e-06
  2.42558837780873e-06  1.61365201858173e-06  1.06447088712174e-06
  6.96249865445826e-07  4.51522766562852e-07  2.90303207458984e-07
  1.85035000087017e-07  1.16910845491172e-07  7.32182064015391e-08
  4.54470510999070e-08  2.79554443032452e-08  1.70390374479895e-08
  1.02890478908595e-08  6.15433288305838e-09  3.64562500509538e-09
  2.13821368802865e-09  1.24135262353101e-09  7.13168241598055e-10
  4.05298141054447e-10  2.27779852954180e-10  1.26537386790016e-10
  6.94565730377154e-11  3.76552465855629e-11  2.01538792791615e-11
  1.06439841147628e-11  5.54429349805577e-12  2.84683563011433e-12
  1.44020789182521e-12  7.17468381037615e-13  3.51770809617203e-13
  1.69651415571443e-13  8.04369602007083e-14  3.74725555506601e-14
  1.71428184406610e-14  7.69689433026009e-15  3.38972542151497e-15
  1.46345260319631e-15  6.19018145601922e-16  2.56380040395846e-16
  1.03911942049526e-16  4.11876194631217e-17  1.59575289288452e-17
  6.04209535996936e-18  2.23338912970629e-18  8.05430305005017e-19
  2.83218575030766e-19  9.70587663085547e-20  3.24124041543017e-20
  1.05586802539440e-20  3.34912805354942e-21  1.03190531554317e-21
  3.08611518595250e-22  8.95198229534940e-23  2.51665579343744e-23
  6.85141831791831e-24  1.80482571781642e-24
  2.48760274254441e-24  2.83795082597790e-24  3.23762551433679e-24
  3.69356899153118e-24  4.21370005483206e-24  4.80705142795164e-24
  5.48392636824174e-24  6.25607727693789e-24  7.13690940137783e-24
  8.14171315124962e-24  9.28792904509984e-24  1.05954498660654e-23
  1.20869652480645e-23  1.37883546453274e-23  1.57291354725511e-23
  1.79429741539554e-23  2.04682689036955e-23  2.33488142959407e-23
  2.66345590915687e-23  3.03824703942648e-23  3.46575190388854e-23
  3.95338032012133e-23  4.50958295957329e-23  5.14399743380223e-23
  5.86761486367214e-23  6.69296979999667e-23  7.63435676521219e-23
  8.70807714283228e-23  9.93272066229091e-23  1.13294863204318e-22
  1.29225482572533e-22  1.47394728742473e-22  1.68116943618227e-22
  1.91750568028317e-22  2.18704321591889e-22  2.49444247471985e-22
  2.84501742869014e-22  3.24482712960319e-22  3.70078005194050e-22
  4.22075302714911e-22  4.81372680612468e-22  5.48994057057502e-22
  6.26106803710494e-22  7.14041816592465e-22  8.14316390528426e-22
  9.28660288006708e-22  1.05904544766083e-21  1.20771983947471e-21
  1.37724604429450e-21  1.57054521547423e-21  1.79094717184455e-21
  2.04224747520057e-21  2.32877246391432e-21  2.65545334904888e-21
  3.02791063277818e-21  3.45255028352236e-21  3.93667330094986e-21
  4.48860053016417e-21  5.11781484176897e-21  5.83512308737849e-21
  6.65284057336620e-21  7.58500117480555e-21  8.64759664285810e-21
  9.85884914959632e-21  1.12395216723634e-20  1.28132714546737e-20
  1.46070525026968e-20  1.66515738975452e-20  1.89818216373626e-20
  2.16376527850378e-20  2.46644719045456e-20  2.81140011414793e-20
  3.20451568634496e-20  3.65250475495901e-20  4.16301096340225e-20
  4.74474002989536e-20  5.40760688162162e-20  6.16290309940108e-20
  7.02348746460607e-20  8.00400278183442e-20  9.12112258449999e-20
  1.03938318230769e-19  1.18437461951095e-19  1.34954754113306e-19
  1.53770364134479e-19  1.75203233780426e-19  1.99616422704714e-19
  2.27423187677637e-19  2.59093895668231e-19  2.95163884529857e-19
  3.36242400456143e-19  3.83022758863775e-19  4.36293895197140e-19
  4.96953494651317e-19  5.66022915325614e-19  6.44664148253508e-19
  7.34199090555148e-19  8.36131445140977e-19  9.52171602536474e-19
  1.08426490815360e-18  1.23462377244358e-18  1.40576414266585e-18
  1.60054692444076e-18  1.82222501988905e-18  2.07449673820291e-18
  2.36156643530095e-18  2.68821335333147e-18  3.05986975993638e-18
  3.48270963332748e-18  3.96374930456962e-18  4.51096165548996e-18
  5.13340568216477e-18  5.84137347310596e-18  6.64655692170000e-18
  7.56223679808569e-18  8.60349715110509e-18  9.78746840124958e-18
  1.11336029264482e-17  1.26639874405245e-17  1.44036970265170e-17
  1.63811963219121e-17  1.86287940695002e-17  2.11831580562592e-17
  2.40858983752019e-17  2.73842279743183e-17  3.11317106177410e-17
  3.53891076929387e-17  4.02253367734319e-17  4.57185565092919e-17
  5.19573942915210e-17  5.90423352471153e-17  6.70872934990541e-17
  7.62213893019629e-17  8.65909586780259e-17  9.83618255684217e-17
  1.11721870332243e-16  1.26883932716698e-16  1.44089092250554e-16
  1.63610374440250e-16  1.85756937250211e-16  2.10878799204593e-16
  2.39372178153449e-16  2.71685518397073e-16  3.08326293582281e-16
  3.49868683691639e-16  3.96962236692597e-16  4.50341639153123e-16
  5.10837735543401e-16  5.79389953232912e-16  6.57060309569659e-16
  7.45049199167152e-16  8.44713183859998e-16  9.57585035088665e-16
  1.08539630901823e-15  1.23010276892789e-15  1.39391300771548e-15
  1.57932066624988e-15  1.78914069127933e-15  2.02655013030951e-15
  2.29513402086896e-15  2.59893699876922e-15  2.94252132496217e-15
  3.33103211453165e-15  3.77027064504697e-15  4.26677672623925e-15
  4.82792122985984e-15  5.46201000923576e-15  6.17840058367086e-15
  6.98763312570259e-15  7.90157747058980e-15  8.93359807006505e-15
  1.00987390382137e-14  1.14139316892457e-14  1.28982272478506e-14
  1.45730577257077e-14  1.64625283070406e-14  1.85937449741714e-14
  2.09971815381611e-14  2.37070907209513e-14  2.67619644736926e-14
  3.02050493135514e-14  3.40849231277297e-14  3.84561406344376e-14
  4.33799555163534e-14  4.89251281593671e-14  5.51688289521337e-14
  6.21976482374956e-14  7.01087252722460e-14  7.90110099558850e-14
  8.90266726560806e-14  1.00292679192543e-13  1.12962549979694e-13
  1.27208324473012e-13  1.43222754456333e-13  1.61221752361285e-13
  1.81447123763443e-13  2.04169616477259e-13  2.29692322323316e-13
  2.58354471683337e-13  2.90535665472832e-13  3.26660594149742e-13
  3.67204298947948e-13  4.12698036691197e-13  4.63735816411867e-13
  5.20981683613008e-13  5.85177836501433e-13  6.57153667901981e-13
  7.37835837058269e-13  8.28259487107432e-13  9.29580736957306e-13
  1.04309059062680e-12  1.17023042305746e-12  1.31260921913450e-12
  1.47202276232026e-12  1.65047499126236e-12  1.85020176695455e-12
  2.07369732024929e-12  2.32374367941876e-12  2.60344341106902e-12
  2.91625604481155e-12  3.26603859353324e-12  3.65709062708748e-12
  4.09420440853939e-12  4.58272065896965e-12  5.12859058043648e-12
  5.73844483719984e-12  6.41967027410784e-12  7.18049523840548e-12
  8.03008446932266e-12  8.97864462771847e-12  1.00375416603972e-11
  1.12194313276832e-11  1.25384043745465e-11  1.40101479931253e-11
  1.56521254123890e-11  1.74837756600512e-11  1.95267357758294e-11
  2.18050880162596e-11  2.43456348836550e-11  2.71782051371314e-11
  3.03359943108148e-11  3.38559436689983e-11  3.77791619899278e-11
  4.21513950764171e-11  4.70235484689758e-11  5.24522694768499e-11
  5.85005953636614e-11  6.52386753318795e-11  7.27445748568982e-11
  8.11051719394406e-11  9.04171559881105e-11  1.00788141329119e-10
  1.12337908784583e-10  1.25199790387066e-10  1.39522214125490e-10
  1.55470427682203e-10  1.73228422434714e-10  1.93001081623609e-10
  2.15016579527337e-10  2.39529061827440e-10  2.66821641101493e-10
  2.97209745632835e-10  3.31044864530642e-10  3.68718737584722e-10
  4.10668044421964e-10  4.57379654501597e-10  5.09396507346756e-10
  5.67324201369748e-10  6.31838379744605e-10  7.03693013294700e-10
  7.83729693385356e-10  8.72888062617955e-10  9.72217527946504e-10
  1.08289041994497e-09  1.20621678368239e-09  1.34366101140405e-09
  1.49686055531846e-09  1.66764699085143e-09  1.85806973718562e-09
  2.07042278348869e-09  2.30727481653960e-09  2.57150319961713e-09
  2.86633231391206e-09  3.19537684422489e-09  3.56269067076559e-09
  3.97282212051225e-09  4.43087643622583e-09  4.94258644037872e-09
  5.51439250837845e-09  6.15353312025315e-09  6.86814743977213e-09
  7.66739157214487e-09  8.56157038564721e-09  9.56228704830790e-09
  1.06826127361013e-08  1.19372793163406e-08  1.33428982116526e-08
  1.49182091019506e-08  1.66843626484714e-08  1.86652420180492e-08
  2.08878286704455e-08  2.33826186550639e-08  2.61840965565125e-08
  2.93312752555135e-08  3.28683108388521e-08  3.68452033458709e-08
  4.13185955521037e-08  4.63526837761731e-08  5.20202566745185e-08
  5.84038803134521e-08  6.55972504160394e-08  7.37067357081187e-08
  8.28531396978833e-08  9.31737121934077e-08  1.04824446299121e-07
  1.17982701843160e-07  1.32850201958523e-07  1.49656456339807e-07
  1.68662672274247e-07  1.90166223322906e-07  2.14505755485566e-07
  2.42067022095060e-07  2.73289551582402e-07  3.08674267218279e-07
  3.48792194599982e-07  3.94294412103657e-07  4.45923421263168e-07
  5.04526139079510e-07  5.71068742610780e-07  6.46653628511830e-07
  7.32538787069651e-07  8.30159931530753e-07  9.41155771988128e-07
  1.06739687560382e-06  1.21101861735200e-06  1.37445879418588e-06
  1.56050055407107e-06  1.77232138088822e-06  2.01354897703723e-06
  2.28832499900483e-06  2.60137773165915e-06  2.95810493170762e-06
  3.36466823601768e-06  3.82810071710256e-06  4.35642937657856e-06
  4.95881460489252e-06  5.64570890090468e-06  6.42903744511070e-06
  7.32240345489951e-06  8.34132163152562e-06  9.50348342653050e-06
  1.08290583381630e-05  1.23410359709133e-05  1.40656141969094e-05
  1.60326394072679e-05  1.82761056061202e-05  2.08347198957710e-05
  2.37525428541138e-05  2.70797133033919e-05  3.08732681180615e-05
  3.51980689739642e-05  4.01278493480902e-05  4.57463965832614e-05
  5.21488856020720e-05  5.94433826378316e-05  6.77525395048144e-05
  7.72155011302236e-05  8.79900515694497e-05  1.00255026468675e-04
  1.14213022836491e-04  1.30093440310664e-04  1.48155891449941e-04
  1.68694022621519e-04  1.92039790809404e-04  2.18568246494619e-04
  2.48702877106630e-04  2.82921570905554e-04  3.21763266448918e-04
  3.65835358518576e-04  4.15821937591775e-04  4.72492946143162e-04
  5.36714341928033e-04  6.09459365511353e-04  6.91821015774726e-04
  7.85025845913591e-04  8.90449198198740e-04  1.00963200505797e-03
  1.14429929014667e-03  1.29638051144188e-03  1.46803189483534e-03
  1.66166091322636e-03  1.87995307315576e-03  2.12590117386420e-03
  2.40283721050077e-03  2.71446709294981e-03  3.06490835514971e-03
  3.45873102526847e-03  3.90100182967356e-03  4.39733188628700e-03
  4.95392804855751e-03  5.57764803008586e-03  6.27605943806630e-03
  7.05750280991623e-03  7.93115872427331e-03  8.90711902297405e-03
  9.99646213956523e-03  1.12113324805577e-02  1.25650237546277e-02
  1.40720660749597e-02  1.57483165934424e-02  1.76110533387967e-02
  1.96790718438301e-02  2.19727840349520e-02  2.45143187662048e-02
  2.73276232186720e-02  3.04385643042282e-02  3.38750290089160e-02
  3.76670225090673e-02  4.18467626770101e-02  4.64487694796714e-02
  5.15099474887305e-02  5.70696596765928e-02  6.31697902993179e-02
  6.98547946258972e-02  7.71717329666347e-02  8.51702862880338e-02
  9.39027505324444e-02  1.03424006512005e-01  1.13791462185502e-01
  1.25064963823466e-01  1.37306672658475e-01  1.50580903322989e-01
  1.64953920515905e-01  1.80493690283489e-01  1.97269582355284e-01
  2.15352020283043e-01  2.34812076157405e-01  2.55721007343257e-01
  2.78149732746148e-01  3.02168247153748e-01  3.27844972463550e-01
  3.55246045856485e-01  3.84434545625483e-01  4.15469656785066e-01
  4.48405779450629e-01  4.83291584913849e-01  5.20169024939115e-01
  5.59072302330783e-01  6.00026811283097e-01  6.43048058423381e-01
  6.88140576260075e-01  7.35296842359321e-01  7.84496218622489e-01
  8.35703925966481e-01  8.88870070317073e-01  9.43928736576722e-01
  1.00079716717880e+00  1.05937504243114e+00  1.11954387987930e+00
  1.18116657039350e+00  1.24408706944615e+00  1.30813026284402e+00
  1.37310202759324e+00  1.43878950961548e+00  1.50496164100738e+00
  1.57136991934212e+00  1.63774947010759e+00  1.70382040983423e+00
  1.76928952190093e+00  1.83385224949555e+00  1.89719500055007e+00
  1.95899774930314e+00  2.01893690778818e+00  2.07668843012379e+00
  2.13193110194173e+00  2.18434995955423e+00  2.23363977513277e+00
  2.27950854081074e+00  2.32168088039489e+00  2.35990131789028e+00
  2.39393733386265e+00  2.42358214422452e+00  2.44865714333306e+00
  2.46901396059363e+00  2.48453609013904e+00  2.49514006385099e+00
  2.50077614977334e+00  2.50142857004029e+00  2.49711524438220e+00
  2.48788707655118e+00  2.47382681142886e+00  2.45504750000397e+00
  2.43169061625120e+00  2.40392387631643e+00  2.37193881450332e+00
  2.33594817162268e+00  2.29618315308664e+00  2.25289061114339e+00
  2.20633020404305e+00  2.15677158007276e+00  2.10449162968702e+00
  2.04977184310535e+00  1.99289580462565e+00  1.93414684856802e+00
  1.87380589566382e+00  1.81214948267062e+00  1.74944799269778e+00
  1.68596408870857e+00  1.62195134884956e+00  1.55765309815405e+00
  1.49330142925020e+00  1.42911640175937e+00  1.36530540937908e+00
  1.30206270218308e+00  1.23956905163137e+00  1.17799154548199e+00
  1.11748350020864e+00  1.05818447884810e+00  1.00022040289591e+00
  9.43703747410415e-01  8.88733809319758e-01  8.35397039475453e-01
  7.83767429850371e-01  7.33906947801649e-01  6.85866010086142e-01
  6.39683990054867e-01  5.95389751384301e-01  5.53002203703854e-01
  5.12530874105296e-01  4.73976490538422e-01  4.37331572864978e-01
  4.02581027254740e-01  3.69702740981205e-01  3.38668173636582e-01
  3.09442942022997e-01  2.81987395588410e-01  2.56257179716580e-01
  2.32203784447944e-01  2.09775076359582e-01  1.88915811744846e-01
  1.69568129435249e-01  1.51672022023568e-01  1.35165784402337e-01
  1.19986439019623e-01  1.06070137232028e-01  9.33525367238393e-02
  8.17691547618218e-02  7.12556975963107e-02  6.17483661603020e-02
  5.31841384958123e-02  4.55010293517496e-02  3.86383274261808e-02
  3.25368108140248e-02  2.71389411646480e-02  2.23890370823009e-02
  1.82334273366870e-02  1.46205842225044e-02  1.15012376632667e-02
  8.82847038424740e-03  6.55779456794347e-03  4.64721033431314e-03
  3.05724640927605e-03  1.75098333132044e-03  6.94059569346882e-04
 -1.45338993606980e-04 -7.96505754775963e-04 -1.28625562381025e-03
 -1.63898214480735e-03 -1.87672860424113e-03 -2.01927224166029e-03
 -2.08422035165184e-03 -2.08711703804926e-03 -2.04155918600371e-03
 -1.95932009665239e-03 -1.85047911558878e-03 -1.72355551014857e-03
 -1.58564479967456e-03 -1.44255573819538e-03 -1.29894618156868e-03
 -1.15845614763081e-03 -1.02383649560894e-03 -8.97071804959647e-04
 -7.79496221872278e-04 -6.71901254491650e-04 -5.74634728740408e-04
 -4.87690357156237e-04 -4.10787613774102e-04 -3.43441840996952e-04
 -2.85024731131586e-04 -2.34815519663722e-04 -1.92043393552535e-04
 -1.55921752638974e-04 -1.25675063260954e-04 -1.00559110398955e-04
 -7.98754891156630e-05 -6.29811805078462e-05 -4.92940353683971e-05
 -3.82949448015043e-05 -2.95274158935187e-05 -2.25951972508551e-05
 -1.71585184831802e-05 -1.29294239608270e-05 -9.66659819529034e-06
 -7.17000100566392e-06 -5.27555778801355e-06 -3.85008505135205e-06
 -2.78657514883349e-06 -1.99991698958659e-06 -1.42309124308740e-06
 -1.00384894002342e-06 -7.01860083416679e-07 -4.86303509823154e-07
 -3.33859262876338e-07 -2.27059367604318e-07 -1.52951052465912e-07
 -1.02027178807870e-07 -6.73812669744281e-08 -4.40481819276770e-08
 -2.84960169516494e-08 -1.82391839123646e-08 -1.15474429786728e-08
 -7.22960948116232e-09 -4.47485591937012e-09 -2.73752619880263e-09
 -1.65475669438764e-09 -9.88031130554975e-10 -5.82577168658246e-10
 -3.39093901590599e-10 -1.94786671604375e-10 -1.10381848609096e-10
 -6.16871602372484e-11 -3.39871779465056e-11 -1.84545878402375e-11
 -9.87188961160083e-12 -5.20039440713389e-12 -2.69675305277815e-12
 -1.37606595518184e-12 -6.90637428027632e-13 -3.40791382707629e-13
 -1.65258848510413e-13 -7.87197291501955e-14 -3.68167340971711e-14
 -1.68983636186191e-14 -7.60801470081951e-15 -3.35822432201507e-15
 -1.45257594887733e-15 -6.15362034940140e-16 -2.55184403718941e-16
 -1.03532105224361e-16 -4.10703988286438e-17 -1.59224132474946e-17
 -6.03189158359132e-18 -2.23051538600234e-18 -8.04646481367383e-19
 -2.83011694733148e-19 -9.70059718128481e-20 -3.23993887994682e-20
 -1.05555832557722e-20 -3.34841740718958e-21 -1.03174820910718e-21
 -3.08578087365691e-22 -8.95129821304917e-23 -2.51652132169041e-23
 -6.85116464238578e-24 -1.80477984050872e-24
 (i6, f12.0, f18.0, f8.3, i6)
   665  60.0000000  0.02500000000000  26.000     2
 (3e22.14)
  2.89367842428521e-06  3.03926416341748e-06  3.19217416628354e-06
  3.35277687848344e-06  3.52145927786660e-06  3.69862780649627e-06
  3.88470934946756e-06  4.08015226293345e-06  4.28542745381153e-06
  4.50102951376806e-06  4.72747791020820e-06  4.96531823713256e-06
  5.21512352887446e-06  5.47749563986777e-06  5.75306669377661e-06
  6.04250060544967e-06  6.34649467939119e-06  6.66578128853998e-06
  7.00112963747166e-06  7.35334761414569e-06  7.72328373479453e-06
  8.11182918647646e-06  8.51991997233088e-06  8.94853916459905e-06
  9.39871927087976e-06  9.87154471926338e-06  1.03681544683683e-05
  1.08897447484644e-05  1.14375719403889e-05  1.20129555990215e-05
  1.26172816287267e-05  1.32520056182669e-05  1.39186563432849e-05
  1.46188394446772e-05  1.53542412918116e-05  1.61266330396678e-05
  1.69378748899152e-05  1.77899205658156e-05  1.86848220120296e-05
  1.96247343303171e-05  2.06119209631697e-05  2.16487591376885e-05
  2.27377455828524e-05  2.38815025337727e-05  2.50827840375071e-05
  2.63444825752814e-05  2.76696360173776e-05  2.90614349268731e-05
  3.05232302302389e-05  3.20585412727386e-05  3.36710642782369e-05
  3.53646812334886e-05  3.71434692183272e-05  3.90117102039082e-05
  4.09739013427574e-05  4.30347657748026e-05  4.51992639759006e-05
  4.74726056751944e-05  4.98602623706660e-05  5.23679804720816e-05
  5.50017951032862e-05  5.77680445965174e-05  6.06733857136336e-05
  6.37248096303146e-05  6.69296587219224e-05  7.02956441903577e-05
  7.38308645751097e-05  7.75438251913121e-05  8.14434585426523e-05
  8.55391457566040e-05  8.98407390940114e-05  9.43585855861684e-05
  9.91035518561691e-05  1.04087050183171e-04  1.09321065872525e-04
  1.14818185995701e-04  1.20591629570317e-04  1.26655279249799e-04
  1.33023714600554e-04  1.39712247043729e-04  1.46736956546192e-04
  1.54114730147044e-04  1.61863302411966e-04  1.70001297910601e-04
  1.78548275819338e-04  1.87524776753339e-04  1.96952371941489e-04
  2.06853714858437e-04  2.17252595438263e-04  2.28173996996761e-04
  2.39644155998678e-04  2.51690624809431e-04  2.64342337583162e-04
  2.77629679438333e-04  2.91584559090291e-04  3.06240485106687e-04
  3.21632645970826e-04  3.37797994138703e-04  3.54775334290198e-04
  3.72605415981151e-04  3.91331030916763e-04  4.10997115072547e-04
  4.31650855908018e-04  4.53341804918860e-04  4.76121995800739e-04
  5.00046068493854e-04  5.25171399407234e-04  5.51558238123183e-04
  5.79269850906027e-04  6.08372671349142e-04  6.38936458516543e-04
  6.71034462944228e-04  7.04743600897530e-04  7.40144637280585e-04
  7.77322377639457e-04  8.16365869692234e-04  8.57368614868943e-04
  9.00428790345109e-04  9.45649482091570e-04  9.93138929478414e-04
  1.04301078200701e-03  1.09538436875754e-03  1.15038498119041e-03
  1.20814416993751e-03  1.26880005629470e-03  1.33249765911036e-03
  1.39938923784704e-03  1.46963465259202e-03  1.54340174185629e-03
  1.62086671902431e-03  1.70221458837544e-03  1.78763958161760e-03
  1.87734561595552e-03  1.97154677471670e-03  2.07046781166073e-03
  2.17434468010204e-03  2.28342508806915e-03  2.39796908074987e-03
  2.51824965156820e-03  2.64455338324660e-03  2.77718112035589e-03
  2.91644867481498e-03  3.06268756599530e-03  3.21624579704861e-03
  3.37748866924135e-03  3.54679963610453e-03  3.72458119933112e-03
  3.91125584840653e-03  4.10726704610379e-03  4.31308026199235e-03
  4.52918405633067e-03  4.75609121666140e-03  4.99433994971947e-03
  5.24449513120881e-03  5.50714961626063e-03  5.78292561342125e-03
  6.07247612521179e-03  6.37648645837850e-03  6.69567580718567e-03
  7.03079891311512e-03  7.38264780469661e-03  7.75205362108458e-03
  8.13988852347647e-03  8.54706769834979e-03  8.97455145691335e-03
  9.42334743520181e-03  9.89451289954907e-03  1.03891571622777e-02
  1.09084441128119e-02  1.14535948694071e-02  1.20258905572766e-02
  1.26266752186669e-02  1.32573588612225e-02  1.39194206507321e-02
  1.46144122550253e-02  1.53439613457957e-02  1.61097752656076e-02
  1.69136448674570e-02  1.77574485348462e-02  1.86431563902352e-02
  1.95728347006906e-02  2.05486504890775e-02  2.15728763604354e-02
  2.26478955526670e-02  2.37762072217517e-02  2.49604319716246e-02
  2.62033176395886e-02  2.75077453482279e-02  2.88767358357040e-02
  3.03134560760527e-02  3.18212262024887e-02  3.34035267461794e-02
  3.50640062043680e-02  3.68064889514887e-02  3.86349835080386e-02
  4.05536911817755e-02  4.25670150974439e-02  4.46795696301277e-02
  4.68961902600524e-02  4.92219438648289e-02  5.16621394679157e-02
  5.42223394609631e-02  5.69083713194111e-02  5.97263398305726e-02
  6.26826398547660e-02  6.57839696396098e-02  6.90373447098384e-02
  7.24501123531872e-02  7.60299667267336e-02  7.97849646049967e-02
  8.37235417952070e-02  8.78545302429585e-02  9.21871758539127e-02
  9.67311570565070e-02  1.01496604132442e-01  1.06494119340362e-01
  1.11734797861541e-01  1.17230249592527e-01  1.22992621815891e-01
  1.29034622773989e-01  1.35369546177275e-01  1.42011296673954e-01
  1.48974416311366e-01  1.56274112017299e-01  1.63926284131798e-01
  1.71947556016628e-01  1.80355304774605e-01  1.89167693103037e-01
  1.98403702315480e-01  2.08083166553649e-01  2.18226808221978e-01
  2.28856274667485e-01  2.39994176132691e-01  2.51664125003993e-01
  2.63890776380628e-01  2.76699869981616e-01  2.90118273415666e-01
  3.04174026822726e-01  3.18896388912267e-01  3.34315884399027e-01
  3.50464352854328e-01  3.67374998971260e-01  3.85082444249102e-01
  4.03622780090524e-01  4.23033622307821e-01  4.43354167017993e-01
  4.64625247917939e-01  4.86889394898868e-01  5.10190893986378e-01
  5.34575848545669e-01  5.60092241720360e-01  5.86790000034554e-01
  6.14721058097917e-01  6.43939424329122e-01  6.74501247615190e-01
  7.06464884791297e-01  7.39890968843710e-01  7.74842477676956e-01
  8.11384803333304e-01  8.49585821464202e-01  8.89515960903371e-01
  9.31248273117819e-01  9.74858501328924e-01  1.02042514904875e+00
  1.06802954777853e+00  1.11775592355407e+00  1.16969146205401e+00
  1.22392637187323e+00  1.28055394564816e+00  1.33967061855870e+00
  1.40137602382275e+00  1.46577304466537e+00  1.53296786227499e+00
  1.60306999917453e+00  1.67619235744141e+00  1.75245125110027e+00
  1.83196643207315e+00  1.91486110887121e+00  2.00126195737077e+00
  2.09129912273245e+00  2.18510621169461e+00  2.28282027424286e+00
  2.38458177372390e+00  2.49053454433492e+00  2.60082573494706e+00
  2.71560573804359e+00  2.83502810268312e+00  2.95924943006580e+00
  3.08842925058872e+00  3.22272988080420e+00  3.36231625903366e+00
  3.50735575802154e+00  3.65801797317902e+00  3.81447448475579e+00
  3.97689859240925e+00  4.14546502034438e+00  4.32034959152401e+00
  4.50172886892231e+00  4.68977976239098e+00  4.88467909900359e+00
  5.08660315539185e+00  5.29572715002439e+00  5.51222469391947e+00
  5.73626719767150e+00  5.96802323360336e+00  6.20765785078076e+00
  6.45533184191921e+00  6.71120096022929e+00  6.97541508519638e+00
  7.24811733576794e+00  7.52944313035302e+00  7.81951919210409e+00
  8.11846249984968e+00  8.42637918314741e+00  8.74336336259653e+00
  9.06949593471239e+00  9.40484330271273e+00  9.74945605386110e+00
  1.01033675852807e+01  1.04665926798123e+01  1.08391260352392e+01
  1.12209407491288e+01  1.16119867644581e+01  1.20121892791173e+01
  1.24214471261958e+01  1.28396311299134e+01  1.32665824453632e+01
  1.37021108889801e+01  1.41459932701849e+01  1.45979717321022e+01
  1.50577521152795e+01  1.55250023533269e+01  1.59993509171180e+01
  1.64803853193584e+01  1.69676506973299e+01  1.74606484893876e+01
  1.79588352246154e+01  1.84616214437556e+01  1.89683707737607e+01
  1.94783991755180e+01  1.99909743907885e+01  2.05053156078984e+01
  2.10205933765055e+01  2.15359297913661e+01  2.20503989764241e+01
  2.25630278921327e+01  2.30727974964895e+01  2.35786442827468e+01
  2.40794622267000e+01  2.45741051617770e+01  2.50613896171086e+01
  2.55400981332975e+01  2.60089830865101e+01  2.64667710355680e+01
  2.69121676150734e+01  2.73438629834221e+01  2.77605378458639e+01
  2.81608700479066e+01  2.85435417553558e+01  2.89072472044356e+01
  2.92507010241314e+01  2.95726471070297e+01  2.98718680125955e+01
  3.01471948640082e+01  3.03975177106699e+01  3.06217962934862e+01
  3.08190711716986e+01  3.09884751279441e+01  3.11292447857600e+01
  3.12407323424330e+01  3.13224173244116e+01  3.13739182475262e+01
  3.13950040716618e+01  3.13856053047663e+01  3.13458246325596e+01
  3.12759469043933e+01  3.11764483351144e+01  3.10480047427900e+01
  3.08914986611481e+01  3.07080251428836e+01  3.04988960864569e+01
  3.02656428938326e+01  3.00100173032630e+01  2.97339902049149e+01
  2.94397482976574e+01  2.91296884192123e+01  2.88064094245768e+01
  2.84727014839848e+01  2.81315327135987e+01  2.77860330512888e+01
  2.74394753523145e+01  2.70952536711011e+01  2.67568587727550e+01
  2.64278509200774e+01  2.61118300498027e+01  2.58124034771048e+01
  2.55331513302239e+01  2.52775899411339e+01  2.50491334992490e+01
  2.48510542813184e+01  2.46864418599108e+01  2.45581617074109e+01
  2.44688136676589e+01  2.44206908125560e+01  2.44157392203328e+01
  2.44555192597943e+01  2.45411689734954e+01  2.46733701803891e+01
  2.48523179177850e+01  2.50776938500257e+01  2.53486442530196e+01
  2.56637631705215e+01  2.60210812999320e+01  2.64180611281644e+01
  2.68515987815546e+01  2.73180329859249e+01  2.78131614634970e+01
  2.83322649961719e+01  2.88701392952436e+01  2.94211347080134e+01
  2.99792036708669e+01  3.05379557129255e+01  3.10907196619667e+01
  3.16306126061812e+01  3.21506150016474e+01  3.26436512126995e+01
  3.31026746244746e+01  3.35207563634200e+01  3.38911765226137e+01
  3.42075167266639e+01  3.44637527222652e+01  3.46543456713453e+01
  3.47743307039909e+01  3.48194012961386e+01  3.47859879904865e+01
  3.46713300032961e+01  3.44735382693236e+01  3.41916485671705e+01
  3.38256634019965e+01  3.33765814880502e+01  3.28464137617263e+01
  3.22381850583500e+01  3.15559207580255e+01  3.08046179339796e+01
  2.99902007699896e+01  2.91194602985289e+01  2.81999787554723e+01
  2.72400391938435e+01  2.62485212541199e+01  2.52347843386124e+01
  2.42085397189044e+01  2.31797134112187e+01  2.21583019314318e+01
  2.11542232876088e+01  2.01771657835557e+01  1.92364373737541e+01
  1.83408184169441e+01  1.74984207405476e+01  1.67165558774248e+01
  1.60016152904713e+01  1.53589651739641e+01  1.47928582307578e+01
  1.43063644688088e+01  1.39013227071228e+01  1.35783140401634e+01
  1.33366580474278e+01  1.31744320344905e+01  1.30885130903895e+01
  1.30746422397024e+01  1.31275094757760e+01  1.32408579920246e+01
  1.34076054891186e+01  1.36199800368421e+01  1.38696676204985e+01
  1.41479682100711e+01  1.44459569731281e+01  1.47546471123169e+01
  1.50651507636731e+01  1.53688344409907e+01  1.56574656640347e+01
  1.59233476586491e+01  1.61594393601721e+01  1.63594583777318e+01
  1.65179650699225e+01  1.66304264245902e+01  1.66932590073847e+01
  1.67038508209219e+01  1.66605624842721e+01  1.65627086688464e+01
  1.64105212104050e+01  1.62050957242901e+01  1.59483238879186e+01
  1.56428138010111e+01  1.52918009924325e+01  1.48990527163393e+01
  1.44687681649551e+01  1.40054771364773e+01  1.35139395418417e+01
  1.29990479189496e+01  1.24657348703460e+01  1.19188870529061e+01
  1.13632670429750e+01  1.08034440907875e+01  1.02437344678604e+01
  9.68815181773573e+00  9.14036764257317e+00  8.60368180962440e+00
  8.08100273824603e+00  7.57483674157016e+00  7.08728583984700e+00
  6.62005323905602e+00  6.17445558247049e+00  5.75144101972115e+00
  5.35161211208813e+00  4.97525258732593e+00  4.62235697863092e+00
  4.29266222295889e+00  3.98568035215574e+00  3.70073148265705e+00
  3.43697639286311e+00  3.19344806855996e+00  2.96908169264314e+00
  2.76274265365680e+00  2.57325224478162e+00  2.39941081933081e+00
  2.24001825758761e+00  2.09389168147086e+00  1.95988042717821e+00
  1.83687834859414e+00  1.72383357777350e+00  1.61975591129160e+00
  1.52372202216640e+00  1.43487871989551e+00  1.35244449223343e+00
  1.27570956710860e+00  1.20403472924862e+00  1.13684911693575e+00
  1.07364721022898e+00  1.01398520439854e+00  9.57476942424065e-01
  9.03789559278551e-01  8.52638968996472e-01  8.03785304641104e-01
  7.57028400772377e-01  7.12203389914200e-01  6.69176467129194e-01
  6.27840862784355e-01  5.88113050475745e-01  5.49929207039889e-01
  5.13241933264304e-01  4.78017237243653e-01  4.44231778113145e-01
  4.11870364247519e-01  3.80923698402867e-01  3.51386361057673e-01
  3.23255023087188e-01  2.96526878839857e-01  2.71198291388479e-01
  2.47263641977436e-01  2.24714376199382e-01  2.03538239552370e-01
  1.83718694999488e-01  1.65234514682741e-01  1.48059537295632e-01
  1.32162581494121e-01  1.17507504630749e-01  1.04053394509458e-01
  9.17548805842623e-02  8.05625493907245e-02  7.04234479320336e-02
  6.12816574651731e-02  5.30789195587405e-02  4.57552958828484e-02
  3.92498433303857e-02  3.35012866292112e-02  2.84486716708219e-02
  2.40319842663021e-02  2.01927209466890e-02  1.68744006402078e-02
  1.40230085321414e-02  1.15873660165393e-02  9.51942330244124e-03
  7.77447381668550e-03  6.31129197061519e-03  5.09219802697124e-03
  4.08305565970445e-03  3.25320928047319e-03  2.57536929099639e-03
  2.02545409370260e-03  1.58239797209778e-03  1.22793386345623e-03
  9.46359636439297e-04  7.24295811054515e-04  5.50441780850861e-04
  4.15336582204891e-04  3.11129167721233e-04  2.31362037632145e-04
  1.70771016518479e-04  1.25102973027232e-04  9.09523989726762e-05
  6.56170106130455e-05  4.69719193183609e-05  3.33614421849047e-05
  2.35072787927076e-05  1.64315570677778e-05  1.13931324628855e-05
  7.83549363186160e-06  5.34466560728882e-06  3.61559027119456e-06
  2.42558837780873e-06  1.61365201858173e-06  1.06447088712174e-06
  6.96249865445826e-07  4.51522766562852e-07  2.90303207458984e-07
  1.85035000087017e-07  1.16910845491172e-07  7.32182064015391e-08
  4.54470510999070e-08  2.79554443032452e-08  1.70390374479895e-08
  1.02890478908595e-08  6.15433288305838e-09  3.64562500509538e-09
  2.13821368802865e-09  1.24135262353101e-09  7.13168241598055e-10
  4.05298141054447e-10  2.27779852954180e-10  1.26537386790016e-10
  6.94565730377154e-11  3.76552465855629e-11  2.01538792791615e-11
  1.06439841147628e-11  5.54429349805577e-12  2.84683563011433e-12
  1.44020789182521e-12  7.17468381037615e-13  3.51770809617203e-13
  1.69651415571443e-13  8.04369602007083e-14  3.74725555506601e-14
  1.71428184406610e-14  7.69689433026009e-15  3.38972542151497e-15
  1.46345260319631e-15  6.19018145601922e-16  2.56380040395846e-16
  1.03911942049526e-16  4.11876194631217e-17  1.59575289288452e-17
  6.04209535996936e-18  2.23338912970629e-18  8.05430305005017e-19
  2.83218575030766e-19  9.70587663085547e-20  3.24124041543017e-20
  1.05586802539440e-20  3.34912805354942e-21  1.03190531554317e-21
  3.08611518595250e-22  8.95198229534940e-23  2.51665579343744e-23
  6.85141831791831e-24  1.80482571781642e-24
  2.48760274254441e-24  2.83795082597790e-24  3.23762551433679e-24
  3.69356899153118e-24  4.21370005483206e-24  4.80705142795164e-24
  5.48392636824174e-24  6.25607727693789e-24  7.13690940137783e-24
  8.14171315124962e-24  9.28792904509984e-24  1.05954498660654e-23
  1.20869652480645e-23  1.37883546453274e-23  1.57291354725511e-23
  1.79429741539554e-23  2.04682689036955e-23  2.33488142959407e-23
  2.66345590915687e-23  3.03824703942648e-23  3.46575190388854e-23
  3.95338032012133e-23  4.50958295957329e-23  5.14399743380223e-23
  5.86761486367214e-23  6.69296979999667e-23  7.63435676521219e-23
  8.70807714283228e-23  9.93272066229091e-23  1.13294863204318e-22
  1.29225482572533e-22  1.47394728742473e-22  1.68116943618227e-22
  1.91750568028317e-22  2.18704321591889e-22  2.49444247471985e-22
  2.84501742869014e-22  3.24482712960319e-22  3.70078005194050e-22
  4.22075302714911e-22  4.81372680612468e-22  5.48994057057502e-22
  6.26106803710494e-22  7.14041816592465e-22  8.14316390528426e-22
  9.28660288006708e-22  1.05904544766083e-21  1.20771983947471e-21
  1.37724604429450e-21  1.57054521547423e-21  1.79094717184455e-21
  2.04224747520057e-21  2.32877246391432e-21  2.65545334904888e-21
  3.02791063277818e-21  3.45255028352236e-21  3.93667330094986e-21
  4.48860053016417e-21  5.11781484176897e-21  5.83512308737849e-21
  6.65284057336620e-21  7.58500117480555e-21  8.64759664285810e-21
  9.85884914959632e-21  1.12395216723634e-20  1.28132714546737e-20
  1.46070525026968e-20  1.66515738975452e-20  1.89818216373626e-20
  2.16376527850378e-20  2.46644719045456e-20  2.81140011414793e-20
  3.20451568634496e-20  3.65250475495901e-20  4.16301096340225e-20
  4.74474002989536e-20  5.40760688162162e-20  6.16290309940108e-20
  7.02348746460607e-20  8.00400278183442e-20  9.12112258449999e-20
  1.03938318230769e-19  1.18437461951095e-19  1.34954754113306e-19
  1.53770364134479e-19  1.75203233780426e-19  1.99616422704714e-19
  2.27423187677637e-19  2.59093895668231e-19  2.95163884529857e-19
  3.36242400456143e-19  3.83022758863775e-19  4.36293895197140e-19
  4.96953494651317e-19  5.66022915325614e-19  6.44664148253508e-19
  7.34199090555148e-19  8.36131445140977e-19  9.52171602536474e-19
  1.08426490815360e-18  1.23462377244358e-18  1.40576414266585e-18
  1.60054692444076e-18  1.82222501988905e-18  2.07449673820291e-18
  2.36156643530095e-18  2.68821335333147e-18  3.05986975993638e-18
  3.48270963332748e-18  3.96374930456962e-18  4.51096165548996e-18
  5.13340568216477e-18  5.84137347310596e-18  6.64655692170000e-18
  7.56223679808569e-18  8.60349715110509e-18  9.78746840124958e-18
  1.11336029264482e-17  1.26639874405245e-17  1.44036970265170e-17
  1.63811963219121e-17  1.86287940695002e-17  2.11831580562592e-17
  2.40858983752019e-17  2.73842279743183e-17  3.11317106177410e-17
  3.53891076929387e-17  4.02253367734319e-17  4.57185565092919e-17
  5.19573942915210e-17  5.90423352471153e-17  6.70872934990541e-17
  7.62213893019629e-17  8.65909586780259e-17  9.83618255684217e-17
  1.11721870332243e-16  1.26883932716698e-16  1.44089092250554e-16
  1.63610374440250e-16  1.85756937250211e-16  2.10878799204593e-16
  2.39372178153449e-16  2.71685518397073e-16  3.08326293582281e-16
  3.49868683691639e-16  3.96962236692597e-16  4.50341639153123e-16
  5.10837735543401e-16  5.79389953232912e-16  6.57060309569659e-16
  7.45049199167152e-16  8.44713183859998e-16  9.57585035088665e-16
  1.08539630901823e-15  1.23010276892789e-15  1.39391300771548e-15
  1.57932066624988e-15  1.78914069127933e-15  2.02655013030951e-15
  2.29513402086896e-15  2.59893699876922e-15  2.94252132496217e-15
  3.33103211453165e-15  3.77027064504697e-15  4.26677672623925e-15
  4.82792122985984e-15  5.46201000923576e-15  6.17840058367086e-15
  6.98763312570259e-15  7.90157747058980e-15  8.93359807006505e-15
  1.00987390382137e-14  1.14139316892457e-14  1.28982272478506e-14
  1.45730577257077e-14  1.64625283070406e-14  1.85937449741714e-14
  2.09971815381611e-14  2.37070907209513e-14  2.67619644736926e-14
  3.02050493135514e-14  3.40849231277297e-14  3.84561406344376e-14
  4.33799555163534e-14  4.89251281593671e-14  5.51688289521337e-14
  6.21976482374956e-14  7.01087252722460e-14  7.90110099558850e-14
  8.90266726560806e-14  1.00292679192543e-13  1.12962549979694e-13
  1.27208324473012e-13  1.43222754456333e-13  1.61221752361285e-13
  1.81447123763443e-13  2.04169616477259e-13  2.29692322323316e-13
  2.58354471683337e-13  2.90535665472832e-13  3.26660594149742e-13
  3.67204298947948e-13  4.12698036691197e-13  4.63735816411867e-13
  5.20981683613008e-13  5.85177836501433e-13  6.57153667901981e-13
  7.37835837058269e-13  8.28259487107432e-13  9.29580736957306e-13
  1.04309059062680e-12  1.17023042305746e-12  1.31260921913450e-12
  1.47202276232026e-12  1.65047499126236e-12  1.85020176695455e-12
  2.07369732024929e-12  2.32374367941876e-12  2.60344341106902e-12
  2.91625604481155e-12  3.26603859353324e-12  3.65709062708748e-12
  4.09420440853939e-12  4.58272065896965e-12  5.12859058043648e-12
  5.73844483719984e-12  6.41967027410784e-12  7.18049523840548e-12
  8.03008446932266e-12  8.97864462771847e-12  1.00375416603972e-11
  1.12194313276832e-11  1.25384043745465e-11  1.40101479931253e-11
  1.56521254123890e-11  1.74837756600512e-11  1.95267357758294e-11
  2.18050880162596e-11  2.43456348836550e-11  2.71782051371314e-11
  3.03359943108148e-11  3.38559436689983e-11  3.77791619899278e-11
  4.21513950764171e-11  4.70235484689758e-11  5.24522694768499e-11
  5.85005953636614e-11  6.52386753318795e-11  7.27445748568982e-11
  8.11051719394406e-11  9.04171559881105e-11  1.00788141329119e-10
  1.12337908784583e-10  1.25199790387066e-10  1.39522214125490e-10
  1.55470427682203e-10  1.73228422434714e-10  1.93001081623609e-10
  2.15016579527337e-10  2.39529061827440e-10  2.66821641101493e-10
  2.97209745632835e-10  3.31044864530642e-10  3.68718737584722e-10
  4.10668044421964e-10  4.57379654501597e-10  5.09396507346756e-10
  5.67324201369748e-10  6.31838379744605e-10  7.03693013294700e-10
  7.83729693385356e-10  8.72888062617955e-10  9.72217527946504e-10
  1.08289041994497e-09  1.20621678368239e-09  1.34366101140405e-09
  1.49686055531846e-09  1.66764699085143e-09  1.85806973718562e-09
  2.07042278348869e-09  2.30727481653960e-09  2.57150319961713e-09
  2.86633231391206e-09  3.19537684422489e-09  3.56269067076559e-09
  3.97282212051225e-09  4.43087643622583e-09  4.94258644037872e-09
  5.51439250837845e-09  6.15353312025315e-09  6.86814743977213e-09
  7.66739157214487e-09  8.56157038564721e-09  9.56228704830790e-09
  1.06826127361013e-08  1.19372793163406e-08  1.33428982116526e-08
  1.49182091019506e-08  1.66843626484714e-08  1.86652420180492e-08
  2.08878286704455e-08  2.33826186550639e-08  2.61840965565125e-08
  2.93312752555135e-08  3.28683108388521e-08  3.68452033458709e-08
  4.13185955521037e-08  4.63526837761731e-08  5.20202566745185e-08
  5.84038803134521e-08  6.55972504160394e-08  7.37067357081187e-08
  8.28531396978833e-08  9.31737121934077e-08  1.04824446299121e-07
  1.17982701843160e-07  1.32850201958523e-07  1.49656456339807e-07
  1.68662672274247e-07  1.90166223322906e-07  2.14505755485566e-07
  2.42067022095060e-07  2.73289551582402e-07  3.08674267218279e-07
  3.48792194599982e-07  3.94294412103657e-07  4.45923421263168e-07
  5.04526139079510e-07  5.71068742610780e-07  6.46653628511830e-07
  7.32538787069651e-07  8.30159931530753e-07  9.41155771988128e-07
  1.06739687560382e-06  1.21101861735200e-06  1.37445879418588e-06
  1.56050055407107e-06  1.77232138088822e-06  2.01354897703723e-06
  2.28832499900483e-06  2.60137773165915e-06  2.95810493170762e-06
  3.36466823601768e-06  3.82810071710256e-06  4.35642937657856e-06
  4.95881460489252e-06  5.64570890090468e-06  6.42903744511070e-06
  7.32240345489951e-06  8.34132163152562e-06  9.50348342653050e-06
  1.08290583381630e-05  1.23410359709133e-05  1.40656141969094e-05
  1.60326394072679e-05  1.82761056061202e-05  2.08347198957710e-05
  2.37525428541138e-05  2.70797133033919e-05  3.08732681180615e-05
  3.51980689739642e-05  4.01278493480902e-05  4.57463965832614e-05
  5.21488856020720e-05  5.94433826378316e-05  6.77525395048144e-05
  7.72155011302236e-05  8.79900515694497e-05  1.00255026468675e-04
  1.14213022836491e-04  1.30093440310664e-04  1.48155891449941e-04
  1.68694022621519e-04  1.92039790809404e-04  2.18568246494619e-04
  2.48702877106630e-04  2.82921570905554e-04  3.21763266448918e-04
  3.65835358518576e-04  4.15821937591775e-04  4.72492946143162e-04
  5.36714341928033e-04  6.09459365511353e-04  6.91821015774726e-04
  7.85025845913591e-04  8.90449198198740e-04  1.00963200505797e-03
  1.14429929014667e-03  1.29638051144188e-03  1.46803189483534e-03
  1.66166091322636e-03  1.87995307315576e-03  2.12590117386420e-03
  2.40283721050077e-03  2.71446709294981e-03  3.06490835514971e-03
  3.45873102526847e-03  3.90100182967356e-03  4.39733188628700e-03
  4.95392804855751e-03  5.57764803008586e-03  6.27605943806630e-03
  7.05750280991623e-03  7.93115872427331e-03  8.90711902297405e-03
  9.99646213956523e-03  1.12113324805577e-02  1.25650237546277e-02
  1.40720660749597e-02  1.57483165934424e-02  1.76110533387967e-02
  1.96790718438301e-02  2.19727840349520e-02  2.45143187662048e-02
  2.73276232186720e-02  3.04385643042282e-02  3.38750290089160e-02
  3.76670225090673e-02  4.18467626770101e-02  4.64487694796714e-02
  5.15099474887305e-02  5.70696596765928e-02  6.31697902993179e-02
  6.98547946258972e-02  7.71717329666347e-02  8.51702862880338e-02
  9.39027505324444e-02  1.03424006512005e-01  1.13791462185502e-01
  1.25064963823466e-01  1.37306672658475e-01  1.50580903322989e-01
  1.64953920515905e-01  1.80493690283489e-01  1.97269582355284e-01
  2.15352020283043e-01  2.34812076157405e-01  2.55721007343257e-01
  2.78149732746148e-01  3.02168247153748e-01  3.27844972463550e-01
  3.55246045856485e-01  3.84434545625483e-01  4.15469656785066e-01
  4.48405779450629e-01  4.83291584913849e-01  5.20169024939115e-01
  5.59072302330783e-01  6.00026811283097e-01  6.43048058423381e-01
  6.88140576260075e-01  7.35296842359321e-01  7.84496218622489e-01
  8.35703925966481e-01  8.88870070317073e-01  9.43928736576722e-01
  1.00079716717880e+00  1.05937504243114e+00  1.11954387987930e+00
  1.18116657039350e+00  1.24408706944615e+00  1.30813026284402e+00
  1.37310202759324e+00  1.43878950961548e+00  1.50496164100738e+00
  1.57136991934212e+00  1.63774947010759e+00  1.70382040983423e+00
  1.76928952190093e+00  1.83385224949555e+00  1.89719500055007e+00
  1.95899774930314e+00  2.01893690778818e+00  2.07668843012379e+00
  2.13193110194173e+00  2.18434995955423e+00  2.23363977513277e+00
  2.27950854081074e+00  2.32168088039489e+00  2.35990131789028e+00
  2.39393733386265e+00  2.42358214422452e+00  2.44865714333306e+00
  2.46901396059363e+00  2.48453609013904e+00  2.49514006385099e+00
  2.50077614977334e+00  2.50142857004029e+00  2.49711524438220e+00
  2.48788707655118e+00  2.47382681142886e+00  2.45504750000397e+00
  2.43169061625120e+00  2.40392387631643e+00  2.37193881450332e+00
  2.33594817162268e+00  2.29618315308664e+00  2.25289061114339e+00
  2.20633020404305e+00  2.15677158007276e+00  2.10449162968702e+00
  2.04977184310535e+00  1.99289580462565e+00  1.93414684856802e+00
  1.87380589566382e+00  1.81214948267062e+00  1.74944799269778e+00
  1.68596408870857e+00  1.62195134884956e+00  1.55765309815405e+00
  1.49330142925020e+00  1.42911640175937e+00  1.36530540937908e+00
  1.30206270218308e+00  1.23956905163137e+00  1.17799154548199e+00
  1.11748350020864e+00  1.05818447884810e+00  1.00022040289591e+00
  9.43703747410415e-01  8.88733809319758e-01  8.35397039475453e-01
  7.83767429850371e-01  7.33906947801649e-01  6.85866010086142e-01
  6.39683990054867e-01  5.95389751384301e-01  5.53002203703854e-01
  5.12530874105296e-01  4.73976490538422e-01  4.37331572864978e-01
  4.02581027254740e-01  3.69702740981205e-01  3.38668173636582e-01
  3.09442942022997e-01  2.81987395588410e-01  2.56257179716580e-01
  2.32203784447944e-01  2.09775076359582e-01  1.88915811744846e-01
  1.69568129435249e-01  1.51672022023568e-01  1.35165784402337e-01
  1.19986439019623e-01  1.06070137232028e-01  9.33525367238393e-02
  8.17691547618218e-02  7.12556975963107e-02  6.17483661603020e-02
  5.31841384958123e-02  4.55010293517496e-02  3.86383274261808e-02
  3.25368108140248e-02  2.71389411646480e-02  2.23890370823009e-02
  1.82334273366870e-02  1.46205842225044e-02  1.15012376632667e-02
  8.82847038424740e-03  6.55779456794347e-03  4.64721033431314e-03
  3.05724640927605e-03  1.75098333132044e-03  6.94059569346882e-04
 -1.45338993606980e-04 -7.96505754775963e-04 -1.28625562381025e-03
 -1.63898214480735e-03 -1.87672860424113e-03 -2.01927224166029e-03
 -2.08422035165184e-03 -2.08711703804926e-03 -2.04155918600371e-03
 -1.95932009665239e-03 -1.85047911558878e-03 -1.72355551014857e-03
 -1.58564479967456e-03 -1.44255573819538e-03 -1.29894618156868e-03
 -1.15845614763081e-03 -1.02383649560894e-03 -8.97071804959647e-04
 -7.79496221872278e-04 -6.71901254491650e-04 -5.74634728740408e-04
 -4.87690357156237e-04 -4.10787613774102e-04 -3.43441840996952e-04
 -2.85024731131586e-04 -2.34815519663722e-04 -1.92043393552535e-04
 -1.55921752638974e-04 -1.25675063260954e-04 -1.00559110398955e-04
 -7.98754891156630e-05 -6.29811805078462e-05 -4.92940353683971e-05
 -3.82949448015043e-05 -2.95274158935187e-05 -2.25951972508551e-05
 -1.71585184831802e-05 -1.29294239608270e-05 -9.66659819529034e-06
 -7.17000100566392e-06 -5.27555778801355e-06 -3.85008505135205e-06
 -2.78657514883349e-06 -1.99991698958659e-06 -1.42309124308740e-06
 -1.00384894002342e-06 -7.01860083416679e-07 -4.86303509823154e-07
 -3.33859262876338e-07 -2.27059367604318e-07 -1.52951052465912e-07
 -1.02027178807870e-07 -6.73812669744281e-08 -4.40481819276770e-08
 -2.84960169516494e-08 -1.82391839123646e-08 -1.15474429786728e-08
 -7.22960948116232e-09 -4.47485591937012e-09 -2.73752619880263e-09
 -1.65475669438764e-09 -9.88031130554975e-10 -5.82577168658246e-10
 -3.39093901590599e-10 -1.94786671604375e-10 -1.10381848609096e-10
 -6.16871602372484e-11 -3.39871779465056e-11 -1.84545878402375e-11
 -9.87188961160083e-12 -5.20039440713389e-12 -2.69675305277815e-12
 -1.37606595518184e-12 -6.90637428027632e-13 -3.40791382707629e-13
 -1.65258848510413e-13 -7.87197291501955e-14 -3.68167340971711e-14
 -1.68983636186191e-14 -7.60801470081951e-15 -3.35822432201507e-15
 -1.45257594887733e-15 -6.15362034940140e-16 -2.55184403718941e-16
 -1.03532105224361e-16 -4.10703988286438e-17 -1.59224132474946e-17
 -6.03189158359132e-18 -2.23051538600234e-18 -8.04646481367383e-19
 -2.83011694733148e-19 -9.70059718128481e-20 -3.23993887994682e-20
 -1.05555832557722e-20 -3.34841740718958e-21 -1.03174820910718e-21
 -3.08578087365691e-22 -8.95129821304917e-23 -2.51652132169041e-23
 -6.85116464238578e-24 -1.80477984050872e-24
 (i6, f12.0, f18.0, f8.3, i6)
   665  60.0000000  0.02500000000000  26.000     2
 (3e22.14)
  2.89367842428521e-06  3.03926416341748e-06  3.19217416628354e-06
  3.35277687848344e-06  3.52145927786660e-06  3.69862780649627e-06
  3.88470934946756e-06  4.08015226293345e-06  4.28542745381153e-06
  4.50102951376806e-06  4.72747791020820e-06  4.96531823713256e-06
  5.21512352887446e-06  5.47749563986777e-06  5.75306669377661e-06
  6.04250060544967e-06  6.34649467939119e-06  6.66578128853998e-06
  7.00112963747166e-06  7.35334761414569e-06  7.72328373479453e-06
  8.11182918647646e-06  8.51991997233088e-06  8.94853916459905e-06
  9.39871927087976e-06  9.87154471926338e-06  1.03681544683683e-05
  1.08897447484644e-05  1.14375719403889e-05  1.20129555990215e-05
  1.26172816287267e-05  1.32520056182669e-05  1.39186563432849e-05
  1.46188394446772e-05  1.53542412918116e-05  1.61266330396678e-05
  1.69378748899152e-05  1.77899205658156e-05  1.86848220120296e-05
  1.96247343303171e-05  2.06119209631697e-05  2.16487591376885e-05
  2.27377455828524e-05  2.38815025337727e-05  2.50827840375071e-05
  2.63444825752814e-05  2.76696360173776e-05  2.90614349268731e-05
  3.05232302302389e-05  3.20585412727386e-05  3.36710642782369e-05
  3.53646812334886e-05  3.71434692183272e-05  3.90117102039082e-05
  4.09739013427574e-05  4.30347657748026e-05  4.51992639759006e-05
  4.74726056751944e-05  4.98602623706660e-05  5.23679804720816e-05
  5.50017951032862e-05  5.77680445965174e-05  6.06733857136336e-05
  6.37248096303146e-05  6.69296587219224e-05  7.02956441903577e-05
  7.38308645751097e-05  7.75438251913121e-05  8.14434585426523e-05
  8.55391457566040e-05  8.98407390940114e-05  9.43585855861684e-05
  9.91035518561691e-05  1.04087050183171e-04  1.09321065872525e-04
  1.14818185995701e-04  1.20591629570317e-04  1.26655279249799e-04
  1.33023714600554e-04  1.39712247043729e-04  1.46736956546192e-04
  1.54114730147044e-04  1.61863302411966e-04  1.70001297910601e-04
  1.78548275819338e-04  1.87524776753339e-04  1.96952371941489e-04
  2.06853714858437e-04  2.17252595438263e-04  2.28173996996761e-04
  2.39644155998678e-04  2.51690624809431e-04  2.64342337583162e-04
  2.77629679438333e-04  2.91584559090291e-04  3.06240485106687e-04
  3.21632645970826e-04  3.37797994138703e-04  3.54775334290198e-04
  3.72605415981151e-04  3.91331030916763e-04  4.10997115072547e-04
  4.31650855908018e-04  4.53341804918860e-04  4.76121995800739e-04
  5.00046068493854e-04  5.25171399407234e-04  5.51558238123183e-04
  5.79269850906027e-04  6.08372671349142e-04  6.38936458516543e-04
  6.71034462944228e-04  7.04743600897530e-04  7.40144637280585e-04
  7.77322377639457e-04  8.16365869692234e-04  8.57368614868943e-04
  9.00428790345109e-04  9.45649482091570e-04  9.93138929478414e-04
  1.04301078200701e-03  1.09538436875754e-03  1.15038498119041e-03
  1.20814416993751e-03  1.26880005629470e-03  1.33249765911036e-03
  1.39938923784704e-03  1.46963465259202e-03  1.54340174185629e-03
  1.62086671902431e-03  1.70221458837544e-03  1.78763958161760e-03
  1.87734561595552e-03  1.97154677471670e-03  2.07046781166073e-03
  2.17434468010204e-03  2.28342508806915e-03  2.39796908074987e-03
  2.51824965156820e-03  2.64455338324660e-03  2.77718112035589e-03
  2.91644867481498e-03  3.06268756599530e-03  3.21624579704861e-03
  3.37748866924135e-03  3.54679963610453e-03  3.72458119933112e-03
  3.91125584840653e-03  4.10726704610379e-03  4.31308026199235e-03
  4.52918405633067e-03  4.75609121666140e-03  4.99433994971947e-03
  5.24449513120881e-03  5.50714961626063e-03  5.78292561342125e-03
  6.07247612521179e-03  6.37648645837850e-03  6.69567580718567e-03
  7.03079891311512e-03  7.38264780469661e-03  7.75205362108458e-03
  8.13988852347647e-03  8.54706769834979e-03  8.97455145691335e-03
  9.42334743520181e-03  9.89451289954907e-03  1.03891571622777e-02
  1.09084441128119e-02  1.14535948694071e-02  1.20258905572766e-02
  1.26266752186669e-02  1.32573588612225e-02  1.39194206507321e-02
  1.46144122550253e-02  1.53439613457957e-02  1.61097752656076e-02
  1.69136448674570e-02  1.77574485348462e-02  1.86431563902352e-02
  1.95728347006906e-02  2.05486504890775e-02  2.15728763604354e-02
  2.26478955526670e-02  2.37762072217517e-02  2.49604319716246e-02
  2.62033176395886e-02  2.75077453482279e-02  2.88767358357040e-02
  3.03134560760527e-02  3.18212262024887e-02  3.34035267461794e-02
  3.50640062043680e-02  3.68064889514887e-02  3.86349835080386e-02
  4.05536911817755e-02  4.25670150974439e-02  4.46795696301277e-02
  4.68961902600524e-02  4.92219438648289e-02  5.16621394679157e-02
  5.42223394609631e-02  5.69083713194111e-02  5.97263398305726e-02
  6.26826398547660e-02  6.57839696396098e-02  6.90373447098384e-02
  7.24501123531872e-02  7.60299667267336e-02  7.97849646049967e-02
  8.37235417952070e-02  8.78545302429585e-02  9.21871758539127e-02
  9.67311570565070e-02  1.01496604132442e-01  1.06494119340362e-01
  1.11734797861541e-01  1.17230249592527e-01  1.22992621815891e-01
  1.29034622773989e-01  1.35369546177275e-01  1.42011296673954e-01
  1.48974416311366e-01  1.56274112017299e-01  1.63926284131798e-01
  1.71947556016628e-01  1.80355304774605e-01  1.89167693103037e-01
  1.98403702315480e-01  2.08083166553649e-01  2.18226808221978e-01
  2.28856274667485e-01  2.39994176132691e-01  2.51664125003993e-01
  2.63890776380628e-01  2.76699869981616e-01  2.90118273415666e-01
  3.04174026822726e-01  3.18896388912267e-01  3.34315884399027e-01
  3.50464352854328e-01  3.67374998971260e-01  3.85082444249102e-01
  4.03622780090524e-01  4.23033622307821e-01  4.43354167017993e-01
  4.64625247917939e-01  4.86889394898868e-01  5.10190893986378e-01
  5.34575848545669e-01  5.60092241720360e-01  5.86790000034554e-01
  6.14721058097917e-01  6.43939424329122e-01  6.74501247615190e-01
  7.06464884791297e-01  7.39890968843710e-01  7.74842477676956e-01
  8.11384803333304e-01  8.49585821464202e-01  8.89515960903371e-01
  9.31248273117819e-01  9.74858501328924e-01  1.02042514904875e+00
  1.06802954777853e+00  1.11775592355407e+00  1.16969146205401e+00
  1.22392637187323e+00  1.28055394564816e+00  1.33967061855870e+00
  1.40137602382275e+00  1.46577304466537e+00  1.53296786227499e+00
  1.60306999917453e+00  1.67619235744141e+00  1.75245125110027e+00
  1.83196643207315e+00  1.91486110887121e+00  2.00126195737077e+00
  2.09129912273245e+00  2.18510621169461e+00  2.28282027424286e+00
  2.38458177372390e+00  2.49053454433492e+00  2.60082573494706e+00
  2.71560573804359e+00  2.83502810268312e+00  2.95924943006580e+00
  3.08842925058872e+00  3.22272988080420e+00  3.36231625903366e+00
  3.50735575802154e+00  3.65801797317902e+00  3.81447448475579e+00
  3.97689859240925e+00  4.14546502034438e+00  4.32034959152401e+00
  4.50172886892231e+00  4.68977976239098e+00  4.88467909900359e+00
  5.08660315539185e+00  5.29572715002439e+00  5.51222469391947e+00
  5.73626719767150e+00  5.96802323360336e+00  6.20765785078076e+00
  6.45533184191921e+00  6.71120096022929e+00  6.97541508519638e+00
  7.24811733576794e+00  7.52944313035302e+00  7.81951919210409e+00
  8.11846249984968e+00  8.42637918314741e+00  8.74336336259653e+00
  9.06949593471239e+00  9.40484330271273e+00  9.74945605386110e+00
  1.01033675852807e+01  1.04665926798123e+01  1.08391260352392e+01
  1.12209407491288e+01  1.16119867644581e+01  1.20121892791173e+01
  1.24214471261958e+01  1.28396311299134e+01  1.32665824453632e+01
  1.37021108889801e+01  1.41459932701849e+01  1.45979717321022e+01
  1.50577521152795e+01  1.55250023533269e+01  1.59993509171180e+01
  1.64803853193584e+01  1.69676506973299e+01  1.74606484893876e+01
  1.79588352246154e+01  1.84616214437556e+01  1.89683707737607e+01
  1.94783991755180e+01  1.99909743907885e+01  2.05053156078984e+01
  2.10205933765055e+01  2.15359297913661e+01  2.20503989764241e+01
  2.25630278921327e+01  2.30727974964895e+01  2.35786442827468e+01
  2.40794622267000e+01  2.45741051617770e+01  2.50613896171086e+01
  2.55400981332975e+01  2.60089830865101e+01  2.64667710355680e+01
  2.69121676150734e+01  2.73438629834221e+01  2.77605378458639e+01
  2.81608700479066e+01  2.85435417553558e+01  2.89072472044356e+01
  2.92507010241314e+01  2.95726471070297e+01  2.98718680125955e+01
  3.01471948640082e+01  3.03975177106699e+01  3.06217962934862e+01
  3.08190711716986e+01  3.09884751279441e+01  3.11292447857600e+01
  3.12407323424330e+01  3.13224173244116e+01  3.13739182475262e+01
  3.13950040716618e+01  3.13856053047663e+01  3.13458246325596e+01
  3.12759469043933e+01  3.11764483351144e+01  3.10480047427900e+01
  3.08914986611481e+01  3.07080251428836e+01  3.04988960864569e+01
  3.02656428938326e+01  3.00100173032630e+01  2.97339902049149e+01
  2.94397482976574e+01  2.91296884192123e+01  2.88064094245768e+01
  2.84727014839848e+01  2.81315327135987e+01  2.77860330512888e+01
  2.74394753523145e+01  2.70952536711011e+01  2.67568587727550e+01
  2.64278509200774e+01  2.61118300498027e+01  2.58124034771048e+01
  2.55331513302239e+01  2.52775899411339e+01  2.50491334992490e+01
  2.48510542813184e+01  2.46864418599108e+01  2.45581617074109e+01
  2.44688136676589e+01  2.44206908125560e+01  2.44157392203328e+01
  2.44555192597943e+01  2.45411689734954e+01  2.46733701803891e+01
  2.48523179177850e+01  2.50776938500257e+01  2.53486442530196e+01
  2.56637631705215e+01  2.60210812999320e+01  2.64180611281644e+01
  2.68515987815546e+01  2.73180329859249e+01  2.78131614634970e+01
  2.83322649961719e+01  2.88701392952436e+01  2.94211347080134e+01
  2.99792036708669e+01  3.05379557129255e+01  3.10907196619667e+01
  3.16306126061812e+01  3.21506150016474e+01  3.26436512126995e+01
  3.31026746244746e+01  3.35207563634200e+01  3.38911765226137e+01
  3.42075167266639e+01  3.44637527222652e+01  3.46543456713453e+01
  3.47743307039909e+01  3.48194012961386e+01  3.47859879904865e+01
  3.46713300032961e+01  3.44735382693236e+01  3.41916485671705e+01
  3.38256634019965e+01  3.33765814880502e+01  3.28464137617263e+01
  3.22381850583500e+01  3.15559207580255e+01  3.08046179339796e+01
  2.99902007699896e+01  2.91194602985289e+01  2.81999787554723e+01
  2.72400391938435e+01  2.62485212541199e+01  2.52347843386124e+01
  2.42085397189044e+01  2.31797134112187e+01  2.21583019314318e+01
  2.11542232876088e+01  2.01771657835557e+01  1.92364373737541e+01
  1.83408184169441e+01  1.74984207405476e+01  1.67165558774248e+01
  1.60016152904713e+01  1.53589651739641e+01  1.47928582307578e+01
  1.43063644688088e+01  1.39013227071228e+01  1.35783140401634e+01
  1.33366580474278e+01  1.31744320344905e+01  1.30885130903895e+01
  1.30746422397024e+01  1.31275094757760e+01  1.32408579920246e+01
  1.34076054891186e+01  1.36199800368421e+01  1.38696676204985e+01
  1.41479682100711e+01  1.44459569731281e+01  1.47546471123169e+01
  1.50651507636731e+01  1.53688344409907e+01  1.56574656640347e+01
  1.59233476586491e+01  1.61594393601721e+01  1.63594583777318e+01
  1.65179650699225e+01  1.66304264245902e+01  1.66932590073847e+01
  1.67038508209219e+01  1.66605624842721e+01  1.65627086688464e+01
  1.64105212104050e+01  1.62050957242901e+01  1.59483238879186e+01
  1.56428138010111e+01  1.52918009924325e+01  1.48990527163393e+01
  1.44687681649551e+01  1.40054771364773e+01  1.35139395418417e+01
  1.29990479189496e+01  1.24657348703460e+01  1.19188870529061e+01
  1.13632670429750e+01  1.08034440907875e+01  1.02437344678604e+01
  9.68815181773573e+00  9.14036764257317e+00  8.60368180962440e+00
  8.08100273824603e+00  7.57483674157016e+00  7.08728583984700e+00
  6.62005323905602e+00  6.17445558247049e+00  5.75144101972115e+00
  5.35161211208813e+00  4.97525258732593e+00  4.62235697863092e+00
  4.29266222295889e+00  3.98568035215574e+00  3.70073148265705e+00
  3.43697639286311e+00  3.19344806855996e+00  2.96908169264314e+00
  2.76274265365680e+00  2.57325224478162e+00  2.39941081933081e+00
  2.24001825758761e+00  2.09389168147086e+00  1.95988042717821e+00
  1.83687834859414e+00  1.72383357777350e+00  1.61975591129160e+00
  1.52372202216640e+00  1.43487871989551e+00  1.35244449223343e+00
  1.27570956710860e+00  1.20403472924862e+00  1.13684911693575e+00
  1.07364721022898e+00  1.01398520439854e+00  9.57476942424065e-01
  9.03789559278551e-01  8.52638968996472e-01  8.03785304641104e-01
  7.57028400772377e-01  7.12203389914200e-01  6.69176467129194e-01
  6.27840862784355e-01  5.88113050475745e-01  5.49929207039889e-01
  5.13241933264304e-01  4.78017237243653e-01  4.44231778113145e-01
  4.11870364247519e-01  3.80923698402867e-01  3.51386361057673e-01
  3.23255023087188e-01  2.96526878839857e-01  2.71198291388479e-01
  2.47263641977436e-01  2.24714376199382e-01  2.03538239552370e-01
  1.83718694999488e-01  1.65234514682741e-01  1.48059537295632e-01
  1.32162581494121e-01  1.17507504630749e-01  1.04053394509458e-01
  9.17548805842623e-02  8.05625493907245e-02  7.04234479320336e-02
  6.12816574651731e-02  5.30789195587405e-02  4.57552958828484e-02
  3.92498433303857e-02  3.35012866292112e-02  2.84486716708219e-02
  2.40319842663021e-02  2.01927209466890e-02  1.68744006402078e-02
  1.40230085321414e-02  1.15873660165393e-02  9.51942330244124e-03
  7.77447381668550e-03  6.31129197061519e-03  5.09219802697124e-03
  4.08305565970445e-03  3.25320928047319e-03  2.57536929099639e-03
  2.02545409370260e-03  1.58239797209778e-03  1.22793386345623e-03
  9.46359636439297e-04  7.24295811054515e-04  5.50441780850861e-04
  4.15336582204891e-04  3.11129167721233e-04  2.31362037632145e-04
  1.70771016518479e-04  1.25102973027232e-04  9.09523989726762e-05
  6.56170106130455e-05  4.69719193183609e-05  3.33614421849047e-05
  2.35072787927076e-05  1.64315570677778e-05  1.13931324628855e-05
  7.83549363186160e-06  5.34466560728882e-06  3.61559027119456e-06
  2.42558837780873e-06  1.61365201858173e-06  1.06447088712174e-06
  6.96249865445826e-07  4.51522766562852e-07  2.90303207458984e-07
  1.85035000087017e-07  1.16910845491172e-07  7.32182064015391e-08
  4.54470510999070e-08  2.79554443032452e-08  1.70390374479895e-08
  1.02890478908595e-08  6.15433288305838e-09  3.64562500509538e-09
  2.13821368802865e-09  1.24135262353101e-09  7.13168241598055e-10
  4.05298141054447e-10  2.27779852954180e-10  1.26537386790016e-10
  6.94565730377154e-11  3.76552465855629e-11  2.01538792791615e-11
  1.06439841147628e-11  5.54429349805577e-12  2.84683563011433e-12
  1.44020789182521e-12  7.17468381037615e-13  3.51770809617203e-13
  1.69651415571443e-13  8.04369602007083e-14  3.74725555506601e-14
  1.71428184406610e-14  7.69689433026009e-15  3.38972542151497e-15
  1.46345260319631e-15  6.19018145601922e-16  2.56380040395846e-16
  1.03911942049526e-16  4.11876194631217e-17  1.59575289288452e-17
  6.04209535996936e-18  2.23338912970629e-18  8.05430305005017e-19
  2.83218575030766e-19  9.70587663085547e-20  3.24124041543017e-20
  1.05586802539440e-20  3.34912805354942e-21  1.03190531554317e-21
  3.08611518595250e-22  8.95198229534940e-23  2.51665579343744e-23
  6.85141831791831e-24  1.80482571781642e-24
  2.48760274254441e-24  2.83795082597790e-24  3.23762551433679e-24
  3.69356899153118e-24  4.21370005483206e-24  4.80705142795164e-24
  5.48392636824174e-24  6.25607727693789e-24  7.13690940137783e-24
  8.14171315124962e-24  9.28792904509984e-24  1.05954498660654e-23
  1.20869652480645e-23  1.37883546453274e-23  1.57291354725511e-23
  1.79429741539554e-23  2.04682689036955e-23  2.33488142959407e-23
  2.66345590915687e-23  3.03824703942648e-23  3.46575190388854e-23
  3.95338032012133e-23  4.50958295957329e-23  5.14399743380223e-23
  5.86761486367214e-23  6.69296979999667e-23  7.63435676521219e-23
  8.70807714283228e-23  9.93272066229091e-23  1.13294863204318e-22
  1.29225482572533e-22  1.47394728742473e-22  1.68116943618227e-22
  1.91750568028317e-22  2.18704321591889e-22  2.49444247471985e-22
  2.84501742869014e-22  3.24482712960319e-22  3.70078005194050e-22
  4.22075302714911e-22  4.81372680612468e-22  5.48994057057502e-22
  6.26106803710494e-22  7.14041816592465e-22  8.14316390528426e-22
  9.28660288006708e-22  1.05904544766083e-21  1.20771983947471e-21
  1.37724604429450e-21  1.57054521547423e-21  1.79094717184455e-21
  2.04224747520057e-21  2.32877246391432e-21  2.65545334904888e-21
  3.02791063277818e-21  3.45255028352236e-21  3.93667330094986e-21
  4.48860053016417e-21  5.11781484176897e-21  5.83512308737849e-21
  6.65284057336620e-21  7.58500117480555e-21  8.64759664285810e-21
  9.85884914959632e-21  1.12395216723634e-20  1.28132714546737e-20
  1.46070525026968e-20  1.66515738975452e-20  1.89818216373626e-20
  2.16376527850378e-20  2.46644719045456e-20  2.81140011414793e-20
  3.20451568634496e-20  3.65250475495901e-20  4.16301096340225e-20
  4.74474002989536e-20  5.40760688162162e-20  6.16290309940108e-20
  7.02348746460607e-20  8.00400278183442e-20  9.12112258449999e-20
  1.03938318230769e-19  1.18437461951095e-19  1.34954754113306e-19
  1.53770364134479e-19  1.75203233780426e-19  1.99616422704714e-19
  2.27423187677637e-19  2.59093895668231e-19  2.95163884529857e-19
  3.36242400456143e-19  3.83022758863775e-19  4.36293895197140e-19
  4.96953494651317e-19  5.66022915325614e-19  6.44664148253508e-19
  7.34199090555148e-19  8.36131445140977e-19  9.52171602536474e-19
  1.08426490815360e-18  1.23462377244358e-18  1.40576414266585e-18
  1.60054692444076e-18  1.82222501988905e-18  2.07449673820291e-18
  2.36156643530095e-18  2.68821335333147e-18  3.05986975993638e-18
  3.48270963332748e-18  3.96374930456962e-18  4.51096165548996e-18
  5.13340568216477e-18  5.84137347310596e-18  6.64655692170000e-18
  7.56223679808569e-18  8.60349715110509e-18  9.78746840124958e-18
  1.11336029264482e-17  1.26639874405245e-17  1.44036970265170e-17
  1.63811963219121e-17  1.86287940695002e-17  2.11831580562592e-17
  2.40858983752019e-17  2.73842279743183e-17  3.11317106177410e-17
  3.53891076929387e-17  4.02253367734319e-17  4.57185565092919e-17
  5.19573942915210e-17  5.90423352471153e-17  6.70872934990541e-17
  7.62213893019629e-17  8.65909586780259e-17  9.83618255684217e-17
  1.11721870332243e-16  1.26883932716698e-16  1.44089092250554e-16
  1.63610374440250e-16  1.85756937250211e-16  2.10878799204593e-16
  2.39372178153449e-16  2.71685518397073e-16  3.08326293582281e-16
  3.49868683691639e-16  3.96962236692597e-16  4.50341639153123e-16
  5.10837735543401e-16  5.79389953232912e-16  6.57060309569659e-16
  7.45049199167152e-16  8.44713183859998e-16  9.57585035088665e-16
  1.08539630901823e-15  1.23010276892789e-15  1.39391300771548e-15
  1.57932066624988e-15  1.78914069127933e-15  2.02655013030951e-15
  2.29513402086896e-15  2.59893699876922e-15  2.94252132496217e-15
  3.33103211453165e-15  3.77027064504697e-15  4.26677672623925e-15
  4.82792122985984e-15  5.46201000923576e-15  6.17840058367086e-15
  6.98763312570259e-15  7.90157747058980e-15  8.93359807006505e-15
  1.00987390382137e-14  1.14139316892457e-14  1.28982272478506e-14
  1.45730577257077e-14  1.64625283070406e-14  1.85937449741714e-14
  2.09971815381611e-14  2.37070907209513e-14  2.67619644736926e-14
  3.02050493135514e-14  3.40849231277297e-14  3.84561406344376e-14
  4.33799555163534e-14  4.89251281593671e-14  5.51688289521337e-14
  6.21976482374956e-14  7.01087252722460e-14  7.90110099558850e-14
  8.90266726560806e-14  1.00292679192543e-13  1.12962549979694e-13
  1.27208324473012e-13  1.43222754456333e-13  1.61221752361285e-13
  1.81447123763443e-13  2.04169616477259e-13  2.29692322323316e-13
  2.58354471683337e-13  2.90535665472832e-13  3.26660594149742e-13
  3.67204298947948e-13  4.12698036691197e-13  4.63735816411867e-13
  5.20981683613008e-13  5.85177836501433e-13  6.57153667901981e-13
  7.37835837058269e-13  8.28259487107432e-13  9.29580736957306e-13
  1.04309059062680e-12  1.17023042305746e-12  1.31260921913450e-12
  1.47202276232026e-12  1.65047499126236e-12  1.85020176695455e-12
  2.07369732024929e-12  2.32374367941876e-12  2.60344341106902e-12
  2.91625604481155e-12  3.26603859353324e-12  3.65709062708748e-12
  4.09420440853939e-12  4.58272065896965e-12  5.12859058043648e-12
  5.73844483719984e-12  6.41967027410784e-12  7.18049523840548e-12
  8.03008446932266e-12  8.97864462771847e-12  1.00375416603972e-11
  1.12194313276832e-11  1.25384043745465e-11  1.40101479931253e-11
  1.56521254123890e-11  1.74837756600512e-11  1.95267357758294e-11
  2.18050880162596e-11  2.43456348836550e-11  2.71782051371314e-11
  3.03359943108148e-11  3.38559436689983e-11  3.77791619899278e-11
  4.21513950764171e-11  4.70235484689758e-11  5.24522694768499e-11
  5.85005953636614e-11  6.52386753318795e-11  7.27445748568982e-11
  8.11051719394406e-11  9.04171559881105e-11  1.00788141329119e-10
  1.12337908784583e-10  1.25199790387066e-10  1.39522214125490e-10
  1.55470427682203e-10  1.73228422434714e-10  1.93001081623609e-10
  2.15016579527337e-10  2.39529061827440e-10  2.66821641101493e-10
  2.97209745632835e-10  3.31044864530642e-10  3.68718737584722e-10
  4.10668044421964e-10  4.57379654501597e-10  5.09396507346756e-10
  5.67324201369748e-10  6.31838379744605e-10  7.03693013294700e-10
  7.83729693385356e-10  8.72888062617955e-10  9.72217527946504e-10
  1.08289041994497e-09  1.20621678368239e-09  1.34366101140405e-09
  1.49686055531846e-09  1.66764699085143e-09  1.85806973718562e-09
  2.07042278348869e-09  2.30727481653960e-09  2.57150319961713e-09
  2.86633231391206e-09  3.19537684422489e-09  3.56269067076559e-09
  3.97282212051225e-09  4.43087643622583e-09  4.94258644037872e-09
  5.51439250837845e-09  6.15353312025315e-09  6.86814743977213e-09
  7.66739157214487e-09  8.56157038564721e-09  9.56228704830790e-09
  1.06826127361013e-08  1.19372793163406e-08  1.33428982116526e-08
  1.49182091019506e-08  1.66843626484714e-08  1.86652420180492e-08
  2.08878286704455e-08  2.33826186550639e-08  2.61840965565125e-08
  2.93312752555135e-08  3.28683108388521e-08  3.68452033458709e-08
  4.13185955521037e-08  4.63526837761731e-08  5.20202566745185e-08
  5.84038803134521e-08  6.55972504160394e-08  7.37067357081187e-08
  8.28531396978833e-08  9.31737121934077e-08  1.04824446299121e-07
  1.17982701843160e-07  1.32850201958523e-07  1.49656456339807e-07
  1.68662672274247e-07  1.90166223322906e-07  2.14505755485566e-07
  2.42067022095060e-07  2.73289551582402e-07  3.08674267218279e-07
  3.48792194599982e-07  3.94294412103657e-07  4.45923421263168e-07
  5.04526139079510e-07  5.71068742610780e-07  6.46653628511830e-07
  7.32538787069651e-07  8.30159931530753e-07  9.41155771988128e-07
  1.06739687560382e-06  1.21101861735200e-06  1.37445879418588e-06
  1.56050055407107e-06  1.77232138088822e-06  2.01354897703723e-06
  2.28832499900483e-06  2.60137773165915e-06  2.95810493170762e-06
  3.36466823601768e-06  3.82810071710256e-06  4.35642937657856e-06
  4.95881460489252e-06  5.64570890090468e-06  6.42903744511070e-06
  7.32240345489951e-06  8.34132163152562e-06  9.50348342653050e-06
  1.08290583381630e-05  1.23410359709133e-05  1.40656141969094e-05
  1.60326394072679e-05  1.82761056061202e-05  2.08347198957710e-05
  2.37525428541138e-05  2.70797133033919e-05  3.08732681180615e-05
  3.51980689739642e-05  4.01278493480902e-05  4.57463965832614e-05
  5.21488856020720e-05  5.94433826378316e-05  6.77525395048144e-05
  7.72155011302236e-05  8.79900515694497e-05  1.00255026468675e-04
  1.14213022836491e-04  1.30093440310664e-04  1.48155891449941e-04
  1.68694022621519e-04  1.92039790809404e-04  2.18568246494619e-04
  2.48702877106630e-04  2.82921570905554e-04  3.21763266448918e-04
  3.65835358518576e-04  4.15821937591775e-04  4.72492946143162e-04
  5.36714341928033e-04  6.09459365511353e-04  6.91821015774726e-04
  7.85025845913591e-04  8.90449198198740e-04  1.00963200505797e-03
  1.14429929014667e-03  1.29638051144188e-03  1.46803189483534e-03
  1.66166091322636e-03  1.87995307315576e-03  2.12590117386420e-03
  2.40283721050077e-03  2.71446709294981e-03  3.06490835514971e-03
  3.45873102526847e-03  3.90100182967356e-03  4.39733188628700e-03
  4.95392804855751e-03  5.57764803008586e-03  6.27605943806630e-03
  7.05750280991623e-03  7.93115872427331e-03  8.90711902297405e-03
  9.99646213956523e-03  1.12113324805577e-02  1.25650237546277e-02
  1.40720660749597e-02  1.57483165934424e-02  1.76110533387967e-02
  1.96790718438301e-02  2.19727840349520e-02  2.45143187662048e-02
  2.73276232186720e-02  3.04385643042282e-02  3.38750290089160e-02
  3.76670225090673e-02  4.18467626770101e-02  4.64487694796714e-02
  5.15099474887305e-02  5.70696596765928e-02  6.31697902993179e-02
  6.98547946258972e-02  7.71717329666347e-02  8.51702862880338e-02
  9.39027505324444e-02  1.03424006512005e-01  1.13791462185502e-01
  1.25064963823466e-01  1.37306672658475e-01  1.50580903322989e-01
  1.64953920515905e-01  1.80493690283489e-01  1.97269582355284e-01
  2.15352020283043e-01  2.34812076157405e-01  2.55721007343257e-01
  2.78149732746148e-01  3.02168247153748e-01  3.27844972463550e-01
  3.55246045856485e-01  3.84434545625483e-01  4.15469656785066e-01
  4.48405779450629e-01  4.83291584913849e-01  5.20169024939115e-01
  5.59072302330783e-01  6.00026811283097e-01  6.43048058423381e-01
  6.88140576260075e-01  7.35296842359321e-01  7.84496218622489e-01
  8.35703925966481e-01  8.88870070317073e-01  9.43928736576722e-01
  1.00079716717880e+00  1.05937504243114e+00  1.11954387987930e+00
  1.18116657039350e+00  1.24408706944615e+00  1.30813026284402e+00
  1.37310202759324e+00  1.43878950961548e+00  1.50496164100738e+00
  1.57136991934212e+00  1.63774947010759e+00  1.70382040983423e+00
  1.76928952190093e+00  1.83385224949555e+00  1.89719500055007e+00
  1.95899774930314e+00  2.01893690778818e+00  2.07668843012379e+00
  2.13193110194173e+00  2.18434995955423e+00  2.23363977513277e+00
  2.27950854081074e+00  2.32168088039489e+00  2.35990131789028e+00
  2.39393733386265e+00  2.42358214422452e+00  2.44865714333306e+00
  2.46901396059363e+00  2.48453609013904e+00  2.49514006385099e+00
  2.50077614977334e+00  2.50142857004029e+00  2.49711524438220e+00
  2.48788707655118e+00  2.47382681142886e+00  2.45504750000397e+00
  2.43169061625120e+00  2.40392387631643e+00  2.37193881450332e+00
  2.33594817162268e+00  2.29618315308664e+00  2.25289061114339e+00
  2.20633020404305e+00  2.15677158007276e+00  2.10449162968702e+00
  2.04977184310535e+00  1.99289580462565e+00  1.93414684856802e+00
  1.87380589566382e+00  1.81214948267062e+00  1.74944799269778e+00
  1.68596408870857e+00  1.62195134884956e+00  1.55765309815405e+00
  1.49330142925020e+00  1.42911640175937e+00  1.36530540937908e+00
  1.30206270218308e+00  1.23956905163137e+00  1.17799154548199e+00
  1.11748350020864e+00  1.05818447884810e+00  1.00022040289591e+00
  9.43703747410415e-01  8.88733809319758e-01  8.35397039475453e-01
  7.83767429850371e-01  7.33906947801649e-01  6.85866010086142e-01
  6.39683990054867e-01  5.95389751384301e-01  5.53002203703854e-01
  5.12530874105296e-01  4.73976490538422e-01  4.37331572864978e-01
  4.02581027254740e-01  3.69702740981205e-01  3.38668173636582e-01
  3.09442942022997e-01  2.81987395588410e-01  2.56257179716580e-01
  2.32203784447944e-01  2.09775076359582e-01  1.88915811744846e-01
  1.69568129435249e-01  1.51672022023568e-01  1.35165784402337e-01
  1.19986439019623e-01  1.06070137232028e-01  9.33525367238393e-02
  8.17691547618218e-02  7.12556975963107e-02  6.17483661603020e-02
  5.31841384958123e-02  4.55010293517496e-02  3.86383274261808e-02
  3.25368108140248e-02  2.71389411646480e-02  2.23890370823009e-02
  1.82334273366870e-02  1.46205842225044e-02  1.15012376632667e-02
  8.82847038424740e-03  6.55779456794347e-03  4.64721033431314e-03
  3.05724640927605e-03  1.75098333132044e-03  6.94059569346882e-04
 -1.45338993606980e-04 -7.96505754775963e-04 -1.28625562381025e-03
 -1.63898214480735e-03 -1.87672860424113e-03 -2.01927224166029e-03
 -2.08422035165184e-03 -2.08711703804926e-03 -2.04155918600371e-03
 -1.95932009665239e-03 -1.85047911558878e-03 -1.72355551014857e-03
 -1.58564479967456e-03 -1.44255573819538e-03 -1.29894618156868e-03
 -1.15845614763081e-03 -1.02383649560894e-03 -8.97071804959647e-04
 -7.79496221872278e-04 -6.71901254491650e-04 -5.74634728740408e-04
 -4.87690357156237e-04 -4.10787613774102e-04 -3.43441840996952e-04
 -2.85024731131586e-04 -2.34815519663722e-04 -1.92043393552535e-04
 -1.55921752638974e-04 -1.25675063260954e-04 -1.00559110398955e-04
 -7.98754891156630e-05 -6.29811805078462e-05 -4.92940353683971e-05
 -3.82949448015043e-05 -2.95274158935187e-05 -2.25951972508551e-05
 -1.71585184831802e-05 -1.29294239608270e-05 -9.66659819529034e-06
 -7.17000100566392e-06 -5.27555778801355e-06 -3.85008505135205e-06
 -2.78657514883349e-06 -1.99991698958659e-06 -1.42309124308740e-06
 -1.00384894002342e-06 -7.01860083416679e-07 -4.86303509823154e-07
 -3.33859262876338e-07 -2.27059367604318e-07 -1.52951052465912e-07
 -1.02027178807870e-07 -6.73812669744281e-08 -4.40481819276770e-08
 -2.84960169516494e-08 -1.82391839123646e-08 -1.15474429786728e-08
 -7.22960948116232e-09 -4.47485591937012e-09 -2.73752619880263e-09
 -1.65475669438764e-09 -9.88031130554975e-10 -5.82577168658246e-10
 -3.39093901590599e-10 -1.94786671604375e-10 -1.10381848609096e-10
 -6.16871602372484e-11 -3.39871779465056e-11 -1.84545878402375e-11
 -9.87188961160083e-12 -5.20039440713389e-12 -2.69675305277815e-12
 -1.37606595518184e-12 -6.90637428027632e-13 -3.40791382707629e-13
 -1.65258848510413e-13 -7.87197291501955e-14 -3.68167340971711e-14
 -1.68983636186191e-14 -7.60801470081951e-15 -3.35822432201507e-15
 -1.45257594887733e-15 -6.15362034940140e-16 -2.55184403718941e-16
 -1.03532105224361e-16 -4.10703988286438e-17 -1.59224132474946e-17
 -6.03189158359132e-18 -2.23051538600234e-18 -8.04646481367383e-19
 -2.83011694733148e-19 -9.70059718128481e-20 -3.23993887994682e-20
 -1.05555832557722e-20 -3.34841740718958e-21 -1.03174820910718e-21
 -3.08578087365691e-22 -8.95129821304917e-23 -2.51652132169041e-23
 -6.85116464238578e-24 -1.80477984050872e-24
 (i6, f12.0, f18.0, f8.3, i6)
   665  60.0000000  0.02500000000000  26.000     2
 (3e22.14)
  2.89367842428521e-06  3.03926416341748e-06  3.19217416628354e-06
  3.35277687848344e-06  3.52145927786660e-06  3.69862780649627e-06
  3.88470934946756e-06  4.08015226293345e-06  4.28542745381153e-06
  4.50102951376806e-06  4.72747791020820e-06  4.96531823713256e-06
  5.21512352887446e-06  5.47749563986777e-06  5.75306669377661e-06
  6.04250060544967e-06  6.34649467939119e-06  6.66578128853998e-06
  7.00112963747166e-06  7.35334761414569e-06  7.72328373479453e-06
  8.11182918647646e-06  8.51991997233088e-06  8.94853916459905e-06
  9.39871927087976e-06  9.87154471926338e-06  1.03681544683683e-05
  1.08897447484644e-05  1.14375719403889e-05  1.20129555990215e-05
  1.26172816287267e-05  1.32520056182669e-05  1.39186563432849e-05
  1.46188394446772e-05  1.53542412918116e-05  1.61266330396678e-05
  1.69378748899152e-05  1.77899205658156e-05  1.86848220120296e-05
  1.96247343303171e-05  2.06119209631697e-05  2.16487591376885e-05
  2.27377455828524e-05  2.38815025337727e-05  2.50827840375071e-05
  2.63444825752814e-05  2.76696360173776e-05  2.90614349268731e-05
  3.05232302302389e-05  3.20585412727386e-05  3.36710642782369e-05
  3.53646812334886e-05  3.71434692183272e-05  3.90117102039082e-05
  4.09739013427574e-05  4.30347657748026e-05  4.51992639759006e-05
  4.74726056751944e-05  4.98602623706660e-05  5.23679804720816e-05
  5.50017951032862e-05  5.77680445965174e-05  6.06733857136336e-05
  6.37248096303146e-05  6.69296587219224e-05  7.02956441903577e-05
  7.38308645751097e-05  7.75438251913121e-05  8.14434585426523e-05
  8.55391457566040e-05  8.98407390940114e-05  9.43585855861684e-05
  9.91035518561691e-05  1.04087050183171e-04  1.09321065872525e-04
  1.14818185995701e-04  1.20591629570317e-04  1.26655279249799e-04
  1.33023714600554e-04  1.39712247043729e-04  1.46736956546192e-04
  1.54114730147044e-04  1.61863302411966e-04  1.70001297910601e-04
  1.78548275819338e-04  1.87524776753339e-04  1.96952371941489e-04
  2.06853714858437e-04  2.17252595438263e-04  2.28173996996761e-04
  2.39644155998678e-04  2.51690624809431e-04  2.64342337583162e-04
  2.77629679438333e-04  2.91584559090291e-04  3.06240485106687e-04
  3.21632645970826e-04  3.37797994138703e-04  3.54775334290198e-04
  3.72605415981151e-04  3.91331030916763e-04  4.10997115072547e-04
  4.31650855908018e-04  4.53341804918860e-04  4.76121995800739e-04
  5.00046068493854e-04  5.25171399407234e-04  5.51558238123183e-04
  5.79269850906027e-04  6.08372671349142e-04  6.38936458516543e-04
  6.71034462944228e-04  7.04743600897530e-04  7.40144637280585e-04
  7.77322377639457e-04  8.16365869692234e-04  8.57368614868943e-04
  9.00428790345109e-04  9.45649482091570e-04  9.93138929478414e-04
  1.04301078200701e-03  1.09538436875754e-03  1.15038498119041e-03
  1.20814416993751e-03  1.26880005629470e-03  1.33249765911036e-03
  1.39938923784704e-03  1.46963465259202e-03  1.54340174185629e-03
  1.62086671902431e-03  1.70221458837544e-03  1.78763958161760e-03
  1.87734561595552e-03  1.97154677471670e-03  2.07046781166073e-03
  2.17434468010204e-03  2.28342508806915e-03  2.39796908074987e-03
  2.51824965156820e-03  2.64455338324660e-03  2.77718112035589e-03
  2.91644867481498e-03  3.06268756599530e-03  3.21624579704861e-03
  3.37748866924135e-03  3.54679963610453e-03  3.72458119933112e-03
  3.91125584840653e-03  4.10726704610379e-03  4.31308026199235e-03
  4.52918405633067e-03  4.75609121666140e-03  4.99433994971947e-03
  5.24449513120881e-03  5.50714961626063e-03  5.78292561342125e-03
  6.07247612521179e-03  6.37648645837850e-03  6.69567580718567e-03
  7.03079891311512e-03  7.38264780469661e-03  7.75205362108458e-03
  8.13988852347647e-03  8.54706769834979e-03  8.97455145691335e-03
  9.42334743520181e-03  9.89451289954907e-03  1.03891571622777e-02
  1.09084441128119e-02  1.14535948694071e-02  1.20258905572766e-02
  1.26266752186669e-02  1.32573588612225e-02  1.39194206507321e-02
  1.46144122550253e-02  1.53439613457957e-02  1.61097752656076e-02
  1.69136448674570e-02  1.77574485348462e-02  1.86431563902352e-02
  1.95728347006906e-02  2.05486504890775e-02  2.15728763604354e-02
  2.26478955526670e-02  2.37762072217517e-02  2.49604319716246e-02
  2.62033176395886e-02  2.75077453482279e-02  2.88767358357040e-02
  3.03134560760527e-02  3.18212262024887e-02  3.34035267461794e-02
  3.50640062043680e-02  3.68064889514887e-02  3.86349835080386e-02
  4.05536911817755e-02  4.25670150974439e-02  4.46795696301277e-02
  4.68961902600524e-02  4.92219438648289e-02  5.16621394679157e-02
  5.42223394609631e-02  5.69083713194111e-02  5.97263398305726e-02
  6.26826398547660e-02  6.57839696396098e-02  6.90373447098384e-02
  7.24501123531872e-02  7.60299667267336e-02  7.97849646049967e-02
  8.37235417952070e-02  8.78545302429585e-02  9.21871758539127e-02
  9.67311570565070e-02  1.01496604132442e-01  1.06494119340362e-01
  1.11734797861541e-01  1.17230249592527e-01  1.22992621815891e-01
  1.29034622773989e-01  1.35369546177275e-01  1.42011296673954e-01
  1.48974416311366e-01  1.56274112017299e-01  1.63926284131798e-01
  1.71947556016628e-01  1.80355304774605e-01  1.89167693103037e-01
  1.98403702315480e-01  2.08083166553649e-01  2.18226808221978e-01
  2.28856274667485e-01  2.39994176132691e-01  2.51664125003993e-01
  2.63890776380628e-01  2.76699869981616e-01  2.90118273415666e-01
  3.04174026822726e-01  3.18896388912267e-01  3.34315884399027e-01
  3.50464352854328e-01  3.67374998971260e-01  3.85082444249102e-01
  4.03622780090524e-01  4.23033622307821e-01  4.43354167017993e-01
  4.64625247917939e-01  4.86889394898868e-01  5.10190893986378e-01
  5.34575848545669e-01  5.60092241720360e-01  5.86790000034554e-01
  6.14721058097917e-01  6.43939424329122e-01  6.74501247615190e-01
  7.06464884791297e-01  7.39890968843710e-01  7.74842477676956e-01
  8.11384803333304e-01  8.49585821464202e-01  8.89515960903371e-01
  9.31248273117819e-01  9.74858501328924e-01  1.02042514904875e+00
  1.06802954777853e+00  1.11775592355407e+00  1.16969146205401e+00
  1.22392637187323e+00  1.28055394564816e+00  1.33967061855870e+00
  1.40137602382275e+00  1.46577304466537e+00  1.53296786227499e+00
  1.60306999917453e+00  1.67619235744141e+00  1.75245125110027e+00
  1.83196643207315e+00  1.91486110887121e+00  2.00126195737077e+00
  2.09129912273245e+00  2.18510621169461e+00  2.28282027424286e+00
  2.38458177372390e+00  2.49053454433492e+00  2.60082573494706e+00
  2.71560573804359e+00  2.83502810268312e+00  2.95924943006580e+00
  3.08842925058872e+00  3.22272988080420e+00  3.36231625903366e+00
  3.50735575802154e+00  3.65801797317902e+00  3.81447448475579e+00
  3.97689859240925e+00  4.14546502034438e+00  4.32034959152401e+00
  4.50172886892231e+00  4.68977976239098e+00  4.88467909900359e+00
  5.08660315539185e+00  5.29572715002439e+00  5.51222469391947e+00
  5.73626719767150e+00  5.96802323360336e+00  6.20765785078076e+00
  6.45533184191921e+00  6.71120096022929e+00  6.97541508519638e+00
  7.24811733576794e+00  7.52944313035302e+00  7.81951919210409e+00
  8.11846249984968e+00  8.42637918314741e+00  8.74336336259653e+00
  9.06949593471239e+00  9.40484330271273e+00  9.74945605386110e+00
  1.01033675852807e+01  1.04665926798123e+01  1.08391260352392e+01
  1.12209407491288e+01  1.16119867644581e+01  1.20121892791173e+01
  1.24214471261958e+01  1.28396311299134e+01  1.32665824453632e+01
  1.37021108889801e+01  1.41459932701849e+01  1.45979717321022e+01
  1.50577521152795e+01  1.55250023533269e+01  1.59993509171180e+01
  1.64803853193584e+01  1.69676506973299e+01  1.74606484893876e+01
  1.79588352246154e+01  1.84616214437556e+01  1.89683707737607e+01
  1.94783991755180e+01  1.99909743907885e+01  2.05053156078984e+01
  2.10205933765055e+01  2.15359297913661e+01  2.20503989764241e+01
  2.25630278921327e+01  2.30727974964895e+01  2.35786442827468e+01
  2.40794622267000e+01  2.45741051617770e+01  2.50613896171086e+01
  2.55400981332975e+01  2.60089830865101e+01  2.64667710355680e+01
  2.69121676150734e+01  2.73438629834221e+01  2.77605378458639e+01
  2.81608700479066e+01  2.85435417553558e+01  2.89072472044356e+01
  2.92507010241314e+01  2.95726471070297e+01  2.98718680125955e+01
  3.01471948640082e+01  3.03975177106699e+01  3.06217962934862e+01
  3.08190711716986e+01  3.09884751279441e+01  3.11292447857600e+01
  3.12407323424330e+01  3.13224173244116e+01  3.13739182475262e+01
  3.13950040716618e+01  3.13856053047663e+01  3.13458246325596e+01
  3.12759469043933e+01  3.11764483351144e+01  3.10480047427900e+01
  3.08914986611481e+01  3.07080251428836e+01  3.04988960864569e+01
  3.02656428938326e+01  3.00100173032630e+01  2.97339902049149e+01
  2.94397482976574e+01  2.91296884192123e+01  2.88064094245768e+01
  2.84727014839848e+01  2.81315327135987e+01  2.77860330512888e+01
  2.74394753523145e+01  2.70952536711011e+01  2.67568587727550e+01
  2.64278509200774e+01  2.61118300498027e+01  2.58124034771048e+01
  2.55331513302239e+01  2.52775899411339e+01  2.50491334992490e+01
  2.48510542813184e+01  2.46864418599108e+01  2.45581617074109e+01
  2.44688136676589e+01  2.44206908125560e+01  2.44157392203328e+01
  2.44555192597943e+01  2.45411689734954e+01  2.46733701803891e+01
  2.48523179177850e+01  2.50776938500257e+01  2.53486442530196e+01
  2.56637631705215e+01  2.60210812999320e+01  2.64180611281644e+01
  2.68515987815546e+01  2.73180329859249e+01  2.78131614634970e+01
  2.83322649961719e+01  2.88701392952436e+01  2.94211347080134e+01
  2.99792036708669e+01  3.05379557129255e+01  3.10907196619667e+01
  3.16306126061812e+01  3.21506150016474e+01  3.26436512126995e+01
  3.31026746244746e+01  3.35207563634200e+01  3.38911765226137e+01
  3.42075167266639e+01  3.44637527222652e+01  3.46543456713453e+01
  3.47743307039909e+01  3.48194012961386e+01  3.47859879904865e+01
  3.46713300032961e+01  3.44735382693236e+01  3.41916485671705e+01
  3.38256634019965e+01  3.33765814880502e+01  3.28464137617263e+01
  3.22381850583500e+01  3.15559207580255e+01  3.08046179339796e+01
  2.99902007699896e+01  2.91194602985289e+01  2.81999787554723e+01
  2.72400391938435e+01  2.62485212541199e+01  2.52347843386124e+01
  2.42085397189044e+01  2.31797134112187e+01  2.21583019314318e+01
  2.11542232876088e+01  2.01771657835557e+01  1.92364373737541e+01
  1.83408184169441e+01  1.74984207405476e+01  1.67165558774248e+01
  1.60016152904713e+01  1.53589651739641e+01  1.47928582307578e+01
  1.43063644688088e+01  1.39013227071228e+01  1.35783140401634e+01
  1.33366580474278e+01  1.31744320344905e+01  1.30885130903895e+01
  1.30746422397024e+01  1.31275094757760e+01  1.32408579920246e+01
  1.34076054891186e+01  1.36199800368421e+01  1.38696676204985e+01
  1.41479682100711e+01  1.44459569731281e+01  1.47546471123169e+01
  1.50651507636731e+01  1.53688344409907e+01  1.56574656640347e+01
  1.59233476586491e+01  1.61594393601721e+01  1.63594583777318e+01
  1.65179650699225e+01  1.66304264245902e+01  1.66932590073847e+01
  1.67038508209219e+01  1.66605624842721e+01  1.65627086688464e+01
  1.64105212104050e+01  1.62050957242901e+01  1.59483238879186e+01
  1.56428138010111e+01  1.52918009924325e+01  1.48990527163393e+01
  1.44687681649551e+01  1.40054771364773e+01  1.35139395418417e+01
  1.29990479189496e+01  1.24657348703460e+01  1.19188870529061e+01
  1.13632670429750e+01  1.08034440907875e+01  1.02437344678604e+01
  9.68815181773573e+00  9.14036764257317e+00  8.60368180962440e+00
  8.08100273824603e+00  7.57483674157016e+00  7.08728583984700e+00
  6.62005323905602e+00  6.17445558247049e+00  5.75144101972115e+00
  5.35161211208813e+00  4.97525258732593e+00  4.62235697863092e+00
  4.29266222295889e+00  3.98568035215574e+00  3.70073148265705e+00
  3.43697639286311e+00  3.19344806855996e+00  2.96908169264314e+00
  2.76274265365680e+00  2.57325224478162e+00  2.39941081933081e+00
  2.24001825758761e+00  2.09389168147086e+00  1.95988042717821e+00
  1.83687834859414e+00  1.72383357777350e+00  1.61975591129160e+00
  1.52372202216640e+00  1.43487871989551e+00  1.35244449223343e+00
  1.27570956710860e+00  1.20403472924862e+00  1.13684911693575e+00
  1.07364721022898e+00  1.01398520439854e+00  9.57476942424065e-01
  9.03789559278551e-01  8.52638968996472e-01  8.03785304641104e-01
  7.57028400772377e-01  7.12203389914200e-01  6.69176467129194e-01
  6.27840862784355e-01  5.88113050475745e-01  5.49929207039889e-01
  5.13241933264304e-01  4.78017237243653e-01  4.44231778113145e-01
  4.11870364247519e-01  3.80923698402867e-01  3.51386361057673e-01
  3.23255023087188e-01  2.96526878839857e-01  2.71198291388479e-01
  2.47263641977436e-01  2.24714376199382e-01  2.03538239552370e-01
  1.83718694999488e-01  1.65234514682741e-01  1.48059537295632e-01
  1.32162581494121e-01  1.17507504630749e-01  1.04053394509458e-01
  9.17548805842623e-02  8.05625493907245e-02  7.04234479320336e-02
  6.12816574651731e-02  5.30789195587405e-02  4.57552958828484e-02
  3.92498433303857e-02  3.35012866292112e-02  2.84486716708219e-02
  2.40319842663021e-02  2.01927209466890e-02  1.68744006402078e-02
  1.40230085321414e-02  1.15873660165393e-02  9.51942330244124e-03
  7.77447381668550e-03  6.31129197061519e-03  5.09219802697124e-03
  4.08305565970445e-03  3.25320928047319e-03  2.57536929099639e-03
  2.02545409370260e-03  1.58239797209778e-03  1.22793386345623e-03
  9.46359636439297e-04  7.24295811054515e-04  5.50441780850861e-04
  4.15336582204891e-04  3.11129167721233e-04  2.31362037632145e-04
  1.70771016518479e-04  1.25102973027232e-04  9.09523989726762e-05
  6.56170106130455e-05  4.69719193183609e-05  3.33614421849047e-05
  2.35072787927076e-05  1.64315570677778e-05  1.13931324628855e-05
  7.83549363186160e-06  5.34466560728882e-06  3.61559027119456e-06
  2.42558837780873e-06  1.61365201858173e-06  1.06447088712174e-06
  6.96249865445826e-07  4.51522766562852e-07  2.90303207458984e-07
  1.85035000087017e-07  1.16910845491172e-07  7.32182064015391e-08
  4.54470510999070e-08  2.79554443032452e-08  1.70390374479895e-08
  1.02890478908595e-08  6.15433288305838e-09  3.64562500509538e-09
  2.13821368802865e-09  1.24135262353101e-09  7.13168241598055e-10
  4.05298141054447e-10  2.27779852954180e-10  1.26537386790016e-10
  6.94565730377154e-11  3.76552465855629e-11  2.01538792791615e-11
  1.06439841147628e-11  5.54429349805577e-12  2.84683563011433e-12
  1.44020789182521e-12  7.17468381037615e-13  3.51770809617203e-13
  1.69651415571443e-13  8.04369602007083e-14  3.74725555506601e-14
  1.71428184406610e-14  7.69689433026009e-15  3.38972542151497e-15
  1.46345260319631e-15  6.19018145601922e-16  2.56380040395846e-16
  1.03911942049526e-16  4.11876194631217e-17  1.59575289288452e-17
  6.04209535996936e-18  2.23338912970629e-18  8.05430305005017e-19
  2.83218575030766e-19  9.70587663085547e-20  3.24124041543017e-20
  1.05586802539440e-20  3.34912805354942e-21  1.03190531554317e-21
  3.08611518595250e-22  8.95198229534940e-23  2.51665579343744e-23
  6.85141831791831e-24  1.80482571781642e-24
  2.48760274254441e-24  2.83795082597790e-24  3.23762551433679e-24
  3.69356899153118e-24  4.21370005483206e-24  4.80705142795164e-24
  5.48392636824174e-24  6.25607727693789e-24  7.13690940137783e-24
  8.14171315124962e-24  9.28792904509984e-24  1.05954498660654e-23
  1.20869652480645e-23  1.37883546453274e-23  1.57291354725511e-23
  1.79429741539554e-23  2.04682689036955e-23  2.33488142959407e-23
  2.66345590915687e-23  3.03824703942648e-23  3.46575190388854e-23
  3.95338032012133e-23  4.50958295957329e-23  5.14399743380223e-23
  5.86761486367214e-23  6.69296979999667e-23  7.63435676521219e-23
  8.70807714283228e-23  9.93272066229091e-23  1.13294863204318e-22
  1.29225482572533e-22  1.47394728742473e-22  1.68116943618227e-22
  1.91750568028317e-22  2.18704321591889e-22  2.49444247471985e-22
  2.84501742869014e-22  3.24482712960319e-22  3.70078005194050e-22
  4.22075302714911e-22  4.81372680612468e-22  5.48994057057502e-22
  6.26106803710494e-22  7.14041816592465e-22  8.14316390528426e-22
  9.28660288006708e-22  1.05904544766083e-21  1.20771983947471e-21
  1.37724604429450e-21  1.57054521547423e-21  1.79094717184455e-21
  2.04224747520057e-21  2.32877246391432e-21  2.65545334904888e-21
  3.02791063277818e-21  3.45255028352236e-21  3.93667330094986e-21
  4.48860053016417e-21  5.11781484176897e-21  5.83512308737849e-21
  6.65284057336620e-21  7.58500117480555e-21  8.64759664285810e-21
  9.85884914959632e-21  1.12395216723634e-20  1.28132714546737e-20
  1.46070525026968e-20  1.66515738975452e-20  1.89818216373626e-20
  2.16376527850378e-20  2.46644719045456e-20  2.81140011414793e-20
  3.20451568634496e-20  3.65250475495901e-20  4.16301096340225e-20
  4.74474002989536e-20  5.40760688162162e-20  6.16290309940108e-20
  7.02348746460607e-20  8.00400278183442e-20  9.12112258449999e-20
  1.03938318230769e-19  1.18437461951095e-19  1.34954754113306e-19
  1.53770364134479e-19  1.75203233780426e-19  1.99616422704714e-19
  2.27423187677637e-19  2.59093895668231e-19  2.95163884529857e-19
  3.36242400456143e-19  3.83022758863775e-19  4.36293895197140e-19
  4.96953494651317e-19  5.66022915325614e-19  6.44664148253508e-19
  7.34199090555148e-19  8.36131445140977e-19  9.52171602536474e-19
  1.08426490815360e-18  1.23462377244358e-18  1.40576414266585e-18
  1.60054692444076e-18  1.82222501988905e-18  2.07449673820291e-18
  2.36156643530095e-18  2.68821335333147e-18  3.05986975993638e-18
  3.48270963332748e-18  3.96374930456962e-18  4.51096165548996e-18
  5.13340568216477e-18  5.84137347310596e-18  6.64655692170000e-18
  7.56223679808569e-18  8.60349715110509e-18  9.78746840124958e-18
  1.11336029264482e-17  1.26639874405245e-17  1.44036970265170e-17
  1.63811963219121e-17  1.86287940695002e-17  2.11831580562592e-17
  2.40858983752019e-17  2.73842279743183e-17  3.11317106177410e-17
  3.53891076929387e-17  4.02253367734319e-17  4.57185565092919e-17
  5.19573942915210e-17  5.90423352471153e-17  6.70872934990541e-17
  7.62213893019629e-17  8.65909586780259e-17  9.83618255684217e-17
  1.11721870332243e-16  1.26883932716698e-16  1.44089092250554e-16
  1.63610374440250e-16  1.85756937250211e-16  2.10878799204593e-16
  2.39372178153449e-16  2.71685518397073e-16  3.08326293582281e-16
  3.49868683691639e-16  3.96962236692597e-16  4.50341639153123e-16
  5.10837735543401e-16  5.79389953232912e-16  6.57060309569659e-16
  7.45049199167152e-16  8.44713183859998e-16  9.57585035088665e-16
  1.08539630901823e-15  1.23010276892789e-15  1.39391300771548e-15
  1.57932066624988e-15  1.78914069127933e-15  2.02655013030951e-15
  2.29513402086896e-15  2.59893699876922e-15  2.94252132496217e-15
  3.33103211453165e-15  3.77027064504697e-15  4.26677672623925e-15
  4.82792122985984e-15  5.46201000923576e-15  6.17840058367086e-15
  6.98763312570259e-15  7.90157747058980e-15  8.93359807006505e-15
  1.00987390382137e-14  1.14139316892457e-14  1.28982272478506e-14
  1.45730577257077e-14  1.64625283070406e-14  1.85937449741714e-14
  2.09971815381611e-14  2.37070907209513e-14  2.67619644736926e-14
  3.02050493135514e-14  3.40849231277297e-14  3.84561406344376e-14
  4.33799555163534e-14  4.89251281593671e-14  5.51688289521337e-14
  6.21976482374956e-14  7.01087252722460e-14  7.90110099558850e-14
  8.90266726560806e-14  1.00292679192543e-13  1.12962549979694e-13
  1.27208324473012e-13  1.43222754456333e-13  1.61221752361285e-13
  1.81447123763443e-13  2.04169616477259e-13  2.29692322323316e-13
  2.58354471683337e-13  2.90535665472832e-13  3.26660594149742e-13
  3.67204298947948e-13  4.12698036691197e-13  4.63735816411867e-13
  5.20981683613008e-13  5.85177836501433e-13  6.57153667901981e-13
  7.37835837058269e-13  8.28259487107432e-13  9.29580736957306e-13
  1.04309059062680e-12  1.17023042305746e-12  1.31260921913450e-12
  1.47202276232026e-12  1.65047499126236e-12  1.85020176695455e-12
  2.07369732024929e-12  2.32374367941876e-12  2.60344341106902e-12
  2.91625604481155e-12  3.26603859353324e-12  3.65709062708748e-12
  4.09420440853939e-12  4.58272065896965e-12  5.12859058043648e-12
  5.73844483719984e-12  6.41967027410784e-12  7.18049523840548e-12
  8.03008446932266e-12  8.97864462771847e-12  1.00375416603972e-11
  1.12194313276832e-11  1.25384043745465e-11  1.40101479931253e-11
  1.56521254123890e-11  1.74837756600512e-11  1.95267357758294e-11
  2.18050880162596e-11  2.43456348836550e-11  2.71782051371314e-11
  3.03359943108148e-11  3.38559436689983e-11  3.77791619899278e-11
  4.21513950764171e-11  4.70235484689758e-11  5.24522694768499e-11
  5.85005953636614e-11  6.52386753318795e-11  7.27445748568982e-11
  8.11051719394406e-11  9.04171559881105e-11  1.00788141329119e-10
  1.12337908784583e-10  1.25199790387066e-10  1.39522214125490e-10
  1.55470427682203e-10  1.73228422434714e-10  1.93001081623609e-10
  2.15016579527337e-10  2.39529061827440e-10  2.66821641101493e-10
  2.97209745632835e-10  3.31044864530642e-10  3.68718737584722e-10
  4.10668044421964e-10  4.57379654501597e-10  5.09396507346756e-10
  5.67324201369748e-10  6.31838379744605e-10  7.03693013294700e-10
  7.83729693385356e-10  8.72888062617955e-10  9.72217527946504e-10
  1.08289041994497e-09  1.20621678368239e-09  1.34366101140405e-09
  1.49686055531846e-09  1.66764699085143e-09  1.85806973718562e-09
  2.07042278348869e-09  2.30727481653960e-09  2.57150319961713e-09
  2.86633231391206e-09  3.19537684422489e-09  3.56269067076559e-09
  3.97282212051225e-09  4.43087643622583e-09  4.94258644037872e-09
  5.51439250837845e-09  6.15353312025315e-09  6.86814743977213e-09
  7.66739157214487e-09  8.56157038564721e-09  9.56228704830790e-09
  1.06826127361013e-08  1.19372793163406e-08  1.33428982116526e-08
  1.49182091019506e-08  1.66843626484714e-08  1.86652420180492e-08
  2.08878286704455e-08  2.33826186550639e-08  2.61840965565125e-08
  2.93312752555135e-08  3.28683108388521e-08  3.68452033458709e-08
  4.13185955521037e-08  4.63526837761731e-08  5.20202566745185e-08
  5.84038803134521e-08  6.55972504160394e-08  7.37067357081187e-08
  8.28531396978833e-08  9.31737121934077e-08  1.04824446299121e-07
  1.17982701843160e-07  1.32850201958523e-07  1.49656456339807e-07
  1.68662672274247e-07  1.90166223322906e-07  2.14505755485566e-07
  2.42067022095060e-07  2.73289551582402e-07  3.08674267218279e-07
  3.48792194599982e-07  3.94294412103657e-07  4.45923421263168e-07
  5.04526139079510e-07  5.71068742610780e-07  6.46653628511830e-07
  7.32538787069651e-07  8.30159931530753e-07  9.41155771988128e-07
  1.06739687560382e-06  1.21101861735200e-06  1.37445879418588e-06
  1.56050055407107e-06  1.77232138088822e-06  2.01354897703723e-06
  2.28832499900483e-06  2.60137773165915e-06  2.95810493170762e-06
  3.36466823601768e-06  3.82810071710256e-06  4.35642937657856e-06
  4.95881460489252e-06  5.64570890090468e-06  6.42903744511070e-06
  7.32240345489951e-06  8.34132163152562e-06  9.50348342653050e-06
  1.08290583381630e-05  1.23410359709133e-05  1.40656141969094e-05
  1.60326394072679e-05  1.82761056061202e-05  2.08347198957710e-05
  2.37525428541138e-05  2.70797133033919e-05  3.08732681180615e-05
  3.51980689739642e-05  4.01278493480902e-05  4.57463965832614e-05
  5.21488856020720e-05  5.94433826378316e-05  6.77525395048144e-05
  7.72155011302236e-05  8.79900515694497e-05  1.00255026468675e-04
  1.14213022836491e-04  1.30093440310664e-04  1.48155891449941e-04
  1.68694022621519e-04  1.92039790809404e-04  2.18568246494619e-04
  2.48702877106630e-04  2.82921570905554e-04  3.21763266448918e-04
  3.65835358518576e-04  4.15821937591775e-04  4.72492946143162e-04
  5.36714341928033e-04  6.09459365511353e-04  6.91821015774726e-04
  7.85025845913591e-04  8.90449198198740e-04  1.00963200505797e-03
  1.14429929014667e-03  1.29638051144188e-03  1.46803189483534e-03
  1.66166091322636e-03  1.87995307315576e-03  2.12590117386420e-03
  2.40283721050077e-03  2.71446709294981e-03  3.06490835514971e-03
  3.45873102526847e-03  3.90100182967356e-03  4.39733188628700e-03
  4.95392804855751e-03  5.57764803008586e-03  6.27605943806630e-03
  7.05750280991623e-03  7.93115872427331e-03  8.90711902297405e-03
  9.99646213956523e-03  1.12113324805577e-02  1.25650237546277e-02
  1.40720660749597e-02  1.57483165934424e-02  1.76110533387967e-02
  1.96790718438301e-02  2.19727840349520e-02  2.45143187662048e-02
  2.73276232186720e-02  3.04385643042282e-02  3.38750290089160e-02
  3.76670225090673e-02  4.18467626770101e-02  4.64487694796714e-02
  5.15099474887305e-02  5.70696596765928e-02  6.31697902993179e-02
  6.98547946258972e-02  7.71717329666347e-02  8.51702862880338e-02
  9.39027505324444e-02  1.03424006512005e-01  1.13791462185502e-01
  1.25064963823466e-01  1.37306672658475e-01  1.50580903322989e-01
  1.64953920515905e-01  1.80493690283489e-01  1.97269582355284e-01
  2.15352020283043e-01  2.34812076157405e-01  2.55721007343257e-01
  2.78149732746148e-01  3.02168247153748e-01  3.27844972463550e-01
  3.55246045856485e-01  3.84434545625483e-01  4.15469656785066e-01
  4.48405779450629e-01  4.83291584913849e-01  5.20169024939115e-01
  5.59072302330783e-01  6.00026811283097e-01  6.43048058423381e-01
  6.88140576260075e-01  7.35296842359321e-01  7.84496218622489e-01
  8.35703925966481e-01  8.88870070317073e-01  9.43928736576722e-01
  1.00079716717880e+00  1.05937504243114e+00  1.11954387987930e+00
  1.18116657039350e+00  1.24408706944615e+00  1.30813026284402e+00
  1.37310202759324e+00  1.43878950961548e+00  1.50496164100738e+00
  1.57136991934212e+00  1.63774947010759e+00  1.70382040983423e+00
  1.76928952190093e+00  1.83385224949555e+00  1.89719500055007e+00
  1.95899774930314e+00  2.01893690778818e+00  2.07668843012379e+00
  2.13193110194173e+00  2.18434995955423e+00  2.23363977513277e+00
  2.27950854081074e+00  2.32168088039489e+00  2.35990131789028e+00
  2.39393733386265e+00  2.42358214422452e+00  2.44865714333306e+00
  2.46901396059363e+00  2.48453609013904e+00  2.49514006385099e+00
  2.50077614977334e+00  2.50142857004029e+00  2.49711524438220e+00
  2.48788707655118e+00  2.47382681142886e+00  2.45504750000397e+00
  2.43169061625120e+00  2.40392387631643e+00  2.37193881450332e+00
  2.33594817162268e+00  2.29618315308664e+00  2.25289061114339e+00
  2.20633020404305e+00  2.15677158007276e+00  2.10449162968702e+00
  2.04977184310535e+00  1.99289580462565e+00  1.93414684856802e+00
  1.87380589566382e+00  1.81214948267062e+00  1.74944799269778e+00
  1.68596408870857e+00  1.62195134884956e+00  1.55765309815405e+00
  1.49330142925020e+00  1.42911640175937e+00  1.36530540937908e+00
  1.30206270218308e+00  1.23956905163137e+00  1.17799154548199e+00
  1.11748350020864e+00  1.05818447884810e+00  1.00022040289591e+00
  9.43703747410415e-01  8.88733809319758e-01  8.35397039475453e-01
  7.83767429850371e-01  7.33906947801649e-01  6.85866010086142e-01
  6.39683990054867e-01  5.95389751384301e-01  5.53002203703854e-01
  5.12530874105296e-01  4.73976490538422e-01  4.37331572864978e-01
  4.02581027254740e-01  3.69702740981205e-01  3.38668173636582e-01
  3.09442942022997e-01  2.81987395588410e-01  2.56257179716580e-01
  2.32203784447944e-01  2.09775076359582e-01  1.88915811744846e-01
  1.69568129435249e-01  1.51672022023568e-01  1.35165784402337e-01
  1.19986439019623e-01  1.06070137232028e-01  9.33525367238393e-02
  8.17691547618218e-02  7.12556975963107e-02  6.17483661603020e-02
  5.31841384958123e-02  4.55010293517496e-02  3.86383274261808e-02
  3.25368108140248e-02  2.71389411646480e-02  2.23890370823009e-02
  1.82334273366870e-02  1.46205842225044e-02  1.15012376632667e-02
  8.82847038424740e-03  6.55779456794347e-03  4.64721033431314e-03
  3.05724640927605e-03  1.75098333132044e-03  6.94059569346882e-04
 -1.45338993606980e-04 -7.96505754775963e-04 -1.28625562381025e-03
 -1.63898214480735e-03 -1.87672860424113e-03 -2.01927224166029e-03
 -2.08422035165184e-03 -2.08711703804926e-03 -2.04155918600371e-03
 -1.95932009665239e-03 -1.85047911558878e-03 -1.72355551014857e-03
 -1.58564479967456e-03 -1.44255573819538e-03 -1.29894618156868e-03
 -1.15845614763081e-03 -1.02383649560894e-03 -8.97071804959647e-04
 -7.79496221872278e-04 -6.71901254491650e-04 -5.74634728740408e-04
 -4.87690357156237e-04 -4.10787613774102e-04 -3.43441840996952e-04
 -2.85024731131586e-04 -2.34815519663722e-04 -1.92043393552535e-04
 -1.55921752638974e-04 -1.25675063260954e-04 -1.00559110398955e-04
 -7.98754891156630e-05 -6.29811805078462e-05 -4.92940353683971e-05
 -3.82949448015043e-05 -2.95274158935187e-05 -2.25951972508551e-05
 -1.71585184831802e-05 -1.29294239608270e-05 -9.66659819529034e-06
 -7.17000100566392e-06 -5.27555778801355e-06 -3.85008505135205e-06
 -2.78657514883349e-06 -1.99991698958659e-06 -1.42309124308740e-06
 -1.00384894002342e-06 -7.01860083416679e-07 -4.86303509823154e-07
 -3.33859262876338e-07 -2.27059367604318e-07 -1.52951052465912e-07
 -1.02027178807870e-07 -6.73812669744281e-08 -4.40481819276770e-08
 -2.84960169516494e-08 -1.82391839123646e-08 -1.15474429786728e-08
 -7.22960948116232e-09 -4.47485591937012e-09 -2.73752619880263e-09
 -1.65475669438764e-09 -9.88031130554975e-10 -5.82577168658246e-10
 -3.39093901590599e-10 -1.94786671604375e-10 -1.10381848609096e-10
 -6.16871602372484e-11 -3.39871779465056e-11 -1.84545878402375e-11
 -9.87188961160083e-12 -5.20039440713389e-12 -2.69675305277815e-12
 -1.37606595518184e-12 -6.90637428027632e-13 -3.40791382707629e-13
 -1.65258848510413e-13 -7.87197291501955e-14 -3.68167340971711e-14
 -1.68983636186191e-14 -7.60801470081951e-15 -3.35822432201507e-15
 -1.45257594887733e-15 -6.15362034940140e-16 -2.55184403718941e-16
 -1.03532105224361e-16 -4.10703988286438e-17 -1.59224132474946e-17
 -6.03189158359132e-18 -2.23051538600234e-18 -8.04646481367383e-19
 -2.83011694733148e-19 -9.70059718128481e-20 -3.23993887994682e-20
 -1.05555832557722e-20 -3.34841740718958e-21 -1.03174820910718e-21
 -3.08578087365691e-22 -8.95129821304917e-23 -2.51652132169041e-23
 -6.85116464238578e-24 -1.80477984050872e-24
 (i6, f12.0, f18.0, f8.3, i6)
   665  60.0000000  0.02500000000000  26.000     2
 (3e22.14)
  2.89367842428521e-06  3.03926416341748e-06  3.19217416628354e-06
  3.35277687848344e-06  3.52145927786660e-06  3.69862780649627e-06
  3.88470934946756e-06  4.08015226293345e-06  4.28542745381153e-06
  4.50102951376806e-06  4.72747791020820e-06  4.96531823713256e-06
  5.21512352887446e-06  5.47749563986777e-06  5.75306669377661e-06
  6.04250060544967e-06  6.34649467939119e-06  6.66578128853998e-06
  7.00112963747166e-06  7.35334761414569e-06  7.72328373479453e-06
  8.11182918647646e-06  8.51991997233088e-06  8.94853916459905e-06
  9.39871927087976e-06  9.87154471926338e-06  1.03681544683683e-05
  1.08897447484644e-05  1.14375719403889e-05  1.20129555990215e-05
  1.26172816287267e-05  1.32520056182669e-05  1.39186563432849e-05
  1.46188394446772e-05  1.53542412918116e-05  1.61266330396678e-05
  1.69378748899152e-05  1.77899205658156e-05  1.86848220120296e-05
  1.96247343303171e-05  2.06119209631697e-05  2.16487591376885e-05
  2.27377455828524e-05  2.38815025337727e-05  2.50827840375071e-05
  2.63444825752814e-05  2.76696360173776e-05  2.90614349268731e-05
  3.05232302302389e-05  3.20585412727386e-05  3.36710642782369e-05
  3.53646812334886e-05  3.71434692183272e-05  3.90117102039082e-05
  4.09739013427574e-05  4.30347657748026e-05  4.51992639759006e-05
  4.74726056751944e-05  4.98602623706660e-05  5.23679804720816e-05
  5.50017951032862e-05  5.77680445965174e-05  6.06733857136336e-05
  6.37248096303146e-05  6.69296587219224e-05  7.02956441903577e-05
  7.38308645751097e-05  7.75438251913121e-05  8.14434585426523e-05
  8.55391457566040e-05  8.98407390940114e-05  9.43585855861684e-05
  9.91035518561691e-05  1.04087050183171e-04  1.09321065872525e-04
  1.14818185995701e-04  1.20591629570317e-04  1.26655279249799e-04
  1.33023714600554e-04  1.39712247043729e-04  1.46736956546192e-04
  1.54114730147044e-04  1.61863302411966e-04  1.70001297910601e-04
  1.78548275819338e-04  1.87524776753339e-04  1.96952371941489e-04
  2.06853714858437e-04  2.17252595438263e-04  2.28173996996761e-04
  2.39644155998678e-04  2.51690624809431e-04  2.64342337583162e-04
  2.77629679438333e-04  2.91584559090291e-04  3.06240485106687e-04
  3.21632645970826e-04  3.37797994138703e-04  3.54775334290198e-04
  3.72605415981151e-04  3.91331030916763e-04  4.10997115072547e-04
  4.31650855908018e-04  4.53341804918860e-04  4.76121995800739e-04
  5.00046068493854e-04  5.25171399407234e-04  5.51558238123183e-04
  5.79269850906027e-04  6.08372671349142e-04  6.38936458516543e-04
  6.71034462944228e-04  7.04743600897530e-04  7.40144637280585e-04
  7.77322377639457e-04  8.16365869692234e-04  8.57368614868943e-04
  9.00428790345109e-04  9.45649482091570e-04  9.93138929478414e-04
  1.04301078200701e-03  1.09538436875754e-03  1.15038498119041e-03
  1.20814416993751e-03  1.26880005629470e-03  1.33249765911036e-03
  1.39938923784704e-03  1.46963465259202e-03  1.54340174185629e-03
  1.62086671902431e-03  1.70221458837544e-03  1.78763958161760e-03
  1.87734561595552e-03  1.97154677471670e-03  2.07046781166073e-03
  2.17434468010204e-03  2.28342508806915e-03  2.39796908074987e-03
  2.51824965156820e-03  2.64455338324660e-03  2.77718112035589e-03
  2.91644867481498e-03  3.06268756599530e-03  3.21624579704861e-03
  3.37748866924135e-03  3.54679963610453e-03  3.72458119933112e-03
  3.91125584840653e-03  4.10726704610379e-03  4.31308026199235e-03
  4.52918405633067e-03  4.75609121666140e-03  4.99433994971947e-03
  5.24449513120881e-03  5.50714961626063e-03  5.78292561342125e-03
  6.07247612521179e-03  6.37648645837850e-03  6.69567580718567e-03
  7.03079891311512e-03  7.38264780469661e-03  7.75205362108458e-03
  8.13988852347647e-03  8.54706769834979e-03  8.97455145691335e-03
  9.42334743520181e-03  9.89451289954907e-03  1.03891571622777e-02
  1.09084441128119e-02  1.14535948694071e-02  1.20258905572766e-02
  1.26266752186669e-02  1.32573588612225e-02  1.39194206507321e-02
  1.46144122550253e-02  1.53439613457957e-02  1.61097752656076e-02
  1.69136448674570e-02  1.77574485348462e-02  1.86431563902352e-02
  1.95728347006906e-02  2.05486504890775e-02  2.15728763604354e-02
  2.26478955526670e-02  2.37762072217517e-02  2.49604319716246e-02
  2.62033176395886e-02  2.75077453482279e-02  2.88767358357040e-02
  3.03134560760527e-02  3.18212262024887e-02  3.34035267461794e-02
  3.50640062043680e-02  3.68064889514887e-02  3.86349835080386e-02
  4.05536911817755e-02  4.25670150974439e-02  4.46795696301277e-02
  4.68961902600524e-02  4.92219438648289e-02  5.16621394679157e-02
  5.42223394609631e-02  5.69083713194111e-02  5.97263398305726e-02
  6.26826398547660e-02  6.57839696396098e-02  6.90373447098384e-02
  7.24501123531872e-02  7.60299667267336e-02  7.97849646049967e-02
  8.37235417952070e-02  8.78545302429585e-02  9.21871758539127e-02
  9.67311570565070e-02  1.01496604132442e-01  1.06494119340362e-01
  1.11734797861541e-01  1.17230249592527e-01  1.22992621815891e-01
  1.29034622773989e-01  1.35369546177275e-01  1.42011296673954e-01
  1.48974416311366e-01  1.56274112017299e-01  1.63926284131798e-01
  1.71947556016628e-01  1.80355304774605e-01  1.89167693103037e-01
  1.98403702315480e-01  2.08083166553649e-01  2.18226808221978e-01
  2.28856274667485e-01  2.39994176132691e-01  2.51664125003993e-01
  2.63890776380628e-01  2.76699869981616e-01  2.90118273415666e-01
  3.04174026822726e-01  3.18896388912267e-01  3.34315884399027e-01
  3.50464352854328e-01  3.67374998971260e-01  3.85082444249102e-01
  4.03622780090524e-01  4.23033622307821e-01  4.43354167017993e-01
  4.64625247917939e-01  4.86889394898868e-01  5.10190893986378e-01
  5.34575848545669e-01  5.60092241720360e-01  5.86790000034554e-01
  6.14721058097917e-01  6.43939424329122e-01  6.74501247615190e-01
  7.06464884791297e-01  7.39890968843710e-01  7.74842477676956e-01
  8.11384803333304e-01  8.49585821464202e-01  8.89515960903371e-01
  9.31248273117819e-01  9.74858501328924e-01  1.02042514904875e+00
  1.06802954777853e+00  1.11775592355407e+00  1.16969146205401e+00
  1.22392637187323e+00  1.28055394564816e+00  1.33967061855870e+00
  1.40137602382275e+00  1.46577304466537e+00  1.53296786227499e+00
  1.60306999917453e+00  1.67619235744141e+00  1.75245125110027e+00
  1.83196643207315e+00  1.91486110887121e+00  2.00126195737077e+00
  2.09129912273245e+00  2.18510621169461e+00  2.28282027424286e+00
  2.38458177372390e+00  2.49053454433492e+00  2.60082573494706e+00
  2.71560573804359e+00  2.83502810268312e+00  2.95924943006580e+00
  3.08842925058872e+00  3.22272988080420e+00  3.36231625903366e+00
  3.50735575802154e+00  3.65801797317902e+00  3.81447448475579e+00
  3.97689859240925e+00  4.14546502034438e+00  4.32034959152401e+00
  4.50172886892231e+00  4.68977976239098e+00  4.88467909900359e+00
  5.08660315539185e+00  5.29572715002439e+00  5.51222469391947e+00
  5.73626719767150e+00  5.96802323360336e+00  6.20765785078076e+00
  6.45533184191921e+00  6.71120096022929e+00  6.97541508519638e+00
  7.24811733576794e+00  7.52944313035302e+00  7.81951919210409e+00
  8.11846249984968e+00  8.42637918314741e+00  8.74336336259653e+00
  9.06949593471239e+00  9.40484330271273e+00  9.74945605386110e+00
  1.01033675852807e+01  1.04665926798123e+01  1.08391260352392e+01
  1.12209407491288e+01  1.16119867644581e+01  1.20121892791173e+01
  1.24214471261958e+01  1.28396311299134e+01  1.32665824453632e+01
  1.37021108889801e+01  1.41459932701849e+01  1.45979717321022e+01
  1.50577521152795e+01  1.55250023533269e+01  1.59993509171180e+01
  1.64803853193584e+01  1.69676506973299e+01  1.74606484893876e+01
  1.79588352246154e+01  1.84616214437556e+01  1.89683707737607e+01
  1.94783991755180e+01  1.99909743907885e+01  2.05053156078984e+01
  2.10205933765055e+01  2.15359297913661e+01  2.20503989764241e+01
  2.25630278921327e+01  2.30727974964895e+01  2.35786442827468e+01
  2.40794622267000e+01  2.45741051617770e+01  2.50613896171086e+01
  2.55400981332975e+01  2.60089830865101e+01  2.64667710355680e+01
  2.69121676150734e+01  2.73438629834221e+01  2.77605378458639e+01
  2.81608700479066e+01  2.85435417553558e+01  2.89072472044356e+01
  2.92507010241314e+01  2.95726471070297e+01  2.98718680125955e+01
  3.01471948640082e+01  3.03975177106699e+01  3.06217962934862e+01
  3.08190711716986e+01  3.09884751279441e+01  3.11292447857600e+01
  3.12407323424330e+01  3.13224173244116e+01  3.13739182475262e+01
  3.13950040716618e+01  3.13856053047663e+01  3.13458246325596e+01
  3.12759469043933e+01  3.11764483351144e+01  3.10480047427900e+01
  3.08914986611481e+01  3.07080251428836e+01  3.04988960864569e+01
  3.02656428938326e+01  3.00100173032630e+01  2.97339902049149e+01
  2.94397482976574e+01  2.91296884192123e+01  2.88064094245768e+01
  2.84727014839848e+01  2.81315327135987e+01  2.77860330512888e+01
  2.74394753523145e+01  2.70952536711011e+01  2.67568587727550e+01
  2.64278509200774e+01  2.61118300498027e+01  2.58124034771048e+01
  2.55331513302239e+01  2.52775899411339e+01  2.50491334992490e+01
  2.48510542813184e+01  2.46864418599108e+01  2.45581617074109e+01
  2.44688136676589e+01  2.44206908125560e+01  2.44157392203328e+01
  2.44555192597943e+01  2.45411689734954e+01  2.46733701803891e+01
  2.48523179177850e+01  2.50776938500257e+01  2.53486442530196e+01
  2.56637631705215e+01  2.60210812999320e+01  2.64180611281644e+01
  2.68515987815546e+01  2.73180329859249e+01  2.78131614634970e+01
  2.83322649961719e+01  2.88701392952436e+01  2.94211347080134e+01
  2.99792036708669e+01  3.05379557129255e+01  3.10907196619667e+01
  3.16306126061812e+01  3.21506150016474e+01  3.26436512126995e+01
  3.31026746244746e+01  3.35207563634200e+01  3.38911765226137e+01
  3.42075167266639e+01  3.44637527222652e+01  3.46543456713453e+01
  3.47743307039909e+01  3.48194012961386e+01  3.47859879904865e+01
  3.46713300032961e+01  3.44735382693236e+01  3.41916485671705e+01
  3.38256634019965e+01  3.33765814880502e+01  3.28464137617263e+01
  3.22381850583500e+01  3.15559207580255e+01  3.08046179339796e+01
  2.99902007699896e+01  2.91194602985289e+01  2.81999787554723e+01
  2.72400391938435e+01  2.62485212541199e+01  2.52347843386124e+01
  2.42085397189044e+01  2.31797134112187e+01  2.21583019314318e+01
  2.11542232876088e+01  2.01771657835557e+01  1.92364373737541e+01
  1.83408184169441e+01  1.74984207405476e+01  1.67165558774248e+01
  1.60016152904713e+01  1.53589651739641e+01  1.47928582307578e+01
  1.43063644688088e+01  1.39013227071228e+01  1.35783140401634e+01
  1.33366580474278e+01  1.31744320344905e+01  1.30885130903895e+01
  1.30746422397024e+01  1.31275094757760e+01  1.32408579920246e+01
  1.34076054891186e+01  1.36199800368421e+01  1.38696676204985e+01
  1.41479682100711e+01  1.44459569731281e+01  1.47546471123169e+01
  1.50651507636731e+01  1.53688344409907e+01  1.56574656640347e+01
  1.59233476586491e+01  1.61594393601721e+01  1.63594583777318e+01
  1.65179650699225e+01  1.66304264245902e+01  1.66932590073847e+01
  1.67038508209219e+01  1.66605624842721e+01  1.65627086688464e+01
  1.64105212104050e+01  1.62050957242901e+01  1.59483238879186e+01
  1.56428138010111e+01  1.52918009924325e+01  1.48990527163393e+01
  1.44687681649551e+01  1.40054771364773e+01  1.35139395418417e+01
  1.29990479189496e+01  1.24657348703460e+01  1.19188870529061e+01
  1.13632670429750e+01  1.08034440907875e+01  1.02437344678604e+01
  9.68815181773573e+00  9.14036764257317e+00  8.60368180962440e+00
  8.08100273824603e+00  7.57483674157016e+00  7.08728583984700e+00
  6.62005323905602e+00  6.17445558247049e+00  5.75144101972115e+00
  5.35161211208813e+00  4.97525258732593e+00  4.62235697863092e+00
  4.29266222295889e+00  3.98568035215574e+00  3.70073148265705e+00
  3.43697639286311e+00  3.19344806855996e+00  2.96908169264314e+00
  2.76274265365680e+00  2.57325224478162e+00  2.39941081933081e+00
  2.24001825758761e+00  2.09389168147086e+00  1.95988042717821e+00
  1.83687834859414e+00  1.72383357777350e+00  1.61975591129160e+00
  1.52372202216640e+00  1.43487871989551e+00  1.35244449223343e+00
  1.27570956710860e+00  1.20403472924862e+00  1.13684911693575e+00
  1.07364721022898e+00  1.01398520439854e+00  9.57476942424065e-01
  9.03789559278551e-01  8.52638968996472e-01  8.03785304641104e-01
  7.57028400772377e-01  7.12203389914200e-01  6.69176467129194e-01
  6.27840862784355e-01  5.88113050475745e-01  5.49929207039889e-01
  5.13241933264304e-01  4.78017237243653e-01  4.44231778113145e-01
  4.11870364247519e-01  3.80923698402867e-01  3.51386361057673e-01
  3.23255023087188e-01  2.96526878839857e-01  2.71198291388479e-01
  2.47263641977436e-01  2.24714376199382e-01  2.03538239552370e-01
  1.83718694999488e-01  1.65234514682741e-01  1.48059537295632e-01
  1.32162581494121e-01  1.17507504630749e-01  1.04053394509458e-01
  9.17548805842623e-02  8.05625493907245e-02  7.04234479320336e-02
  6.12816574651731e-02  5.30789195587405e-02  4.57552958828484e-02
  3.92498433303857e-02  3.35012866292112e-02  2.84486716708219e-02
  2.40319842663021e-02  2.01927209466890e-02  1.68744006402078e-02
  1.40230085321414e-02  1.15873660165393e-02  9.51942330244124e-03
  7.77447381668550e-03  6.31129197061519e-03  5.09219802697124e-03
  4.08305565970445e-03  3.25320928047319e-03  2.57536929099639e-03
  2.02545409370260e-03  1.58239797209778e-03  1.22793386345623e-03
  9.46359636439297e-04  7.24295811054515e-04  5.50441780850861e-04
  4.15336582204891e-04  3.11129167721233e-04  2.31362037632145e-04
  1.70771016518479e-04  1.25102973027232e-04  9.09523989726762e-05
  6.56170106130455e-05  4.69719193183609e-05  3.33614421849047e-05
  2.35072787927076e-05  1.64315570677778e-05  1.13931324628855e-05
  7.83549363186160e-06  5.34466560728882e-06  3.61559027119456e-06
  2.42558837780873e-06  1.61365201858173e-06  1.06447088712174e-06
  6.96249865445826e-07  4.51522766562852e-07  2.90303207458984e-07
  1.85035000087017e-07  1.16910845491172e-07  7.32182064015391e-08
  4.54470510999070e-08  2.79554443032452e-08  1.70390374479895e-08
  1.02890478908595e-08  6.15433288305838e-09  3.64562500509538e-09
  2.13821368802865e-09  1.24135262353101e-09  7.13168241598055e-10
  4.05298141054447e-10  2.27779852954180e-10  1.26537386790016e-10
  6.94565730377154e-11  3.76552465855629e-11  2.01538792791615e-11
  1.06439841147628e-11  5.54429349805577e-12  2.84683563011433e-12
  1.44020789182521e-12  7.17468381037615e-13  3.51770809617203e-13
  1.69651415571443e-13  8.04369602007083e-14  3.74725555506601e-14
  1.71428184406610e-14  7.69689433026009e-15  3.38972542151497e-15
  1.46345260319631e-15  6.19018145601922e-16  2.56380040395846e-16
  1.03911942049526e-16  4.11876194631217e-17  1.59575289288452e-17
  6.04209535996936e-18  2.23338912970629e-18  8.05430305005017e-19
  2.83218575030766e-19  9.70587663085547e-20  3.24124041543017e-20
  1.05586802539440e-20  3.34912805354942e-21  1.03190531554317e-21
  3.08611518595250e-22  8.95198229534940e-23  2.51665579343744e-23
  6.85141831791831e-24  1.80482571781642e-24
  2.48760274254441e-24  2.83795082597790e-24  3.23762551433679e-24
  3.69356899153118e-24  4.21370005483206e-24  4.80705142795164e-24
  5.48392636824174e-24  6.25607727693789e-24  7.13690940137783e-24
  8.14171315124962e-24  9.28792904509984e-24  1.05954498660654e-23
  1.20869652480645e-23  1.37883546453274e-23  1.57291354725511e-23
  1.79429741539554e-23  2.04682689036955e-23  2.33488142959407e-23
  2.66345590915687e-23  3.03824703942648e-23  3.46575190388854e-23
  3.95338032012133e-23  4.50958295957329e-23  5.14399743380223e-23
  5.86761486367214e-23  6.69296979999667e-23  7.63435676521219e-23
  8.70807714283228e-23  9.93272066229091e-23  1.13294863204318e-22
  1.29225482572533e-22  1.47394728742473e-22  1.68116943618227e-22
  1.91750568028317e-22  2.18704321591889e-22  2.49444247471985e-22
  2.84501742869014e-22  3.24482712960319e-22  3.70078005194050e-22
  4.22075302714911e-22  4.81372680612468e-22  5.48994057057502e-22
  6.26106803710494e-22  7.14041816592465e-22  8.14316390528426e-22
  9.28660288006708e-22  1.05904544766083e-21  1.20771983947471e-21
  1.37724604429450e-21  1.57054521547423e-21  1.79094717184455e-21
  2.04224747520057e-21  2.32877246391432e-21  2.65545334904888e-21
  3.02791063277818e-21  3.45255028352236e-21  3.93667330094986e-21
  4.48860053016417e-21  5.11781484176897e-21  5.83512308737849e-21
  6.65284057336620e-21  7.58500117480555e-21  8.64759664285810e-21
  9.85884914959632e-21  1.12395216723634e-20  1.28132714546737e-20
  1.46070525026968e-20  1.66515738975452e-20  1.89818216373626e-20
  2.16376527850378e-20  2.46644719045456e-20  2.81140011414793e-20
  3.20451568634496e-20  3.65250475495901e-20  4.16301096340225e-20
  4.74474002989536e-20  5.40760688162162e-20  6.16290309940108e-20
  7.02348746460607e-20  8.00400278183442e-20  9.12112258449999e-20
  1.03938318230769e-19  1.18437461951095e-19  1.34954754113306e-19
  1.53770364134479e-19  1.75203233780426e-19  1.99616422704714e-19
  2.27423187677637e-19  2.59093895668231e-19  2.95163884529857e-19
  3.36242400456143e-19  3.83022758863775e-19  4.36293895197140e-19
  4.96953494651317e-19  5.66022915325614e-19  6.44664148253508e-19
  7.34199090555148e-19  8.36131445140977e-19  9.52171602536474e-19
  1.08426490815360e-18  1.23462377244358e-18  1.40576414266585e-18
  1.60054692444076e-18  1.82222501988905e-18  2.07449673820291e-18
  2.36156643530095e-18  2.68821335333147e-18  3.05986975993638e-18
  3.48270963332748e-18  3.96374930456962e-18  4.51096165548996e-18
  5.13340568216477e-18  5.84137347310596e-18  6.64655692170000e-18
  7.56223679808569e-18  8.60349715110509e-18  9.78746840124958e-18
  1.11336029264482e-17  1.26639874405245e-17  1.44036970265170e-17
  1.63811963219121e-17  1.86287940695002e-17  2.11831580562592e-17
  2.40858983752019e-17  2.73842279743183e-17  3.11317106177410e-17
  3.53891076929387e-17  4.02253367734319e-17  4.57185565092919e-17
  5.19573942915210e-17  5.90423352471153e-17  6.70872934990541e-17
  7.62213893019629e-17  8.65909586780259e-17  9.83618255684217e-17
  1.11721870332243e-16  1.26883932716698e-16  1.44089092250554e-16
  1.63610374440250e-16  1.85756937250211e-16  2.10878799204593e-16
  2.39372178153449e-16  2.71685518397073e-16  3.08326293582281e-16
  3.49868683691639e-16  3.96962236692597e-16  4.50341639153123e-16
  5.10837735543401e-16  5.79389953232912e-16  6.57060309569659e-16
  7.45049199167152e-16  8.44713183859998e-16  9.57585035088665e-16
  1.08539630901823e-15  1.23010276892789e-15  1.39391300771548e-15
  1.57932066624988e-15  1.78914069127933e-15  2.02655013030951e-15
  2.29513402086896e-15  2.59893699876922e-15  2.94252132496217e-15
  3.33103211453165e-15  3.77027064504697e-15  4.26677672623925e-15
  4.82792122985984e-15  5.46201000923576e-15  6.17840058367086e-15
  6.98763312570259e-15  7.90157747058980e-15  8.93359807006505e-15
  1.00987390382137e-14  1.14139316892457e-14  1.28982272478506e-14
  1.45730577257077e-14  1.64625283070406e-14  1.85937449741714e-14
  2.09971815381611e-14  2.37070907209513e-14  2.67619644736926e-14
  3.02050493135514e-14  3.40849231277297e-14  3.84561406344376e-14
  4.33799555163534e-14  4.89251281593671e-14  5.51688289521337e-14
  6.21976482374956e-14  7.01087252722460e-14  7.90110099558850e-14
  8.90266726560806e-14  1.00292679192543e-13  1.12962549979694e-13
  1.27208324473012e-13  1.43222754456333e-13  1.61221752361285e-13
  1.81447123763443e-13  2.04169616477259e-13  2.29692322323316e-13
  2.58354471683337e-13  2.90535665472832e-13  3.26660594149742e-13
  3.67204298947948e-13  4.12698036691197e-13  4.63735816411867e-13
  5.20981683613008e-13  5.85177836501433e-13  6.57153667901981e-13
  7.37835837058269e-13  8.28259487107432e-13  9.29580736957306e-13
  1.04309059062680e-12  1.17023042305746e-12  1.31260921913450e-12
  1.47202276232026e-12  1.65047499126236e-12  1.85020176695455e-12
  2.07369732024929e-12  2.32374367941876e-12  2.60344341106902e-12
  2.91625604481155e-12  3.26603859353324e-12  3.65709062708748e-12
  4.09420440853939e-12  4.58272065896965e-12  5.12859058043648e-12
  5.73844483719984e-12  6.41967027410784e-12  7.18049523840548e-12
  8.03008446932266e-12  8.97864462771847e-12  1.00375416603972e-11
  1.12194313276832e-11  1.25384043745465e-11  1.40101479931253e-11
  1.56521254123890e-11  1.74837756600512e-11  1.95267357758294e-11
  2.18050880162596e-11  2.43456348836550e-11  2.71782051371314e-11
  3.03359943108148e-11  3.38559436689983e-11  3.77791619899278e-11
  4.21513950764171e-11  4.70235484689758e-11  5.24522694768499e-11
  5.85005953636614e-11  6.52386753318795e-11  7.27445748568982e-11
  8.11051719394406e-11  9.04171559881105e-11  1.00788141329119e-10
  1.12337908784583e-10  1.25199790387066e-10  1.39522214125490e-10
  1.55470427682203e-10  1.73228422434714e-10  1.93001081623609e-10
  2.15016579527337e-10  2.39529061827440e-10  2.66821641101493e-10
  2.97209745632835e-10  3.31044864530642e-10  3.68718737584722e-10
  4.10668044421964e-10  4.57379654501597e-10  5.09396507346756e-10
  5.67324201369748e-10  6.31838379744605e-10  7.03693013294700e-10
  7.83729693385356e-10  8.72888062617955e-10  9.72217527946504e-10
  1.08289041994497e-09  1.20621678368239e-09  1.34366101140405e-09
  1.49686055531846e-09  1.66764699085143e-09  1.85806973718562e-09
  2.07042278348869e-09  2.30727481653960e-09  2.57150319961713e-09
  2.86633231391206e-09  3.19537684422489e-09  3.56269067076559e-09
  3.97282212051225e-09  4.43087643622583e-09  4.94258644037872e-09
  5.51439250837845e-09  6.15353312025315e-09  6.86814743977213e-09
  7.66739157214487e-09  8.56157038564721e-09  9.56228704830790e-09
  1.06826127361013e-08  1.19372793163406e-08  1.33428982116526e-08
  1.49182091019506e-08  1.66843626484714e-08  1.86652420180492e-08
  2.08878286704455e-08  2.33826186550639e-08  2.61840965565125e-08
  2.93312752555135e-08  3.28683108388521e-08  3.68452033458709e-08
  4.13185955521037e-08  4.63526837761731e-08  5.20202566745185e-08
  5.84038803134521e-08  6.55972504160394e-08  7.37067357081187e-08
  8.28531396978833e-08  9.31737121934077e-08  1.04824446299121e-07
  1.17982701843160e-07  1.32850201958523e-07  1.49656456339807e-07
  1.68662672274247e-07  1.90166223322906e-07  2.14505755485566e-07
  2.42067022095060e-07  2.73289551582402e-07  3.08674267218279e-07
  3.48792194599982e-07  3.94294412103657e-07  4.45923421263168e-07
  5.04526139079510e-07  5.71068742610780e-07  6.46653628511830e-07
  7.32538787069651e-07  8.30159931530753e-07  9.41155771988128e-07
  1.06739687560382e-06  1.21101861735200e-06  1.37445879418588e-06
  1.56050055407107e-06  1.77232138088822e-06  2.01354897703723e-06
  2.28832499900483e-06  2.60137773165915e-06  2.95810493170762e-06
  3.36466823601768e-06  3.82810071710256e-06  4.35642937657856e-06
  4.95881460489252e-06  5.64570890090468e-06  6.42903744511070e-06
  7.32240345489951e-06  8.34132163152562e-06  9.50348342653050e-06
  1.08290583381630e-05  1.23410359709133e-05  1.40656141969094e-05
  1.60326394072679e-05  1.82761056061202e-05  2.08347198957710e-05
  2.37525428541138e-05  2.70797133033919e-05  3.08732681180615e-05
  3.51980689739642e-05  4.01278493480902e-05  4.57463965832614e-05
  5.21488856020720e-05  5.94433826378316e-05  6.77525395048144e-05
  7.72155011302236e-05  8.79900515694497e-05  1.00255026468675e-04
  1.14213022836491e-04  1.30093440310664e-04  1.48155891449941e-04
  1.68694022621519e-04  1.92039790809404e-04  2.18568246494619e-04
  2.48702877106630e-04  2.82921570905554e-04  3.21763266448918e-04
  3.65835358518576e-04  4.15821937591775e-04  4.72492946143162e-04
  5.36714341928033e-04  6.09459365511353e-04  6.91821015774726e-04
  7.85025845913591e-04  8.90449198198740e-04  1.00963200505797e-03
  1.14429929014667e-03  1.29638051144188e-03  1.46803189483534e-03
  1.66166091322636e-03  1.87995307315576e-03  2.12590117386420e-03
  2.40283721050077e-03  2.71446709294981e-03  3.06490835514971e-03
  3.45873102526847e-03  3.90100182967356e-03  4.39733188628700e-03
  4.95392804855751e-03  5.57764803008586e-03  6.27605943806630e-03
  7.05750280991623e-03  7.93115872427331e-03  8.90711902297405e-03
  9.99646213956523e-03  1.12113324805577e-02  1.25650237546277e-02
  1.40720660749597e-02  1.57483165934424e-02  1.76110533387967e-02
  1.96790718438301e-02  2.19727840349520e-02  2.45143187662048e-02
  2.73276232186720e-02  3.04385643042282e-02  3.38750290089160e-02
  3.76670225090673e-02  4.18467626770101e-02  4.64487694796714e-02
  5.15099474887305e-02  5.70696596765928e-02  6.31697902993179e-02
  6.98547946258972e-02  7.71717329666347e-02  8.51702862880338e-02
  9.39027505324444e-02  1.03424006512005e-01  1.13791462185502e-01
  1.25064963823466e-01  1.37306672658475e-01  1.50580903322989e-01
  1.64953920515905e-01  1.80493690283489e-01  1.97269582355284e-01
  2.15352020283043e-01  2.34812076157405e-01  2.55721007343257e-01
  2.78149732746148e-01  3.02168247153748e-01  3.27844972463550e-01
  3.55246045856485e-01  3.84434545625483e-01  4.15469656785066e-01
  4.48405779450629e-01  4.83291584913849e-01  5.20169024939115e-01
  5.59072302330783e-01  6.00026811283097e-01  6.43048058423381e-01
  6.88140576260075e-01  7.35296842359321e-01  7.84496218622489e-01
  8.35703925966481e-01  8.88870070317073e-01  9.43928736576722e-01
  1.00079716717880e+00  1.05937504243114e+00  1.11954387987930e+00
  1.18116657039350e+00  1.24408706944615e+00  1.30813026284402e+00
  1.37310202759324e+00  1.43878950961548e+00  1.50496164100738e+00
  1.57136991934212e+00  1.63774947010759e+00  1.70382040983423e+00
  1.76928952190093e+00  1.83385224949555e+00  1.89719500055007e+00
  1.95899774930314e+00  2.01893690778818e+00  2.07668843012379e+00
  2.13193110194173e+00  2.18434995955423e+00  2.23363977513277e+00
  2.27950854081074e+00  2.32168088039489e+00  2.35990131789028e+00
  2.39393733386265e+00  2.42358214422452e+00  2.44865714333306e+00
  2.46901396059363e+00  2.48453609013904e+00  2.49514006385099e+00
  2.50077614977334e+00  2.50142857004029e+00  2.49711524438220e+00
  2.48788707655118e+00  2.47382681142886e+00  2.45504750000397e+00
  2.43169061625120e+00  2.40392387631643e+00  2.37193881450332e+00
  2.33594817162268e+00  2.29618315308664e+00  2.25289061114339e+00
  2.20633020404305e+00  2.15677158007276e+00  2.10449162968702e+00
  2.04977184310535e+00  1.99289580462565e+00  1.93414684856802e+00
  1.87380589566382e+00  1.81214948267062e+00  1.74944799269778e+00
  1.68596408870857e+00  1.62195134884956e+00  1.55765309815405e+00
  1.49330142925020e+00  1.42911640175937e+00  1.36530540937908e+00
  1.30206270218308e+00  1.23956905163137e+00  1.17799154548199e+00
  1.11748350020864e+00  1.05818447884810e+00  1.00022040289591e+00
  9.43703747410415e-01  8.88733809319758e-01  8.35397039475453e-01
  7.83767429850371e-01  7.33906947801649e-01  6.85866010086142e-01
  6.39683990054867e-01  5.95389751384301e-01  5.53002203703854e-01
  5.12530874105296e-01  4.73976490538422e-01  4.37331572864978e-01
  4.02581027254740e-01  3.69702740981205e-01  3.38668173636582e-01
  3.09442942022997e-01  2.81987395588410e-01  2.56257179716580e-01
  2.32203784447944e-01  2.09775076359582e-01  1.88915811744846e-01
  1.69568129435249e-01  1.51672022023568e-01  1.35165784402337e-01
  1.19986439019623e-01  1.06070137232028e-01  9.33525367238393e-02
  8.17691547618218e-02  7.12556975963107e-02  6.17483661603020e-02
  5.31841384958123e-02  4.55010293517496e-02  3.86383274261808e-02
  3.25368108140248e-02  2.71389411646480e-02  2.23890370823009e-02
  1.82334273366870e-02  1.46205842225044e-02  1.15012376632667e-02
  8.82847038424740e-03  6.55779456794347e-03  4.64721033431314e-03
  3.05724640927605e-03  1.75098333132044e-03  6.94059569346882e-04
 -1.45338993606980e-04 -7.96505754775963e-04 -1.28625562381025e-03
 -1.63898214480735e-03 -1.87672860424113e-03 -2.01927224166029e-03
 -2.08422035165184e-03 -2.08711703804926e-03 -2.04155918600371e-03
 -1.95932009665239e-03 -1.85047911558878e-03 -1.72355551014857e-03
 -1.58564479967456e-03 -1.44255573819538e-03 -1.29894618156868e-03
 -1.15845614763081e-03 -1.02383649560894e-03 -8.97071804959647e-04
 -7.79496221872278e-04 -6.71901254491650e-04 -5.74634728740408e-04
 -4.87690357156237e-04 -4.10787613774102e-04 -3.43441840996952e-04
 -2.85024731131586e-04 -2.34815519663722e-04 -1.92043393552535e-04
 -1.55921752638974e-04 -1.25675063260954e-04 -1.00559110398955e-04
 -7.98754891156630e-05 -6.29811805078462e-05 -4.92940353683971e-05
 -3.82949448015043e-05 -2.95274158935187e-05 -2.25951972508551e-05
 -1.71585184831802e-05 -1.29294239608270e-05 -9.66659819529034e-06
 -7.17000100566392e-06 -5.27555778801355e-06 -3.85008505135205e-06
 -2.78657514883349e-06 -1.99991698958659e-06 -1.42309124308740e-06
 -1.00384894002342e-06 -7.01860083416679e-07 -4.86303509823154e-07
 -3.33859262876338e-07 -2.27059367604318e-07 -1.52951052465912e-07
 -1.02027178807870e-07 -6.73812669744281e-08 -4.40481819276770e-08
 -2.84960169516494e-08 -1.82391839123646e-08 -1.15474429786728e-08
 -7.22960948116232e-09 -4.47485591937012e-09 -2.73752619880263e-09
 -1.65475669438764e-09 -9.88031130554975e-10 -5.82577168658246e-10
 -3.39093901590599e-10 -1.94786671604375e-10 -1.10381848609096e-10
 -6.16871602372484e-11 -3.39871779465056e-11 -1.84545878402375e-11
 -9.87188961160083e-12 -5.20039440713389e-12 -2.69675305277815e-12
 -1.37606595518184e-12 -6.90637428027632e-13 -3.40791382707629e-13
 -1.65258848510413e-13 -7.87197291501955e-14 -3.68167340971711e-14
 -1.68983636186191e-14 -7.60801470081951e-15 -3.35822432201507e-15
 -1.45257594887733e-15 -6.15362034940140e-16 -2.55184403718941e-16
 -1.03532105224361e-16 -4.10703988286438e-17 -1.59224132474946e-17
 -6.03189158359132e-18 -2.23051538600234e-18 -8.04646481367383e-19
 -2.83011694733148e-19 -9.70059718128481e-20 -3.23993887994682e-20
 -1.05555832557722e-20 -3.34841740718958e-21 -1.03174820910718e-21
 -3.08578087365691e-22 -8.95129821304917e-23 -2.51652132169041e-23
 -6.85116464238578e-24 -1.80477984050872e-24
 (i6, f12.0, f18.0, f8.3, i6)
   665  60.0000000  0.02500000000000  26.000     2
 (3e22.14)
  2.89367842428521e-06  3.03926416341748e-06  3.19217416628354e-06
  3.35277687848344e-06  3.52145927786660e-06  3.69862780649627e-06
  3.88470934946756e-06  4.08015226293345e-06  4.28542745381153e-06
  4.50102951376806e-06  4.72747791020820e-06  4.96531823713256e-06
  5.21512352887446e-06  5.47749563986777e-06  5.75306669377661e-06
  6.04250060544967e-06  6.34649467939119e-06  6.66578128853998e-06
  7.00112963747166e-06  7.35334761414569e-06  7.72328373479453e-06
  8.11182918647646e-06  8.51991997233088e-06  8.94853916459905e-06
  9.39871927087976e-06  9.87154471926338e-06  1.03681544683683e-05
  1.08897447484644e-05  1.14375719403889e-05  1.20129555990215e-05
  1.26172816287267e-05  1.32520056182669e-05  1.39186563432849e-05
  1.46188394446772e-05  1.53542412918116e-05  1.61266330396678e-05
  1.69378748899152e-05  1.77899205658156e-05  1.86848220120296e-05
  1.96247343303171e-05  2.06119209631697e-05  2.16487591376885e-05
  2.27377455828524e-05  2.38815025337727e-05  2.50827840375071e-05
  2.63444825752814e-05  2.76696360173776e-05  2.90614349268731e-05
  3.05232302302389e-05  3.20585412727386e-05  3.36710642782369e-05
  3.53646812334886e-05  3.71434692183272e-05  3.90117102039082e-05
  4.09739013427574e-05  4.30347657748026e-05  4.51992639759006e-05
  4.74726056751944e-05  4.98602623706660e-05  5.23679804720816e-05
  5.50017951032862e-05  5.77680445965174e-05  6.06733857136336e-05
  6.37248096303146e-05  6.69296587219224e-05  7.02956441903577e-05
  7.38308645751097e-05  7.75438251913121e-05  8.14434585426523e-05
  8.55391457566040e-05  8.98407390940114e-05  9.43585855861684e-05
  9.91035518561691e-05  1.04087050183171e-04  1.09321065872525e-04
  1.14818185995701e-04  1.20591629570317e-04  1.26655279249799e-04
  1.33023714600554e-04  1.39712247043729e-04  1.46736956546192e-04
  1.54114730147044e-04  1.61863302411966e-04  1.70001297910601e-04
  1.78548275819338e-04  1.87524776753339e-04  1.96952371941489e-04
  2.06853714858437e-04  2.17252595438263e-04  2.28173996996761e-04
  2.39644155998678e-04  2.51690624809431e-04  2.64342337583162e-04
  2.77629679438333e-04  2.91584559090291e-04  3.06240485106687e-04
  3.21632645970826e-04  3.37797994138703e-04  3.54775334290198e-04
  3.72605415981151e-04  3.91331030916763e-04  4.10997115072547e-04
  4.31650855908018e-04  4.53341804918860e-04  4.76121995800739e-04
  5.00046068493854e-04  5.25171399407234e-04  5.51558238123183e-04
  5.79269850906027e-04  6.08372671349142e-04  6.38936458516543e-04
  6.71034462944228e-04  7.04743600897530e-04  7.40144637280585e-04
  7.77322377639457e-04  8.16365869692234e-04  8.57368614868943e-04
  9.00428790345109e-04  9.45649482091570e-04  9.93138929478414e-04
  1.04301078200701e-03  1.09538436875754e-03  1.15038498119041e-03
  1.20814416993751e-03  1.26880005629470e-03  1.33249765911036e-03
  1.39938923784704e-03  1.46963465259202e-03  1.54340174185629e-03
  1.62086671902431e-03  1.70221458837544e-03  1.78763958161760e-03
  1.87734561595552e-03  1.97154677471670e-03  2.07046781166073e-03
  2.17434468010204e-03  2.28342508806915e-03  2.39796908074987e-03
  2.51824965156820e-03  2.64455338324660e-03  2.77718112035589e-03
  2.91644867481498e-03  3.06268756599530e-03  3.21624579704861e-03
  3.37748866924135e-03  3.54679963610453e-03  3.72458119933112e-03
  3.91125584840653e-03  4.10726704610379e-03  4.31308026199235e-03
  4.52918405633067e-03  4.75609121666140e-03  4.99433994971947e-03
  5.24449513120881e-03  5.50714961626063e-03  5.78292561342125e-03
  6.07247612521179e-03  6.37648645837850e-03  6.69567580718567e-03
  7.03079891311512e-03  7.38264780469661e-03  7.75205362108458e-03
  8.13988852347647e-03  8.54706769834979e-03  8.97455145691335e-03
  9.42334743520181e-03  9.89451289954907e-03  1.03891571622777e-02
  1.09084441128119e-02  1.14535948694071e-02  1.20258905572766e-02
  1.26266752186669e-02  1.32573588612225e-02  1.39194206507321e-02
  1.46144122550253e-02  1.53439613457957e-02  1.61097752656076e-02
  1.69136448674570e-02  1.77574485348462e-02  1.86431563902352e-02
  1.95728347006906e-02  2.05486504890775e-02  2.15728763604354e-02
  2.26478955526670e-02  2.37762072217517e-02  2.49604319716246e-02
  2.62033176395886e-02  2.75077453482279e-02  2.88767358357040e-02
  3.03134560760527e-02  3.18212262024887e-02  3.34035267461794e-02
  3.50640062043680e-02  3.68064889514887e-02  3.86349835080386e-02
  4.05536911817755e-02  4.25670150974439e-02  4.46795696301277e-02
  4.68961902600524e-02  4.92219438648289e-02  5.16621394679157e-02
  5.42223394609631e-02  5.69083713194111e-02  5.97263398305726e-02
  6.26826398547660e-02  6.57839696396098e-02  6.90373447098384e-02
  7.24501123531872e-02  7.60299667267336e-02  7.97849646049967e-02
  8.37235417952070e-02  8.78545302429585e-02  9.21871758539127e-02
  9.67311570565070e-02  1.01496604132442e-01  1.06494119340362e-01
  1.11734797861541e-01  1.17230249592527e-01  1.22992621815891e-01
  1.29034622773989e-01  1.35369546177275e-01  1.42011296673954e-01
  1.48974416311366e-01  1.56274112017299e-01  1.63926284131798e-01
  1.71947556016628e-01  1.80355304774605e-01  1.89167693103037e-01
  1.98403702315480e-01  2.08083166553649e-01  2.18226808221978e-01
  2.28856274667485e-01  2.39994176132691e-01  2.51664125003993e-01
  2.63890776380628e-01  2.76699869981616e-01  2.90118273415666e-01
  3.04174026822726e-01  3.18896388912267e-01  3.34315884399027e-01
  3.50464352854328e-01  3.67374998971260e-01  3.85082444249102e-01
  4.03622780090524e-01  4.23033622307821e-01  4.43354167017993e-01
  4.64625247917939e-01  4.86889394898868e-01  5.10190893986378e-01
  5.34575848545669e-01  5.60092241720360e-01  5.86790000034554e-01
  6.14721058097917e-01  6.43939424329122e-01  6.74501247615190e-01
  7.06464884791297e-01  7.39890968843710e-01  7.74842477676956e-01
  8.11384803333304e-01  8.49585821464202e-01  8.89515960903371e-01
  9.31248273117819e-01  9.74858501328924e-01  1.02042514904875e+00
  1.06802954777853e+00  1.11775592355407e+00  1.16969146205401e+00
  1.22392637187323e+00  1.28055394564816e+00  1.33967061855870e+00
  1.40137602382275e+00  1.46577304466537e+00  1.53296786227499e+00
  1.60306999917453e+00  1.67619235744141e+00  1.75245125110027e+00
  1.83196643207315e+00  1.91486110887121e+00  2.00126195737077e+00
  2.09129912273245e+00  2.18510621169461e+00  2.28282027424286e+00
  2.38458177372390e+00  2.49053454433492e+00  2.60082573494706e+00
  2.71560573804359e+00  2.83502810268312e+00  2.95924943006580e+00
  3.08842925058872e+00  3.22272988080420e+00  3.36231625903366e+00
  3.50735575802154e+00  3.65801797317902e+00  3.81447448475579e+00
  3.97689859240925e+00  4.14546502034438e+00  4.32034959152401e+00
  4.50172886892231e+00  4.68977976239098e+00  4.88467909900359e+00
  5.08660315539185e+00  5.29572715002439e+00  5.51222469391947e+00
  5.73626719767150e+00  5.96802323360336e+00  6.20765785078076e+00
  6.45533184191921e+00  6.71120096022929e+00  6.97541508519638e+00
  7.24811733576794e+00  7.52944313035302e+00  7.81951919210409e+00
  8.11846249984968e+00  8.42637918314741e+00  8.74336336259653e+00
  9.06949593471239e+00  9.40484330271273e+00  9.74945605386110e+00
  1.01033675852807e+01  1.04665926798123e+01  1.08391260352392e+01
  1.12209407491288e+01  1.16119867644581e+01  1.20121892791173e+01
  1.24214471261958e+01  1.28396311299134e+01  1.32665824453632e+01
  1.37021108889801e+01  1.41459932701849e+01  1.45979717321022e+01
  1.50577521152795e+01  1.55250023533269e+01  1.59993509171180e+01
  1.64803853193584e+01  1.69676506973299e+01  1.74606484893876e+01
  1.79588352246154e+01  1.84616214437556e+01  1.89683707737607e+01
  1.94783991755180e+01  1.99909743907885e+01  2.05053156078984e+01
  2.10205933765055e+01  2.15359297913661e+01  2.20503989764241e+01
  2.25630278921327e+01  2.30727974964895e+01  2.35786442827468e+01
  2.40794622267000e+01  2.45741051617770e+01  2.50613896171086e+01
  2.55400981332975e+01  2.60089830865101e+01  2.64667710355680e+01
  2.69121676150734e+01  2.73438629834221e+01  2.77605378458639e+01
  2.81608700479066e+01  2.85435417553558e+01  2.89072472044356e+01
  2.92507010241314e+01  2.95726471070297e+01  2.98718680125955e+01
  3.01471948640082e+01  3.03975177106699e+01  3.06217962934862e+01
  3.08190711716986e+01  3.09884751279441e+01  3.11292447857600e+01
  3.12407323424330e+01  3.13224173244116e+01  3.13739182475262e+01
  3.13950040716618e+01  3.13856053047663e+01  3.13458246325596e+01
  3.12759469043933e+01  3.11764483351144e+01  3.10480047427900e+01
  3.08914986611481e+01  3.07080251428836e+01  3.04988960864569e+01
  3.02656428938326e+01  3.00100173032630e+01  2.97339902049149e+01
  2.94397482976574e+01  2.91296884192123e+01  2.88064094245768e+01
  2.84727014839848e+01  2.81315327135987e+01  2.77860330512888e+01
  2.74394753523145e+01  2.70952536711011e+01  2.67568587727550e+01
  2.64278509200774e+01  2.61118300498027e+01  2.58124034771048e+01
  2.55331513302239e+01  2.52775899411339e+01  2.50491334992490e+01
  2.48510542813184e+01  2.46864418599108e+01  2.45581617074109e+01
  2.44688136676589e+01  2.44206908125560e+01  2.44157392203328e+01
  2.44555192597943e+01  2.45411689734954e+01  2.46733701803891e+01
  2.48523179177850e+01  2.50776938500257e+01  2.53486442530196e+01
  2.56637631705215e+01  2.60210812999320e+01  2.64180611281644e+01
  2.68515987815546e+01  2.73180329859249e+01  2.78131614634970e+01
  2.83322649961719e+01  2.88701392952436e+01  2.94211347080134e+01
  2.99792036708669e+01  3.05379557129255e+01  3.10907196619667e+01
  3.16306126061812e+01  3.21506150016474e+01  3.26436512126995e+01
  3.31026746244746e+01  3.35207563634200e+01  3.38911765226137e+01
  3.42075167266639e+01  3.44637527222652e+01  3.46543456713453e+01
  3.47743307039909e+01  3.48194012961386e+01  3.47859879904865e+01
  3.46713300032961e+01  3.44735382693236e+01  3.41916485671705e+01
  3.38256634019965e+01  3.33765814880502e+01  3.28464137617263e+01
  3.22381850583500e+01  3.15559207580255e+01  3.08046179339796e+01
  2.99902007699896e+01  2.91194602985289e+01  2.81999787554723e+01
  2.72400391938435e+01  2.62485212541199e+01  2.52347843386124e+01
  2.42085397189044e+01  2.31797134112187e+01  2.21583019314318e+01
  2.11542232876088e+01  2.01771657835557e+01  1.92364373737541e+01
  1.83408184169441e+01  1.74984207405476e+01  1.67165558774248e+01
  1.60016152904713e+01  1.53589651739641e+01  1.47928582307578e+01
  1.43063644688088e+01  1.39013227071228e+01  1.35783140401634e+01
  1.33366580474278e+01  1.31744320344905e+01  1.30885130903895e+01
  1.30746422397024e+01  1.31275094757760e+01  1.32408579920246e+01
  1.34076054891186e+01  1.36199800368421e+01  1.38696676204985e+01
  1.41479682100711e+01  1.44459569731281e+01  1.47546471123169e+01
  1.50651507636731e+01  1.53688344409907e+01  1.56574656640347e+01
  1.59233476586491e+01  1.61594393601721e+01  1.63594583777318e+01
  1.65179650699225e+01  1.66304264245902e+01  1.66932590073847e+01
  1.67038508209219e+01  1.66605624842721e+01  1.65627086688464e+01
  1.64105212104050e+01  1.62050957242901e+01  1.59483238879186e+01
  1.56428138010111e+01  1.52918009924325e+01  1.48990527163393e+01
  1.44687681649551e+01  1.40054771364773e+01  1.35139395418417e+01
  1.29990479189496e+01  1.24657348703460e+01  1.19188870529061e+01
  1.13632670429750e+01  1.08034440907875e+01  1.02437344678604e+01
  9.68815181773573e+00  9.14036764257317e+00  8.60368180962440e+00
  8.08100273824603e+00  7.57483674157016e+00  7.08728583984700e+00
  6.62005323905602e+00  6.17445558247049e+00  5.75144101972115e+00
  5.35161211208813e+00  4.97525258732593e+00  4.62235697863092e+00
  4.29266222295889e+00  3.98568035215574e+00  3.70073148265705e+00
  3.43697639286311e+00  3.19344806855996e+00  2.96908169264314e+00
  2.76274265365680e+00  2.57325224478162e+00  2.39941081933081e+00
  2.24001825758761e+00  2.09389168147086e+00  1.95988042717821e+00
  1.83687834859414e+00  1.72383357777350e+00  1.61975591129160e+00
  1.52372202216640e+00  1.43487871989551e+00  1.35244449223343e+00
  1.27570956710860e+00  1.20403472924862e+00  1.13684911693575e+00
  1.07364721022898e+00  1.01398520439854e+00  9.57476942424065e-01
  9.03789559278551e-01  8.52638968996472e-01  8.03785304641104e-01
  7.57028400772377e-01  7.12203389914200e-01  6.69176467129194e-01
  6.27840862784355e-01  5.88113050475745e-01  5.49929207039889e-01
  5.13241933264304e-01  4.78017237243653e-01  4.44231778113145e-01
  4.11870364247519e-01  3.80923698402867e-01  3.51386361057673e-01
  3.23255023087188e-01  2.96526878839857e-01  2.71198291388479e-01
  2.47263641977436e-01  2.24714376199382e-01  2.03538239552370e-01
  1.83718694999488e-01  1.65234514682741e-01  1.48059537295632e-01
  1.32162581494121e-01  1.17507504630749e-01  1.04053394509458e-01
  9.17548805842623e-02  8.05625493907245e-02  7.04234479320336e-02
  6.12816574651731e-02  5.30789195587405e-02  4.57552958828484e-02
  3.92498433303857e-02  3.35012866292112e-02  2.84486716708219e-02
  2.40319842663021e-02  2.01927209466890e-02  1.68744006402078e-02
  1.40230085321414e-02  1.15873660165393e-02  9.51942330244124e-03
  7.77447381668550e-03  6.31129197061519e-03  5.09219802697124e-03
  4.08305565970445e-03  3.25320928047319e-03  2.57536929099639e-03
  2.02545409370260e-03  1.58239797209778e-03  1.22793386345623e-03
  9.46359636439297e-04  7.24295811054515e-04  5.50441780850861e-04
  4.15336582204891e-04  3.11129167721233e-04  2.31362037632145e-04
  1.70771016518479e-04  1.25102973027232e-04  9.09523989726762e-05
  6.56170106130455e-05  4.69719193183609e-05  3.33614421849047e-05
  2.35072787927076e-05  1.64315570677778e-05  1.13931324628855e-05
  7.83549363186160e-06  5.34466560728882e-06  3.61559027119456e-06
  2.42558837780873e-06  1.61365201858173e-06  1.06447088712174e-06
  6.96249865445826e-07  4.51522766562852e-07  2.90303207458984e-07
  1.85035000087017e-07  1.16910845491172e-07  7.32182064015391e-08
  4.54470510999070e-08  2.79554443032452e-08  1.70390374479895e-08
  1.02890478908595e-08  6.15433288305838e-09  3.64562500509538e-09
  2.13821368802865e-09  1.24135262353101e-09  7.13168241598055e-10
  4.05298141054447e-10  2.27779852954180e-10  1.26537386790016e-10
  6.94565730377154e-11  3.76552465855629e-11  2.01538792791615e-11
  1.06439841147628e-11  5.54429349805577e-12  2.84683563011433e-12
  1.44020789182521e-12  7.17468381037615e-13  3.51770809617203e-13
  1.69651415571443e-13  8.04369602007083e-14  3.74725555506601e-14
  1.71428184406610e-14  7.69689433026009e-15  3.38972542151497e-15
  1.46345260319631e-15  6.19018145601922e-16  2.56380040395846e-16
  1.03911942049526e-16  4.11876194631217e-17  1.59575289288452e-17
  6.04209535996936e-18  2.23338912970629e-18  8.05430305005017e-19
  2.83218575030766e-19  9.70587663085547e-20  3.24124041543017e-20
  1.05586802539440e-20  3.34912805354942e-21  1.03190531554317e-21
  3.08611518595250e-22  8.95198229534940e-23  2.51665579343744e-23
  6.85141831791831e-24  1.80482571781642e-24
  2.48760274254441e-24  2.83795082597790e-24  3.23762551433679e-24
  3.69356899153118e-24  4.21370005483206e-24  4.80705142795164e-24
  5.48392636824174e-24  6.25607727693789e-24  7.13690940137783e-24
  8.14171315124962e-24  9.28792904509984e-24  1.05954498660654e-23
  1.20869652480645e-23  1.37883546453274e-23  1.57291354725511e-23
  1.79429741539554e-23  2.04682689036955e-23  2.33488142959407e-23
  2.66345590915687e-23  3.03824703942648e-23  3.46575190388854e-23
  3.95338032012133e-23  4.50958295957329e-23  5.14399743380223e-23
  5.86761486367214e-23  6.69296979999667e-23  7.63435676521219e-23
  8.70807714283228e-23  9.93272066229091e-23  1.13294863204318e-22
  1.29225482572533e-22  1.47394728742473e-22  1.68116943618227e-22
  1.91750568028317e-22  2.18704321591889e-22  2.49444247471985e-22
  2.84501742869014e-22  3.24482712960319e-22  3.70078005194050e-22
  4.22075302714911e-22  4.81372680612468e-22  5.48994057057502e-22
  6.26106803710494e-22  7.14041816592465e-22  8.14316390528426e-22
  9.28660288006708e-22  1.05904544766083e-21  1.20771983947471e-21
  1.37724604429450e-21  1.57054521547423e-21  1.79094717184455e-21
  2.04224747520057e-21  2.32877246391432e-21  2.65545334904888e-21
  3.02791063277818e-21  3.45255028352236e-21  3.93667330094986e-21
  4.48860053016417e-21  5.11781484176897e-21  5.83512308737849e-21
  6.65284057336620e-21  7.58500117480555e-21  8.64759664285810e-21
  9.85884914959632e-21  1.12395216723634e-20  1.28132714546737e-20
  1.46070525026968e-20  1.66515738975452e-20  1.89818216373626e-20
  2.16376527850378e-20  2.46644719045456e-20  2.81140011414793e-20
  3.20451568634496e-20  3.65250475495901e-20  4.16301096340225e-20
  4.74474002989536e-20  5.40760688162162e-20  6.16290309940108e-20
  7.02348746460607e-20  8.00400278183442e-20  9.12112258449999e-20
  1.03938318230769e-19  1.18437461951095e-19  1.34954754113306e-19
  1.53770364134479e-19  1.75203233780426e-19  1.99616422704714e-19
  2.27423187677637e-19  2.59093895668231e-19  2.95163884529857e-19
  3.36242400456143e-19  3.83022758863775e-19  4.36293895197140e-19
  4.96953494651317e-19  5.66022915325614e-19  6.44664148253508e-19
  7.34199090555148e-19  8.36131445140977e-19  9.52171602536474e-19
  1.08426490815360e-18  1.23462377244358e-18  1.40576414266585e-18
  1.60054692444076e-18  1.82222501988905e-18  2.07449673820291e-18
  2.36156643530095e-18  2.68821335333147e-18  3.05986975993638e-18
  3.48270963332748e-18  3.96374930456962e-18  4.51096165548996e-18
  5.13340568216477e-18  5.84137347310596e-18  6.64655692170000e-18
  7.56223679808569e-18  8.60349715110509e-18  9.78746840124958e-18
  1.11336029264482e-17  1.26639874405245e-17  1.44036970265170e-17
  1.63811963219121e-17  1.86287940695002e-17  2.11831580562592e-17
  2.40858983752019e-17  2.73842279743183e-17  3.11317106177410e-17
  3.53891076929387e-17  4.02253367734319e-17  4.57185565092919e-17
  5.19573942915210e-17  5.90423352471153e-17  6.70872934990541e-17
  7.62213893019629e-17  8.65909586780259e-17  9.83618255684217e-17
  1.11721870332243e-16  1.26883932716698e-16  1.44089092250554e-16
  1.63610374440250e-16  1.85756937250211e-16  2.10878799204593e-16
  2.39372178153449e-16  2.71685518397073e-16  3.08326293582281e-16
  3.49868683691639e-16  3.96962236692597e-16  4.50341639153123e-16
  5.10837735543401e-16  5.79389953232912e-16  6.57060309569659e-16
  7.45049199167152e-16  8.44713183859998e-16  9.57585035088665e-16
  1.08539630901823e-15  1.23010276892789e-15  1.39391300771548e-15
  1.57932066624988e-15  1.78914069127933e-15  2.02655013030951e-15
  2.29513402086896e-15  2.59893699876922e-15  2.94252132496217e-15
  3.33103211453165e-15  3.77027064504697e-15  4.26677672623925e-15
  4.82792122985984e-15  5.46201000923576e-15  6.17840058367086e-15
  6.98763312570259e-15  7.90157747058980e-15  8.93359807006505e-15
  1.00987390382137e-14  1.14139316892457e-14  1.28982272478506e-14
  1.45730577257077e-14  1.64625283070406e-14  1.85937449741714e-14
  2.09971815381611e-14  2.37070907209513e-14  2.67619644736926e-14
  3.02050493135514e-14  3.40849231277297e-14  3.84561406344376e-14
  4.33799555163534e-14  4.89251281593671e-14  5.51688289521337e-14
  6.21976482374956e-14  7.01087252722460e-14  7.90110099558850e-14
  8.90266726560806e-14  1.00292679192543e-13  1.12962549979694e-13
  1.27208324473012e-13  1.43222754456333e-13  1.61221752361285e-13
  1.81447123763443e-13  2.04169616477259e-13  2.29692322323316e-13
  2.58354471683337e-13  2.90535665472832e-13  3.26660594149742e-13
  3.67204298947948e-13  4.12698036691197e-13  4.63735816411867e-13
  5.20981683613008e-13  5.85177836501433e-13  6.57153667901981e-13
  7.37835837058269e-13  8.28259487107432e-13  9.29580736957306e-13
  1.04309059062680e-12  1.17023042305746e-12  1.31260921913450e-12
  1.47202276232026e-12  1.65047499126236e-12  1.85020176695455e-12
  2.07369732024929e-12  2.32374367941876e-12  2.60344341106902e-12
  2.91625604481155e-12  3.26603859353324e-12  3.65709062708748e-12
  4.09420440853939e-12  4.58272065896965e-12  5.12859058043648e-12
  5.73844483719984e-12  6.41967027410784e-12  7.18049523840548e-12
  8.03008446932266e-12  8.97864462771847e-12  1.00375416603972e-11
  1.12194313276832e-11  1.25384043745465e-11  1.40101479931253e-11
  1.56521254123890e-11  1.74837756600512e-11  1.95267357758294e-11
  2.18050880162596e-11  2.43456348836550e-11  2.71782051371314e-11
  3.03359943108148e-11  3.38559436689983e-11  3.77791619899278e-11
  4.21513950764171e-11  4.70235484689758e-11  5.24522694768499e-11
  5.85005953636614e-11  6.52386753318795e-11  7.27445748568982e-11
  8.11051719394406e-11  9.04171559881105e-11  1.00788141329119e-10
  1.12337908784583e-10  1.25199790387066e-10  1.39522214125490e-10
  1.55470427682203e-10  1.73228422434714e-10  1.93001081623609e-10
  2.15016579527337e-10  2.39529061827440e-10  2.66821641101493e-10
  2.97209745632835e-10  3.31044864530642e-10  3.68718737584722e-10
  4.10668044421964e-10  4.57379654501597e-10  5.09396507346756e-10
  5.67324201369748e-10  6.31838379744605e-10  7.03693013294700e-10
  7.83729693385356e-10  8.72888062617955e-10  9.72217527946504e-10
  1.08289041994497e-09  1.20621678368239e-09  1.34366101140405e-09
  1.49686055531846e-09  1.66764699085143e-09  1.85806973718562e-09
  2.07042278348869e-09  2.30727481653960e-09  2.57150319961713e-09
  2.86633231391206e-09  3.19537684422489e-09  3.56269067076559e-09
  3.97282212051225e-09  4.43087643622583e-09  4.94258644037872e-09
  5.51439250837845e-09  6.15353312025315e-09  6.86814743977213e-09
  7.66739157214487e-09  8.56157038564721e-09  9.56228704830790e-09
  1.06826127361013e-08  1.19372793163406e-08  1.33428982116526e-08
  1.49182091019506e-08  1.66843626484714e-08  1.86652420180492e-08
  2.08878286704455e-08  2.33826186550639e-08  2.61840965565125e-08
  2.93312752555135e-08  3.28683108388521e-08  3.68452033458709e-08
  4.13185955521037e-08  4.63526837761731e-08  5.20202566745185e-08
  5.84038803134521e-08  6.55972504160394e-08  7.37067357081187e-08
  8.28531396978833e-08  9.31737121934077e-08  1.04824446299121e-07
  1.17982701843160e-07  1.32850201958523e-07  1.49656456339807e-07
  1.68662672274247e-07  1.90166223322906e-07  2.14505755485566e-07
  2.42067022095060e-07  2.73289551582402e-07  3.08674267218279e-07
  3.48792194599982e-07  3.94294412103657e-07  4.45923421263168e-07
  5.04526139079510e-07  5.71068742610780e-07  6.46653628511830e-07
  7.32538787069651e-07  8.30159931530753e-07  9.41155771988128e-07
  1.06739687560382e-06  1.21101861735200e-06  1.37445879418588e-06
  1.56050055407107e-06  1.77232138088822e-06  2.01354897703723e-06
  2.28832499900483e-06  2.60137773165915e-06  2.95810493170762e-06
  3.36466823601768e-06  3.82810071710256e-06  4.35642937657856e-06
  4.95881460489252e-06  5.64570890090468e-06  6.42903744511070e-06
  7.32240345489951e-06  8.34132163152562e-06  9.50348342653050e-06
  1.08290583381630e-05  1.23410359709133e-05  1.40656141969094e-05
  1.60326394072679e-05  1.82761056061202e-05  2.08347198957710e-05
  2.37525428541138e-05  2.70797133033919e-05  3.08732681180615e-05
  3.51980689739642e-05  4.01278493480902e-05  4.57463965832614e-05
  5.21488856020720e-05  5.94433826378316e-05  6.77525395048144e-05
  7.72155011302236e-05  8.79900515694497e-05  1.00255026468675e-04
  1.14213022836491e-04  1.30093440310664e-04  1.48155891449941e-04
  1.68694022621519e-04  1.92039790809404e-04  2.18568246494619e-04
  2.48702877106630e-04  2.82921570905554e-04  3.21763266448918e-04
  3.65835358518576e-04  4.15821937591775e-04  4.72492946143162e-04
  5.36714341928033e-04  6.09459365511353e-04  6.91821015774726e-04
  7.85025845913591e-04  8.90449198198740e-04  1.00963200505797e-03
  1.14429929014667e-03  1.29638051144188e-03  1.46803189483534e-03
  1.66166091322636e-03  1.87995307315576e-03  2.12590117386420e-03
  2.40283721050077e-03  2.71446709294981e-03  3.06490835514971e-03
  3.45873102526847e-03  3.90100182967356e-03  4.39733188628700e-03
  4.95392804855751e-03  5.57764803008586e-03  6.27605943806630e-03
  7.05750280991623e-03  7.93115872427331e-03  8.90711902297405e-03
  9.99646213956523e-03  1.12113324805577e-02  1.25650237546277e-02
  1.40720660749597e-02  1.57483165934424e-02  1.76110533387967e-02
  1.96790718438301e-02  2.19727840349520e-02  2.45143187662048e-02
  2.73276232186720e-02  3.04385643042282e-02  3.38750290089160e-02
  3.76670225090673e-02  4.18467626770101e-02  4.64487694796714e-02
  5.15099474887305e-02  5.70696596765928e-02  6.31697902993179e-02
  6.98547946258972e-02  7.71717329666347e-02  8.51702862880338e-02
  9.39027505324444e-02  1.03424006512005e-01  1.13791462185502e-01
  1.25064963823466e-01  1.37306672658475e-01  1.50580903322989e-01
  1.64953920515905e-01  1.80493690283489e-01  1.97269582355284e-01
  2.15352020283043e-01  2.34812076157405e-01  2.55721007343257e-01
  2.78149732746148e-01  3.02168247153748e-01  3.27844972463550e-01
  3.55246045856485e-01  3.84434545625483e-01  4.15469656785066e-01
  4.48405779450629e-01  4.83291584913849e-01  5.20169024939115e-01
  5.59072302330783e-01  6.00026811283097e-01  6.43048058423381e-01
  6.88140576260075e-01  7.35296842359321e-01  7.84496218622489e-01
  8.35703925966481e-01  8.88870070317073e-01  9.43928736576722e-01
  1.00079716717880e+00  1.05937504243114e+00  1.11954387987930e+00
  1.18116657039350e+00  1.24408706944615e+00  1.30813026284402e+00
  1.37310202759324e+00  1.43878950961548e+00  1.50496164100738e+00
  1.57136991934212e+00  1.63774947010759e+00  1.70382040983423e+00
  1.76928952190093e+00  1.83385224949555e+00  1.89719500055007e+00
  1.95899774930314e+00  2.01893690778818e+00  2.07668843012379e+00
  2.13193110194173e+00  2.18434995955423e+00  2.23363977513277e+00
  2.27950854081074e+00  2.32168088039489e+00  2.35990131789028e+00
  2.39393733386265e+00  2.42358214422452e+00  2.44865714333306e+00
  2.46901396059363e+00  2.48453609013904e+00  2.49514006385099e+00
  2.50077614977334e+00  2.50142857004029e+00  2.49711524438220e+00
  2.48788707655118e+00  2.47382681142886e+00  2.45504750000397e+00
  2.43169061625120e+00  2.40392387631643e+00  2.37193881450332e+00
  2.33594817162268e+00  2.29618315308664e+00  2.25289061114339e+00
  2.20633020404305e+00  2.15677158007276e+00  2.10449162968702e+00
  2.04977184310535e+00  1.99289580462565e+00  1.93414684856802e+00
  1.87380589566382e+00  1.81214948267062e+00  1.74944799269778e+00
  1.68596408870857e+00  1.62195134884956e+00  1.55765309815405e+00
  1.49330142925020e+00  1.42911640175937e+00  1.36530540937908e+00
  1.30206270218308e+00  1.23956905163137e+00  1.17799154548199e+00
  1.11748350020864e+00  1.05818447884810e+00  1.00022040289591e+00
  9.43703747410415e-01  8.88733809319758e-01  8.35397039475453e-01
  7.83767429850371e-01  7.33906947801649e-01  6.85866010086142e-01
  6.39683990054867e-01  5.95389751384301e-01  5.53002203703854e-01
  5.12530874105296e-01  4.73976490538422e-01  4.37331572864978e-01
  4.02581027254740e-01  3.69702740981205e-01  3.38668173636582e-01
  3.09442942022997e-01  2.81987395588410e-01  2.56257179716580e-01
  2.32203784447944e-01  2.09775076359582e-01  1.88915811744846e-01
  1.69568129435249e-01  1.51672022023568e-01  1.35165784402337e-01
  1.19986439019623e-01  1.06070137232028e-01  9.33525367238393e-02
  8.17691547618218e-02  7.12556975963107e-02  6.17483661603020e-02
  5.31841384958123e-02  4.55010293517496e-02  3.86383274261808e-02
  3.25368108140248e-02  2.71389411646480e-02  2.23890370823009e-02
  1.82334273366870e-02  1.46205842225044e-02  1.15012376632667e-02
  8.82847038424740e-03  6.55779456794347e-03  4.64721033431314e-03
  3.05724640927605e-03  1.75098333132044e-03  6.94059569346882e-04
 -1.45338993606980e-04 -7.96505754775963e-04 -1.28625562381025e-03
 -1.63898214480735e-03 -1.87672860424113e-03 -2.01927224166029e-03
 -2.08422035165184e-03 -2.08711703804926e-03 -2.04155918600371e-03
 -1.95932009665239e-03 -1.85047911558878e-03 -1.72355551014857e-03
 -1.58564479967456e-03 -1.44255573819538e-03 -1.29894618156868e-03
 -1.15845614763081e-03 -1.02383649560894e-03 -8.97071804959647e-04
 -7.79496221872278e-04 -6.71901254491650e-04 -5.74634728740408e-04
 -4.87690357156237e-04 -4.10787613774102e-04 -3.43441840996952e-04
 -2.85024731131586e-04 -2.34815519663722e-04 -1.92043393552535e-04
 -1.55921752638974e-04 -1.25675063260954e-04 -1.00559110398955e-04
 -7.98754891156630e-05 -6.29811805078462e-05 -4.92940353683971e-05
 -3.82949448015043e-05 -2.95274158935187e-05 -2.25951972508551e-05
 -1.71585184831802e-05 -1.29294239608270e-05 -9.66659819529034e-06
 -7.17000100566392e-06 -5.27555778801355e-06 -3.85008505135205e-06
 -2.78657514883349e-06 -1.99991698958659e-06 -1.42309124308740e-06
 -1.00384894002342e-06 -7.01860083416679e-07 -4.86303509823154e-07
 -3.33859262876338e-07 -2.27059367604318e-07 -1.52951052465912e-07
 -1.02027178807870e-07 -6.73812669744281e-08 -4.40481819276770e-08
 -2.84960169516494e-08 -1.82391839123646e-08 -1.15474429786728e-08
 -7.22960948116232e-09 -4.47485591937012e-09 -2.73752619880263e-09
 -1.65475669438764e-09 -9.88031130554975e-10 -5.82577168658246e-10
 -3.39093901590599e-10 -1.94786671604375e-10 -1.10381848609096e-10
 -6.16871602372484e-11 -3.39871779465056e-11 -1.84545878402375e-11
 -9.87188961160083e-12 -5.20039440713389e-12 -2.69675305277815e-12
 -1.37606595518184e-12 -6.90637428027632e-13 -3.40791382707629e-13
 -1.65258848510413e-13 -7.87197291501955e-14 -3.68167340971711e-14
 -1.68983636186191e-14 -7.60801470081951e-15 -3.35822432201507e-15
 -1.45257594887733e-15 -6.15362034940140e-16 -2.55184403718941e-16
 -1.03532105224361e-16 -4.10703988286438e-17 -1.59224132474946e-17
 -6.03189158359132e-18 -2.23051538600234e-18 -8.04646481367383e-19
 -2.83011694733148e-19 -9.70059718128481e-20 -3.23993887994682e-20
 -1.05555832557722e-20 -3.34841740718958e-21 -1.03174820910718e-21
 -3.08578087365691e-22 -8.95129821304917e-23 -2.51652132169041e-23
 -6.85116464238578e-24 -1.80477984050872e-24
 (i6, f12.0, f18.0, f8.3, i6)
   665  60.0000000  0.02500000000000  26.000     2
 (3e22.14)
  2.89367842428521e-06  3.03926416341748e-06  3.19217416628354e-06
  3.35277687848344e-06  3.52145927786660e-06  3.69862780649627e-06
  3.88470934946756e-06  4.08015226293345e-06  4.28542745381153e-06
  4.50102951376806e-06  4.72747791020820e-06  4.96531823713256e-06
  5.21512352887446e-06  5.47749563986777e-06  5.75306669377661e-06
  6.04250060544967e-06  6.34649467939119e-06  6.66578128853998e-06
  7.00112963747166e-06  7.35334761414569e-06  7.72328373479453e-06
  8.11182918647646e-06  8.51991997233088e-06  8.94853916459905e-06
  9.39871927087976e-06  9.87154471926338e-06  1.03681544683683e-05
  1.08897447484644e-05  1.14375719403889e-05  1.20129555990215e-05
  1.26172816287267e-05  1.32520056182669e-05  1.39186563432849e-05
  1.46188394446772e-05  1.53542412918116e-05  1.61266330396678e-05
  1.69378748899152e-05  1.77899205658156e-05  1.86848220120296e-05
  1.96247343303171e-05  2.06119209631697e-05  2.16487591376885e-05
  2.27377455828524e-05  2.38815025337727e-05  2.50827840375071e-05
  2.63444825752814e-05  2.76696360173776e-05  2.90614349268731e-05
  3.05232302302389e-05  3.20585412727386e-05  3.36710642782369e-05
  3.53646812334886e-05  3.71434692183272e-05  3.90117102039082e-05
  4.09739013427574e-05  4.30347657748026e-05  4.51992639759006e-05
  4.74726056751944e-05  4.98602623706660e-05  5.23679804720816e-05
  5.50017951032862e-05  5.77680445965174e-05  6.06733857136336e-05
  6.37248096303146e-05  6.69296587219224e-05  7.02956441903577e-05
  7.38308645751097e-05  7.75438251913121e-05  8.14434585426523e-05
  8.55391457566040e-05  8.98407390940114e-05  9.43585855861684e-05
  9.91035518561691e-05  1.04087050183171e-04  1.09321065872525e-04
  1.14818185995701e-04  1.20591629570317e-04  1.26655279249799e-04
  1.33023714600554e-04  1.39712247043729e-04  1.46736956546192e-04
  1.54114730147044e-04  1.61863302411966e-04  1.70001297910601e-04
  1.78548275819338e-04  1.87524776753339e-04  1.96952371941489e-04
  2.06853714858437e-04  2.17252595438263e-04  2.28173996996761e-04
  2.39644155998678e-04  2.51690624809431e-04  2.64342337583162e-04
  2.77629679438333e-04  2.91584559090291e-04  3.06240485106687e-04
  3.21632645970826e-04  3.37797994138703e-04  3.54775334290198e-04
  3.72605415981151e-04  3.91331030916763e-04  4.10997115072547e-04
  4.31650855908018e-04  4.53341804918860e-04  4.76121995800739e-04
  5.00046068493854e-04  5.25171399407234e-04  5.51558238123183e-04
  5.79269850906027e-04  6.08372671349142e-04  6.38936458516543e-04
  6.71034462944228e-04  7.04743600897530e-04  7.40144637280585e-04
  7.77322377639457e-04  8.16365869692234e-04  8.57368614868943e-04
  9.00428790345109e-04  9.45649482091570e-04  9.93138929478414e-04
  1.04301078200701e-03  1.09538436875754e-03  1.15038498119041e-03
  1.20814416993751e-03  1.26880005629470e-03  1.33249765911036e-03
  1.39938923784704e-03  1.46963465259202e-03  1.54340174185629e-03
  1.62086671902431e-03  1.70221458837544e-03  1.78763958161760e-03
  1.87734561595552e-03  1.97154677471670e-03  2.07046781166073e-03
  2.17434468010204e-03  2.28342508806915e-03  2.39796908074987e-03
  2.51824965156820e-03  2.64455338324660e-03  2.77718112035589e-03
  2.91644867481498e-03  3.06268756599530e-03  3.21624579704861e-03
  3.37748866924135e-03  3.54679963610453e-03  3.72458119933112e-03
  3.91125584840653e-03  4.10726704610379e-03  4.31308026199235e-03
  4.52918405633067e-03  4.75609121666140e-03  4.99433994971947e-03
  5.24449513120881e-03  5.50714961626063e-03  5.78292561342125e-03
  6.07247612521179e-03  6.37648645837850e-03  6.69567580718567e-03
  7.03079891311512e-03  7.38264780469661e-03  7.75205362108458e-03
  8.13988852347647e-03  8.54706769834979e-03  8.97455145691335e-03
  9.42334743520181e-03  9.89451289954907e-03  1.03891571622777e-02
  1.09084441128119e-02  1.14535948694071e-02  1.20258905572766e-02
  1.26266752186669e-02  1.32573588612225e-02  1.39194206507321e-02
  1.46144122550253e-02  1.53439613457957e-02  1.61097752656076e-02
  1.69136448674570e-02  1.77574485348462e-02  1.86431563902352e-02
  1.95728347006906e-02  2.05486504890775e-02  2.15728763604354e-02
  2.26478955526670e-02  2.37762072217517e-02  2.49604319716246e-02
  2.62033176395886e-02  2.75077453482279e-02  2.88767358357040e-02
  3.03134560760527e-02  3.18212262024887e-02  3.34035267461794e-02
  3.50640062043680e-02  3.68064889514887e-02  3.86349835080386e-02
  4.05536911817755e-02  4.25670150974439e-02  4.46795696301277e-02
  4.68961902600524e-02  4.92219438648289e-02  5.16621394679157e-02
  5.42223394609631e-02  5.69083713194111e-02  5.97263398305726e-02
  6.26826398547660e-02  6.57839696396098e-02  6.90373447098384e-02
  7.24501123531872e-02  7.60299667267336e-02  7.97849646049967e-02
  8.37235417952070e-02  8.78545302429585e-02  9.21871758539127e-02
  9.67311570565070e-02  1.01496604132442e-01  1.06494119340362e-01
  1.11734797861541e-01  1.17230249592527e-01  1.22992621815891e-01
  1.29034622773989e-01  1.35369546177275e-01  1.42011296673954e-01
  1.48974416311366e-01  1.56274112017299e-01  1.63926284131798e-01
  1.71947556016628e-01  1.80355304774605e-01  1.89167693103037e-01
  1.98403702315480e-01  2.08083166553649e-01  2.18226808221978e-01
  2.28856274667485e-01  2.39994176132691e-01  2.51664125003993e-01
  2.63890776380628e-01  2.76699869981616e-01  2.90118273415666e-01
  3.04174026822726e-01  3.18896388912267e-01  3.34315884399027e-01
  3.50464352854328e-01  3.67374998971260e-01  3.85082444249102e-01
  4.03622780090524e-01  4.23033622307821e-01  4.43354167017993e-01
  4.64625247917939e-01  4.86889394898868e-01  5.10190893986378e-01
  5.34575848545669e-01  5.60092241720360e-01  5.86790000034554e-01
  6.14721058097917e-01  6.43939424329122e-01  6.74501247615190e-01
  7.06464884791297e-01  7.39890968843710e-01  7.74842477676956e-01
  8.11384803333304e-01  8.49585821464202e-01  8.89515960903371e-01
  9.31248273117819e-01  9.74858501328924e-01  1.02042514904875e+00
  1.06802954777853e+00  1.11775592355407e+00  1.16969146205401e+00
  1.22392637187323e+00  1.28055394564816e+00  1.33967061855870e+00
  1.40137602382275e+00  1.46577304466537e+00  1.53296786227499e+00
  1.60306999917453e+00  1.67619235744141e+00  1.75245125110027e+00
  1.83196643207315e+00  1.91486110887121e+00  2.00126195737077e+00
  2.09129912273245e+00  2.18510621169461e+00  2.28282027424286e+00
  2.38458177372390e+00  2.49053454433492e+00  2.60082573494706e+00
  2.71560573804359e+00  2.83502810268312e+00  2.95924943006580e+00
  3.08842925058872e+00  3.22272988080420e+00  3.36231625903366e+00
  3.50735575802154e+00  3.65801797317902e+00  3.81447448475579e+00
  3.97689859240925e+00  4.14546502034438e+00  4.32034959152401e+00
  4.50172886892231e+00  4.68977976239098e+00  4.88467909900359e+00
  5.08660315539185e+00  5.29572715002439e+00  5.51222469391947e+00
  5.73626719767150e+00  5.96802323360336e+00  6.20765785078076e+00
  6.45533184191921e+00  6.71120096022929e+00  6.97541508519638e+00
  7.24811733576794e+00  7.52944313035302e+00  7.81951919210409e+00
  8.11846249984968e+00  8.42637918314741e+00  8.74336336259653e+00
  9.06949593471239e+00  9.40484330271273e+00  9.74945605386110e+00
  1.01033675852807e+01  1.04665926798123e+01  1.08391260352392e+01
  1.12209407491288e+01  1.16119867644581e+01  1.20121892791173e+01
  1.24214471261958e+01  1.28396311299134e+01  1.32665824453632e+01
  1.37021108889801e+01  1.41459932701849e+01  1.45979717321022e+01
  1.50577521152795e+01  1.55250023533269e+01  1.59993509171180e+01
  1.64803853193584e+01  1.69676506973299e+01  1.74606484893876e+01
  1.79588352246154e+01  1.84616214437556e+01  1.89683707737607e+01
  1.94783991755180e+01  1.99909743907885e+01  2.05053156078984e+01
  2.10205933765055e+01  2.15359297913661e+01  2.20503989764241e+01
  2.25630278921327e+01  2.30727974964895e+01  2.35786442827468e+01
  2.40794622267000e+01  2.45741051617770e+01  2.50613896171086e+01
  2.55400981332975e+01  2.60089830865101e+01  2.64667710355680e+01
  2.69121676150734e+01  2.73438629834221e+01  2.77605378458639e+01
  2.81608700479066e+01  2.85435417553558e+01  2.89072472044356e+01
  2.92507010241314e+01  2.95726471070297e+01  2.98718680125955e+01
  3.01471948640082e+01  3.03975177106699e+01  3.06217962934862e+01
  3.08190711716986e+01  3.09884751279441e+01  3.11292447857600e+01
  3.12407323424330e+01  3.13224173244116e+01  3.13739182475262e+01
  3.13950040716618e+01  3.13856053047663e+01  3.13458246325596e+01
  3.12759469043933e+01  3.11764483351144e+01  3.10480047427900e+01
  3.08914986611481e+01  3.07080251428836e+01  3.04988960864569e+01
  3.02656428938326e+01  3.00100173032630e+01  2.97339902049149e+01
  2.94397482976574e+01  2.91296884192123e+01  2.88064094245768e+01
  2.84727014839848e+01  2.81315327135987e+01  2.77860330512888e+01
  2.74394753523145e+01  2.70952536711011e+01  2.67568587727550e+01
  2.64278509200774e+01  2.61118300498027e+01  2.58124034771048e+01
  2.55331513302239e+01  2.52775899411339e+01  2.50491334992490e+01
  2.48510542813184e+01  2.46864418599108e+01  2.45581617074109e+01
  2.44688136676589e+01  2.44206908125560e+01  2.44157392203328e+01
  2.44555192597943e+01  2.45411689734954e+01  2.46733701803891e+01
  2.48523179177850e+01  2.50776938500257e+01  2.53486442530196e+01
  2.56637631705215e+01  2.60210812999320e+01  2.64180611281644e+01
  2.68515987815546e+01  2.73180329859249e+01  2.78131614634970e+01
  2.83322649961719e+01  2.88701392952436e+01  2.94211347080134e+01
  2.99792036708669e+01  3.05379557129255e+01  3.10907196619667e+01
  3.16306126061812e+01  3.21506150016474e+01  3.26436512126995e+01
  3.31026746244746e+01  3.35207563634200e+01  3.38911765226137e+01
  3.42075167266639e+01  3.44637527222652e+01  3.46543456713453e+01
  3.47743307039909e+01  3.48194012961386e+01  3.47859879904865e+01
  3.46713300032961e+01  3.44735382693236e+01  3.41916485671705e+01
  3.38256634019965e+01  3.33765814880502e+01  3.28464137617263e+01
  3.22381850583500e+01  3.15559207580255e+01  3.08046179339796e+01
  2.99902007699896e+01  2.91194602985289e+01  2.81999787554723e+01
  2.72400391938435e+01  2.62485212541199e+01  2.52347843386124e+01
  2.42085397189044e+01  2.31797134112187e+01  2.21583019314318e+01
  2.11542232876088e+01  2.01771657835557e+01  1.92364373737541e+01
  1.83408184169441e+01  1.74984207405476e+01  1.67165558774248e+01
  1.60016152904713e+01  1.53589651739641e+01  1.47928582307578e+01
  1.43063644688088e+01  1.39013227071228e+01  1.35783140401634e+01
  1.33366580474278e+01  1.31744320344905e+01  1.30885130903895e+01
  1.30746422397024e+01  1.31275094757760e+01  1.32408579920246e+01
  1.34076054891186e+01  1.36199800368421e+01  1.38696676204985e+01
  1.41479682100711e+01  1.44459569731281e+01  1.47546471123169e+01
  1.50651507636731e+01  1.53688344409907e+01  1.56574656640347e+01
  1.59233476586491e+01  1.61594393601721e+01  1.63594583777318e+01
  1.65179650699225e+01  1.66304264245902e+01  1.66932590073847e+01
  1.67038508209219e+01  1.66605624842721e+01  1.65627086688464e+01
  1.64105212104050e+01  1.62050957242901e+01  1.59483238879186e+01
  1.56428138010111e+01  1.52918009924325e+01  1.48990527163393e+01
  1.44687681649551e+01  1.40054771364773e+01  1.35139395418417e+01
  1.29990479189496e+01  1.24657348703460e+01  1.19188870529061e+01
  1.13632670429750e+01  1.08034440907875e+01  1.02437344678604e+01
  9.68815181773573e+00  9.14036764257317e+00  8.60368180962440e+00
  8.08100273824603e+00  7.57483674157016e+00  7.08728583984700e+00
  6.62005323905602e+00  6.17445558247049e+00  5.75144101972115e+00
  5.35161211208813e+00  4.97525258732593e+00  4.62235697863092e+00
  4.29266222295889e+00  3.98568035215574e+00  3.70073148265705e+00
  3.43697639286311e+00  3.19344806855996e+00  2.96908169264314e+00
  2.76274265365680e+00  2.57325224478162e+00  2.39941081933081e+00
  2.24001825758761e+00  2.09389168147086e+00  1.95988042717821e+00
  1.83687834859414e+00  1.72383357777350e+00  1.61975591129160e+00
  1.52372202216640e+00  1.43487871989551e+00  1.35244449223343e+00
  1.27570956710860e+00  1.20403472924862e+00  1.13684911693575e+00
  1.07364721022898e+00  1.01398520439854e+00  9.57476942424065e-01
  9.03789559278551e-01  8.52638968996472e-01  8.03785304641104e-01
  7.57028400772377e-01  7.12203389914200e-01  6.69176467129194e-01
  6.27840862784355e-01  5.88113050475745e-01  5.49929207039889e-01
  5.13241933264304e-01  4.78017237243653e-01  4.44231778113145e-01
  4.11870364247519e-01  3.80923698402867e-01  3.51386361057673e-01
  3.23255023087188e-01  2.96526878839857e-01  2.71198291388479e-01
  2.47263641977436e-01  2.24714376199382e-01  2.03538239552370e-01
  1.83718694999488e-01  1.65234514682741e-01  1.48059537295632e-01
  1.32162581494121e-01  1.17507504630749e-01  1.04053394509458e-01
  9.17548805842623e-02  8.05625493907245e-02  7.04234479320336e-02
  6.12816574651731e-02  5.30789195587405e-02  4.57552958828484e-02
  3.92498433303857e-02  3.35012866292112e-02  2.84486716708219e-02
  2.40319842663021e-02  2.01927209466890e-02  1.68744006402078e-02
  1.40230085321414e-02  1.15873660165393e-02  9.51942330244124e-03
  7.77447381668550e-03  6.31129197061519e-03  5.09219802697124e-03
  4.08305565970445e-03  3.25320928047319e-03  2.57536929099639e-03
  2.02545409370260e-03  1.58239797209778e-03  1.22793386345623e-03
  9.46359636439297e-04  7.24295811054515e-04  5.50441780850861e-04
  4.15336582204891e-04  3.11129167721233e-04  2.31362037632145e-04
  1.70771016518479e-04  1.25102973027232e-04  9.09523989726762e-05
  6.56170106130455e-05  4.69719193183609e-05  3.33614421849047e-05
  2.35072787927076e-05  1.64315570677778e-05  1.13931324628855e-05
  7.83549363186160e-06  5.34466560728882e-06  3.61559027119456e-06
  2.42558837780873e-06  1.61365201858173e-06  1.06447088712174e-06
  6.96249865445826e-07  4.51522766562852e-07  2.90303207458984e-07
  1.85035000087017e-07  1.16910845491172e-07  7.32182064015391e-08
  4.54470510999070e-08  2.79554443032452e-08  1.70390374479895e-08
  1.02890478908595e-08  6.15433288305838e-09  3.64562500509538e-09
  2.13821368802865e-09  1.24135262353101e-09  7.13168241598055e-10
  4.05298141054447e-10  2.27779852954180e-10  1.26537386790016e-10
  6.94565730377154e-11  3.76552465855629e-11  2.01538792791615e-11
  1.06439841147628e-11  5.54429349805577e-12  2.84683563011433e-12
  1.44020789182521e-12  7.17468381037615e-13  3.51770809617203e-13
  1.69651415571443e-13  8.04369602007083e-14  3.74725555506601e-14
  1.71428184406610e-14  7.69689433026009e-15  3.38972542151497e-15
  1.46345260319631e-15  6.19018145601922e-16  2.56380040395846e-16
  1.03911942049526e-16  4.11876194631217e-17  1.59575289288452e-17
  6.04209535996936e-18  2.23338912970629e-18  8.05430305005017e-19
  2.83218575030766e-19  9.70587663085547e-20  3.24124041543017e-20
  1.05586802539440e-20  3.34912805354942e-21  1.03190531554317e-21
  3.08611518595250e-22  8.95198229534940e-23  2.51665579343744e-23
  6.85141831791831e-24  1.80482571781642e-24
  2.48760274254441e-24  2.83795082597790e-24  3.23762551433679e-24
  3.69356899153118e-24  4.21370005483206e-24  4.80705142795164e-24
  5.48392636824174e-24  6.25607727693789e-24  7.13690940137783e-24
  8.14171315124962e-24  9.28792904509984e-24  1.05954498660654e-23
  1.20869652480645e-23  1.37883546453274e-23  1.57291354725511e-23
  1.79429741539554e-23  2.04682689036955e-23  2.33488142959407e-23
  2.66345590915687e-23  3.03824703942648e-23  3.46575190388854e-23
  3.95338032012133e-23  4.50958295957329e-23  5.14399743380223e-23
  5.86761486367214e-23  6.69296979999667e-23  7.63435676521219e-23
  8.70807714283228e-23  9.93272066229091e-23  1.13294863204318e-22
  1.29225482572533e-22  1.47394728742473e-22  1.68116943618227e-22
  1.91750568028317e-22  2.18704321591889e-22  2.49444247471985e-22
  2.84501742869014e-22  3.24482712960319e-22  3.70078005194050e-22
  4.22075302714911e-22  4.81372680612468e-22  5.48994057057502e-22
  6.26106803710494e-22  7.14041816592465e-22  8.14316390528426e-22
  9.28660288006708e-22  1.05904544766083e-21  1.20771983947471e-21
  1.37724604429450e-21  1.57054521547423e-21  1.79094717184455e-21
  2.04224747520057e-21  2.32877246391432e-21  2.65545334904888e-21
  3.02791063277818e-21  3.45255028352236e-21  3.93667330094986e-21
  4.48860053016417e-21  5.11781484176897e-21  5.83512308737849e-21
  6.65284057336620e-21  7.58500117480555e-21  8.64759664285810e-21
  9.85884914959632e-21  1.12395216723634e-20  1.28132714546737e-20
  1.46070525026968e-20  1.66515738975452e-20  1.89818216373626e-20
  2.16376527850378e-20  2.46644719045456e-20  2.81140011414793e-20
  3.20451568634496e-20  3.65250475495901e-20  4.16301096340225e-20
  4.74474002989536e-20  5.40760688162162e-20  6.16290309940108e-20
  7.02348746460607e-20  8.00400278183442e-20  9.12112258449999e-20
  1.03938318230769e-19  1.18437461951095e-19  1.34954754113306e-19
  1.53770364134479e-19  1.75203233780426e-19  1.99616422704714e-19
  2.27423187677637e-19  2.59093895668231e-19  2.95163884529857e-19
  3.36242400456143e-19  3.83022758863775e-19  4.36293895197140e-19
  4.96953494651317e-19  5.66022915325614e-19  6.44664148253508e-19
  7.34199090555148e-19  8.36131445140977e-19  9.52171602536474e-19
  1.08426490815360e-18  1.23462377244358e-18  1.40576414266585e-18
  1.60054692444076e-18  1.82222501988905e-18  2.07449673820291e-18
  2.36156643530095e-18  2.68821335333147e-18  3.05986975993638e-18
  3.48270963332748e-18  3.96374930456962e-18  4.51096165548996e-18
  5.13340568216477e-18  5.84137347310596e-18  6.64655692170000e-18
  7.56223679808569e-18  8.60349715110509e-18  9.78746840124958e-18
  1.11336029264482e-17  1.26639874405245e-17  1.44036970265170e-17
  1.63811963219121e-17  1.86287940695002e-17  2.11831580562592e-17
  2.40858983752019e-17  2.73842279743183e-17  3.11317106177410e-17
  3.53891076929387e-17  4.02253367734319e-17  4.57185565092919e-17
  5.19573942915210e-17  5.90423352471153e-17  6.70872934990541e-17
  7.62213893019629e-17  8.65909586780259e-17  9.83618255684217e-17
  1.11721870332243e-16  1.26883932716698e-16  1.44089092250554e-16
  1.63610374440250e-16  1.85756937250211e-16  2.10878799204593e-16
  2.39372178153449e-16  2.71685518397073e-16  3.08326293582281e-16
  3.49868683691639e-16  3.96962236692597e-16  4.50341639153123e-16
  5.10837735543401e-16  5.79389953232912e-16  6.57060309569659e-16
  7.45049199167152e-16  8.44713183859998e-16  9.57585035088665e-16
  1.08539630901823e-15  1.23010276892789e-15  1.39391300771548e-15
  1.57932066624988e-15  1.78914069127933e-15  2.02655013030951e-15
  2.29513402086896e-15  2.59893699876922e-15  2.94252132496217e-15
  3.33103211453165e-15  3.77027064504697e-15  4.26677672623925e-15
  4.82792122985984e-15  5.46201000923576e-15  6.17840058367086e-15
  6.98763312570259e-15  7.90157747058980e-15  8.93359807006505e-15
  1.00987390382137e-14  1.14139316892457e-14  1.28982272478506e-14
  1.45730577257077e-14  1.64625283070406e-14  1.85937449741714e-14
  2.09971815381611e-14  2.37070907209513e-14  2.67619644736926e-14
  3.02050493135514e-14  3.40849231277297e-14  3.84561406344376e-14
  4.33799555163534e-14  4.89251281593671e-14  5.51688289521337e-14
  6.21976482374956e-14  7.01087252722460e-14  7.90110099558850e-14
  8.90266726560806e-14  1.00292679192543e-13  1.12962549979694e-13
  1.27208324473012e-13  1.43222754456333e-13  1.61221752361285e-13
  1.81447123763443e-13  2.04169616477259e-13  2.29692322323316e-13
  2.58354471683337e-13  2.90535665472832e-13  3.26660594149742e-13
  3.67204298947948e-13  4.12698036691197e-13  4.63735816411867e-13
  5.20981683613008e-13  5.85177836501433e-13  6.57153667901981e-13
  7.37835837058269e-13  8.28259487107432e-13  9.29580736957306e-13
  1.04309059062680e-12  1.17023042305746e-12  1.31260921913450e-12
  1.47202276232026e-12  1.65047499126236e-12  1.85020176695455e-12
  2.07369732024929e-12  2.32374367941876e-12  2.60344341106902e-12
  2.91625604481155e-12  3.26603859353324e-12  3.65709062708748e-12
  4.09420440853939e-12  4.58272065896965e-12  5.12859058043648e-12
  5.73844483719984e-12  6.41967027410784e-12  7.18049523840548e-12
  8.03008446932266e-12  8.97864462771847e-12  1.00375416603972e-11
  1.12194313276832e-11  1.25384043745465e-11  1.40101479931253e-11
  1.56521254123890e-11  1.74837756600512e-11  1.95267357758294e-11
  2.18050880162596e-11  2.43456348836550e-11  2.71782051371314e-11
  3.03359943108148e-11  3.38559436689983e-11  3.77791619899278e-11
  4.21513950764171e-11  4.70235484689758e-11  5.24522694768499e-11
  5.85005953636614e-11  6.52386753318795e-11  7.27445748568982e-11
  8.11051719394406e-11  9.04171559881105e-11  1.00788141329119e-10
  1.12337908784583e-10  1.25199790387066e-10  1.39522214125490e-10
  1.55470427682203e-10  1.73228422434714e-10  1.93001081623609e-10
  2.15016579527337e-10  2.39529061827440e-10  2.66821641101493e-10
  2.97209745632835e-10  3.31044864530642e-10  3.68718737584722e-10
  4.10668044421964e-10  4.57379654501597e-10  5.09396507346756e-10
  5.67324201369748e-10  6.31838379744605e-10  7.03693013294700e-10
  7.83729693385356e-10  8.72888062617955e-10  9.72217527946504e-10
  1.08289041994497e-09  1.20621678368239e-09  1.34366101140405e-09
  1.49686055531846e-09  1.66764699085143e-09  1.85806973718562e-09
  2.07042278348869e-09  2.30727481653960e-09  2.57150319961713e-09
  2.86633231391206e-09  3.19537684422489e-09  3.56269067076559e-09
  3.97282212051225e-09  4.43087643622583e-09  4.94258644037872e-09
  5.51439250837845e-09  6.15353312025315e-09  6.86814743977213e-09
  7.66739157214487e-09  8.56157038564721e-09  9.56228704830790e-09
  1.06826127361013e-08  1.19372793163406e-08  1.33428982116526e-08
  1.49182091019506e-08  1.66843626484714e-08  1.86652420180492e-08
  2.08878286704455e-08  2.33826186550639e-08  2.61840965565125e-08
  2.93312752555135e-08  3.28683108388521e-08  3.68452033458709e-08
  4.13185955521037e-08  4.63526837761731e-08  5.20202566745185e-08
  5.84038803134521e-08  6.55972504160394e-08  7.37067357081187e-08
  8.28531396978833e-08  9.31737121934077e-08  1.04824446299121e-07
  1.17982701843160e-07  1.32850201958523e-07  1.49656456339807e-07
  1.68662672274247e-07  1.90166223322906e-07  2.14505755485566e-07
  2.42067022095060e-07  2.73289551582402e-07  3.08674267218279e-07
  3.48792194599982e-07  3.94294412103657e-07  4.45923421263168e-07
  5.04526139079510e-07  5.71068742610780e-07  6.46653628511830e-07
  7.32538787069651e-07  8.30159931530753e-07  9.41155771988128e-07
  1.06739687560382e-06  1.21101861735200e-06  1.37445879418588e-06
  1.56050055407107e-06  1.77232138088822e-06  2.01354897703723e-06
  2.28832499900483e-06  2.60137773165915e-06  2.95810493170762e-06
  3.36466823601768e-06  3.82810071710256e-06  4.35642937657856e-06
  4.95881460489252e-06  5.64570890090468e-06  6.42903744511070e-06
  7.32240345489951e-06  8.34132163152562e-06  9.50348342653050e-06
  1.08290583381630e-05  1.23410359709133e-05  1.40656141969094e-05
  1.60326394072679e-05  1.82761056061202e-05  2.08347198957710e-05
  2.37525428541138e-05  2.70797133033919e-05  3.08732681180615e-05
  3.51980689739642e-05  4.01278493480902e-05  4.57463965832614e-05
  5.21488856020720e-05  5.94433826378316e-05  6.77525395048144e-05
  7.72155011302236e-05  8.79900515694497e-05  1.00255026468675e-04
  1.14213022836491e-04  1.30093440310664e-04  1.48155891449941e-04
  1.68694022621519e-04  1.92039790809404e-04  2.18568246494619e-04
  2.48702877106630e-04  2.82921570905554e-04  3.21763266448918e-04
  3.65835358518576e-04  4.15821937591775e-04  4.72492946143162e-04
  5.36714341928033e-04  6.09459365511353e-04  6.91821015774726e-04
  7.85025845913591e-04  8.90449198198740e-04  1.00963200505797e-03
  1.14429929014667e-03  1.29638051144188e-03  1.46803189483534e-03
  1.66166091322636e-03  1.87995307315576e-03  2.12590117386420e-03
  2.40283721050077e-03  2.71446709294981e-03  3.06490835514971e-03
  3.45873102526847e-03  3.90100182967356e-03  4.39733188628700e-03
  4.95392804855751e-03  5.57764803008586e-03  6.27605943806630e-03
  7.05750280991623e-03  7.93115872427331e-03  8.90711902297405e-03
  9.99646213956523e-03  1.12113324805577e-02  1.25650237546277e-02
  1.40720660749597e-02  1.57483165934424e-02  1.76110533387967e-02
  1.96790718438301e-02  2.19727840349520e-02  2.45143187662048e-02
  2.73276232186720e-02  3.04385643042282e-02  3.38750290089160e-02
  3.76670225090673e-02  4.18467626770101e-02  4.64487694796714e-02
  5.15099474887305e-02  5.70696596765928e-02  6.31697902993179e-02
  6.98547946258972e-02  7.71717329666347e-02  8.51702862880338e-02
  9.39027505324444e-02  1.03424006512005e-01  1.13791462185502e-01
  1.25064963823466e-01  1.37306672658475e-01  1.50580903322989e-01
  1.64953920515905e-01  1.80493690283489e-01  1.97269582355284e-01
  2.15352020283043e-01  2.34812076157405e-01  2.55721007343257e-01
  2.78149732746148e-01  3.02168247153748e-01  3.27844972463550e-01
  3.55246045856485e-01  3.84434545625483e-01  4.15469656785066e-01
  4.48405779450629e-01  4.83291584913849e-01  5.20169024939115e-01
  5.59072302330783e-01  6.00026811283097e-01  6.43048058423381e-01
  6.88140576260075e-01  7.35296842359321e-01  7.84496218622489e-01
  8.35703925966481e-01  8.88870070317073e-01  9.43928736576722e-01
  1.00079716717880e+00  1.05937504243114e+00  1.11954387987930e+00
  1.18116657039350e+00  1.24408706944615e+00  1.30813026284402e+00
  1.37310202759324e+00  1.43878950961548e+00  1.50496164100738e+00
  1.57136991934212e+00  1.63774947010759e+00  1.70382040983423e+00
  1.76928952190093e+00  1.83385224949555e+00  1.89719500055007e+00
  1.95899774930314e+00  2.01893690778818e+00  2.07668843012379e+00
  2.13193110194173e+00  2.18434995955423e+00  2.23363977513277e+00
  2.27950854081074e+00  2.32168088039489e+00  2.35990131789028e+00
  2.39393733386265e+00  2.42358214422452e+00  2.44865714333306e+00
  2.46901396059363e+00  2.48453609013904e+00  2.49514006385099e+00
  2.50077614977334e+00  2.50142857004029e+00  2.49711524438220e+00
  2.48788707655118e+00  2.47382681142886e+00  2.45504750000397e+00
  2.43169061625120e+00  2.40392387631643e+00  2.37193881450332e+00
  2.33594817162268e+00  2.29618315308664e+00  2.25289061114339e+00
  2.20633020404305e+00  2.15677158007276e+00  2.10449162968702e+00
  2.04977184310535e+00  1.99289580462565e+00  1.93414684856802e+00
  1.87380589566382e+00  1.81214948267062e+00  1.74944799269778e+00
  1.68596408870857e+00  1.62195134884956e+00  1.55765309815405e+00
  1.49330142925020e+00  1.42911640175937e+00  1.36530540937908e+00
  1.30206270218308e+00  1.23956905163137e+00  1.17799154548199e+00
  1.11748350020864e+00  1.05818447884810e+00  1.00022040289591e+00
  9.43703747410415e-01  8.88733809319758e-01  8.35397039475453e-01
  7.83767429850371e-01  7.33906947801649e-01  6.85866010086142e-01
  6.39683990054867e-01  5.95389751384301e-01  5.53002203703854e-01
  5.12530874105296e-01  4.73976490538422e-01  4.37331572864978e-01
  4.02581027254740e-01  3.69702740981205e-01  3.38668173636582e-01
  3.09442942022997e-01  2.81987395588410e-01  2.56257179716580e-01
  2.32203784447944e-01  2.09775076359582e-01  1.88915811744846e-01
  1.69568129435249e-01  1.51672022023568e-01  1.35165784402337e-01
  1.19986439019623e-01  1.06070137232028e-01  9.33525367238393e-02
  8.17691547618218e-02  7.12556975963107e-02  6.17483661603020e-02
  5.31841384958123e-02  4.55010293517496e-02  3.86383274261808e-02
  3.25368108140248e-02  2.71389411646480e-02  2.23890370823009e-02
  1.82334273366870e-02  1.46205842225044e-02  1.15012376632667e-02
  8.82847038424740e-03  6.55779456794347e-03  4.64721033431314e-03
  3.05724640927605e-03  1.75098333132044e-03  6.94059569346882e-04
 -1.45338993606980e-04 -7.96505754775963e-04 -1.28625562381025e-03
 -1.63898214480735e-03 -1.87672860424113e-03 -2.01927224166029e-03
 -2.08422035165184e-03 -2.08711703804926e-03 -2.04155918600371e-03
 -1.95932009665239e-03 -1.85047911558878e-03 -1.72355551014857e-03
 -1.58564479967456e-03 -1.44255573819538e-03 -1.29894618156868e-03
 -1.15845614763081e-03 -1.02383649560894e-03 -8.97071804959647e-04
 -7.79496221872278e-04 -6.71901254491650e-04 -5.74634728740408e-04
 -4.87690357156237e-04 -4.10787613774102e-04 -3.43441840996952e-04
 -2.85024731131586e-04 -2.34815519663722e-04 -1.92043393552535e-04
 -1.55921752638974e-04 -1.25675063260954e-04 -1.00559110398955e-04
 -7.98754891156630e-05 -6.29811805078462e-05 -4.92940353683971e-05
 -3.82949448015043e-05 -2.95274158935187e-05 -2.25951972508551e-05
 -1.71585184831802e-05 -1.29294239608270e-05 -9.66659819529034e-06
 -7.17000100566392e-06 -5.27555778801355e-06 -3.85008505135205e-06
 -2.78657514883349e-06 -1.99991698958659e-06 -1.42309124308740e-06
 -1.00384894002342e-06 -7.01860083416679e-07 -4.86303509823154e-07
 -3.33859262876338e-07 -2.27059367604318e-07 -1.52951052465912e-07
 -1.02027178807870e-07 -6.73812669744281e-08 -4.40481819276770e-08
 -2.84960169516494e-08 -1.82391839123646e-08 -1.15474429786728e-08
 -7.22960948116232e-09 -4.47485591937012e-09 -2.73752619880263e-09
 -1.65475669438764e-09 -9.88031130554975e-10 -5.82577168658246e-10
 -3.39093901590599e-10 -1.94786671604375e-10 -1.10381848609096e-10
 -6.16871602372484e-11 -3.39871779465056e-11 -1.84545878402375e-11
 -9.87188961160083e-12 -5.20039440713389e-12 -2.69675305277815e-12
 -1.37606595518184e-12 -6.90637428027632e-13 -3.40791382707629e-13
 -1.65258848510413e-13 -7.87197291501955e-14 -3.68167340971711e-14
 -1.68983636186191e-14 -7.60801470081951e-15 -3.35822432201507e-15
 -1.45257594887733e-15 -6.15362034940140e-16 -2.55184403718941e-16
 -1.03532105224361e-16 -4.10703988286438e-17 -1.59224132474946e-17
 -6.03189158359132e-18 -2.23051538600234e-18 -8.04646481367383e-19
 -2.83011694733148e-19 -9.70059718128481e-20 -3.23993887994682e-20
 -1.05555832557722e-20 -3.34841740718958e-21 -1.03174820910718e-21
 -3.08578087365691e-22 -8.95129821304917e-23 -2.51652132169041e-23
 -6.85116464238578e-24 -1.80477984050872e-24
 (i6, f12.0, f18.0, f8.3, i6)
   665  60.0000000  0.02500000000000  26.000     2
 (3e22.14)
  2.89367842428521e-06  3.03926416341748e-06  3.19217416628354e-06
  3.35277687848344e-06  3.52145927786660e-06  3.69862780649627e-06
  3.88470934946756e-06  4.08015226293345e-06  4.28542745381153e-06
  4.50102951376806e-06  4.72747791020820e-06  4.96531823713256e-06
  5.21512352887446e-06  5.47749563986777e-06  5.75306669377661e-06
  6.04250060544967e-06  6.34649467939119e-06  6.66578128853998e-06
  7.00112963747166e-06  7.35334761414569e-06  7.72328373479453e-06
  8.11182918647646e-06  8.51991997233088e-06  8.94853916459905e-06
  9.39871927087976e-06  9.87154471926338e-06  1.03681544683683e-05
  1.08897447484644e-05  1.14375719403889e-05  1.20129555990215e-05
  1.26172816287267e-05  1.32520056182669e-05  1.39186563432849e-05
  1.46188394446772e-05  1.53542412918116e-05  1.61266330396678e-05
  1.69378748899152e-05  1.77899205658156e-05  1.86848220120296e-05
  1.96247343303171e-05  2.06119209631697e-05  2.16487591376885e-05
  2.27377455828524e-05  2.38815025337727e-05  2.50827840375071e-05
  2.63444825752814e-05  2.76696360173776e-05  2.90614349268731e-05
  3.05232302302389e-05  3.20585412727386e-05  3.36710642782369e-05
  3.53646812334886e-05  3.71434692183272e-05  3.90117102039082e-05
  4.09739013427574e-05  4.30347657748026e-05  4.51992639759006e-05
  4.74726056751944e-05  4.98602623706660e-05  5.23679804720816e-05
  5.50017951032862e-05  5.77680445965174e-05  6.06733857136336e-05
  6.37248096303146e-05  6.69296587219224e-05  7.02956441903577e-05
  7.38308645751097e-05  7.75438251913121e-05  8.14434585426523e-05
  8.55391457566040e-05  8.98407390940114e-05  9.43585855861684e-05
  9.91035518561691e-05  1.04087050183171e-04  1.09321065872525e-04
  1.14818185995701e-04  1.20591629570317e-04  1.26655279249799e-04
  1.33023714600554e-04  1.39712247043729e-04  1.46736956546192e-04
  1.54114730147044e-04  1.61863302411966e-04  1.70001297910601e-04
  1.78548275819338e-04  1.87524776753339e-04  1.96952371941489e-04
  2.06853714858437e-04  2.17252595438263e-04  2.28173996996761e-04
  2.39644155998678e-04  2.51690624809431e-04  2.64342337583162e-04
  2.77629679438333e-04  2.91584559090291e-04  3.06240485106687e-04
  3.21632645970826e-04  3.37797994138703e-04  3.54775334290198e-04
  3.72605415981151e-04  3.91331030916763e-04  4.10997115072547e-04
  4.31650855908018e-04  4.53341804918860e-04  4.76121995800739e-04
  5.00046068493854e-04  5.25171399407234e-04  5.51558238123183e-04
  5.79269850906027e-04  6.08372671349142e-04  6.38936458516543e-04
  6.71034462944228e-04  7.04743600897530e-04  7.40144637280585e-04
  7.77322377639457e-04  8.16365869692234e-04  8.57368614868943e-04
  9.00428790345109e-04  9.45649482091570e-04  9.93138929478414e-04
  1.04301078200701e-03  1.09538436875754e-03  1.15038498119041e-03
  1.20814416993751e-03  1.26880005629470e-03  1.33249765911036e-03
  1.39938923784704e-03  1.46963465259202e-03  1.54340174185629e-03
  1.62086671902431e-03  1.70221458837544e-03  1.78763958161760e-03
  1.87734561595552e-03  1.97154677471670e-03  2.07046781166073e-03
  2.17434468010204e-03  2.28342508806915e-03  2.39796908074987e-03
  2.51824965156820e-03  2.64455338324660e-03  2.77718112035589e-03
  2.91644867481498e-03  3.06268756599530e-03  3.21624579704861e-03
  3.37748866924135e-03  3.54679963610453e-03  3.72458119933112e-03
  3.91125584840653e-03  4.10726704610379e-03  4.31308026199235e-03
  4.52918405633067e-03  4.75609121666140e-03  4.99433994971947e-03
  5.24449513120881e-03  5.50714961626063e-03  5.78292561342125e-03
  6.07247612521179e-03  6.37648645837850e-03  6.69567580718567e-03
  7.03079891311512e-03  7.38264780469661e-03  7.75205362108458e-03
  8.13988852347647e-03  8.54706769834979e-03  8.97455145691335e-03
  9.42334743520181e-03  9.89451289954907e-03  1.03891571622777e-02
  1.09084441128119e-02  1.14535948694071e-02  1.20258905572766e-02
  1.26266752186669e-02  1.32573588612225e-02  1.39194206507321e-02
  1.46144122550253e-02  1.53439613457957e-02  1.61097752656076e-02
  1.69136448674570e-02  1.77574485348462e-02  1.86431563902352e-02
  1.95728347006906e-02  2.05486504890775e-02  2.15728763604354e-02
  2.26478955526670e-02  2.37762072217517e-02  2.49604319716246e-02
  2.62033176395886e-02  2.75077453482279e-02  2.88767358357040e-02
  3.03134560760527e-02  3.18212262024887e-02  3.34035267461794e-02
  3.50640062043680e-02  3.68064889514887e-02  3.86349835080386e-02
  4.05536911817755e-02  4.25670150974439e-02  4.46795696301277e-02
  4.68961902600524e-02  4.92219438648289e-02  5.16621394679157e-02
  5.42223394609631e-02  5.69083713194111e-02  5.97263398305726e-02
  6.26826398547660e-02  6.57839696396098e-02  6.90373447098384e-02
  7.24501123531872e-02  7.60299667267336e-02  7.97849646049967e-02
  8.37235417952070e-02  8.78545302429585e-02  9.21871758539127e-02
  9.67311570565070e-02  1.01496604132442e-01  1.06494119340362e-01
  1.11734797861541e-01  1.17230249592527e-01  1.22992621815891e-01
  1.29034622773989e-01  1.35369546177275e-01  1.42011296673954e-01
  1.48974416311366e-01  1.56274112017299e-01  1.63926284131798e-01
  1.71947556016628e-01  1.80355304774605e-01  1.89167693103037e-01
  1.98403702315480e-01  2.08083166553649e-01  2.18226808221978e-01
  2.28856274667485e-01  2.39994176132691e-01  2.51664125003993e-01
  2.63890776380628e-01  2.76699869981616e-01  2.90118273415666e-01
  3.04174026822726e-01  3.18896388912267e-01  3.34315884399027e-01
  3.50464352854328e-01  3.67374998971260e-01  3.85082444249102e-01
  4.03622780090524e-01  4.23033622307821e-01  4.43354167017993e-01
  4.64625247917939e-01  4.86889394898868e-01  5.10190893986378e-01
  5.34575848545669e-01  5.60092241720360e-01  5.86790000034554e-01
  6.14721058097917e-01  6.43939424329122e-01  6.74501247615190e-01
  7.06464884791297e-01  7.39890968843710e-01  7.74842477676956e-01
  8.11384803333304e-01  8.49585821464202e-01  8.89515960903371e-01
  9.31248273117819e-01  9.74858501328924e-01  1.02042514904875e+00
  1.06802954777853e+00  1.11775592355407e+00  1.16969146205401e+00
  1.22392637187323e+00  1.28055394564816e+00  1.33967061855870e+00
  1.40137602382275e+00  1.46577304466537e+00  1.53296786227499e+00
  1.60306999917453e+00  1.67619235744141e+00  1.75245125110027e+00
  1.83196643207315e+00  1.91486110887121e+00  2.00126195737077e+00
  2.09129912273245e+00  2.18510621169461e+00  2.28282027424286e+00
  2.38458177372390e+00  2.49053454433492e+00  2.60082573494706e+00
  2.71560573804359e+00  2.83502810268312e+00  2.95924943006580e+00
  3.08842925058872e+00  3.22272988080420e+00  3.36231625903366e+00
  3.50735575802154e+00  3.65801797317902e+00  3.81447448475579e+00
  3.97689859240925e+00  4.14546502034438e+00  4.32034959152401e+00
  4.50172886892231e+00  4.68977976239098e+00  4.88467909900359e+00
  5.08660315539185e+00  5.29572715002439e+00  5.51222469391947e+00
  5.73626719767150e+00  5.96802323360336e+00  6.20765785078076e+00
  6.45533184191921e+00  6.71120096022929e+00  6.97541508519638e+00
  7.24811733576794e+00  7.52944313035302e+00  7.81951919210409e+00
  8.11846249984968e+00  8.42637918314741e+00  8.74336336259653e+00
  9.06949593471239e+00  9.40484330271273e+00  9.74945605386110e+00
  1.01033675852807e+01  1.04665926798123e+01  1.08391260352392e+01
  1.12209407491288e+01  1.16119867644581e+01  1.20121892791173e+01
  1.24214471261958e+01  1.28396311299134e+01  1.32665824453632e+01
  1.37021108889801e+01  1.41459932701849e+01  1.45979717321022e+01
  1.50577521152795e+01  1.55250023533269e+01  1.59993509171180e+01
  1.64803853193584e+01  1.69676506973299e+01  1.74606484893876e+01
  1.79588352246154e+01  1.84616214437556e+01  1.89683707737607e+01
  1.94783991755180e+01  1.99909743907885e+01  2.05053156078984e+01
  2.10205933765055e+01  2.15359297913661e+01  2.20503989764241e+01
  2.25630278921327e+01  2.30727974964895e+01  2.35786442827468e+01
  2.40794622267000e+01  2.45741051617770e+01  2.50613896171086e+01
  2.55400981332975e+01  2.60089830865101e+01  2.64667710355680e+01
  2.69121676150734e+01  2.73438629834221e+01  2.77605378458639e+01
  2.81608700479066e+01  2.85435417553558e+01  2.89072472044356e+01
  2.92507010241314e+01  2.95726471070297e+01  2.98718680125955e+01
  3.01471948640082e+01  3.03975177106699e+01  3.06217962934862e+01
  3.08190711716986e+01  3.09884751279441e+01  3.11292447857600e+01
  3.12407323424330e+01  3.13224173244116e+01  3.13739182475262e+01
  3.13950040716618e+01  3.13856053047663e+01  3.13458246325596e+01
  3.12759469043933e+01  3.11764483351144e+01  3.10480047427900e+01
  3.08914986611481e+01  3.07080251428836e+01  3.04988960864569e+01
  3.02656428938326e+01  3.00100173032630e+01  2.97339902049149e+01
  2.94397482976574e+01  2.91296884192123e+01  2.88064094245768e+01
  2.84727014839848e+01  2.81315327135987e+01  2.77860330512888e+01
  2.74394753523145e+01  2.70952536711011e+01  2.67568587727550e+01
  2.64278509200774e+01  2.61118300498027e+01  2.58124034771048e+01
  2.55331513302239e+01  2.52775899411339e+01  2.50491334992490e+01
  2.48510542813184e+01  2.46864418599108e+01  2.45581617074109e+01
  2.44688136676589e+01  2.44206908125560e+01  2.44157392203328e+01
  2.44555192597943e+01  2.45411689734954e+01  2.46733701803891e+01
  2.48523179177850e+01  2.50776938500257e+01  2.53486442530196e+01
  2.56637631705215e+01  2.60210812999320e+01  2.64180611281644e+01
  2.68515987815546e+01  2.73180329859249e+01  2.78131614634970e+01
  2.83322649961719e+01  2.88701392952436e+01  2.94211347080134e+01
  2.99792036708669e+01  3.05379557129255e+01  3.10907196619667e+01
  3.16306126061812e+01  3.21506150016474e+01  3.26436512126995e+01
  3.31026746244746e+01  3.35207563634200e+01  3.38911765226137e+01
  3.42075167266639e+01  3.44637527222652e+01  3.46543456713453e+01
  3.47743307039909e+01  3.48194012961386e+01  3.47859879904865e+01
  3.46713300032961e+01  3.44735382693236e+01  3.41916485671705e+01
  3.38256634019965e+01  3.33765814880502e+01  3.28464137617263e+01
  3.22381850583500e+01  3.15559207580255e+01  3.08046179339796e+01
  2.99902007699896e+01  2.91194602985289e+01  2.81999787554723e+01
  2.72400391938435e+01  2.62485212541199e+01  2.52347843386124e+01
  2.42085397189044e+01  2.31797134112187e+01  2.21583019314318e+01
  2.11542232876088e+01  2.01771657835557e+01  1.92364373737541e+01
  1.83408184169441e+01  1.74984207405476e+01  1.67165558774248e+01
  1.60016152904713e+01  1.53589651739641e+01  1.47928582307578e+01
  1.43063644688088e+01  1.39013227071228e+01  1.35783140401634e+01
  1.33366580474278e+01  1.31744320344905e+01  1.30885130903895e+01
  1.30746422397024e+01  1.31275094757760e+01  1.32408579920246e+01
  1.34076054891186e+01  1.36199800368421e+01  1.38696676204985e+01
  1.41479682100711e+01  1.44459569731281e+01  1.47546471123169e+01
  1.50651507636731e+01  1.53688344409907e+01  1.56574656640347e+01
  1.59233476586491e+01  1.61594393601721e+01  1.63594583777318e+01
  1.65179650699225e+01  1.66304264245902e+01  1.66932590073847e+01
  1.67038508209219e+01  1.66605624842721e+01  1.65627086688464e+01
  1.64105212104050e+01  1.62050957242901e+01  1.59483238879186e+01
  1.56428138010111e+01  1.52918009924325e+01  1.48990527163393e+01
  1.44687681649551e+01  1.40054771364773e+01  1.35139395418417e+01
  1.29990479189496e+01  1.24657348703460e+01  1.19188870529061e+01
  1.13632670429750e+01  1.08034440907875e+01  1.02437344678604e+01
  9.68815181773573e+00  9.14036764257317e+00  8.60368180962440e+00
  8.08100273824603e+00  7.57483674157016e+00  7.08728583984700e+00
  6.62005323905602e+00  6.17445558247049e+00  5.75144101972115e+00
  5.35161211208813e+00  4.97525258732593e+00  4.62235697863092e+00
  4.29266222295889e+00  3.98568035215574e+00  3.70073148265705e+00
  3.43697639286311e+00  3.19344806855996e+00  2.96908169264314e+00
  2.76274265365680e+00  2.57325224478162e+00  2.39941081933081e+00
  2.24001825758761e+00  2.09389168147086e+00  1.95988042717821e+00
  1.83687834859414e+00  1.72383357777350e+00  1.61975591129160e+00
  1.52372202216640e+00  1.43487871989551e+00  1.35244449223343e+00
  1.27570956710860e+00  1.20403472924862e+00  1.13684911693575e+00
  1.07364721022898e+00  1.01398520439854e+00  9.57476942424065e-01
  9.03789559278551e-01  8.52638968996472e-01  8.03785304641104e-01
  7.57028400772377e-01  7.12203389914200e-01  6.69176467129194e-01
  6.27840862784355e-01  5.88113050475745e-01  5.49929207039889e-01
  5.13241933264304e-01  4.78017237243653e-01  4.44231778113145e-01
  4.11870364247519e-01  3.80923698402867e-01  3.51386361057673e-01
  3.23255023087188e-01  2.96526878839857e-01  2.71198291388479e-01
  2.47263641977436e-01  2.24714376199382e-01  2.03538239552370e-01
  1.83718694999488e-01  1.65234514682741e-01  1.48059537295632e-01
  1.32162581494121e-01  1.17507504630749e-01  1.04053394509458e-01
  9.17548805842623e-02  8.05625493907245e-02  7.04234479320336e-02
  6.12816574651731e-02  5.30789195587405e-02  4.57552958828484e-02
  3.92498433303857e-02  3.35012866292112e-02  2.84486716708219e-02
  2.40319842663021e-02  2.01927209466890e-02  1.68744006402078e-02
  1.40230085321414e-02  1.15873660165393e-02  9.51942330244124e-03
  7.77447381668550e-03  6.31129197061519e-03  5.09219802697124e-03
  4.08305565970445e-03  3.25320928047319e-03  2.57536929099639e-03
  2.02545409370260e-03  1.58239797209778e-03  1.22793386345623e-03
  9.46359636439297e-04  7.24295811054515e-04  5.50441780850861e-04
  4.15336582204891e-04  3.11129167721233e-04  2.31362037632145e-04
  1.70771016518479e-04  1.25102973027232e-04  9.09523989726762e-05
  6.56170106130455e-05  4.69719193183609e-05  3.33614421849047e-05
  2.35072787927076e-05  1.64315570677778e-05  1.13931324628855e-05
  7.83549363186160e-06  5.34466560728882e-06  3.61559027119456e-06
  2.42558837780873e-06  1.61365201858173e-06  1.06447088712174e-06
  6.96249865445826e-07  4.51522766562852e-07  2.90303207458984e-07
  1.85035000087017e-07  1.16910845491172e-07  7.32182064015391e-08
  4.54470510999070e-08  2.79554443032452e-08  1.70390374479895e-08
  1.02890478908595e-08  6.15433288305838e-09  3.64562500509538e-09
  2.13821368802865e-09  1.24135262353101e-09  7.13168241598055e-10
  4.05298141054447e-10  2.27779852954180e-10  1.26537386790016e-10
  6.94565730377154e-11  3.76552465855629e-11  2.01538792791615e-11
  1.06439841147628e-11  5.54429349805577e-12  2.84683563011433e-12
  1.44020789182521e-12  7.17468381037615e-13  3.51770809617203e-13
  1.69651415571443e-13  8.04369602007083e-14  3.74725555506601e-14
  1.71428184406610e-14  7.69689433026009e-15  3.38972542151497e-15
  1.46345260319631e-15  6.19018145601922e-16  2.56380040395846e-16
  1.03911942049526e-16  4.11876194631217e-17  1.59575289288452e-17
  6.04209535996936e-18  2.23338912970629e-18  8.05430305005017e-19
  2.83218575030766e-19  9.70587663085547e-20  3.24124041543017e-20
  1.05586802539440e-20  3.34912805354942e-21  1.03190531554317e-21
  3.08611518595250e-22  8.95198229534940e-23  2.51665579343744e-23
  6.85141831791831e-24  1.80482571781642e-24
  2.48760274254441e-24  2.83795082597790e-24  3.23762551433679e-24
  3.69356899153118e-24  4.21370005483206e-24  4.80705142795164e-24
  5.48392636824174e-24  6.25607727693789e-24  7.13690940137783e-24
  8.14171315124962e-24  9.28792904509984e-24  1.05954498660654e-23
  1.20869652480645e-23  1.37883546453274e-23  1.57291354725511e-23
  1.79429741539554e-23  2.04682689036955e-23  2.33488142959407e-23
  2.66345590915687e-23  3.03824703942648e-23  3.46575190388854e-23
  3.95338032012133e-23  4.50958295957329e-23  5.14399743380223e-23
  5.86761486367214e-23  6.69296979999667e-23  7.63435676521219e-23
  8.70807714283228e-23  9.93272066229091e-23  1.13294863204318e-22
  1.29225482572533e-22  1.47394728742473e-22  1.68116943618227e-22
  1.91750568028317e-22  2.18704321591889e-22  2.49444247471985e-22
  2.84501742869014e-22  3.24482712960319e-22  3.70078005194050e-22
  4.22075302714911e-22  4.81372680612468e-22  5.48994057057502e-22
  6.26106803710494e-22  7.14041816592465e-22  8.14316390528426e-22
  9.28660288006708e-22  1.05904544766083e-21  1.20771983947471e-21
  1.37724604429450e-21  1.57054521547423e-21  1.79094717184455e-21
  2.04224747520057e-21  2.32877246391432e-21  2.65545334904888e-21
  3.02791063277818e-21  3.45255028352236e-21  3.93667330094986e-21
  4.48860053016417e-21  5.11781484176897e-21  5.83512308737849e-21
  6.65284057336620e-21  7.58500117480555e-21  8.64759664285810e-21
  9.85884914959632e-21  1.12395216723634e-20  1.28132714546737e-20
  1.46070525026968e-20  1.66515738975452e-20  1.89818216373626e-20
  2.16376527850378e-20  2.46644719045456e-20  2.81140011414793e-20
  3.20451568634496e-20  3.65250475495901e-20  4.16301096340225e-20
  4.74474002989536e-20  5.40760688162162e-20  6.16290309940108e-20
  7.02348746460607e-20  8.00400278183442e-20  9.12112258449999e-20
  1.03938318230769e-19  1.18437461951095e-19  1.34954754113306e-19
  1.53770364134479e-19  1.75203233780426e-19  1.99616422704714e-19
  2.27423187677637e-19  2.59093895668231e-19  2.95163884529857e-19
  3.36242400456143e-19  3.83022758863775e-19  4.36293895197140e-19
  4.96953494651317e-19  5.66022915325614e-19  6.44664148253508e-19
  7.34199090555148e-19  8.36131445140977e-19  9.52171602536474e-19
  1.08426490815360e-18  1.23462377244358e-18  1.40576414266585e-18
  1.60054692444076e-18  1.82222501988905e-18  2.07449673820291e-18
  2.36156643530095e-18  2.68821335333147e-18  3.05986975993638e-18
  3.48270963332748e-18  3.96374930456962e-18  4.51096165548996e-18
  5.13340568216477e-18  5.84137347310596e-18  6.64655692170000e-18
  7.56223679808569e-18  8.60349715110509e-18  9.78746840124958e-18
  1.11336029264482e-17  1.26639874405245e-17  1.44036970265170e-17
  1.63811963219121e-17  1.86287940695002e-17  2.11831580562592e-17
  2.40858983752019e-17  2.73842279743183e-17  3.11317106177410e-17
  3.53891076929387e-17  4.02253367734319e-17  4.57185565092919e-17
  5.19573942915210e-17  5.90423352471153e-17  6.70872934990541e-17
  7.62213893019629e-17  8.65909586780259e-17  9.83618255684217e-17
  1.11721870332243e-16  1.26883932716698e-16  1.44089092250554e-16
  1.63610374440250e-16  1.85756937250211e-16  2.10878799204593e-16
  2.39372178153449e-16  2.71685518397073e-16  3.08326293582281e-16
  3.49868683691639e-16  3.96962236692597e-16  4.50341639153123e-16
  5.10837735543401e-16  5.79389953232912e-16  6.57060309569659e-16
  7.45049199167152e-16  8.44713183859998e-16  9.57585035088665e-16
  1.08539630901823e-15  1.23010276892789e-15  1.39391300771548e-15
  1.57932066624988e-15  1.78914069127933e-15  2.02655013030951e-15
  2.29513402086896e-15  2.59893699876922e-15  2.94252132496217e-15
  3.33103211453165e-15  3.77027064504697e-15  4.26677672623925e-15
  4.82792122985984e-15  5.46201000923576e-15  6.17840058367086e-15
  6.98763312570259e-15  7.90157747058980e-15  8.93359807006505e-15
  1.00987390382137e-14  1.14139316892457e-14  1.28982272478506e-14
  1.45730577257077e-14  1.64625283070406e-14  1.85937449741714e-14
  2.09971815381611e-14  2.37070907209513e-14  2.67619644736926e-14
  3.02050493135514e-14  3.40849231277297e-14  3.84561406344376e-14
  4.33799555163534e-14  4.89251281593671e-14  5.51688289521337e-14
  6.21976482374956e-14  7.01087252722460e-14  7.90110099558850e-14
  8.90266726560806e-14  1.00292679192543e-13  1.12962549979694e-13
  1.27208324473012e-13  1.43222754456333e-13  1.61221752361285e-13
  1.81447123763443e-13  2.04169616477259e-13  2.29692322323316e-13
  2.58354471683337e-13  2.90535665472832e-13  3.26660594149742e-13
  3.67204298947948e-13  4.12698036691197e-13  4.63735816411867e-13
  5.20981683613008e-13  5.85177836501433e-13  6.57153667901981e-13
  7.37835837058269e-13  8.28259487107432e-13  9.29580736957306e-13
  1.04309059062680e-12  1.17023042305746e-12  1.31260921913450e-12
  1.47202276232026e-12  1.65047499126236e-12  1.85020176695455e-12
  2.07369732024929e-12  2.32374367941876e-12  2.60344341106902e-12
  2.91625604481155e-12  3.26603859353324e-12  3.65709062708748e-12
  4.09420440853939e-12  4.58272065896965e-12  5.12859058043648e-12
  5.73844483719984e-12  6.41967027410784e-12  7.18049523840548e-12
  8.03008446932266e-12  8.97864462771847e-12  1.00375416603972e-11
  1.12194313276832e-11  1.25384043745465e-11  1.40101479931253e-11
  1.56521254123890e-11  1.74837756600512e-11  1.95267357758294e-11
  2.18050880162596e-11  2.43456348836550e-11  2.71782051371314e-11
  3.03359943108148e-11  3.38559436689983e-11  3.77791619899278e-11
  4.21513950764171e-11  4.70235484689758e-11  5.24522694768499e-11
  5.85005953636614e-11  6.52386753318795e-11  7.27445748568982e-11
  8.11051719394406e-11  9.04171559881105e-11  1.00788141329119e-10
  1.12337908784583e-10  1.25199790387066e-10  1.39522214125490e-10
  1.55470427682203e-10  1.73228422434714e-10  1.93001081623609e-10
  2.15016579527337e-10  2.39529061827440e-10  2.66821641101493e-10
  2.97209745632835e-10  3.31044864530642e-10  3.68718737584722e-10
  4.10668044421964e-10  4.57379654501597e-10  5.09396507346756e-10
  5.67324201369748e-10  6.31838379744605e-10  7.03693013294700e-10
  7.83729693385356e-10  8.72888062617955e-10  9.72217527946504e-10
  1.08289041994497e-09  1.20621678368239e-09  1.34366101140405e-09
  1.49686055531846e-09  1.66764699085143e-09  1.85806973718562e-09
  2.07042278348869e-09  2.30727481653960e-09  2.57150319961713e-09
  2.86633231391206e-09  3.19537684422489e-09  3.56269067076559e-09
  3.97282212051225e-09  4.43087643622583e-09  4.94258644037872e-09
  5.51439250837845e-09  6.15353312025315e-09  6.86814743977213e-09
  7.66739157214487e-09  8.56157038564721e-09  9.56228704830790e-09
  1.06826127361013e-08  1.19372793163406e-08  1.33428982116526e-08
  1.49182091019506e-08  1.66843626484714e-08  1.86652420180492e-08
  2.08878286704455e-08  2.33826186550639e-08  2.61840965565125e-08
  2.93312752555135e-08  3.28683108388521e-08  3.68452033458709e-08
  4.13185955521037e-08  4.63526837761731e-08  5.20202566745185e-08
  5.84038803134521e-08  6.55972504160394e-08  7.37067357081187e-08
  8.28531396978833e-08  9.31737121934077e-08  1.04824446299121e-07
  1.17982701843160e-07  1.32850201958523e-07  1.49656456339807e-07
  1.68662672274247e-07  1.90166223322906e-07  2.14505755485566e-07
  2.42067022095060e-07  2.73289551582402e-07  3.08674267218279e-07
  3.48792194599982e-07  3.94294412103657e-07  4.45923421263168e-07
  5.04526139079510e-07  5.71068742610780e-07  6.46653628511830e-07
  7.32538787069651e-07  8.30159931530753e-07  9.41155771988128e-07
  1.06739687560382e-06  1.21101861735200e-06  1.37445879418588e-06
  1.56050055407107e-06  1.77232138088822e-06  2.01354897703723e-06
  2.28832499900483e-06  2.60137773165915e-06  2.95810493170762e-06
  3.36466823601768e-06  3.82810071710256e-06  4.35642937657856e-06
  4.95881460489252e-06  5.64570890090468e-06  6.42903744511070e-06
  7.32240345489951e-06  8.34132163152562e-06  9.50348342653050e-06
  1.08290583381630e-05  1.23410359709133e-05  1.40656141969094e-05
  1.60326394072679e-05  1.82761056061202e-05  2.08347198957710e-05
  2.37525428541138e-05  2.70797133033919e-05  3.08732681180615e-05
  3.51980689739642e-05  4.01278493480902e-05  4.57463965832614e-05
  5.21488856020720e-05  5.94433826378316e-05  6.77525395048144e-05
  7.72155011302236e-05  8.79900515694497e-05  1.00255026468675e-04
  1.14213022836491e-04  1.30093440310664e-04  1.48155891449941e-04
  1.68694022621519e-04  1.92039790809404e-04  2.18568246494619e-04
  2.48702877106630e-04  2.82921570905554e-04  3.21763266448918e-04
  3.65835358518576e-04  4.15821937591775e-04  4.72492946143162e-04
  5.36714341928033e-04  6.09459365511353e-04  6.91821015774726e-04
  7.85025845913591e-04  8.90449198198740e-04  1.00963200505797e-03
  1.14429929014667e-03  1.29638051144188e-03  1.46803189483534e-03
  1.66166091322636e-03  1.87995307315576e-03  2.12590117386420e-03
  2.40283721050077e-03  2.71446709294981e-03  3.06490835514971e-03
  3.45873102526847e-03  3.90100182967356e-03  4.39733188628700e-03
  4.95392804855751e-03  5.57764803008586e-03  6.27605943806630e-03
  7.05750280991623e-03  7.93115872427331e-03  8.90711902297405e-03
  9.99646213956523e-03  1.12113324805577e-02  1.25650237546277e-02
  1.40720660749597e-02  1.57483165934424e-02  1.76110533387967e-02
  1.96790718438301e-02  2.19727840349520e-02  2.45143187662048e-02
  2.73276232186720e-02  3.04385643042282e-02  3.38750290089160e-02
  3.76670225090673e-02  4.18467626770101e-02  4.64487694796714e-02
  5.15099474887305e-02  5.70696596765928e-02  6.31697902993179e-02
  6.98547946258972e-02  7.71717329666347e-02  8.51702862880338e-02
  9.39027505324444e-02  1.03424006512005e-01  1.13791462185502e-01
  1.25064963823466e-01  1.37306672658475e-01  1.50580903322989e-01
  1.64953920515905e-01  1.80493690283489e-01  1.97269582355284e-01
  2.15352020283043e-01  2.34812076157405e-01  2.55721007343257e-01
  2.78149732746148e-01  3.02168247153748e-01  3.27844972463550e-01
  3.55246045856485e-01  3.84434545625483e-01  4.15469656785066e-01
  4.48405779450629e-01  4.83291584913849e-01  5.20169024939115e-01
  5.59072302330783e-01  6.00026811283097e-01  6.43048058423381e-01
  6.88140576260075e-01  7.35296842359321e-01  7.84496218622489e-01
  8.35703925966481e-01  8.88870070317073e-01  9.43928736576722e-01
  1.00079716717880e+00  1.05937504243114e+00  1.11954387987930e+00
  1.18116657039350e+00  1.24408706944615e+00  1.30813026284402e+00
  1.37310202759324e+00  1.43878950961548e+00  1.50496164100738e+00
  1.57136991934212e+00  1.63774947010759e+00  1.70382040983423e+00
  1.76928952190093e+00  1.83385224949555e+00  1.89719500055007e+00
  1.95899774930314e+00  2.01893690778818e+00  2.07668843012379e+00
  2.13193110194173e+00  2.18434995955423e+00  2.23363977513277e+00
  2.27950854081074e+00  2.32168088039489e+00  2.35990131789028e+00
  2.39393733386265e+00  2.42358214422452e+00  2.44865714333306e+00
  2.46901396059363e+00  2.48453609013904e+00  2.49514006385099e+00
  2.50077614977334e+00  2.50142857004029e+00  2.49711524438220e+00
  2.48788707655118e+00  2.47382681142886e+00  2.45504750000397e+00
  2.43169061625120e+00  2.40392387631643e+00  2.37193881450332e+00
  2.33594817162268e+00  2.29618315308664e+00  2.25289061114339e+00
  2.20633020404305e+00  2.15677158007276e+00  2.10449162968702e+00
  2.04977184310535e+00  1.99289580462565e+00  1.93414684856802e+00
  1.87380589566382e+00  1.81214948267062e+00  1.74944799269778e+00
  1.68596408870857e+00  1.62195134884956e+00  1.55765309815405e+00
  1.49330142925020e+00  1.42911640175937e+00  1.36530540937908e+00
  1.30206270218308e+00  1.23956905163137e+00  1.17799154548199e+00
  1.11748350020864e+00  1.05818447884810e+00  1.00022040289591e+00
  9.43703747410415e-01  8.88733809319758e-01  8.35397039475453e-01
  7.83767429850371e-01  7.33906947801649e-01  6.85866010086142e-01
  6.39683990054867e-01  5.95389751384301e-01  5.53002203703854e-01
  5.12530874105296e-01  4.73976490538422e-01  4.37331572864978e-01
  4.02581027254740e-01  3.69702740981205e-01  3.38668173636582e-01
  3.09442942022997e-01  2.81987395588410e-01  2.56257179716580e-01
  2.32203784447944e-01  2.09775076359582e-01  1.88915811744846e-01
  1.69568129435249e-01  1.51672022023568e-01  1.35165784402337e-01
  1.19986439019623e-01  1.06070137232028e-01  9.33525367238393e-02
  8.17691547618218e-02  7.12556975963107e-02  6.17483661603020e-02
  5.31841384958123e-02  4.55010293517496e-02  3.86383274261808e-02
  3.25368108140248e-02  2.71389411646480e-02  2.23890370823009e-02
  1.82334273366870e-02  1.46205842225044e-02  1.15012376632667e-02
  8.82847038424740e-03  6.55779456794347e-03  4.64721033431314e-03
  3.05724640927605e-03  1.75098333132044e-03  6.94059569346882e-04
 -1.45338993606980e-04 -7.96505754775963e-04 -1.28625562381025e-03
 -1.63898214480735e-03 -1.87672860424113e-03 -2.01927224166029e-03
 -2.08422035165184e-03 -2.08711703804926e-03 -2.04155918600371e-03
 -1.95932009665239e-03 -1.85047911558878e-03 -1.72355551014857e-03
 -1.58564479967456e-03 -1.44255573819538e-03 -1.29894618156868e-03
 -1.15845614763081e-03 -1.02383649560894e-03 -8.97071804959647e-04
 -7.79496221872278e-04 -6.71901254491650e-04 -5.74634728740408e-04
 -4.87690357156237e-04 -4.10787613774102e-04 -3.43441840996952e-04
 -2.85024731131586e-04 -2.34815519663722e-04 -1.92043393552535e-04
 -1.55921752638974e-04 -1.25675063260954e-04 -1.00559110398955e-04
 -7.98754891156630e-05 -6.29811805078462e-05 -4.92940353683971e-05
 -3.82949448015043e-05 -2.95274158935187e-05 -2.25951972508551e-05
 -1.71585184831802e-05 -1.29294239608270e-05 -9.66659819529034e-06
 -7.17000100566392e-06 -5.27555778801355e-06 -3.85008505135205e-06
 -2.78657514883349e-06 -1.99991698958659e-06 -1.42309124308740e-06
 -1.00384894002342e-06 -7.01860083416679e-07 -4.86303509823154e-07
 -3.33859262876338e-07 -2.27059367604318e-07 -1.52951052465912e-07
 -1.02027178807870e-07 -6.73812669744281e-08 -4.40481819276770e-08
 -2.84960169516494e-08 -1.82391839123646e-08 -1.15474429786728e-08
 -7.22960948116232e-09 -4.47485591937012e-09 -2.73752619880263e-09
 -1.65475669438764e-09 -9.88031130554975e-10 -5.82577168658246e-10
 -3.39093901590599e-10 -1.94786671604375e-10 -1.10381848609096e-10
 -6.16871602372484e-11 -3.39871779465056e-11 -1.84545878402375e-11
 -9.87188961160083e-12 -5.20039440713389e-12 -2.69675305277815e-12
 -1.37606595518184e-12 -6.90637428027632e-13 -3.40791382707629e-13
 -1.65258848510413e-13 -7.87197291501955e-14 -3.68167340971711e-14
 -1.68983636186191e-14 -7.60801470081951e-15 -3.35822432201507e-15
 -1.45257594887733e-15 -6.15362034940140e-16 -2.55184403718941e-16
 -1.03532105224361e-16 -4.10703988286438e-17 -1.59224132474946e-17
 -6.03189158359132e-18 -2.23051538600234e-18 -8.04646481367383e-19
 -2.83011694733148e-19 -9.70059718128481e-20 -3.23993887994682e-20
 -1.05555832557722e-20 -3.34841740718958e-21 -1.03174820910718e-21
 -3.08578087365691e-22 -8.95129821304917e-23 -2.51652132169041e-23
 -6.85116464238578e-24 -1.80477984050872e-24
 (i6, f12.0, f18.0, f8.3, i6)
   665  60.0000000  0.02500000000000  26.000     2
 (3e22.14)
  2.89367842428521e-06  3.03926416341748e-06  3.19217416628354e-06
  3.35277687848344e-06  3.52145927786660e-06  3.69862780649627e-06
  3.88470934946756e-06  4.08015226293345e-06  4.28542745381153e-06
  4.50102951376806e-06  4.72747791020820e-06  4.96531823713256e-06
  5.21512352887446e-06  5.47749563986777e-06  5.75306669377661e-06
  6.04250060544967e-06  6.34649467939119e-06  6.66578128853998e-06
  7.00112963747166e-06  7.35334761414569e-06  7.72328373479453e-06
  8.11182918647646e-06  8.51991997233088e-06  8.94853916459905e-06
  9.39871927087976e-06  9.87154471926338e-06  1.03681544683683e-05
  1.08897447484644e-05  1.14375719403889e-05  1.20129555990215e-05
  1.26172816287267e-05  1.32520056182669e-05  1.39186563432849e-05
  1.46188394446772e-05  1.53542412918116e-05  1.61266330396678e-05
  1.69378748899152e-05  1.77899205658156e-05  1.86848220120296e-05
  1.96247343303171e-05  2.06119209631697e-05  2.16487591376885e-05
  2.27377455828524e-05  2.38815025337727e-05  2.50827840375071e-05
  2.63444825752814e-05  2.76696360173776e-05  2.90614349268731e-05
  3.05232302302389e-05  3.20585412727386e-05  3.36710642782369e-05
  3.53646812334886e-05  3.71434692183272e-05  3.90117102039082e-05
  4.09739013427574e-05  4.30347657748026e-05  4.51992639759006e-05
  4.74726056751944e-05  4.98602623706660e-05  5.23679804720816e-05
  5.50017951032862e-05  5.77680445965174e-05  6.06733857136336e-05
  6.37248096303146e-05  6.69296587219224e-05  7.02956441903577e-05
  7.38308645751097e-05  7.75438251913121e-05  8.14434585426523e-05
  8.55391457566040e-05  8.98407390940114e-05  9.43585855861684e-05
  9.91035518561691e-05  1.04087050183171e-04  1.09321065872525e-04
  1.14818185995701e-04  1.20591629570317e-04  1.26655279249799e-04
  1.33023714600554e-04  1.39712247043729e-04  1.46736956546192e-04
  1.54114730147044e-04  1.61863302411966e-04  1.70001297910601e-04
  1.78548275819338e-04  1.87524776753339e-04  1.96952371941489e-04
  2.06853714858437e-04  2.17252595438263e-04  2.28173996996761e-04
  2.39644155998678e-04  2.51690624809431e-04  2.64342337583162e-04
  2.77629679438333e-04  2.91584559090291e-04  3.06240485106687e-04
  3.21632645970826e-04  3.37797994138703e-04  3.54775334290198e-04
  3.72605415981151e-04  3.91331030916763e-04  4.10997115072547e-04
  4.31650855908018e-04  4.53341804918860e-04  4.76121995800739e-04
  5.00046068493854e-04  5.25171399407234e-04  5.51558238123183e-04
  5.79269850906027e-04  6.08372671349142e-04  6.38936458516543e-04
  6.71034462944228e-04  7.04743600897530e-04  7.40144637280585e-04
  7.77322377639457e-04  8.16365869692234e-04  8.57368614868943e-04
  9.00428790345109e-04  9.45649482091570e-04  9.93138929478414e-04
  1.04301078200701e-03  1.09538436875754e-03  1.15038498119041e-03
  1.20814416993751e-03  1.26880005629470e-03  1.33249765911036e-03
  1.39938923784704e-03  1.46963465259202e-03  1.54340174185629e-03
  1.62086671902431e-03  1.70221458837544e-03  1.78763958161760e-03
  1.87734561595552e-03  1.97154677471670e-03  2.07046781166073e-03
  2.17434468010204e-03  2.28342508806915e-03  2.39796908074987e-03
  2.51824965156820e-03  2.64455338324660e-03  2.77718112035589e-03
  2.91644867481498e-03  3.06268756599530e-03  3.21624579704861e-03
  3.37748866924135e-03  3.54679963610453e-03  3.72458119933112e-03
  3.91125584840653e-03  4.10726704610379e-03  4.31308026199235e-03
  4.52918405633067e-03  4.75609121666140e-03  4.99433994971947e-03
  5.24449513120881e-03  5.50714961626063e-03  5.78292561342125e-03
  6.07247612521179e-03  6.37648645837850e-03  6.69567580718567e-03
  7.03079891311512e-03  7.38264780469661e-03  7.75205362108458e-03
  8.13988852347647e-03  8.54706769834979e-03  8.97455145691335e-03
  9.42334743520181e-03  9.89451289954907e-03  1.03891571622777e-02
  1.09084441128119e-02  1.14535948694071e-02  1.20258905572766e-02
  1.26266752186669e-02  1.32573588612225e-02  1.39194206507321e-02
  1.46144122550253e-02  1.53439613457957e-02  1.61097752656076e-02
  1.69136448674570e-02  1.77574485348462e-02  1.86431563902352e-02
  1.95728347006906e-02  2.05486504890775e-02  2.15728763604354e-02
  2.26478955526670e-02  2.37762072217517e-02  2.49604319716246e-02
  2.62033176395886e-02  2.75077453482279e-02  2.88767358357040e-02
  3.03134560760527e-02  3.18212262024887e-02  3.34035267461794e-02
  3.50640062043680e-02  3.68064889514887e-02  3.86349835080386e-02
  4.05536911817755e-02  4.25670150974439e-02  4.46795696301277e-02
  4.68961902600524e-02  4.92219438648289e-02  5.16621394679157e-02
  5.42223394609631e-02  5.69083713194111e-02  5.97263398305726e-02
  6.26826398547660e-02  6.57839696396098e-02  6.90373447098384e-02
  7.24501123531872e-02  7.60299667267336e-02  7.97849646049967e-02
  8.37235417952070e-02  8.78545302429585e-02  9.21871758539127e-02
  9.67311570565070e-02  1.01496604132442e-01  1.06494119340362e-01
  1.11734797861541e-01  1.17230249592527e-01  1.22992621815891e-01
  1.29034622773989e-01  1.35369546177275e-01  1.42011296673954e-01
  1.48974416311366e-01  1.56274112017299e-01  1.63926284131798e-01
  1.71947556016628e-01  1.80355304774605e-01  1.89167693103037e-01
  1.98403702315480e-01  2.08083166553649e-01  2.18226808221978e-01
  2.28856274667485e-01  2.39994176132691e-01  2.51664125003993e-01
  2.63890776380628e-01  2.76699869981616e-01  2.90118273415666e-01
  3.04174026822726e-01  3.18896388912267e-01  3.34315884399027e-01
  3.50464352854328e-01  3.67374998971260e-01  3.85082444249102e-01
  4.03622780090524e-01  4.23033622307821e-01  4.43354167017993e-01
  4.64625247917939e-01  4.86889394898868e-01  5.10190893986378e-01
  5.34575848545669e-01  5.60092241720360e-01  5.86790000034554e-01
  6.14721058097917e-01  6.43939424329122e-01  6.74501247615190e-01
  7.06464884791297e-01  7.39890968843710e-01  7.74842477676956e-01
  8.11384803333304e-01  8.49585821464202e-01  8.89515960903371e-01
  9.31248273117819e-01  9.74858501328924e-01  1.02042514904875e+00
  1.06802954777853e+00  1.11775592355407e+00  1.16969146205401e+00
  1.22392637187323e+00  1.28055394564816e+00  1.33967061855870e+00
  1.40137602382275e+00  1.46577304466537e+00  1.53296786227499e+00
  1.60306999917453e+00  1.67619235744141e+00  1.75245125110027e+00
  1.83196643207315e+00  1.91486110887121e+00  2.00126195737077e+00
  2.09129912273245e+00  2.18510621169461e+00  2.28282027424286e+00
  2.38458177372390e+00  2.49053454433492e+00  2.60082573494706e+00
  2.71560573804359e+00  2.83502810268312e+00  2.95924943006580e+00
  3.08842925058872e+00  3.22272988080420e+00  3.36231625903366e+00
  3.50735575802154e+00  3.65801797317902e+00  3.81447448475579e+00
  3.97689859240925e+00  4.14546502034438e+00  4.32034959152401e+00
  4.50172886892231e+00  4.68977976239098e+00  4.88467909900359e+00
  5.08660315539185e+00  5.29572715002439e+00  5.51222469391947e+00
  5.73626719767150e+00  5.96802323360336e+00  6.20765785078076e+00
  6.45533184191921e+00  6.71120096022929e+00  6.97541508519638e+00
  7.24811733576794e+00  7.52944313035302e+00  7.81951919210409e+00
  8.11846249984968e+00  8.42637918314741e+00  8.74336336259653e+00
  9.06949593471239e+00  9.40484330271273e+00  9.74945605386110e+00
  1.01033675852807e+01  1.04665926798123e+01  1.08391260352392e+01
  1.12209407491288e+01  1.16119867644581e+01  1.20121892791173e+01
  1.24214471261958e+01  1.28396311299134e+01  1.32665824453632e+01
  1.37021108889801e+01  1.41459932701849e+01  1.45979717321022e+01
  1.50577521152795e+01  1.55250023533269e+01  1.59993509171180e+01
  1.64803853193584e+01  1.69676506973299e+01  1.74606484893876e+01
  1.79588352246154e+01  1.84616214437556e+01  1.89683707737607e+01
  1.94783991755180e+01  1.99909743907885e+01  2.05053156078984e+01
  2.10205933765055e+01  2.15359297913661e+01  2.20503989764241e+01
  2.25630278921327e+01  2.30727974964895e+01  2.35786442827468e+01
  2.40794622267000e+01  2.45741051617770e+01  2.50613896171086e+01
  2.55400981332975e+01  2.60089830865101e+01  2.64667710355680e+01
  2.69121676150734e+01  2.73438629834221e+01  2.77605378458639e+01
  2.81608700479066e+01  2.85435417553558e+01  2.89072472044356e+01
  2.92507010241314e+01  2.95726471070297e+01  2.98718680125955e+01
  3.01471948640082e+01  3.03975177106699e+01  3.06217962934862e+01
  3.08190711716986e+01  3.09884751279441e+01  3.11292447857600e+01
  3.12407323424330e+01  3.13224173244116e+01  3.13739182475262e+01
  3.13950040716618e+01  3.13856053047663e+01  3.13458246325596e+01
  3.12759469043933e+01  3.11764483351144e+01  3.10480047427900e+01
  3.08914986611481e+01  3.07080251428836e+01  3.04988960864569e+01
  3.02656428938326e+01  3.00100173032630e+01  2.97339902049149e+01
  2.94397482976574e+01  2.91296884192123e+01  2.88064094245768e+01
  2.84727014839848e+01  2.81315327135987e+01  2.77860330512888e+01
  2.74394753523145e+01  2.70952536711011e+01  2.67568587727550e+01
  2.64278509200774e+01  2.61118300498027e+01  2.58124034771048e+01
  2.55331513302239e+01  2.52775899411339e+01  2.50491334992490e+01
  2.48510542813184e+01  2.46864418599108e+01  2.45581617074109e+01
  2.44688136676589e+01  2.44206908125560e+01  2.44157392203328e+01
  2.44555192597943e+01  2.45411689734954e+01  2.46733701803891e+01
  2.48523179177850e+01  2.50776938500257e+01  2.53486442530196e+01
  2.56637631705215e+01  2.60210812999320e+01  2.64180611281644e+01
  2.68515987815546e+01  2.73180329859249e+01  2.78131614634970e+01
  2.83322649961719e+01  2.88701392952436e+01  2.94211347080134e+01
  2.99792036708669e+01  3.05379557129255e+01  3.10907196619667e+01
  3.16306126061812e+01  3.21506150016474e+01  3.26436512126995e+01
  3.31026746244746e+01  3.35207563634200e+01  3.38911765226137e+01
  3.42075167266639e+01  3.44637527222652e+01  3.46543456713453e+01
  3.47743307039909e+01  3.48194012961386e+01  3.47859879904865e+01
  3.46713300032961e+01  3.44735382693236e+01  3.41916485671705e+01
  3.38256634019965e+01  3.33765814880502e+01  3.28464137617263e+01
  3.22381850583500e+01  3.15559207580255e+01  3.08046179339796e+01
  2.99902007699896e+01  2.91194602985289e+01  2.81999787554723e+01
  2.72400391938435e+01  2.62485212541199e+01  2.52347843386124e+01
  2.42085397189044e+01  2.31797134112187e+01  2.21583019314318e+01
  2.11542232876088e+01  2.01771657835557e+01  1.92364373737541e+01
  1.83408184169441e+01  1.74984207405476e+01  1.67165558774248e+01
  1.60016152904713e+01  1.53589651739641e+01  1.47928582307578e+01
  1.43063644688088e+01  1.39013227071228e+01  1.35783140401634e+01
  1.33366580474278e+01  1.31744320344905e+01  1.30885130903895e+01
  1.30746422397024e+01  1.31275094757760e+01  1.32408579920246e+01
  1.34076054891186e+01  1.36199800368421e+01  1.38696676204985e+01
  1.41479682100711e+01  1.44459569731281e+01  1.47546471123169e+01
  1.50651507636731e+01  1.53688344409907e+01  1.56574656640347e+01
  1.59233476586491e+01  1.61594393601721e+01  1.63594583777318e+01
  1.65179650699225e+01  1.66304264245902e+01  1.66932590073847e+01
  1.67038508209219e+01  1.66605624842721e+01  1.65627086688464e+01
  1.64105212104050e+01  1.62050957242901e+01  1.59483238879186e+01
  1.56428138010111e+01  1.52918009924325e+01  1.48990527163393e+01
  1.44687681649551e+01  1.40054771364773e+01  1.35139395418417e+01
  1.29990479189496e+01  1.24657348703460e+01  1.19188870529061e+01
  1.13632670429750e+01  1.08034440907875e+01  1.02437344678604e+01
  9.68815181773573e+00  9.14036764257317e+00  8.60368180962440e+00
  8.08100273824603e+00  7.57483674157016e+00  7.08728583984700e+00
  6.62005323905602e+00  6.17445558247049e+00  5.75144101972115e+00
  5.35161211208813e+00  4.97525258732593e+00  4.62235697863092e+00
  4.29266222295889e+00  3.98568035215574e+00  3.70073148265705e+00
  3.43697639286311e+00  3.19344806855996e+00  2.96908169264314e+00
  2.76274265365680e+00  2.57325224478162e+00  2.39941081933081e+00
  2.24001825758761e+00  2.09389168147086e+00  1.95988042717821e+00
  1.83687834859414e+00  1.72383357777350e+00  1.61975591129160e+00
  1.52372202216640e+00  1.43487871989551e+00  1.35244449223343e+00
  1.27570956710860e+00  1.20403472924862e+00  1.13684911693575e+00
  1.07364721022898e+00  1.01398520439854e+00  9.57476942424065e-01
  9.03789559278551e-01  8.52638968996472e-01  8.03785304641104e-01
  7.57028400772377e-01  7.12203389914200e-01  6.69176467129194e-01
  6.27840862784355e-01  5.88113050475745e-01  5.49929207039889e-01
  5.13241933264304e-01  4.78017237243653e-01  4.44231778113145e-01
  4.11870364247519e-01  3.80923698402867e-01  3.51386361057673e-01
  3.23255023087188e-01  2.96526878839857e-01  2.71198291388479e-01
  2.47263641977436e-01  2.24714376199382e-01  2.03538239552370e-01
  1.83718694999488e-01  1.65234514682741e-01  1.48059537295632e-01
  1.32162581494121e-01  1.17507504630749e-01  1.04053394509458e-01
  9.17548805842623e-02  8.05625493907245e-02  7.04234479320336e-02
  6.12816574651731e-02  5.30789195587405e-02  4.57552958828484e-02
  3.92498433303857e-02  3.35012866292112e-02  2.84486716708219e-02
  2.40319842663021e-02  2.01927209466890e-02  1.68744006402078e-02
  1.40230085321414e-02  1.15873660165393e-02  9.51942330244124e-03
  7.77447381668550e-03  6.31129197061519e-03  5.09219802697124e-03
  4.08305565970445e-03  3.25320928047319e-03  2.57536929099639e-03
  2.02545409370260e-03  1.58239797209778e-03  1.22793386345623e-03
  9.46359636439297e-04  7.24295811054515e-04  5.50441780850861e-04
  4.15336582204891e-04  3.11129167721233e-04  2.31362037632145e-04
  1.70771016518479e-04  1.25102973027232e-04  9.09523989726762e-05
  6.56170106130455e-05  4.69719193183609e-05  3.33614421849047e-05
  2.35072787927076e-05  1.64315570677778e-05  1.13931324628855e-05
  7.83549363186160e-06  5.34466560728882e-06  3.61559027119456e-06
  2.42558837780873e-06  1.61365201858173e-06  1.06447088712174e-06
  6.96249865445826e-07  4.51522766562852e-07  2.90303207458984e-07
  1.85035000087017e-07  1.16910845491172e-07  7.32182064015391e-08
  4.54470510999070e-08  2.79554443032452e-08  1.70390374479895e-08
  1.02890478908595e-08  6.15433288305838e-09  3.64562500509538e-09
  2.13821368802865e-09  1.24135262353101e-09  7.13168241598055e-10
  4.05298141054447e-10  2.27779852954180e-10  1.26537386790016e-10
  6.94565730377154e-11  3.76552465855629e-11  2.01538792791615e-11
  1.06439841147628e-11  5.54429349805577e-12  2.84683563011433e-12
  1.44020789182521e-12  7.17468381037615e-13  3.51770809617203e-13
  1.69651415571443e-13  8.04369602007083e-14  3.74725555506601e-14
  1.71428184406610e-14  7.69689433026009e-15  3.38972542151497e-15
  1.46345260319631e-15  6.19018145601922e-16  2.56380040395846e-16
  1.03911942049526e-16  4.11876194631217e-17  1.59575289288452e-17
  6.04209535996936e-18  2.23338912970629e-18  8.05430305005017e-19
  2.83218575030766e-19  9.70587663085547e-20  3.24124041543017e-20
  1.05586802539440e-20  3.34912805354942e-21  1.03190531554317e-21
  3.08611518595250e-22  8.95198229534940e-23  2.51665579343744e-23
  6.85141831791831e-24  1.80482571781642e-24
  2.48760274254441e-24  2.83795082597790e-24  3.23762551433679e-24
  3.69356899153118e-24  4.21370005483206e-24  4.80705142795164e-24
  5.48392636824174e-24  6.25607727693789e-24  7.13690940137783e-24
  8.14171315124962e-24  9.28792904509984e-24  1.05954498660654e-23
  1.20869652480645e-23  1.37883546453274e-23  1.57291354725511e-23
  1.79429741539554e-23  2.04682689036955e-23  2.33488142959407e-23
  2.66345590915687e-23  3.03824703942648e-23  3.46575190388854e-23
  3.95338032012133e-23  4.50958295957329e-23  5.14399743380223e-23
  5.86761486367214e-23  6.69296979999667e-23  7.63435676521219e-23
  8.70807714283228e-23  9.93272066229091e-23  1.13294863204318e-22
  1.29225482572533e-22  1.47394728742473e-22  1.68116943618227e-22
  1.91750568028317e-22  2.18704321591889e-22  2.49444247471985e-22
  2.84501742869014e-22  3.24482712960319e-22  3.70078005194050e-22
  4.22075302714911e-22  4.81372680612468e-22  5.48994057057502e-22
  6.26106803710494e-22  7.14041816592465e-22  8.14316390528426e-22
  9.28660288006708e-22  1.05904544766083e-21  1.20771983947471e-21
  1.37724604429450e-21  1.57054521547423e-21  1.79094717184455e-21
  2.04224747520057e-21  2.32877246391432e-21  2.65545334904888e-21
  3.02791063277818e-21  3.45255028352236e-21  3.93667330094986e-21
  4.48860053016417e-21  5.11781484176897e-21  5.83512308737849e-21
  6.65284057336620e-21  7.58500117480555e-21  8.64759664285810e-21
  9.85884914959632e-21  1.12395216723634e-20  1.28132714546737e-20
  1.46070525026968e-20  1.66515738975452e-20  1.89818216373626e-20
  2.16376527850378e-20  2.46644719045456e-20  2.81140011414793e-20
  3.20451568634496e-20  3.65250475495901e-20  4.16301096340225e-20
  4.74474002989536e-20  5.40760688162162e-20  6.16290309940108e-20
  7.02348746460607e-20  8.00400278183442e-20  9.12112258449999e-20
  1.03938318230769e-19  1.18437461951095e-19  1.34954754113306e-19
  1.53770364134479e-19  1.75203233780426e-19  1.99616422704714e-19
  2.27423187677637e-19  2.59093895668231e-19  2.95163884529857e-19
  3.36242400456143e-19  3.83022758863775e-19  4.36293895197140e-19
  4.96953494651317e-19  5.66022915325614e-19  6.44664148253508e-19
  7.34199090555148e-19  8.36131445140977e-19  9.52171602536474e-19
  1.08426490815360e-18  1.23462377244358e-18  1.40576414266585e-18
  1.60054692444076e-18  1.82222501988905e-18  2.07449673820291e-18
  2.36156643530095e-18  2.68821335333147e-18  3.05986975993638e-18
  3.48270963332748e-18  3.96374930456962e-18  4.51096165548996e-18
  5.13340568216477e-18  5.84137347310596e-18  6.64655692170000e-18
  7.56223679808569e-18  8.60349715110509e-18  9.78746840124958e-18
  1.11336029264482e-17  1.26639874405245e-17  1.44036970265170e-17
  1.63811963219121e-17  1.86287940695002e-17  2.11831580562592e-17
  2.40858983752019e-17  2.73842279743183e-17  3.11317106177410e-17
  3.53891076929387e-17  4.02253367734319e-17  4.57185565092919e-17
  5.19573942915210e-17  5.90423352471153e-17  6.70872934990541e-17
  7.62213893019629e-17  8.65909586780259e-17  9.83618255684217e-17
  1.11721870332243e-16  1.26883932716698e-16  1.44089092250554e-16
  1.63610374440250e-16  1.85756937250211e-16  2.10878799204593e-16
  2.39372178153449e-16  2.71685518397073e-16  3.08326293582281e-16
  3.49868683691639e-16  3.96962236692597e-16  4.50341639153123e-16
  5.10837735543401e-16  5.79389953232912e-16  6.57060309569659e-16
  7.45049199167152e-16  8.44713183859998e-16  9.57585035088665e-16
  1.08539630901823e-15  1.23010276892789e-15  1.39391300771548e-15
  1.57932066624988e-15  1.78914069127933e-15  2.02655013030951e-15
  2.29513402086896e-15  2.59893699876922e-15  2.94252132496217e-15
  3.33103211453165e-15  3.77027064504697e-15  4.26677672623925e-15
  4.82792122985984e-15  5.46201000923576e-15  6.17840058367086e-15
  6.98763312570259e-15  7.90157747058980e-15  8.93359807006505e-15
  1.00987390382137e-14  1.14139316892457e-14  1.28982272478506e-14
  1.45730577257077e-14  1.64625283070406e-14  1.85937449741714e-14
  2.09971815381611e-14  2.37070907209513e-14  2.67619644736926e-14
  3.02050493135514e-14  3.40849231277297e-14  3.84561406344376e-14
  4.33799555163534e-14  4.89251281593671e-14  5.51688289521337e-14
  6.21976482374956e-14  7.01087252722460e-14  7.90110099558850e-14
  8.90266726560806e-14  1.00292679192543e-13  1.12962549979694e-13
  1.27208324473012e-13  1.43222754456333e-13  1.61221752361285e-13
  1.81447123763443e-13  2.04169616477259e-13  2.29692322323316e-13
  2.58354471683337e-13  2.90535665472832e-13  3.26660594149742e-13
  3.67204298947948e-13  4.12698036691197e-13  4.63735816411867e-13
  5.20981683613008e-13  5.85177836501433e-13  6.57153667901981e-13
  7.37835837058269e-13  8.28259487107432e-13  9.29580736957306e-13
  1.04309059062680e-12  1.17023042305746e-12  1.31260921913450e-12
  1.47202276232026e-12  1.65047499126236e-12  1.85020176695455e-12
  2.07369732024929e-12  2.32374367941876e-12  2.60344341106902e-12
  2.91625604481155e-12  3.26603859353324e-12  3.65709062708748e-12
  4.09420440853939e-12  4.58272065896965e-12  5.12859058043648e-12
  5.73844483719984e-12  6.41967027410784e-12  7.18049523840548e-12
  8.03008446932266e-12  8.97864462771847e-12  1.00375416603972e-11
  1.12194313276832e-11  1.25384043745465e-11  1.40101479931253e-11
  1.56521254123890e-11  1.74837756600512e-11  1.95267357758294e-11
  2.18050880162596e-11  2.43456348836550e-11  2.71782051371314e-11
  3.03359943108148e-11  3.38559436689983e-11  3.77791619899278e-11
  4.21513950764171e-11  4.70235484689758e-11  5.24522694768499e-11
  5.85005953636614e-11  6.52386753318795e-11  7.27445748568982e-11
  8.11051719394406e-11  9.04171559881105e-11  1.00788141329119e-10
  1.12337908784583e-10  1.25199790387066e-10  1.39522214125490e-10
  1.55470427682203e-10  1.73228422434714e-10  1.93001081623609e-10
  2.15016579527337e-10  2.39529061827440e-10  2.66821641101493e-10
  2.97209745632835e-10  3.31044864530642e-10  3.68718737584722e-10
  4.10668044421964e-10  4.57379654501597e-10  5.09396507346756e-10
  5.67324201369748e-10  6.31838379744605e-10  7.03693013294700e-10
  7.83729693385356e-10  8.72888062617955e-10  9.72217527946504e-10
  1.08289041994497e-09  1.20621678368239e-09  1.34366101140405e-09
  1.49686055531846e-09  1.66764699085143e-09  1.85806973718562e-09
  2.07042278348869e-09  2.30727481653960e-09  2.57150319961713e-09
  2.86633231391206e-09  3.19537684422489e-09  3.56269067076559e-09
  3.97282212051225e-09  4.43087643622583e-09  4.94258644037872e-09
  5.51439250837845e-09  6.15353312025315e-09  6.86814743977213e-09
  7.66739157214487e-09  8.56157038564721e-09  9.56228704830790e-09
  1.06826127361013e-08  1.19372793163406e-08  1.33428982116526e-08
  1.49182091019506e-08  1.66843626484714e-08  1.86652420180492e-08
  2.08878286704455e-08  2.33826186550639e-08  2.61840965565125e-08
  2.93312752555135e-08  3.28683108388521e-08  3.68452033458709e-08
  4.13185955521037e-08  4.63526837761731e-08  5.20202566745185e-08
  5.84038803134521e-08  6.55972504160394e-08  7.37067357081187e-08
  8.28531396978833e-08  9.31737121934077e-08  1.04824446299121e-07
  1.17982701843160e-07  1.32850201958523e-07  1.49656456339807e-07
  1.68662672274247e-07  1.90166223322906e-07  2.14505755485566e-07
  2.42067022095060e-07  2.73289551582402e-07  3.08674267218279e-07
  3.48792194599982e-07  3.94294412103657e-07  4.45923421263168e-07
  5.04526139079510e-07  5.71068742610780e-07  6.46653628511830e-07
  7.32538787069651e-07  8.30159931530753e-07  9.41155771988128e-07
  1.06739687560382e-06  1.21101861735200e-06  1.37445879418588e-06
  1.56050055407107e-06  1.77232138088822e-06  2.01354897703723e-06
  2.28832499900483e-06  2.60137773165915e-06  2.95810493170762e-06
  3.36466823601768e-06  3.82810071710256e-06  4.35642937657856e-06
  4.95881460489252e-06  5.64570890090468e-06  6.42903744511070e-06
  7.32240345489951e-06  8.34132163152562e-06  9.50348342653050e-06
  1.08290583381630e-05  1.23410359709133e-05  1.40656141969094e-05
  1.60326394072679e-05  1.82761056061202e-05  2.08347198957710e-05
  2.37525428541138e-05  2.70797133033919e-05  3.08732681180615e-05
  3.51980689739642e-05  4.01278493480902e-05  4.57463965832614e-05
  5.21488856020720e-05  5.94433826378316e-05  6.77525395048144e-05
  7.72155011302236e-05  8.79900515694497e-05  1.00255026468675e-04
  1.14213022836491e-04  1.30093440310664e-04  1.48155891449941e-04
  1.68694022621519e-04  1.92039790809404e-04  2.18568246494619e-04
  2.48702877106630e-04  2.82921570905554e-04  3.21763266448918e-04
  3.65835358518576e-04  4.15821937591775e-04  4.72492946143162e-04
  5.36714341928033e-04  6.09459365511353e-04  6.91821015774726e-04
  7.85025845913591e-04  8.90449198198740e-04  1.00963200505797e-03
  1.14429929014667e-03  1.29638051144188e-03  1.46803189483534e-03
  1.66166091322636e-03  1.87995307315576e-03  2.12590117386420e-03
  2.40283721050077e-03  2.71446709294981e-03  3.06490835514971e-03
  3.45873102526847e-03  3.90100182967356e-03  4.39733188628700e-03
  4.95392804855751e-03  5.57764803008586e-03  6.27605943806630e-03
  7.05750280991623e-03  7.93115872427331e-03  8.90711902297405e-03
  9.99646213956523e-03  1.12113324805577e-02  1.25650237546277e-02
  1.40720660749597e-02  1.57483165934424e-02  1.76110533387967e-02
  1.96790718438301e-02  2.19727840349520e-02  2.45143187662048e-02
  2.73276232186720e-02  3.04385643042282e-02  3.38750290089160e-02
  3.76670225090673e-02  4.18467626770101e-02  4.64487694796714e-02
  5.15099474887305e-02  5.70696596765928e-02  6.31697902993179e-02
  6.98547946258972e-02  7.71717329666347e-02  8.51702862880338e-02
  9.39027505324444e-02  1.03424006512005e-01  1.13791462185502e-01
  1.25064963823466e-01  1.37306672658475e-01  1.50580903322989e-01
  1.64953920515905e-01  1.80493690283489e-01  1.97269582355284e-01
  2.15352020283043e-01  2.34812076157405e-01  2.55721007343257e-01
  2.78149732746148e-01  3.02168247153748e-01  3.27844972463550e-01
  3.55246045856485e-01  3.84434545625483e-01  4.15469656785066e-01
  4.48405779450629e-01  4.83291584913849e-01  5.20169024939115e-01
  5.59072302330783e-01  6.00026811283097e-01  6.43048058423381e-01
  6.88140576260075e-01  7.35296842359321e-01  7.84496218622489e-01
  8.35703925966481e-01  8.88870070317073e-01  9.43928736576722e-01
  1.00079716717880e+00  1.05937504243114e+00  1.11954387987930e+00
  1.18116657039350e+00  1.24408706944615e+00  1.30813026284402e+00
  1.37310202759324e+00  1.43878950961548e+00  1.50496164100738e+00
  1.57136991934212e+00  1.63774947010759e+00  1.70382040983423e+00
  1.76928952190093e+00  1.83385224949555e+00  1.89719500055007e+00
  1.95899774930314e+00  2.01893690778818e+00  2.07668843012379e+00
  2.13193110194173e+00  2.18434995955423e+00  2.23363977513277e+00
  2.27950854081074e+00  2.32168088039489e+00  2.35990131789028e+00
  2.39393733386265e+00  2.42358214422452e+00  2.44865714333306e+00
  2.46901396059363e+00  2.48453609013904e+00  2.49514006385099e+00
  2.50077614977334e+00  2.50142857004029e+00  2.49711524438220e+00
  2.48788707655118e+00  2.47382681142886e+00  2.45504750000397e+00
  2.43169061625120e+00  2.40392387631643e+00  2.37193881450332e+00
  2.33594817162268e+00  2.29618315308664e+00  2.25289061114339e+00
  2.20633020404305e+00  2.15677158007276e+00  2.10449162968702e+00
  2.04977184310535e+00  1.99289580462565e+00  1.93414684856802e+00
  1.87380589566382e+00  1.81214948267062e+00  1.74944799269778e+00
  1.68596408870857e+00  1.62195134884956e+00  1.55765309815405e+00
  1.49330142925020e+00  1.42911640175937e+00  1.36530540937908e+00
  1.30206270218308e+00  1.23956905163137e+00  1.17799154548199e+00
  1.11748350020864e+00  1.05818447884810e+00  1.00022040289591e+00
  9.43703747410415e-01  8.88733809319758e-01  8.35397039475453e-01
  7.83767429850371e-01  7.33906947801649e-01  6.85866010086142e-01
  6.39683990054867e-01  5.95389751384301e-01  5.53002203703854e-01
  5.12530874105296e-01  4.73976490538422e-01  4.37331572864978e-01
  4.02581027254740e-01  3.69702740981205e-01  3.38668173636582e-01
  3.09442942022997e-01  2.81987395588410e-01  2.56257179716580e-01
  2.32203784447944e-01  2.09775076359582e-01  1.88915811744846e-01
  1.69568129435249e-01  1.51672022023568e-01  1.35165784402337e-01
  1.19986439019623e-01  1.06070137232028e-01  9.33525367238393e-02
  8.17691547618218e-02  7.12556975963107e-02  6.17483661603020e-02
  5.31841384958123e-02  4.55010293517496e-02  3.86383274261808e-02
  3.25368108140248e-02  2.71389411646480e-02  2.23890370823009e-02
  1.82334273366870e-02  1.46205842225044e-02  1.15012376632667e-02
  8.82847038424740e-03  6.55779456794347e-03  4.64721033431314e-03
  3.05724640927605e-03  1.75098333132044e-03  6.94059569346882e-04
 -1.45338993606980e-04 -7.96505754775963e-04 -1.28625562381025e-03
 -1.63898214480735e-03 -1.87672860424113e-03 -2.01927224166029e-03
 -2.08422035165184e-03 -2.08711703804926e-03 -2.04155918600371e-03
 -1.95932009665239e-03 -1.85047911558878e-03 -1.72355551014857e-03
 -1.58564479967456e-03 -1.44255573819538e-03 -1.29894618156868e-03
 -1.15845614763081e-03 -1.02383649560894e-03 -8.97071804959647e-04
 -7.79496221872278e-04 -6.71901254491650e-04 -5.74634728740408e-04
 -4.87690357156237e-04 -4.10787613774102e-04 -3.43441840996952e-04
 -2.85024731131586e-04 -2.34815519663722e-04 -1.92043393552535e-04
 -1.55921752638974e-04 -1.25675063260954e-04 -1.00559110398955e-04
 -7.98754891156630e-05 -6.29811805078462e-05 -4.92940353683971e-05
 -3.82949448015043e-05 -2.95274158935187e-05 -2.25951972508551e-05
 -1.71585184831802e-05 -1.29294239608270e-05 -9.66659819529034e-06
 -7.17000100566392e-06 -5.27555778801355e-06 -3.85008505135205e-06
 -2.78657514883349e-06 -1.99991698958659e-06 -1.42309124308740e-06
 -1.00384894002342e-06 -7.01860083416679e-07 -4.86303509823154e-07
 -3.33859262876338e-07 -2.27059367604318e-07 -1.52951052465912e-07
 -1.02027178807870e-07 -6.73812669744281e-08 -4.40481819276770e-08
 -2.84960169516494e-08 -1.82391839123646e-08 -1.15474429786728e-08
 -7.22960948116232e-09 -4.47485591937012e-09 -2.73752619880263e-09
 -1.65475669438764e-09 -9.88031130554975e-10 -5.82577168658246e-10
 -3.39093901590599e-10 -1.94786671604375e-10 -1.10381848609096e-10
 -6.16871602372484e-11 -3.39871779465056e-11 -1.84545878402375e-11
 -9.87188961160083e-12 -5.20039440713389e-12 -2.69675305277815e-12
 -1.37606595518184e-12 -6.90637428027632e-13 -3.40791382707629e-13
 -1.65258848510413e-13 -7.87197291501955e-14 -3.68167340971711e-14
 -1.68983636186191e-14 -7.60801470081951e-15 -3.35822432201507e-15
 -1.45257594887733e-15 -6.15362034940140e-16 -2.55184403718941e-16
 -1.03532105224361e-16 -4.10703988286438e-17 -1.59224132474946e-17
 -6.03189158359132e-18 -2.23051538600234e-18 -8.04646481367383e-19
 -2.83011694733148e-19 -9.70059718128481e-20 -3.23993887994682e-20
 -1.05555832557722e-20 -3.34841740718958e-21 -1.03174820910718e-21
 -3.08578087365691e-22 -8.95129821304917e-23 -2.51652132169041e-23
 -6.85116464238578e-24 -1.80477984050872e-24
 (i6, f12.0, f18.0, f8.3, i6)
   665  60.0000000  0.02500000000000  26.000     2
 (3e22.14)
  2.89367842428521e-06  3.03926416341748e-06  3.19217416628354e-06
  3.35277687848344e-06  3.52145927786660e-06  3.69862780649627e-06
  3.88470934946756e-06  4.08015226293345e-06  4.28542745381153e-06
  4.50102951376806e-06  4.72747791020820e-06  4.96531823713256e-06
  5.21512352887446e-06  5.47749563986777e-06  5.75306669377661e-06
  6.04250060544967e-06  6.34649467939119e-06  6.66578128853998e-06
  7.00112963747166e-06  7.35334761414569e-06  7.72328373479453e-06
  8.11182918647646e-06  8.51991997233088e-06  8.94853916459905e-06
  9.39871927087976e-06  9.87154471926338e-06  1.03681544683683e-05
  1.08897447484644e-05  1.14375719403889e-05  1.20129555990215e-05
  1.26172816287267e-05  1.32520056182669e-05  1.39186563432849e-05
  1.46188394446772e-05  1.53542412918116e-05  1.61266330396678e-05
  1.69378748899152e-05  1.77899205658156e-05  1.86848220120296e-05
  1.96247343303171e-05  2.06119209631697e-05  2.16487591376885e-05
  2.27377455828524e-05  2.38815025337727e-05  2.50827840375071e-05
  2.63444825752814e-05  2.76696360173776e-05  2.90614349268731e-05
  3.05232302302389e-05  3.20585412727386e-05  3.36710642782369e-05
  3.53646812334886e-05  3.71434692183272e-05  3.90117102039082e-05
  4.09739013427574e-05  4.30347657748026e-05  4.51992639759006e-05
  4.74726056751944e-05  4.98602623706660e-05  5.23679804720816e-05
  5.50017951032862e-05  5.77680445965174e-05  6.06733857136336e-05
  6.37248096303146e-05  6.69296587219224e-05  7.02956441903577e-05
  7.38308645751097e-05  7.75438251913121e-05  8.14434585426523e-05
  8.55391457566040e-05  8.98407390940114e-05  9.43585855861684e-05
  9.91035518561691e-05  1.04087050183171e-04  1.09321065872525e-04
  1.14818185995701e-04  1.20591629570317e-04  1.26655279249799e-04
  1.33023714600554e-04  1.39712247043729e-04  1.46736956546192e-04
  1.54114730147044e-04  1.61863302411966e-04  1.70001297910601e-04
  1.78548275819338e-04  1.87524776753339e-04  1.96952371941489e-04
  2.06853714858437e-04  2.17252595438263e-04  2.28173996996761e-04
  2.39644155998678e-04  2.51690624809431e-04  2.64342337583162e-04
  2.77629679438333e-04  2.91584559090291e-04  3.06240485106687e-04
  3.21632645970826e-04  3.37797994138703e-04  3.54775334290198e-04
  3.72605415981151e-04  3.91331030916763e-04  4.10997115072547e-04
  4.31650855908018e-04  4.53341804918860e-04  4.76121995800739e-04
  5.00046068493854e-04  5.25171399407234e-04  5.51558238123183e-04
  5.79269850906027e-04  6.08372671349142e-04  6.38936458516543e-04
  6.71034462944228e-04  7.04743600897530e-04  7.40144637280585e-04
  7.77322377639457e-04  8.16365869692234e-04  8.57368614868943e-04
  9.00428790345109e-04  9.45649482091570e-04  9.93138929478414e-04
  1.04301078200701e-03  1.09538436875754e-03  1.15038498119041e-03
  1.20814416993751e-03  1.26880005629470e-03  1.33249765911036e-03
  1.39938923784704e-03  1.46963465259202e-03  1.54340174185629e-03
  1.62086671902431e-03  1.70221458837544e-03  1.78763958161760e-03
  1.87734561595552e-03  1.97154677471670e-03  2.07046781166073e-03
  2.17434468010204e-03  2.28342508806915e-03  2.39796908074987e-03
  2.51824965156820e-03  2.64455338324660e-03  2.77718112035589e-03
  2.91644867481498e-03  3.06268756599530e-03  3.21624579704861e-03
  3.37748866924135e-03  3.54679963610453e-03  3.72458119933112e-03
  3.91125584840653e-03  4.10726704610379e-03  4.31308026199235e-03
  4.52918405633067e-03  4.75609121666140e-03  4.99433994971947e-03
  5.24449513120881e-03  5.50714961626063e-03  5.78292561342125e-03
  6.07247612521179e-03  6.37648645837850e-03  6.69567580718567e-03
  7.03079891311512e-03  7.38264780469661e-03  7.75205362108458e-03
  8.13988852347647e-03  8.54706769834979e-03  8.97455145691335e-03
  9.42334743520181e-03  9.89451289954907e-03  1.03891571622777e-02
  1.09084441128119e-02  1.14535948694071e-02  1.20258905572766e-02
  1.26266752186669e-02  1.32573588612225e-02  1.39194206507321e-02
  1.46144122550253e-02  1.53439613457957e-02  1.61097752656076e-02
  1.69136448674570e-02  1.77574485348462e-02  1.86431563902352e-02
  1.95728347006906e-02  2.05486504890775e-02  2.15728763604354e-02
  2.26478955526670e-02  2.37762072217517e-02  2.49604319716246e-02
  2.62033176395886e-02  2.75077453482279e-02  2.88767358357040e-02
  3.03134560760527e-02  3.18212262024887e-02  3.34035267461794e-02
  3.50640062043680e-02  3.68064889514887e-02  3.86349835080386e-02
  4.05536911817755e-02  4.25670150974439e-02  4.46795696301277e-02
  4.68961902600524e-02  4.92219438648289e-02  5.16621394679157e-02
  5.42223394609631e-02  5.69083713194111e-02  5.97263398305726e-02
  6.26826398547660e-02  6.57839696396098e-02  6.90373447098384e-02
  7.24501123531872e-02  7.60299667267336e-02  7.97849646049967e-02
  8.37235417952070e-02  8.78545302429585e-02  9.21871758539127e-02
  9.67311570565070e-02  1.01496604132442e-01  1.06494119340362e-01
  1.11734797861541e-01  1.17230249592527e-01  1.22992621815891e-01
  1.29034622773989e-01  1.35369546177275e-01  1.42011296673954e-01
  1.48974416311366e-01  1.56274112017299e-01  1.63926284131798e-01
  1.71947556016628e-01  1.80355304774605e-01  1.89167693103037e-01
  1.98403702315480e-01  2.08083166553649e-01  2.18226808221978e-01
  2.28856274667485e-01  2.39994176132691e-01  2.51664125003993e-01
  2.63890776380628e-01  2.76699869981616e-01  2.90118273415666e-01
  3.04174026822726e-01  3.18896388912267e-01  3.34315884399027e-01
  3.50464352854328e-01  3.67374998971260e-01  3.85082444249102e-01
  4.03622780090524e-01  4.23033622307821e-01  4.43354167017993e-01
  4.64625247917939e-01  4.86889394898868e-01  5.10190893986378e-01
  5.34575848545669e-01  5.60092241720360e-01  5.86790000034554e-01
  6.14721058097917e-01  6.43939424329122e-01  6.74501247615190e-01
  7.06464884791297e-01  7.39890968843710e-01  7.74842477676956e-01
  8.11384803333304e-01  8.49585821464202e-01  8.89515960903371e-01
  9.31248273117819e-01  9.74858501328924e-01  1.02042514904875e+00
  1.06802954777853e+00  1.11775592355407e+00  1.16969146205401e+00
  1.22392637187323e+00  1.28055394564816e+00  1.33967061855870e+00
  1.40137602382275e+00  1.46577304466537e+00  1.53296786227499e+00
  1.60306999917453e+00  1.67619235744141e+00  1.75245125110027e+00
  1.83196643207315e+00  1.91486110887121e+00  2.00126195737077e+00
  2.09129912273245e+00  2.18510621169461e+00  2.28282027424286e+00
  2.38458177372390e+00  2.49053454433492e+00  2.60082573494706e+00
  2.71560573804359e+00  2.83502810268312e+00  2.95924943006580e+00
  3.08842925058872e+00  3.22272988080420e+00  3.36231625903366e+00
  3.50735575802154e+00  3.65801797317902e+00  3.81447448475579e+00
  3.97689859240925e+00  4.14546502034438e+00  4.32034959152401e+00
  4.50172886892231e+00  4.68977976239098e+00  4.88467909900359e+00
  5.08660315539185e+00  5.29572715002439e+00  5.51222469391947e+00
  5.73626719767150e+00  5.96802323360336e+00  6.20765785078076e+00
  6.45533184191921e+00  6.71120096022929e+00  6.97541508519638e+00
  7.24811733576794e+00  7.52944313035302e+00  7.81951919210409e+00
  8.11846249984968e+00  8.42637918314741e+00  8.74336336259653e+00
  9.06949593471239e+00  9.40484330271273e+00  9.74945605386110e+00
  1.01033675852807e+01  1.04665926798123e+01  1.08391260352392e+01
  1.12209407491288e+01  1.16119867644581e+01  1.20121892791173e+01
  1.24214471261958e+01  1.28396311299134e+01  1.32665824453632e+01
  1.37021108889801e+01  1.41459932701849e+01  1.45979717321022e+01
  1.50577521152795e+01  1.55250023533269e+01  1.59993509171180e+01
  1.64803853193584e+01  1.69676506973299e+01  1.74606484893876e+01
  1.79588352246154e+01  1.84616214437556e+01  1.89683707737607e+01
  1.94783991755180e+01  1.99909743907885e+01  2.05053156078984e+01
  2.10205933765055e+01  2.15359297913661e+01  2.20503989764241e+01
  2.25630278921327e+01  2.30727974964895e+01  2.35786442827468e+01
  2.40794622267000e+01  2.45741051617770e+01  2.50613896171086e+01
  2.55400981332975e+01  2.60089830865101e+01  2.64667710355680e+01
  2.69121676150734e+01  2.73438629834221e+01  2.77605378458639e+01
  2.81608700479066e+01  2.85435417553558e+01  2.89072472044356e+01
  2.92507010241314e+01  2.95726471070297e+01  2.98718680125955e+01
  3.01471948640082e+01  3.03975177106699e+01  3.06217962934862e+01
  3.08190711716986e+01  3.09884751279441e+01  3.11292447857600e+01
  3.12407323424330e+01  3.13224173244116e+01  3.13739182475262e+01
  3.13950040716618e+01  3.13856053047663e+01  3.13458246325596e+01
  3.12759469043933e+01  3.11764483351144e+01  3.10480047427900e+01
  3.08914986611481e+01  3.07080251428836e+01  3.04988960864569e+01
  3.02656428938326e+01  3.00100173032630e+01  2.97339902049149e+01
  2.94397482976574e+01  2.91296884192123e+01  2.88064094245768e+01
  2.84727014839848e+01  2.81315327135987e+01  2.77860330512888e+01
  2.74394753523145e+01  2.70952536711011e+01  2.67568587727550e+01
  2.64278509200774e+01  2.61118300498027e+01  2.58124034771048e+01
  2.55331513302239e+01  2.52775899411339e+01  2.50491334992490e+01
  2.48510542813184e+01  2.46864418599108e+01  2.45581617074109e+01
  2.44688136676589e+01  2.44206908125560e+01  2.44157392203328e+01
  2.44555192597943e+01  2.45411689734954e+01  2.46733701803891e+01
  2.48523179177850e+01  2.50776938500257e+01  2.53486442530196e+01
  2.56637631705215e+01  2.60210812999320e+01  2.64180611281644e+01
  2.68515987815546e+01  2.73180329859249e+01  2.78131614634970e+01
  2.83322649961719e+01  2.88701392952436e+01  2.94211347080134e+01
  2.99792036708669e+01  3.05379557129255e+01  3.10907196619667e+01
  3.16306126061812e+01  3.21506150016474e+01  3.26436512126995e+01
  3.31026746244746e+01  3.35207563634200e+01  3.38911765226137e+01
  3.42075167266639e+01  3.44637527222652e+01  3.46543456713453e+01
  3.47743307039909e+01  3.48194012961386e+01  3.47859879904865e+01
  3.46713300032961e+01  3.44735382693236e+01  3.41916485671705e+01
  3.38256634019965e+01  3.33765814880502e+01  3.28464137617263e+01
  3.22381850583500e+01  3.15559207580255e+01  3.08046179339796e+01
  2.99902007699896e+01  2.91194602985289e+01  2.81999787554723e+01
  2.72400391938435e+01  2.62485212541199e+01  2.52347843386124e+01
  2.42085397189044e+01  2.31797134112187e+01  2.21583019314318e+01
  2.11542232876088e+01  2.01771657835557e+01  1.92364373737541e+01
  1.83408184169441e+01  1.74984207405476e+01  1.67165558774248e+01
  1.60016152904713e+01  1.53589651739641e+01  1.47928582307578e+01
  1.43063644688088e+01  1.39013227071228e+01  1.35783140401634e+01
  1.33366580474278e+01  1.31744320344905e+01  1.30885130903895e+01
  1.30746422397024e+01  1.31275094757760e+01  1.32408579920246e+01
  1.34076054891186e+01  1.36199800368421e+01  1.38696676204985e+01
  1.41479682100711e+01  1.44459569731281e+01  1.47546471123169e+01
  1.50651507636731e+01  1.53688344409907e+01  1.56574656640347e+01
  1.59233476586491e+01  1.61594393601721e+01  1.63594583777318e+01
  1.65179650699225e+01  1.66304264245902e+01  1.66932590073847e+01
  1.67038508209219e+01  1.66605624842721e+01  1.65627086688464e+01
  1.64105212104050e+01  1.62050957242901e+01  1.59483238879186e+01
  1.56428138010111e+01  1.52918009924325e+01  1.48990527163393e+01
  1.44687681649551e+01  1.40054771364773e+01  1.35139395418417e+01
  1.29990479189496e+01  1.24657348703460e+01  1.19188870529061e+01
  1.13632670429750e+01  1.08034440907875e+01  1.02437344678604e+01
  9.68815181773573e+00  9.14036764257317e+00  8.60368180962440e+00
  8.08100273824603e+00  7.57483674157016e+00  7.08728583984700e+00
  6.62005323905602e+00  6.17445558247049e+00  5.75144101972115e+00
  5.35161211208813e+00  4.97525258732593e+00  4.62235697863092e+00
  4.29266222295889e+00  3.98568035215574e+00  3.70073148265705e+00
  3.43697639286311e+00  3.19344806855996e+00  2.96908169264314e+00
  2.76274265365680e+00  2.57325224478162e+00  2.39941081933081e+00
  2.24001825758761e+00  2.09389168147086e+00  1.95988042717821e+00
  1.83687834859414e+00  1.72383357777350e+00  1.61975591129160e+00
  1.52372202216640e+00  1.43487871989551e+00  1.35244449223343e+00
  1.27570956710860e+00  1.20403472924862e+00  1.13684911693575e+00
  1.07364721022898e+00  1.01398520439854e+00  9.57476942424065e-01
  9.03789559278551e-01  8.52638968996472e-01  8.03785304641104e-01
  7.57028400772377e-01  7.12203389914200e-01  6.69176467129194e-01
  6.27840862784355e-01  5.88113050475745e-01  5.49929207039889e-01
  5.13241933264304e-01  4.78017237243653e-01  4.44231778113145e-01
  4.11870364247519e-01  3.80923698402867e-01  3.51386361057673e-01
  3.23255023087188e-01  2.96526878839857e-01  2.71198291388479e-01
  2.47263641977436e-01  2.24714376199382e-01  2.03538239552370e-01
  1.83718694999488e-01  1.65234514682741e-01  1.48059537295632e-01
  1.32162581494121e-01  1.17507504630749e-01  1.04053394509458e-01
  9.17548805842623e-02  8.05625493907245e-02  7.04234479320336e-02
  6.12816574651731e-02  5.30789195587405e-02  4.57552958828484e-02
  3.92498433303857e-02  3.35012866292112e-02  2.84486716708219e-02
  2.40319842663021e-02  2.01927209466890e-02  1.68744006402078e-02
  1.40230085321414e-02  1.15873660165393e-02  9.51942330244124e-03
  7.77447381668550e-03  6.31129197061519e-03  5.09219802697124e-03
  4.08305565970445e-03  3.25320928047319e-03  2.57536929099639e-03
  2.02545409370260e-03  1.58239797209778e-03  1.22793386345623e-03
  9.46359636439297e-04  7.24295811054515e-04  5.50441780850861e-04
  4.15336582204891e-04  3.11129167721233e-04  2.31362037632145e-04
  1.70771016518479e-04  1.25102973027232e-04  9.09523989726762e-05
  6.56170106130455e-05  4.69719193183609e-05  3.33614421849047e-05
  2.35072787927076e-05  1.64315570677778e-05  1.13931324628855e-05
  7.83549363186160e-06  5.34466560728882e-06  3.61559027119456e-06
  2.42558837780873e-06  1.61365201858173e-06  1.06447088712174e-06
  6.96249865445826e-07  4.51522766562852e-07  2.90303207458984e-07
  1.85035000087017e-07  1.16910845491172e-07  7.32182064015391e-08
  4.54470510999070e-08  2.79554443032452e-08  1.70390374479895e-08
  1.02890478908595e-08  6.15433288305838e-09  3.64562500509538e-09
  2.13821368802865e-09  1.24135262353101e-09  7.13168241598055e-10
  4.05298141054447e-10  2.27779852954180e-10  1.26537386790016e-10
  6.94565730377154e-11  3.76552465855629e-11  2.01538792791615e-11
  1.06439841147628e-11  5.54429349805577e-12  2.84683563011433e-12
  1.44020789182521e-12  7.17468381037615e-13  3.51770809617203e-13
  1.69651415571443e-13  8.04369602007083e-14  3.74725555506601e-14
  1.71428184406610e-14  7.69689433026009e-15  3.38972542151497e-15
  1.46345260319631e-15  6.19018145601922e-16  2.56380040395846e-16
  1.03911942049526e-16  4.11876194631217e-17  1.59575289288452e-17
  6.04209535996936e-18  2.23338912970629e-18  8.05430305005017e-19
  2.83218575030766e-19  9.70587663085547e-20  3.24124041543017e-20
  1.05586802539440e-20  3.34912805354942e-21  1.03190531554317e-21
  3.08611518595250e-22  8.95198229534940e-23  2.51665579343744e-23
  6.85141831791831e-24  1.80482571781642e-24
  2.48760274254441e-24  2.83795082597790e-24  3.23762551433679e-24
  3.69356899153118e-24  4.21370005483206e-24  4.80705142795164e-24
  5.48392636824174e-24  6.25607727693789e-24  7.13690940137783e-24
  8.14171315124962e-24  9.28792904509984e-24  1.05954498660654e-23
  1.20869652480645e-23  1.37883546453274e-23  1.57291354725511e-23
  1.79429741539554e-23  2.04682689036955e-23  2.33488142959407e-23
  2.66345590915687e-23  3.03824703942648e-23  3.46575190388854e-23
  3.95338032012133e-23  4.50958295957329e-23  5.14399743380223e-23
  5.86761486367214e-23  6.69296979999667e-23  7.63435676521219e-23
  8.70807714283228e-23  9.93272066229091e-23  1.13294863204318e-22
  1.29225482572533e-22  1.47394728742473e-22  1.68116943618227e-22
  1.91750568028317e-22  2.18704321591889e-22  2.49444247471985e-22
  2.84501742869014e-22  3.24482712960319e-22  3.70078005194050e-22
  4.22075302714911e-22  4.81372680612468e-22  5.48994057057502e-22
  6.26106803710494e-22  7.14041816592465e-22  8.14316390528426e-22
  9.28660288006708e-22  1.05904544766083e-21  1.20771983947471e-21
  1.37724604429450e-21  1.57054521547423e-21  1.79094717184455e-21
  2.04224747520057e-21  2.32877246391432e-21  2.65545334904888e-21
  3.02791063277818e-21  3.45255028352236e-21  3.93667330094986e-21
  4.48860053016417e-21  5.11781484176897e-21  5.83512308737849e-21
  6.65284057336620e-21  7.58500117480555e-21  8.64759664285810e-21
  9.85884914959632e-21  1.12395216723634e-20  1.28132714546737e-20
  1.46070525026968e-20  1.66515738975452e-20  1.89818216373626e-20
  2.16376527850378e-20  2.46644719045456e-20  2.81140011414793e-20
  3.20451568634496e-20  3.65250475495901e-20  4.16301096340225e-20
  4.74474002989536e-20  5.40760688162162e-20  6.16290309940108e-20
  7.02348746460607e-20  8.00400278183442e-20  9.12112258449999e-20
  1.03938318230769e-19  1.18437461951095e-19  1.34954754113306e-19
  1.53770364134479e-19  1.75203233780426e-19  1.99616422704714e-19
  2.27423187677637e-19  2.59093895668231e-19  2.95163884529857e-19
  3.36242400456143e-19  3.83022758863775e-19  4.36293895197140e-19
  4.96953494651317e-19  5.66022915325614e-19  6.44664148253508e-19
  7.34199090555148e-19  8.36131445140977e-19  9.52171602536474e-19
  1.08426490815360e-18  1.23462377244358e-18  1.40576414266585e-18
  1.60054692444076e-18  1.82222501988905e-18  2.07449673820291e-18
  2.36156643530095e-18  2.68821335333147e-18  3.05986975993638e-18
  3.48270963332748e-18  3.96374930456962e-18  4.51096165548996e-18
  5.13340568216477e-18  5.84137347310596e-18  6.64655692170000e-18
  7.56223679808569e-18  8.60349715110509e-18  9.78746840124958e-18
  1.11336029264482e-17  1.26639874405245e-17  1.44036970265170e-17
  1.63811963219121e-17  1.86287940695002e-17  2.11831580562592e-17
  2.40858983752019e-17  2.73842279743183e-17  3.11317106177410e-17
  3.53891076929387e-17  4.02253367734319e-17  4.57185565092919e-17
  5.19573942915210e-17  5.90423352471153e-17  6.70872934990541e-17
  7.62213893019629e-17  8.65909586780259e-17  9.83618255684217e-17
  1.11721870332243e-16  1.26883932716698e-16  1.44089092250554e-16
  1.63610374440250e-16  1.85756937250211e-16  2.10878799204593e-16
  2.39372178153449e-16  2.71685518397073e-16  3.08326293582281e-16
  3.49868683691639e-16  3.96962236692597e-16  4.50341639153123e-16
  5.10837735543401e-16  5.79389953232912e-16  6.57060309569659e-16
  7.45049199167152e-16  8.44713183859998e-16  9.57585035088665e-16
  1.08539630901823e-15  1.23010276892789e-15  1.39391300771548e-15
  1.57932066624988e-15  1.78914069127933e-15  2.02655013030951e-15
  2.29513402086896e-15  2.59893699876922e-15  2.94252132496217e-15
  3.33103211453165e-15  3.77027064504697e-15  4.26677672623925e-15
  4.82792122985984e-15  5.46201000923576e-15  6.17840058367086e-15
  6.98763312570259e-15  7.90157747058980e-15  8.93359807006505e-15
  1.00987390382137e-14  1.14139316892457e-14  1.28982272478506e-14
  1.45730577257077e-14  1.64625283070406e-14  1.85937449741714e-14
  2.09971815381611e-14  2.37070907209513e-14  2.67619644736926e-14
  3.02050493135514e-14  3.40849231277297e-14  3.84561406344376e-14
  4.33799555163534e-14  4.89251281593671e-14  5.51688289521337e-14
  6.21976482374956e-14  7.01087252722460e-14  7.90110099558850e-14
  8.90266726560806e-14  1.00292679192543e-13  1.12962549979694e-13
  1.27208324473012e-13  1.43222754456333e-13  1.61221752361285e-13
  1.81447123763443e-13  2.04169616477259e-13  2.29692322323316e-13
  2.58354471683337e-13  2.90535665472832e-13  3.26660594149742e-13
  3.67204298947948e-13  4.12698036691197e-13  4.63735816411867e-13
  5.20981683613008e-13  5.85177836501433e-13  6.57153667901981e-13
  7.37835837058269e-13  8.28259487107432e-13  9.29580736957306e-13
  1.04309059062680e-12  1.17023042305746e-12  1.31260921913450e-12
  1.47202276232026e-12  1.65047499126236e-12  1.85020176695455e-12
  2.07369732024929e-12  2.32374367941876e-12  2.60344341106902e-12
  2.91625604481155e-12  3.26603859353324e-12  3.65709062708748e-12
  4.09420440853939e-12  4.58272065896965e-12  5.12859058043648e-12
  5.73844483719984e-12  6.41967027410784e-12  7.18049523840548e-12
  8.03008446932266e-12  8.97864462771847e-12  1.00375416603972e-11
  1.12194313276832e-11  1.25384043745465e-11  1.40101479931253e-11
  1.56521254123890e-11  1.74837756600512e-11  1.95267357758294e-11
  2.18050880162596e-11  2.43456348836550e-11  2.71782051371314e-11
  3.03359943108148e-11  3.38559436689983e-11  3.77791619899278e-11
  4.21513950764171e-11  4.70235484689758e-11  5.24522694768499e-11
  5.85005953636614e-11  6.52386753318795e-11  7.27445748568982e-11
  8.11051719394406e-11  9.04171559881105e-11  1.00788141329119e-10
  1.12337908784583e-10  1.25199790387066e-10  1.39522214125490e-10
  1.55470427682203e-10  1.73228422434714e-10  1.93001081623609e-10
  2.15016579527337e-10  2.39529061827440e-10  2.66821641101493e-10
  2.97209745632835e-10  3.31044864530642e-10  3.68718737584722e-10
  4.10668044421964e-10  4.57379654501597e-10  5.09396507346756e-10
  5.67324201369748e-10  6.31838379744605e-10  7.03693013294700e-10
  7.83729693385356e-10  8.72888062617955e-10  9.72217527946504e-10
  1.08289041994497e-09  1.20621678368239e-09  1.34366101140405e-09
  1.49686055531846e-09  1.66764699085143e-09  1.85806973718562e-09
  2.07042278348869e-09  2.30727481653960e-09  2.57150319961713e-09
  2.86633231391206e-09  3.19537684422489e-09  3.56269067076559e-09
  3.97282212051225e-09  4.43087643622583e-09  4.94258644037872e-09
  5.51439250837845e-09  6.15353312025315e-09  6.86814743977213e-09
  7.66739157214487e-09  8.56157038564721e-09  9.56228704830790e-09
  1.06826127361013e-08  1.19372793163406e-08  1.33428982116526e-08
  1.49182091019506e-08  1.66843626484714e-08  1.86652420180492e-08
  2.08878286704455e-08  2.33826186550639e-08  2.61840965565125e-08
  2.93312752555135e-08  3.28683108388521e-08  3.68452033458709e-08
  4.13185955521037e-08  4.63526837761731e-08  5.20202566745185e-08
  5.84038803134521e-08  6.55972504160394e-08  7.37067357081187e-08
  8.28531396978833e-08  9.31737121934077e-08  1.04824446299121e-07
  1.17982701843160e-07  1.32850201958523e-07  1.49656456339807e-07
  1.68662672274247e-07  1.90166223322906e-07  2.14505755485566e-07
  2.42067022095060e-07  2.73289551582402e-07  3.08674267218279e-07
  3.48792194599982e-07  3.94294412103657e-07  4.45923421263168e-07
  5.04526139079510e-07  5.71068742610780e-07  6.46653628511830e-07
  7.32538787069651e-07  8.30159931530753e-07  9.41155771988128e-07
  1.06739687560382e-06  1.21101861735200e-06  1.37445879418588e-06
  1.56050055407107e-06  1.77232138088822e-06  2.01354897703723e-06
  2.28832499900483e-06  2.60137773165915e-06  2.95810493170762e-06
  3.36466823601768e-06  3.82810071710256e-06  4.35642937657856e-06
  4.95881460489252e-06  5.64570890090468e-06  6.42903744511070e-06
  7.32240345489951e-06  8.34132163152562e-06  9.50348342653050e-06
  1.08290583381630e-05  1.23410359709133e-05  1.40656141969094e-05
  1.60326394072679e-05  1.82761056061202e-05  2.08347198957710e-05
  2.37525428541138e-05  2.70797133033919e-05  3.08732681180615e-05
  3.51980689739642e-05  4.01278493480902e-05  4.57463965832614e-05
  5.21488856020720e-05  5.94433826378316e-05  6.77525395048144e-05
  7.72155011302236e-05  8.79900515694497e-05  1.00255026468675e-04
  1.14213022836491e-04  1.30093440310664e-04  1.48155891449941e-04
  1.68694022621519e-04  1.92039790809404e-04  2.18568246494619e-04
  2.48702877106630e-04  2.82921570905554e-04  3.21763266448918e-04
  3.65835358518576e-04  4.15821937591775e-04  4.72492946143162e-04
  5.36714341928033e-04  6.09459365511353e-04  6.91821015774726e-04
  7.85025845913591e-04  8.90449198198740e-04  1.00963200505797e-03
  1.14429929014667e-03  1.29638051144188e-03  1.46803189483534e-03
  1.66166091322636e-03  1.87995307315576e-03  2.12590117386420e-03
  2.40283721050077e-03  2.71446709294981e-03  3.06490835514971e-03
  3.45873102526847e-03  3.90100182967356e-03  4.39733188628700e-03
  4.95392804855751e-03  5.57764803008586e-03  6.27605943806630e-03
  7.05750280991623e-03  7.93115872427331e-03  8.90711902297405e-03
  9.99646213956523e-03  1.12113324805577e-02  1.25650237546277e-02
  1.40720660749597e-02  1.57483165934424e-02  1.76110533387967e-02
  1.96790718438301e-02  2.19727840349520e-02  2.45143187662048e-02
  2.73276232186720e-02  3.04385643042282e-02  3.38750290089160e-02
  3.76670225090673e-02  4.18467626770101e-02  4.64487694796714e-02
  5.15099474887305e-02  5.70696596765928e-02  6.31697902993179e-02
  6.98547946258972e-02  7.71717329666347e-02  8.51702862880338e-02
  9.39027505324444e-02  1.03424006512005e-01  1.13791462185502e-01
  1.25064963823466e-01  1.37306672658475e-01  1.50580903322989e-01
  1.64953920515905e-01  1.80493690283489e-01  1.97269582355284e-01
  2.15352020283043e-01  2.34812076157405e-01  2.55721007343257e-01
  2.78149732746148e-01  3.02168247153748e-01  3.27844972463550e-01
  3.55246045856485e-01  3.84434545625483e-01  4.15469656785066e-01
  4.48405779450629e-01  4.83291584913849e-01  5.20169024939115e-01
  5.59072302330783e-01  6.00026811283097e-01  6.43048058423381e-01
  6.88140576260075e-01  7.35296842359321e-01  7.84496218622489e-01
  8.35703925966481e-01  8.88870070317073e-01  9.43928736576722e-01
  1.00079716717880e+00  1.05937504243114e+00  1.11954387987930e+00
  1.18116657039350e+00  1.24408706944615e+00  1.30813026284402e+00
  1.37310202759324e+00  1.43878950961548e+00  1.50496164100738e+00
  1.57136991934212e+00  1.63774947010759e+00  1.70382040983423e+00
  1.76928952190093e+00  1.83385224949555e+00  1.89719500055007e+00
  1.95899774930314e+00  2.01893690778818e+00  2.07668843012379e+00
  2.13193110194173e+00  2.18434995955423e+00  2.23363977513277e+00
  2.27950854081074e+00  2.32168088039489e+00  2.35990131789028e+00
  2.39393733386265e+00  2.42358214422452e+00  2.44865714333306e+00
  2.46901396059363e+00  2.48453609013904e+00  2.49514006385099e+00
  2.50077614977334e+00  2.50142857004029e+00  2.49711524438220e+00
  2.48788707655118e+00  2.47382681142886e+00  2.45504750000397e+00
  2.43169061625120e+00  2.40392387631643e+00  2.37193881450332e+00
  2.33594817162268e+00  2.29618315308664e+00  2.25289061114339e+00
  2.20633020404305e+00  2.15677158007276e+00  2.10449162968702e+00
  2.04977184310535e+00  1.99289580462565e+00  1.93414684856802e+00
  1.87380589566382e+00  1.81214948267062e+00  1.74944799269778e+00
  1.68596408870857e+00  1.62195134884956e+00  1.55765309815405e+00
  1.49330142925020e+00  1.42911640175937e+00  1.36530540937908e+00
  1.30206270218308e+00  1.23956905163137e+00  1.17799154548199e+00
  1.11748350020864e+00  1.05818447884810e+00  1.00022040289591e+00
  9.43703747410415e-01  8.88733809319758e-01  8.35397039475453e-01
  7.83767429850371e-01  7.33906947801649e-01  6.85866010086142e-01
  6.39683990054867e-01  5.95389751384301e-01  5.53002203703854e-01
  5.12530874105296e-01  4.73976490538422e-01  4.37331572864978e-01
  4.02581027254740e-01  3.69702740981205e-01  3.38668173636582e-01
  3.09442942022997e-01  2.81987395588410e-01  2.56257179716580e-01
  2.32203784447944e-01  2.09775076359582e-01  1.88915811744846e-01
  1.69568129435249e-01  1.51672022023568e-01  1.35165784402337e-01
  1.19986439019623e-01  1.06070137232028e-01  9.33525367238393e-02
  8.17691547618218e-02  7.12556975963107e-02  6.17483661603020e-02
  5.31841384958123e-02  4.55010293517496e-02  3.86383274261808e-02
  3.25368108140248e-02  2.71389411646480e-02  2.23890370823009e-02
  1.82334273366870e-02  1.46205842225044e-02  1.15012376632667e-02
  8.82847038424740e-03  6.55779456794347e-03  4.64721033431314e-03
  3.05724640927605e-03  1.75098333132044e-03  6.94059569346882e-04
 -1.45338993606980e-04 -7.96505754775963e-04 -1.28625562381025e-03
 -1.63898214480735e-03 -1.87672860424113e-03 -2.01927224166029e-03
 -2.08422035165184e-03 -2.08711703804926e-03 -2.04155918600371e-03
 -1.95932009665239e-03 -1.85047911558878e-03 -1.72355551014857e-03
 -1.58564479967456e-03 -1.44255573819538e-03 -1.29894618156868e-03
 -1.15845614763081e-03 -1.02383649560894e-03 -8.97071804959647e-04
 -7.79496221872278e-04 -6.71901254491650e-04 -5.74634728740408e-04
 -4.87690357156237e-04 -4.10787613774102e-04 -3.43441840996952e-04
 -2.85024731131586e-04 -2.34815519663722e-04 -1.92043393552535e-04
 -1.55921752638974e-04 -1.25675063260954e-04 -1.00559110398955e-04
 -7.98754891156630e-05 -6.29811805078462e-05 -4.92940353683971e-05
 -3.82949448015043e-05 -2.95274158935187e-05 -2.25951972508551e-05
 -1.71585184831802e-05 -1.29294239608270e-05 -9.66659819529034e-06
 -7.17000100566392e-06 -5.27555778801355e-06 -3.85008505135205e-06
 -2.78657514883349e-06 -1.99991698958659e-06 -1.42309124308740e-06
 -1.00384894002342e-06 -7.01860083416679e-07 -4.86303509823154e-07
 -3.33859262876338e-07 -2.27059367604318e-07 -1.52951052465912e-07
 -1.02027178807870e-07 -6.73812669744281e-08 -4.40481819276770e-08
 -2.84960169516494e-08 -1.82391839123646e-08 -1.15474429786728e-08
 -7.22960948116232e-09 -4.47485591937012e-09 -2.73752619880263e-09
 -1.65475669438764e-09 -9.88031130554975e-10 -5.82577168658246e-10
 -3.39093901590599e-10 -1.94786671604375e-10 -1.10381848609096e-10
 -6.16871602372484e-11 -3.39871779465056e-11 -1.84545878402375e-11
 -9.87188961160083e-12 -5.20039440713389e-12 -2.69675305277815e-12
 -1.37606595518184e-12 -6.90637428027632e-13 -3.40791382707629e-13
 -1.65258848510413e-13 -7.87197291501955e-14 -3.68167340971711e-14
 -1.68983636186191e-14 -7.60801470081951e-15 -3.35822432201507e-15
 -1.45257594887733e-15 -6.15362034940140e-16 -2.55184403718941e-16
 -1.03532105224361e-16 -4.10703988286438e-17 -1.59224132474946e-17
 -6.03189158359132e-18 -2.23051538600234e-18 -8.04646481367383e-19
 -2.83011694733148e-19 -9.70059718128481e-20 -3.23993887994682e-20
 -1.05555832557722e-20 -3.34841740718958e-21 -1.03174820910718e-21
 -3.08578087365691e-22 -8.95129821304917e-23 -2.51652132169041e-23
 -6.85116464238578e-24 -1.80477984050872e-24
 (i6, f12.0, f18.0, f8.3, i6)
   665  60.0000000  0.02500000000000  26.000     2
 (3e22.14)
  2.89367842428521e-06  3.03926416341748e-06  3.19217416628354e-06
  3.35277687848344e-06  3.52145927786660e-06  3.69862780649627e-06
  3.88470934946756e-06  4.08015226293345e-06  4.28542745381153e-06
  4.50102951376806e-06  4.72747791020820e-06  4.96531823713256e-06
  5.21512352887446e-06  5.47749563986777e-06  5.75306669377661e-06
  6.04250060544967e-06  6.34649467939119e-06  6.66578128853998e-06
  7.00112963747166e-06  7.35334761414569e-06  7.72328373479453e-06
  8.11182918647646e-06  8.51991997233088e-06  8.94853916459905e-06
  9.39871927087976e-06  9.87154471926338e-06  1.03681544683683e-05
  1.08897447484644e-05  1.14375719403889e-05  1.20129555990215e-05
  1.26172816287267e-05  1.32520056182669e-05  1.39186563432849e-05
  1.46188394446772e-05  1.53542412918116e-05  1.61266330396678e-05
  1.69378748899152e-05  1.77899205658156e-05  1.86848220120296e-05
  1.96247343303171e-05  2.06119209631697e-05  2.16487591376885e-05
  2.27377455828524e-05  2.38815025337727e-05  2.50827840375071e-05
  2.63444825752814e-05  2.76696360173776e-05  2.90614349268731e-05
  3.05232302302389e-05  3.20585412727386e-05  3.36710642782369e-05
  3.53646812334886e-05  3.71434692183272e-05  3.90117102039082e-05
  4.09739013427574e-05  4.30347657748026e-05  4.51992639759006e-05
  4.74726056751944e-05  4.98602623706660e-05  5.23679804720816e-05
  5.50017951032862e-05  5.77680445965174e-05  6.06733857136336e-05
  6.37248096303146e-05  6.69296587219224e-05  7.02956441903577e-05
  7.38308645751097e-05  7.75438251913121e-05  8.14434585426523e-05
  8.55391457566040e-05  8.98407390940114e-05  9.43585855861684e-05
  9.91035518561691e-05  1.04087050183171e-04  1.09321065872525e-04
  1.14818185995701e-04  1.20591629570317e-04  1.26655279249799e-04
  1.33023714600554e-04  1.39712247043729e-04  1.46736956546192e-04
  1.54114730147044e-04  1.61863302411966e-04  1.70001297910601e-04
  1.78548275819338e-04  1.87524776753339e-04  1.96952371941489e-04
  2.06853714858437e-04  2.17252595438263e-04  2.28173996996761e-04
  2.39644155998678e-04  2.51690624809431e-04  2.64342337583162e-04
  2.77629679438333e-04  2.91584559090291e-04  3.06240485106687e-04
  3.21632645970826e-04  3.37797994138703e-04  3.54775334290198e-04
  3.72605415981151e-04  3.91331030916763e-04  4.10997115072547e-04
  4.31650855908018e-04  4.53341804918860e-04  4.76121995800739e-04
  5.00046068493854e-04  5.25171399407234e-04  5.51558238123183e-04
  5.79269850906027e-04  6.08372671349142e-04  6.38936458516543e-04
  6.71034462944228e-04  7.04743600897530e-04  7.40144637280585e-04
  7.77322377639457e-04  8.16365869692234e-04  8.57368614868943e-04
  9.00428790345109e-04  9.45649482091570e-04  9.93138929478414e-04
  1.04301078200701e-03  1.09538436875754e-03  1.15038498119041e-03
  1.20814416993751e-03  1.26880005629470e-03  1.33249765911036e-03
  1.39938923784704e-03  1.46963465259202e-03  1.54340174185629e-03
  1.62086671902431e-03  1.70221458837544e-03  1.78763958161760e-03
  1.87734561595552e-03  1.97154677471670e-03  2.07046781166073e-03
  2.17434468010204e-03  2.28342508806915e-03  2.39796908074987e-03
  2.51824965156820e-03  2.64455338324660e-03  2.77718112035589e-03
  2.91644867481498e-03  3.06268756599530e-03  3.21624579704861e-03
  3.37748866924135e-03  3.54679963610453e-03  3.72458119933112e-03
  3.91125584840653e-03  4.10726704610379e-03  4.31308026199235e-03
  4.52918405633067e-03  4.75609121666140e-03  4.99433994971947e-03
  5.24449513120881e-03  5.50714961626063e-03  5.78292561342125e-03
  6.07247612521179e-03  6.37648645837850e-03  6.69567580718567e-03
  7.03079891311512e-03  7.38264780469661e-03  7.75205362108458e-03
  8.13988852347647e-03  8.54706769834979e-03  8.97455145691335e-03
  9.42334743520181e-03  9.89451289954907e-03  1.03891571622777e-02
  1.09084441128119e-02  1.14535948694071e-02  1.20258905572766e-02
  1.26266752186669e-02  1.32573588612225e-02  1.39194206507321e-02
  1.46144122550253e-02  1.53439613457957e-02  1.61097752656076e-02
  1.69136448674570e-02  1.77574485348462e-02  1.86431563902352e-02
  1.95728347006906e-02  2.05486504890775e-02  2.15728763604354e-02
  2.26478955526670e-02  2.37762072217517e-02  2.49604319716246e-02
  2.62033176395886e-02  2.75077453482279e-02  2.88767358357040e-02
  3.03134560760527e-02  3.18212262024887e-02  3.34035267461794e-02
  3.50640062043680e-02  3.68064889514887e-02  3.86349835080386e-02
  4.05536911817755e-02  4.25670150974439e-02  4.46795696301277e-02
  4.68961902600524e-02  4.92219438648289e-02  5.16621394679157e-02
  5.42223394609631e-02  5.69083713194111e-02  5.97263398305726e-02
  6.26826398547660e-02  6.57839696396098e-02  6.90373447098384e-02
  7.24501123531872e-02  7.60299667267336e-02  7.97849646049967e-02
  8.37235417952070e-02  8.78545302429585e-02  9.21871758539127e-02
  9.67311570565070e-02  1.01496604132442e-01  1.06494119340362e-01
  1.11734797861541e-01  1.17230249592527e-01  1.22992621815891e-01
  1.29034622773989e-01  1.35369546177275e-01  1.42011296673954e-01
  1.48974416311366e-01  1.56274112017299e-01  1.63926284131798e-01
  1.71947556016628e-01  1.80355304774605e-01  1.89167693103037e-01
  1.98403702315480e-01  2.08083166553649e-01  2.18226808221978e-01
  2.28856274667485e-01  2.39994176132691e-01  2.51664125003993e-01
  2.63890776380628e-01  2.76699869981616e-01  2.90118273415666e-01
  3.04174026822726e-01  3.18896388912267e-01  3.34315884399027e-01
  3.50464352854328e-01  3.67374998971260e-01  3.85082444249102e-01
  4.03622780090524e-01  4.23033622307821e-01  4.43354167017993e-01
  4.64625247917939e-01  4.86889394898868e-01  5.10190893986378e-01
  5.34575848545669e-01  5.60092241720360e-01  5.86790000034554e-01
  6.14721058097917e-01  6.43939424329122e-01  6.74501247615190e-01
  7.06464884791297e-01  7.39890968843710e-01  7.74842477676956e-01
  8.11384803333304e-01  8.49585821464202e-01  8.89515960903371e-01
  9.31248273117819e-01  9.74858501328924e-01  1.02042514904875e+00
  1.06802954777853e+00  1.11775592355407e+00  1.16969146205401e+00
  1.22392637187323e+00  1.28055394564816e+00  1.33967061855870e+00
  1.40137602382275e+00  1.46577304466537e+00  1.53296786227499e+00
  1.60306999917453e+00  1.67619235744141e+00  1.75245125110027e+00
  1.83196643207315e+00  1.91486110887121e+00  2.00126195737077e+00
  2.09129912273245e+00  2.18510621169461e+00  2.28282027424286e+00
  2.38458177372390e+00  2.49053454433492e+00  2.60082573494706e+00
  2.71560573804359e+00  2.83502810268312e+00  2.95924943006580e+00
  3.08842925058872e+00  3.22272988080420e+00  3.36231625903366e+00
  3.50735575802154e+00  3.65801797317902e+00  3.81447448475579e+00
  3.97689859240925e+00  4.14546502034438e+00  4.32034959152401e+00
  4.50172886892231e+00  4.68977976239098e+00  4.88467909900359e+00
  5.08660315539185e+00  5.29572715002439e+00  5.51222469391947e+00
  5.73626719767150e+00  5.96802323360336e+00  6.20765785078076e+00
  6.45533184191921e+00  6.71120096022929e+00  6.97541508519638e+00
  7.24811733576794e+00  7.52944313035302e+00  7.81951919210409e+00
  8.11846249984968e+00  8.42637918314741e+00  8.74336336259653e+00
  9.06949593471239e+00  9.40484330271273e+00  9.74945605386110e+00
  1.01033675852807e+01  1.04665926798123e+01  1.08391260352392e+01
  1.12209407491288e+01  1.16119867644581e+01  1.20121892791173e+01
  1.24214471261958e+01  1.28396311299134e+01  1.32665824453632e+01
  1.37021108889801e+01  1.41459932701849e+01  1.45979717321022e+01
  1.50577521152795e+01  1.55250023533269e+01  1.59993509171180e+01
  1.64803853193584e+01  1.69676506973299e+01  1.74606484893876e+01
  1.79588352246154e+01  1.84616214437556e+01  1.89683707737607e+01
  1.94783991755180e+01  1.99909743907885e+01  2.05053156078984e+01
  2.10205933765055e+01  2.15359297913661e+01  2.20503989764241e+01
  2.25630278921327e+01  2.30727974964895e+01  2.35786442827468e+01
  2.40794622267000e+01  2.45741051617770e+01  2.50613896171086e+01
  2.55400981332975e+01  2.60089830865101e+01  2.64667710355680e+01
  2.69121676150734e+01  2.73438629834221e+01  2.77605378458639e+01
  2.81608700479066e+01  2.85435417553558e+01  2.89072472044356e+01
  2.92507010241314e+01  2.95726471070297e+01  2.98718680125955e+01
  3.01471948640082e+01  3.03975177106699e+01  3.06217962934862e+01
  3.08190711716986e+01  3.09884751279441e+01  3.11292447857600e+01
  3.12407323424330e+01  3.13224173244116e+01  3.13739182475262e+01
  3.13950040716618e+01  3.13856053047663e+01  3.13458246325596e+01
  3.12759469043933e+01  3.11764483351144e+01  3.10480047427900e+01
  3.08914986611481e+01  3.07080251428836e+01  3.04988960864569e+01
  3.02656428938326e+01  3.00100173032630e+01  2.97339902049149e+01
  2.94397482976574e+01  2.91296884192123e+01  2.88064094245768e+01
  2.84727014839848e+01  2.81315327135987e+01  2.77860330512888e+01
  2.74394753523145e+01  2.70952536711011e+01  2.67568587727550e+01
  2.64278509200774e+01  2.61118300498027e+01  2.58124034771048e+01
  2.55331513302239e+01  2.52775899411339e+01  2.50491334992490e+01
  2.48510542813184e+01  2.46864418599108e+01  2.45581617074109e+01
  2.44688136676589e+01  2.44206908125560e+01  2.44157392203328e+01
  2.44555192597943e+01  2.45411689734954e+01  2.46733701803891e+01
  2.48523179177850e+01  2.50776938500257e+01  2.53486442530196e+01
  2.56637631705215e+01  2.60210812999320e+01  2.64180611281644e+01
  2.68515987815546e+01  2.73180329859249e+01  2.78131614634970e+01
  2.83322649961719e+01  2.88701392952436e+01  2.94211347080134e+01
  2.99792036708669e+01  3.05379557129255e+01  3.10907196619667e+01
  3.16306126061812e+01  3.21506150016474e+01  3.26436512126995e+01
  3.31026746244746e+01  3.35207563634200e+01  3.38911765226137e+01
  3.42075167266639e+01  3.44637527222652e+01  3.46543456713453e+01
  3.47743307039909e+01  3.48194012961386e+01  3.47859879904865e+01
  3.46713300032961e+01  3.44735382693236e+01  3.41916485671705e+01
  3.38256634019965e+01  3.33765814880502e+01  3.28464137617263e+01
  3.22381850583500e+01  3.15559207580255e+01  3.08046179339796e+01
  2.99902007699896e+01  2.91194602985289e+01  2.81999787554723e+01
  2.72400391938435e+01  2.62485212541199e+01  2.52347843386124e+01
  2.42085397189044e+01  2.31797134112187e+01  2.21583019314318e+01
  2.11542232876088e+01  2.01771657835557e+01  1.92364373737541e+01
  1.83408184169441e+01  1.74984207405476e+01  1.67165558774248e+01
  1.60016152904713e+01  1.53589651739641e+01  1.47928582307578e+01
  1.43063644688088e+01  1.39013227071228e+01  1.35783140401634e+01
  1.33366580474278e+01  1.31744320344905e+01  1.30885130903895e+01
  1.30746422397024e+01  1.31275094757760e+01  1.32408579920246e+01
  1.34076054891186e+01  1.36199800368421e+01  1.38696676204985e+01
  1.41479682100711e+01  1.44459569731281e+01  1.47546471123169e+01
  1.50651507636731e+01  1.53688344409907e+01  1.56574656640347e+01
  1.59233476586491e+01  1.61594393601721e+01  1.63594583777318e+01
  1.65179650699225e+01  1.66304264245902e+01  1.66932590073847e+01
  1.67038508209219e+01  1.66605624842721e+01  1.65627086688464e+01
  1.64105212104050e+01  1.62050957242901e+01  1.59483238879186e+01
  1.56428138010111e+01  1.52918009924325e+01  1.48990527163393e+01
  1.44687681649551e+01  1.40054771364773e+01  1.35139395418417e+01
  1.29990479189496e+01  1.24657348703460e+01  1.19188870529061e+01
  1.13632670429750e+01  1.08034440907875e+01  1.02437344678604e+01
  9.68815181773573e+00  9.14036764257317e+00  8.60368180962440e+00
  8.08100273824603e+00  7.57483674157016e+00  7.08728583984700e+00
  6.62005323905602e+00  6.17445558247049e+00  5.75144101972115e+00
  5.35161211208813e+00  4.97525258732593e+00  4.62235697863092e+00
  4.29266222295889e+00  3.98568035215574e+00  3.70073148265705e+00
  3.43697639286311e+00  3.19344806855996e+00  2.96908169264314e+00
  2.76274265365680e+00  2.57325224478162e+00  2.39941081933081e+00
  2.24001825758761e+00  2.09389168147086e+00  1.95988042717821e+00
  1.83687834859414e+00  1.72383357777350e+00  1.61975591129160e+00
  1.52372202216640e+00  1.43487871989551e+00  1.35244449223343e+00
  1.27570956710860e+00  1.20403472924862e+00  1.13684911693575e+00
  1.07364721022898e+00  1.01398520439854e+00  9.57476942424065e-01
  9.03789559278551e-01  8.52638968996472e-01  8.03785304641104e-01
  7.57028400772377e-01  7.12203389914200e-01  6.69176467129194e-01
  6.27840862784355e-01  5.88113050475745e-01  5.49929207039889e-01
  5.13241933264304e-01  4.78017237243653e-01  4.44231778113145e-01
  4.11870364247519e-01  3.80923698402867e-01  3.51386361057673e-01
  3.23255023087188e-01  2.96526878839857e-01  2.71198291388479e-01
  2.47263641977436e-01  2.24714376199382e-01  2.03538239552370e-01
  1.83718694999488e-01  1.65234514682741e-01  1.48059537295632e-01
  1.32162581494121e-01  1.17507504630749e-01  1.04053394509458e-01
  9.17548805842623e-02  8.05625493907245e-02  7.04234479320336e-02
  6.12816574651731e-02  5.30789195587405e-02  4.57552958828484e-02
  3.92498433303857e-02  3.35012866292112e-02  2.84486716708219e-02
  2.40319842663021e-02  2.01927209466890e-02  1.68744006402078e-02
  1.40230085321414e-02  1.15873660165393e-02  9.51942330244124e-03
  7.77447381668550e-03  6.31129197061519e-03  5.09219802697124e-03
  4.08305565970445e-03  3.25320928047319e-03  2.57536929099639e-03
  2.02545409370260e-03  1.58239797209778e-03  1.22793386345623e-03
  9.46359636439297e-04  7.24295811054515e-04  5.50441780850861e-04
  4.15336582204891e-04  3.11129167721233e-04  2.31362037632145e-04
  1.70771016518479e-04  1.25102973027232e-04  9.09523989726762e-05
  6.56170106130455e-05  4.69719193183609e-05  3.33614421849047e-05
  2.35072787927076e-05  1.64315570677778e-05  1.13931324628855e-05
  7.83549363186160e-06  5.34466560728882e-06  3.61559027119456e-06
  2.42558837780873e-06  1.61365201858173e-06  1.06447088712174e-06
  6.96249865445826e-07  4.51522766562852e-07  2.90303207458984e-07
  1.85035000087017e-07  1.16910845491172e-07  7.32182064015391e-08
  4.54470510999070e-08  2.79554443032452e-08  1.70390374479895e-08
  1.02890478908595e-08  6.15433288305838e-09  3.64562500509538e-09
  2.13821368802865e-09  1.24135262353101e-09  7.13168241598055e-10
  4.05298141054447e-10  2.27779852954180e-10  1.26537386790016e-10
  6.94565730377154e-11  3.76552465855629e-11  2.01538792791615e-11
  1.06439841147628e-11  5.54429349805577e-12  2.84683563011433e-12
  1.44020789182521e-12  7.17468381037615e-13  3.51770809617203e-13
  1.69651415571443e-13  8.04369602007083e-14  3.74725555506601e-14
  1.71428184406610e-14  7.69689433026009e-15  3.38972542151497e-15
  1.46345260319631e-15  6.19018145601922e-16  2.56380040395846e-16
  1.03911942049526e-16  4.11876194631217e-17  1.59575289288452e-17
  6.04209535996936e-18  2.23338912970629e-18  8.05430305005017e-19
  2.83218575030766e-19  9.70587663085547e-20  3.24124041543017e-20
  1.05586802539440e-20  3.34912805354942e-21  1.03190531554317e-21
  3.08611518595250e-22  8.95198229534940e-23  2.51665579343744e-23
  6.85141831791831e-24  1.80482571781642e-24
  2.48760274254441e-24  2.83795082597790e-24  3.23762551433679e-24
  3.69356899153118e-24  4.21370005483206e-24  4.80705142795164e-24
  5.48392636824174e-24  6.25607727693789e-24  7.13690940137783e-24
  8.14171315124962e-24  9.28792904509984e-24  1.05954498660654e-23
  1.20869652480645e-23  1.37883546453274e-23  1.57291354725511e-23
  1.79429741539554e-23  2.04682689036955e-23  2.33488142959407e-23
  2.66345590915687e-23  3.03824703942648e-23  3.46575190388854e-23
  3.95338032012133e-23  4.50958295957329e-23  5.14399743380223e-23
  5.86761486367214e-23  6.69296979999667e-23  7.63435676521219e-23
  8.70807714283228e-23  9.93272066229091e-23  1.13294863204318e-22
  1.29225482572533e-22  1.47394728742473e-22  1.68116943618227e-22
  1.91750568028317e-22  2.18704321591889e-22  2.49444247471985e-22
  2.84501742869014e-22  3.24482712960319e-22  3.70078005194050e-22
  4.22075302714911e-22  4.81372680612468e-22  5.48994057057502e-22
  6.26106803710494e-22  7.14041816592465e-22  8.14316390528426e-22
  9.28660288006708e-22  1.05904544766083e-21  1.20771983947471e-21
  1.37724604429450e-21  1.57054521547423e-21  1.79094717184455e-21
  2.04224747520057e-21  2.32877246391432e-21  2.65545334904888e-21
  3.02791063277818e-21  3.45255028352236e-21  3.93667330094986e-21
  4.48860053016417e-21  5.11781484176897e-21  5.83512308737849e-21
  6.65284057336620e-21  7.58500117480555e-21  8.64759664285810e-21
  9.85884914959632e-21  1.12395216723634e-20  1.28132714546737e-20
  1.46070525026968e-20  1.66515738975452e-20  1.89818216373626e-20
  2.16376527850378e-20  2.46644719045456e-20  2.81140011414793e-20
  3.20451568634496e-20  3.65250475495901e-20  4.16301096340225e-20
  4.74474002989536e-20  5.40760688162162e-20  6.16290309940108e-20
  7.02348746460607e-20  8.00400278183442e-20  9.12112258449999e-20
  1.03938318230769e-19  1.18437461951095e-19  1.34954754113306e-19
  1.53770364134479e-19  1.75203233780426e-19  1.99616422704714e-19
  2.27423187677637e-19  2.59093895668231e-19  2.95163884529857e-19
  3.36242400456143e-19  3.83022758863775e-19  4.36293895197140e-19
  4.96953494651317e-19  5.66022915325614e-19  6.44664148253508e-19
  7.34199090555148e-19  8.36131445140977e-19  9.52171602536474e-19
  1.08426490815360e-18  1.23462377244358e-18  1.40576414266585e-18
  1.60054692444076e-18  1.82222501988905e-18  2.07449673820291e-18
  2.36156643530095e-18  2.68821335333147e-18  3.05986975993638e-18
  3.48270963332748e-18  3.96374930456962e-18  4.51096165548996e-18
  5.13340568216477e-18  5.84137347310596e-18  6.64655692170000e-18
  7.56223679808569e-18  8.60349715110509e-18  9.78746840124958e-18
  1.11336029264482e-17  1.26639874405245e-17  1.44036970265170e-17
  1.63811963219121e-17  1.86287940695002e-17  2.11831580562592e-17
  2.40858983752019e-17  2.73842279743183e-17  3.11317106177410e-17
  3.53891076929387e-17  4.02253367734319e-17  4.57185565092919e-17
  5.19573942915210e-17  5.90423352471153e-17  6.70872934990541e-17
  7.62213893019629e-17  8.65909586780259e-17  9.83618255684217e-17
  1.11721870332243e-16  1.26883932716698e-16  1.44089092250554e-16
  1.63610374440250e-16  1.85756937250211e-16  2.10878799204593e-16
  2.39372178153449e-16  2.71685518397073e-16  3.08326293582281e-16
  3.49868683691639e-16  3.96962236692597e-16  4.50341639153123e-16
  5.10837735543401e-16  5.79389953232912e-16  6.57060309569659e-16
  7.45049199167152e-16  8.44713183859998e-16  9.57585035088665e-16
  1.08539630901823e-15  1.23010276892789e-15  1.39391300771548e-15
  1.57932066624988e-15  1.78914069127933e-15  2.02655013030951e-15
  2.29513402086896e-15  2.59893699876922e-15  2.94252132496217e-15
  3.33103211453165e-15  3.77027064504697e-15  4.26677672623925e-15
  4.82792122985984e-15  5.46201000923576e-15  6.17840058367086e-15
  6.98763312570259e-15  7.90157747058980e-15  8.93359807006505e-15
  1.00987390382137e-14  1.14139316892457e-14  1.28982272478506e-14
  1.45730577257077e-14  1.64625283070406e-14  1.85937449741714e-14
  2.09971815381611e-14  2.37070907209513e-14  2.67619644736926e-14
  3.02050493135514e-14  3.40849231277297e-14  3.84561406344376e-14
  4.33799555163534e-14  4.89251281593671e-14  5.51688289521337e-14
  6.21976482374956e-14  7.01087252722460e-14  7.90110099558850e-14
  8.90266726560806e-14  1.00292679192543e-13  1.12962549979694e-13
  1.27208324473012e-13  1.43222754456333e-13  1.61221752361285e-13
  1.81447123763443e-13  2.04169616477259e-13  2.29692322323316e-13
  2.58354471683337e-13  2.90535665472832e-13  3.26660594149742e-13
  3.67204298947948e-13  4.12698036691197e-13  4.63735816411867e-13
  5.20981683613008e-13  5.85177836501433e-13  6.57153667901981e-13
  7.37835837058269e-13  8.28259487107432e-13  9.29580736957306e-13
  1.04309059062680e-12  1.17023042305746e-12  1.31260921913450e-12
  1.47202276232026e-12  1.65047499126236e-12  1.85020176695455e-12
  2.07369732024929e-12  2.32374367941876e-12  2.60344341106902e-12
  2.91625604481155e-12  3.26603859353324e-12  3.65709062708748e-12
  4.09420440853939e-12  4.58272065896965e-12  5.12859058043648e-12
  5.73844483719984e-12  6.41967027410784e-12  7.18049523840548e-12
  8.03008446932266e-12  8.97864462771847e-12  1.00375416603972e-11
  1.12194313276832e-11  1.25384043745465e-11  1.40101479931253e-11
  1.56521254123890e-11  1.74837756600512e-11  1.95267357758294e-11
  2.18050880162596e-11  2.43456348836550e-11  2.71782051371314e-11
  3.03359943108148e-11  3.38559436689983e-11  3.77791619899278e-11
  4.21513950764171e-11  4.70235484689758e-11  5.24522694768499e-11
  5.85005953636614e-11  6.52386753318795e-11  7.27445748568982e-11
  8.11051719394406e-11  9.04171559881105e-11  1.00788141329119e-10
  1.12337908784583e-10  1.25199790387066e-10  1.39522214125490e-10
  1.55470427682203e-10  1.73228422434714e-10  1.93001081623609e-10
  2.15016579527337e-10  2.39529061827440e-10  2.66821641101493e-10
  2.97209745632835e-10  3.31044864530642e-10  3.68718737584722e-10
  4.10668044421964e-10  4.57379654501597e-10  5.09396507346756e-10
  5.67324201369748e-10  6.31838379744605e-10  7.03693013294700e-10
  7.83729693385356e-10  8.72888062617955e-10  9.72217527946504e-10
  1.08289041994497e-09  1.20621678368239e-09  1.34366101140405e-09
  1.49686055531846e-09  1.66764699085143e-09  1.85806973718562e-09
  2.07042278348869e-09  2.30727481653960e-09  2.57150319961713e-09
  2.86633231391206e-09  3.19537684422489e-09  3.56269067076559e-09
  3.97282212051225e-09  4.43087643622583e-09  4.94258644037872e-09
  5.51439250837845e-09  6.15353312025315e-09  6.86814743977213e-09
  7.66739157214487e-09  8.56157038564721e-09  9.56228704830790e-09
  1.06826127361013e-08  1.19372793163406e-08  1.33428982116526e-08
  1.49182091019506e-08  1.66843626484714e-08  1.86652420180492e-08
  2.08878286704455e-08  2.33826186550639e-08  2.61840965565125e-08
  2.93312752555135e-08  3.28683108388521e-08  3.68452033458709e-08
  4.13185955521037e-08  4.63526837761731e-08  5.20202566745185e-08
  5.84038803134521e-08  6.55972504160394e-08  7.37067357081187e-08
  8.28531396978833e-08  9.31737121934077e-08  1.04824446299121e-07
  1.17982701843160e-07  1.32850201958523e-07  1.49656456339807e-07
  1.68662672274247e-07  1.90166223322906e-07  2.14505755485566e-07
  2.42067022095060e-07  2.73289551582402e-07  3.08674267218279e-07
  3.48792194599982e-07  3.94294412103657e-07  4.45923421263168e-07
  5.04526139079510e-07  5.71068742610780e-07  6.46653628511830e-07
  7.32538787069651e-07  8.30159931530753e-07  9.41155771988128e-07
  1.06739687560382e-06  1.21101861735200e-06  1.37445879418588e-06
  1.56050055407107e-06  1.77232138088822e-06  2.01354897703723e-06
  2.28832499900483e-06  2.60137773165915e-06  2.95810493170762e-06
  3.36466823601768e-06  3.82810071710256e-06  4.35642937657856e-06
  4.95881460489252e-06  5.64570890090468e-06  6.42903744511070e-06
  7.32240345489951e-06  8.34132163152562e-06  9.50348342653050e-06
  1.08290583381630e-05  1.23410359709133e-05  1.40656141969094e-05
  1.60326394072679e-05  1.82761056061202e-05  2.08347198957710e-05
  2.37525428541138e-05  2.70797133033919e-05  3.08732681180615e-05
  3.51980689739642e-05  4.01278493480902e-05  4.57463965832614e-05
  5.21488856020720e-05  5.94433826378316e-05  6.77525395048144e-05
  7.72155011302236e-05  8.79900515694497e-05  1.00255026468675e-04
  1.14213022836491e-04  1.30093440310664e-04  1.48155891449941e-04
  1.68694022621519e-04  1.92039790809404e-04  2.18568246494619e-04
  2.48702877106630e-04  2.82921570905554e-04  3.21763266448918e-04
  3.65835358518576e-04  4.15821937591775e-04  4.72492946143162e-04
  5.36714341928033e-04  6.09459365511353e-04  6.91821015774726e-04
  7.85025845913591e-04  8.90449198198740e-04  1.00963200505797e-03
  1.14429929014667e-03  1.29638051144188e-03  1.46803189483534e-03
  1.66166091322636e-03  1.87995307315576e-03  2.12590117386420e-03
  2.40283721050077e-03  2.71446709294981e-03  3.06490835514971e-03
  3.45873102526847e-03  3.90100182967356e-03  4.39733188628700e-03
  4.95392804855751e-03  5.57764803008586e-03  6.27605943806630e-03
  7.05750280991623e-03  7.93115872427331e-03  8.90711902297405e-03
  9.99646213956523e-03  1.12113324805577e-02  1.25650237546277e-02
  1.40720660749597e-02  1.57483165934424e-02  1.76110533387967e-02
  1.96790718438301e-02  2.19727840349520e-02  2.45143187662048e-02
  2.73276232186720e-02  3.04385643042282e-02  3.38750290089160e-02
  3.76670225090673e-02  4.18467626770101e-02  4.64487694796714e-02
  5.15099474887305e-02  5.70696596765928e-02  6.31697902993179e-02
  6.98547946258972e-02  7.71717329666347e-02  8.51702862880338e-02
  9.39027505324444e-02  1.03424006512005e-01  1.13791462185502e-01
  1.25064963823466e-01  1.37306672658475e-01  1.50580903322989e-01
  1.64953920515905e-01  1.80493690283489e-01  1.97269582355284e-01
  2.15352020283043e-01  2.34812076157405e-01  2.55721007343257e-01
  2.78149732746148e-01  3.02168247153748e-01  3.27844972463550e-01
  3.55246045856485e-01  3.84434545625483e-01  4.15469656785066e-01
  4.48405779450629e-01  4.83291584913849e-01  5.20169024939115e-01
  5.59072302330783e-01  6.00026811283097e-01  6.43048058423381e-01
  6.88140576260075e-01  7.35296842359321e-01  7.84496218622489e-01
  8.35703925966481e-01  8.88870070317073e-01  9.43928736576722e-01
  1.00079716717880e+00  1.05937504243114e+00  1.11954387987930e+00
  1.18116657039350e+00  1.24408706944615e+00  1.30813026284402e+00
  1.37310202759324e+00  1.43878950961548e+00  1.50496164100738e+00
  1.57136991934212e+00  1.63774947010759e+00  1.70382040983423e+00
  1.76928952190093e+00  1.83385224949555e+00  1.89719500055007e+00
  1.95899774930314e+00  2.01893690778818e+00  2.07668843012379e+00
  2.13193110194173e+00  2.18434995955423e+00  2.23363977513277e+00
  2.27950854081074e+00  2.32168088039489e+00  2.35990131789028e+00
  2.39393733386265e+00  2.42358214422452e+00  2.44865714333306e+00
  2.46901396059363e+00  2.48453609013904e+00  2.49514006385099e+00
  2.50077614977334e+00  2.50142857004029e+00  2.49711524438220e+00
  2.48788707655118e+00  2.47382681142886e+00  2.45504750000397e+00
  2.43169061625120e+00  2.40392387631643e+00  2.37193881450332e+00
  2.33594817162268e+00  2.29618315308664e+00  2.25289061114339e+00
  2.20633020404305e+00  2.15677158007276e+00  2.10449162968702e+00
  2.04977184310535e+00  1.99289580462565e+00  1.93414684856802e+00
  1.87380589566382e+00  1.81214948267062e+00  1.74944799269778e+00
  1.68596408870857e+00  1.62195134884956e+00  1.55765309815405e+00
  1.49330142925020e+00  1.42911640175937e+00  1.36530540937908e+00
  1.30206270218308e+00  1.23956905163137e+00  1.17799154548199e+00
  1.11748350020864e+00  1.05818447884810e+00  1.00022040289591e+00
  9.43703747410415e-01  8.88733809319758e-01  8.35397039475453e-01
  7.83767429850371e-01  7.33906947801649e-01  6.85866010086142e-01
  6.39683990054867e-01  5.95389751384301e-01  5.53002203703854e-01
  5.12530874105296e-01  4.73976490538422e-01  4.37331572864978e-01
  4.02581027254740e-01  3.69702740981205e-01  3.38668173636582e-01
  3.09442942022997e-01  2.81987395588410e-01  2.56257179716580e-01
  2.32203784447944e-01  2.09775076359582e-01  1.88915811744846e-01
  1.69568129435249e-01  1.51672022023568e-01  1.35165784402337e-01
  1.19986439019623e-01  1.06070137232028e-01  9.33525367238393e-02
  8.17691547618218e-02  7.12556975963107e-02  6.17483661603020e-02
  5.31841384958123e-02  4.55010293517496e-02  3.86383274261808e-02
  3.25368108140248e-02  2.71389411646480e-02  2.23890370823009e-02
  1.82334273366870e-02  1.46205842225044e-02  1.15012376632667e-02
  8.82847038424740e-03  6.55779456794347e-03  4.64721033431314e-03
  3.05724640927605e-03  1.75098333132044e-03  6.94059569346882e-04
 -1.45338993606980e-04 -7.96505754775963e-04 -1.28625562381025e-03
 -1.63898214480735e-03 -1.87672860424113e-03 -2.01927224166029e-03
 -2.08422035165184e-03 -2.08711703804926e-03 -2.04155918600371e-03
 -1.95932009665239e-03 -1.85047911558878e-03 -1.72355551014857e-03
 -1.58564479967456e-03 -1.44255573819538e-03 -1.29894618156868e-03
 -1.15845614763081e-03 -1.02383649560894e-03 -8.97071804959647e-04
 -7.79496221872278e-04 -6.71901254491650e-04 -5.74634728740408e-04
 -4.87690357156237e-04 -4.10787613774102e-04 -3.43441840996952e-04
 -2.85024731131586e-04 -2.34815519663722e-04 -1.92043393552535e-04
 -1.55921752638974e-04 -1.25675063260954e-04 -1.00559110398955e-04
 -7.98754891156630e-05 -6.29811805078462e-05 -4.92940353683971e-05
 -3.82949448015043e-05 -2.95274158935187e-05 -2.25951972508551e-05
 -1.71585184831802e-05 -1.29294239608270e-05 -9.66659819529034e-06
 -7.17000100566392e-06 -5.27555778801355e-06 -3.85008505135205e-06
 -2.78657514883349e-06 -1.99991698958659e-06 -1.42309124308740e-06
 -1.00384894002342e-06 -7.01860083416679e-07 -4.86303509823154e-07
 -3.33859262876338e-07 -2.27059367604318e-07 -1.52951052465912e-07
 -1.02027178807870e-07 -6.73812669744281e-08 -4.40481819276770e-08
 -2.84960169516494e-08 -1.82391839123646e-08 -1.15474429786728e-08
 -7.22960948116232e-09 -4.47485591937012e-09 -2.73752619880263e-09
 -1.65475669438764e-09 -9.88031130554975e-10 -5.82577168658246e-10
 -3.39093901590599e-10 -1.94786671604375e-10 -1.10381848609096e-10
 -6.16871602372484e-11 -3.39871779465056e-11 -1.84545878402375e-11
 -9.87188961160083e-12 -5.20039440713389e-12 -2.69675305277815e-12
 -1.37606595518184e-12 -6.90637428027632e-13 -3.40791382707629e-13
 -1.65258848510413e-13 -7.87197291501955e-14 -3.68167340971711e-14
 -1.68983636186191e-14 -7.60801470081951e-15 -3.35822432201507e-15
 -1.45257594887733e-15 -6.15362034940140e-16 -2.55184403718941e-16
 -1.03532105224361e-16 -4.10703988286438e-17 -1.59224132474946e-17
 -6.03189158359132e-18 -2.23051538600234e-18 -8.04646481367383e-19
 -2.83011694733148e-19 -9.70059718128481e-20 -3.23993887994682e-20
 -1.05555832557722e-20 -3.34841740718958e-21 -1.03174820910718e-21
 -3.08578087365691e-22 -8.95129821304917e-23 -2.51652132169041e-23
 -6.85116464238578e-24 -1.80477984050872e-24
 (i6, f12.0, f18.0, f8.3, i6)
   665  60.0000000  0.02500000000000  26.000     2
 (3e22.14)
  2.89367842428521e-06  3.03926416341748e-06  3.19217416628354e-06
  3.35277687848344e-06  3.52145927786660e-06  3.69862780649627e-06
  3.88470934946756e-06  4.08015226293345e-06  4.28542745381153e-06
  4.50102951376806e-06  4.72747791020820e-06  4.96531823713256e-06
  5.21512352887446e-06  5.47749563986777e-06  5.75306669377661e-06
  6.04250060544967e-06  6.34649467939119e-06  6.66578128853998e-06
  7.00112963747166e-06  7.35334761414569e-06  7.72328373479453e-06
  8.11182918647646e-06  8.51991997233088e-06  8.94853916459905e-06
  9.39871927087976e-06  9.87154471926338e-06  1.03681544683683e-05
  1.08897447484644e-05  1.14375719403889e-05  1.20129555990215e-05
  1.26172816287267e-05  1.32520056182669e-05  1.39186563432849e-05
  1.46188394446772e-05  1.53542412918116e-05  1.61266330396678e-05
  1.69378748899152e-05  1.77899205658156e-05  1.86848220120296e-05
  1.96247343303171e-05  2.06119209631697e-05  2.16487591376885e-05
  2.27377455828524e-05  2.38815025337727e-05  2.50827840375071e-05
  2.63444825752814e-05  2.76696360173776e-05  2.90614349268731e-05
  3.05232302302389e-05  3.20585412727386e-05  3.36710642782369e-05
  3.53646812334886e-05  3.71434692183272e-05  3.90117102039082e-05
  4.09739013427574e-05  4.30347657748026e-05  4.51992639759006e-05
  4.74726056751944e-05  4.98602623706660e-05  5.23679804720816e-05
  5.50017951032862e-05  5.77680445965174e-05  6.06733857136336e-05
  6.37248096303146e-05  6.69296587219224e-05  7.02956441903577e-05
  7.38308645751097e-05  7.75438251913121e-05  8.14434585426523e-05
  8.55391457566040e-05  8.98407390940114e-05  9.43585855861684e-05
  9.91035518561691e-05  1.04087050183171e-04  1.09321065872525e-04
  1.14818185995701e-04  1.20591629570317e-04  1.26655279249799e-04
  1.33023714600554e-04  1.39712247043729e-04  1.46736956546192e-04
  1.54114730147044e-04  1.61863302411966e-04  1.70001297910601e-04
  1.78548275819338e-04  1.87524776753339e-04  1.96952371941489e-04
  2.06853714858437e-04  2.17252595438263e-04  2.28173996996761e-04
  2.39644155998678e-04  2.51690624809431e-04  2.64342337583162e-04
  2.77629679438333e-04  2.91584559090291e-04  3.06240485106687e-04
  3.21632645970826e-04  3.37797994138703e-04  3.54775334290198e-04
  3.72605415981151e-04  3.91331030916763e-04  4.10997115072547e-04
  4.31650855908018e-04  4.53341804918860e-04  4.76121995800739e-04
  5.00046068493854e-04  5.25171399407234e-04  5.51558238123183e-04
  5.79269850906027e-04  6.08372671349142e-04  6.38936458516543e-04
  6.71034462944228e-04  7.04743600897530e-04  7.40144637280585e-04
  7.77322377639457e-04  8.16365869692234e-04  8.57368614868943e-04
  9.00428790345109e-04  9.45649482091570e-04  9.93138929478414e-04
  1.04301078200701e-03  1.09538436875754e-03  1.15038498119041e-03
  1.20814416993751e-03  1.26880005629470e-03  1.33249765911036e-03
  1.39938923784704e-03  1.46963465259202e-03  1.54340174185629e-03
  1.62086671902431e-03  1.70221458837544e-03  1.78763958161760e-03
  1.87734561595552e-03  1.97154677471670e-03  2.07046781166073e-03
  2.17434468010204e-03  2.28342508806915e-03  2.39796908074987e-03
  2.51824965156820e-03  2.64455338324660e-03  2.77718112035589e-03
  2.91644867481498e-03  3.06268756599530e-03  3.21624579704861e-03
  3.37748866924135e-03  3.54679963610453e-03  3.72458119933112e-03
  3.91125584840653e-03  4.10726704610379e-03  4.31308026199235e-03
  4.52918405633067e-03  4.75609121666140e-03  4.99433994971947e-03
  5.24449513120881e-03  5.50714961626063e-03  5.78292561342125e-03
  6.07247612521179e-03  6.37648645837850e-03  6.69567580718567e-03
  7.03079891311512e-03  7.38264780469661e-03  7.75205362108458e-03
  8.13988852347647e-03  8.54706769834979e-03  8.97455145691335e-03
  9.42334743520181e-03  9.89451289954907e-03  1.03891571622777e-02
  1.09084441128119e-02  1.14535948694071e-02  1.20258905572766e-02
  1.26266752186669e-02  1.32573588612225e-02  1.39194206507321e-02
  1.46144122550253e-02  1.53439613457957e-02  1.61097752656076e-02
  1.69136448674570e-02  1.77574485348462e-02  1.86431563902352e-02
  1.95728347006906e-02  2.05486504890775e-02  2.15728763604354e-02
  2.26478955526670e-02  2.37762072217517e-02  2.49604319716246e-02
  2.62033176395886e-02  2.75077453482279e-02  2.88767358357040e-02
  3.03134560760527e-02  3.18212262024887e-02  3.34035267461794e-02
  3.50640062043680e-02  3.68064889514887e-02  3.86349835080386e-02
  4.05536911817755e-02  4.25670150974439e-02  4.46795696301277e-02
  4.68961902600524e-02  4.92219438648289e-02  5.16621394679157e-02
  5.42223394609631e-02  5.69083713194111e-02  5.97263398305726e-02
  6.26826398547660e-02  6.57839696396098e-02  6.90373447098384e-02
  7.24501123531872e-02  7.60299667267336e-02  7.97849646049967e-02
  8.37235417952070e-02  8.78545302429585e-02  9.21871758539127e-02
  9.67311570565070e-02  1.01496604132442e-01  1.06494119340362e-01
  1.11734797861541e-01  1.17230249592527e-01  1.22992621815891e-01
  1.29034622773989e-01  1.35369546177275e-01  1.42011296673954e-01
  1.48974416311366e-01  1.56274112017299e-01  1.63926284131798e-01
  1.71947556016628e-01  1.80355304774605e-01  1.89167693103037e-01
  1.98403702315480e-01  2.08083166553649e-01  2.18226808221978e-01
  2.28856274667485e-01  2.39994176132691e-01  2.51664125003993e-01
  2.63890776380628e-01  2.76699869981616e-01  2.90118273415666e-01
  3.04174026822726e-01  3.18896388912267e-01  3.34315884399027e-01
  3.50464352854328e-01  3.67374998971260e-01  3.85082444249102e-01
  4.03622780090524e-01  4.23033622307821e-01  4.43354167017993e-01
  4.64625247917939e-01  4.86889394898868e-01  5.10190893986378e-01
  5.34575848545669e-01  5.60092241720360e-01  5.86790000034554e-01
  6.14721058097917e-01  6.43939424329122e-01  6.74501247615190e-01
  7.06464884791297e-01  7.39890968843710e-01  7.74842477676956e-01
  8.11384803333304e-01  8.49585821464202e-01  8.89515960903371e-01
  9.31248273117819e-01  9.74858501328924e-01  1.02042514904875e+00
  1.06802954777853e+00  1.11775592355407e+00  1.16969146205401e+00
  1.22392637187323e+00  1.28055394564816e+00  1.33967061855870e+00
  1.40137602382275e+00  1.46577304466537e+00  1.53296786227499e+00
  1.60306999917453e+00  1.67619235744141e+00  1.75245125110027e+00
  1.83196643207315e+00  1.91486110887121e+00  2.00126195737077e+00
  2.09129912273245e+00  2.18510621169461e+00  2.28282027424286e+00
  2.38458177372390e+00  2.49053454433492e+00  2.60082573494706e+00
  2.71560573804359e+00  2.83502810268312e+00  2.95924943006580e+00
  3.08842925058872e+00  3.22272988080420e+00  3.36231625903366e+00
  3.50735575802154e+00  3.65801797317902e+00  3.81447448475579e+00
  3.97689859240925e+00  4.14546502034438e+00  4.32034959152401e+00
  4.50172886892231e+00  4.68977976239098e+00  4.88467909900359e+00
  5.08660315539185e+00  5.29572715002439e+00  5.51222469391947e+00
  5.73626719767150e+00  5.96802323360336e+00  6.20765785078076e+00
  6.45533184191921e+00  6.71120096022929e+00  6.97541508519638e+00
  7.24811733576794e+00  7.52944313035302e+00  7.81951919210409e+00
  8.11846249984968e+00  8.42637918314741e+00  8.74336336259653e+00
  9.06949593471239e+00  9.40484330271273e+00  9.74945605386110e+00
  1.01033675852807e+01  1.04665926798123e+01  1.08391260352392e+01
  1.12209407491288e+01  1.16119867644581e+01  1.20121892791173e+01
  1.24214471261958e+01  1.28396311299134e+01  1.32665824453632e+01
  1.37021108889801e+01  1.41459932701849e+01  1.45979717321022e+01
  1.50577521152795e+01  1.55250023533269e+01  1.59993509171180e+01
  1.64803853193584e+01  1.69676506973299e+01  1.74606484893876e+01
  1.79588352246154e+01  1.84616214437556e+01  1.89683707737607e+01
  1.94783991755180e+01  1.99909743907885e+01  2.05053156078984e+01
  2.10205933765055e+01  2.15359297913661e+01  2.20503989764241e+01
  2.25630278921327e+01  2.30727974964895e+01  2.35786442827468e+01
  2.40794622267000e+01  2.45741051617770e+01  2.50613896171086e+01
  2.55400981332975e+01  2.60089830865101e+01  2.64667710355680e+01
  2.69121676150734e+01  2.73438629834221e+01  2.77605378458639e+01
  2.81608700479066e+01  2.85435417553558e+01  2.89072472044356e+01
  2.92507010241314e+01  2.95726471070297e+01  2.98718680125955e+01
  3.01471948640082e+01  3.03975177106699e+01  3.06217962934862e+01
  3.08190711716986e+01  3.09884751279441e+01  3.11292447857600e+01
  3.12407323424330e+01  3.13224173244116e+01  3.13739182475262e+01
  3.13950040716618e+01  3.13856053047663e+01  3.13458246325596e+01
  3.12759469043933e+01  3.11764483351144e+01  3.10480047427900e+01
  3.08914986611481e+01  3.07080251428836e+01  3.04988960864569e+01
  3.02656428938326e+01  3.00100173032630e+01  2.97339902049149e+01
  2.94397482976574e+01  2.91296884192123e+01  2.88064094245768e+01
  2.84727014839848e+01  2.81315327135987e+01  2.77860330512888e+01
  2.74394753523145e+01  2.70952536711011e+01  2.67568587727550e+01
  2.64278509200774e+01  2.61118300498027e+01  2.58124034771048e+01
  2.55331513302239e+01  2.52775899411339e+01  2.50491334992490e+01
  2.48510542813184e+01  2.46864418599108e+01  2.45581617074109e+01
  2.44688136676589e+01  2.44206908125560e+01  2.44157392203328e+01
  2.44555192597943e+01  2.45411689734954e+01  2.46733701803891e+01
  2.48523179177850e+01  2.50776938500257e+01  2.53486442530196e+01
  2.56637631705215e+01  2.60210812999320e+01  2.64180611281644e+01
  2.68515987815546e+01  2.73180329859249e+01  2.78131614634970e+01
  2.83322649961719e+01  2.88701392952436e+01  2.94211347080134e+01
  2.99792036708669e+01  3.05379557129255e+01  3.10907196619667e+01
  3.16306126061812e+01  3.21506150016474e+01  3.26436512126995e+01
  3.31026746244746e+01  3.35207563634200e+01  3.38911765226137e+01
  3.42075167266639e+01  3.44637527222652e+01  3.46543456713453e+01
  3.47743307039909e+01  3.48194012961386e+01  3.47859879904865e+01
  3.46713300032961e+01  3.44735382693236e+01  3.41916485671705e+01
  3.38256634019965e+01  3.33765814880502e+01  3.28464137617263e+01
  3.22381850583500e+01  3.15559207580255e+01  3.08046179339796e+01
  2.99902007699896e+01  2.91194602985289e+01  2.81999787554723e+01
  2.72400391938435e+01  2.62485212541199e+01  2.52347843386124e+01
  2.42085397189044e+01  2.31797134112187e+01  2.21583019314318e+01
  2.11542232876088e+01  2.01771657835557e+01  1.92364373737541e+01
  1.83408184169441e+01  1.74984207405476e+01  1.67165558774248e+01
  1.60016152904713e+01  1.53589651739641e+01  1.47928582307578e+01
  1.43063644688088e+01  1.39013227071228e+01  1.35783140401634e+01
  1.33366580474278e+01  1.31744320344905e+01  1.30885130903895e+01
  1.30746422397024e+01  1.31275094757760e+01  1.32408579920246e+01
  1.34076054891186e+01  1.36199800368421e+01  1.38696676204985e+01
  1.41479682100711e+01  1.44459569731281e+01  1.47546471123169e+01
  1.50651507636731e+01  1.53688344409907e+01  1.56574656640347e+01
  1.59233476586491e+01  1.61594393601721e+01  1.63594583777318e+01
  1.65179650699225e+01  1.66304264245902e+01  1.66932590073847e+01
  1.67038508209219e+01  1.66605624842721e+01  1.65627086688464e+01
  1.64105212104050e+01  1.62050957242901e+01  1.59483238879186e+01
  1.56428138010111e+01  1.52918009924325e+01  1.48990527163393e+01
  1.44687681649551e+01  1.40054771364773e+01  1.35139395418417e+01
  1.29990479189496e+01  1.24657348703460e+01  1.19188870529061e+01
  1.13632670429750e+01  1.08034440907875e+01  1.02437344678604e+01
  9.68815181773573e+00  9.14036764257317e+00  8.60368180962440e+00
  8.08100273824603e+00  7.57483674157016e+00  7.08728583984700e+00
  6.62005323905602e+00  6.17445558247049e+00  5.75144101972115e+00
  5.35161211208813e+00  4.97525258732593e+00  4.62235697863092e+00
  4.29266222295889e+00  3.98568035215574e+00  3.70073148265705e+00
  3.43697639286311e+00  3.19344806855996e+00  2.96908169264314e+00
  2.76274265365680e+00  2.57325224478162e+00  2.39941081933081e+00
  2.24001825758761e+00  2.09389168147086e+00  1.95988042717821e+00
  1.83687834859414e+00  1.72383357777350e+00  1.61975591129160e+00
  1.52372202216640e+00  1.43487871989551e+00  1.35244449223343e+00
  1.27570956710860e+00  1.20403472924862e+00  1.13684911693575e+00
  1.07364721022898e+00  1.01398520439854e+00  9.57476942424065e-01
  9.03789559278551e-01  8.52638968996472e-01  8.03785304641104e-01
  7.57028400772377e-01  7.12203389914200e-01  6.69176467129194e-01
  6.27840862784355e-01  5.88113050475745e-01  5.49929207039889e-01
  5.13241933264304e-01  4.78017237243653e-01  4.44231778113145e-01
  4.11870364247519e-01  3.80923698402867e-01  3.51386361057673e-01
  3.23255023087188e-01  2.96526878839857e-01  2.71198291388479e-01
  2.47263641977436e-01  2.24714376199382e-01  2.03538239552370e-01
  1.83718694999488e-01  1.65234514682741e-01  1.48059537295632e-01
  1.32162581494121e-01  1.17507504630749e-01  1.04053394509458e-01
  9.17548805842623e-02  8.05625493907245e-02  7.04234479320336e-02
  6.12816574651731e-02  5.30789195587405e-02  4.57552958828484e-02
  3.92498433303857e-02  3.35012866292112e-02  2.84486716708219e-02
  2.40319842663021e-02  2.01927209466890e-02  1.68744006402078e-02
  1.40230085321414e-02  1.15873660165393e-02  9.51942330244124e-03
  7.77447381668550e-03  6.31129197061519e-03  5.09219802697124e-03
  4.08305565970445e-03  3.25320928047319e-03  2.57536929099639e-03
  2.02545409370260e-03  1.58239797209778e-03  1.22793386345623e-03
  9.46359636439297e-04  7.24295811054515e-04  5.50441780850861e-04
  4.15336582204891e-04  3.11129167721233e-04  2.31362037632145e-04
  1.70771016518479e-04  1.25102973027232e-04  9.09523989726762e-05
  6.56170106130455e-05  4.69719193183609e-05  3.33614421849047e-05
  2.35072787927076e-05  1.64315570677778e-05  1.13931324628855e-05
  7.83549363186160e-06  5.34466560728882e-06  3.61559027119456e-06
  2.42558837780873e-06  1.61365201858173e-06  1.06447088712174e-06
  6.96249865445826e-07  4.51522766562852e-07  2.90303207458984e-07
  1.85035000087017e-07  1.16910845491172e-07  7.32182064015391e-08
  4.54470510999070e-08  2.79554443032452e-08  1.70390374479895e-08
  1.02890478908595e-08  6.15433288305838e-09  3.64562500509538e-09
  2.13821368802865e-09  1.24135262353101e-09  7.13168241598055e-10
  4.05298141054447e-10  2.27779852954180e-10  1.26537386790016e-10
  6.94565730377154e-11  3.76552465855629e-11  2.01538792791615e-11
  1.06439841147628e-11  5.54429349805577e-12  2.84683563011433e-12
  1.44020789182521e-12  7.17468381037615e-13  3.51770809617203e-13
  1.69651415571443e-13  8.04369602007083e-14  3.74725555506601e-14
  1.71428184406610e-14  7.69689433026009e-15  3.38972542151497e-15
  1.46345260319631e-15  6.19018145601922e-16  2.56380040395846e-16
  1.03911942049526e-16  4.11876194631217e-17  1.59575289288452e-17
  6.04209535996936e-18  2.23338912970629e-18  8.05430305005017e-19
  2.83218575030766e-19  9.70587663085547e-20  3.24124041543017e-20
  1.05586802539440e-20  3.34912805354942e-21  1.03190531554317e-21
  3.08611518595250e-22  8.95198229534940e-23  2.51665579343744e-23
  6.85141831791831e-24  1.80482571781642e-24
  2.48760274254441e-24  2.83795082597790e-24  3.23762551433679e-24
  3.69356899153118e-24  4.21370005483206e-24  4.80705142795164e-24
  5.48392636824174e-24  6.25607727693789e-24  7.13690940137783e-24
  8.14171315124962e-24  9.28792904509984e-24  1.05954498660654e-23
  1.20869652480645e-23  1.37883546453274e-23  1.57291354725511e-23
  1.79429741539554e-23  2.04682689036955e-23  2.33488142959407e-23
  2.66345590915687e-23  3.03824703942648e-23  3.46575190388854e-23
  3.95338032012133e-23  4.50958295957329e-23  5.14399743380223e-23
  5.86761486367214e-23  6.69296979999667e-23  7.63435676521219e-23
  8.70807714283228e-23  9.93272066229091e-23  1.13294863204318e-22
  1.29225482572533e-22  1.47394728742473e-22  1.68116943618227e-22
  1.91750568028317e-22  2.18704321591889e-22  2.49444247471985e-22
  2.84501742869014e-22  3.24482712960319e-22  3.70078005194050e-22
  4.22075302714911e-22  4.81372680612468e-22  5.48994057057502e-22
  6.26106803710494e-22  7.14041816592465e-22  8.14316390528426e-22
  9.28660288006708e-22  1.05904544766083e-21  1.20771983947471e-21
  1.37724604429450e-21  1.57054521547423e-21  1.79094717184455e-21
  2.04224747520057e-21  2.32877246391432e-21  2.65545334904888e-21
  3.02791063277818e-21  3.45255028352236e-21  3.93667330094986e-21
  4.48860053016417e-21  5.11781484176897e-21  5.83512308737849e-21
  6.65284057336620e-21  7.58500117480555e-21  8.64759664285810e-21
  9.85884914959632e-21  1.12395216723634e-20  1.28132714546737e-20
  1.46070525026968e-20  1.66515738975452e-20  1.89818216373626e-20
  2.16376527850378e-20  2.46644719045456e-20  2.81140011414793e-20
  3.20451568634496e-20  3.65250475495901e-20  4.16301096340225e-20
  4.74474002989536e-20  5.40760688162162e-20  6.16290309940108e-20
  7.02348746460607e-20  8.00400278183442e-20  9.12112258449999e-20
  1.03938318230769e-19  1.18437461951095e-19  1.34954754113306e-19
  1.53770364134479e-19  1.75203233780426e-19  1.99616422704714e-19
  2.27423187677637e-19  2.59093895668231e-19  2.95163884529857e-19
  3.36242400456143e-19  3.83022758863775e-19  4.36293895197140e-19
  4.96953494651317e-19  5.66022915325614e-19  6.44664148253508e-19
  7.34199090555148e-19  8.36131445140977e-19  9.52171602536474e-19
  1.08426490815360e-18  1.23462377244358e-18  1.40576414266585e-18
  1.60054692444076e-18  1.82222501988905e-18  2.07449673820291e-18
  2.36156643530095e-18  2.68821335333147e-18  3.05986975993638e-18
  3.48270963332748e-18  3.96374930456962e-18  4.51096165548996e-18
  5.13340568216477e-18  5.84137347310596e-18  6.64655692170000e-18
  7.56223679808569e-18  8.60349715110509e-18  9.78746840124958e-18
  1.11336029264482e-17  1.26639874405245e-17  1.44036970265170e-17
  1.63811963219121e-17  1.86287940695002e-17  2.11831580562592e-17
  2.40858983752019e-17  2.73842279743183e-17  3.11317106177410e-17
  3.53891076929387e-17  4.02253367734319e-17  4.57185565092919e-17
  5.19573942915210e-17  5.90423352471153e-17  6.70872934990541e-17
  7.62213893019629e-17  8.65909586780259e-17  9.83618255684217e-17
  1.11721870332243e-16  1.26883932716698e-16  1.44089092250554e-16
  1.63610374440250e-16  1.85756937250211e-16  2.10878799204593e-16
  2.39372178153449e-16  2.71685518397073e-16  3.08326293582281e-16
  3.49868683691639e-16  3.96962236692597e-16  4.50341639153123e-16
  5.10837735543401e-16  5.79389953232912e-16  6.57060309569659e-16
  7.45049199167152e-16  8.44713183859998e-16  9.57585035088665e-16
  1.08539630901823e-15  1.23010276892789e-15  1.39391300771548e-15
  1.57932066624988e-15  1.78914069127933e-15  2.02655013030951e-15
  2.29513402086896e-15  2.59893699876922e-15  2.94252132496217e-15
  3.33103211453165e-15  3.77027064504697e-15  4.26677672623925e-15
  4.82792122985984e-15  5.46201000923576e-15  6.17840058367086e-15
  6.98763312570259e-15  7.90157747058980e-15  8.93359807006505e-15
  1.00987390382137e-14  1.14139316892457e-14  1.28982272478506e-14
  1.45730577257077e-14  1.64625283070406e-14  1.85937449741714e-14
  2.09971815381611e-14  2.37070907209513e-14  2.67619644736926e-14
  3.02050493135514e-14  3.40849231277297e-14  3.84561406344376e-14
  4.33799555163534e-14  4.89251281593671e-14  5.51688289521337e-14
  6.21976482374956e-14  7.01087252722460e-14  7.90110099558850e-14
  8.90266726560806e-14  1.00292679192543e-13  1.12962549979694e-13
  1.27208324473012e-13  1.43222754456333e-13  1.61221752361285e-13
  1.81447123763443e-13  2.04169616477259e-13  2.29692322323316e-13
  2.58354471683337e-13  2.90535665472832e-13  3.26660594149742e-13
  3.67204298947948e-13  4.12698036691197e-13  4.63735816411867e-13
  5.20981683613008e-13  5.85177836501433e-13  6.57153667901981e-13
  7.37835837058269e-13  8.28259487107432e-13  9.29580736957306e-13
  1.04309059062680e-12  1.17023042305746e-12  1.31260921913450e-12
  1.47202276232026e-12  1.65047499126236e-12  1.85020176695455e-12
  2.07369732024929e-12  2.32374367941876e-12  2.60344341106902e-12
  2.91625604481155e-12  3.26603859353324e-12  3.65709062708748e-12
  4.09420440853939e-12  4.58272065896965e-12  5.12859058043648e-12
  5.73844483719984e-12  6.41967027410784e-12  7.18049523840548e-12
  8.03008446932266e-12  8.97864462771847e-12  1.00375416603972e-11
  1.12194313276832e-11  1.25384043745465e-11  1.40101479931253e-11
  1.56521254123890e-11  1.74837756600512e-11  1.95267357758294e-11
  2.18050880162596e-11  2.43456348836550e-11  2.71782051371314e-11
  3.03359943108148e-11  3.38559436689983e-11  3.77791619899278e-11
  4.21513950764171e-11  4.70235484689758e-11  5.24522694768499e-11
  5.85005953636614e-11  6.52386753318795e-11  7.27445748568982e-11
  8.11051719394406e-11  9.04171559881105e-11  1.00788141329119e-10
  1.12337908784583e-10  1.25199790387066e-10  1.39522214125490e-10
  1.55470427682203e-10  1.73228422434714e-10  1.93001081623609e-10
  2.15016579527337e-10  2.39529061827440e-10  2.66821641101493e-10
  2.97209745632835e-10  3.31044864530642e-10  3.68718737584722e-10
  4.10668044421964e-10  4.57379654501597e-10  5.09396507346756e-10
  5.67324201369748e-10  6.31838379744605e-10  7.03693013294700e-10
  7.83729693385356e-10  8.72888062617955e-10  9.72217527946504e-10
  1.08289041994497e-09  1.20621678368239e-09  1.34366101140405e-09
  1.49686055531846e-09  1.66764699085143e-09  1.85806973718562e-09
  2.07042278348869e-09  2.30727481653960e-09  2.57150319961713e-09
  2.86633231391206e-09  3.19537684422489e-09  3.56269067076559e-09
  3.97282212051225e-09  4.43087643622583e-09  4.94258644037872e-09
  5.51439250837845e-09  6.15353312025315e-09  6.86814743977213e-09
  7.66739157214487e-09  8.56157038564721e-09  9.56228704830790e-09
  1.06826127361013e-08  1.19372793163406e-08  1.33428982116526e-08
  1.49182091019506e-08  1.66843626484714e-08  1.86652420180492e-08
  2.08878286704455e-08  2.33826186550639e-08  2.61840965565125e-08
  2.93312752555135e-08  3.28683108388521e-08  3.68452033458709e-08
  4.13185955521037e-08  4.63526837761731e-08  5.20202566745185e-08
  5.84038803134521e-08  6.55972504160394e-08  7.37067357081187e-08
  8.28531396978833e-08  9.31737121934077e-08  1.04824446299121e-07
  1.17982701843160e-07  1.32850201958523e-07  1.49656456339807e-07
  1.68662672274247e-07  1.90166223322906e-07  2.14505755485566e-07
  2.42067022095060e-07  2.73289551582402e-07  3.08674267218279e-07
  3.48792194599982e-07  3.94294412103657e-07  4.45923421263168e-07
  5.04526139079510e-07  5.71068742610780e-07  6.46653628511830e-07
  7.32538787069651e-07  8.30159931530753e-07  9.41155771988128e-07
  1.06739687560382e-06  1.21101861735200e-06  1.37445879418588e-06
  1.56050055407107e-06  1.77232138088822e-06  2.01354897703723e-06
  2.28832499900483e-06  2.60137773165915e-06  2.95810493170762e-06
  3.36466823601768e-06  3.82810071710256e-06  4.35642937657856e-06
  4.95881460489252e-06  5.64570890090468e-06  6.42903744511070e-06
  7.32240345489951e-06  8.34132163152562e-06  9.50348342653050e-06
  1.08290583381630e-05  1.23410359709133e-05  1.40656141969094e-05
  1.60326394072679e-05  1.82761056061202e-05  2.08347198957710e-05
  2.37525428541138e-05  2.70797133033919e-05  3.08732681180615e-05
  3.51980689739642e-05  4.01278493480902e-05  4.57463965832614e-05
  5.21488856020720e-05  5.94433826378316e-05  6.77525395048144e-05
  7.72155011302236e-05  8.79900515694497e-05  1.00255026468675e-04
  1.14213022836491e-04  1.30093440310664e-04  1.48155891449941e-04
  1.68694022621519e-04  1.92039790809404e-04  2.18568246494619e-04
  2.48702877106630e-04  2.82921570905554e-04  3.21763266448918e-04
  3.65835358518576e-04  4.15821937591775e-04  4.72492946143162e-04
  5.36714341928033e-04  6.09459365511353e-04  6.91821015774726e-04
  7.85025845913591e-04  8.90449198198740e-04  1.00963200505797e-03
  1.14429929014667e-03  1.29638051144188e-03  1.46803189483534e-03
  1.66166091322636e-03  1.87995307315576e-03  2.12590117386420e-03
  2.40283721050077e-03  2.71446709294981e-03  3.06490835514971e-03
  3.45873102526847e-03  3.90100182967356e-03  4.39733188628700e-03
  4.95392804855751e-03  5.57764803008586e-03  6.27605943806630e-03
  7.05750280991623e-03  7.93115872427331e-03  8.90711902297405e-03
  9.99646213956523e-03  1.12113324805577e-02  1.25650237546277e-02
  1.40720660749597e-02  1.57483165934424e-02  1.76110533387967e-02
  1.96790718438301e-02  2.19727840349520e-02  2.45143187662048e-02
  2.73276232186720e-02  3.04385643042282e-02  3.38750290089160e-02
  3.76670225090673e-02  4.18467626770101e-02  4.64487694796714e-02
  5.15099474887305e-02  5.70696596765928e-02  6.31697902993179e-02
  6.98547946258972e-02  7.71717329666347e-02  8.51702862880338e-02
  9.39027505324444e-02  1.03424006512005e-01  1.13791462185502e-01
  1.25064963823466e-01  1.37306672658475e-01  1.50580903322989e-01
  1.64953920515905e-01  1.80493690283489e-01  1.97269582355284e-01
  2.15352020283043e-01  2.34812076157405e-01  2.55721007343257e-01
  2.78149732746148e-01  3.02168247153748e-01  3.27844972463550e-01
  3.55246045856485e-01  3.84434545625483e-01  4.15469656785066e-01
  4.48405779450629e-01  4.83291584913849e-01  5.20169024939115e-01
  5.59072302330783e-01  6.00026811283097e-01  6.43048058423381e-01
  6.88140576260075e-01  7.35296842359321e-01  7.84496218622489e-01
  8.35703925966481e-01  8.88870070317073e-01  9.43928736576722e-01
  1.00079716717880e+00  1.05937504243114e+00  1.11954387987930e+00
  1.18116657039350e+00  1.24408706944615e+00  1.30813026284402e+00
  1.37310202759324e+00  1.43878950961548e+00  1.50496164100738e+00
  1.57136991934212e+00  1.63774947010759e+00  1.70382040983423e+00
  1.76928952190093e+00  1.83385224949555e+00  1.89719500055007e+00
  1.95899774930314e+00  2.01893690778818e+00  2.07668843012379e+00
  2.13193110194173e+00  2.18434995955423e+00  2.23363977513277e+00
  2.27950854081074e+00  2.32168088039489e+00  2.35990131789028e+00
  2.39393733386265e+00  2.42358214422452e+00  2.44865714333306e+00
  2.46901396059363e+00  2.48453609013904e+00  2.49514006385099e+00
  2.50077614977334e+00  2.50142857004029e+00  2.49711524438220e+00
  2.48788707655118e+00  2.47382681142886e+00  2.45504750000397e+00
  2.43169061625120e+00  2.40392387631643e+00  2.37193881450332e+00
  2.33594817162268e+00  2.29618315308664e+00  2.25289061114339e+00
  2.20633020404305e+00  2.15677158007276e+00  2.10449162968702e+00
  2.04977184310535e+00  1.99289580462565e+00  1.93414684856802e+00
  1.87380589566382e+00  1.81214948267062e+00  1.74944799269778e+00
  1.68596408870857e+00  1.62195134884956e+00  1.55765309815405e+00
  1.49330142925020e+00  1.42911640175937e+00  1.36530540937908e+00
  1.30206270218308e+00  1.23956905163137e+00  1.17799154548199e+00
  1.11748350020864e+00  1.05818447884810e+00  1.00022040289591e+00
  9.43703747410415e-01  8.88733809319758e-01  8.35397039475453e-01
  7.83767429850371e-01  7.33906947801649e-01  6.85866010086142e-01
  6.39683990054867e-01  5.95389751384301e-01  5.53002203703854e-01
  5.12530874105296e-01  4.73976490538422e-01  4.37331572864978e-01
  4.02581027254740e-01  3.69702740981205e-01  3.38668173636582e-01
  3.09442942022997e-01  2.81987395588410e-01  2.56257179716580e-01
  2.32203784447944e-01  2.09775076359582e-01  1.88915811744846e-01
  1.69568129435249e-01  1.51672022023568e-01  1.35165784402337e-01
  1.19986439019623e-01  1.06070137232028e-01  9.33525367238393e-02
  8.17691547618218e-02  7.12556975963107e-02  6.17483661603020e-02
  5.31841384958123e-02  4.55010293517496e-02  3.86383274261808e-02
  3.25368108140248e-02  2.71389411646480e-02  2.23890370823009e-02
  1.82334273366870e-02  1.46205842225044e-02  1.15012376632667e-02
  8.82847038424740e-03  6.55779456794347e-03  4.64721033431314e-03
  3.05724640927605e-03  1.75098333132044e-03  6.94059569346882e-04
 -1.45338993606980e-04 -7.96505754775963e-04 -1.28625562381025e-03
 -1.63898214480735e-03 -1.87672860424113e-03 -2.01927224166029e-03
 -2.08422035165184e-03 -2.08711703804926e-03 -2.04155918600371e-03
 -1.95932009665239e-03 -1.85047911558878e-03 -1.72355551014857e-03
 -1.58564479967456e-03 -1.44255573819538e-03 -1.29894618156868e-03
 -1.15845614763081e-03 -1.02383649560894e-03 -8.97071804959647e-04
 -7.79496221872278e-04 -6.71901254491650e-04 -5.74634728740408e-04
 -4.87690357156237e-04 -4.10787613774102e-04 -3.43441840996952e-04
 -2.85024731131586e-04 -2.34815519663722e-04 -1.92043393552535e-04
 -1.55921752638974e-04 -1.25675063260954e-04 -1.00559110398955e-04
 -7.98754891156630e-05 -6.29811805078462e-05 -4.92940353683971e-05
 -3.82949448015043e-05 -2.95274158935187e-05 -2.25951972508551e-05
 -1.71585184831802e-05 -1.29294239608270e-05 -9.66659819529034e-06
 -7.17000100566392e-06 -5.27555778801355e-06 -3.85008505135205e-06
 -2.78657514883349e-06 -1.99991698958659e-06 -1.42309124308740e-06
 -1.00384894002342e-06 -7.01860083416679e-07 -4.86303509823154e-07
 -3.33859262876338e-07 -2.27059367604318e-07 -1.52951052465912e-07
 -1.02027178807870e-07 -6.73812669744281e-08 -4.40481819276770e-08
 -2.84960169516494e-08 -1.82391839123646e-08 -1.15474429786728e-08
 -7.22960948116232e-09 -4.47485591937012e-09 -2.73752619880263e-09
 -1.65475669438764e-09 -9.88031130554975e-10 -5.82577168658246e-10
 -3.39093901590599e-10 -1.94786671604375e-10 -1.10381848609096e-10
 -6.16871602372484e-11 -3.39871779465056e-11 -1.84545878402375e-11
 -9.87188961160083e-12 -5.20039440713389e-12 -2.69675305277815e-12
 -1.37606595518184e-12 -6.90637428027632e-13 -3.40791382707629e-13
 -1.65258848510413e-13 -7.87197291501955e-14 -3.68167340971711e-14
 -1.68983636186191e-14 -7.60801470081951e-15 -3.35822432201507e-15
 -1.45257594887733e-15 -6.15362034940140e-16 -2.55184403718941e-16
 -1.03532105224361e-16 -4.10703988286438e-17 -1.59224132474946e-17
 -6.03189158359132e-18 -2.23051538600234e-18 -8.04646481367383e-19
 -2.83011694733148e-19 -9.70059718128481e-20 -3.23993887994682e-20
 -1.05555832557722e-20 -3.34841740718958e-21 -1.03174820910718e-21
 -3.08578087365691e-22 -8.95129821304917e-23 -2.51652132169041e-23
 -6.85116464238578e-24 -1.80477984050872e-24
 (i6, f12.0, f18.0, f8.3, i6)
   665  60.0000000  0.02500000000000  26.000     2
 (3e22.14)
  2.89367842428521e-06  3.03926416341748e-06  3.19217416628354e-06
  3.35277687848344e-06  3.52145927786660e-06  3.69862780649627e-06
  3.88470934946756e-06  4.08015226293345e-06  4.28542745381153e-06
  4.50102951376806e-06  4.72747791020820e-06  4.96531823713256e-06
  5.21512352887446e-06  5.47749563986777e-06  5.75306669377661e-06
  6.04250060544967e-06  6.34649467939119e-06  6.66578128853998e-06
  7.00112963747166e-06  7.35334761414569e-06  7.72328373479453e-06
  8.11182918647646e-06  8.51991997233088e-06  8.94853916459905e-06
  9.39871927087976e-06  9.87154471926338e-06  1.03681544683683e-05
  1.08897447484644e-05  1.14375719403889e-05  1.20129555990215e-05
  1.26172816287267e-05  1.32520056182669e-05  1.39186563432849e-05
  1.46188394446772e-05  1.53542412918116e-05  1.61266330396678e-05
  1.69378748899152e-05  1.77899205658156e-05  1.86848220120296e-05
  1.96247343303171e-05  2.06119209631697e-05  2.16487591376885e-05
  2.27377455828524e-05  2.38815025337727e-05  2.50827840375071e-05
  2.63444825752814e-05  2.76696360173776e-05  2.90614349268731e-05
  3.05232302302389e-05  3.20585412727386e-05  3.36710642782369e-05
  3.53646812334886e-05  3.71434692183272e-05  3.90117102039082e-05
  4.09739013427574e-05  4.30347657748026e-05  4.51992639759006e-05
  4.74726056751944e-05  4.98602623706660e-05  5.23679804720816e-05
  5.50017951032862e-05  5.77680445965174e-05  6.06733857136336e-05
  6.37248096303146e-05  6.69296587219224e-05  7.02956441903577e-05
  7.38308645751097e-05  7.75438251913121e-05  8.14434585426523e-05
  8.55391457566040e-05  8.98407390940114e-05  9.43585855861684e-05
  9.91035518561691e-05  1.04087050183171e-04  1.09321065872525e-04
  1.14818185995701e-04  1.20591629570317e-04  1.26655279249799e-04
  1.33023714600554e-04  1.39712247043729e-04  1.46736956546192e-04
  1.54114730147044e-04  1.61863302411966e-04  1.70001297910601e-04
  1.78548275819338e-04  1.87524776753339e-04  1.96952371941489e-04
  2.06853714858437e-04  2.17252595438263e-04  2.28173996996761e-04
  2.39644155998678e-04  2.51690624809431e-04  2.64342337583162e-04
  2.77629679438333e-04  2.91584559090291e-04  3.06240485106687e-04
  3.21632645970826e-04  3.37797994138703e-04  3.54775334290198e-04
  3.72605415981151e-04  3.91331030916763e-04  4.10997115072547e-04
  4.31650855908018e-04  4.53341804918860e-04  4.76121995800739e-04
  5.00046068493854e-04  5.25171399407234e-04  5.51558238123183e-04
  5.79269850906027e-04  6.08372671349142e-04  6.38936458516543e-04
  6.71034462944228e-04  7.04743600897530e-04  7.40144637280585e-04
  7.77322377639457e-04  8.16365869692234e-04  8.57368614868943e-04
  9.00428790345109e-04  9.45649482091570e-04  9.93138929478414e-04
  1.04301078200701e-03  1.09538436875754e-03  1.15038498119041e-03
  1.20814416993751e-03  1.26880005629470e-03  1.33249765911036e-03
  1.39938923784704e-03  1.46963465259202e-03  1.54340174185629e-03
  1.62086671902431e-03  1.70221458837544e-03  1.78763958161760e-03
  1.87734561595552e-03  1.97154677471670e-03  2.07046781166073e-03
  2.17434468010204e-03  2.28342508806915e-03  2.39796908074987e-03
  2.51824965156820e-03  2.64455338324660e-03  2.77718112035589e-03
  2.91644867481498e-03  3.06268756599530e-03  3.21624579704861e-03
  3.37748866924135e-03  3.54679963610453e-03  3.72458119933112e-03
  3.91125584840653e-03  4.10726704610379e-03  4.31308026199235e-03
  4.52918405633067e-03  4.75609121666140e-03  4.99433994971947e-03
  5.24449513120881e-03  5.50714961626063e-03  5.78292561342125e-03
  6.07247612521179e-03  6.37648645837850e-03  6.69567580718567e-03
  7.03079891311512e-03  7.38264780469661e-03  7.75205362108458e-03
  8.13988852347647e-03  8.54706769834979e-03  8.97455145691335e-03
  9.42334743520181e-03  9.89451289954907e-03  1.03891571622777e-02
  1.09084441128119e-02  1.14535948694071e-02  1.20258905572766e-02
  1.26266752186669e-02  1.32573588612225e-02  1.39194206507321e-02
  1.46144122550253e-02  1.53439613457957e-02  1.61097752656076e-02
  1.69136448674570e-02  1.77574485348462e-02  1.86431563902352e-02
  1.95728347006906e-02  2.05486504890775e-02  2.15728763604354e-02
  2.26478955526670e-02  2.37762072217517e-02  2.49604319716246e-02
  2.62033176395886e-02  2.75077453482279e-02  2.88767358357040e-02
  3.03134560760527e-02  3.18212262024887e-02  3.34035267461794e-02
  3.50640062043680e-02  3.68064889514887e-02  3.86349835080386e-02
  4.05536911817755e-02  4.25670150974439e-02  4.46795696301277e-02
  4.68961902600524e-02  4.92219438648289e-02  5.16621394679157e-02
  5.42223394609631e-02  5.69083713194111e-02  5.97263398305726e-02
  6.26826398547660e-02  6.57839696396098e-02  6.90373447098384e-02
  7.24501123531872e-02  7.60299667267336e-02  7.97849646049967e-02
  8.37235417952070e-02  8.78545302429585e-02  9.21871758539127e-02
  9.67311570565070e-02  1.01496604132442e-01  1.06494119340362e-01
  1.11734797861541e-01  1.17230249592527e-01  1.22992621815891e-01
  1.29034622773989e-01  1.35369546177275e-01  1.42011296673954e-01
  1.48974416311366e-01  1.56274112017299e-01  1.63926284131798e-01
  1.71947556016628e-01  1.80355304774605e-01  1.89167693103037e-01
  1.98403702315480e-01  2.08083166553649e-01  2.18226808221978e-01
  2.28856274667485e-01  2.39994176132691e-01  2.51664125003993e-01
  2.63890776380628e-01  2.76699869981616e-01  2.90118273415666e-01
  3.04174026822726e-01  3.18896388912267e-01  3.34315884399027e-01
  3.50464352854328e-01  3.67374998971260e-01  3.85082444249102e-01
  4.03622780090524e-01  4.23033622307821e-01  4.43354167017993e-01
  4.64625247917939e-01  4.86889394898868e-01  5.10190893986378e-01
  5.34575848545669e-01  5.60092241720360e-01  5.86790000034554e-01
  6.14721058097917e-01  6.43939424329122e-01  6.74501247615190e-01
  7.06464884791297e-01  7.39890968843710e-01  7.74842477676956e-01
  8.11384803333304e-01  8.49585821464202e-01  8.89515960903371e-01
  9.31248273117819e-01  9.74858501328924e-01  1.02042514904875e+00
  1.06802954777853e+00  1.11775592355407e+00  1.16969146205401e+00
  1.22392637187323e+00  1.28055394564816e+00  1.33967061855870e+00
  1.40137602382275e+00  1.46577304466537e+00  1.53296786227499e+00
  1.60306999917453e+00  1.67619235744141e+00  1.75245125110027e+00
  1.83196643207315e+00  1.91486110887121e+00  2.00126195737077e+00
  2.09129912273245e+00  2.18510621169461e+00  2.28282027424286e+00
  2.38458177372390e+00  2.49053454433492e+00  2.60082573494706e+00
  2.71560573804359e+00  2.83502810268312e+00  2.95924943006580e+00
  3.08842925058872e+00  3.22272988080420e+00  3.36231625903366e+00
  3.50735575802154e+00  3.65801797317902e+00  3.81447448475579e+00
  3.97689859240925e+00  4.14546502034438e+00  4.32034959152401e+00
  4.50172886892231e+00  4.68977976239098e+00  4.88467909900359e+00
  5.08660315539185e+00  5.29572715002439e+00  5.51222469391947e+00
  5.73626719767150e+00  5.96802323360336e+00  6.20765785078076e+00
  6.45533184191921e+00  6.71120096022929e+00  6.97541508519638e+00
  7.24811733576794e+00  7.52944313035302e+00  7.81951919210409e+00
  8.11846249984968e+00  8.42637918314741e+00  8.74336336259653e+00
  9.06949593471239e+00  9.40484330271273e+00  9.74945605386110e+00
  1.01033675852807e+01  1.04665926798123e+01  1.08391260352392e+01
  1.12209407491288e+01  1.16119867644581e+01  1.20121892791173e+01
  1.24214471261958e+01  1.28396311299134e+01  1.32665824453632e+01
  1.37021108889801e+01  1.41459932701849e+01  1.45979717321022e+01
  1.50577521152795e+01  1.55250023533269e+01  1.59993509171180e+01
  1.64803853193584e+01  1.69676506973299e+01  1.74606484893876e+01
  1.79588352246154e+01  1.84616214437556e+01  1.89683707737607e+01
  1.94783991755180e+01  1.99909743907885e+01  2.05053156078984e+01
  2.10205933765055e+01  2.15359297913661e+01  2.20503989764241e+01
  2.25630278921327e+01  2.30727974964895e+01  2.35786442827468e+01
  2.40794622267000e+01  2.45741051617770e+01  2.50613896171086e+01
  2.55400981332975e+01  2.60089830865101e+01  2.64667710355680e+01
  2.69121676150734e+01  2.73438629834221e+01  2.77605378458639e+01
  2.81608700479066e+01  2.85435417553558e+01  2.89072472044356e+01
  2.92507010241314e+01  2.95726471070297e+01  2.98718680125955e+01
  3.01471948640082e+01  3.03975177106699e+01  3.06217962934862e+01
  3.08190711716986e+01  3.09884751279441e+01  3.11292447857600e+01
  3.12407323424330e+01  3.13224173244116e+01  3.13739182475262e+01
  3.13950040716618e+01  3.13856053047663e+01  3.13458246325596e+01
  3.12759469043933e+01  3.11764483351144e+01  3.10480047427900e+01
  3.08914986611481e+01  3.07080251428836e+01  3.04988960864569e+01
  3.02656428938326e+01  3.00100173032630e+01  2.97339902049149e+01
  2.94397482976574e+01  2.91296884192123e+01  2.88064094245768e+01
  2.84727014839848e+01  2.81315327135987e+01  2.77860330512888e+01
  2.74394753523145e+01  2.70952536711011e+01  2.67568587727550e+01
  2.64278509200774e+01  2.61118300498027e+01  2.58124034771048e+01
  2.55331513302239e+01  2.52775899411339e+01  2.50491334992490e+01
  2.48510542813184e+01  2.46864418599108e+01  2.45581617074109e+01
  2.44688136676589e+01  2.44206908125560e+01  2.44157392203328e+01
  2.44555192597943e+01  2.45411689734954e+01  2.46733701803891e+01
  2.48523179177850e+01  2.50776938500257e+01  2.53486442530196e+01
  2.56637631705215e+01  2.60210812999320e+01  2.64180611281644e+01
  2.68515987815546e+01  2.73180329859249e+01  2.78131614634970e+01
  2.83322649961719e+01  2.88701392952436e+01  2.94211347080134e+01
  2.99792036708669e+01  3.05379557129255e+01  3.10907196619667e+01
  3.16306126061812e+01  3.21506150016474e+01  3.26436512126995e+01
  3.31026746244746e+01  3.35207563634200e+01  3.38911765226137e+01
  3.42075167266639e+01  3.44637527222652e+01  3.46543456713453e+01
  3.47743307039909e+01  3.48194012961386e+01  3.47859879904865e+01
  3.46713300032961e+01  3.44735382693236e+01  3.41916485671705e+01
  3.38256634019965e+01  3.33765814880502e+01  3.28464137617263e+01
  3.22381850583500e+01  3.15559207580255e+01  3.08046179339796e+01
  2.99902007699896e+01  2.91194602985289e+01  2.81999787554723e+01
  2.72400391938435e+01  2.62485212541199e+01  2.52347843386124e+01
  2.42085397189044e+01  2.31797134112187e+01  2.21583019314318e+01
  2.11542232876088e+01  2.01771657835557e+01  1.92364373737541e+01
  1.83408184169441e+01  1.74984207405476e+01  1.67165558774248e+01
  1.60016152904713e+01  1.53589651739641e+01  1.47928582307578e+01
  1.43063644688088e+01  1.39013227071228e+01  1.35783140401634e+01
  1.33366580474278e+01  1.31744320344905e+01  1.30885130903895e+01
  1.30746422397024e+01  1.31275094757760e+01  1.32408579920246e+01
  1.34076054891186e+01  1.36199800368421e+01  1.38696676204985e+01
  1.41479682100711e+01  1.44459569731281e+01  1.47546471123169e+01
  1.50651507636731e+01  1.53688344409907e+01  1.56574656640347e+01
  1.59233476586491e+01  1.61594393601721e+01  1.63594583777318e+01
  1.65179650699225e+01  1.66304264245902e+01  1.66932590073847e+01
  1.67038508209219e+01  1.66605624842721e+01  1.65627086688464e+01
  1.64105212104050e+01  1.62050957242901e+01  1.59483238879186e+01
  1.56428138010111e+01  1.52918009924325e+01  1.48990527163393e+01
  1.44687681649551e+01  1.40054771364773e+01  1.35139395418417e+01
  1.29990479189496e+01  1.24657348703460e+01  1.19188870529061e+01
  1.13632670429750e+01  1.08034440907875e+01  1.02437344678604e+01
  9.68815181773573e+00  9.14036764257317e+00  8.60368180962440e+00
  8.08100273824603e+00  7.57483674157016e+00  7.08728583984700e+00
  6.62005323905602e+00  6.17445558247049e+00  5.75144101972115e+00
  5.35161211208813e+00  4.97525258732593e+00  4.62235697863092e+00
  4.29266222295889e+00  3.98568035215574e+00  3.70073148265705e+00
  3.43697639286311e+00  3.19344806855996e+00  2.96908169264314e+00
  2.76274265365680e+00  2.57325224478162e+00  2.39941081933081e+00
  2.24001825758761e+00  2.09389168147086e+00  1.95988042717821e+00
  1.83687834859414e+00  1.72383357777350e+00  1.61975591129160e+00
  1.52372202216640e+00  1.43487871989551e+00  1.35244449223343e+00
  1.27570956710860e+00  1.20403472924862e+00  1.13684911693575e+00
  1.07364721022898e+00  1.01398520439854e+00  9.57476942424065e-01
  9.03789559278551e-01  8.52638968996472e-01  8.03785304641104e-01
  7.57028400772377e-01  7.12203389914200e-01  6.69176467129194e-01
  6.27840862784355e-01  5.88113050475745e-01  5.49929207039889e-01
  5.13241933264304e-01  4.78017237243653e-01  4.44231778113145e-01
  4.11870364247519e-01  3.80923698402867e-01  3.51386361057673e-01
  3.23255023087188e-01  2.96526878839857e-01  2.71198291388479e-01
  2.47263641977436e-01  2.24714376199382e-01  2.03538239552370e-01
  1.83718694999488e-01  1.65234514682741e-01  1.48059537295632e-01
  1.32162581494121e-01  1.17507504630749e-01  1.04053394509458e-01
  9.17548805842623e-02  8.05625493907245e-02  7.04234479320336e-02
  6.12816574651731e-02  5.30789195587405e-02  4.57552958828484e-02
  3.92498433303857e-02  3.35012866292112e-02  2.84486716708219e-02
  2.40319842663021e-02  2.01927209466890e-02  1.68744006402078e-02
  1.40230085321414e-02  1.15873660165393e-02  9.51942330244124e-03
  7.77447381668550e-03  6.31129197061519e-03  5.09219802697124e-03
  4.08305565970445e-03  3.25320928047319e-03  2.57536929099639e-03
  2.02545409370260e-03  1.58239797209778e-03  1.22793386345623e-03
  9.46359636439297e-04  7.24295811054515e-04  5.50441780850861e-04
  4.15336582204891e-04  3.11129167721233e-04  2.31362037632145e-04
  1.70771016518479e-04  1.25102973027232e-04  9.09523989726762e-05
  6.56170106130455e-05  4.69719193183609e-05  3.33614421849047e-05
  2.35072787927076e-05  1.64315570677778e-05  1.13931324628855e-05
  7.83549363186160e-06  5.34466560728882e-06  3.61559027119456e-06
  2.42558837780873e-06  1.61365201858173e-06  1.06447088712174e-06
  6.96249865445826e-07  4.51522766562852e-07  2.90303207458984e-07
  1.85035000087017e-07  1.16910845491172e-07  7.32182064015391e-08
  4.54470510999070e-08  2.79554443032452e-08  1.70390374479895e-08
  1.02890478908595e-08  6.15433288305838e-09  3.64562500509538e-09
  2.13821368802865e-09  1.24135262353101e-09  7.13168241598055e-10
  4.05298141054447e-10  2.27779852954180e-10  1.26537386790016e-10
  6.94565730377154e-11  3.76552465855629e-11  2.01538792791615e-11
  1.06439841147628e-11  5.54429349805577e-12  2.84683563011433e-12
  1.44020789182521e-12  7.17468381037615e-13  3.51770809617203e-13
  1.69651415571443e-13  8.04369602007083e-14  3.74725555506601e-14
  1.71428184406610e-14  7.69689433026009e-15  3.38972542151497e-15
  1.46345260319631e-15  6.19018145601922e-16  2.56380040395846e-16
  1.03911942049526e-16  4.11876194631217e-17  1.59575289288452e-17
  6.04209535996936e-18  2.23338912970629e-18  8.05430305005017e-19
  2.83218575030766e-19  9.70587663085547e-20  3.24124041543017e-20
  1.05586802539440e-20  3.34912805354942e-21  1.03190531554317e-21
  3.08611518595250e-22  8.95198229534940e-23  2.51665579343744e-23
  6.85141831791831e-24  1.80482571781642e-24
  2.48760274254441e-24  2.83795082597790e-24  3.23762551433679e-24
  3.69356899153118e-24  4.21370005483206e-24  4.80705142795164e-24
  5.48392636824174e-24  6.25607727693789e-24  7.13690940137783e-24
  8.14171315124962e-24  9.28792904509984e-24  1.05954498660654e-23
  1.20869652480645e-23  1.37883546453274e-23  1.57291354725511e-23
  1.79429741539554e-23  2.04682689036955e-23  2.33488142959407e-23
  2.66345590915687e-23  3.03824703942648e-23  3.46575190388854e-23
  3.95338032012133e-23  4.50958295957329e-23  5.14399743380223e-23
  5.86761486367214e-23  6.69296979999667e-23  7.63435676521219e-23
  8.70807714283228e-23  9.93272066229091e-23  1.13294863204318e-22
  1.29225482572533e-22  1.47394728742473e-22  1.68116943618227e-22
  1.91750568028317e-22  2.18704321591889e-22  2.49444247471985e-22
  2.84501742869014e-22  3.24482712960319e-22  3.70078005194050e-22
  4.22075302714911e-22  4.81372680612468e-22  5.48994057057502e-22
  6.26106803710494e-22  7.14041816592465e-22  8.14316390528426e-22
  9.28660288006708e-22  1.05904544766083e-21  1.20771983947471e-21
  1.37724604429450e-21  1.57054521547423e-21  1.79094717184455e-21
  2.04224747520057e-21  2.32877246391432e-21  2.65545334904888e-21
  3.02791063277818e-21  3.45255028352236e-21  3.93667330094986e-21
  4.48860053016417e-21  5.11781484176897e-21  5.83512308737849e-21
  6.65284057336620e-21  7.58500117480555e-21  8.64759664285810e-21
  9.85884914959632e-21  1.12395216723634e-20  1.28132714546737e-20
  1.46070525026968e-20  1.66515738975452e-20  1.89818216373626e-20
  2.16376527850378e-20  2.46644719045456e-20  2.81140011414793e-20
  3.20451568634496e-20  3.65250475495901e-20  4.16301096340225e-20
  4.74474002989536e-20  5.40760688162162e-20  6.16290309940108e-20
  7.02348746460607e-20  8.00400278183442e-20  9.12112258449999e-20
  1.03938318230769e-19  1.18437461951095e-19  1.34954754113306e-19
  1.53770364134479e-19  1.75203233780426e-19  1.99616422704714e-19
  2.27423187677637e-19  2.59093895668231e-19  2.95163884529857e-19
  3.36242400456143e-19  3.83022758863775e-19  4.36293895197140e-19
  4.96953494651317e-19  5.66022915325614e-19  6.44664148253508e-19
  7.34199090555148e-19  8.36131445140977e-19  9.52171602536474e-19
  1.08426490815360e-18  1.23462377244358e-18  1.40576414266585e-18
  1.60054692444076e-18  1.82222501988905e-18  2.07449673820291e-18
  2.36156643530095e-18  2.68821335333147e-18  3.05986975993638e-18
  3.48270963332748e-18  3.96374930456962e-18  4.51096165548996e-18
  5.13340568216477e-18  5.84137347310596e-18  6.64655692170000e-18
  7.56223679808569e-18  8.60349715110509e-18  9.78746840124958e-18
  1.11336029264482e-17  1.26639874405245e-17  1.44036970265170e-17
  1.63811963219121e-17  1.86287940695002e-17  2.11831580562592e-17
  2.40858983752019e-17  2.73842279743183e-17  3.11317106177410e-17
  3.53891076929387e-17  4.02253367734319e-17  4.57185565092919e-17
  5.19573942915210e-17  5.90423352471153e-17  6.70872934990541e-17
  7.62213893019629e-17  8.65909586780259e-17  9.83618255684217e-17
  1.11721870332243e-16  1.26883932716698e-16  1.44089092250554e-16
  1.63610374440250e-16  1.85756937250211e-16  2.10878799204593e-16
  2.39372178153449e-16  2.71685518397073e-16  3.08326293582281e-16
  3.49868683691639e-16  3.96962236692597e-16  4.50341639153123e-16
  5.10837735543401e-16  5.79389953232912e-16  6.57060309569659e-16
  7.45049199167152e-16  8.44713183859998e-16  9.57585035088665e-16
  1.08539630901823e-15  1.23010276892789e-15  1.39391300771548e-15
  1.57932066624988e-15  1.78914069127933e-15  2.02655013030951e-15
  2.29513402086896e-15  2.59893699876922e-15  2.94252132496217e-15
  3.33103211453165e-15  3.77027064504697e-15  4.26677672623925e-15
  4.82792122985984e-15  5.46201000923576e-15  6.17840058367086e-15
  6.98763312570259e-15  7.90157747058980e-15  8.93359807006505e-15
  1.00987390382137e-14  1.14139316892457e-14  1.28982272478506e-14
  1.45730577257077e-14  1.64625283070406e-14  1.85937449741714e-14
  2.09971815381611e-14  2.37070907209513e-14  2.67619644736926e-14
  3.02050493135514e-14  3.40849231277297e-14  3.84561406344376e-14
  4.33799555163534e-14  4.89251281593671e-14  5.51688289521337e-14
  6.21976482374956e-14  7.01087252722460e-14  7.90110099558850e-14
  8.90266726560806e-14  1.00292679192543e-13  1.12962549979694e-13
  1.27208324473012e-13  1.43222754456333e-13  1.61221752361285e-13
  1.81447123763443e-13  2.04169616477259e-13  2.29692322323316e-13
  2.58354471683337e-13  2.90535665472832e-13  3.26660594149742e-13
  3.67204298947948e-13  4.12698036691197e-13  4.63735816411867e-13
  5.20981683613008e-13  5.85177836501433e-13  6.57153667901981e-13
  7.37835837058269e-13  8.28259487107432e-13  9.29580736957306e-13
  1.04309059062680e-12  1.17023042305746e-12  1.31260921913450e-12
  1.47202276232026e-12  1.65047499126236e-12  1.85020176695455e-12
  2.07369732024929e-12  2.32374367941876e-12  2.60344341106902e-12
  2.91625604481155e-12  3.26603859353324e-12  3.65709062708748e-12
  4.09420440853939e-12  4.58272065896965e-12  5.12859058043648e-12
  5.73844483719984e-12  6.41967027410784e-12  7.18049523840548e-12
  8.03008446932266e-12  8.97864462771847e-12  1.00375416603972e-11
  1.12194313276832e-11  1.25384043745465e-11  1.40101479931253e-11
  1.56521254123890e-11  1.74837756600512e-11  1.95267357758294e-11
  2.18050880162596e-11  2.43456348836550e-11  2.71782051371314e-11
  3.03359943108148e-11  3.38559436689983e-11  3.77791619899278e-11
  4.21513950764171e-11  4.70235484689758e-11  5.24522694768499e-11
  5.85005953636614e-11  6.52386753318795e-11  7.27445748568982e-11
  8.11051719394406e-11  9.04171559881105e-11  1.00788141329119e-10
  1.12337908784583e-10  1.25199790387066e-10  1.39522214125490e-10
  1.55470427682203e-10  1.73228422434714e-10  1.93001081623609e-10
  2.15016579527337e-10  2.39529061827440e-10  2.66821641101493e-10
  2.97209745632835e-10  3.31044864530642e-10  3.68718737584722e-10
  4.10668044421964e-10  4.57379654501597e-10  5.09396507346756e-10
  5.67324201369748e-10  6.31838379744605e-10  7.03693013294700e-10
  7.83729693385356e-10  8.72888062617955e-10  9.72217527946504e-10
  1.08289041994497e-09  1.20621678368239e-09  1.34366101140405e-09
  1.49686055531846e-09  1.66764699085143e-09  1.85806973718562e-09
  2.07042278348869e-09  2.30727481653960e-09  2.57150319961713e-09
  2.86633231391206e-09  3.19537684422489e-09  3.56269067076559e-09
  3.97282212051225e-09  4.43087643622583e-09  4.94258644037872e-09
  5.51439250837845e-09  6.15353312025315e-09  6.86814743977213e-09
  7.66739157214487e-09  8.56157038564721e-09  9.56228704830790e-09
  1.06826127361013e-08  1.19372793163406e-08  1.33428982116526e-08
  1.49182091019506e-08  1.66843626484714e-08  1.86652420180492e-08
  2.08878286704455e-08  2.33826186550639e-08  2.61840965565125e-08
  2.93312752555135e-08  3.28683108388521e-08  3.68452033458709e-08
  4.13185955521037e-08  4.63526837761731e-08  5.20202566745185e-08
  5.84038803134521e-08  6.55972504160394e-08  7.37067357081187e-08
  8.28531396978833e-08  9.31737121934077e-08  1.04824446299121e-07
  1.17982701843160e-07  1.32850201958523e-07  1.49656456339807e-07
  1.68662672274247e-07  1.90166223322906e-07  2.14505755485566e-07
  2.42067022095060e-07  2.73289551582402e-07  3.08674267218279e-07
  3.48792194599982e-07  3.94294412103657e-07  4.45923421263168e-07
  5.04526139079510e-07  5.71068742610780e-07  6.46653628511830e-07
  7.32538787069651e-07  8.30159931530753e-07  9.41155771988128e-07
  1.06739687560382e-06  1.21101861735200e-06  1.37445879418588e-06
  1.56050055407107e-06  1.77232138088822e-06  2.01354897703723e-06
  2.28832499900483e-06  2.60137773165915e-06  2.95810493170762e-06
  3.36466823601768e-06  3.82810071710256e-06  4.35642937657856e-06
  4.95881460489252e-06  5.64570890090468e-06  6.42903744511070e-06
  7.32240345489951e-06  8.34132163152562e-06  9.50348342653050e-06
  1.08290583381630e-05  1.23410359709133e-05  1.40656141969094e-05
  1.60326394072679e-05  1.82761056061202e-05  2.08347198957710e-05
  2.37525428541138e-05  2.70797133033919e-05  3.08732681180615e-05
  3.51980689739642e-05  4.01278493480902e-05  4.57463965832614e-05
  5.21488856020720e-05  5.94433826378316e-05  6.77525395048144e-05
  7.72155011302236e-05  8.79900515694497e-05  1.00255026468675e-04
  1.14213022836491e-04  1.30093440310664e-04  1.48155891449941e-04
  1.68694022621519e-04  1.92039790809404e-04  2.18568246494619e-04
  2.48702877106630e-04  2.82921570905554e-04  3.21763266448918e-04
  3.65835358518576e-04  4.15821937591775e-04  4.72492946143162e-04
  5.36714341928033e-04  6.09459365511353e-04  6.91821015774726e-04
  7.85025845913591e-04  8.90449198198740e-04  1.00963200505797e-03
  1.14429929014667e-03  1.29638051144188e-03  1.46803189483534e-03
  1.66166091322636e-03  1.87995307315576e-03  2.12590117386420e-03
  2.40283721050077e-03  2.71446709294981e-03  3.06490835514971e-03
  3.45873102526847e-03  3.90100182967356e-03  4.39733188628700e-03
  4.95392804855751e-03  5.57764803008586e-03  6.27605943806630e-03
  7.05750280991623e-03  7.93115872427331e-03  8.90711902297405e-03
  9.99646213956523e-03  1.12113324805577e-02  1.25650237546277e-02
  1.40720660749597e-02  1.57483165934424e-02  1.76110533387967e-02
  1.96790718438301e-02  2.19727840349520e-02  2.45143187662048e-02
  2.73276232186720e-02  3.04385643042282e-02  3.38750290089160e-02
  3.76670225090673e-02  4.18467626770101e-02  4.64487694796714e-02
  5.15099474887305e-02  5.70696596765928e-02  6.31697902993179e-02
  6.98547946258972e-02  7.71717329666347e-02  8.51702862880338e-02
  9.39027505324444e-02  1.03424006512005e-01  1.13791462185502e-01
  1.25064963823466e-01  1.37306672658475e-01  1.50580903322989e-01
  1.64953920515905e-01  1.80493690283489e-01  1.97269582355284e-01
  2.15352020283043e-01  2.34812076157405e-01  2.55721007343257e-01
  2.78149732746148e-01  3.02168247153748e-01  3.27844972463550e-01
  3.55246045856485e-01  3.84434545625483e-01  4.15469656785066e-01
  4.48405779450629e-01  4.83291584913849e-01  5.20169024939115e-01
  5.59072302330783e-01  6.00026811283097e-01  6.43048058423381e-01
  6.88140576260075e-01  7.35296842359321e-01  7.84496218622489e-01
  8.35703925966481e-01  8.88870070317073e-01  9.43928736576722e-01
  1.00079716717880e+00  1.05937504243114e+00  1.11954387987930e+00
  1.18116657039350e+00  1.24408706944615e+00  1.30813026284402e+00
  1.37310202759324e+00  1.43878950961548e+00  1.50496164100738e+00
  1.57136991934212e+00  1.63774947010759e+00  1.70382040983423e+00
  1.76928952190093e+00  1.83385224949555e+00  1.89719500055007e+00
  1.95899774930314e+00  2.01893690778818e+00  2.07668843012379e+00
  2.13193110194173e+00  2.18434995955423e+00  2.23363977513277e+00
  2.27950854081074e+00  2.32168088039489e+00  2.35990131789028e+00
  2.39393733386265e+00  2.42358214422452e+00  2.44865714333306e+00
  2.46901396059363e+00  2.48453609013904e+00  2.49514006385099e+00
  2.50077614977334e+00  2.50142857004029e+00  2.49711524438220e+00
  2.48788707655118e+00  2.47382681142886e+00  2.45504750000397e+00
  2.43169061625120e+00  2.40392387631643e+00  2.37193881450332e+00
  2.33594817162268e+00  2.29618315308664e+00  2.25289061114339e+00
  2.20633020404305e+00  2.15677158007276e+00  2.10449162968702e+00
  2.04977184310535e+00  1.99289580462565e+00  1.93414684856802e+00
  1.87380589566382e+00  1.81214948267062e+00  1.74944799269778e+00
  1.68596408870857e+00  1.62195134884956e+00  1.55765309815405e+00
  1.49330142925020e+00  1.42911640175937e+00  1.36530540937908e+00
  1.30206270218308e+00  1.23956905163137e+00  1.17799154548199e+00
  1.11748350020864e+00  1.05818447884810e+00  1.00022040289591e+00
  9.43703747410415e-01  8.88733809319758e-01  8.35397039475453e-01
  7.83767429850371e-01  7.33906947801649e-01  6.85866010086142e-01
  6.39683990054867e-01  5.95389751384301e-01  5.53002203703854e-01
  5.12530874105296e-01  4.73976490538422e-01  4.37331572864978e-01
  4.02581027254740e-01  3.69702740981205e-01  3.38668173636582e-01
  3.09442942022997e-01  2.81987395588410e-01  2.56257179716580e-01
  2.32203784447944e-01  2.09775076359582e-01  1.88915811744846e-01
  1.69568129435249e-01  1.51672022023568e-01  1.35165784402337e-01
  1.19986439019623e-01  1.06070137232028e-01  9.33525367238393e-02
  8.17691547618218e-02  7.12556975963107e-02  6.17483661603020e-02
  5.31841384958123e-02  4.55010293517496e-02  3.86383274261808e-02
  3.25368108140248e-02  2.71389411646480e-02  2.23890370823009e-02
  1.82334273366870e-02  1.46205842225044e-02  1.15012376632667e-02
  8.82847038424740e-03  6.55779456794347e-03  4.64721033431314e-03
  3.05724640927605e-03  1.75098333132044e-03  6.94059569346882e-04
 -1.45338993606980e-04 -7.96505754775963e-04 -1.28625562381025e-03
 -1.63898214480735e-03 -1.87672860424113e-03 -2.01927224166029e-03
 -2.08422035165184e-03 -2.08711703804926e-03 -2.04155918600371e-03
 -1.95932009665239e-03 -1.85047911558878e-03 -1.72355551014857e-03
 -1.58564479967456e-03 -1.44255573819538e-03 -1.29894618156868e-03
 -1.15845614763081e-03 -1.02383649560894e-03 -8.97071804959647e-04
 -7.79496221872278e-04 -6.71901254491650e-04 -5.74634728740408e-04
 -4.87690357156237e-04 -4.10787613774102e-04 -3.43441840996952e-04
 -2.85024731131586e-04 -2.34815519663722e-04 -1.92043393552535e-04
 -1.55921752638974e-04 -1.25675063260954e-04 -1.00559110398955e-04
 -7.98754891156630e-05 -6.29811805078462e-05 -4.92940353683971e-05
 -3.82949448015043e-05 -2.95274158935187e-05 -2.25951972508551e-05
 -1.71585184831802e-05 -1.29294239608270e-05 -9.66659819529034e-06
 -7.17000100566392e-06 -5.27555778801355e-06 -3.85008505135205e-06
 -2.78657514883349e-06 -1.99991698958659e-06 -1.42309124308740e-06
 -1.00384894002342e-06 -7.01860083416679e-07 -4.86303509823154e-07
 -3.33859262876338e-07 -2.27059367604318e-07 -1.52951052465912e-07
 -1.02027178807870e-07 -6.73812669744281e-08 -4.40481819276770e-08
 -2.84960169516494e-08 -1.82391839123646e-08 -1.15474429786728e-08
 -7.22960948116232e-09 -4.47485591937012e-09 -2.73752619880263e-09
 -1.65475669438764e-09 -9.88031130554975e-10 -5.82577168658246e-10
 -3.39093901590599e-10 -1.94786671604375e-10 -1.10381848609096e-10
 -6.16871602372484e-11 -3.39871779465056e-11 -1.84545878402375e-11
 -9.87188961160083e-12 -5.20039440713389e-12 -2.69675305277815e-12
 -1.37606595518184e-12 -6.90637428027632e-13 -3.40791382707629e-13
 -1.65258848510413e-13 -7.87197291501955e-14 -3.68167340971711e-14
 -1.68983636186191e-14 -7.60801470081951e-15 -3.35822432201507e-15
 -1.45257594887733e-15 -6.15362034940140e-16 -2.55184403718941e-16
 -1.03532105224361e-16 -4.10703988286438e-17 -1.59224132474946e-17
 -6.03189158359132e-18 -2.23051538600234e-18 -8.04646481367383e-19
 -2.83011694733148e-19 -9.70059718128481e-20 -3.23993887994682e-20
 -1.05555832557722e-20 -3.34841740718958e-21 -1.03174820910718e-21
 -3.08578087365691e-22 -8.95129821304917e-23 -2.51652132169041e-23
 -6.85116464238578e-24 -1.80477984050872e-24
 (i6, f12.0, f18.0, f8.3, i6)
   665  60.0000000  0.02500000000000  26.000     2
 (3e22.14)
  2.89367842428521e-06  3.03926416341748e-06  3.19217416628354e-06
  3.35277687848344e-06  3.52145927786660e-06  3.69862780649627e-06
  3.88470934946756e-06  4.08015226293345e-06  4.28542745381153e-06
  4.50102951376806e-06  4.72747791020820e-06  4.96531823713256e-06
  5.21512352887446e-06  5.47749563986777e-06  5.75306669377661e-06
  6.04250060544967e-06  6.34649467939119e-06  6.66578128853998e-06
  7.00112963747166e-06  7.35334761414569e-06  7.72328373479453e-06
  8.11182918647646e-06  8.51991997233088e-06  8.94853916459905e-06
  9.39871927087976e-06  9.87154471926338e-06  1.03681544683683e-05
  1.08897447484644e-05  1.14375719403889e-05  1.20129555990215e-05
  1.26172816287267e-05  1.32520056182669e-05  1.39186563432849e-05
  1.46188394446772e-05  1.53542412918116e-05  1.61266330396678e-05
  1.69378748899152e-05  1.77899205658156e-05  1.86848220120296e-05
  1.96247343303171e-05  2.06119209631697e-05  2.16487591376885e-05
  2.27377455828524e-05  2.38815025337727e-05  2.50827840375071e-05
  2.63444825752814e-05  2.76696360173776e-05  2.90614349268731e-05
  3.05232302302389e-05  3.20585412727386e-05  3.36710642782369e-05
  3.53646812334886e-05  3.71434692183272e-05  3.90117102039082e-05
  4.09739013427574e-05  4.30347657748026e-05  4.51992639759006e-05
  4.74726056751944e-05  4.98602623706660e-05  5.23679804720816e-05
  5.50017951032862e-05  5.77680445965174e-05  6.06733857136336e-05
  6.37248096303146e-05  6.69296587219224e-05  7.02956441903577e-05
  7.38308645751097e-05  7.75438251913121e-05  8.14434585426523e-05
  8.55391457566040e-05  8.98407390940114e-05  9.43585855861684e-05
  9.91035518561691e-05  1.04087050183171e-04  1.09321065872525e-04
  1.14818185995701e-04  1.20591629570317e-04  1.26655279249799e-04
  1.33023714600554e-04  1.39712247043729e-04  1.46736956546192e-04
  1.54114730147044e-04  1.61863302411966e-04  1.70001297910601e-04
  1.78548275819338e-04  1.87524776753339e-04  1.96952371941489e-04
  2.06853714858437e-04  2.17252595438263e-04  2.28173996996761e-04
  2.39644155998678e-04  2.51690624809431e-04  2.64342337583162e-04
  2.77629679438333e-04  2.91584559090291e-04  3.06240485106687e-04
  3.21632645970826e-04  3.37797994138703e-04  3.54775334290198e-04
  3.72605415981151e-04  3.91331030916763e-04  4.10997115072547e-04
  4.31650855908018e-04  4.53341804918860e-04  4.76121995800739e-04
  5.00046068493854e-04  5.25171399407234e-04  5.51558238123183e-04
  5.79269850906027e-04  6.08372671349142e-04  6.38936458516543e-04
  6.71034462944228e-04  7.04743600897530e-04  7.40144637280585e-04
  7.77322377639457e-04  8.16365869692234e-04  8.57368614868943e-04
  9.00428790345109e-04  9.45649482091570e-04  9.93138929478414e-04
  1.04301078200701e-03  1.09538436875754e-03  1.15038498119041e-03
  1.20814416993751e-03  1.26880005629470e-03  1.33249765911036e-03
  1.39938923784704e-03  1.46963465259202e-03  1.54340174185629e-03
  1.62086671902431e-03  1.70221458837544e-03  1.78763958161760e-03
  1.87734561595552e-03  1.97154677471670e-03  2.07046781166073e-03
  2.17434468010204e-03  2.28342508806915e-03  2.39796908074987e-03
  2.51824965156820e-03  2.64455338324660e-03  2.77718112035589e-03
  2.91644867481498e-03  3.06268756599530e-03  3.21624579704861e-03
  3.37748866924135e-03  3.54679963610453e-03  3.72458119933112e-03
  3.91125584840653e-03  4.10726704610379e-03  4.31308026199235e-03
  4.52918405633067e-03  4.75609121666140e-03  4.99433994971947e-03
  5.24449513120881e-03  5.50714961626063e-03  5.78292561342125e-03
  6.07247612521179e-03  6.37648645837850e-03  6.69567580718567e-03
  7.03079891311512e-03  7.38264780469661e-03  7.75205362108458e-03
  8.13988852347647e-03  8.54706769834979e-03  8.97455145691335e-03
  9.42334743520181e-03  9.89451289954907e-03  1.03891571622777e-02
  1.09084441128119e-02  1.14535948694071e-02  1.20258905572766e-02
  1.26266752186669e-02  1.32573588612225e-02  1.39194206507321e-02
  1.46144122550253e-02  1.53439613457957e-02  1.61097752656076e-02
  1.69136448674570e-02  1.77574485348462e-02  1.86431563902352e-02
  1.95728347006906e-02  2.05486504890775e-02  2.15728763604354e-02
  2.26478955526670e-02  2.37762072217517e-02  2.49604319716246e-02
  2.62033176395886e-02  2.75077453482279e-02  2.88767358357040e-02
  3.03134560760527e-02  3.18212262024887e-02  3.34035267461794e-02
  3.50640062043680e-02  3.68064889514887e-02  3.86349835080386e-02
  4.05536911817755e-02  4.25670150974439e-02  4.46795696301277e-02
  4.68961902600524e-02  4.92219438648289e-02  5.16621394679157e-02
  5.42223394609631e-02  5.69083713194111e-02  5.97263398305726e-02
  6.26826398547660e-02  6.57839696396098e-02  6.90373447098384e-02
  7.24501123531872e-02  7.60299667267336e-02  7.97849646049967e-02
  8.37235417952070e-02  8.78545302429585e-02  9.21871758539127e-02
  9.67311570565070e-02  1.01496604132442e-01  1.06494119340362e-01
  1.11734797861541e-01  1.17230249592527e-01  1.22992621815891e-01
  1.29034622773989e-01  1.35369546177275e-01  1.42011296673954e-01
  1.48974416311366e-01  1.56274112017299e-01  1.63926284131798e-01
  1.71947556016628e-01  1.80355304774605e-01  1.89167693103037e-01
  1.98403702315480e-01  2.08083166553649e-01  2.18226808221978e-01
  2.28856274667485e-01  2.39994176132691e-01  2.51664125003993e-01
  2.63890776380628e-01  2.76699869981616e-01  2.90118273415666e-01
  3.04174026822726e-01  3.18896388912267e-01  3.34315884399027e-01
  3.50464352854328e-01  3.67374998971260e-01  3.85082444249102e-01
  4.03622780090524e-01  4.23033622307821e-01  4.43354167017993e-01
  4.64625247917939e-01  4.86889394898868e-01  5.10190893986378e-01
  5.34575848545669e-01  5.60092241720360e-01  5.86790000034554e-01
  6.14721058097917e-01  6.43939424329122e-01  6.74501247615190e-01
  7.06464884791297e-01  7.39890968843710e-01  7.74842477676956e-01
  8.11384803333304e-01  8.49585821464202e-01  8.89515960903371e-01
  9.31248273117819e-01  9.74858501328924e-01  1.02042514904875e+00
  1.06802954777853e+00  1.11775592355407e+00  1.16969146205401e+00
  1.22392637187323e+00  1.28055394564816e+00  1.33967061855870e+00
  1.40137602382275e+00  1.46577304466537e+00  1.53296786227499e+00
  1.60306999917453e+00  1.67619235744141e+00  1.75245125110027e+00
  1.83196643207315e+00  1.91486110887121e+00  2.00126195737077e+00
  2.09129912273245e+00  2.18510621169461e+00  2.28282027424286e+00
  2.38458177372390e+00  2.49053454433492e+00  2.60082573494706e+00
  2.71560573804359e+00  2.83502810268312e+00  2.95924943006580e+00
  3.08842925058872e+00  3.22272988080420e+00  3.36231625903366e+00
  3.50735575802154e+00  3.65801797317902e+00  3.81447448475579e+00
  3.97689859240925e+00  4.14546502034438e+00  4.32034959152401e+00
  4.50172886892231e+00  4.68977976239098e+00  4.88467909900359e+00
  5.08660315539185e+00  5.29572715002439e+00  5.51222469391947e+00
  5.73626719767150e+00  5.96802323360336e+00  6.20765785078076e+00
  6.45533184191921e+00  6.71120096022929e+00  6.97541508519638e+00
  7.24811733576794e+00  7.52944313035302e+00  7.81951919210409e+00
  8.11846249984968e+00  8.42637918314741e+00  8.74336336259653e+00
  9.06949593471239e+00  9.40484330271273e+00  9.74945605386110e+00
  1.01033675852807e+01  1.04665926798123e+01  1.08391260352392e+01
  1.12209407491288e+01  1.16119867644581e+01  1.20121892791173e+01
  1.24214471261958e+01  1.28396311299134e+01  1.32665824453632e+01
  1.37021108889801e+01  1.41459932701849e+01  1.45979717321022e+01
  1.50577521152795e+01  1.55250023533269e+01  1.59993509171180e+01
  1.64803853193584e+01  1.69676506973299e+01  1.74606484893876e+01
  1.79588352246154e+01  1.84616214437556e+01  1.89683707737607e+01
  1.94783991755180e+01  1.99909743907885e+01  2.05053156078984e+01
  2.10205933765055e+01  2.15359297913661e+01  2.20503989764241e+01
  2.25630278921327e+01  2.30727974964895e+01  2.35786442827468e+01
  2.40794622267000e+01  2.45741051617770e+01  2.50613896171086e+01
  2.55400981332975e+01  2.60089830865101e+01  2.64667710355680e+01
  2.69121676150734e+01  2.73438629834221e+01  2.77605378458639e+01
  2.81608700479066e+01  2.85435417553558e+01  2.89072472044356e+01
  2.92507010241314e+01  2.95726471070297e+01  2.98718680125955e+01
  3.01471948640082e+01  3.03975177106699e+01  3.06217962934862e+01
  3.08190711716986e+01  3.09884751279441e+01  3.11292447857600e+01
  3.12407323424330e+01  3.13224173244116e+01  3.13739182475262e+01
  3.13950040716618e+01  3.13856053047663e+01  3.13458246325596e+01
  3.12759469043933e+01  3.11764483351144e+01  3.10480047427900e+01
  3.08914986611481e+01  3.07080251428836e+01  3.04988960864569e+01
  3.02656428938326e+01  3.00100173032630e+01  2.97339902049149e+01
  2.94397482976574e+01  2.91296884192123e+01  2.88064094245768e+01
  2.84727014839848e+01  2.81315327135987e+01  2.77860330512888e+01
  2.74394753523145e+01  2.70952536711011e+01  2.67568587727550e+01
  2.64278509200774e+01  2.61118300498027e+01  2.58124034771048e+01
  2.55331513302239e+01  2.52775899411339e+01  2.50491334992490e+01
  2.48510542813184e+01  2.46864418599108e+01  2.45581617074109e+01
  2.44688136676589e+01  2.44206908125560e+01  2.44157392203328e+01
  2.44555192597943e+01  2.45411689734954e+01  2.46733701803891e+01
  2.48523179177850e+01  2.50776938500257e+01  2.53486442530196e+01
  2.56637631705215e+01  2.60210812999320e+01  2.64180611281644e+01
  2.68515987815546e+01  2.73180329859249e+01  2.78131614634970e+01
  2.83322649961719e+01  2.88701392952436e+01  2.94211347080134e+01
  2.99792036708669e+01  3.05379557129255e+01  3.10907196619667e+01
  3.16306126061812e+01  3.21506150016474e+01  3.26436512126995e+01
  3.31026746244746e+01  3.35207563634200e+01  3.38911765226137e+01
  3.42075167266639e+01  3.44637527222652e+01  3.46543456713453e+01
  3.47743307039909e+01  3.48194012961386e+01  3.47859879904865e+01
  3.46713300032961e+01  3.44735382693236e+01  3.41916485671705e+01
  3.38256634019965e+01  3.33765814880502e+01  3.28464137617263e+01
  3.22381850583500e+01  3.15559207580255e+01  3.08046179339796e+01
  2.99902007699896e+01  2.91194602985289e+01  2.81999787554723e+01
  2.72400391938435e+01  2.62485212541199e+01  2.52347843386124e+01
  2.42085397189044e+01  2.31797134112187e+01  2.21583019314318e+01
  2.11542232876088e+01  2.01771657835557e+01  1.92364373737541e+01
  1.83408184169441e+01  1.74984207405476e+01  1.67165558774248e+01
  1.60016152904713e+01  1.53589651739641e+01  1.47928582307578e+01
  1.43063644688088e+01  1.39013227071228e+01  1.35783140401634e+01
  1.33366580474278e+01  1.31744320344905e+01  1.30885130903895e+01
  1.30746422397024e+01  1.31275094757760e+01  1.32408579920246e+01
  1.34076054891186e+01  1.36199800368421e+01  1.38696676204985e+01
  1.41479682100711e+01  1.44459569731281e+01  1.47546471123169e+01
  1.50651507636731e+01  1.53688344409907e+01  1.56574656640347e+01
  1.59233476586491e+01  1.61594393601721e+01  1.63594583777318e+01
  1.65179650699225e+01  1.66304264245902e+01  1.66932590073847e+01
  1.67038508209219e+01  1.66605624842721e+01  1.65627086688464e+01
  1.64105212104050e+01  1.62050957242901e+01  1.59483238879186e+01
  1.56428138010111e+01  1.52918009924325e+01  1.48990527163393e+01
  1.44687681649551e+01  1.40054771364773e+01  1.35139395418417e+01
  1.29990479189496e+01  1.24657348703460e+01  1.19188870529061e+01
  1.13632670429750e+01  1.08034440907875e+01  1.02437344678604e+01
  9.68815181773573e+00  9.14036764257317e+00  8.60368180962440e+00
  8.08100273824603e+00  7.57483674157016e+00  7.08728583984700e+00
  6.62005323905602e+00  6.17445558247049e+00  5.75144101972115e+00
  5.35161211208813e+00  4.97525258732593e+00  4.62235697863092e+00
  4.29266222295889e+00  3.98568035215574e+00  3.70073148265705e+00
  3.43697639286311e+00  3.19344806855996e+00  2.96908169264314e+00
  2.76274265365680e+00  2.57325224478162e+00  2.39941081933081e+00
  2.24001825758761e+00  2.09389168147086e+00  1.95988042717821e+00
  1.83687834859414e+00  1.72383357777350e+00  1.61975591129160e+00
  1.52372202216640e+00  1.43487871989551e+00  1.35244449223343e+00
  1.27570956710860e+00  1.20403472924862e+00  1.13684911693575e+00
  1.07364721022898e+00  1.01398520439854e+00  9.57476942424065e-01
  9.03789559278551e-01  8.52638968996472e-01  8.03785304641104e-01
  7.57028400772377e-01  7.12203389914200e-01  6.69176467129194e-01
  6.27840862784355e-01  5.88113050475745e-01  5.49929207039889e-01
  5.13241933264304e-01  4.78017237243653e-01  4.44231778113145e-01
  4.11870364247519e-01  3.80923698402867e-01  3.51386361057673e-01
  3.23255023087188e-01  2.96526878839857e-01  2.71198291388479e-01
  2.47263641977436e-01  2.24714376199382e-01  2.03538239552370e-01
  1.83718694999488e-01  1.65234514682741e-01  1.48059537295632e-01
  1.32162581494121e-01  1.17507504630749e-01  1.04053394509458e-01
  9.17548805842623e-02  8.05625493907245e-02  7.04234479320336e-02
  6.12816574651731e-02  5.30789195587405e-02  4.57552958828484e-02
  3.92498433303857e-02  3.35012866292112e-02  2.84486716708219e-02
  2.40319842663021e-02  2.01927209466890e-02  1.68744006402078e-02
  1.40230085321414e-02  1.15873660165393e-02  9.51942330244124e-03
  7.77447381668550e-03  6.31129197061519e-03  5.09219802697124e-03
  4.08305565970445e-03  3.25320928047319e-03  2.57536929099639e-03
  2.02545409370260e-03  1.58239797209778e-03  1.22793386345623e-03
  9.46359636439297e-04  7.24295811054515e-04  5.50441780850861e-04
  4.15336582204891e-04  3.11129167721233e-04  2.31362037632145e-04
  1.70771016518479e-04  1.25102973027232e-04  9.09523989726762e-05
  6.56170106130455e-05  4.69719193183609e-05  3.33614421849047e-05
  2.35072787927076e-05  1.64315570677778e-05  1.13931324628855e-05
  7.83549363186160e-06  5.34466560728882e-06  3.61559027119456e-06
  2.42558837780873e-06  1.61365201858173e-06  1.06447088712174e-06
  6.96249865445826e-07  4.51522766562852e-07  2.90303207458984e-07
  1.85035000087017e-07  1.16910845491172e-07  7.32182064015391e-08
  4.54470510999070e-08  2.79554443032452e-08  1.70390374479895e-08
  1.02890478908595e-08  6.15433288305838e-09  3.64562500509538e-09
  2.13821368802865e-09  1.24135262353101e-09  7.13168241598055e-10
  4.05298141054447e-10  2.27779852954180e-10  1.26537386790016e-10
  6.94565730377154e-11  3.76552465855629e-11  2.01538792791615e-11
  1.06439841147628e-11  5.54429349805577e-12  2.84683563011433e-12
  1.44020789182521e-12  7.17468381037615e-13  3.51770809617203e-13
  1.69651415571443e-13  8.04369602007083e-14  3.74725555506601e-14
  1.71428184406610e-14  7.69689433026009e-15  3.38972542151497e-15
  1.46345260319631e-15  6.19018145601922e-16  2.56380040395846e-16
  1.03911942049526e-16  4.11876194631217e-17  1.59575289288452e-17
  6.04209535996936e-18  2.23338912970629e-18  8.05430305005017e-19
  2.83218575030766e-19  9.70587663085547e-20  3.24124041543017e-20
  1.05586802539440e-20  3.34912805354942e-21  1.03190531554317e-21
  3.08611518595250e-22  8.95198229534940e-23  2.51665579343744e-23
  6.85141831791831e-24  1.80482571781642e-24
  2.48760274254441e-24  2.83795082597790e-24  3.23762551433679e-24
  3.69356899153118e-24  4.21370005483206e-24  4.80705142795164e-24
  5.48392636824174e-24  6.25607727693789e-24  7.13690940137783e-24
  8.14171315124962e-24  9.28792904509984e-24  1.05954498660654e-23
  1.20869652480645e-23  1.37883546453274e-23  1.57291354725511e-23
  1.79429741539554e-23  2.04682689036955e-23  2.33488142959407e-23
  2.66345590915687e-23  3.03824703942648e-23  3.46575190388854e-23
  3.95338032012133e-23  4.50958295957329e-23  5.14399743380223e-23
  5.86761486367214e-23  6.69296979999667e-23  7.63435676521219e-23
  8.70807714283228e-23  9.93272066229091e-23  1.13294863204318e-22
  1.29225482572533e-22  1.47394728742473e-22  1.68116943618227e-22
  1.91750568028317e-22  2.18704321591889e-22  2.49444247471985e-22
  2.84501742869014e-22  3.24482712960319e-22  3.70078005194050e-22
  4.22075302714911e-22  4.81372680612468e-22  5.48994057057502e-22
  6.26106803710494e-22  7.14041816592465e-22  8.14316390528426e-22
  9.28660288006708e-22  1.05904544766083e-21  1.20771983947471e-21
  1.37724604429450e-21  1.57054521547423e-21  1.79094717184455e-21
  2.04224747520057e-21  2.32877246391432e-21  2.65545334904888e-21
  3.02791063277818e-21  3.45255028352236e-21  3.93667330094986e-21
  4.48860053016417e-21  5.11781484176897e-21  5.83512308737849e-21
  6.65284057336620e-21  7.58500117480555e-21  8.64759664285810e-21
  9.85884914959632e-21  1.12395216723634e-20  1.28132714546737e-20
  1.46070525026968e-20  1.66515738975452e-20  1.89818216373626e-20
  2.16376527850378e-20  2.46644719045456e-20  2.81140011414793e-20
  3.20451568634496e-20  3.65250475495901e-20  4.16301096340225e-20
  4.74474002989536e-20  5.40760688162162e-20  6.16290309940108e-20
  7.02348746460607e-20  8.00400278183442e-20  9.12112258449999e-20
  1.03938318230769e-19  1.18437461951095e-19  1.34954754113306e-19
  1.53770364134479e-19  1.75203233780426e-19  1.99616422704714e-19
  2.27423187677637e-19  2.59093895668231e-19  2.95163884529857e-19
  3.36242400456143e-19  3.83022758863775e-19  4.36293895197140e-19
  4.96953494651317e-19  5.66022915325614e-19  6.44664148253508e-19
  7.34199090555148e-19  8.36131445140977e-19  9.52171602536474e-19
  1.08426490815360e-18  1.23462377244358e-18  1.40576414266585e-18
  1.60054692444076e-18  1.82222501988905e-18  2.07449673820291e-18
  2.36156643530095e-18  2.68821335333147e-18  3.05986975993638e-18
  3.48270963332748e-18  3.96374930456962e-18  4.51096165548996e-18
  5.13340568216477e-18  5.84137347310596e-18  6.64655692170000e-18
  7.56223679808569e-18  8.60349715110509e-18  9.78746840124958e-18
  1.11336029264482e-17  1.26639874405245e-17  1.44036970265170e-17
  1.63811963219121e-17  1.86287940695002e-17  2.11831580562592e-17
  2.40858983752019e-17  2.73842279743183e-17  3.11317106177410e-17
  3.53891076929387e-17  4.02253367734319e-17  4.57185565092919e-17
  5.19573942915210e-17  5.90423352471153e-17  6.70872934990541e-17
  7.62213893019629e-17  8.65909586780259e-17  9.83618255684217e-17
  1.11721870332243e-16  1.26883932716698e-16  1.44089092250554e-16
  1.63610374440250e-16  1.85756937250211e-16  2.10878799204593e-16
  2.39372178153449e-16  2.71685518397073e-16  3.08326293582281e-16
  3.49868683691639e-16  3.96962236692597e-16  4.50341639153123e-16
  5.10837735543401e-16  5.79389953232912e-16  6.57060309569659e-16
  7.45049199167152e-16  8.44713183859998e-16  9.57585035088665e-16
  1.08539630901823e-15  1.23010276892789e-15  1.39391300771548e-15
  1.57932066624988e-15  1.78914069127933e-15  2.02655013030951e-15
  2.29513402086896e-15  2.59893699876922e-15  2.94252132496217e-15
  3.33103211453165e-15  3.77027064504697e-15  4.26677672623925e-15
  4.82792122985984e-15  5.46201000923576e-15  6.17840058367086e-15
  6.98763312570259e-15  7.90157747058980e-15  8.93359807006505e-15
  1.00987390382137e-14  1.14139316892457e-14  1.28982272478506e-14
  1.45730577257077e-14  1.64625283070406e-14  1.85937449741714e-14
  2.09971815381611e-14  2.37070907209513e-14  2.67619644736926e-14
  3.02050493135514e-14  3.40849231277297e-14  3.84561406344376e-14
  4.33799555163534e-14  4.89251281593671e-14  5.51688289521337e-14
  6.21976482374956e-14  7.01087252722460e-14  7.90110099558850e-14
  8.90266726560806e-14  1.00292679192543e-13  1.12962549979694e-13
  1.27208324473012e-13  1.43222754456333e-13  1.61221752361285e-13
  1.81447123763443e-13  2.04169616477259e-13  2.29692322323316e-13
  2.58354471683337e-13  2.90535665472832e-13  3.26660594149742e-13
  3.67204298947948e-13  4.12698036691197e-13  4.63735816411867e-13
  5.20981683613008e-13  5.85177836501433e-13  6.57153667901981e-13
  7.37835837058269e-13  8.28259487107432e-13  9.29580736957306e-13
  1.04309059062680e-12  1.17023042305746e-12  1.31260921913450e-12
  1.47202276232026e-12  1.65047499126236e-12  1.85020176695455e-12
  2.07369732024929e-12  2.32374367941876e-12  2.60344341106902e-12
  2.91625604481155e-12  3.26603859353324e-12  3.65709062708748e-12
  4.09420440853939e-12  4.58272065896965e-12  5.12859058043648e-12
  5.73844483719984e-12  6.41967027410784e-12  7.18049523840548e-12
  8.03008446932266e-12  8.97864462771847e-12  1.00375416603972e-11
  1.12194313276832e-11  1.25384043745465e-11  1.40101479931253e-11
  1.56521254123890e-11  1.74837756600512e-11  1.95267357758294e-11
  2.18050880162596e-11  2.43456348836550e-11  2.71782051371314e-11
  3.03359943108148e-11  3.38559436689983e-11  3.77791619899278e-11
  4.21513950764171e-11  4.70235484689758e-11  5.24522694768499e-11
  5.85005953636614e-11  6.52386753318795e-11  7.27445748568982e-11
  8.11051719394406e-11  9.04171559881105e-11  1.00788141329119e-10
  1.12337908784583e-10  1.25199790387066e-10  1.39522214125490e-10
  1.55470427682203e-10  1.73228422434714e-10  1.93001081623609e-10
  2.15016579527337e-10  2.39529061827440e-10  2.66821641101493e-10
  2.97209745632835e-10  3.31044864530642e-10  3.68718737584722e-10
  4.10668044421964e-10  4.57379654501597e-10  5.09396507346756e-10
  5.67324201369748e-10  6.31838379744605e-10  7.03693013294700e-10
  7.83729693385356e-10  8.72888062617955e-10  9.72217527946504e-10
  1.08289041994497e-09  1.20621678368239e-09  1.34366101140405e-09
  1.49686055531846e-09  1.66764699085143e-09  1.85806973718562e-09
  2.07042278348869e-09  2.30727481653960e-09  2.57150319961713e-09
  2.86633231391206e-09  3.19537684422489e-09  3.56269067076559e-09
  3.97282212051225e-09  4.43087643622583e-09  4.94258644037872e-09
  5.51439250837845e-09  6.15353312025315e-09  6.86814743977213e-09
  7.66739157214487e-09  8.56157038564721e-09  9.56228704830790e-09
  1.06826127361013e-08  1.19372793163406e-08  1.33428982116526e-08
  1.49182091019506e-08  1.66843626484714e-08  1.86652420180492e-08
  2.08878286704455e-08  2.33826186550639e-08  2.61840965565125e-08
  2.93312752555135e-08  3.28683108388521e-08  3.68452033458709e-08
  4.13185955521037e-08  4.63526837761731e-08  5.20202566745185e-08
  5.84038803134521e-08  6.55972504160394e-08  7.37067357081187e-08
  8.28531396978833e-08  9.31737121934077e-08  1.04824446299121e-07
  1.17982701843160e-07  1.32850201958523e-07  1.49656456339807e-07
  1.68662672274247e-07  1.90166223322906e-07  2.14505755485566e-07
  2.42067022095060e-07  2.73289551582402e-07  3.08674267218279e-07
  3.48792194599982e-07  3.94294412103657e-07  4.45923421263168e-07
  5.04526139079510e-07  5.71068742610780e-07  6.46653628511830e-07
  7.32538787069651e-07  8.30159931530753e-07  9.41155771988128e-07
  1.06739687560382e-06  1.21101861735200e-06  1.37445879418588e-06
  1.56050055407107e-06  1.77232138088822e-06  2.01354897703723e-06
  2.28832499900483e-06  2.60137773165915e-06  2.95810493170762e-06
  3.36466823601768e-06  3.82810071710256e-06  4.35642937657856e-06
  4.95881460489252e-06  5.64570890090468e-06  6.42903744511070e-06
  7.32240345489951e-06  8.34132163152562e-06  9.50348342653050e-06
  1.08290583381630e-05  1.23410359709133e-05  1.40656141969094e-05
  1.60326394072679e-05  1.82761056061202e-05  2.08347198957710e-05
  2.37525428541138e-05  2.70797133033919e-05  3.08732681180615e-05
  3.51980689739642e-05  4.01278493480902e-05  4.57463965832614e-05
  5.21488856020720e-05  5.94433826378316e-05  6.77525395048144e-05
  7.72155011302236e-05  8.79900515694497e-05  1.00255026468675e-04
  1.14213022836491e-04  1.30093440310664e-04  1.48155891449941e-04
  1.68694022621519e-04  1.92039790809404e-04  2.18568246494619e-04
  2.48702877106630e-04  2.82921570905554e-04  3.21763266448918e-04
  3.65835358518576e-04  4.15821937591775e-04  4.72492946143162e-04
  5.36714341928033e-04  6.09459365511353e-04  6.91821015774726e-04
  7.85025845913591e-04  8.90449198198740e-04  1.00963200505797e-03
  1.14429929014667e-03  1.29638051144188e-03  1.46803189483534e-03
  1.66166091322636e-03  1.87995307315576e-03  2.12590117386420e-03
  2.40283721050077e-03  2.71446709294981e-03  3.06490835514971e-03
  3.45873102526847e-03  3.90100182967356e-03  4.39733188628700e-03
  4.95392804855751e-03  5.57764803008586e-03  6.27605943806630e-03
  7.05750280991623e-03  7.93115872427331e-03  8.90711902297405e-03
  9.99646213956523e-03  1.12113324805577e-02  1.25650237546277e-02
  1.40720660749597e-02  1.57483165934424e-02  1.76110533387967e-02
  1.96790718438301e-02  2.19727840349520e-02  2.45143187662048e-02
  2.73276232186720e-02  3.04385643042282e-02  3.38750290089160e-02
  3.76670225090673e-02  4.18467626770101e-02  4.64487694796714e-02
  5.15099474887305e-02  5.70696596765928e-02  6.31697902993179e-02
  6.98547946258972e-02  7.71717329666347e-02  8.51702862880338e-02
  9.39027505324444e-02  1.03424006512005e-01  1.13791462185502e-01
  1.25064963823466e-01  1.37306672658475e-01  1.50580903322989e-01
  1.64953920515905e-01  1.80493690283489e-01  1.97269582355284e-01
  2.15352020283043e-01  2.34812076157405e-01  2.55721007343257e-01
  2.78149732746148e-01  3.02168247153748e-01  3.27844972463550e-01
  3.55246045856485e-01  3.84434545625483e-01  4.15469656785066e-01
  4.48405779450629e-01  4.83291584913849e-01  5.20169024939115e-01
  5.59072302330783e-01  6.00026811283097e-01  6.43048058423381e-01
  6.88140576260075e-01  7.35296842359321e-01  7.84496218622489e-01
  8.35703925966481e-01  8.88870070317073e-01  9.43928736576722e-01
  1.00079716717880e+00  1.05937504243114e+00  1.11954387987930e+00
  1.18116657039350e+00  1.24408706944615e+00  1.30813026284402e+00
  1.37310202759324e+00  1.43878950961548e+00  1.50496164100738e+00
  1.57136991934212e+00  1.63774947010759e+00  1.70382040983423e+00
  1.76928952190093e+00  1.83385224949555e+00  1.89719500055007e+00
  1.95899774930314e+00  2.01893690778818e+00  2.07668843012379e+00
  2.13193110194173e+00  2.18434995955423e+00  2.23363977513277e+00
  2.27950854081074e+00  2.32168088039489e+00  2.35990131789028e+00
  2.39393733386265e+00  2.42358214422452e+00  2.44865714333306e+00
  2.46901396059363e+00  2.48453609013904e+00  2.49514006385099e+00
  2.50077614977334e+00  2.50142857004029e+00  2.49711524438220e+00
  2.48788707655118e+00  2.47382681142886e+00  2.45504750000397e+00
  2.43169061625120e+00  2.40392387631643e+00  2.37193881450332e+00
  2.33594817162268e+00  2.29618315308664e+00  2.25289061114339e+00
  2.20633020404305e+00  2.15677158007276e+00  2.10449162968702e+00
  2.04977184310535e+00  1.99289580462565e+00  1.93414684856802e+00
  1.87380589566382e+00  1.81214948267062e+00  1.74944799269778e+00
  1.68596408870857e+00  1.62195134884956e+00  1.55765309815405e+00
  1.49330142925020e+00  1.42911640175937e+00  1.36530540937908e+00
  1.30206270218308e+00  1.23956905163137e+00  1.17799154548199e+00
  1.11748350020864e+00  1.05818447884810e+00  1.00022040289591e+00
  9.43703747410415e-01  8.88733809319758e-01  8.35397039475453e-01
  7.83767429850371e-01  7.33906947801649e-01  6.85866010086142e-01
  6.39683990054867e-01  5.95389751384301e-01  5.53002203703854e-01
  5.12530874105296e-01  4.73976490538422e-01  4.37331572864978e-01
  4.02581027254740e-01  3.69702740981205e-01  3.38668173636582e-01
  3.09442942022997e-01  2.81987395588410e-01  2.56257179716580e-01
  2.32203784447944e-01  2.09775076359582e-01  1.88915811744846e-01
  1.69568129435249e-01  1.51672022023568e-01  1.35165784402337e-01
  1.19986439019623e-01  1.06070137232028e-01  9.33525367238393e-02
  8.17691547618218e-02  7.12556975963107e-02  6.17483661603020e-02
  5.31841384958123e-02  4.55010293517496e-02  3.86383274261808e-02
  3.25368108140248e-02  2.71389411646480e-02  2.23890370823009e-02
  1.82334273366870e-02  1.46205842225044e-02  1.15012376632667e-02
  8.82847038424740e-03  6.55779456794347e-03  4.64721033431314e-03
  3.05724640927605e-03  1.75098333132044e-03  6.94059569346882e-04
 -1.45338993606980e-04 -7.96505754775963e-04 -1.28625562381025e-03
 -1.63898214480735e-03 -1.87672860424113e-03 -2.01927224166029e-03
 -2.08422035165184e-03 -2.08711703804926e-03 -2.04155918600371e-03
 -1.95932009665239e-03 -1.85047911558878e-03 -1.72355551014857e-03
 -1.58564479967456e-03 -1.44255573819538e-03 -1.29894618156868e-03
 -1.15845614763081e-03 -1.02383649560894e-03 -8.97071804959647e-04
 -7.79496221872278e-04 -6.71901254491650e-04 -5.74634728740408e-04
 -4.87690357156237e-04 -4.10787613774102e-04 -3.43441840996952e-04
 -2.85024731131586e-04 -2.34815519663722e-04 -1.92043393552535e-04
 -1.55921752638974e-04 -1.25675063260954e-04 -1.00559110398955e-04
 -7.98754891156630e-05 -6.29811805078462e-05 -4.92940353683971e-05
 -3.82949448015043e-05 -2.95274158935187e-05 -2.25951972508551e-05
 -1.71585184831802e-05 -1.29294239608270e-05 -9.66659819529034e-06
 -7.17000100566392e-06 -5.27555778801355e-06 -3.85008505135205e-06
 -2.78657514883349e-06 -1.99991698958659e-06 -1.42309124308740e-06
 -1.00384894002342e-06 -7.01860083416679e-07 -4.86303509823154e-07
 -3.33859262876338e-07 -2.27059367604318e-07 -1.52951052465912e-07
 -1.02027178807870e-07 -6.73812669744281e-08 -4.40481819276770e-08
 -2.84960169516494e-08 -1.82391839123646e-08 -1.15474429786728e-08
 -7.22960948116232e-09 -4.47485591937012e-09 -2.73752619880263e-09
 -1.65475669438764e-09 -9.88031130554975e-10 -5.82577168658246e-10
 -3.39093901590599e-10 -1.94786671604375e-10 -1.10381848609096e-10
 -6.16871602372484e-11 -3.39871779465056e-11 -1.84545878402375e-11
 -9.87188961160083e-12 -5.20039440713389e-12 -2.69675305277815e-12
 -1.37606595518184e-12 -6.90637428027632e-13 -3.40791382707629e-13
 -1.65258848510413e-13 -7.87197291501955e-14 -3.68167340971711e-14
 -1.68983636186191e-14 -7.60801470081951e-15 -3.35822432201507e-15
 -1.45257594887733e-15 -6.15362034940140e-16 -2.55184403718941e-16
 -1.03532105224361e-16 -4.10703988286438e-17 -1.59224132474946e-17
 -6.03189158359132e-18 -2.23051538600234e-18 -8.04646481367383e-19
 -2.83011694733148e-19 -9.70059718128481e-20 -3.23993887994682e-20
 -1.05555832557722e-20 -3.34841740718958e-21 -1.03174820910718e-21
 -3.08578087365691e-22 -8.95129821304917e-23 -2.51652132169041e-23
 -6.85116464238578e-24 -1.80477984050872e-24
 (i6, f12.0, f18.0, f8.3, i6)
   586  60.0000000  0.02500000000000   7.000     1
 (3e22.14)
  1.86844404938776e-06  1.96409442254056e-06  2.06464088540749e-06
  2.17033401738813e-06  2.28143721941451e-06  2.39822736976444e-06
  2.52099551340107e-06  2.65004758655141e-06  2.78570517832333e-06
  2.92830633125312e-06  3.07820638277166e-06  3.23577884967838e-06
  3.40141635782007e-06  3.57553161928114e-06  3.75855845951359e-06
  3.95095289695238e-06  4.15319427780052e-06  4.36578646879466e-06
  4.58925911091518e-06  4.82416893714787e-06  5.07110115756795e-06
  5.33067091518015e-06  5.60352481612720e-06  5.89034253805773e-06
  6.19183852064552e-06  6.50876374244395e-06  6.84190758848757e-06
  7.19209981326000e-06  7.56021260389896e-06  7.94716274874400e-06
  8.35391391660108e-06  8.78147905236554e-06  9.23092289493804e-06
  9.70336462366074e-06  1.01999806398318e-05  1.07220074901688e-05
  1.12707449394682e-05  1.18475592000458e-05  1.24538863259569e-05
  1.30912357803785e-05  1.37611941849778e-05  1.44654292605275e-05
  1.52056939685094e-05  1.59838308639280e-05  1.68017766700969e-05
  1.76615670866710e-05  1.85653418428195e-05  1.95153500079793e-05
  2.05139555733145e-05  2.15636433176298e-05  2.26670249722104e-05
  2.38268456997747e-05  2.50459909035159e-05  2.63274933829860e-05
  2.76745408544696e-05  2.90904838543284e-05  3.05788440447972e-05
  3.21433229426371e-05  3.37878110921299e-05  3.55163977049458e-05
  3.73333807905994e-05  3.92432778023326e-05  4.12508368246335e-05
  4.33610483297658e-05  4.55791575322388e-05  4.79106773714447e-05
  5.03614021543387e-05  5.29374218915593e-05  5.56451373621243e-05
  5.84912759435510e-05  6.14829082461813e-05  6.46274655923282e-05
  6.79327583830509e-05  7.14069953973495e-05  7.50588040709751e-05
  7.88972518042946e-05  8.29318683512339e-05  8.71726693438072e-05
  9.16301810096641e-05  9.63154661426685e-05  1.01240151389916e-04
  1.06416455921335e-04  1.11857221551727e-04  1.17575944388270e-04
  1.23586808080380e-04  1.29904718752506e-04  1.36545341704595e-04
  1.43525139968984e-04  1.50861414817218e-04  1.58572348314448e-04
  1.66677048024593e-04  1.75195593973798e-04  1.84149087985796e-04
  1.93559705507841e-04  2.03450750052128e-04  2.13846710383566e-04
  2.24773320591481e-04  2.36257623189256e-04  2.48328035393588e-04
  2.61014418741768e-04  2.74348152214046e-04  2.88362209035572e-04
  3.03091237341618e-04  3.18571644898272e-04  3.34841688080869e-04
  3.51941565321334e-04  3.69913515247462e-04  3.88801919746069e-04
  4.08653412195469e-04  4.29516991122680e-04  4.51444139554752e-04
  4.74488950345682e-04  4.98708257774739e-04  5.24161775725649e-04
  5.50912242772147e-04  5.79025574509456e-04  6.08571023490133e-04
  6.39621347136641e-04  6.72252984024768e-04  7.06546238947244e-04
  7.42585477189474e-04  7.80459328467962e-04  8.20260901004889e-04
  8.62088006233448e-04  9.06043394654197e-04  9.52235003384164e-04
  1.00077621597032e-03  1.05178613506135e-03  1.10538986856398e-03
  1.16171882993614e-03  1.22091105330268e-03  1.28311152410799e-03
  1.34847252605876e-03  1.41715400513656e-03  1.48932395150756e-03
  1.56515880018237e-03  1.64484385132981e-03  1.72857371118127e-03
  1.81655275451112e-03  1.90899560971941e-03  2.00612766759439e-03
  2.10818561487475e-03  2.21541799379159e-03  2.32808578881087e-03
  2.44646304186567e-03  2.57083749741249e-03  2.70151127871514e-03
  2.83880159681362e-03  2.98304149370993e-03  3.13458062135348e-03
  3.29378605810332e-03  3.46104316438327e-03  3.63675647935822e-03
  3.82135066050302e-03  4.01527146804278e-03  4.21898679630916e-03
  4.43298775415591e-03  4.65778979665387e-03  4.89393391039735e-03
  5.14198785481988e-03  5.40254746206102e-03  5.67623799796824e-03
  5.96371558699255e-03  6.26566870377935e-03  6.58281973442126e-03
  6.91592661041919e-03  7.26578451854213e-03  7.63322768987195e-03
  8.01913127148536e-03  8.42441328429360e-03  8.85003667077243e-03
  9.29701143636188e-03  9.76639688853510e-03  1.02593039776120e-02
  1.07768977435928e-02  1.13203998733656e-02  1.18910913728983e-02
  1.24903153590121e-02  1.31194799757069e-02  1.37800614399186e-02
  1.44736072219715e-02  1.52017393659722e-02  1.59661579556628e-02
  1.67686447313329e-02  1.76110668636273e-02  1.84953808901189e-02
  1.94236368208678e-02  2.03979824190413e-02  2.14206676632219e-02
  2.24940493977080e-02  2.36205961776988e-02  2.48028933160293e-02
  2.60436481384894e-02  2.73456954547092e-02  2.87120032518746e-02
  3.01456786183621e-02  3.16499739048701e-02  3.32282931301491e-02
  3.48841986390785e-02  3.66214180203161e-02  3.84438512911884e-02
  4.03555783570997e-02  4.23608667531524e-02  4.44641796748673e-02
  4.66701843058952e-02  4.89837604489886e-02  5.14100094679639e-02
  5.39542635466258e-02  5.66220952715274e-02  5.94193275443268e-02
  6.23520438296426e-02  6.54265987433049e-02  6.86496289862093e-02
  7.20280646270781e-02  7.55691407387249e-02  7.92804093889954e-02
  8.31697519897701e-02  8.72453920035181e-02  9.15159080081683e-02
  9.59902471182944e-02  1.00677738760402e-01  1.05588108797507e-01
  1.10731493998357e-01  1.16118456842148e-01  1.21760000651831e-01
  1.27667585041413e-01  1.33853141666858e-01  1.40329090261519e-01
  1.47108354939315e-01  1.54204380742596e-01  1.61631150410825e-01
  1.69403201340381e-01  1.77535642705844e-01  1.86044172703583e-01
  1.94945095881636e-01  2.04255340507169e-01  2.13992475925481e-01
  2.24174729853309e-01  2.34821005548807e-01  2.45950898788364e-01
  2.57584714583986e-01  2.69743483553365e-01  2.82448977867435e-01
  2.95723726670733e-01  3.09591030882308e-01  3.24074977260873e-01
  3.39200451619397e-01  3.54993151058167e-01  3.71479595082691e-01
  3.88687135452054e-01  4.06643964609312e-01  4.25379122509539e-01
  4.44922501683061e-01  4.65304850321008e-01  4.86557773194600e-01
  5.08713730177577e-01  5.31806032147764e-01  5.55868834016621e-01
  5.80937124635870e-01  6.07046713295209e-01  6.34234212543622e-01
  6.62537017003569e-01  6.91993277898267e-01  7.22641872922975e-01
  7.54522371148247e-01  7.87674992572308e-01  8.22140561964404e-01
  8.57960456601372e-01  8.95176547514197e-01  9.33831133809532e-01
  9.73966869682592e-01  1.01562668363639e+00  1.05885368953695e+00
  1.10369108898810e+00  1.15018206463737e+00  1.19836966391397e+00
  1.24829667279427e+00  1.30000547907907e+00  1.35353792484314e+00
  1.40893514749901e+00  1.46623740918605e+00  1.52548391398255e+00
  1.58671261264204e+00  1.64995999444031e+00  1.71526086591881e+00
  1.78264811610334e+00  1.85215246819374e+00  1.92380221729591e+00
  1.99762295435791e+00  2.07363727606039e+00  2.15186448086237e+00
  2.23232025125101e+00  2.31501632250356e+00  2.39996013822415e+00
  2.48715449326221e+00  2.57659716441319e+00  2.66828052993687e+00
  2.76219117843571e+00  2.85830950853989e+00  2.95660932032256e+00
  3.05705740013797e+00  3.15961310029291e+00  3.26422791571926e+00
  3.37084505925500e+00  3.47939903851538e+00  3.58981523611437e+00
  3.70200949685068e+00  3.81588772425792e+00  3.93134549032848e+00
  4.04826766171282e+00  4.16652804648364e+00  4.28598906534344e+00
  4.40650145203939e+00  4.52790398710400e+00  4.65002327059177e+00
  4.77267353783616e+00  4.89565652490358e+00  5.01876138786924e+00
  5.14176468275188e+00  5.26443041106555e+00  5.38651013736372e+00
  5.50774318428888e+00  5.62785691147388e+00  5.74656708342577e+00
  5.86357833298383e+00  5.97858472452473e+00  6.09127042377967e+00
  6.20131047702033e+00  6.30837170599672e+00  6.41211372066483e+00
  6.51219005415356e+00  6.60824942114995e+00  6.69993710271720e+00
  6.78689645589792e+00  6.86877055043763e+00  6.94520392760141e+00
  7.01584448116823e+00  7.08034545367676e+00  7.13836754374121e+00
  7.18958111542130e+00  7.23366850221293e+00  7.27032639217958e+00
  7.29926828472791e+00  7.32022700071543e+00  7.33295723290678e+00
  7.33723811552214e+00  7.33287579533949e+00  7.31970597922418e+00
  7.29759643879903e+00  7.26644944131234e+00  7.22620408645910e+00
  7.17683851519032e+00  7.11837196622282e+00  7.05086664736718e+00
  6.97442939387883e+00  6.88921308066638e+00  6.79541776219095e+00
  6.69329150539606e+00  6.58313089298658e+00  6.46528116479068e+00
  6.34013597643202e+00  6.20813675009913e+00  6.06977160030770e+00
  5.92557381615617e+00  5.77611989207630e+00  5.62202709504627e+00
  5.46395057147285e+00  5.30257999202875e+00  5.13863574745285e+00
  4.97286470793846e+00  4.80603556993208e+00  4.63893381603278e+00
  4.47235632651019e+00  4.30710567893891e+00  4.14398418933039e+00
  3.98378774314781e+00  3.82729947973388e+00  3.67528339171909e+00
  3.52847790942295e+00  3.38758954108376e+00  3.25328664334757e+00
  3.12619339727188e+00  3.00688406411874e+00  2.89587759532529e+00
  2.79363266664419e+00  2.70054320338908e+00  2.61693445788899e+00
  2.54305969362346e+00  2.47909752325910e+00  2.42514993890363e+00
  2.38124106414353e+00  2.34731664832866e+00  2.32324431313920e+00
  2.30881455336961e+00  2.30374248341058e+00  2.30767031328793e+00
  2.32017052917038e+00  2.34074974605951e+00  2.36885319315003e+00
  2.40386978534695e+00  2.44513772981962e+00  2.49195060829312e+00
  2.54356387461963e+00  2.59920169836374e+00  2.65806408559299e+00
  2.71933420152074e+00  2.78218581970168e+00  2.84579081955003e+00
  2.90932665384162e+00  2.97198370806385e+00  3.03297247449426e+00
  3.09153046585925e+00  3.14692879681150e+00  3.19847836462792e+00
  3.24553556592788e+00  3.28750749094042e+00  3.32385654362681e+00
  3.35410444212206e+00  3.37783556182415e+00  3.39469959087764e+00
  3.40441347635043e+00  3.40676264741249e+00  3.40160151129725e+00
  3.38885322584826e+00  3.36850876179872e+00  3.34062527679724e+00
  3.30532383067691e+00  3.26278648117257e+00  3.21325280517512e+00
  3.15701589884987e+00  3.09441791577254e+00  3.02584520697999e+00
  2.95172313237438e+00  2.87251061498078e+00  2.78869451237903e+00
  2.70078388056897e+00  2.60930420427054e+00  2.51479166827774e+00
  2.41778753841914e+00  2.31883272114785e+00  2.21846256162297e+00
  2.11720193817319e+00  2.01556070195908e+00  1.91402950517569e+00
  1.81307605283929e+00  1.71314180592997e+00  1.61463915521995e+00
  1.51794907814286e+00  1.42341928219362e+00  1.33136283250360e+00
  1.24205725282873e+00  1.15574408412226e+00  1.07262887831415e+00
  9.92881600291594e-01  9.16637406528249e-01  8.43997765653603e-01
  7.75031882876942e-01  7.09778388893946e-01  6.48247252073553e-01
  5.90421872590525e-01  5.36261317243168e-01  4.85702654508776e-01
  4.38663350945924e-01  3.95043691978098e-01  3.54729192570402e-01
  3.17592966217674e-01  2.83498023836055e-01  2.52299477645554e-01
  2.23846628713681e-01  1.97984920579406e-01  1.74557745123534e-01
  1.53408090457912e-01  1.34380024192210e-01  1.17320008751391e-01
  1.02078048450485e-01  8.85086708682744e-02  7.64717474315534e-02
  6.58331602211492e-02  5.64653237057225e-02  4.82475714137525e-02
  4.10664185399222e-02  3.48157120815142e-02  2.93966804242901e-02
  2.47178943207710e-02  2.06951510099669e-02  1.72512928224433e-02
  1.43159710704681e-02  1.18253653582153e-02  9.72186770588907e-03
  7.95374010256533e-03  6.47475329537082e-03  5.24381383010599e-03
  4.22458557468293e-03  3.38511121058357e-03  2.69743846103763e-03
  2.13725515107830e-03  1.68353655764999e-03  1.31820791028241e-03
  1.02582434138770e-03  7.93270059150260e-04  6.09478024355011e-04
  4.65170955579222e-04  3.52624065785716e-04  2.65449549908725e-04
  1.98402499193451e-04  1.47207617046911e-04  1.08405854745762e-04
  7.92198753035989e-05  5.74370907339217e-05  4.13089012712459e-05
  2.94646930340428e-05  2.08391201068374e-05  1.46112039348152e-05
  1.01538223101684e-05  6.99222648275482e-06  4.77031216271991e-06
  3.22347261642188e-06  2.15697398255867e-06  1.42890943975165e-06
  9.36905314852263e-07  6.07865241119857e-07  3.90144896726506e-07
  2.47648031051403e-07  1.55422637050835e-07  9.64141969024111e-08
  5.91001371730695e-08  3.57871325087198e-08  2.14004370862844e-08
  1.26339411644633e-08  7.36095909488508e-09  4.23121774132421e-09
  2.39873471412527e-09  1.34070966812285e-09  7.38520102169840e-10
  4.00785060626853e-10  2.14193663565509e-10  1.12691160387824e-10
  5.83413214909080e-11  2.97091700901781e-11  1.48749896803376e-11
  7.31962009429889e-12  3.53829304637664e-12  1.67948172182939e-12
  7.82403655396099e-13  3.57563664802070e-13  1.60225010464465e-13
  7.03629347543698e-14  3.02671336606632e-14  1.27462467962003e-14
  5.25222388711560e-15  2.11649397280368e-15  8.33565391835325e-16
  3.20693453473557e-16  1.20490894592952e-16  4.41667044976155e-17
  1.57829190328817e-17  5.49275550139458e-18  1.85830720344507e-18
  6.08564114020934e-19  1.90589937098644e-19  5.95303765440140e-20
  1.80544497883831e-20  5.31267203939812e-21  1.51562875158118e-21
  4.18873895662029e-22  1.12056053795430e-22  2.89928574165229e-23
  7.24908884962637e-24  1.74999289171533e-24  4.07533986468050e-25
  9.14682836158529e-26  1.97674580567479e-26  4.10949925945567e-27
  8.21028874707536e-28  1.57478861937357e-28  2.89689143200772e-29
  5.10538789646341e-30  8.61074383519081e-31  1.38830502017278e-31
  2.13730297462204e-32  3.13816946051905e-33  4.38929810532123e-34
  5.84101398936101e-35  7.38598604608245e-36  8.86328094462561e-37
  1.00802398726476e-37
 (i6, f12.0, f18.0, f8.3, i6)
   586  60.0000000  0.02500000000000   7.000     1
 (3e22.14)
  1.86844404938776e-06  1.96409442254056e-06  2.06464088540749e-06
  2.17033401738813e-06  2.28143721941451e-06  2.39822736976444e-06
  2.52099551340107e-06  2.65004758655141e-06  2.78570517832333e-06
  2.92830633125312e-06  3.07820638277166e-06  3.23577884967838e-06
  3.40141635782007e-06  3.57553161928114e-06  3.75855845951359e-06
  3.95095289695238e-06  4.15319427780052e-06  4.36578646879466e-06
  4.58925911091518e-06  4.82416893714787e-06  5.07110115756795e-06
  5.33067091518015e-06  5.60352481612720e-06  5.89034253805773e-06
  6.19183852064552e-06  6.50876374244395e-06  6.84190758848757e-06
  7.19209981326000e-06  7.56021260389896e-06  7.94716274874400e-06
  8.35391391660108e-06  8.78147905236554e-06  9.23092289493804e-06
  9.70336462366074e-06  1.01999806398318e-05  1.07220074901688e-05
  1.12707449394682e-05  1.18475592000458e-05  1.24538863259569e-05
  1.30912357803785e-05  1.37611941849778e-05  1.44654292605275e-05
  1.52056939685094e-05  1.59838308639280e-05  1.68017766700969e-05
  1.76615670866710e-05  1.85653418428195e-05  1.95153500079793e-05
  2.05139555733145e-05  2.15636433176298e-05  2.26670249722104e-05
  2.38268456997747e-05  2.50459909035159e-05  2.63274933829860e-05
  2.76745408544696e-05  2.90904838543284e-05  3.05788440447972e-05
  3.21433229426371e-05  3.37878110921299e-05  3.55163977049458e-05
  3.73333807905994e-05  3.92432778023326e-05  4.12508368246335e-05
  4.33610483297658e-05  4.55791575322388e-05  4.79106773714447e-05
  5.03614021543387e-05  5.29374218915593e-05  5.56451373621243e-05
  5.84912759435510e-05  6.14829082461813e-05  6.46274655923282e-05
  6.79327583830509e-05  7.14069953973495e-05  7.50588040709751e-05
  7.88972518042946e-05  8.29318683512339e-05  8.71726693438072e-05
  9.16301810096641e-05  9.63154661426685e-05  1.01240151389916e-04
  1.06416455921335e-04  1.11857221551727e-04  1.17575944388270e-04
  1.23586808080380e-04  1.29904718752506e-04  1.36545341704595e-04
  1.43525139968984e-04  1.50861414817218e-04  1.58572348314448e-04
  1.66677048024593e-04  1.75195593973798e-04  1.84149087985796e-04
  1.93559705507841e-04  2.03450750052128e-04  2.13846710383566e-04
  2.24773320591481e-04  2.36257623189256e-04  2.48328035393588e-04
  2.61014418741768e-04  2.74348152214046e-04  2.88362209035572e-04
  3.03091237341618e-04  3.18571644898272e-04  3.34841688080869e-04
  3.51941565321334e-04  3.69913515247462e-04  3.88801919746069e-04
  4.08653412195469e-04  4.29516991122680e-04  4.51444139554752e-04
  4.74488950345682e-04  4.98708257774739e-04  5.24161775725649e-04
  5.50912242772147e-04  5.79025574509456e-04  6.08571023490133e-04
  6.39621347136641e-04  6.72252984024768e-04  7.06546238947244e-04
  7.42585477189474e-04  7.80459328467962e-04  8.20260901004889e-04
  8.62088006233448e-04  9.06043394654197e-04  9.52235003384164e-04
  1.00077621597032e-03  1.05178613506135e-03  1.10538986856398e-03
  1.16171882993614e-03  1.22091105330268e-03  1.28311152410799e-03
  1.34847252605876e-03  1.41715400513656e-03  1.48932395150756e-03
  1.56515880018237e-03  1.64484385132981e-03  1.72857371118127e-03
  1.81655275451112e-03  1.90899560971941e-03  2.00612766759439e-03
  2.10818561487475e-03  2.21541799379159e-03  2.32808578881087e-03
  2.44646304186567e-03  2.57083749741249e-03  2.70151127871514e-03
  2.83880159681362e-03  2.98304149370993e-03  3.13458062135348e-03
  3.29378605810332e-03  3.46104316438327e-03  3.63675647935822e-03
  3.82135066050302e-03  4.01527146804278e-03  4.21898679630916e-03
  4.43298775415591e-03  4.65778979665387e-03  4.89393391039735e-03
  5.14198785481988e-03  5.40254746206102e-03  5.67623799796824e-03
  5.96371558699255e-03  6.26566870377935e-03  6.58281973442126e-03
  6.91592661041919e-03  7.26578451854213e-03  7.63322768987195e-03
  8.01913127148536e-03  8.42441328429360e-03  8.85003667077243e-03
  9.29701143636188e-03  9.76639688853510e-03  1.02593039776120e-02
  1.07768977435928e-02  1.13203998733656e-02  1.18910913728983e-02
  1.24903153590121e-02  1.31194799757069e-02  1.37800614399186e-02
  1.44736072219715e-02  1.52017393659722e-02  1.59661579556628e-02
  1.67686447313329e-02  1.76110668636273e-02  1.84953808901189e-02
  1.94236368208678e-02  2.03979824190413e-02  2.14206676632219e-02
  2.24940493977080e-02  2.36205961776988e-02  2.48028933160293e-02
  2.60436481384894e-02  2.73456954547092e-02  2.87120032518746e-02
  3.01456786183621e-02  3.16499739048701e-02  3.32282931301491e-02
  3.48841986390785e-02  3.66214180203161e-02  3.84438512911884e-02
  4.03555783570997e-02  4.23608667531524e-02  4.44641796748673e-02
  4.66701843058952e-02  4.89837604489886e-02  5.14100094679639e-02
  5.39542635466258e-02  5.66220952715274e-02  5.94193275443268e-02
  6.23520438296426e-02  6.54265987433049e-02  6.86496289862093e-02
  7.20280646270781e-02  7.55691407387249e-02  7.92804093889954e-02
  8.31697519897701e-02  8.72453920035181e-02  9.15159080081683e-02
  9.59902471182944e-02  1.00677738760402e-01  1.05588108797507e-01
  1.10731493998357e-01  1.16118456842148e-01  1.21760000651831e-01
  1.27667585041413e-01  1.33853141666858e-01  1.40329090261519e-01
  1.47108354939315e-01  1.54204380742596e-01  1.61631150410825e-01
  1.69403201340381e-01  1.77535642705844e-01  1.86044172703583e-01
  1.94945095881636e-01  2.04255340507169e-01  2.13992475925481e-01
  2.24174729853309e-01  2.34821005548807e-01  2.45950898788364e-01
  2.57584714583986e-01  2.69743483553365e-01  2.82448977867435e-01
  2.95723726670733e-01  3.09591030882308e-01  3.24074977260873e-01
  3.39200451619397e-01  3.54993151058167e-01  3.71479595082691e-01
  3.88687135452054e-01  4.06643964609312e-01  4.25379122509539e-01
  4.44922501683061e-01  4.65304850321008e-01  4.86557773194600e-01
  5.08713730177577e-01  5.31806032147764e-01  5.55868834016621e-01
  5.80937124635870e-01  6.07046713295209e-01  6.34234212543622e-01
  6.62537017003569e-01  6.91993277898267e-01  7.22641872922975e-01
  7.54522371148247e-01  7.87674992572308e-01  8.22140561964404e-01
  8.57960456601372e-01  8.95176547514197e-01  9.33831133809532e-01
  9.73966869682592e-01  1.01562668363639e+00  1.05885368953695e+00
  1.10369108898810e+00  1.15018206463737e+00  1.19836966391397e+00
  1.24829667279427e+00  1.30000547907907e+00  1.35353792484314e+00
  1.40893514749901e+00  1.46623740918605e+00  1.52548391398255e+00
  1.58671261264204e+00  1.64995999444031e+00  1.71526086591881e+00
  1.78264811610334e+00  1.85215246819374e+00  1.92380221729591e+00
  1.99762295435791e+00  2.07363727606039e+00  2.15186448086237e+00
  2.23232025125101e+00  2.31501632250356e+00  2.39996013822415e+00
  2.48715449326221e+00  2.57659716441319e+00  2.66828052993687e+00
  2.76219117843571e+00  2.85830950853989e+00  2.95660932032256e+00
  3.05705740013797e+00  3.15961310029291e+00  3.26422791571926e+00
  3.37084505925500e+00  3.47939903851538e+00  3.58981523611437e+00
  3.70200949685068e+00  3.81588772425792e+00  3.93134549032848e+00
  4.04826766171282e+00  4.16652804648364e+00  4.28598906534344e+00
  4.40650145203939e+00  4.52790398710400e+00  4.65002327059177e+00
  4.77267353783616e+00  4.89565652490358e+00  5.01876138786924e+00
  5.14176468275188e+00  5.26443041106555e+00  5.38651013736372e+00
  5.50774318428888e+00  5.62785691147388e+00  5.74656708342577e+00
  5.86357833298383e+00  5.97858472452473e+00  6.09127042377967e+00
  6.20131047702033e+00  6.30837170599672e+00  6.41211372066483e+00
  6.51219005415356e+00  6.60824942114995e+00  6.69993710271720e+00
  6.78689645589792e+00  6.86877055043763e+00  6.94520392760141e+00
  7.01584448116823e+00  7.08034545367676e+00  7.13836754374121e+00
  7.18958111542130e+00  7.23366850221293e+00  7.27032639217958e+00
  7.29926828472791e+00  7.32022700071543e+00  7.33295723290678e+00
  7.33723811552214e+00  7.33287579533949e+00  7.31970597922418e+00
  7.29759643879903e+00  7.26644944131234e+00  7.22620408645910e+00
  7.17683851519032e+00  7.11837196622282e+00  7.05086664736718e+00
  6.97442939387883e+00  6.88921308066638e+00  6.79541776219095e+00
  6.69329150539606e+00  6.58313089298658e+00  6.46528116479068e+00
  6.34013597643202e+00  6.20813675009913e+00  6.06977160030770e+00
  5.92557381615617e+00  5.77611989207630e+00  5.62202709504627e+00
  5.46395057147285e+00  5.30257999202875e+00  5.13863574745285e+00
  4.97286470793846e+00  4.80603556993208e+00  4.63893381603278e+00
  4.47235632651019e+00  4.30710567893891e+00  4.14398418933039e+00
  3.98378774314781e+00  3.82729947973388e+00  3.67528339171909e+00
  3.52847790942295e+00  3.38758954108376e+00  3.25328664334757e+00
  3.12619339727188e+00  3.00688406411874e+00  2.89587759532529e+00
  2.79363266664419e+00  2.70054320338908e+00  2.61693445788899e+00
  2.54305969362346e+00  2.47909752325910e+00  2.42514993890363e+00
  2.38124106414353e+00  2.34731664832866e+00  2.32324431313920e+00
  2.30881455336961e+00  2.30374248341058e+00  2.30767031328793e+00
  2.32017052917038e+00  2.34074974605951e+00  2.36885319315003e+00
  2.40386978534695e+00  2.44513772981962e+00  2.49195060829312e+00
  2.54356387461963e+00  2.59920169836374e+00  2.65806408559299e+00
  2.71933420152074e+00  2.78218581970168e+00  2.84579081955003e+00
  2.90932665384162e+00  2.97198370806385e+00  3.03297247449426e+00
  3.09153046585925e+00  3.14692879681150e+00  3.19847836462792e+00
  3.24553556592788e+00  3.28750749094042e+00  3.32385654362681e+00
  3.35410444212206e+00  3.37783556182415e+00  3.39469959087764e+00
  3.40441347635043e+00  3.40676264741249e+00  3.40160151129725e+00
  3.38885322584826e+00  3.36850876179872e+00  3.34062527679724e+00
  3.30532383067691e+00  3.26278648117257e+00  3.21325280517512e+00
  3.15701589884987e+00  3.09441791577254e+00  3.02584520697999e+00
  2.95172313237438e+00  2.87251061498078e+00  2.78869451237903e+00
  2.70078388056897e+00  2.60930420427054e+00  2.51479166827774e+00
  2.41778753841914e+00  2.31883272114785e+00  2.21846256162297e+00
  2.11720193817319e+00  2.01556070195908e+00  1.91402950517569e+00
  1.81307605283929e+00  1.71314180592997e+00  1.61463915521995e+00
  1.51794907814286e+00  1.42341928219362e+00  1.33136283250360e+00
  1.24205725282873e+00  1.15574408412226e+00  1.07262887831415e+00
  9.92881600291594e-01  9.16637406528249e-01  8.43997765653603e-01
  7.75031882876942e-01  7.09778388893946e-01  6.48247252073553e-01
  5.90421872590525e-01  5.36261317243168e-01  4.85702654508776e-01
  4.38663350945924e-01  3.95043691978098e-01  3.54729192570402e-01
  3.17592966217674e-01  2.83498023836055e-01  2.52299477645554e-01
  2.23846628713681e-01  1.97984920579406e-01  1.74557745123534e-01
  1.53408090457912e-01  1.34380024192210e-01  1.17320008751391e-01
  1.02078048450485e-01  8.85086708682744e-02  7.64717474315534e-02
  6.58331602211492e-02  5.64653237057225e-02  4.82475714137525e-02
  4.10664185399222e-02  3.48157120815142e-02  2.93966804242901e-02
  2.47178943207710e-02  2.06951510099669e-02  1.72512928224433e-02
  1.43159710704681e-02  1.18253653582153e-02  9.72186770588907e-03
  7.95374010256533e-03  6.47475329537082e-03  5.24381383010599e-03
  4.22458557468293e-03  3.38511121058357e-03  2.69743846103763e-03
  2.13725515107830e-03  1.68353655764999e-03  1.31820791028241e-03
  1.02582434138770e-03  7.93270059150260e-04  6.09478024355011e-04
  4.65170955579222e-04  3.52624065785716e-04  2.65449549908725e-04
  1.98402499193451e-04  1.47207617046911e-04  1.08405854745762e-04
  7.92198753035989e-05  5.74370907339217e-05  4.13089012712459e-05
  2.94646930340428e-05  2.08391201068374e-05  1.46112039348152e-05
  1.01538223101684e-05  6.99222648275482e-06  4.77031216271991e-06
  3.22347261642188e-06  2.15697398255867e-06  1.42890943975165e-06
  9.36905314852263e-07  6.07865241119857e-07  3.90144896726506e-07
  2.47648031051403e-07  1.55422637050835e-07  9.64141969024111e-08
  5.91001371730695e-08  3.57871325087198e-08  2.14004370862844e-08
  1.26339411644633e-08  7.36095909488508e-09  4.23121774132421e-09
  2.39873471412527e-09  1.34070966812285e-09  7.38520102169840e-10
  4.00785060626853e-10  2.14193663565509e-10  1.12691160387824e-10
  5.83413214909080e-11  2.97091700901781e-11  1.48749896803376e-11
  7.31962009429889e-12  3.53829304637664e-12  1.67948172182939e-12
  7.82403655396099e-13  3.57563664802070e-13  1.60225010464465e-13
  7.03629347543698e-14  3.02671336606632e-14  1.27462467962003e-14
  5.25222388711560e-15  2.11649397280368e-15  8.33565391835325e-16
  3.20693453473557e-16  1.20490894592952e-16  4.41667044976155e-17
  1.57829190328817e-17  5.49275550139458e-18  1.85830720344507e-18
  6.08564114020934e-19  1.90589937098644e-19  5.95303765440140e-20
  1.80544497883831e-20  5.31267203939812e-21  1.51562875158118e-21
  4.18873895662029e-22  1.12056053795430e-22  2.89928574165229e-23
  7.24908884962637e-24  1.74999289171533e-24  4.07533986468050e-25
  9.14682836158529e-26  1.97674580567479e-26  4.10949925945567e-27
  8.21028874707536e-28  1.57478861937357e-28  2.89689143200772e-29
  5.10538789646341e-30  8.61074383519081e-31  1.38830502017278e-31
  2.13730297462204e-32  3.13816946051905e-33  4.38929810532123e-34
  5.84101398936101e-35  7.38598604608245e-36  8.86328094462561e-37
  1.00802398726476e-37
