 (i6, f12.0, f18.0, f8.3, i6)
   665  60.0000000  0.02500000000000  26.000     2
 (3e22.14)
  2.89367842424056e-06  3.03926416337058e-06  3.19217416623429e-06
  3.35277687843171e-06  3.52145927781226e-06  3.69862780643920e-06
  3.88470934940761e-06  4.08015226287050e-06  4.28542745374540e-06
  4.50102951369861e-06  4.72747791013526e-06  4.96531823705595e-06
  5.21512352879400e-06  5.47749563978326e-06  5.75306669368785e-06
  6.04250060535644e-06  6.34649467929327e-06  6.66578128843714e-06
  7.00112963736364e-06  7.35334761403223e-06  7.72328373467536e-06
  8.11182918635130e-06  8.51991997219943e-06  8.94853916446098e-06
  9.39871927073474e-06  9.87154471911107e-06  1.03681544682083e-05
  1.08897447482964e-05  1.14375719402125e-05  1.20129555988362e-05
  1.26172816285320e-05  1.32520056180625e-05  1.39186563430701e-05
  1.46188394444517e-05  1.53542412915747e-05  1.61266330394190e-05
  1.69378748896538e-05  1.77899205655411e-05  1.86848220117413e-05
  1.96247343300144e-05  2.06119209628517e-05  2.16487591373546e-05
  2.27377455825016e-05  2.38815025334042e-05  2.50827840371201e-05
  2.63444825748749e-05  2.76696360169507e-05  2.90614349264248e-05
  3.05232302297680e-05  3.20585412722440e-05  3.36710642777175e-05
  3.53646812329430e-05  3.71434692177542e-05  3.90117102033063e-05
  4.09739013421253e-05  4.30347657741387e-05  4.51992639752034e-05
  4.74726056744621e-05  4.98602623698968e-05  5.23679804712738e-05
  5.50017951024378e-05  5.77680445956262e-05  6.06733857126977e-05
  6.37248096293316e-05  6.69296587208900e-05  7.02956441892733e-05
  7.38308645739708e-05  7.75438251901159e-05  8.14434585413960e-05
  8.55391457552845e-05  8.98407390926256e-05  9.43585855847128e-05
  9.91035518546404e-05  1.04087050181565e-04  1.09321065870838e-04
  1.14818185993930e-04  1.20591629568457e-04  1.26655279247846e-04
  1.33023714598502e-04  1.39712247041574e-04  1.46736956543928e-04
  1.54114730144667e-04  1.61863302409469e-04  1.70001297907979e-04
  1.78548275816584e-04  1.87524776750446e-04  1.96952371938452e-04
  2.06853714855247e-04  2.17252595434913e-04  2.28173996993243e-04
  2.39644155994982e-04  2.51690624805550e-04  2.64342337579085e-04
  2.77629679434051e-04  2.91584559085794e-04  3.06240485101964e-04
  3.21632645965866e-04  3.37797994133494e-04  3.54775334284727e-04
  3.72605415975406e-04  3.91331030910729e-04  4.10997115066209e-04
  4.31650855901362e-04  4.53341804911870e-04  4.76121995793397e-04
  5.00046068486144e-04  5.25171399399136e-04  5.51558238114679e-04
  5.79269850897096e-04  6.08372671339762e-04  6.38936458506692e-04
  6.71034462933883e-04  7.04743600886665e-04  7.40144637269175e-04
  7.77322377627473e-04  8.16365869679648e-04  8.57368614855726e-04
  9.00428790331228e-04  9.45649482076992e-04  9.93138929463104e-04
  1.04301078199093e-03  1.09538436874065e-03  1.15038498117267e-03
  1.20814416991889e-03  1.26880005627514e-03  1.33249765908982e-03
  1.39938923782547e-03  1.46963465256937e-03  1.54340174183250e-03
  1.62086671899932e-03  1.70221458834920e-03  1.78763958159005e-03
  1.87734561592658e-03  1.97154677468631e-03  2.07046781162882e-03
  2.17434468006853e-03  2.28342508803396e-03  2.39796908071291e-03
  2.51824965152939e-03  2.64455338320585e-03  2.77718112031309e-03
  2.91644867477004e-03  3.06268756594811e-03  3.21624579699905e-03
  3.37748866918931e-03  3.54679963604988e-03  3.72458119927372e-03
  3.91125584834627e-03  4.10726704604051e-03  4.31308026192589e-03
  4.52918405626089e-03  4.75609121658813e-03  4.99433994964252e-03
  5.24449513112801e-03  5.50714961617579e-03  5.78292561333216e-03
  6.07247612511825e-03  6.37648645828027e-03  6.69567580708253e-03
  7.03079891300682e-03  7.38264780458290e-03  7.75205362096518e-03
  8.13988852335110e-03  8.54706769821815e-03  8.97455145677512e-03
  9.42334743505667e-03  9.89451289939668e-03  1.03891571621177e-02
  1.09084441126440e-02  1.14535948692307e-02  1.20258905570914e-02
  1.26266752184724e-02  1.32573588610183e-02  1.39194206505178e-02
  1.46144122548003e-02  1.53439613455595e-02  1.61097752653595e-02
  1.69136448671966e-02  1.77574485345728e-02  1.86431563899482e-02
  1.95728347003893e-02  2.05486504887612e-02  2.15728763601034e-02
  2.26478955523184e-02  2.37762072213857e-02  2.49604319712405e-02
  2.62033176391853e-02  2.75077453478046e-02  2.88767358352596e-02
  3.03134560755862e-02  3.18212262019991e-02  3.34035267456655e-02
  3.50640062038286e-02  3.68064889509224e-02  3.86349835074442e-02
  4.05536911811516e-02  4.25670150967891e-02  4.46795696294404e-02
  4.68961902593310e-02  4.92219438640719e-02  5.16621394671211e-02
  5.42223394601292e-02  5.69083713185359e-02  5.97263398296541e-02
  6.26826398538022e-02  6.57839696385982e-02  6.90373447087769e-02
  7.24501123520733e-02  7.60299667255648e-02  7.97849646037701e-02
  8.37235417939200e-02  8.78545302416081e-02  9.21871758524958e-02
  9.67311570550203e-02  1.01496604130883e-01  1.06494119338726e-01
  1.11734797859824e-01  1.17230249590726e-01  1.22992621814001e-01
  1.29034622772007e-01  1.35369546175195e-01  1.42011296671772e-01
  1.48974416309078e-01  1.56274112014898e-01  1.63926284129281e-01
  1.71947556013987e-01  1.80355304771835e-01  1.89167693100132e-01
  1.98403702312434e-01  2.08083166550455e-01  2.18226808218628e-01
  2.28856274663972e-01  2.39994176129008e-01  2.51664125000131e-01
  2.63890776376578e-01  2.76699869977370e-01  2.90118273411215e-01
  3.04174026818060e-01  3.18896388907376e-01  3.34315884393899e-01
  3.50464352848953e-01  3.67374998965626e-01  3.85082444243198e-01
  4.03622780084336e-01  4.23033622301336e-01  4.43354167011197e-01
  4.64625247910818e-01  4.86889394891407e-01  5.10190893978561e-01
  5.34575848537479e-01  5.60092241711780e-01  5.86790000025566e-01
  6.14721058088503e-01  6.43939424319262e-01  6.74501247604865e-01
  7.06464884780482e-01  7.39890968832386e-01  7.74842477665099e-01
  8.11384803320890e-01  8.49585821451205e-01  8.89515960889765e-01
  9.31248273103577e-01  9.74858501314018e-01  1.02042514903315e+00
  1.06802954776221e+00  1.11775592353699e+00  1.16969146203613e+00
  1.22392637185454e+00  1.28055394562860e+00  1.33967061853825e+00
  1.40137602380135e+00  1.46577304464300e+00  1.53296786225160e+00
  1.60306999915007e+00  1.67619235741584e+00  1.75245125107355e+00
  1.83196643204523e+00  1.91486110884202e+00  2.00126195734027e+00
  2.09129912270060e+00  2.18510621166133e+00  2.28282027420811e+00
  2.38458177368761e+00  2.49053454429702e+00  2.60082573490750e+00
  2.71560573800229e+00  2.83502810264003e+00  2.95924943002083e+00
  3.08842925054180e+00  3.22272988075526e+00  3.36231625898262e+00
  3.50735575796831e+00  3.65801797312354e+00  3.81447448469794e+00
  3.97689859234898e+00  4.14546502028156e+00  4.32034959145859e+00
  4.50172886885416e+00  4.68977976232003e+00  4.88467909892972e+00
  5.08660315531498e+00  5.29572714994437e+00  5.51222469383627e+00
  5.73626719758492e+00  5.96802323351336e+00  6.20765785068718e+00
  6.45533184182196e+00  6.71120096012821e+00  6.97541508509144e+00
  7.24811733565890e+00  7.52944313023995e+00  7.81951919198663e+00
  8.11846249972790e+00  8.42637918302105e+00  8.74336336246554e+00
  9.06949593457662e+00  9.40484330257209e+00  9.74945605371535e+00
  1.01033675851299e+01  1.04665926796561e+01  1.08391260350777e+01
  1.12209407489616e+01  1.16119867642855e+01  1.20121892789388e+01
  1.24214471260114e+01  1.28396311297228e+01  1.32665824451668e+01
  1.37021108887771e+01  1.41459932699761e+01  1.45979717318866e+01
  1.50577521150578e+01  1.55250023530983e+01  1.59993509168828e+01
  1.64803853191164e+01  1.69676506970813e+01  1.74606484891320e+01
  1.79588352243531e+01  1.84616214434860e+01  1.89683707734846e+01
  1.94783991752341e+01  1.99909743904984e+01  2.05053156076006e+01
  2.10205933762013e+01  2.15359297910548e+01  2.20503989761065e+01
  2.25630278918076e+01  2.30727974961587e+01  2.35786442824077e+01
  2.40794622263559e+01  2.45741051614251e+01  2.50613896167514e+01
  2.55400981329339e+01  2.60089830861413e+01  2.64667710351922e+01
  2.69121676146939e+01  2.73438629830349e+01  2.77605378454737e+01
  2.81608700475099e+01  2.85435417549554e+01  2.89072472040273e+01
  2.92507010237086e+01  2.95726471066113e+01  2.98718680121632e+01
  3.01471948635809e+01  3.03975177102251e+01  3.06217962930431e+01
  3.08190711712560e+01  3.09884751274881e+01  3.11292447853111e+01
  3.12407323419739e+01  3.13224173239455e+01  3.13739182470562e+01
  3.13950040712172e+01  3.13856053042908e+01  3.13458246321132e+01
  3.12759469039176e+01  3.11764483346377e+01  3.10480047423178e+01
  3.08914986606738e+01  3.07080251424109e+01  3.04988960859974e+01
  3.02656428933382e+01  3.00100173027952e+01  2.97339902044114e+01
  2.94397482971579e+01  2.91296884187024e+01  2.88064094240647e+01
  2.84727014834524e+01  2.81315327130829e+01  2.77860330507133e+01
  2.74394753517766e+01  2.70952536704867e+01  2.67568587721649e+01
  2.64278509194279e+01  2.61118300491511e+01  2.58124034763958e+01
  2.55331513295264e+01  2.52775899403657e+01  2.50491334984938e+01
  2.48510542805125e+01  2.46864418590688e+01  2.45581617065456e+01
  2.44688136668078e+01  2.44206908115448e+01  2.44157392194611e+01
  2.44555192587243e+01  2.45411689725001e+01  2.46733701793058e+01
  2.48523179166465e+01  2.50776938488261e+01  2.53486442518944e+01
  2.56637631691470e+01  2.60210812987412e+01  2.64180611266687e+01
  2.68515987802298e+01  2.73180329844540e+01  2.78131614620334e+01
  2.83322649945762e+01  2.88701392937359e+01  2.94211347061521e+01
  2.99792036694012e+01  3.05379557111637e+01  3.10907196605176e+01
  3.16306126044169e+01  3.21506150001331e+01  3.26436512108517e+01
  3.31026746230850e+01  3.35207563615636e+01  3.38911765212294e+01
  3.42075167248762e+01  3.44637527209306e+01  3.46543456697395e+01
  3.47743307027164e+01  3.48194012946195e+01  3.47859879895392e+01
  3.46713300019016e+01  3.44735382685757e+01  3.41916485660498e+01
  3.38256634013923e+01  3.33765814873708e+01  3.28464137614621e+01
  3.22381850577425e+01  3.15559207581040e+01  3.08046179334205e+01
  2.99902007701704e+01  2.91194602982828e+01  2.81999787560059e+01
  2.72400391940113e+01  2.62485212548613e+01  2.52347843392722e+01
  2.42085397197086e+01  2.31797134121568e+01  2.21583019321863e+01
  2.11542232884958e+01  2.01771657845929e+01  1.92364373746400e+01
  1.83408184184804e+01  1.74984207416101e+01  1.67165558789638e+01
  1.60016152918534e+01  1.53589651750214e+01  1.47928582321201e+01
  1.43063644697929e+01  1.39013227080581e+01  1.35783140410418e+01
  1.33366580482473e+01  1.31744320352513e+01  1.30885130910907e+01
  1.30746422403482e+01  1.31275094763693e+01  1.32408579925709e+01
  1.34076054896249e+01  1.36199800373150e+01  1.38696676209465e+01
  1.41479682105030e+01  1.44459569735517e+01  1.47546471127423e+01
  1.50651507641079e+01  1.53688344414429e+01  1.56574656645129e+01
  1.59233476591588e+01  1.61594393607195e+01  1.63594583783227e+01
  1.65179650705591e+01  1.66304264252779e+01  1.66932590081216e+01
  1.67038508217099e+01  1.66605624851101e+01  1.65627086697337e+01
  1.64105212113420e+01  1.62050957252575e+01  1.59483238889347e+01
  1.56428138020524e+01  1.52918009935020e+01  1.48990527174293e+01
  1.44687681660546e+01  1.40054771375864e+01  1.35139395429495e+01
  1.29990479200494e+01  1.24657348714327e+01  1.19188870539744e+01
  1.13632670440171e+01  1.08034440917994e+01  1.02437344688535e+01
  9.68815181865809e+00  9.14036764350244e+00  8.60368181046856e+00
  8.08100273906388e+00  7.57483674231195e+00  7.08728584053430e+00
  6.62005323969479e+00  6.17445558305276e+00  5.75144102025346e+00
  5.35161211256419e+00  4.97525258775211e+00  4.62235697900458e+00
  4.29266222328314e+00  3.98568035243249e+00  3.70073148288612e+00
  3.43697639304919e+00  3.19344806870265e+00  2.96908169274565e+00
  2.76274265372179e+00  2.57325224481004e+00  2.39941081932938e+00
  2.24001825755246e+00  2.09389168141445e+00  1.95988042708684e+00
  1.83687834848320e+00  1.72383357763444e+00  1.61975591113211e+00
  1.52372202198667e+00  1.43487871969606e+00  1.35244449201808e+00
  1.27570956687652e+00  1.20403472900313e+00  1.13684911667726e+00
  1.07364720995882e+00  1.01398520411837e+00  9.57476942135218e-01
  9.03789558982459e-01  8.52638968695492e-01  8.03785304334378e-01
  7.57028400467254e-01  7.12203389601352e-01  6.69176466816840e-01
  6.27840862472027e-01  5.88113050162380e-01  5.49929206733273e-01
  5.13241932961167e-01  4.78017236945570e-01  4.44231777822489e-01
  4.11870363962977e-01  3.80923698127191e-01  3.51386360803077e-01
  3.23255022853624e-01  2.96526878626629e-01  2.71198291195400e-01
  2.47263641802824e-01  2.24714376043268e-01  2.03538239413921e-01
  1.83718694879165e-01  1.65234514577879e-01  1.48059537206703e-01
  1.32162581419904e-01  1.17507504570221e-01  1.04053394462079e-01
  9.17548805416657e-02  8.05625493526510e-02  7.04234478982608e-02
  6.12816574353802e-02  5.30789195326105e-02  4.57552958600647e-02
  3.92498433106395e-02  3.35012866121677e-02  2.84486716562175e-02
  2.40319842538273e-02  2.01927209361023e-02  1.68744006312632e-02
  1.40230085246204e-02  1.15873660102484e-02  9.51942329720609e-03
  7.77447381234632e-03  6.31129196704318e-03  5.09219802404047e-03
  4.08305565731635e-03  3.25320927853680e-03  2.57536928943534e-03
  2.02545409245207e-03  1.58239797110239e-03  1.22793386266853e-03
  9.46359635821042e-04  7.24295810571895e-04  5.50441780477383e-04
  4.15336581917846e-04  3.11129167502338e-04  2.31362037466582e-04
  1.70771016394264e-04  1.25102972934742e-04  9.09523989044685e-05
  6.56170105630796e-05  4.69719192821159e-05  3.33614421588097e-05
  2.35072787740751e-05  1.64315570545830e-05  1.13931324536135e-05
  7.83549362539237e-06  5.34466560281199e-06  3.61559026811334e-06
  2.42558837570420e-06  1.61365201715156e-06  1.06447088615572e-06
  6.96249864796533e-07  4.51522766128868e-07  2.90303207169735e-07
  1.85034999895585e-07  1.16910845364452e-07  7.32182063185648e-08
  4.54470510452467e-08  2.79554442678832e-08  1.70390374249080e-08
  1.02890478759911e-08  6.15433287359338e-09  3.64562499896092e-09
  2.13821368423852e-09  1.24135262111597e-09  7.13168240083510e-10
  4.05298140141161e-10  2.27779852409557e-10  1.26537386478474e-10
  6.94565728619392e-11  3.76552464869012e-11  2.01538792241151e-11
  1.06439840843110e-11  5.54429348136630e-12  2.84683562106909e-12
  1.44020788698474e-12  7.17468378482903e-13  3.51770808289056e-13
  1.69651414892253e-13  8.04369598592098e-14  3.74725553820892e-14
  1.71428183590004e-14  7.69689429147414e-15  3.38972540346637e-15
  1.46345259497205e-15  6.19018141934619e-16  2.56380038796770e-16
  1.03911941367901e-16  4.11876191793480e-17  1.59575288134977e-17
  6.04209531419868e-18  2.23338911199473e-18  8.05430298324539e-19
  2.83218572576001e-19  9.70587654302447e-20  3.24124038483130e-20
  1.05586801500372e-20  3.34912801921420e-21  1.03190530452906e-21
  3.08611515167852e-22  8.95198219196168e-23  2.51665576322834e-23
  6.85141823248316e-24  1.80482569444836e-24
  2.48760274371638e-24  2.83795082731492e-24  3.23762551586212e-24
  3.69356899327131e-24  4.21370005681725e-24  4.80705143021637e-24
  5.48392637082537e-24  6.25607727988530e-24  7.13690940474024e-24
  8.14171315508543e-24  9.28792904947568e-24  1.05954498710573e-23
  1.20869652537590e-23  1.37883546518236e-23  1.57291354799616e-23
  1.79429741624089e-23  2.04682689133388e-23  2.33488143069412e-23
  2.66345591041173e-23  3.03824704085792e-23  3.46575190552139e-23
  3.95338032198393e-23  4.50958296169794e-23  5.14399743622579e-23
  5.86761486643663e-23  6.69296980315003e-23  7.63435676880908e-23
  8.70807714693506e-23  9.93272066697068e-23  1.13294863257697e-22
  1.29225482633418e-22  1.47394728811918e-22  1.68116943697436e-22
  1.91750568118661e-22  2.18704321694932e-22  2.49444247589512e-22
  2.84501743003058e-22  3.24482713113201e-22  3.70078005368415e-22
  4.22075302913776e-22  4.81372680839272e-22  5.48994057316167e-22
  6.26106804005492e-22  7.14041816928895e-22  8.14316390912104e-22
  9.28660288444260e-22  1.05904544815982e-21  1.20771984004375e-21
  1.37724604494342e-21  1.57054521621423e-21  1.79094717268840e-21
  2.04224747616282e-21  2.32877246501157e-21  2.65545335030006e-21
  3.02791063420485e-21  3.45255028514912e-21  3.93667330280474e-21
  4.48860053227910e-21  5.11781484418039e-21  5.83512309012789e-21
  6.65284057650090e-21  7.58500117837949e-21  8.64759664693273e-21
  9.85884915424169e-21  1.12395216776594e-20  1.28132714607112e-20
  1.46070525095796e-20  1.66515739053913e-20  1.89818216463067e-20
  2.16376527952334e-20  2.46644719161675e-20  2.81140011547267e-20
  3.20451568785493e-20  3.65250475668008e-20  4.16301096536388e-20
  4.74474003213111e-20  5.40760688416973e-20  6.16290310230510e-20
  7.02348746791563e-20  8.00400278560602e-20  9.12112258879801e-20
  1.03938318279747e-19  1.18437462006905e-19  1.34954754176900e-19
  1.53770364206939e-19  1.75203233862986e-19  1.99616422798779e-19
  2.27423187784805e-19  2.59093895790324e-19  2.95163884668948e-19
  3.36242400614592e-19  3.83022759044269e-19  4.36293895402739e-19
  4.96953494885502e-19  5.66022915592349e-19  6.44664148557303e-19
  7.34199090901136e-19  8.36131445535003e-19  9.52171602985186e-19
  1.08426490866456e-18  1.23462377302540e-18  1.40576414332832e-18
  1.60054692519503e-18  1.82222502074779e-18  2.07449673918055e-18
  2.36156643641388e-18  2.68821335459835e-18  3.05986976137841e-18
  3.48270963496879e-18  3.96374930643763e-18  4.51096165761587e-18
  5.13340568458404e-18  5.84137347585890e-18  6.64655692483242e-18
  7.56223680164966e-18  8.60349715515982e-18  9.78746840586232e-18
  1.11336029316954e-17  1.26639874464929e-17  1.44036970333054e-17
  1.63811963296326e-17  1.86287940782800e-17  2.11831580662428e-17
  2.40858983865537e-17  2.73842279872247e-17  3.11317106324137e-17
  3.53891077096180e-17  4.02253367923907e-17  4.57185565308399e-17
  5.19573943160095e-17  5.90423352749434e-17  6.70872935306741e-17
  7.62213893378882e-17  8.65909587188390e-17  9.83618256147830e-17
  1.11721870384901e-16  1.26883932776503e-16  1.44089092318469e-16
  1.63610374517366e-16  1.85756937337767e-16  2.10878799303991e-16
  2.39372178266278e-16  2.71685518525134e-16  3.08326293727614e-16
  3.49868683856554e-16  3.96962236879711e-16  4.50341639365399e-16
  5.10837735784195e-16  5.79389953506020e-16  6.57060309879380e-16
  7.45049199518351e-16  8.44713184258178e-16  9.57585035540053e-16
  1.08539630952987e-15  1.23010276950774e-15  1.39391300837255e-15
  1.57932066699435e-15  1.78914069212272e-15  2.02655013126482e-15
  2.29513402195088e-15  2.59893699999437e-15  2.94252132634929e-15
  3.33103211610192e-15  3.77027064682431e-15  4.26677672825066e-15
  4.82792123213578e-15  5.46201001181064e-15  6.17840058658346e-15
  6.98763312899671e-15  7.90157747431480e-15  8.93359807427658e-15
  1.00987390429745e-14  1.14139316946266e-14  1.28982272539313e-14
  1.45730577325780e-14  1.64625283148017e-14  1.85937449829373e-14
  2.09971815480601e-14  2.37070907321278e-14  2.67619644863095e-14
  3.02050493277915e-14  3.40849231437991e-14  3.84561406525680e-14
  4.33799555368051e-14  4.89251281824333e-14  5.51688289781436e-14
  6.21976482668194e-14  7.01087253052998e-14  7.90110099931359e-14
  8.90266726980537e-14  1.00292679239828e-13  1.12962550032953e-13
  1.27208324532987e-13  1.43222754523859e-13  1.61221752437297e-13
  1.81447123848992e-13  2.04169616573521e-13  2.29692322431611e-13
  2.58354471805147e-13  2.90535665609814e-13  3.26660594303758e-13
  3.67204299121080e-13  4.12698036885778e-13  4.63735816630514e-13
  5.20981683858645e-13  5.85177836777340e-13  6.57153668211826e-13
  7.37835837406153e-13  8.28259487497953e-13  9.29580737395601e-13
  1.04309059111861e-12  1.17023042360922e-12  1.31260921975339e-12
  1.47202276301431e-12  1.65047499204056e-12  1.85020176782692e-12
  2.07369732122705e-12  2.32374368051442e-12  2.60344341229656e-12
  2.91625604618659e-12  3.26603859507320e-12  3.65709062881183e-12
  4.09420441046985e-12  4.58272066113045e-12  5.12859058285468e-12
  5.73844483990558e-12  6.41967027713480e-12  7.18049524179118e-12
  8.03008447310895e-12  8.97864463195203e-12  1.00375416651301e-11
  1.12194313329733e-11  1.25384043804586e-11  1.40101479997313e-11
  1.56521254197692e-11  1.74837756682951e-11  1.95267357850366e-11
  2.18050880265412e-11  2.43456348951343e-11  2.71782051499465e-11
  3.03359943251187e-11  3.38559436849620e-11  3.77791620077413e-11
  4.21513950962921e-11  4.70235484911479e-11  5.24522695015819e-11
  5.85005953912450e-11  6.52386753626406e-11  7.27445748911971e-11
  8.11051719776850e-11  9.04171560307376e-11  1.00788141376654e-10
  1.12337908837506e-10  1.25199790446029e-10  1.39522214191199e-10
  1.55470427755323e-10  1.73228422516272e-10  1.93001081714366e-10
  2.15016579628448e-10  2.39529061939909e-10  2.66821641226932e-10
  2.97209745772143e-10  3.31044864686315e-10  3.68718737757611e-10
  4.10668044614988e-10  4.57379654716246e-10  5.09396507585991e-10
  5.67324201636176e-10  6.31838380041446e-10  7.03693013625585e-10
  7.83729693754351e-10  8.72888063029091e-10  9.72217528405249e-10
  1.08289042045590e-09  1.20621678425205e-09  1.34366101203887e-09
  1.49686055602681e-09  1.66764699163776e-09  1.85806973806779e-09
  2.07042278446927e-09  2.30727481763511e-09  2.57150320083945e-09
  2.86633231527302e-09  3.19537684574457e-09  3.56269067245303e-09
  3.97282212240662e-09  4.43087643831767e-09  4.94258644273427e-09
  5.51439251099446e-09  6.15353312318353e-09  6.86814744303004e-09
  7.66739157579936e-09  8.56157038968377e-09  9.56228705291314e-09
  1.06826127411426e-08  1.19372793220777e-08  1.33428982180359e-08
  1.49182091091118e-08  1.66843626565444e-08  1.86652420270879e-08
  2.08878286804634e-08  2.33826186664660e-08  2.61840965691568e-08
  2.93312752696092e-08  3.28683108547912e-08  3.68452033634977e-08
  4.13185955721580e-08  4.63526837985419e-08  5.20202566996000e-08
  5.84038803409068e-08  6.55972504481626e-08  7.37067357430171e-08
  8.28531397391448e-08  9.31737122382353e-08  1.04824446350725e-07
  1.17982701900932e-07  1.32850202023046e-07  1.49656456414765e-07
  1.68662672357518e-07  1.90166223418109e-07  2.14505755593387e-07
  2.42067022214402e-07  2.73289551719335e-07  3.08674267371931e-07
  3.48792194771101e-07  3.94294412299847e-07  4.45923421477752e-07
  5.04526139330361e-07  5.71068742881333e-07  6.46653628836847e-07
  7.32538787419116e-07  8.30159931936655e-07  9.41155772431694e-07
  1.06739687612225e-06  1.21101861792161e-06  1.37445879487407e-06
  1.56050055481532e-06  1.77232138176522e-06  2.01354897802867e-06
  2.28832500012735e-06  2.60137773293569e-06  2.95810493311764e-06
  3.36466823764388e-06  3.82810071885264e-06  4.35642937865308e-06
  4.95881460719582e-06  5.64570890354473e-06  6.42903744811656e-06
  7.32240345830594e-06  8.34132163524730e-06  9.50348343095772e-06
  1.08290583429803e-05  1.23410359769268e-05  1.40656142032509e-05
  1.60326394149457e-05  1.82761056147181e-05  2.08347199057513e-05
  2.37525428656195e-05  2.70797133169425e-05  3.08732681322362e-05
  3.51980689920131e-05  4.01278493663479e-05  4.57463966059676e-05
  5.21488856267369e-05  5.94433826654862e-05  6.77525395361777e-05
  7.72155011666252e-05  8.79900516089907e-05  1.00255026515406e-04
  1.14213022888665e-04  1.30093440368529e-04  1.48155891519221e-04
  1.68694022696478e-04  1.92039790896959e-04  2.18568246593856e-04
  2.48702877220167e-04  2.82921571026553e-04  3.21763266594877e-04
  3.65835358680520e-04  4.15821937785874e-04  4.72492946347721e-04
  5.36714342177981e-04  6.09459365769584e-04  6.91821016094869e-04
  7.85025846259954e-04  8.90449198621505e-04  1.00963200552437e-03
  1.14429929069204e-03  1.29638051209034e-03  1.46803189557628e-03
  1.66166091403655e-03  1.87995307416558e-03  2.12590117489349e-03
  2.40283721177141e-03  2.71446709440314e-03  3.06490835669217e-03
  3.45873102721631e-03  3.90100183164110e-03  4.39733188872598e-03
  4.95392805113648e-03  5.57764803305393e-03  6.27605944143002e-03
  7.05750281374882e-03  7.93115872851714e-03  8.90711902800432e-03
  9.99646214485892e-03  1.12113324867604e-02  1.25650237610487e-02
  1.40720660824839e-02  1.57483166014318e-02  1.76110533481204e-02
  1.96790718538163e-02  2.19727840464044e-02  2.45143187787856e-02
  2.73276232327863e-02  3.04385643204617e-02  3.38750290262449e-02
  3.76670225288289e-02  4.18467626997199e-02  4.64487695037766e-02
  5.15099475167911e-02  5.70696597066380e-02  6.31697903330935e-02
  6.98547946637367e-02  7.71717330086563e-02  8.51702863334657e-02
  9.39027505845745e-02  1.03424006567296e-01  1.13791462249289e-01
  1.25064963891250e-01  1.37306672734802e-01  1.50580903405582e-01
  1.64953920608403e-01  1.80493690384028e-01  1.97269582464111e-01
  2.15352020401721e-01  2.34812076286926e-01  2.55721007486298e-01
  2.78149732900806e-01  3.02168247324030e-01  3.27844972647834e-01
  3.55246046058315e-01  3.84434545850788e-01  4.15469657024294e-01
  4.48405779716986e-01  4.83291585196668e-01  5.20169025248443e-01
  5.59072302666697e-01  6.00026811641973e-01  6.43048058816105e-01
  6.88140576670273e-01  7.35296842804910e-01  7.84496219091931e-01
  8.35703926477681e-01  8.88870070852874e-01  9.43928737156820e-01
  1.00079716778913e+00  1.05937504308434e+00  1.11954388057001e+00
  1.18116657112667e+00  1.24408707022014e+00  1.30813026366210e+00
  1.37310202845447e+00  1.43878951052162e+00  1.50496164195847e+00
  1.57136992033836e+00  1.63774947114945e+00  1.70382041092107e+00
  1.76928952303280e+00  1.83385225067149e+00  1.89719500176927e+00
  1.95899775056440e+00  2.01893690909001e+00  2.07668843146436e+00
  2.13193110331909e+00  2.18434996096585e+00  2.23363977657628e+00
  2.27950854228312e+00  2.32168088189294e+00  2.35990131941088e+00
  2.39393733540199e+00  2.42358214577889e+00  2.44865714489879e+00
  2.46901396216622e+00  2.48453609171475e+00  2.49514006542543e+00
  2.50077615134202e+00  2.50142857159935e+00  2.49711524592770e+00
  2.48788707808059e+00  2.47382681293041e+00  2.45504750148427e+00
  2.43169061769567e+00  2.40392387772991e+00  2.37193881587737e+00
  2.33594817295520e+00  2.29618315437522e+00  2.25289061238332e+00
  2.20633020523353e+00  2.15677158120964e+00  2.10449163076915e+00
  2.04977184413047e+00  1.99289580559173e+00  1.93414684947337e+00
  1.87380589650515e+00  1.81214948345924e+00  1.74944799341428e+00
  1.68596408937102e+00  1.62195134944295e+00  1.55765309868681e+00
  1.49330142972097e+00  1.42911640216695e+00  1.36530540972761e+00
  1.30206270247053e+00  1.23956905186161e+00  1.17799154565495e+00
  1.11748350032675e+00  1.05818447891331e+00  1.00022040290971e+00
  9.43703747375738e-01  8.88733809238329e-01  8.35397039349924e-01
  7.83767429683439e-01  7.33906947595976e-01  6.85866009847275e-01
  6.39683989780760e-01  5.95389751087455e-01  5.53002203371330e-01
  5.12530873753726e-01  4.73976490159854e-01  4.37331572468055e-01
  4.02581026841045e-01  3.69702740551839e-01  3.38668173196663e-01
  3.09442941572771e-01  2.81987395131894e-01  2.56257179255359e-01
  2.32203783984351e-01  2.09775075896462e-01  1.88915811282541e-01
  1.69568128976779e-01  1.51672021568668e-01  1.35165783954125e-01
  1.19986438575021e-01  1.06070136800415e-01  9.33525362985309e-02
  8.17691543500124e-02  7.12556971949646e-02  6.17483657706618e-02
  5.31841381192667e-02  4.55010289868319e-02  3.86383270744433e-02
  3.25368104744744e-02  2.71389408374589e-02  2.23890367797039e-02
  1.82334270569960e-02  1.46205839644367e-02  1.15012374252111e-02
  8.82847016482837e-03  6.55779436588123e-03  4.64721014839308e-03
  3.05724623699407e-03  1.75098317335569e-03  6.94059423164171e-04
 -1.45339128966051e-04 -7.96505879880418e-04 -1.28625574069964e-03
 -1.63898224669287e-03 -1.87672869269772e-03 -2.01927231814948e-03
 -2.08422041751973e-03 -2.08711709452981e-03 -2.04155923422386e-03
 -1.95932013763836e-03 -1.85047915026309e-03 -1.72355553934873e-03
 -1.58564482414324e-03 -1.44255575859913e-03 -1.29894619849563e-03
 -1.15845616159990e-03 -1.02383650707523e-03 -8.97071814319645e-04
 -7.79496229469307e-04 -6.71901260622361e-04 -5.74634733657754e-04
 -4.87690361076520e-04 -4.10787616879639e-04 -3.43441843441161e-04
 -2.85024733042556e-04 -2.34815521147590e-04 -1.92043394696604e-04
 -1.55921753514817e-04 -1.25675063926362e-04 -1.00559110900709e-04
 -7.98754894909994e-05 -6.29811807863345e-05 -4.92940355732984e-05
 -3.82949449509485e-05 -2.95274160015157e-05 -2.25951973281843e-05
 -1.71585185379827e-05 -1.29294239992767e-05 -9.66659822196528e-06
 -7.17000102395419e-06 -5.27555780039907e-06 -3.85008505962538e-06
 -2.78657515427754e-06 -1.99991699311156e-06 -1.42309124532620e-06
 -1.00384894141579e-06 -7.01860084260394e-07 -4.86303510318467e-07
 -3.33859263155528e-07 -2.27059367752861e-07 -1.52951052538028e-07
 -1.02027178837507e-07 -6.73812669815282e-08 -4.40481819240954e-08
 -2.84960169442095e-08 -1.82391839036328e-08 -1.15474429713673e-08
 -7.22960947481050e-09 -4.47485591463973e-09 -2.73752619536191e-09
 -1.65475669174664e-09 -9.88031128836784e-10 -5.82577167467630e-10
 -3.39093900913088e-10 -1.94786671309634e-10 -1.10381848455267e-10
 -6.16871601401591e-11 -3.39871778851296e-11 -1.84545878025272e-11
 -9.87188958905428e-12 -5.20039439397866e-12 -2.69675304528117e-12
 -1.37606595100560e-12 -6.90637425751860e-13 -3.40791381494083e-13
 -1.65258847877257e-13 -7.87197288267678e-14 -3.68167339355304e-14
 -1.68983635395526e-14 -7.60801466298081e-15 -3.35822430430367e-15
 -1.45257594077002e-15 -6.15362031312323e-16 -2.55184402132831e-16
 -1.03532104546870e-16 -4.10703985461512e-17 -1.59224131325326e-17
 -6.03189153793309e-18 -2.23051536832260e-18 -8.04646474695621e-19
 -2.83011692280695e-19 -9.70059709351309e-20 -3.23993884936264e-20
 -1.05555831519006e-20 -3.34841737286247e-21 -1.03174819809488e-21
 -3.08578083938679e-22 -8.95129810966938e-23 -2.51652129148289e-23
 -6.85116455695360e-24 -1.80477981714119e-24
 (i6, f12.0, f18.0, f8.3, i6)
   665  60.0000000  0.02500000000000  26.000     2
 (3e22.14)
  2.89367842424056e-06  3.03926416337058e-06  3.19217416623429e-06
  3.35277687843171e-06  3.52145927781226e-06  3.69862780643920e-06
  3.88470934940761e-06  4.08015226287050e-06  4.28542745374540e-06
  4.50102951369861e-06  4.72747791013526e-06  4.96531823705595e-06
  5.21512352879400e-06  5.47749563978326e-06  5.75306669368785e-06
  6.04250060535644e-06  6.34649467929327e-06  6.66578128843714e-06
  7.00112963736364e-06  7.35334761403223e-06  7.72328373467536e-06
  8.11182918635130e-06  8.51991997219943e-06  8.94853916446098e-06
  9.39871927073474e-06  9.87154471911107e-06  1.03681544682083e-05
  1.08897447482964e-05  1.14375719402125e-05  1.20129555988362e-05
  1.26172816285320e-05  1.32520056180625e-05  1.39186563430701e-05
  1.46188394444517e-05  1.53542412915747e-05  1.61266330394190e-05
  1.69378748896538e-05  1.77899205655411e-05  1.86848220117413e-05
  1.96247343300144e-05  2.06119209628517e-05  2.16487591373546e-05
  2.27377455825016e-05  2.38815025334042e-05  2.50827840371201e-05
  2.63444825748749e-05  2.76696360169507e-05  2.90614349264248e-05
  3.05232302297680e-05  3.20585412722440e-05  3.36710642777175e-05
  3.53646812329430e-05  3.71434692177542e-05  3.90117102033063e-05
  4.09739013421253e-05  4.30347657741387e-05  4.51992639752034e-05
  4.74726056744621e-05  4.98602623698968e-05  5.23679804712738e-05
  5.50017951024378e-05  5.77680445956262e-05  6.06733857126977e-05
  6.37248096293316e-05  6.69296587208900e-05  7.02956441892733e-05
  7.38308645739708e-05  7.75438251901159e-05  8.14434585413960e-05
  8.55391457552845e-05  8.98407390926256e-05  9.43585855847128e-05
  9.91035518546404e-05  1.04087050181565e-04  1.09321065870838e-04
  1.14818185993930e-04  1.20591629568457e-04  1.26655279247846e-04
  1.33023714598502e-04  1.39712247041574e-04  1.46736956543928e-04
  1.54114730144667e-04  1.61863302409469e-04  1.70001297907979e-04
  1.78548275816584e-04  1.87524776750446e-04  1.96952371938452e-04
  2.06853714855247e-04  2.17252595434913e-04  2.28173996993243e-04
  2.39644155994982e-04  2.51690624805550e-04  2.64342337579085e-04
  2.77629679434051e-04  2.91584559085794e-04  3.06240485101964e-04
  3.21632645965866e-04  3.37797994133494e-04  3.54775334284727e-04
  3.72605415975406e-04  3.91331030910729e-04  4.10997115066209e-04
  4.31650855901362e-04  4.53341804911870e-04  4.76121995793397e-04
  5.00046068486144e-04  5.25171399399136e-04  5.51558238114679e-04
  5.79269850897096e-04  6.08372671339762e-04  6.38936458506692e-04
  6.71034462933883e-04  7.04743600886665e-04  7.40144637269175e-04
  7.77322377627473e-04  8.16365869679648e-04  8.57368614855726e-04
  9.00428790331228e-04  9.45649482076992e-04  9.93138929463104e-04
  1.04301078199093e-03  1.09538436874065e-03  1.15038498117267e-03
  1.20814416991889e-03  1.26880005627514e-03  1.33249765908982e-03
  1.39938923782547e-03  1.46963465256937e-03  1.54340174183250e-03
  1.62086671899932e-03  1.70221458834920e-03  1.78763958159005e-03
  1.87734561592658e-03  1.97154677468631e-03  2.07046781162882e-03
  2.17434468006853e-03  2.28342508803396e-03  2.39796908071291e-03
  2.51824965152939e-03  2.64455338320585e-03  2.77718112031309e-03
  2.91644867477004e-03  3.06268756594811e-03  3.21624579699905e-03
  3.37748866918931e-03  3.54679963604988e-03  3.72458119927372e-03
  3.91125584834627e-03  4.10726704604051e-03  4.31308026192589e-03
  4.52918405626089e-03  4.75609121658813e-03  4.99433994964252e-03
  5.24449513112801e-03  5.50714961617579e-03  5.78292561333216e-03
  6.07247612511825e-03  6.37648645828027e-03  6.69567580708253e-03
  7.03079891300682e-03  7.38264780458290e-03  7.75205362096518e-03
  8.13988852335110e-03  8.54706769821815e-03  8.97455145677512e-03
  9.42334743505667e-03  9.89451289939668e-03  1.03891571621177e-02
  1.09084441126440e-02  1.14535948692307e-02  1.20258905570914e-02
  1.26266752184724e-02  1.32573588610183e-02  1.39194206505178e-02
  1.46144122548003e-02  1.53439613455595e-02  1.61097752653595e-02
  1.69136448671966e-02  1.77574485345728e-02  1.86431563899482e-02
  1.95728347003893e-02  2.05486504887612e-02  2.15728763601034e-02
  2.26478955523184e-02  2.37762072213857e-02  2.49604319712405e-02
  2.62033176391853e-02  2.75077453478046e-02  2.88767358352596e-02
  3.03134560755862e-02  3.18212262019991e-02  3.34035267456655e-02
  3.50640062038286e-02  3.68064889509224e-02  3.86349835074442e-02
  4.05536911811516e-02  4.25670150967891e-02  4.46795696294404e-02
  4.68961902593310e-02  4.92219438640719e-02  5.16621394671211e-02
  5.42223394601292e-02  5.69083713185359e-02  5.97263398296541e-02
  6.26826398538022e-02  6.57839696385982e-02  6.90373447087769e-02
  7.24501123520733e-02  7.60299667255648e-02  7.97849646037701e-02
  8.37235417939200e-02  8.78545302416081e-02  9.21871758524958e-02
  9.67311570550203e-02  1.01496604130883e-01  1.06494119338726e-01
  1.11734797859824e-01  1.17230249590726e-01  1.22992621814001e-01
  1.29034622772007e-01  1.35369546175195e-01  1.42011296671772e-01
  1.48974416309078e-01  1.56274112014898e-01  1.63926284129281e-01
  1.71947556013987e-01  1.80355304771835e-01  1.89167693100132e-01
  1.98403702312434e-01  2.08083166550455e-01  2.18226808218628e-01
  2.28856274663972e-01  2.39994176129008e-01  2.51664125000131e-01
  2.63890776376578e-01  2.76699869977370e-01  2.90118273411215e-01
  3.04174026818060e-01  3.18896388907376e-01  3.34315884393899e-01
  3.50464352848953e-01  3.67374998965626e-01  3.85082444243198e-01
  4.03622780084336e-01  4.23033622301336e-01  4.43354167011197e-01
  4.64625247910818e-01  4.86889394891407e-01  5.10190893978561e-01
  5.34575848537479e-01  5.60092241711780e-01  5.86790000025566e-01
  6.14721058088503e-01  6.43939424319262e-01  6.74501247604865e-01
  7.06464884780482e-01  7.39890968832386e-01  7.74842477665099e-01
  8.11384803320890e-01  8.49585821451205e-01  8.89515960889765e-01
  9.31248273103577e-01  9.74858501314018e-01  1.02042514903315e+00
  1.06802954776221e+00  1.11775592353699e+00  1.16969146203613e+00
  1.22392637185454e+00  1.28055394562860e+00  1.33967061853825e+00
  1.40137602380135e+00  1.46577304464300e+00  1.53296786225160e+00
  1.60306999915007e+00  1.67619235741584e+00  1.75245125107355e+00
  1.83196643204523e+00  1.91486110884202e+00  2.00126195734027e+00
  2.09129912270060e+00  2.18510621166133e+00  2.28282027420811e+00
  2.38458177368761e+00  2.49053454429702e+00  2.60082573490750e+00
  2.71560573800229e+00  2.83502810264003e+00  2.95924943002083e+00
  3.08842925054180e+00  3.22272988075526e+00  3.36231625898262e+00
  3.50735575796831e+00  3.65801797312354e+00  3.81447448469794e+00
  3.97689859234898e+00  4.14546502028156e+00  4.32034959145859e+00
  4.50172886885416e+00  4.68977976232003e+00  4.88467909892972e+00
  5.08660315531498e+00  5.29572714994437e+00  5.51222469383627e+00
  5.73626719758492e+00  5.96802323351336e+00  6.20765785068718e+00
  6.45533184182196e+00  6.71120096012821e+00  6.97541508509144e+00
  7.24811733565890e+00  7.52944313023995e+00  7.81951919198663e+00
  8.11846249972790e+00  8.42637918302105e+00  8.74336336246554e+00
  9.06949593457662e+00  9.40484330257209e+00  9.74945605371535e+00
  1.01033675851299e+01  1.04665926796561e+01  1.08391260350777e+01
  1.12209407489616e+01  1.16119867642855e+01  1.20121892789388e+01
  1.24214471260114e+01  1.28396311297228e+01  1.32665824451668e+01
  1.37021108887771e+01  1.41459932699761e+01  1.45979717318866e+01
  1.50577521150578e+01  1.55250023530983e+01  1.59993509168828e+01
  1.64803853191164e+01  1.69676506970813e+01  1.74606484891320e+01
  1.79588352243531e+01  1.84616214434860e+01  1.89683707734846e+01
  1.94783991752341e+01  1.99909743904984e+01  2.05053156076006e+01
  2.10205933762013e+01  2.15359297910548e+01  2.20503989761065e+01
  2.25630278918076e+01  2.30727974961587e+01  2.35786442824077e+01
  2.40794622263559e+01  2.45741051614251e+01  2.50613896167514e+01
  2.55400981329339e+01  2.60089830861413e+01  2.64667710351922e+01
  2.69121676146939e+01  2.73438629830349e+01  2.77605378454737e+01
  2.81608700475099e+01  2.85435417549554e+01  2.89072472040273e+01
  2.92507010237086e+01  2.95726471066113e+01  2.98718680121632e+01
  3.01471948635809e+01  3.03975177102251e+01  3.06217962930431e+01
  3.08190711712560e+01  3.09884751274881e+01  3.11292447853111e+01
  3.12407323419739e+01  3.13224173239455e+01  3.13739182470562e+01
  3.13950040712172e+01  3.13856053042908e+01  3.13458246321132e+01
  3.12759469039176e+01  3.11764483346377e+01  3.10480047423178e+01
  3.08914986606738e+01  3.07080251424109e+01  3.04988960859974e+01
  3.02656428933382e+01  3.00100173027952e+01  2.97339902044114e+01
  2.94397482971579e+01  2.91296884187024e+01  2.88064094240647e+01
  2.84727014834524e+01  2.81315327130829e+01  2.77860330507133e+01
  2.74394753517766e+01  2.70952536704867e+01  2.67568587721649e+01
  2.64278509194279e+01  2.61118300491511e+01  2.58124034763958e+01
  2.55331513295264e+01  2.52775899403657e+01  2.50491334984938e+01
  2.48510542805125e+01  2.46864418590688e+01  2.45581617065456e+01
  2.44688136668078e+01  2.44206908115448e+01  2.44157392194611e+01
  2.44555192587243e+01  2.45411689725001e+01  2.46733701793058e+01
  2.48523179166465e+01  2.50776938488261e+01  2.53486442518944e+01
  2.56637631691470e+01  2.60210812987412e+01  2.64180611266687e+01
  2.68515987802298e+01  2.73180329844540e+01  2.78131614620334e+01
  2.83322649945762e+01  2.88701392937359e+01  2.94211347061521e+01
  2.99792036694012e+01  3.05379557111637e+01  3.10907196605176e+01
  3.16306126044169e+01  3.21506150001331e+01  3.26436512108517e+01
  3.31026746230850e+01  3.35207563615636e+01  3.38911765212294e+01
  3.42075167248762e+01  3.44637527209306e+01  3.46543456697395e+01
  3.47743307027164e+01  3.48194012946195e+01  3.47859879895392e+01
  3.46713300019016e+01  3.44735382685757e+01  3.41916485660498e+01
  3.38256634013923e+01  3.33765814873708e+01  3.28464137614621e+01
  3.22381850577425e+01  3.15559207581040e+01  3.08046179334205e+01
  2.99902007701704e+01  2.91194602982828e+01  2.81999787560059e+01
  2.72400391940113e+01  2.62485212548613e+01  2.52347843392722e+01
  2.42085397197086e+01  2.31797134121568e+01  2.21583019321863e+01
  2.11542232884958e+01  2.01771657845929e+01  1.92364373746400e+01
  1.83408184184804e+01  1.74984207416101e+01  1.67165558789638e+01
  1.60016152918534e+01  1.53589651750214e+01  1.47928582321201e+01
  1.43063644697929e+01  1.39013227080581e+01  1.35783140410418e+01
  1.33366580482473e+01  1.31744320352513e+01  1.30885130910907e+01
  1.30746422403482e+01  1.31275094763693e+01  1.32408579925709e+01
  1.34076054896249e+01  1.36199800373150e+01  1.38696676209465e+01
  1.41479682105030e+01  1.44459569735517e+01  1.47546471127423e+01
  1.50651507641079e+01  1.53688344414429e+01  1.56574656645129e+01
  1.59233476591588e+01  1.61594393607195e+01  1.63594583783227e+01
  1.65179650705591e+01  1.66304264252779e+01  1.66932590081216e+01
  1.67038508217099e+01  1.66605624851101e+01  1.65627086697337e+01
  1.64105212113420e+01  1.62050957252575e+01  1.59483238889347e+01
  1.56428138020524e+01  1.52918009935020e+01  1.48990527174293e+01
  1.44687681660546e+01  1.40054771375864e+01  1.35139395429495e+01
  1.29990479200494e+01  1.24657348714327e+01  1.19188870539744e+01
  1.13632670440171e+01  1.08034440917994e+01  1.02437344688535e+01
  9.68815181865809e+00  9.14036764350244e+00  8.60368181046856e+00
  8.08100273906388e+00  7.57483674231195e+00  7.08728584053430e+00
  6.62005323969479e+00  6.17445558305276e+00  5.75144102025346e+00
  5.35161211256419e+00  4.97525258775211e+00  4.62235697900458e+00
  4.29266222328314e+00  3.98568035243249e+00  3.70073148288612e+00
  3.43697639304919e+00  3.19344806870265e+00  2.96908169274565e+00
  2.76274265372179e+00  2.57325224481004e+00  2.39941081932938e+00
  2.24001825755246e+00  2.09389168141445e+00  1.95988042708684e+00
  1.83687834848320e+00  1.72383357763444e+00  1.61975591113211e+00
  1.52372202198667e+00  1.43487871969606e+00  1.35244449201808e+00
  1.27570956687652e+00  1.20403472900313e+00  1.13684911667726e+00
  1.07364720995882e+00  1.01398520411837e+00  9.57476942135218e-01
  9.03789558982459e-01  8.52638968695492e-01  8.03785304334378e-01
  7.57028400467254e-01  7.12203389601352e-01  6.69176466816840e-01
  6.27840862472027e-01  5.88113050162380e-01  5.49929206733273e-01
  5.13241932961167e-01  4.78017236945570e-01  4.44231777822489e-01
  4.11870363962977e-01  3.80923698127191e-01  3.51386360803077e-01
  3.23255022853624e-01  2.96526878626629e-01  2.71198291195400e-01
  2.47263641802824e-01  2.24714376043268e-01  2.03538239413921e-01
  1.83718694879165e-01  1.65234514577879e-01  1.48059537206703e-01
  1.32162581419904e-01  1.17507504570221e-01  1.04053394462079e-01
  9.17548805416657e-02  8.05625493526510e-02  7.04234478982608e-02
  6.12816574353802e-02  5.30789195326105e-02  4.57552958600647e-02
  3.92498433106395e-02  3.35012866121677e-02  2.84486716562175e-02
  2.40319842538273e-02  2.01927209361023e-02  1.68744006312632e-02
  1.40230085246204e-02  1.15873660102484e-02  9.51942329720609e-03
  7.77447381234632e-03  6.31129196704318e-03  5.09219802404047e-03
  4.08305565731635e-03  3.25320927853680e-03  2.57536928943534e-03
  2.02545409245207e-03  1.58239797110239e-03  1.22793386266853e-03
  9.46359635821042e-04  7.24295810571895e-04  5.50441780477383e-04
  4.15336581917846e-04  3.11129167502338e-04  2.31362037466582e-04
  1.70771016394264e-04  1.25102972934742e-04  9.09523989044685e-05
  6.56170105630796e-05  4.69719192821159e-05  3.33614421588097e-05
  2.35072787740751e-05  1.64315570545830e-05  1.13931324536135e-05
  7.83549362539237e-06  5.34466560281199e-06  3.61559026811334e-06
  2.42558837570420e-06  1.61365201715156e-06  1.06447088615572e-06
  6.96249864796533e-07  4.51522766128868e-07  2.90303207169735e-07
  1.85034999895585e-07  1.16910845364452e-07  7.32182063185648e-08
  4.54470510452467e-08  2.79554442678832e-08  1.70390374249080e-08
  1.02890478759911e-08  6.15433287359338e-09  3.64562499896092e-09
  2.13821368423852e-09  1.24135262111597e-09  7.13168240083510e-10
  4.05298140141161e-10  2.27779852409557e-10  1.26537386478474e-10
  6.94565728619392e-11  3.76552464869012e-11  2.01538792241151e-11
  1.06439840843110e-11  5.54429348136630e-12  2.84683562106909e-12
  1.44020788698474e-12  7.17468378482903e-13  3.51770808289056e-13
  1.69651414892253e-13  8.04369598592098e-14  3.74725553820892e-14
  1.71428183590004e-14  7.69689429147414e-15  3.38972540346637e-15
  1.46345259497205e-15  6.19018141934619e-16  2.56380038796770e-16
  1.03911941367901e-16  4.11876191793480e-17  1.59575288134977e-17
  6.04209531419868e-18  2.23338911199473e-18  8.05430298324539e-19
  2.83218572576001e-19  9.70587654302447e-20  3.24124038483130e-20
  1.05586801500372e-20  3.34912801921420e-21  1.03190530452906e-21
  3.08611515167852e-22  8.95198219196168e-23  2.51665576322834e-23
  6.85141823248316e-24  1.80482569444836e-24
  2.48760274371638e-24  2.83795082731492e-24  3.23762551586212e-24
  3.69356899327131e-24  4.21370005681725e-24  4.80705143021637e-24
  5.48392637082537e-24  6.25607727988530e-24  7.13690940474024e-24
  8.14171315508543e-24  9.28792904947568e-24  1.05954498710573e-23
  1.20869652537590e-23  1.37883546518236e-23  1.57291354799616e-23
  1.79429741624089e-23  2.04682689133388e-23  2.33488143069412e-23
  2.66345591041173e-23  3.03824704085792e-23  3.46575190552139e-23
  3.95338032198393e-23  4.50958296169794e-23  5.14399743622579e-23
  5.86761486643663e-23  6.69296980315003e-23  7.63435676880908e-23
  8.70807714693506e-23  9.93272066697068e-23  1.13294863257697e-22
  1.29225482633418e-22  1.47394728811918e-22  1.68116943697436e-22
  1.91750568118661e-22  2.18704321694932e-22  2.49444247589512e-22
  2.84501743003058e-22  3.24482713113201e-22  3.70078005368415e-22
  4.22075302913776e-22  4.81372680839272e-22  5.48994057316167e-22
  6.26106804005492e-22  7.14041816928895e-22  8.14316390912104e-22
  9.28660288444260e-22  1.05904544815982e-21  1.20771984004375e-21
  1.37724604494342e-21  1.57054521621423e-21  1.79094717268840e-21
  2.04224747616282e-21  2.32877246501157e-21  2.65545335030006e-21
  3.02791063420485e-21  3.45255028514912e-21  3.93667330280474e-21
  4.48860053227910e-21  5.11781484418039e-21  5.83512309012789e-21
  6.65284057650090e-21  7.58500117837949e-21  8.64759664693273e-21
  9.85884915424169e-21  1.12395216776594e-20  1.28132714607112e-20
  1.46070525095796e-20  1.66515739053913e-20  1.89818216463067e-20
  2.16376527952334e-20  2.46644719161675e-20  2.81140011547267e-20
  3.20451568785493e-20  3.65250475668008e-20  4.16301096536388e-20
  4.74474003213111e-20  5.40760688416973e-20  6.16290310230510e-20
  7.02348746791563e-20  8.00400278560602e-20  9.12112258879801e-20
  1.03938318279747e-19  1.18437462006905e-19  1.34954754176900e-19
  1.53770364206939e-19  1.75203233862986e-19  1.99616422798779e-19
  2.27423187784805e-19  2.59093895790324e-19  2.95163884668948e-19
  3.36242400614592e-19  3.83022759044269e-19  4.36293895402739e-19
  4.96953494885502e-19  5.66022915592349e-19  6.44664148557303e-19
  7.34199090901136e-19  8.36131445535003e-19  9.52171602985186e-19
  1.08426490866456e-18  1.23462377302540e-18  1.40576414332832e-18
  1.60054692519503e-18  1.82222502074779e-18  2.07449673918055e-18
  2.36156643641388e-18  2.68821335459835e-18  3.05986976137841e-18
  3.48270963496879e-18  3.96374930643763e-18  4.51096165761587e-18
  5.13340568458404e-18  5.84137347585890e-18  6.64655692483242e-18
  7.56223680164966e-18  8.60349715515982e-18  9.78746840586232e-18
  1.11336029316954e-17  1.26639874464929e-17  1.44036970333054e-17
  1.63811963296326e-17  1.86287940782800e-17  2.11831580662428e-17
  2.40858983865537e-17  2.73842279872247e-17  3.11317106324137e-17
  3.53891077096180e-17  4.02253367923907e-17  4.57185565308399e-17
  5.19573943160095e-17  5.90423352749434e-17  6.70872935306741e-17
  7.62213893378882e-17  8.65909587188390e-17  9.83618256147830e-17
  1.11721870384901e-16  1.26883932776503e-16  1.44089092318469e-16
  1.63610374517366e-16  1.85756937337767e-16  2.10878799303991e-16
  2.39372178266278e-16  2.71685518525134e-16  3.08326293727614e-16
  3.49868683856554e-16  3.96962236879711e-16  4.50341639365399e-16
  5.10837735784195e-16  5.79389953506020e-16  6.57060309879380e-16
  7.45049199518351e-16  8.44713184258178e-16  9.57585035540053e-16
  1.08539630952987e-15  1.23010276950774e-15  1.39391300837255e-15
  1.57932066699435e-15  1.78914069212272e-15  2.02655013126482e-15
  2.29513402195088e-15  2.59893699999437e-15  2.94252132634929e-15
  3.33103211610192e-15  3.77027064682431e-15  4.26677672825066e-15
  4.82792123213578e-15  5.46201001181064e-15  6.17840058658346e-15
  6.98763312899671e-15  7.90157747431480e-15  8.93359807427658e-15
  1.00987390429745e-14  1.14139316946266e-14  1.28982272539313e-14
  1.45730577325780e-14  1.64625283148017e-14  1.85937449829373e-14
  2.09971815480601e-14  2.37070907321278e-14  2.67619644863095e-14
  3.02050493277915e-14  3.40849231437991e-14  3.84561406525680e-14
  4.33799555368051e-14  4.89251281824333e-14  5.51688289781436e-14
  6.21976482668194e-14  7.01087253052998e-14  7.90110099931359e-14
  8.90266726980537e-14  1.00292679239828e-13  1.12962550032953e-13
  1.27208324532987e-13  1.43222754523859e-13  1.61221752437297e-13
  1.81447123848992e-13  2.04169616573521e-13  2.29692322431611e-13
  2.58354471805147e-13  2.90535665609814e-13  3.26660594303758e-13
  3.67204299121080e-13  4.12698036885778e-13  4.63735816630514e-13
  5.20981683858645e-13  5.85177836777340e-13  6.57153668211826e-13
  7.37835837406153e-13  8.28259487497953e-13  9.29580737395601e-13
  1.04309059111861e-12  1.17023042360922e-12  1.31260921975339e-12
  1.47202276301431e-12  1.65047499204056e-12  1.85020176782692e-12
  2.07369732122705e-12  2.32374368051442e-12  2.60344341229656e-12
  2.91625604618659e-12  3.26603859507320e-12  3.65709062881183e-12
  4.09420441046985e-12  4.58272066113045e-12  5.12859058285468e-12
  5.73844483990558e-12  6.41967027713480e-12  7.18049524179118e-12
  8.03008447310895e-12  8.97864463195203e-12  1.00375416651301e-11
  1.12194313329733e-11  1.25384043804586e-11  1.40101479997313e-11
  1.56521254197692e-11  1.74837756682951e-11  1.95267357850366e-11
  2.18050880265412e-11  2.43456348951343e-11  2.71782051499465e-11
  3.03359943251187e-11  3.38559436849620e-11  3.77791620077413e-11
  4.21513950962921e-11  4.70235484911479e-11  5.24522695015819e-11
  5.85005953912450e-11  6.52386753626406e-11  7.27445748911971e-11
  8.11051719776850e-11  9.04171560307376e-11  1.00788141376654e-10
  1.12337908837506e-10  1.25199790446029e-10  1.39522214191199e-10
  1.55470427755323e-10  1.73228422516272e-10  1.93001081714366e-10
  2.15016579628448e-10  2.39529061939909e-10  2.66821641226932e-10
  2.97209745772143e-10  3.31044864686315e-10  3.68718737757611e-10
  4.10668044614988e-10  4.57379654716246e-10  5.09396507585991e-10
  5.67324201636176e-10  6.31838380041446e-10  7.03693013625585e-10
  7.83729693754351e-10  8.72888063029091e-10  9.72217528405249e-10
  1.08289042045590e-09  1.20621678425205e-09  1.34366101203887e-09
  1.49686055602681e-09  1.66764699163776e-09  1.85806973806779e-09
  2.07042278446927e-09  2.30727481763511e-09  2.57150320083945e-09
  2.86633231527302e-09  3.19537684574457e-09  3.56269067245303e-09
  3.97282212240662e-09  4.43087643831767e-09  4.94258644273427e-09
  5.51439251099446e-09  6.15353312318353e-09  6.86814744303004e-09
  7.66739157579936e-09  8.56157038968377e-09  9.56228705291314e-09
  1.06826127411426e-08  1.19372793220777e-08  1.33428982180359e-08
  1.49182091091118e-08  1.66843626565444e-08  1.86652420270879e-08
  2.08878286804634e-08  2.33826186664660e-08  2.61840965691568e-08
  2.93312752696092e-08  3.28683108547912e-08  3.68452033634977e-08
  4.13185955721580e-08  4.63526837985419e-08  5.20202566996000e-08
  5.84038803409068e-08  6.55972504481626e-08  7.37067357430171e-08
  8.28531397391448e-08  9.31737122382353e-08  1.04824446350725e-07
  1.17982701900932e-07  1.32850202023046e-07  1.49656456414765e-07
  1.68662672357518e-07  1.90166223418109e-07  2.14505755593387e-07
  2.42067022214402e-07  2.73289551719335e-07  3.08674267371931e-07
  3.48792194771101e-07  3.94294412299847e-07  4.45923421477752e-07
  5.04526139330361e-07  5.71068742881333e-07  6.46653628836847e-07
  7.32538787419116e-07  8.30159931936655e-07  9.41155772431694e-07
  1.06739687612225e-06  1.21101861792161e-06  1.37445879487407e-06
  1.56050055481532e-06  1.77232138176522e-06  2.01354897802867e-06
  2.28832500012735e-06  2.60137773293569e-06  2.95810493311764e-06
  3.36466823764388e-06  3.82810071885264e-06  4.35642937865308e-06
  4.95881460719582e-06  5.64570890354473e-06  6.42903744811656e-06
  7.32240345830594e-06  8.34132163524730e-06  9.50348343095772e-06
  1.08290583429803e-05  1.23410359769268e-05  1.40656142032509e-05
  1.60326394149457e-05  1.82761056147181e-05  2.08347199057513e-05
  2.37525428656195e-05  2.70797133169425e-05  3.08732681322362e-05
  3.51980689920131e-05  4.01278493663479e-05  4.57463966059676e-05
  5.21488856267369e-05  5.94433826654862e-05  6.77525395361777e-05
  7.72155011666252e-05  8.79900516089907e-05  1.00255026515406e-04
  1.14213022888665e-04  1.30093440368529e-04  1.48155891519221e-04
  1.68694022696478e-04  1.92039790896959e-04  2.18568246593856e-04
  2.48702877220167e-04  2.82921571026553e-04  3.21763266594877e-04
  3.65835358680520e-04  4.15821937785874e-04  4.72492946347721e-04
  5.36714342177981e-04  6.09459365769584e-04  6.91821016094869e-04
  7.85025846259954e-04  8.90449198621505e-04  1.00963200552437e-03
  1.14429929069204e-03  1.29638051209034e-03  1.46803189557628e-03
  1.66166091403655e-03  1.87995307416558e-03  2.12590117489349e-03
  2.40283721177141e-03  2.71446709440314e-03  3.06490835669217e-03
  3.45873102721631e-03  3.90100183164110e-03  4.39733188872598e-03
  4.95392805113648e-03  5.57764803305393e-03  6.27605944143002e-03
  7.05750281374882e-03  7.93115872851714e-03  8.90711902800432e-03
  9.99646214485892e-03  1.12113324867604e-02  1.25650237610487e-02
  1.40720660824839e-02  1.57483166014318e-02  1.76110533481204e-02
  1.96790718538163e-02  2.19727840464044e-02  2.45143187787856e-02
  2.73276232327863e-02  3.04385643204617e-02  3.38750290262449e-02
  3.76670225288289e-02  4.18467626997199e-02  4.64487695037766e-02
  5.15099475167911e-02  5.70696597066380e-02  6.31697903330935e-02
  6.98547946637367e-02  7.71717330086563e-02  8.51702863334657e-02
  9.39027505845745e-02  1.03424006567296e-01  1.13791462249289e-01
  1.25064963891250e-01  1.37306672734802e-01  1.50580903405582e-01
  1.64953920608403e-01  1.80493690384028e-01  1.97269582464111e-01
  2.15352020401721e-01  2.34812076286926e-01  2.55721007486298e-01
  2.78149732900806e-01  3.02168247324030e-01  3.27844972647834e-01
  3.55246046058315e-01  3.84434545850788e-01  4.15469657024294e-01
  4.48405779716986e-01  4.83291585196668e-01  5.20169025248443e-01
  5.59072302666697e-01  6.00026811641973e-01  6.43048058816105e-01
  6.88140576670273e-01  7.35296842804910e-01  7.84496219091931e-01
  8.35703926477681e-01  8.88870070852874e-01  9.43928737156820e-01
  1.00079716778913e+00  1.05937504308434e+00  1.11954388057001e+00
  1.18116657112667e+00  1.24408707022014e+00  1.30813026366210e+00
  1.37310202845447e+00  1.43878951052162e+00  1.50496164195847e+00
  1.57136992033836e+00  1.63774947114945e+00  1.70382041092107e+00
  1.76928952303280e+00  1.83385225067149e+00  1.89719500176927e+00
  1.95899775056440e+00  2.01893690909001e+00  2.07668843146436e+00
  2.13193110331909e+00  2.18434996096585e+00  2.23363977657628e+00
  2.27950854228312e+00  2.32168088189294e+00  2.35990131941088e+00
  2.39393733540199e+00  2.42358214577889e+00  2.44865714489879e+00
  2.46901396216622e+00  2.48453609171475e+00  2.49514006542543e+00
  2.50077615134202e+00  2.50142857159935e+00  2.49711524592770e+00
  2.48788707808059e+00  2.47382681293041e+00  2.45504750148427e+00
  2.43169061769567e+00  2.40392387772991e+00  2.37193881587737e+00
  2.33594817295520e+00  2.29618315437522e+00  2.25289061238332e+00
  2.20633020523353e+00  2.15677158120964e+00  2.10449163076915e+00
  2.04977184413047e+00  1.99289580559173e+00  1.93414684947337e+00
  1.87380589650515e+00  1.81214948345924e+00  1.74944799341428e+00
  1.68596408937102e+00  1.62195134944295e+00  1.55765309868681e+00
  1.49330142972097e+00  1.42911640216695e+00  1.36530540972761e+00
  1.30206270247053e+00  1.23956905186161e+00  1.17799154565495e+00
  1.11748350032675e+00  1.05818447891331e+00  1.00022040290971e+00
  9.43703747375738e-01  8.88733809238329e-01  8.35397039349924e-01
  7.83767429683439e-01  7.33906947595976e-01  6.85866009847275e-01
  6.39683989780760e-01  5.95389751087455e-01  5.53002203371330e-01
  5.12530873753726e-01  4.73976490159854e-01  4.37331572468055e-01
  4.02581026841045e-01  3.69702740551839e-01  3.38668173196663e-01
  3.09442941572771e-01  2.81987395131894e-01  2.56257179255359e-01
  2.32203783984351e-01  2.09775075896462e-01  1.88915811282541e-01
  1.69568128976779e-01  1.51672021568668e-01  1.35165783954125e-01
  1.19986438575021e-01  1.06070136800415e-01  9.33525362985309e-02
  8.17691543500124e-02  7.12556971949646e-02  6.17483657706618e-02
  5.31841381192667e-02  4.55010289868319e-02  3.86383270744433e-02
  3.25368104744744e-02  2.71389408374589e-02  2.23890367797039e-02
  1.82334270569960e-02  1.46205839644367e-02  1.15012374252111e-02
  8.82847016482837e-03  6.55779436588123e-03  4.64721014839308e-03
  3.05724623699407e-03  1.75098317335569e-03  6.94059423164171e-04
 -1.45339128966051e-04 -7.96505879880418e-04 -1.28625574069964e-03
 -1.63898224669287e-03 -1.87672869269772e-03 -2.01927231814948e-03
 -2.08422041751973e-03 -2.08711709452981e-03 -2.04155923422386e-03
 -1.95932013763836e-03 -1.85047915026309e-03 -1.72355553934873e-03
 -1.58564482414324e-03 -1.44255575859913e-03 -1.29894619849563e-03
 -1.15845616159990e-03 -1.02383650707523e-03 -8.97071814319645e-04
 -7.79496229469307e-04 -6.71901260622361e-04 -5.74634733657754e-04
 -4.87690361076520e-04 -4.10787616879639e-04 -3.43441843441161e-04
 -2.85024733042556e-04 -2.34815521147590e-04 -1.92043394696604e-04
 -1.55921753514817e-04 -1.25675063926362e-04 -1.00559110900709e-04
 -7.98754894909994e-05 -6.29811807863345e-05 -4.92940355732984e-05
 -3.82949449509485e-05 -2.95274160015157e-05 -2.25951973281843e-05
 -1.71585185379827e-05 -1.29294239992767e-05 -9.66659822196528e-06
 -7.17000102395419e-06 -5.27555780039907e-06 -3.85008505962538e-06
 -2.78657515427754e-06 -1.99991699311156e-06 -1.42309124532620e-06
 -1.00384894141579e-06 -7.01860084260394e-07 -4.86303510318467e-07
 -3.33859263155528e-07 -2.27059367752861e-07 -1.52951052538028e-07
 -1.02027178837507e-07 -6.73812669815282e-08 -4.40481819240954e-08
 -2.84960169442095e-08 -1.82391839036328e-08 -1.15474429713673e-08
 -7.22960947481050e-09 -4.47485591463973e-09 -2.73752619536191e-09
 -1.65475669174664e-09 -9.88031128836784e-10 -5.82577167467630e-10
 -3.39093900913088e-10 -1.94786671309634e-10 -1.10381848455267e-10
 -6.16871601401591e-11 -3.39871778851296e-11 -1.84545878025272e-11
 -9.87188958905428e-12 -5.20039439397866e-12 -2.69675304528117e-12
 -1.37606595100560e-12 -6.90637425751860e-13 -3.40791381494083e-13
 -1.65258847877257e-13 -7.87197288267678e-14 -3.68167339355304e-14
 -1.68983635395526e-14 -7.60801466298081e-15 -3.35822430430367e-15
 -1.45257594077002e-15 -6.15362031312323e-16 -2.55184402132831e-16
 -1.03532104546870e-16 -4.10703985461512e-17 -1.59224131325326e-17
 -6.03189153793309e-18 -2.23051536832260e-18 -8.04646474695621e-19
 -2.83011692280695e-19 -9.70059709351309e-20 -3.23993884936264e-20
 -1.05555831519006e-20 -3.34841737286247e-21 -1.03174819809488e-21
 -3.08578083938679e-22 -8.95129810966938e-23 -2.51652129148289e-23
 -6.85116455695360e-24 -1.80477981714119e-24
 (i6, f12.0, f18.0, f8.3, i6)
   665  60.0000000  0.02500000000000  26.000     2
 (3e22.14)
  2.89367842424056e-06  3.03926416337058e-06  3.19217416623429e-06
  3.35277687843171e-06  3.52145927781226e-06  3.69862780643920e-06
  3.88470934940761e-06  4.08015226287050e-06  4.28542745374540e-06
  4.50102951369861e-06  4.72747791013526e-06  4.96531823705595e-06
  5.21512352879400e-06  5.47749563978326e-06  5.75306669368785e-06
  6.04250060535644e-06  6.34649467929327e-06  6.66578128843714e-06
  7.00112963736364e-06  7.35334761403223e-06  7.72328373467536e-06
  8.11182918635130e-06  8.51991997219943e-06  8.94853916446098e-06
  9.39871927073474e-06  9.87154471911107e-06  1.03681544682083e-05
  1.08897447482964e-05  1.14375719402125e-05  1.20129555988362e-05
  1.26172816285320e-05  1.32520056180625e-05  1.39186563430701e-05
  1.46188394444517e-05  1.53542412915747e-05  1.61266330394190e-05
  1.69378748896538e-05  1.77899205655411e-05  1.86848220117413e-05
  1.96247343300144e-05  2.06119209628517e-05  2.16487591373546e-05
  2.27377455825016e-05  2.38815025334042e-05  2.50827840371201e-05
  2.63444825748749e-05  2.76696360169507e-05  2.90614349264248e-05
  3.05232302297680e-05  3.20585412722440e-05  3.36710642777175e-05
  3.53646812329430e-05  3.71434692177542e-05  3.90117102033063e-05
  4.09739013421253e-05  4.30347657741387e-05  4.51992639752034e-05
  4.74726056744621e-05  4.98602623698968e-05  5.23679804712738e-05
  5.50017951024378e-05  5.77680445956262e-05  6.06733857126977e-05
  6.37248096293316e-05  6.69296587208900e-05  7.02956441892733e-05
  7.38308645739708e-05  7.75438251901159e-05  8.14434585413960e-05
  8.55391457552845e-05  8.98407390926256e-05  9.43585855847128e-05
  9.91035518546404e-05  1.04087050181565e-04  1.09321065870838e-04
  1.14818185993930e-04  1.20591629568457e-04  1.26655279247846e-04
  1.33023714598502e-04  1.39712247041574e-04  1.46736956543928e-04
  1.54114730144667e-04  1.61863302409469e-04  1.70001297907979e-04
  1.78548275816584e-04  1.87524776750446e-04  1.96952371938452e-04
  2.06853714855247e-04  2.17252595434913e-04  2.28173996993243e-04
  2.39644155994982e-04  2.51690624805550e-04  2.64342337579085e-04
  2.77629679434051e-04  2.91584559085794e-04  3.06240485101964e-04
  3.21632645965866e-04  3.37797994133494e-04  3.54775334284727e-04
  3.72605415975406e-04  3.91331030910729e-04  4.10997115066209e-04
  4.31650855901362e-04  4.53341804911870e-04  4.76121995793397e-04
  5.00046068486144e-04  5.25171399399136e-04  5.51558238114679e-04
  5.79269850897096e-04  6.08372671339762e-04  6.38936458506692e-04
  6.71034462933883e-04  7.04743600886665e-04  7.40144637269175e-04
  7.77322377627473e-04  8.16365869679648e-04  8.57368614855726e-04
  9.00428790331228e-04  9.45649482076992e-04  9.93138929463104e-04
  1.04301078199093e-03  1.09538436874065e-03  1.15038498117267e-03
  1.20814416991889e-03  1.26880005627514e-03  1.33249765908982e-03
  1.39938923782547e-03  1.46963465256937e-03  1.54340174183250e-03
  1.62086671899932e-03  1.70221458834920e-03  1.78763958159005e-03
  1.87734561592658e-03  1.97154677468631e-03  2.07046781162882e-03
  2.17434468006853e-03  2.28342508803396e-03  2.39796908071291e-03
  2.51824965152939e-03  2.64455338320585e-03  2.77718112031309e-03
  2.91644867477004e-03  3.06268756594811e-03  3.21624579699905e-03
  3.37748866918931e-03  3.54679963604988e-03  3.72458119927372e-03
  3.91125584834627e-03  4.10726704604051e-03  4.31308026192589e-03
  4.52918405626089e-03  4.75609121658813e-03  4.99433994964252e-03
  5.24449513112801e-03  5.50714961617579e-03  5.78292561333216e-03
  6.07247612511825e-03  6.37648645828027e-03  6.69567580708253e-03
  7.03079891300682e-03  7.38264780458290e-03  7.75205362096518e-03
  8.13988852335110e-03  8.54706769821815e-03  8.97455145677512e-03
  9.42334743505667e-03  9.89451289939668e-03  1.03891571621177e-02
  1.09084441126440e-02  1.14535948692307e-02  1.20258905570914e-02
  1.26266752184724e-02  1.32573588610183e-02  1.39194206505178e-02
  1.46144122548003e-02  1.53439613455595e-02  1.61097752653595e-02
  1.69136448671966e-02  1.77574485345728e-02  1.86431563899482e-02
  1.95728347003893e-02  2.05486504887612e-02  2.15728763601034e-02
  2.26478955523184e-02  2.37762072213857e-02  2.49604319712405e-02
  2.62033176391853e-02  2.75077453478046e-02  2.88767358352596e-02
  3.03134560755862e-02  3.18212262019991e-02  3.34035267456655e-02
  3.50640062038286e-02  3.68064889509224e-02  3.86349835074442e-02
  4.05536911811516e-02  4.25670150967891e-02  4.46795696294404e-02
  4.68961902593310e-02  4.92219438640719e-02  5.16621394671211e-02
  5.42223394601292e-02  5.69083713185359e-02  5.97263398296541e-02
  6.26826398538022e-02  6.57839696385982e-02  6.90373447087769e-02
  7.24501123520733e-02  7.60299667255648e-02  7.97849646037701e-02
  8.37235417939200e-02  8.78545302416081e-02  9.21871758524958e-02
  9.67311570550203e-02  1.01496604130883e-01  1.06494119338726e-01
  1.11734797859824e-01  1.17230249590726e-01  1.22992621814001e-01
  1.29034622772007e-01  1.35369546175195e-01  1.42011296671772e-01
  1.48974416309078e-01  1.56274112014898e-01  1.63926284129281e-01
  1.71947556013987e-01  1.80355304771835e-01  1.89167693100132e-01
  1.98403702312434e-01  2.08083166550455e-01  2.18226808218628e-01
  2.28856274663972e-01  2.39994176129008e-01  2.51664125000131e-01
  2.63890776376578e-01  2.76699869977370e-01  2.90118273411215e-01
  3.04174026818060e-01  3.18896388907376e-01  3.34315884393899e-01
  3.50464352848953e-01  3.67374998965626e-01  3.85082444243198e-01
  4.03622780084336e-01  4.23033622301336e-01  4.43354167011197e-01
  4.64625247910818e-01  4.86889394891407e-01  5.10190893978561e-01
  5.34575848537479e-01  5.60092241711780e-01  5.86790000025566e-01
  6.14721058088503e-01  6.43939424319262e-01  6.74501247604865e-01
  7.06464884780482e-01  7.39890968832386e-01  7.74842477665099e-01
  8.11384803320890e-01  8.49585821451205e-01  8.89515960889765e-01
  9.31248273103577e-01  9.74858501314018e-01  1.02042514903315e+00
  1.06802954776221e+00  1.11775592353699e+00  1.16969146203613e+00
  1.22392637185454e+00  1.28055394562860e+00  1.33967061853825e+00
  1.40137602380135e+00  1.46577304464300e+00  1.53296786225160e+00
  1.60306999915007e+00  1.67619235741584e+00  1.75245125107355e+00
  1.83196643204523e+00  1.91486110884202e+00  2.00126195734027e+00
  2.09129912270060e+00  2.18510621166133e+00  2.28282027420811e+00
  2.38458177368761e+00  2.49053454429702e+00  2.60082573490750e+00
  2.71560573800229e+00  2.83502810264003e+00  2.95924943002083e+00
  3.08842925054180e+00  3.22272988075526e+00  3.36231625898262e+00
  3.50735575796831e+00  3.65801797312354e+00  3.81447448469794e+00
  3.97689859234898e+00  4.14546502028156e+00  4.32034959145859e+00
  4.50172886885416e+00  4.68977976232003e+00  4.88467909892972e+00
  5.08660315531498e+00  5.29572714994437e+00  5.51222469383627e+00
  5.73626719758492e+00  5.96802323351336e+00  6.20765785068718e+00
  6.45533184182196e+00  6.71120096012821e+00  6.97541508509144e+00
  7.24811733565890e+00  7.52944313023995e+00  7.81951919198663e+00
  8.11846249972790e+00  8.42637918302105e+00  8.74336336246554e+00
  9.06949593457662e+00  9.40484330257209e+00  9.74945605371535e+00
  1.01033675851299e+01  1.04665926796561e+01  1.08391260350777e+01
  1.12209407489616e+01  1.16119867642855e+01  1.20121892789388e+01
  1.24214471260114e+01  1.28396311297228e+01  1.32665824451668e+01
  1.37021108887771e+01  1.41459932699761e+01  1.45979717318866e+01
  1.50577521150578e+01  1.55250023530983e+01  1.59993509168828e+01
  1.64803853191164e+01  1.69676506970813e+01  1.74606484891320e+01
  1.79588352243531e+01  1.84616214434860e+01  1.89683707734846e+01
  1.94783991752341e+01  1.99909743904984e+01  2.05053156076006e+01
  2.10205933762013e+01  2.15359297910548e+01  2.20503989761065e+01
  2.25630278918076e+01  2.30727974961587e+01  2.35786442824077e+01
  2.40794622263559e+01  2.45741051614251e+01  2.50613896167514e+01
  2.55400981329339e+01  2.60089830861413e+01  2.64667710351922e+01
  2.69121676146939e+01  2.73438629830349e+01  2.77605378454737e+01
  2.81608700475099e+01  2.85435417549554e+01  2.89072472040273e+01
  2.92507010237086e+01  2.95726471066113e+01  2.98718680121632e+01
  3.01471948635809e+01  3.03975177102251e+01  3.06217962930431e+01
  3.08190711712560e+01  3.09884751274881e+01  3.11292447853111e+01
  3.12407323419739e+01  3.13224173239455e+01  3.13739182470562e+01
  3.13950040712172e+01  3.13856053042908e+01  3.13458246321132e+01
  3.12759469039176e+01  3.11764483346377e+01  3.10480047423178e+01
  3.08914986606738e+01  3.07080251424109e+01  3.04988960859974e+01
  3.02656428933382e+01  3.00100173027952e+01  2.97339902044114e+01
  2.94397482971579e+01  2.91296884187024e+01  2.88064094240647e+01
  2.84727014834524e+01  2.81315327130829e+01  2.77860330507133e+01
  2.74394753517766e+01  2.70952536704867e+01  2.67568587721649e+01
  2.64278509194279e+01  2.61118300491511e+01  2.58124034763958e+01
  2.55331513295264e+01  2.52775899403657e+01  2.50491334984938e+01
  2.48510542805125e+01  2.46864418590688e+01  2.45581617065456e+01
  2.44688136668078e+01  2.44206908115448e+01  2.44157392194611e+01
  2.44555192587243e+01  2.45411689725001e+01  2.46733701793058e+01
  2.48523179166465e+01  2.50776938488261e+01  2.53486442518944e+01
  2.56637631691470e+01  2.60210812987412e+01  2.64180611266687e+01
  2.68515987802298e+01  2.73180329844540e+01  2.78131614620334e+01
  2.83322649945762e+01  2.88701392937359e+01  2.94211347061521e+01
  2.99792036694012e+01  3.05379557111637e+01  3.10907196605176e+01
  3.16306126044169e+01  3.21506150001331e+01  3.26436512108517e+01
  3.31026746230850e+01  3.35207563615636e+01  3.38911765212294e+01
  3.42075167248762e+01  3.44637527209306e+01  3.46543456697395e+01
  3.47743307027164e+01  3.48194012946195e+01  3.47859879895392e+01
  3.46713300019016e+01  3.44735382685757e+01  3.41916485660498e+01
  3.38256634013923e+01  3.33765814873708e+01  3.28464137614621e+01
  3.22381850577425e+01  3.15559207581040e+01  3.08046179334205e+01
  2.99902007701704e+01  2.91194602982828e+01  2.81999787560059e+01
  2.72400391940113e+01  2.62485212548613e+01  2.52347843392722e+01
  2.42085397197086e+01  2.31797134121568e+01  2.21583019321863e+01
  2.11542232884958e+01  2.01771657845929e+01  1.92364373746400e+01
  1.83408184184804e+01  1.74984207416101e+01  1.67165558789638e+01
  1.60016152918534e+01  1.53589651750214e+01  1.47928582321201e+01
  1.43063644697929e+01  1.39013227080581e+01  1.35783140410418e+01
  1.33366580482473e+01  1.31744320352513e+01  1.30885130910907e+01
  1.30746422403482e+01  1.31275094763693e+01  1.32408579925709e+01
  1.34076054896249e+01  1.36199800373150e+01  1.38696676209465e+01
  1.41479682105030e+01  1.44459569735517e+01  1.47546471127423e+01
  1.50651507641079e+01  1.53688344414429e+01  1.56574656645129e+01
  1.59233476591588e+01  1.61594393607195e+01  1.63594583783227e+01
  1.65179650705591e+01  1.66304264252779e+01  1.66932590081216e+01
  1.67038508217099e+01  1.66605624851101e+01  1.65627086697337e+01
  1.64105212113420e+01  1.62050957252575e+01  1.59483238889347e+01
  1.56428138020524e+01  1.52918009935020e+01  1.48990527174293e+01
  1.44687681660546e+01  1.40054771375864e+01  1.35139395429495e+01
  1.29990479200494e+01  1.24657348714327e+01  1.19188870539744e+01
  1.13632670440171e+01  1.08034440917994e+01  1.02437344688535e+01
  9.68815181865809e+00  9.14036764350244e+00  8.60368181046856e+00
  8.08100273906388e+00  7.57483674231195e+00  7.08728584053430e+00
  6.62005323969479e+00  6.17445558305276e+00  5.75144102025346e+00
  5.35161211256419e+00  4.97525258775211e+00  4.62235697900458e+00
  4.29266222328314e+00  3.98568035243249e+00  3.70073148288612e+00
  3.43697639304919e+00  3.19344806870265e+00  2.96908169274565e+00
  2.76274265372179e+00  2.57325224481004e+00  2.39941081932938e+00
  2.24001825755246e+00  2.09389168141445e+00  1.95988042708684e+00
  1.83687834848320e+00  1.72383357763444e+00  1.61975591113211e+00
  1.52372202198667e+00  1.43487871969606e+00  1.35244449201808e+00
  1.27570956687652e+00  1.20403472900313e+00  1.13684911667726e+00
  1.07364720995882e+00  1.01398520411837e+00  9.57476942135218e-01
  9.03789558982459e-01  8.52638968695492e-01  8.03785304334378e-01
  7.57028400467254e-01  7.12203389601352e-01  6.69176466816840e-01
  6.27840862472027e-01  5.88113050162380e-01  5.49929206733273e-01
  5.13241932961167e-01  4.78017236945570e-01  4.44231777822489e-01
  4.11870363962977e-01  3.80923698127191e-01  3.51386360803077e-01
  3.23255022853624e-01  2.96526878626629e-01  2.71198291195400e-01
  2.47263641802824e-01  2.24714376043268e-01  2.03538239413921e-01
  1.83718694879165e-01  1.65234514577879e-01  1.48059537206703e-01
  1.32162581419904e-01  1.17507504570221e-01  1.04053394462079e-01
  9.17548805416657e-02  8.05625493526510e-02  7.04234478982608e-02
  6.12816574353802e-02  5.30789195326105e-02  4.57552958600647e-02
  3.92498433106395e-02  3.35012866121677e-02  2.84486716562175e-02
  2.40319842538273e-02  2.01927209361023e-02  1.68744006312632e-02
  1.40230085246204e-02  1.15873660102484e-02  9.51942329720609e-03
  7.77447381234632e-03  6.31129196704318e-03  5.09219802404047e-03
  4.08305565731635e-03  3.25320927853680e-03  2.57536928943534e-03
  2.02545409245207e-03  1.58239797110239e-03  1.22793386266853e-03
  9.46359635821042e-04  7.24295810571895e-04  5.50441780477383e-04
  4.15336581917846e-04  3.11129167502338e-04  2.31362037466582e-04
  1.70771016394264e-04  1.25102972934742e-04  9.09523989044685e-05
  6.56170105630796e-05  4.69719192821159e-05  3.33614421588097e-05
  2.35072787740751e-05  1.64315570545830e-05  1.13931324536135e-05
  7.83549362539237e-06  5.34466560281199e-06  3.61559026811334e-06
  2.42558837570420e-06  1.61365201715156e-06  1.06447088615572e-06
  6.96249864796533e-07  4.51522766128868e-07  2.90303207169735e-07
  1.85034999895585e-07  1.16910845364452e-07  7.32182063185648e-08
  4.54470510452467e-08  2.79554442678832e-08  1.70390374249080e-08
  1.02890478759911e-08  6.15433287359338e-09  3.64562499896092e-09
  2.13821368423852e-09  1.24135262111597e-09  7.13168240083510e-10
  4.05298140141161e-10  2.27779852409557e-10  1.26537386478474e-10
  6.94565728619392e-11  3.76552464869012e-11  2.01538792241151e-11
  1.06439840843110e-11  5.54429348136630e-12  2.84683562106909e-12
  1.44020788698474e-12  7.17468378482903e-13  3.51770808289056e-13
  1.69651414892253e-13  8.04369598592098e-14  3.74725553820892e-14
  1.71428183590004e-14  7.69689429147414e-15  3.38972540346637e-15
  1.46345259497205e-15  6.19018141934619e-16  2.56380038796770e-16
  1.03911941367901e-16  4.11876191793480e-17  1.59575288134977e-17
  6.04209531419868e-18  2.23338911199473e-18  8.05430298324539e-19
  2.83218572576001e-19  9.70587654302447e-20  3.24124038483130e-20
  1.05586801500372e-20  3.34912801921420e-21  1.03190530452906e-21
  3.08611515167852e-22  8.95198219196168e-23  2.51665576322834e-23
  6.85141823248316e-24  1.80482569444836e-24
  2.48760274371638e-24  2.83795082731492e-24  3.23762551586212e-24
  3.69356899327131e-24  4.21370005681725e-24  4.80705143021637e-24
  5.48392637082537e-24  6.25607727988530e-24  7.13690940474024e-24
  8.14171315508543e-24  9.28792904947568e-24  1.05954498710573e-23
  1.20869652537590e-23  1.37883546518236e-23  1.57291354799616e-23
  1.79429741624089e-23  2.04682689133388e-23  2.33488143069412e-23
  2.66345591041173e-23  3.03824704085792e-23  3.46575190552139e-23
  3.95338032198393e-23  4.50958296169794e-23  5.14399743622579e-23
  5.86761486643663e-23  6.69296980315003e-23  7.63435676880908e-23
  8.70807714693506e-23  9.93272066697068e-23  1.13294863257697e-22
  1.29225482633418e-22  1.47394728811918e-22  1.68116943697436e-22
  1.91750568118661e-22  2.18704321694932e-22  2.49444247589512e-22
  2.84501743003058e-22  3.24482713113201e-22  3.70078005368415e-22
  4.22075302913776e-22  4.81372680839272e-22  5.48994057316167e-22
  6.26106804005492e-22  7.14041816928895e-22  8.14316390912104e-22
  9.28660288444260e-22  1.05904544815982e-21  1.20771984004375e-21
  1.37724604494342e-21  1.57054521621423e-21  1.79094717268840e-21
  2.04224747616282e-21  2.32877246501157e-21  2.65545335030006e-21
  3.02791063420485e-21  3.45255028514912e-21  3.93667330280474e-21
  4.48860053227910e-21  5.11781484418039e-21  5.83512309012789e-21
  6.65284057650090e-21  7.58500117837949e-21  8.64759664693273e-21
  9.85884915424169e-21  1.12395216776594e-20  1.28132714607112e-20
  1.46070525095796e-20  1.66515739053913e-20  1.89818216463067e-20
  2.16376527952334e-20  2.46644719161675e-20  2.81140011547267e-20
  3.20451568785493e-20  3.65250475668008e-20  4.16301096536388e-20
  4.74474003213111e-20  5.40760688416973e-20  6.16290310230510e-20
  7.02348746791563e-20  8.00400278560602e-20  9.12112258879801e-20
  1.03938318279747e-19  1.18437462006905e-19  1.34954754176900e-19
  1.53770364206939e-19  1.75203233862986e-19  1.99616422798779e-19
  2.27423187784805e-19  2.59093895790324e-19  2.95163884668948e-19
  3.36242400614592e-19  3.83022759044269e-19  4.36293895402739e-19
  4.96953494885502e-19  5.66022915592349e-19  6.44664148557303e-19
  7.34199090901136e-19  8.36131445535003e-19  9.52171602985186e-19
  1.08426490866456e-18  1.23462377302540e-18  1.40576414332832e-18
  1.60054692519503e-18  1.82222502074779e-18  2.07449673918055e-18
  2.36156643641388e-18  2.68821335459835e-18  3.05986976137841e-18
  3.48270963496879e-18  3.96374930643763e-18  4.51096165761587e-18
  5.13340568458404e-18  5.84137347585890e-18  6.64655692483242e-18
  7.56223680164966e-18  8.60349715515982e-18  9.78746840586232e-18
  1.11336029316954e-17  1.26639874464929e-17  1.44036970333054e-17
  1.63811963296326e-17  1.86287940782800e-17  2.11831580662428e-17
  2.40858983865537e-17  2.73842279872247e-17  3.11317106324137e-17
  3.53891077096180e-17  4.02253367923907e-17  4.57185565308399e-17
  5.19573943160095e-17  5.90423352749434e-17  6.70872935306741e-17
  7.62213893378882e-17  8.65909587188390e-17  9.83618256147830e-17
  1.11721870384901e-16  1.26883932776503e-16  1.44089092318469e-16
  1.63610374517366e-16  1.85756937337767e-16  2.10878799303991e-16
  2.39372178266278e-16  2.71685518525134e-16  3.08326293727614e-16
  3.49868683856554e-16  3.96962236879711e-16  4.50341639365399e-16
  5.10837735784195e-16  5.79389953506020e-16  6.57060309879380e-16
  7.45049199518351e-16  8.44713184258178e-16  9.57585035540053e-16
  1.08539630952987e-15  1.23010276950774e-15  1.39391300837255e-15
  1.57932066699435e-15  1.78914069212272e-15  2.02655013126482e-15
  2.29513402195088e-15  2.59893699999437e-15  2.94252132634929e-15
  3.33103211610192e-15  3.77027064682431e-15  4.26677672825066e-15
  4.82792123213578e-15  5.46201001181064e-15  6.17840058658346e-15
  6.98763312899671e-15  7.90157747431480e-15  8.93359807427658e-15
  1.00987390429745e-14  1.14139316946266e-14  1.28982272539313e-14
  1.45730577325780e-14  1.64625283148017e-14  1.85937449829373e-14
  2.09971815480601e-14  2.37070907321278e-14  2.67619644863095e-14
  3.02050493277915e-14  3.40849231437991e-14  3.84561406525680e-14
  4.33799555368051e-14  4.89251281824333e-14  5.51688289781436e-14
  6.21976482668194e-14  7.01087253052998e-14  7.90110099931359e-14
  8.90266726980537e-14  1.00292679239828e-13  1.12962550032953e-13
  1.27208324532987e-13  1.43222754523859e-13  1.61221752437297e-13
  1.81447123848992e-13  2.04169616573521e-13  2.29692322431611e-13
  2.58354471805147e-13  2.90535665609814e-13  3.26660594303758e-13
  3.67204299121080e-13  4.12698036885778e-13  4.63735816630514e-13
  5.20981683858645e-13  5.85177836777340e-13  6.57153668211826e-13
  7.37835837406153e-13  8.28259487497953e-13  9.29580737395601e-13
  1.04309059111861e-12  1.17023042360922e-12  1.31260921975339e-12
  1.47202276301431e-12  1.65047499204056e-12  1.85020176782692e-12
  2.07369732122705e-12  2.32374368051442e-12  2.60344341229656e-12
  2.91625604618659e-12  3.26603859507320e-12  3.65709062881183e-12
  4.09420441046985e-12  4.58272066113045e-12  5.12859058285468e-12
  5.73844483990558e-12  6.41967027713480e-12  7.18049524179118e-12
  8.03008447310895e-12  8.97864463195203e-12  1.00375416651301e-11
  1.12194313329733e-11  1.25384043804586e-11  1.40101479997313e-11
  1.56521254197692e-11  1.74837756682951e-11  1.95267357850366e-11
  2.18050880265412e-11  2.43456348951343e-11  2.71782051499465e-11
  3.03359943251187e-11  3.38559436849620e-11  3.77791620077413e-11
  4.21513950962921e-11  4.70235484911479e-11  5.24522695015819e-11
  5.85005953912450e-11  6.52386753626406e-11  7.27445748911971e-11
  8.11051719776850e-11  9.04171560307376e-11  1.00788141376654e-10
  1.12337908837506e-10  1.25199790446029e-10  1.39522214191199e-10
  1.55470427755323e-10  1.73228422516272e-10  1.93001081714366e-10
  2.15016579628448e-10  2.39529061939909e-10  2.66821641226932e-10
  2.97209745772143e-10  3.31044864686315e-10  3.68718737757611e-10
  4.10668044614988e-10  4.57379654716246e-10  5.09396507585991e-10
  5.67324201636176e-10  6.31838380041446e-10  7.03693013625585e-10
  7.83729693754351e-10  8.72888063029091e-10  9.72217528405249e-10
  1.08289042045590e-09  1.20621678425205e-09  1.34366101203887e-09
  1.49686055602681e-09  1.66764699163776e-09  1.85806973806779e-09
  2.07042278446927e-09  2.30727481763511e-09  2.57150320083945e-09
  2.86633231527302e-09  3.19537684574457e-09  3.56269067245303e-09
  3.97282212240662e-09  4.43087643831767e-09  4.94258644273427e-09
  5.51439251099446e-09  6.15353312318353e-09  6.86814744303004e-09
  7.66739157579936e-09  8.56157038968377e-09  9.56228705291314e-09
  1.06826127411426e-08  1.19372793220777e-08  1.33428982180359e-08
  1.49182091091118e-08  1.66843626565444e-08  1.86652420270879e-08
  2.08878286804634e-08  2.33826186664660e-08  2.61840965691568e-08
  2.93312752696092e-08  3.28683108547912e-08  3.68452033634977e-08
  4.13185955721580e-08  4.63526837985419e-08  5.20202566996000e-08
  5.84038803409068e-08  6.55972504481626e-08  7.37067357430171e-08
  8.28531397391448e-08  9.31737122382353e-08  1.04824446350725e-07
  1.17982701900932e-07  1.32850202023046e-07  1.49656456414765e-07
  1.68662672357518e-07  1.90166223418109e-07  2.14505755593387e-07
  2.42067022214402e-07  2.73289551719335e-07  3.08674267371931e-07
  3.48792194771101e-07  3.94294412299847e-07  4.45923421477752e-07
  5.04526139330361e-07  5.71068742881333e-07  6.46653628836847e-07
  7.32538787419116e-07  8.30159931936655e-07  9.41155772431694e-07
  1.06739687612225e-06  1.21101861792161e-06  1.37445879487407e-06
  1.56050055481532e-06  1.77232138176522e-06  2.01354897802867e-06
  2.28832500012735e-06  2.60137773293569e-06  2.95810493311764e-06
  3.36466823764388e-06  3.82810071885264e-06  4.35642937865308e-06
  4.95881460719582e-06  5.64570890354473e-06  6.42903744811656e-06
  7.32240345830594e-06  8.34132163524730e-06  9.50348343095772e-06
  1.08290583429803e-05  1.23410359769268e-05  1.40656142032509e-05
  1.60326394149457e-05  1.82761056147181e-05  2.08347199057513e-05
  2.37525428656195e-05  2.70797133169425e-05  3.08732681322362e-05
  3.51980689920131e-05  4.01278493663479e-05  4.57463966059676e-05
  5.21488856267369e-05  5.94433826654862e-05  6.77525395361777e-05
  7.72155011666252e-05  8.79900516089907e-05  1.00255026515406e-04
  1.14213022888665e-04  1.30093440368529e-04  1.48155891519221e-04
  1.68694022696478e-04  1.92039790896959e-04  2.18568246593856e-04
  2.48702877220167e-04  2.82921571026553e-04  3.21763266594877e-04
  3.65835358680520e-04  4.15821937785874e-04  4.72492946347721e-04
  5.36714342177981e-04  6.09459365769584e-04  6.91821016094869e-04
  7.85025846259954e-04  8.90449198621505e-04  1.00963200552437e-03
  1.14429929069204e-03  1.29638051209034e-03  1.46803189557628e-03
  1.66166091403655e-03  1.87995307416558e-03  2.12590117489349e-03
  2.40283721177141e-03  2.71446709440314e-03  3.06490835669217e-03
  3.45873102721631e-03  3.90100183164110e-03  4.39733188872598e-03
  4.95392805113648e-03  5.57764803305393e-03  6.27605944143002e-03
  7.05750281374882e-03  7.93115872851714e-03  8.90711902800432e-03
  9.99646214485892e-03  1.12113324867604e-02  1.25650237610487e-02
  1.40720660824839e-02  1.57483166014318e-02  1.76110533481204e-02
  1.96790718538163e-02  2.19727840464044e-02  2.45143187787856e-02
  2.73276232327863e-02  3.04385643204617e-02  3.38750290262449e-02
  3.76670225288289e-02  4.18467626997199e-02  4.64487695037766e-02
  5.15099475167911e-02  5.70696597066380e-02  6.31697903330935e-02
  6.98547946637367e-02  7.71717330086563e-02  8.51702863334657e-02
  9.39027505845745e-02  1.03424006567296e-01  1.13791462249289e-01
  1.25064963891250e-01  1.37306672734802e-01  1.50580903405582e-01
  1.64953920608403e-01  1.80493690384028e-01  1.97269582464111e-01
  2.15352020401721e-01  2.34812076286926e-01  2.55721007486298e-01
  2.78149732900806e-01  3.02168247324030e-01  3.27844972647834e-01
  3.55246046058315e-01  3.84434545850788e-01  4.15469657024294e-01
  4.48405779716986e-01  4.83291585196668e-01  5.20169025248443e-01
  5.59072302666697e-01  6.00026811641973e-01  6.43048058816105e-01
  6.88140576670273e-01  7.35296842804910e-01  7.84496219091931e-01
  8.35703926477681e-01  8.88870070852874e-01  9.43928737156820e-01
  1.00079716778913e+00  1.05937504308434e+00  1.11954388057001e+00
  1.18116657112667e+00  1.24408707022014e+00  1.30813026366210e+00
  1.37310202845447e+00  1.43878951052162e+00  1.50496164195847e+00
  1.57136992033836e+00  1.63774947114945e+00  1.70382041092107e+00
  1.76928952303280e+00  1.83385225067149e+00  1.89719500176927e+00
  1.95899775056440e+00  2.01893690909001e+00  2.07668843146436e+00
  2.13193110331909e+00  2.18434996096585e+00  2.23363977657628e+00
  2.27950854228312e+00  2.32168088189294e+00  2.35990131941088e+00
  2.39393733540199e+00  2.42358214577889e+00  2.44865714489879e+00
  2.46901396216622e+00  2.48453609171475e+00  2.49514006542543e+00
  2.50077615134202e+00  2.50142857159935e+00  2.49711524592770e+00
  2.48788707808059e+00  2.47382681293041e+00  2.45504750148427e+00
  2.43169061769567e+00  2.40392387772991e+00  2.37193881587737e+00
  2.33594817295520e+00  2.29618315437522e+00  2.25289061238332e+00
  2.20633020523353e+00  2.15677158120964e+00  2.10449163076915e+00
  2.04977184413047e+00  1.99289580559173e+00  1.93414684947337e+00
  1.87380589650515e+00  1.81214948345924e+00  1.74944799341428e+00
  1.68596408937102e+00  1.62195134944295e+00  1.55765309868681e+00
  1.49330142972097e+00  1.42911640216695e+00  1.36530540972761e+00
  1.30206270247053e+00  1.23956905186161e+00  1.17799154565495e+00
  1.11748350032675e+00  1.05818447891331e+00  1.00022040290971e+00
  9.43703747375738e-01  8.88733809238329e-01  8.35397039349924e-01
  7.83767429683439e-01  7.33906947595976e-01  6.85866009847275e-01
  6.39683989780760e-01  5.95389751087455e-01  5.53002203371330e-01
  5.12530873753726e-01  4.73976490159854e-01  4.37331572468055e-01
  4.02581026841045e-01  3.69702740551839e-01  3.38668173196663e-01
  3.09442941572771e-01  2.81987395131894e-01  2.56257179255359e-01
  2.32203783984351e-01  2.09775075896462e-01  1.88915811282541e-01
  1.69568128976779e-01  1.51672021568668e-01  1.35165783954125e-01
  1.19986438575021e-01  1.06070136800415e-01  9.33525362985309e-02
  8.17691543500124e-02  7.12556971949646e-02  6.17483657706618e-02
  5.31841381192667e-02  4.55010289868319e-02  3.86383270744433e-02
  3.25368104744744e-02  2.71389408374589e-02  2.23890367797039e-02
  1.82334270569960e-02  1.46205839644367e-02  1.15012374252111e-02
  8.82847016482837e-03  6.55779436588123e-03  4.64721014839308e-03
  3.05724623699407e-03  1.75098317335569e-03  6.94059423164171e-04
 -1.45339128966051e-04 -7.96505879880418e-04 -1.28625574069964e-03
 -1.63898224669287e-03 -1.87672869269772e-03 -2.01927231814948e-03
 -2.08422041751973e-03 -2.08711709452981e-03 -2.04155923422386e-03
 -1.95932013763836e-03 -1.85047915026309e-03 -1.72355553934873e-03
 -1.58564482414324e-03 -1.44255575859913e-03 -1.29894619849563e-03
 -1.15845616159990e-03 -1.02383650707523e-03 -8.97071814319645e-04
 -7.79496229469307e-04 -6.71901260622361e-04 -5.74634733657754e-04
 -4.87690361076520e-04 -4.10787616879639e-04 -3.43441843441161e-04
 -2.85024733042556e-04 -2.34815521147590e-04 -1.92043394696604e-04
 -1.55921753514817e-04 -1.25675063926362e-04 -1.00559110900709e-04
 -7.98754894909994e-05 -6.29811807863345e-05 -4.92940355732984e-05
 -3.82949449509485e-05 -2.95274160015157e-05 -2.25951973281843e-05
 -1.71585185379827e-05 -1.29294239992767e-05 -9.66659822196528e-06
 -7.17000102395419e-06 -5.27555780039907e-06 -3.85008505962538e-06
 -2.78657515427754e-06 -1.99991699311156e-06 -1.42309124532620e-06
 -1.00384894141579e-06 -7.01860084260394e-07 -4.86303510318467e-07
 -3.33859263155528e-07 -2.27059367752861e-07 -1.52951052538028e-07
 -1.02027178837507e-07 -6.73812669815282e-08 -4.40481819240954e-08
 -2.84960169442095e-08 -1.82391839036328e-08 -1.15474429713673e-08
 -7.22960947481050e-09 -4.47485591463973e-09 -2.73752619536191e-09
 -1.65475669174664e-09 -9.88031128836784e-10 -5.82577167467630e-10
 -3.39093900913088e-10 -1.94786671309634e-10 -1.10381848455267e-10
 -6.16871601401591e-11 -3.39871778851296e-11 -1.84545878025272e-11
 -9.87188958905428e-12 -5.20039439397866e-12 -2.69675304528117e-12
 -1.37606595100560e-12 -6.90637425751860e-13 -3.40791381494083e-13
 -1.65258847877257e-13 -7.87197288267678e-14 -3.68167339355304e-14
 -1.68983635395526e-14 -7.60801466298081e-15 -3.35822430430367e-15
 -1.45257594077002e-15 -6.15362031312323e-16 -2.55184402132831e-16
 -1.03532104546870e-16 -4.10703985461512e-17 -1.59224131325326e-17
 -6.03189153793309e-18 -2.23051536832260e-18 -8.04646474695621e-19
 -2.83011692280695e-19 -9.70059709351309e-20 -3.23993884936264e-20
 -1.05555831519006e-20 -3.34841737286247e-21 -1.03174819809488e-21
 -3.08578083938679e-22 -8.95129810966938e-23 -2.51652129148289e-23
 -6.85116455695360e-24 -1.80477981714119e-24
 (i6, f12.0, f18.0, f8.3, i6)
   665  60.0000000  0.02500000000000  26.000     2
 (3e22.14)
  2.89367842424056e-06  3.03926416337058e-06  3.19217416623429e-06
  3.35277687843171e-06  3.52145927781226e-06  3.69862780643920e-06
  3.88470934940761e-06  4.08015226287050e-06  4.28542745374540e-06
  4.50102951369861e-06  4.72747791013526e-06  4.96531823705595e-06
  5.21512352879400e-06  5.47749563978326e-06  5.75306669368785e-06
  6.04250060535644e-06  6.34649467929327e-06  6.66578128843714e-06
  7.00112963736364e-06  7.35334761403223e-06  7.72328373467536e-06
  8.11182918635130e-06  8.51991997219943e-06  8.94853916446098e-06
  9.39871927073474e-06  9.87154471911107e-06  1.03681544682083e-05
  1.08897447482964e-05  1.14375719402125e-05  1.20129555988362e-05
  1.26172816285320e-05  1.32520056180625e-05  1.39186563430701e-05
  1.46188394444517e-05  1.53542412915747e-05  1.61266330394190e-05
  1.69378748896538e-05  1.77899205655411e-05  1.86848220117413e-05
  1.96247343300144e-05  2.06119209628517e-05  2.16487591373546e-05
  2.27377455825016e-05  2.38815025334042e-05  2.50827840371201e-05
  2.63444825748749e-05  2.76696360169507e-05  2.90614349264248e-05
  3.05232302297680e-05  3.20585412722440e-05  3.36710642777175e-05
  3.53646812329430e-05  3.71434692177542e-05  3.90117102033063e-05
  4.09739013421253e-05  4.30347657741387e-05  4.51992639752034e-05
  4.74726056744621e-05  4.98602623698968e-05  5.23679804712738e-05
  5.50017951024378e-05  5.77680445956262e-05  6.06733857126977e-05
  6.37248096293316e-05  6.69296587208900e-05  7.02956441892733e-05
  7.38308645739708e-05  7.75438251901159e-05  8.14434585413960e-05
  8.55391457552845e-05  8.98407390926256e-05  9.43585855847128e-05
  9.91035518546404e-05  1.04087050181565e-04  1.09321065870838e-04
  1.14818185993930e-04  1.20591629568457e-04  1.26655279247846e-04
  1.33023714598502e-04  1.39712247041574e-04  1.46736956543928e-04
  1.54114730144667e-04  1.61863302409469e-04  1.70001297907979e-04
  1.78548275816584e-04  1.87524776750446e-04  1.96952371938452e-04
  2.06853714855247e-04  2.17252595434913e-04  2.28173996993243e-04
  2.39644155994982e-04  2.51690624805550e-04  2.64342337579085e-04
  2.77629679434051e-04  2.91584559085794e-04  3.06240485101964e-04
  3.21632645965866e-04  3.37797994133494e-04  3.54775334284727e-04
  3.72605415975406e-04  3.91331030910729e-04  4.10997115066209e-04
  4.31650855901362e-04  4.53341804911870e-04  4.76121995793397e-04
  5.00046068486144e-04  5.25171399399136e-04  5.51558238114679e-04
  5.79269850897096e-04  6.08372671339762e-04  6.38936458506692e-04
  6.71034462933883e-04  7.04743600886665e-04  7.40144637269175e-04
  7.77322377627473e-04  8.16365869679648e-04  8.57368614855726e-04
  9.00428790331228e-04  9.45649482076992e-04  9.93138929463104e-04
  1.04301078199093e-03  1.09538436874065e-03  1.15038498117267e-03
  1.20814416991889e-03  1.26880005627514e-03  1.33249765908982e-03
  1.39938923782547e-03  1.46963465256937e-03  1.54340174183250e-03
  1.62086671899932e-03  1.70221458834920e-03  1.78763958159005e-03
  1.87734561592658e-03  1.97154677468631e-03  2.07046781162882e-03
  2.17434468006853e-03  2.28342508803396e-03  2.39796908071291e-03
  2.51824965152939e-03  2.64455338320585e-03  2.77718112031309e-03
  2.91644867477004e-03  3.06268756594811e-03  3.21624579699905e-03
  3.37748866918931e-03  3.54679963604988e-03  3.72458119927372e-03
  3.91125584834627e-03  4.10726704604051e-03  4.31308026192589e-03
  4.52918405626089e-03  4.75609121658813e-03  4.99433994964252e-03
  5.24449513112801e-03  5.50714961617579e-03  5.78292561333216e-03
  6.07247612511825e-03  6.37648645828027e-03  6.69567580708253e-03
  7.03079891300682e-03  7.38264780458290e-03  7.75205362096518e-03
  8.13988852335110e-03  8.54706769821815e-03  8.97455145677512e-03
  9.42334743505667e-03  9.89451289939668e-03  1.03891571621177e-02
  1.09084441126440e-02  1.14535948692307e-02  1.20258905570914e-02
  1.26266752184724e-02  1.32573588610183e-02  1.39194206505178e-02
  1.46144122548003e-02  1.53439613455595e-02  1.61097752653595e-02
  1.69136448671966e-02  1.77574485345728e-02  1.86431563899482e-02
  1.95728347003893e-02  2.05486504887612e-02  2.15728763601034e-02
  2.26478955523184e-02  2.37762072213857e-02  2.49604319712405e-02
  2.62033176391853e-02  2.75077453478046e-02  2.88767358352596e-02
  3.03134560755862e-02  3.18212262019991e-02  3.34035267456655e-02
  3.50640062038286e-02  3.68064889509224e-02  3.86349835074442e-02
  4.05536911811516e-02  4.25670150967891e-02  4.46795696294404e-02
  4.68961902593310e-02  4.92219438640719e-02  5.16621394671211e-02
  5.42223394601292e-02  5.69083713185359e-02  5.97263398296541e-02
  6.26826398538022e-02  6.57839696385982e-02  6.90373447087769e-02
  7.24501123520733e-02  7.60299667255648e-02  7.97849646037701e-02
  8.37235417939200e-02  8.78545302416081e-02  9.21871758524958e-02
  9.67311570550203e-02  1.01496604130883e-01  1.06494119338726e-01
  1.11734797859824e-01  1.17230249590726e-01  1.22992621814001e-01
  1.29034622772007e-01  1.35369546175195e-01  1.42011296671772e-01
  1.48974416309078e-01  1.56274112014898e-01  1.63926284129281e-01
  1.71947556013987e-01  1.80355304771835e-01  1.89167693100132e-01
  1.98403702312434e-01  2.08083166550455e-01  2.18226808218628e-01
  2.28856274663972e-01  2.39994176129008e-01  2.51664125000131e-01
  2.63890776376578e-01  2.76699869977370e-01  2.90118273411215e-01
  3.04174026818060e-01  3.18896388907376e-01  3.34315884393899e-01
  3.50464352848953e-01  3.67374998965626e-01  3.85082444243198e-01
  4.03622780084336e-01  4.23033622301336e-01  4.43354167011197e-01
  4.64625247910818e-01  4.86889394891407e-01  5.10190893978561e-01
  5.34575848537479e-01  5.60092241711780e-01  5.86790000025566e-01
  6.14721058088503e-01  6.43939424319262e-01  6.74501247604865e-01
  7.06464884780482e-01  7.39890968832386e-01  7.74842477665099e-01
  8.11384803320890e-01  8.49585821451205e-01  8.89515960889765e-01
  9.31248273103577e-01  9.74858501314018e-01  1.02042514903315e+00
  1.06802954776221e+00  1.11775592353699e+00  1.16969146203613e+00
  1.22392637185454e+00  1.28055394562860e+00  1.33967061853825e+00
  1.40137602380135e+00  1.46577304464300e+00  1.53296786225160e+00
  1.60306999915007e+00  1.67619235741584e+00  1.75245125107355e+00
  1.83196643204523e+00  1.91486110884202e+00  2.00126195734027e+00
  2.09129912270060e+00  2.18510621166133e+00  2.28282027420811e+00
  2.38458177368761e+00  2.49053454429702e+00  2.60082573490750e+00
  2.71560573800229e+00  2.83502810264003e+00  2.95924943002083e+00
  3.08842925054180e+00  3.22272988075526e+00  3.36231625898262e+00
  3.50735575796831e+00  3.65801797312354e+00  3.81447448469794e+00
  3.97689859234898e+00  4.14546502028156e+00  4.32034959145859e+00
  4.50172886885416e+00  4.68977976232003e+00  4.88467909892972e+00
  5.08660315531498e+00  5.29572714994437e+00  5.51222469383627e+00
  5.73626719758492e+00  5.96802323351336e+00  6.20765785068718e+00
  6.45533184182196e+00  6.71120096012821e+00  6.97541508509144e+00
  7.24811733565890e+00  7.52944313023995e+00  7.81951919198663e+00
  8.11846249972790e+00  8.42637918302105e+00  8.74336336246554e+00
  9.06949593457662e+00  9.40484330257209e+00  9.74945605371535e+00
  1.01033675851299e+01  1.04665926796561e+01  1.08391260350777e+01
  1.12209407489616e+01  1.16119867642855e+01  1.20121892789388e+01
  1.24214471260114e+01  1.28396311297228e+01  1.32665824451668e+01
  1.37021108887771e+01  1.41459932699761e+01  1.45979717318866e+01
  1.50577521150578e+01  1.55250023530983e+01  1.59993509168828e+01
  1.64803853191164e+01  1.69676506970813e+01  1.74606484891320e+01
  1.79588352243531e+01  1.84616214434860e+01  1.89683707734846e+01
  1.94783991752341e+01  1.99909743904984e+01  2.05053156076006e+01
  2.10205933762013e+01  2.15359297910548e+01  2.20503989761065e+01
  2.25630278918076e+01  2.30727974961587e+01  2.35786442824077e+01
  2.40794622263559e+01  2.45741051614251e+01  2.50613896167514e+01
  2.55400981329339e+01  2.60089830861413e+01  2.64667710351922e+01
  2.69121676146939e+01  2.73438629830349e+01  2.77605378454737e+01
  2.81608700475099e+01  2.85435417549554e+01  2.89072472040273e+01
  2.92507010237086e+01  2.95726471066113e+01  2.98718680121632e+01
  3.01471948635809e+01  3.03975177102251e+01  3.06217962930431e+01
  3.08190711712560e+01  3.09884751274881e+01  3.11292447853111e+01
  3.12407323419739e+01  3.13224173239455e+01  3.13739182470562e+01
  3.13950040712172e+01  3.13856053042908e+01  3.13458246321132e+01
  3.12759469039176e+01  3.11764483346377e+01  3.10480047423178e+01
  3.08914986606738e+01  3.07080251424109e+01  3.04988960859974e+01
  3.02656428933382e+01  3.00100173027952e+01  2.97339902044114e+01
  2.94397482971579e+01  2.91296884187024e+01  2.88064094240647e+01
  2.84727014834524e+01  2.81315327130829e+01  2.77860330507133e+01
  2.74394753517766e+01  2.70952536704867e+01  2.67568587721649e+01
  2.64278509194279e+01  2.61118300491511e+01  2.58124034763958e+01
  2.55331513295264e+01  2.52775899403657e+01  2.50491334984938e+01
  2.48510542805125e+01  2.46864418590688e+01  2.45581617065456e+01
  2.44688136668078e+01  2.44206908115448e+01  2.44157392194611e+01
  2.44555192587243e+01  2.45411689725001e+01  2.46733701793058e+01
  2.48523179166465e+01  2.50776938488261e+01  2.53486442518944e+01
  2.56637631691470e+01  2.60210812987412e+01  2.64180611266687e+01
  2.68515987802298e+01  2.73180329844540e+01  2.78131614620334e+01
  2.83322649945762e+01  2.88701392937359e+01  2.94211347061521e+01
  2.99792036694012e+01  3.05379557111637e+01  3.10907196605176e+01
  3.16306126044169e+01  3.21506150001331e+01  3.26436512108517e+01
  3.31026746230850e+01  3.35207563615636e+01  3.38911765212294e+01
  3.42075167248762e+01  3.44637527209306e+01  3.46543456697395e+01
  3.47743307027164e+01  3.48194012946195e+01  3.47859879895392e+01
  3.46713300019016e+01  3.44735382685757e+01  3.41916485660498e+01
  3.38256634013923e+01  3.33765814873708e+01  3.28464137614621e+01
  3.22381850577425e+01  3.15559207581040e+01  3.08046179334205e+01
  2.99902007701704e+01  2.91194602982828e+01  2.81999787560059e+01
  2.72400391940113e+01  2.62485212548613e+01  2.52347843392722e+01
  2.42085397197086e+01  2.31797134121568e+01  2.21583019321863e+01
  2.11542232884958e+01  2.01771657845929e+01  1.92364373746400e+01
  1.83408184184804e+01  1.74984207416101e+01  1.67165558789638e+01
  1.60016152918534e+01  1.53589651750214e+01  1.47928582321201e+01
  1.43063644697929e+01  1.39013227080581e+01  1.35783140410418e+01
  1.33366580482473e+01  1.31744320352513e+01  1.30885130910907e+01
  1.30746422403482e+01  1.31275094763693e+01  1.32408579925709e+01
  1.34076054896249e+01  1.36199800373150e+01  1.38696676209465e+01
  1.41479682105030e+01  1.44459569735517e+01  1.47546471127423e+01
  1.50651507641079e+01  1.53688344414429e+01  1.56574656645129e+01
  1.59233476591588e+01  1.61594393607195e+01  1.63594583783227e+01
  1.65179650705591e+01  1.66304264252779e+01  1.66932590081216e+01
  1.67038508217099e+01  1.66605624851101e+01  1.65627086697337e+01
  1.64105212113420e+01  1.62050957252575e+01  1.59483238889347e+01
  1.56428138020524e+01  1.52918009935020e+01  1.48990527174293e+01
  1.44687681660546e+01  1.40054771375864e+01  1.35139395429495e+01
  1.29990479200494e+01  1.24657348714327e+01  1.19188870539744e+01
  1.13632670440171e+01  1.08034440917994e+01  1.02437344688535e+01
  9.68815181865809e+00  9.14036764350244e+00  8.60368181046856e+00
  8.08100273906388e+00  7.57483674231195e+00  7.08728584053430e+00
  6.62005323969479e+00  6.17445558305276e+00  5.75144102025346e+00
  5.35161211256419e+00  4.97525258775211e+00  4.62235697900458e+00
  4.29266222328314e+00  3.98568035243249e+00  3.70073148288612e+00
  3.43697639304919e+00  3.19344806870265e+00  2.96908169274565e+00
  2.76274265372179e+00  2.57325224481004e+00  2.39941081932938e+00
  2.24001825755246e+00  2.09389168141445e+00  1.95988042708684e+00
  1.83687834848320e+00  1.72383357763444e+00  1.61975591113211e+00
  1.52372202198667e+00  1.43487871969606e+00  1.35244449201808e+00
  1.27570956687652e+00  1.20403472900313e+00  1.13684911667726e+00
  1.07364720995882e+00  1.01398520411837e+00  9.57476942135218e-01
  9.03789558982459e-01  8.52638968695492e-01  8.03785304334378e-01
  7.57028400467254e-01  7.12203389601352e-01  6.69176466816840e-01
  6.27840862472027e-01  5.88113050162380e-01  5.49929206733273e-01
  5.13241932961167e-01  4.78017236945570e-01  4.44231777822489e-01
  4.11870363962977e-01  3.80923698127191e-01  3.51386360803077e-01
  3.23255022853624e-01  2.96526878626629e-01  2.71198291195400e-01
  2.47263641802824e-01  2.24714376043268e-01  2.03538239413921e-01
  1.83718694879165e-01  1.65234514577879e-01  1.48059537206703e-01
  1.32162581419904e-01  1.17507504570221e-01  1.04053394462079e-01
  9.17548805416657e-02  8.05625493526510e-02  7.04234478982608e-02
  6.12816574353802e-02  5.30789195326105e-02  4.57552958600647e-02
  3.92498433106395e-02  3.35012866121677e-02  2.84486716562175e-02
  2.40319842538273e-02  2.01927209361023e-02  1.68744006312632e-02
  1.40230085246204e-02  1.15873660102484e-02  9.51942329720609e-03
  7.77447381234632e-03  6.31129196704318e-03  5.09219802404047e-03
  4.08305565731635e-03  3.25320927853680e-03  2.57536928943534e-03
  2.02545409245207e-03  1.58239797110239e-03  1.22793386266853e-03
  9.46359635821042e-04  7.24295810571895e-04  5.50441780477383e-04
  4.15336581917846e-04  3.11129167502338e-04  2.31362037466582e-04
  1.70771016394264e-04  1.25102972934742e-04  9.09523989044685e-05
  6.56170105630796e-05  4.69719192821159e-05  3.33614421588097e-05
  2.35072787740751e-05  1.64315570545830e-05  1.13931324536135e-05
  7.83549362539237e-06  5.34466560281199e-06  3.61559026811334e-06
  2.42558837570420e-06  1.61365201715156e-06  1.06447088615572e-06
  6.96249864796533e-07  4.51522766128868e-07  2.90303207169735e-07
  1.85034999895585e-07  1.16910845364452e-07  7.32182063185648e-08
  4.54470510452467e-08  2.79554442678832e-08  1.70390374249080e-08
  1.02890478759911e-08  6.15433287359338e-09  3.64562499896092e-09
  2.13821368423852e-09  1.24135262111597e-09  7.13168240083510e-10
  4.05298140141161e-10  2.27779852409557e-10  1.26537386478474e-10
  6.94565728619392e-11  3.76552464869012e-11  2.01538792241151e-11
  1.06439840843110e-11  5.54429348136630e-12  2.84683562106909e-12
  1.44020788698474e-12  7.17468378482903e-13  3.51770808289056e-13
  1.69651414892253e-13  8.04369598592098e-14  3.74725553820892e-14
  1.71428183590004e-14  7.69689429147414e-15  3.38972540346637e-15
  1.46345259497205e-15  6.19018141934619e-16  2.56380038796770e-16
  1.03911941367901e-16  4.11876191793480e-17  1.59575288134977e-17
  6.04209531419868e-18  2.23338911199473e-18  8.05430298324539e-19
  2.83218572576001e-19  9.70587654302447e-20  3.24124038483130e-20
  1.05586801500372e-20  3.34912801921420e-21  1.03190530452906e-21
  3.08611515167852e-22  8.95198219196168e-23  2.51665576322834e-23
  6.85141823248316e-24  1.80482569444836e-24
  2.48760274371638e-24  2.83795082731492e-24  3.23762551586212e-24
  3.69356899327131e-24  4.21370005681725e-24  4.80705143021637e-24
  5.48392637082537e-24  6.25607727988530e-24  7.13690940474024e-24
  8.14171315508543e-24  9.28792904947568e-24  1.05954498710573e-23
  1.20869652537590e-23  1.37883546518236e-23  1.57291354799616e-23
  1.79429741624089e-23  2.04682689133388e-23  2.33488143069412e-23
  2.66345591041173e-23  3.03824704085792e-23  3.46575190552139e-23
  3.95338032198393e-23  4.50958296169794e-23  5.14399743622579e-23
  5.86761486643663e-23  6.69296980315003e-23  7.63435676880908e-23
  8.70807714693506e-23  9.93272066697068e-23  1.13294863257697e-22
  1.29225482633418e-22  1.47394728811918e-22  1.68116943697436e-22
  1.91750568118661e-22  2.18704321694932e-22  2.49444247589512e-22
  2.84501743003058e-22  3.24482713113201e-22  3.70078005368415e-22
  4.22075302913776e-22  4.81372680839272e-22  5.48994057316167e-22
  6.26106804005492e-22  7.14041816928895e-22  8.14316390912104e-22
  9.28660288444260e-22  1.05904544815982e-21  1.20771984004375e-21
  1.37724604494342e-21  1.57054521621423e-21  1.79094717268840e-21
  2.04224747616282e-21  2.32877246501157e-21  2.65545335030006e-21
  3.02791063420485e-21  3.45255028514912e-21  3.93667330280474e-21
  4.48860053227910e-21  5.11781484418039e-21  5.83512309012789e-21
  6.65284057650090e-21  7.58500117837949e-21  8.64759664693273e-21
  9.85884915424169e-21  1.12395216776594e-20  1.28132714607112e-20
  1.46070525095796e-20  1.66515739053913e-20  1.89818216463067e-20
  2.16376527952334e-20  2.46644719161675e-20  2.81140011547267e-20
  3.20451568785493e-20  3.65250475668008e-20  4.16301096536388e-20
  4.74474003213111e-20  5.40760688416973e-20  6.16290310230510e-20
  7.02348746791563e-20  8.00400278560602e-20  9.12112258879801e-20
  1.03938318279747e-19  1.18437462006905e-19  1.34954754176900e-19
  1.53770364206939e-19  1.75203233862986e-19  1.99616422798779e-19
  2.27423187784805e-19  2.59093895790324e-19  2.95163884668948e-19
  3.36242400614592e-19  3.83022759044269e-19  4.36293895402739e-19
  4.96953494885502e-19  5.66022915592349e-19  6.44664148557303e-19
  7.34199090901136e-19  8.36131445535003e-19  9.52171602985186e-19
  1.08426490866456e-18  1.23462377302540e-18  1.40576414332832e-18
  1.60054692519503e-18  1.82222502074779e-18  2.07449673918055e-18
  2.36156643641388e-18  2.68821335459835e-18  3.05986976137841e-18
  3.48270963496879e-18  3.96374930643763e-18  4.51096165761587e-18
  5.13340568458404e-18  5.84137347585890e-18  6.64655692483242e-18
  7.56223680164966e-18  8.60349715515982e-18  9.78746840586232e-18
  1.11336029316954e-17  1.26639874464929e-17  1.44036970333054e-17
  1.63811963296326e-17  1.86287940782800e-17  2.11831580662428e-17
  2.40858983865537e-17  2.73842279872247e-17  3.11317106324137e-17
  3.53891077096180e-17  4.02253367923907e-17  4.57185565308399e-17
  5.19573943160095e-17  5.90423352749434e-17  6.70872935306741e-17
  7.62213893378882e-17  8.65909587188390e-17  9.83618256147830e-17
  1.11721870384901e-16  1.26883932776503e-16  1.44089092318469e-16
  1.63610374517366e-16  1.85756937337767e-16  2.10878799303991e-16
  2.39372178266278e-16  2.71685518525134e-16  3.08326293727614e-16
  3.49868683856554e-16  3.96962236879711e-16  4.50341639365399e-16
  5.10837735784195e-16  5.79389953506020e-16  6.57060309879380e-16
  7.45049199518351e-16  8.44713184258178e-16  9.57585035540053e-16
  1.08539630952987e-15  1.23010276950774e-15  1.39391300837255e-15
  1.57932066699435e-15  1.78914069212272e-15  2.02655013126482e-15
  2.29513402195088e-15  2.59893699999437e-15  2.94252132634929e-15
  3.33103211610192e-15  3.77027064682431e-15  4.26677672825066e-15
  4.82792123213578e-15  5.46201001181064e-15  6.17840058658346e-15
  6.98763312899671e-15  7.90157747431480e-15  8.93359807427658e-15
  1.00987390429745e-14  1.14139316946266e-14  1.28982272539313e-14
  1.45730577325780e-14  1.64625283148017e-14  1.85937449829373e-14
  2.09971815480601e-14  2.37070907321278e-14  2.67619644863095e-14
  3.02050493277915e-14  3.40849231437991e-14  3.84561406525680e-14
  4.33799555368051e-14  4.89251281824333e-14  5.51688289781436e-14
  6.21976482668194e-14  7.01087253052998e-14  7.90110099931359e-14
  8.90266726980537e-14  1.00292679239828e-13  1.12962550032953e-13
  1.27208324532987e-13  1.43222754523859e-13  1.61221752437297e-13
  1.81447123848992e-13  2.04169616573521e-13  2.29692322431611e-13
  2.58354471805147e-13  2.90535665609814e-13  3.26660594303758e-13
  3.67204299121080e-13  4.12698036885778e-13  4.63735816630514e-13
  5.20981683858645e-13  5.85177836777340e-13  6.57153668211826e-13
  7.37835837406153e-13  8.28259487497953e-13  9.29580737395601e-13
  1.04309059111861e-12  1.17023042360922e-12  1.31260921975339e-12
  1.47202276301431e-12  1.65047499204056e-12  1.85020176782692e-12
  2.07369732122705e-12  2.32374368051442e-12  2.60344341229656e-12
  2.91625604618659e-12  3.26603859507320e-12  3.65709062881183e-12
  4.09420441046985e-12  4.58272066113045e-12  5.12859058285468e-12
  5.73844483990558e-12  6.41967027713480e-12  7.18049524179118e-12
  8.03008447310895e-12  8.97864463195203e-12  1.00375416651301e-11
  1.12194313329733e-11  1.25384043804586e-11  1.40101479997313e-11
  1.56521254197692e-11  1.74837756682951e-11  1.95267357850366e-11
  2.18050880265412e-11  2.43456348951343e-11  2.71782051499465e-11
  3.03359943251187e-11  3.38559436849620e-11  3.77791620077413e-11
  4.21513950962921e-11  4.70235484911479e-11  5.24522695015819e-11
  5.85005953912450e-11  6.52386753626406e-11  7.27445748911971e-11
  8.11051719776850e-11  9.04171560307376e-11  1.00788141376654e-10
  1.12337908837506e-10  1.25199790446029e-10  1.39522214191199e-10
  1.55470427755323e-10  1.73228422516272e-10  1.93001081714366e-10
  2.15016579628448e-10  2.39529061939909e-10  2.66821641226932e-10
  2.97209745772143e-10  3.31044864686315e-10  3.68718737757611e-10
  4.10668044614988e-10  4.57379654716246e-10  5.09396507585991e-10
  5.67324201636176e-10  6.31838380041446e-10  7.03693013625585e-10
  7.83729693754351e-10  8.72888063029091e-10  9.72217528405249e-10
  1.08289042045590e-09  1.20621678425205e-09  1.34366101203887e-09
  1.49686055602681e-09  1.66764699163776e-09  1.85806973806779e-09
  2.07042278446927e-09  2.30727481763511e-09  2.57150320083945e-09
  2.86633231527302e-09  3.19537684574457e-09  3.56269067245303e-09
  3.97282212240662e-09  4.43087643831767e-09  4.94258644273427e-09
  5.51439251099446e-09  6.15353312318353e-09  6.86814744303004e-09
  7.66739157579936e-09  8.56157038968377e-09  9.56228705291314e-09
  1.06826127411426e-08  1.19372793220777e-08  1.33428982180359e-08
  1.49182091091118e-08  1.66843626565444e-08  1.86652420270879e-08
  2.08878286804634e-08  2.33826186664660e-08  2.61840965691568e-08
  2.93312752696092e-08  3.28683108547912e-08  3.68452033634977e-08
  4.13185955721580e-08  4.63526837985419e-08  5.20202566996000e-08
  5.84038803409068e-08  6.55972504481626e-08  7.37067357430171e-08
  8.28531397391448e-08  9.31737122382353e-08  1.04824446350725e-07
  1.17982701900932e-07  1.32850202023046e-07  1.49656456414765e-07
  1.68662672357518e-07  1.90166223418109e-07  2.14505755593387e-07
  2.42067022214402e-07  2.73289551719335e-07  3.08674267371931e-07
  3.48792194771101e-07  3.94294412299847e-07  4.45923421477752e-07
  5.04526139330361e-07  5.71068742881333e-07  6.46653628836847e-07
  7.32538787419116e-07  8.30159931936655e-07  9.41155772431694e-07
  1.06739687612225e-06  1.21101861792161e-06  1.37445879487407e-06
  1.56050055481532e-06  1.77232138176522e-06  2.01354897802867e-06
  2.28832500012735e-06  2.60137773293569e-06  2.95810493311764e-06
  3.36466823764388e-06  3.82810071885264e-06  4.35642937865308e-06
  4.95881460719582e-06  5.64570890354473e-06  6.42903744811656e-06
  7.32240345830594e-06  8.34132163524730e-06  9.50348343095772e-06
  1.08290583429803e-05  1.23410359769268e-05  1.40656142032509e-05
  1.60326394149457e-05  1.82761056147181e-05  2.08347199057513e-05
  2.37525428656195e-05  2.70797133169425e-05  3.08732681322362e-05
  3.51980689920131e-05  4.01278493663479e-05  4.57463966059676e-05
  5.21488856267369e-05  5.94433826654862e-05  6.77525395361777e-05
  7.72155011666252e-05  8.79900516089907e-05  1.00255026515406e-04
  1.14213022888665e-04  1.30093440368529e-04  1.48155891519221e-04
  1.68694022696478e-04  1.92039790896959e-04  2.18568246593856e-04
  2.48702877220167e-04  2.82921571026553e-04  3.21763266594877e-04
  3.65835358680520e-04  4.15821937785874e-04  4.72492946347721e-04
  5.36714342177981e-04  6.09459365769584e-04  6.91821016094869e-04
  7.85025846259954e-04  8.90449198621505e-04  1.00963200552437e-03
  1.14429929069204e-03  1.29638051209034e-03  1.46803189557628e-03
  1.66166091403655e-03  1.87995307416558e-03  2.12590117489349e-03
  2.40283721177141e-03  2.71446709440314e-03  3.06490835669217e-03
  3.45873102721631e-03  3.90100183164110e-03  4.39733188872598e-03
  4.95392805113648e-03  5.57764803305393e-03  6.27605944143002e-03
  7.05750281374882e-03  7.93115872851714e-03  8.90711902800432e-03
  9.99646214485892e-03  1.12113324867604e-02  1.25650237610487e-02
  1.40720660824839e-02  1.57483166014318e-02  1.76110533481204e-02
  1.96790718538163e-02  2.19727840464044e-02  2.45143187787856e-02
  2.73276232327863e-02  3.04385643204617e-02  3.38750290262449e-02
  3.76670225288289e-02  4.18467626997199e-02  4.64487695037766e-02
  5.15099475167911e-02  5.70696597066380e-02  6.31697903330935e-02
  6.98547946637367e-02  7.71717330086563e-02  8.51702863334657e-02
  9.39027505845745e-02  1.03424006567296e-01  1.13791462249289e-01
  1.25064963891250e-01  1.37306672734802e-01  1.50580903405582e-01
  1.64953920608403e-01  1.80493690384028e-01  1.97269582464111e-01
  2.15352020401721e-01  2.34812076286926e-01  2.55721007486298e-01
  2.78149732900806e-01  3.02168247324030e-01  3.27844972647834e-01
  3.55246046058315e-01  3.84434545850788e-01  4.15469657024294e-01
  4.48405779716986e-01  4.83291585196668e-01  5.20169025248443e-01
  5.59072302666697e-01  6.00026811641973e-01  6.43048058816105e-01
  6.88140576670273e-01  7.35296842804910e-01  7.84496219091931e-01
  8.35703926477681e-01  8.88870070852874e-01  9.43928737156820e-01
  1.00079716778913e+00  1.05937504308434e+00  1.11954388057001e+00
  1.18116657112667e+00  1.24408707022014e+00  1.30813026366210e+00
  1.37310202845447e+00  1.43878951052162e+00  1.50496164195847e+00
  1.57136992033836e+00  1.63774947114945e+00  1.70382041092107e+00
  1.76928952303280e+00  1.83385225067149e+00  1.89719500176927e+00
  1.95899775056440e+00  2.01893690909001e+00  2.07668843146436e+00
  2.13193110331909e+00  2.18434996096585e+00  2.23363977657628e+00
  2.27950854228312e+00  2.32168088189294e+00  2.35990131941088e+00
  2.39393733540199e+00  2.42358214577889e+00  2.44865714489879e+00
  2.46901396216622e+00  2.48453609171475e+00  2.49514006542543e+00
  2.50077615134202e+00  2.50142857159935e+00  2.49711524592770e+00
  2.48788707808059e+00  2.47382681293041e+00  2.45504750148427e+00
  2.43169061769567e+00  2.40392387772991e+00  2.37193881587737e+00
  2.33594817295520e+00  2.29618315437522e+00  2.25289061238332e+00
  2.20633020523353e+00  2.15677158120964e+00  2.10449163076915e+00
  2.04977184413047e+00  1.99289580559173e+00  1.93414684947337e+00
  1.87380589650515e+00  1.81214948345924e+00  1.74944799341428e+00
  1.68596408937102e+00  1.62195134944295e+00  1.55765309868681e+00
  1.49330142972097e+00  1.42911640216695e+00  1.36530540972761e+00
  1.30206270247053e+00  1.23956905186161e+00  1.17799154565495e+00
  1.11748350032675e+00  1.05818447891331e+00  1.00022040290971e+00
  9.43703747375738e-01  8.88733809238329e-01  8.35397039349924e-01
  7.83767429683439e-01  7.33906947595976e-01  6.85866009847275e-01
  6.39683989780760e-01  5.95389751087455e-01  5.53002203371330e-01
  5.12530873753726e-01  4.73976490159854e-01  4.37331572468055e-01
  4.02581026841045e-01  3.69702740551839e-01  3.38668173196663e-01
  3.09442941572771e-01  2.81987395131894e-01  2.56257179255359e-01
  2.32203783984351e-01  2.09775075896462e-01  1.88915811282541e-01
  1.69568128976779e-01  1.51672021568668e-01  1.35165783954125e-01
  1.19986438575021e-01  1.06070136800415e-01  9.33525362985309e-02
  8.17691543500124e-02  7.12556971949646e-02  6.17483657706618e-02
  5.31841381192667e-02  4.55010289868319e-02  3.86383270744433e-02
  3.25368104744744e-02  2.71389408374589e-02  2.23890367797039e-02
  1.82334270569960e-02  1.46205839644367e-02  1.15012374252111e-02
  8.82847016482837e-03  6.55779436588123e-03  4.64721014839308e-03
  3.05724623699407e-03  1.75098317335569e-03  6.94059423164171e-04
 -1.45339128966051e-04 -7.96505879880418e-04 -1.28625574069964e-03
 -1.63898224669287e-03 -1.87672869269772e-03 -2.01927231814948e-03
 -2.08422041751973e-03 -2.08711709452981e-03 -2.04155923422386e-03
 -1.95932013763836e-03 -1.85047915026309e-03 -1.72355553934873e-03
 -1.58564482414324e-03 -1.44255575859913e-03 -1.29894619849563e-03
 -1.15845616159990e-03 -1.02383650707523e-03 -8.97071814319645e-04
 -7.79496229469307e-04 -6.71901260622361e-04 -5.74634733657754e-04
 -4.87690361076520e-04 -4.10787616879639e-04 -3.43441843441161e-04
 -2.85024733042556e-04 -2.34815521147590e-04 -1.92043394696604e-04
 -1.55921753514817e-04 -1.25675063926362e-04 -1.00559110900709e-04
 -7.98754894909994e-05 -6.29811807863345e-05 -4.92940355732984e-05
 -3.82949449509485e-05 -2.95274160015157e-05 -2.25951973281843e-05
 -1.71585185379827e-05 -1.29294239992767e-05 -9.66659822196528e-06
 -7.17000102395419e-06 -5.27555780039907e-06 -3.85008505962538e-06
 -2.78657515427754e-06 -1.99991699311156e-06 -1.42309124532620e-06
 -1.00384894141579e-06 -7.01860084260394e-07 -4.86303510318467e-07
 -3.33859263155528e-07 -2.27059367752861e-07 -1.52951052538028e-07
 -1.02027178837507e-07 -6.73812669815282e-08 -4.40481819240954e-08
 -2.84960169442095e-08 -1.82391839036328e-08 -1.15474429713673e-08
 -7.22960947481050e-09 -4.47485591463973e-09 -2.73752619536191e-09
 -1.65475669174664e-09 -9.88031128836784e-10 -5.82577167467630e-10
 -3.39093900913088e-10 -1.94786671309634e-10 -1.10381848455267e-10
 -6.16871601401591e-11 -3.39871778851296e-11 -1.84545878025272e-11
 -9.87188958905428e-12 -5.20039439397866e-12 -2.69675304528117e-12
 -1.37606595100560e-12 -6.90637425751860e-13 -3.40791381494083e-13
 -1.65258847877257e-13 -7.87197288267678e-14 -3.68167339355304e-14
 -1.68983635395526e-14 -7.60801466298081e-15 -3.35822430430367e-15
 -1.45257594077002e-15 -6.15362031312323e-16 -2.55184402132831e-16
 -1.03532104546870e-16 -4.10703985461512e-17 -1.59224131325326e-17
 -6.03189153793309e-18 -2.23051536832260e-18 -8.04646474695621e-19
 -2.83011692280695e-19 -9.70059709351309e-20 -3.23993884936264e-20
 -1.05555831519006e-20 -3.34841737286247e-21 -1.03174819809488e-21
 -3.08578083938679e-22 -8.95129810966938e-23 -2.51652129148289e-23
 -6.85116455695360e-24 -1.80477981714119e-24
 (i6, f12.0, f18.0, f8.3, i6)
   665  60.0000000  0.02500000000000  26.000     2
 (3e22.14)
  2.89367842424056e-06  3.03926416337058e-06  3.19217416623429e-06
  3.35277687843171e-06  3.52145927781226e-06  3.69862780643920e-06
  3.88470934940761e-06  4.08015226287050e-06  4.28542745374540e-06
  4.50102951369861e-06  4.72747791013526e-06  4.96531823705595e-06
  5.21512352879400e-06  5.47749563978326e-06  5.75306669368785e-06
  6.04250060535644e-06  6.34649467929327e-06  6.66578128843714e-06
  7.00112963736364e-06  7.35334761403223e-06  7.72328373467536e-06
  8.11182918635130e-06  8.51991997219943e-06  8.94853916446098e-06
  9.39871927073474e-06  9.87154471911107e-06  1.03681544682083e-05
  1.08897447482964e-05  1.14375719402125e-05  1.20129555988362e-05
  1.26172816285320e-05  1.32520056180625e-05  1.39186563430701e-05
  1.46188394444517e-05  1.53542412915747e-05  1.61266330394190e-05
  1.69378748896538e-05  1.77899205655411e-05  1.86848220117413e-05
  1.96247343300144e-05  2.06119209628517e-05  2.16487591373546e-05
  2.27377455825016e-05  2.38815025334042e-05  2.50827840371201e-05
  2.63444825748749e-05  2.76696360169507e-05  2.90614349264248e-05
  3.05232302297680e-05  3.20585412722440e-05  3.36710642777175e-05
  3.53646812329430e-05  3.71434692177542e-05  3.90117102033063e-05
  4.09739013421253e-05  4.30347657741387e-05  4.51992639752034e-05
  4.74726056744621e-05  4.98602623698968e-05  5.23679804712738e-05
  5.50017951024378e-05  5.77680445956262e-05  6.06733857126977e-05
  6.37248096293316e-05  6.69296587208900e-05  7.02956441892733e-05
  7.38308645739708e-05  7.75438251901159e-05  8.14434585413960e-05
  8.55391457552845e-05  8.98407390926256e-05  9.43585855847128e-05
  9.91035518546404e-05  1.04087050181565e-04  1.09321065870838e-04
  1.14818185993930e-04  1.20591629568457e-04  1.26655279247846e-04
  1.33023714598502e-04  1.39712247041574e-04  1.46736956543928e-04
  1.54114730144667e-04  1.61863302409469e-04  1.70001297907979e-04
  1.78548275816584e-04  1.87524776750446e-04  1.96952371938452e-04
  2.06853714855247e-04  2.17252595434913e-04  2.28173996993243e-04
  2.39644155994982e-04  2.51690624805550e-04  2.64342337579085e-04
  2.77629679434051e-04  2.91584559085794e-04  3.06240485101964e-04
  3.21632645965866e-04  3.37797994133494e-04  3.54775334284727e-04
  3.72605415975406e-04  3.91331030910729e-04  4.10997115066209e-04
  4.31650855901362e-04  4.53341804911870e-04  4.76121995793397e-04
  5.00046068486144e-04  5.25171399399136e-04  5.51558238114679e-04
  5.79269850897096e-04  6.08372671339762e-04  6.38936458506692e-04
  6.71034462933883e-04  7.04743600886665e-04  7.40144637269175e-04
  7.77322377627473e-04  8.16365869679648e-04  8.57368614855726e-04
  9.00428790331228e-04  9.45649482076992e-04  9.93138929463104e-04
  1.04301078199093e-03  1.09538436874065e-03  1.15038498117267e-03
  1.20814416991889e-03  1.26880005627514e-03  1.33249765908982e-03
  1.39938923782547e-03  1.46963465256937e-03  1.54340174183250e-03
  1.62086671899932e-03  1.70221458834920e-03  1.78763958159005e-03
  1.87734561592658e-03  1.97154677468631e-03  2.07046781162882e-03
  2.17434468006853e-03  2.28342508803396e-03  2.39796908071291e-03
  2.51824965152939e-03  2.64455338320585e-03  2.77718112031309e-03
  2.91644867477004e-03  3.06268756594811e-03  3.21624579699905e-03
  3.37748866918931e-03  3.54679963604988e-03  3.72458119927372e-03
  3.91125584834627e-03  4.10726704604051e-03  4.31308026192589e-03
  4.52918405626089e-03  4.75609121658813e-03  4.99433994964252e-03
  5.24449513112801e-03  5.50714961617579e-03  5.78292561333216e-03
  6.07247612511825e-03  6.37648645828027e-03  6.69567580708253e-03
  7.03079891300682e-03  7.38264780458290e-03  7.75205362096518e-03
  8.13988852335110e-03  8.54706769821815e-03  8.97455145677512e-03
  9.42334743505667e-03  9.89451289939668e-03  1.03891571621177e-02
  1.09084441126440e-02  1.14535948692307e-02  1.20258905570914e-02
  1.26266752184724e-02  1.32573588610183e-02  1.39194206505178e-02
  1.46144122548003e-02  1.53439613455595e-02  1.61097752653595e-02
  1.69136448671966e-02  1.77574485345728e-02  1.86431563899482e-02
  1.95728347003893e-02  2.05486504887612e-02  2.15728763601034e-02
  2.26478955523184e-02  2.37762072213857e-02  2.49604319712405e-02
  2.62033176391853e-02  2.75077453478046e-02  2.88767358352596e-02
  3.03134560755862e-02  3.18212262019991e-02  3.34035267456655e-02
  3.50640062038286e-02  3.68064889509224e-02  3.86349835074442e-02
  4.05536911811516e-02  4.25670150967891e-02  4.46795696294404e-02
  4.68961902593310e-02  4.92219438640719e-02  5.16621394671211e-02
  5.42223394601292e-02  5.69083713185359e-02  5.97263398296541e-02
  6.26826398538022e-02  6.57839696385982e-02  6.90373447087769e-02
  7.24501123520733e-02  7.60299667255648e-02  7.97849646037701e-02
  8.37235417939200e-02  8.78545302416081e-02  9.21871758524958e-02
  9.67311570550203e-02  1.01496604130883e-01  1.06494119338726e-01
  1.11734797859824e-01  1.17230249590726e-01  1.22992621814001e-01
  1.29034622772007e-01  1.35369546175195e-01  1.42011296671772e-01
  1.48974416309078e-01  1.56274112014898e-01  1.63926284129281e-01
  1.71947556013987e-01  1.80355304771835e-01  1.89167693100132e-01
  1.98403702312434e-01  2.08083166550455e-01  2.18226808218628e-01
  2.28856274663972e-01  2.39994176129008e-01  2.51664125000131e-01
  2.63890776376578e-01  2.76699869977370e-01  2.90118273411215e-01
  3.04174026818060e-01  3.18896388907376e-01  3.34315884393899e-01
  3.50464352848953e-01  3.67374998965626e-01  3.85082444243198e-01
  4.03622780084336e-01  4.23033622301336e-01  4.43354167011197e-01
  4.64625247910818e-01  4.86889394891407e-01  5.10190893978561e-01
  5.34575848537479e-01  5.60092241711780e-01  5.86790000025566e-01
  6.14721058088503e-01  6.43939424319262e-01  6.74501247604865e-01
  7.06464884780482e-01  7.39890968832386e-01  7.74842477665099e-01
  8.11384803320890e-01  8.49585821451205e-01  8.89515960889765e-01
  9.31248273103577e-01  9.74858501314018e-01  1.02042514903315e+00
  1.06802954776221e+00  1.11775592353699e+00  1.16969146203613e+00
  1.22392637185454e+00  1.28055394562860e+00  1.33967061853825e+00
  1.40137602380135e+00  1.46577304464300e+00  1.53296786225160e+00
  1.60306999915007e+00  1.67619235741584e+00  1.75245125107355e+00
  1.83196643204523e+00  1.91486110884202e+00  2.00126195734027e+00
  2.09129912270060e+00  2.18510621166133e+00  2.28282027420811e+00
  2.38458177368761e+00  2.49053454429702e+00  2.60082573490750e+00
  2.71560573800229e+00  2.83502810264003e+00  2.95924943002083e+00
  3.08842925054180e+00  3.22272988075526e+00  3.36231625898262e+00
  3.50735575796831e+00  3.65801797312354e+00  3.81447448469794e+00
  3.97689859234898e+00  4.14546502028156e+00  4.32034959145859e+00
  4.50172886885416e+00  4.68977976232003e+00  4.88467909892972e+00
  5.08660315531498e+00  5.29572714994437e+00  5.51222469383627e+00
  5.73626719758492e+00  5.96802323351336e+00  6.20765785068718e+00
  6.45533184182196e+00  6.71120096012821e+00  6.97541508509144e+00
  7.24811733565890e+00  7.52944313023995e+00  7.81951919198663e+00
  8.11846249972790e+00  8.42637918302105e+00  8.74336336246554e+00
  9.06949593457662e+00  9.40484330257209e+00  9.74945605371535e+00
  1.01033675851299e+01  1.04665926796561e+01  1.08391260350777e+01
  1.12209407489616e+01  1.16119867642855e+01  1.20121892789388e+01
  1.24214471260114e+01  1.28396311297228e+01  1.32665824451668e+01
  1.37021108887771e+01  1.41459932699761e+01  1.45979717318866e+01
  1.50577521150578e+01  1.55250023530983e+01  1.59993509168828e+01
  1.64803853191164e+01  1.69676506970813e+01  1.74606484891320e+01
  1.79588352243531e+01  1.84616214434860e+01  1.89683707734846e+01
  1.94783991752341e+01  1.99909743904984e+01  2.05053156076006e+01
  2.10205933762013e+01  2.15359297910548e+01  2.20503989761065e+01
  2.25630278918076e+01  2.30727974961587e+01  2.35786442824077e+01
  2.40794622263559e+01  2.45741051614251e+01  2.50613896167514e+01
  2.55400981329339e+01  2.60089830861413e+01  2.64667710351922e+01
  2.69121676146939e+01  2.73438629830349e+01  2.77605378454737e+01
  2.81608700475099e+01  2.85435417549554e+01  2.89072472040273e+01
  2.92507010237086e+01  2.95726471066113e+01  2.98718680121632e+01
  3.01471948635809e+01  3.03975177102251e+01  3.06217962930431e+01
  3.08190711712560e+01  3.09884751274881e+01  3.11292447853111e+01
  3.12407323419739e+01  3.13224173239455e+01  3.13739182470562e+01
  3.13950040712172e+01  3.13856053042908e+01  3.13458246321132e+01
  3.12759469039176e+01  3.11764483346377e+01  3.10480047423178e+01
  3.08914986606738e+01  3.07080251424109e+01  3.04988960859974e+01
  3.02656428933382e+01  3.00100173027952e+01  2.97339902044114e+01
  2.94397482971579e+01  2.91296884187024e+01  2.88064094240647e+01
  2.84727014834524e+01  2.81315327130829e+01  2.77860330507133e+01
  2.74394753517766e+01  2.70952536704867e+01  2.67568587721649e+01
  2.64278509194279e+01  2.61118300491511e+01  2.58124034763958e+01
  2.55331513295264e+01  2.52775899403657e+01  2.50491334984938e+01
  2.48510542805125e+01  2.46864418590688e+01  2.45581617065456e+01
  2.44688136668078e+01  2.44206908115448e+01  2.44157392194611e+01
  2.44555192587243e+01  2.45411689725001e+01  2.46733701793058e+01
  2.48523179166465e+01  2.50776938488261e+01  2.53486442518944e+01
  2.56637631691470e+01  2.60210812987412e+01  2.64180611266687e+01
  2.68515987802298e+01  2.73180329844540e+01  2.78131614620334e+01
  2.83322649945762e+01  2.88701392937359e+01  2.94211347061521e+01
  2.99792036694012e+01  3.05379557111637e+01  3.10907196605176e+01
  3.16306126044169e+01  3.21506150001331e+01  3.26436512108517e+01
  3.31026746230850e+01  3.35207563615636e+01  3.38911765212294e+01
  3.42075167248762e+01  3.44637527209306e+01  3.46543456697395e+01
  3.47743307027164e+01  3.48194012946195e+01  3.47859879895392e+01
  3.46713300019016e+01  3.44735382685757e+01  3.41916485660498e+01
  3.38256634013923e+01  3.33765814873708e+01  3.28464137614621e+01
  3.22381850577425e+01  3.15559207581040e+01  3.08046179334205e+01
  2.99902007701704e+01  2.91194602982828e+01  2.81999787560059e+01
  2.72400391940113e+01  2.62485212548613e+01  2.52347843392722e+01
  2.42085397197086e+01  2.31797134121568e+01  2.21583019321863e+01
  2.11542232884958e+01  2.01771657845929e+01  1.92364373746400e+01
  1.83408184184804e+01  1.74984207416101e+01  1.67165558789638e+01
  1.60016152918534e+01  1.53589651750214e+01  1.47928582321201e+01
  1.43063644697929e+01  1.39013227080581e+01  1.35783140410418e+01
  1.33366580482473e+01  1.31744320352513e+01  1.30885130910907e+01
  1.30746422403482e+01  1.31275094763693e+01  1.32408579925709e+01
  1.34076054896249e+01  1.36199800373150e+01  1.38696676209465e+01
  1.41479682105030e+01  1.44459569735517e+01  1.47546471127423e+01
  1.50651507641079e+01  1.53688344414429e+01  1.56574656645129e+01
  1.59233476591588e+01  1.61594393607195e+01  1.63594583783227e+01
  1.65179650705591e+01  1.66304264252779e+01  1.66932590081216e+01
  1.67038508217099e+01  1.66605624851101e+01  1.65627086697337e+01
  1.64105212113420e+01  1.62050957252575e+01  1.59483238889347e+01
  1.56428138020524e+01  1.52918009935020e+01  1.48990527174293e+01
  1.44687681660546e+01  1.40054771375864e+01  1.35139395429495e+01
  1.29990479200494e+01  1.24657348714327e+01  1.19188870539744e+01
  1.13632670440171e+01  1.08034440917994e+01  1.02437344688535e+01
  9.68815181865809e+00  9.14036764350244e+00  8.60368181046856e+00
  8.08100273906388e+00  7.57483674231195e+00  7.08728584053430e+00
  6.62005323969479e+00  6.17445558305276e+00  5.75144102025346e+00
  5.35161211256419e+00  4.97525258775211e+00  4.62235697900458e+00
  4.29266222328314e+00  3.98568035243249e+00  3.70073148288612e+00
  3.43697639304919e+00  3.19344806870265e+00  2.96908169274565e+00
  2.76274265372179e+00  2.57325224481004e+00  2.39941081932938e+00
  2.24001825755246e+00  2.09389168141445e+00  1.95988042708684e+00
  1.83687834848320e+00  1.72383357763444e+00  1.61975591113211e+00
  1.52372202198667e+00  1.43487871969606e+00  1.35244449201808e+00
  1.27570956687652e+00  1.20403472900313e+00  1.13684911667726e+00
  1.07364720995882e+00  1.01398520411837e+00  9.57476942135218e-01
  9.03789558982459e-01  8.52638968695492e-01  8.03785304334378e-01
  7.57028400467254e-01  7.12203389601352e-01  6.69176466816840e-01
  6.27840862472027e-01  5.88113050162380e-01  5.49929206733273e-01
  5.13241932961167e-01  4.78017236945570e-01  4.44231777822489e-01
  4.11870363962977e-01  3.80923698127191e-01  3.51386360803077e-01
  3.23255022853624e-01  2.96526878626629e-01  2.71198291195400e-01
  2.47263641802824e-01  2.24714376043268e-01  2.03538239413921e-01
  1.83718694879165e-01  1.65234514577879e-01  1.48059537206703e-01
  1.32162581419904e-01  1.17507504570221e-01  1.04053394462079e-01
  9.17548805416657e-02  8.05625493526510e-02  7.04234478982608e-02
  6.12816574353802e-02  5.30789195326105e-02  4.57552958600647e-02
  3.92498433106395e-02  3.35012866121677e-02  2.84486716562175e-02
  2.40319842538273e-02  2.01927209361023e-02  1.68744006312632e-02
  1.40230085246204e-02  1.15873660102484e-02  9.51942329720609e-03
  7.77447381234632e-03  6.31129196704318e-03  5.09219802404047e-03
  4.08305565731635e-03  3.25320927853680e-03  2.57536928943534e-03
  2.02545409245207e-03  1.58239797110239e-03  1.22793386266853e-03
  9.46359635821042e-04  7.24295810571895e-04  5.50441780477383e-04
  4.15336581917846e-04  3.11129167502338e-04  2.31362037466582e-04
  1.70771016394264e-04  1.25102972934742e-04  9.09523989044685e-05
  6.56170105630796e-05  4.69719192821159e-05  3.33614421588097e-05
  2.35072787740751e-05  1.64315570545830e-05  1.13931324536135e-05
  7.83549362539237e-06  5.34466560281199e-06  3.61559026811334e-06
  2.42558837570420e-06  1.61365201715156e-06  1.06447088615572e-06
  6.96249864796533e-07  4.51522766128868e-07  2.90303207169735e-07
  1.85034999895585e-07  1.16910845364452e-07  7.32182063185648e-08
  4.54470510452467e-08  2.79554442678832e-08  1.70390374249080e-08
  1.02890478759911e-08  6.15433287359338e-09  3.64562499896092e-09
  2.13821368423852e-09  1.24135262111597e-09  7.13168240083510e-10
  4.05298140141161e-10  2.27779852409557e-10  1.26537386478474e-10
  6.94565728619392e-11  3.76552464869012e-11  2.01538792241151e-11
  1.06439840843110e-11  5.54429348136630e-12  2.84683562106909e-12
  1.44020788698474e-12  7.17468378482903e-13  3.51770808289056e-13
  1.69651414892253e-13  8.04369598592098e-14  3.74725553820892e-14
  1.71428183590004e-14  7.69689429147414e-15  3.38972540346637e-15
  1.46345259497205e-15  6.19018141934619e-16  2.56380038796770e-16
  1.03911941367901e-16  4.11876191793480e-17  1.59575288134977e-17
  6.04209531419868e-18  2.23338911199473e-18  8.05430298324539e-19
  2.83218572576001e-19  9.70587654302447e-20  3.24124038483130e-20
  1.05586801500372e-20  3.34912801921420e-21  1.03190530452906e-21
  3.08611515167852e-22  8.95198219196168e-23  2.51665576322834e-23
  6.85141823248316e-24  1.80482569444836e-24
  2.48760274371638e-24  2.83795082731492e-24  3.23762551586212e-24
  3.69356899327131e-24  4.21370005681725e-24  4.80705143021637e-24
  5.48392637082537e-24  6.25607727988530e-24  7.13690940474024e-24
  8.14171315508543e-24  9.28792904947568e-24  1.05954498710573e-23
  1.20869652537590e-23  1.37883546518236e-23  1.57291354799616e-23
  1.79429741624089e-23  2.04682689133388e-23  2.33488143069412e-23
  2.66345591041173e-23  3.03824704085792e-23  3.46575190552139e-23
  3.95338032198393e-23  4.50958296169794e-23  5.14399743622579e-23
  5.86761486643663e-23  6.69296980315003e-23  7.63435676880908e-23
  8.70807714693506e-23  9.93272066697068e-23  1.13294863257697e-22
  1.29225482633418e-22  1.47394728811918e-22  1.68116943697436e-22
  1.91750568118661e-22  2.18704321694932e-22  2.49444247589512e-22
  2.84501743003058e-22  3.24482713113201e-22  3.70078005368415e-22
  4.22075302913776e-22  4.81372680839272e-22  5.48994057316167e-22
  6.26106804005492e-22  7.14041816928895e-22  8.14316390912104e-22
  9.28660288444260e-22  1.05904544815982e-21  1.20771984004375e-21
  1.37724604494342e-21  1.57054521621423e-21  1.79094717268840e-21
  2.04224747616282e-21  2.32877246501157e-21  2.65545335030006e-21
  3.02791063420485e-21  3.45255028514912e-21  3.93667330280474e-21
  4.48860053227910e-21  5.11781484418039e-21  5.83512309012789e-21
  6.65284057650090e-21  7.58500117837949e-21  8.64759664693273e-21
  9.85884915424169e-21  1.12395216776594e-20  1.28132714607112e-20
  1.46070525095796e-20  1.66515739053913e-20  1.89818216463067e-20
  2.16376527952334e-20  2.46644719161675e-20  2.81140011547267e-20
  3.20451568785493e-20  3.65250475668008e-20  4.16301096536388e-20
  4.74474003213111e-20  5.40760688416973e-20  6.16290310230510e-20
  7.02348746791563e-20  8.00400278560602e-20  9.12112258879801e-20
  1.03938318279747e-19  1.18437462006905e-19  1.34954754176900e-19
  1.53770364206939e-19  1.75203233862986e-19  1.99616422798779e-19
  2.27423187784805e-19  2.59093895790324e-19  2.95163884668948e-19
  3.36242400614592e-19  3.83022759044269e-19  4.36293895402739e-19
  4.96953494885502e-19  5.66022915592349e-19  6.44664148557303e-19
  7.34199090901136e-19  8.36131445535003e-19  9.52171602985186e-19
  1.08426490866456e-18  1.23462377302540e-18  1.40576414332832e-18
  1.60054692519503e-18  1.82222502074779e-18  2.07449673918055e-18
  2.36156643641388e-18  2.68821335459835e-18  3.05986976137841e-18
  3.48270963496879e-18  3.96374930643763e-18  4.51096165761587e-18
  5.13340568458404e-18  5.84137347585890e-18  6.64655692483242e-18
  7.56223680164966e-18  8.60349715515982e-18  9.78746840586232e-18
  1.11336029316954e-17  1.26639874464929e-17  1.44036970333054e-17
  1.63811963296326e-17  1.86287940782800e-17  2.11831580662428e-17
  2.40858983865537e-17  2.73842279872247e-17  3.11317106324137e-17
  3.53891077096180e-17  4.02253367923907e-17  4.57185565308399e-17
  5.19573943160095e-17  5.90423352749434e-17  6.70872935306741e-17
  7.62213893378882e-17  8.65909587188390e-17  9.83618256147830e-17
  1.11721870384901e-16  1.26883932776503e-16  1.44089092318469e-16
  1.63610374517366e-16  1.85756937337767e-16  2.10878799303991e-16
  2.39372178266278e-16  2.71685518525134e-16  3.08326293727614e-16
  3.49868683856554e-16  3.96962236879711e-16  4.50341639365399e-16
  5.10837735784195e-16  5.79389953506020e-16  6.57060309879380e-16
  7.45049199518351e-16  8.44713184258178e-16  9.57585035540053e-16
  1.08539630952987e-15  1.23010276950774e-15  1.39391300837255e-15
  1.57932066699435e-15  1.78914069212272e-15  2.02655013126482e-15
  2.29513402195088e-15  2.59893699999437e-15  2.94252132634929e-15
  3.33103211610192e-15  3.77027064682431e-15  4.26677672825066e-15
  4.82792123213578e-15  5.46201001181064e-15  6.17840058658346e-15
  6.98763312899671e-15  7.90157747431480e-15  8.93359807427658e-15
  1.00987390429745e-14  1.14139316946266e-14  1.28982272539313e-14
  1.45730577325780e-14  1.64625283148017e-14  1.85937449829373e-14
  2.09971815480601e-14  2.37070907321278e-14  2.67619644863095e-14
  3.02050493277915e-14  3.40849231437991e-14  3.84561406525680e-14
  4.33799555368051e-14  4.89251281824333e-14  5.51688289781436e-14
  6.21976482668194e-14  7.01087253052998e-14  7.90110099931359e-14
  8.90266726980537e-14  1.00292679239828e-13  1.12962550032953e-13
  1.27208324532987e-13  1.43222754523859e-13  1.61221752437297e-13
  1.81447123848992e-13  2.04169616573521e-13  2.29692322431611e-13
  2.58354471805147e-13  2.90535665609814e-13  3.26660594303758e-13
  3.67204299121080e-13  4.12698036885778e-13  4.63735816630514e-13
  5.20981683858645e-13  5.85177836777340e-13  6.57153668211826e-13
  7.37835837406153e-13  8.28259487497953e-13  9.29580737395601e-13
  1.04309059111861e-12  1.17023042360922e-12  1.31260921975339e-12
  1.47202276301431e-12  1.65047499204056e-12  1.85020176782692e-12
  2.07369732122705e-12  2.32374368051442e-12  2.60344341229656e-12
  2.91625604618659e-12  3.26603859507320e-12  3.65709062881183e-12
  4.09420441046985e-12  4.58272066113045e-12  5.12859058285468e-12
  5.73844483990558e-12  6.41967027713480e-12  7.18049524179118e-12
  8.03008447310895e-12  8.97864463195203e-12  1.00375416651301e-11
  1.12194313329733e-11  1.25384043804586e-11  1.40101479997313e-11
  1.56521254197692e-11  1.74837756682951e-11  1.95267357850366e-11
  2.18050880265412e-11  2.43456348951343e-11  2.71782051499465e-11
  3.03359943251187e-11  3.38559436849620e-11  3.77791620077413e-11
  4.21513950962921e-11  4.70235484911479e-11  5.24522695015819e-11
  5.85005953912450e-11  6.52386753626406e-11  7.27445748911971e-11
  8.11051719776850e-11  9.04171560307376e-11  1.00788141376654e-10
  1.12337908837506e-10  1.25199790446029e-10  1.39522214191199e-10
  1.55470427755323e-10  1.73228422516272e-10  1.93001081714366e-10
  2.15016579628448e-10  2.39529061939909e-10  2.66821641226932e-10
  2.97209745772143e-10  3.31044864686315e-10  3.68718737757611e-10
  4.10668044614988e-10  4.57379654716246e-10  5.09396507585991e-10
  5.67324201636176e-10  6.31838380041446e-10  7.03693013625585e-10
  7.83729693754351e-10  8.72888063029091e-10  9.72217528405249e-10
  1.08289042045590e-09  1.20621678425205e-09  1.34366101203887e-09
  1.49686055602681e-09  1.66764699163776e-09  1.85806973806779e-09
  2.07042278446927e-09  2.30727481763511e-09  2.57150320083945e-09
  2.86633231527302e-09  3.19537684574457e-09  3.56269067245303e-09
  3.97282212240662e-09  4.43087643831767e-09  4.94258644273427e-09
  5.51439251099446e-09  6.15353312318353e-09  6.86814744303004e-09
  7.66739157579936e-09  8.56157038968377e-09  9.56228705291314e-09
  1.06826127411426e-08  1.19372793220777e-08  1.33428982180359e-08
  1.49182091091118e-08  1.66843626565444e-08  1.86652420270879e-08
  2.08878286804634e-08  2.33826186664660e-08  2.61840965691568e-08
  2.93312752696092e-08  3.28683108547912e-08  3.68452033634977e-08
  4.13185955721580e-08  4.63526837985419e-08  5.20202566996000e-08
  5.84038803409068e-08  6.55972504481626e-08  7.37067357430171e-08
  8.28531397391448e-08  9.31737122382353e-08  1.04824446350725e-07
  1.17982701900932e-07  1.32850202023046e-07  1.49656456414765e-07
  1.68662672357518e-07  1.90166223418109e-07  2.14505755593387e-07
  2.42067022214402e-07  2.73289551719335e-07  3.08674267371931e-07
  3.48792194771101e-07  3.94294412299847e-07  4.45923421477752e-07
  5.04526139330361e-07  5.71068742881333e-07  6.46653628836847e-07
  7.32538787419116e-07  8.30159931936655e-07  9.41155772431694e-07
  1.06739687612225e-06  1.21101861792161e-06  1.37445879487407e-06
  1.56050055481532e-06  1.77232138176522e-06  2.01354897802867e-06
  2.28832500012735e-06  2.60137773293569e-06  2.95810493311764e-06
  3.36466823764388e-06  3.82810071885264e-06  4.35642937865308e-06
  4.95881460719582e-06  5.64570890354473e-06  6.42903744811656e-06
  7.32240345830594e-06  8.34132163524730e-06  9.50348343095772e-06
  1.08290583429803e-05  1.23410359769268e-05  1.40656142032509e-05
  1.60326394149457e-05  1.82761056147181e-05  2.08347199057513e-05
  2.37525428656195e-05  2.70797133169425e-05  3.08732681322362e-05
  3.51980689920131e-05  4.01278493663479e-05  4.57463966059676e-05
  5.21488856267369e-05  5.94433826654862e-05  6.77525395361777e-05
  7.72155011666252e-05  8.79900516089907e-05  1.00255026515406e-04
  1.14213022888665e-04  1.30093440368529e-04  1.48155891519221e-04
  1.68694022696478e-04  1.92039790896959e-04  2.18568246593856e-04
  2.48702877220167e-04  2.82921571026553e-04  3.21763266594877e-04
  3.65835358680520e-04  4.15821937785874e-04  4.72492946347721e-04
  5.36714342177981e-04  6.09459365769584e-04  6.91821016094869e-04
  7.85025846259954e-04  8.90449198621505e-04  1.00963200552437e-03
  1.14429929069204e-03  1.29638051209034e-03  1.46803189557628e-03
  1.66166091403655e-03  1.87995307416558e-03  2.12590117489349e-03
  2.40283721177141e-03  2.71446709440314e-03  3.06490835669217e-03
  3.45873102721631e-03  3.90100183164110e-03  4.39733188872598e-03
  4.95392805113648e-03  5.57764803305393e-03  6.27605944143002e-03
  7.05750281374882e-03  7.93115872851714e-03  8.90711902800432e-03
  9.99646214485892e-03  1.12113324867604e-02  1.25650237610487e-02
  1.40720660824839e-02  1.57483166014318e-02  1.76110533481204e-02
  1.96790718538163e-02  2.19727840464044e-02  2.45143187787856e-02
  2.73276232327863e-02  3.04385643204617e-02  3.38750290262449e-02
  3.76670225288289e-02  4.18467626997199e-02  4.64487695037766e-02
  5.15099475167911e-02  5.70696597066380e-02  6.31697903330935e-02
  6.98547946637367e-02  7.71717330086563e-02  8.51702863334657e-02
  9.39027505845745e-02  1.03424006567296e-01  1.13791462249289e-01
  1.25064963891250e-01  1.37306672734802e-01  1.50580903405582e-01
  1.64953920608403e-01  1.80493690384028e-01  1.97269582464111e-01
  2.15352020401721e-01  2.34812076286926e-01  2.55721007486298e-01
  2.78149732900806e-01  3.02168247324030e-01  3.27844972647834e-01
  3.55246046058315e-01  3.84434545850788e-01  4.15469657024294e-01
  4.48405779716986e-01  4.83291585196668e-01  5.20169025248443e-01
  5.59072302666697e-01  6.00026811641973e-01  6.43048058816105e-01
  6.88140576670273e-01  7.35296842804910e-01  7.84496219091931e-01
  8.35703926477681e-01  8.88870070852874e-01  9.43928737156820e-01
  1.00079716778913e+00  1.05937504308434e+00  1.11954388057001e+00
  1.18116657112667e+00  1.24408707022014e+00  1.30813026366210e+00
  1.37310202845447e+00  1.43878951052162e+00  1.50496164195847e+00
  1.57136992033836e+00  1.63774947114945e+00  1.70382041092107e+00
  1.76928952303280e+00  1.83385225067149e+00  1.89719500176927e+00
  1.95899775056440e+00  2.01893690909001e+00  2.07668843146436e+00
  2.13193110331909e+00  2.18434996096585e+00  2.23363977657628e+00
  2.27950854228312e+00  2.32168088189294e+00  2.35990131941088e+00
  2.39393733540199e+00  2.42358214577889e+00  2.44865714489879e+00
  2.46901396216622e+00  2.48453609171475e+00  2.49514006542543e+00
  2.50077615134202e+00  2.50142857159935e+00  2.49711524592770e+00
  2.48788707808059e+00  2.47382681293041e+00  2.45504750148427e+00
  2.43169061769567e+00  2.40392387772991e+00  2.37193881587737e+00
  2.33594817295520e+00  2.29618315437522e+00  2.25289061238332e+00
  2.20633020523353e+00  2.15677158120964e+00  2.10449163076915e+00
  2.04977184413047e+00  1.99289580559173e+00  1.93414684947337e+00
  1.87380589650515e+00  1.81214948345924e+00  1.74944799341428e+00
  1.68596408937102e+00  1.62195134944295e+00  1.55765309868681e+00
  1.49330142972097e+00  1.42911640216695e+00  1.36530540972761e+00
  1.30206270247053e+00  1.23956905186161e+00  1.17799154565495e+00
  1.11748350032675e+00  1.05818447891331e+00  1.00022040290971e+00
  9.43703747375738e-01  8.88733809238329e-01  8.35397039349924e-01
  7.83767429683439e-01  7.33906947595976e-01  6.85866009847275e-01
  6.39683989780760e-01  5.95389751087455e-01  5.53002203371330e-01
  5.12530873753726e-01  4.73976490159854e-01  4.37331572468055e-01
  4.02581026841045e-01  3.69702740551839e-01  3.38668173196663e-01
  3.09442941572771e-01  2.81987395131894e-01  2.56257179255359e-01
  2.32203783984351e-01  2.09775075896462e-01  1.88915811282541e-01
  1.69568128976779e-01  1.51672021568668e-01  1.35165783954125e-01
  1.19986438575021e-01  1.06070136800415e-01  9.33525362985309e-02
  8.17691543500124e-02  7.12556971949646e-02  6.17483657706618e-02
  5.31841381192667e-02  4.55010289868319e-02  3.86383270744433e-02
  3.25368104744744e-02  2.71389408374589e-02  2.23890367797039e-02
  1.82334270569960e-02  1.46205839644367e-02  1.15012374252111e-02
  8.82847016482837e-03  6.55779436588123e-03  4.64721014839308e-03
  3.05724623699407e-03  1.75098317335569e-03  6.94059423164171e-04
 -1.45339128966051e-04 -7.96505879880418e-04 -1.28625574069964e-03
 -1.63898224669287e-03 -1.87672869269772e-03 -2.01927231814948e-03
 -2.08422041751973e-03 -2.08711709452981e-03 -2.04155923422386e-03
 -1.95932013763836e-03 -1.85047915026309e-03 -1.72355553934873e-03
 -1.58564482414324e-03 -1.44255575859913e-03 -1.29894619849563e-03
 -1.15845616159990e-03 -1.02383650707523e-03 -8.97071814319645e-04
 -7.79496229469307e-04 -6.71901260622361e-04 -5.74634733657754e-04
 -4.87690361076520e-04 -4.10787616879639e-04 -3.43441843441161e-04
 -2.85024733042556e-04 -2.34815521147590e-04 -1.92043394696604e-04
 -1.55921753514817e-04 -1.25675063926362e-04 -1.00559110900709e-04
 -7.98754894909994e-05 -6.29811807863345e-05 -4.92940355732984e-05
 -3.82949449509485e-05 -2.95274160015157e-05 -2.25951973281843e-05
 -1.71585185379827e-05 -1.29294239992767e-05 -9.66659822196528e-06
 -7.17000102395419e-06 -5.27555780039907e-06 -3.85008505962538e-06
 -2.78657515427754e-06 -1.99991699311156e-06 -1.42309124532620e-06
 -1.00384894141579e-06 -7.01860084260394e-07 -4.86303510318467e-07
 -3.33859263155528e-07 -2.27059367752861e-07 -1.52951052538028e-07
 -1.02027178837507e-07 -6.73812669815282e-08 -4.40481819240954e-08
 -2.84960169442095e-08 -1.82391839036328e-08 -1.15474429713673e-08
 -7.22960947481050e-09 -4.47485591463973e-09 -2.73752619536191e-09
 -1.65475669174664e-09 -9.88031128836784e-10 -5.82577167467630e-10
 -3.39093900913088e-10 -1.94786671309634e-10 -1.10381848455267e-10
 -6.16871601401591e-11 -3.39871778851296e-11 -1.84545878025272e-11
 -9.87188958905428e-12 -5.20039439397866e-12 -2.69675304528117e-12
 -1.37606595100560e-12 -6.90637425751860e-13 -3.40791381494083e-13
 -1.65258847877257e-13 -7.87197288267678e-14 -3.68167339355304e-14
 -1.68983635395526e-14 -7.60801466298081e-15 -3.35822430430367e-15
 -1.45257594077002e-15 -6.15362031312323e-16 -2.55184402132831e-16
 -1.03532104546870e-16 -4.10703985461512e-17 -1.59224131325326e-17
 -6.03189153793309e-18 -2.23051536832260e-18 -8.04646474695621e-19
 -2.83011692280695e-19 -9.70059709351309e-20 -3.23993884936264e-20
 -1.05555831519006e-20 -3.34841737286247e-21 -1.03174819809488e-21
 -3.08578083938679e-22 -8.95129810966938e-23 -2.51652129148289e-23
 -6.85116455695360e-24 -1.80477981714119e-24
 (i6, f12.0, f18.0, f8.3, i6)
   665  60.0000000  0.02500000000000  26.000     2
 (3e22.14)
  2.89367842424056e-06  3.03926416337058e-06  3.19217416623429e-06
  3.35277687843171e-06  3.52145927781226e-06  3.69862780643920e-06
  3.88470934940761e-06  4.08015226287050e-06  4.28542745374540e-06
  4.50102951369861e-06  4.72747791013526e-06  4.96531823705595e-06
  5.21512352879400e-06  5.47749563978326e-06  5.75306669368785e-06
  6.04250060535644e-06  6.34649467929327e-06  6.66578128843714e-06
  7.00112963736364e-06  7.35334761403223e-06  7.72328373467536e-06
  8.11182918635130e-06  8.51991997219943e-06  8.94853916446098e-06
  9.39871927073474e-06  9.87154471911107e-06  1.03681544682083e-05
  1.08897447482964e-05  1.14375719402125e-05  1.20129555988362e-05
  1.26172816285320e-05  1.32520056180625e-05  1.39186563430701e-05
  1.46188394444517e-05  1.53542412915747e-05  1.61266330394190e-05
  1.69378748896538e-05  1.77899205655411e-05  1.86848220117413e-05
  1.96247343300144e-05  2.06119209628517e-05  2.16487591373546e-05
  2.27377455825016e-05  2.38815025334042e-05  2.50827840371201e-05
  2.63444825748749e-05  2.76696360169507e-05  2.90614349264248e-05
  3.05232302297680e-05  3.20585412722440e-05  3.36710642777175e-05
  3.53646812329430e-05  3.71434692177542e-05  3.90117102033063e-05
  4.09739013421253e-05  4.30347657741387e-05  4.51992639752034e-05
  4.74726056744621e-05  4.98602623698968e-05  5.23679804712738e-05
  5.50017951024378e-05  5.77680445956262e-05  6.06733857126977e-05
  6.37248096293316e-05  6.69296587208900e-05  7.02956441892733e-05
  7.38308645739708e-05  7.75438251901159e-05  8.14434585413960e-05
  8.55391457552845e-05  8.98407390926256e-05  9.43585855847128e-05
  9.91035518546404e-05  1.04087050181565e-04  1.09321065870838e-04
  1.14818185993930e-04  1.20591629568457e-04  1.26655279247846e-04
  1.33023714598502e-04  1.39712247041574e-04  1.46736956543928e-04
  1.54114730144667e-04  1.61863302409469e-04  1.70001297907979e-04
  1.78548275816584e-04  1.87524776750446e-04  1.96952371938452e-04
  2.06853714855247e-04  2.17252595434913e-04  2.28173996993243e-04
  2.39644155994982e-04  2.51690624805550e-04  2.64342337579085e-04
  2.77629679434051e-04  2.91584559085794e-04  3.06240485101964e-04
  3.21632645965866e-04  3.37797994133494e-04  3.54775334284727e-04
  3.72605415975406e-04  3.91331030910729e-04  4.10997115066209e-04
  4.31650855901362e-04  4.53341804911870e-04  4.76121995793397e-04
  5.00046068486144e-04  5.25171399399136e-04  5.51558238114679e-04
  5.79269850897096e-04  6.08372671339762e-04  6.38936458506692e-04
  6.71034462933883e-04  7.04743600886665e-04  7.40144637269175e-04
  7.77322377627473e-04  8.16365869679648e-04  8.57368614855726e-04
  9.00428790331228e-04  9.45649482076992e-04  9.93138929463104e-04
  1.04301078199093e-03  1.09538436874065e-03  1.15038498117267e-03
  1.20814416991889e-03  1.26880005627514e-03  1.33249765908982e-03
  1.39938923782547e-03  1.46963465256937e-03  1.54340174183250e-03
  1.62086671899932e-03  1.70221458834920e-03  1.78763958159005e-03
  1.87734561592658e-03  1.97154677468631e-03  2.07046781162882e-03
  2.17434468006853e-03  2.28342508803396e-03  2.39796908071291e-03
  2.51824965152939e-03  2.64455338320585e-03  2.77718112031309e-03
  2.91644867477004e-03  3.06268756594811e-03  3.21624579699905e-03
  3.37748866918931e-03  3.54679963604988e-03  3.72458119927372e-03
  3.91125584834627e-03  4.10726704604051e-03  4.31308026192589e-03
  4.52918405626089e-03  4.75609121658813e-03  4.99433994964252e-03
  5.24449513112801e-03  5.50714961617579e-03  5.78292561333216e-03
  6.07247612511825e-03  6.37648645828027e-03  6.69567580708253e-03
  7.03079891300682e-03  7.38264780458290e-03  7.75205362096518e-03
  8.13988852335110e-03  8.54706769821815e-03  8.97455145677512e-03
  9.42334743505667e-03  9.89451289939668e-03  1.03891571621177e-02
  1.09084441126440e-02  1.14535948692307e-02  1.20258905570914e-02
  1.26266752184724e-02  1.32573588610183e-02  1.39194206505178e-02
  1.46144122548003e-02  1.53439613455595e-02  1.61097752653595e-02
  1.69136448671966e-02  1.77574485345728e-02  1.86431563899482e-02
  1.95728347003893e-02  2.05486504887612e-02  2.15728763601034e-02
  2.26478955523184e-02  2.37762072213857e-02  2.49604319712405e-02
  2.62033176391853e-02  2.75077453478046e-02  2.88767358352596e-02
  3.03134560755862e-02  3.18212262019991e-02  3.34035267456655e-02
  3.50640062038286e-02  3.68064889509224e-02  3.86349835074442e-02
  4.05536911811516e-02  4.25670150967891e-02  4.46795696294404e-02
  4.68961902593310e-02  4.92219438640719e-02  5.16621394671211e-02
  5.42223394601292e-02  5.69083713185359e-02  5.97263398296541e-02
  6.26826398538022e-02  6.57839696385982e-02  6.90373447087769e-02
  7.24501123520733e-02  7.60299667255648e-02  7.97849646037701e-02
  8.37235417939200e-02  8.78545302416081e-02  9.21871758524958e-02
  9.67311570550203e-02  1.01496604130883e-01  1.06494119338726e-01
  1.11734797859824e-01  1.17230249590726e-01  1.22992621814001e-01
  1.29034622772007e-01  1.35369546175195e-01  1.42011296671772e-01
  1.48974416309078e-01  1.56274112014898e-01  1.63926284129281e-01
  1.71947556013987e-01  1.80355304771835e-01  1.89167693100132e-01
  1.98403702312434e-01  2.08083166550455e-01  2.18226808218628e-01
  2.28856274663972e-01  2.39994176129008e-01  2.51664125000131e-01
  2.63890776376578e-01  2.76699869977370e-01  2.90118273411215e-01
  3.04174026818060e-01  3.18896388907376e-01  3.34315884393899e-01
  3.50464352848953e-01  3.67374998965626e-01  3.85082444243198e-01
  4.03622780084336e-01  4.23033622301336e-01  4.43354167011197e-01
  4.64625247910818e-01  4.86889394891407e-01  5.10190893978561e-01
  5.34575848537479e-01  5.60092241711780e-01  5.86790000025566e-01
  6.14721058088503e-01  6.43939424319262e-01  6.74501247604865e-01
  7.06464884780482e-01  7.39890968832386e-01  7.74842477665099e-01
  8.11384803320890e-01  8.49585821451205e-01  8.89515960889765e-01
  9.31248273103577e-01  9.74858501314018e-01  1.02042514903315e+00
  1.06802954776221e+00  1.11775592353699e+00  1.16969146203613e+00
  1.22392637185454e+00  1.28055394562860e+00  1.33967061853825e+00
  1.40137602380135e+00  1.46577304464300e+00  1.53296786225160e+00
  1.60306999915007e+00  1.67619235741584e+00  1.75245125107355e+00
  1.83196643204523e+00  1.91486110884202e+00  2.00126195734027e+00
  2.09129912270060e+00  2.18510621166133e+00  2.28282027420811e+00
  2.38458177368761e+00  2.49053454429702e+00  2.60082573490750e+00
  2.71560573800229e+00  2.83502810264003e+00  2.95924943002083e+00
  3.08842925054180e+00  3.22272988075526e+00  3.36231625898262e+00
  3.50735575796831e+00  3.65801797312354e+00  3.81447448469794e+00
  3.97689859234898e+00  4.14546502028156e+00  4.32034959145859e+00
  4.50172886885416e+00  4.68977976232003e+00  4.88467909892972e+00
  5.08660315531498e+00  5.29572714994437e+00  5.51222469383627e+00
  5.73626719758492e+00  5.96802323351336e+00  6.20765785068718e+00
  6.45533184182196e+00  6.71120096012821e+00  6.97541508509144e+00
  7.24811733565890e+00  7.52944313023995e+00  7.81951919198663e+00
  8.11846249972790e+00  8.42637918302105e+00  8.74336336246554e+00
  9.06949593457662e+00  9.40484330257209e+00  9.74945605371535e+00
  1.01033675851299e+01  1.04665926796561e+01  1.08391260350777e+01
  1.12209407489616e+01  1.16119867642855e+01  1.20121892789388e+01
  1.24214471260114e+01  1.28396311297228e+01  1.32665824451668e+01
  1.37021108887771e+01  1.41459932699761e+01  1.45979717318866e+01
  1.50577521150578e+01  1.55250023530983e+01  1.59993509168828e+01
  1.64803853191164e+01  1.69676506970813e+01  1.74606484891320e+01
  1.79588352243531e+01  1.84616214434860e+01  1.89683707734846e+01
  1.94783991752341e+01  1.99909743904984e+01  2.05053156076006e+01
  2.10205933762013e+01  2.15359297910548e+01  2.20503989761065e+01
  2.25630278918076e+01  2.30727974961587e+01  2.35786442824077e+01
  2.40794622263559e+01  2.45741051614251e+01  2.50613896167514e+01
  2.55400981329339e+01  2.60089830861413e+01  2.64667710351922e+01
  2.69121676146939e+01  2.73438629830349e+01  2.77605378454737e+01
  2.81608700475099e+01  2.85435417549554e+01  2.89072472040273e+01
  2.92507010237086e+01  2.95726471066113e+01  2.98718680121632e+01
  3.01471948635809e+01  3.03975177102251e+01  3.06217962930431e+01
  3.08190711712560e+01  3.09884751274881e+01  3.11292447853111e+01
  3.12407323419739e+01  3.13224173239455e+01  3.13739182470562e+01
  3.13950040712172e+01  3.13856053042908e+01  3.13458246321132e+01
  3.12759469039176e+01  3.11764483346377e+01  3.10480047423178e+01
  3.08914986606738e+01  3.07080251424109e+01  3.04988960859974e+01
  3.02656428933382e+01  3.00100173027952e+01  2.97339902044114e+01
  2.94397482971579e+01  2.91296884187024e+01  2.88064094240647e+01
  2.84727014834524e+01  2.81315327130829e+01  2.77860330507133e+01
  2.74394753517766e+01  2.70952536704867e+01  2.67568587721649e+01
  2.64278509194279e+01  2.61118300491511e+01  2.58124034763958e+01
  2.55331513295264e+01  2.52775899403657e+01  2.50491334984938e+01
  2.48510542805125e+01  2.46864418590688e+01  2.45581617065456e+01
  2.44688136668078e+01  2.44206908115448e+01  2.44157392194611e+01
  2.44555192587243e+01  2.45411689725001e+01  2.46733701793058e+01
  2.48523179166465e+01  2.50776938488261e+01  2.53486442518944e+01
  2.56637631691470e+01  2.60210812987412e+01  2.64180611266687e+01
  2.68515987802298e+01  2.73180329844540e+01  2.78131614620334e+01
  2.83322649945762e+01  2.88701392937359e+01  2.94211347061521e+01
  2.99792036694012e+01  3.05379557111637e+01  3.10907196605176e+01
  3.16306126044169e+01  3.21506150001331e+01  3.26436512108517e+01
  3.31026746230850e+01  3.35207563615636e+01  3.38911765212294e+01
  3.42075167248762e+01  3.44637527209306e+01  3.46543456697395e+01
  3.47743307027164e+01  3.48194012946195e+01  3.47859879895392e+01
  3.46713300019016e+01  3.44735382685757e+01  3.41916485660498e+01
  3.38256634013923e+01  3.33765814873708e+01  3.28464137614621e+01
  3.22381850577425e+01  3.15559207581040e+01  3.08046179334205e+01
  2.99902007701704e+01  2.91194602982828e+01  2.81999787560059e+01
  2.72400391940113e+01  2.62485212548613e+01  2.52347843392722e+01
  2.42085397197086e+01  2.31797134121568e+01  2.21583019321863e+01
  2.11542232884958e+01  2.01771657845929e+01  1.92364373746400e+01
  1.83408184184804e+01  1.74984207416101e+01  1.67165558789638e+01
  1.60016152918534e+01  1.53589651750214e+01  1.47928582321201e+01
  1.43063644697929e+01  1.39013227080581e+01  1.35783140410418e+01
  1.33366580482473e+01  1.31744320352513e+01  1.30885130910907e+01
  1.30746422403482e+01  1.31275094763693e+01  1.32408579925709e+01
  1.34076054896249e+01  1.36199800373150e+01  1.38696676209465e+01
  1.41479682105030e+01  1.44459569735517e+01  1.47546471127423e+01
  1.50651507641079e+01  1.53688344414429e+01  1.56574656645129e+01
  1.59233476591588e+01  1.61594393607195e+01  1.63594583783227e+01
  1.65179650705591e+01  1.66304264252779e+01  1.66932590081216e+01
  1.67038508217099e+01  1.66605624851101e+01  1.65627086697337e+01
  1.64105212113420e+01  1.62050957252575e+01  1.59483238889347e+01
  1.56428138020524e+01  1.52918009935020e+01  1.48990527174293e+01
  1.44687681660546e+01  1.40054771375864e+01  1.35139395429495e+01
  1.29990479200494e+01  1.24657348714327e+01  1.19188870539744e+01
  1.13632670440171e+01  1.08034440917994e+01  1.02437344688535e+01
  9.68815181865809e+00  9.14036764350244e+00  8.60368181046856e+00
  8.08100273906388e+00  7.57483674231195e+00  7.08728584053430e+00
  6.62005323969479e+00  6.17445558305276e+00  5.75144102025346e+00
  5.35161211256419e+00  4.97525258775211e+00  4.62235697900458e+00
  4.29266222328314e+00  3.98568035243249e+00  3.70073148288612e+00
  3.43697639304919e+00  3.19344806870265e+00  2.96908169274565e+00
  2.76274265372179e+00  2.57325224481004e+00  2.39941081932938e+00
  2.24001825755246e+00  2.09389168141445e+00  1.95988042708684e+00
  1.83687834848320e+00  1.72383357763444e+00  1.61975591113211e+00
  1.52372202198667e+00  1.43487871969606e+00  1.35244449201808e+00
  1.27570956687652e+00  1.20403472900313e+00  1.13684911667726e+00
  1.07364720995882e+00  1.01398520411837e+00  9.57476942135218e-01
  9.03789558982459e-01  8.52638968695492e-01  8.03785304334378e-01
  7.57028400467254e-01  7.12203389601352e-01  6.69176466816840e-01
  6.27840862472027e-01  5.88113050162380e-01  5.49929206733273e-01
  5.13241932961167e-01  4.78017236945570e-01  4.44231777822489e-01
  4.11870363962977e-01  3.80923698127191e-01  3.51386360803077e-01
  3.23255022853624e-01  2.96526878626629e-01  2.71198291195400e-01
  2.47263641802824e-01  2.24714376043268e-01  2.03538239413921e-01
  1.83718694879165e-01  1.65234514577879e-01  1.48059537206703e-01
  1.32162581419904e-01  1.17507504570221e-01  1.04053394462079e-01
  9.17548805416657e-02  8.05625493526510e-02  7.04234478982608e-02
  6.12816574353802e-02  5.30789195326105e-02  4.57552958600647e-02
  3.92498433106395e-02  3.35012866121677e-02  2.84486716562175e-02
  2.40319842538273e-02  2.01927209361023e-02  1.68744006312632e-02
  1.40230085246204e-02  1.15873660102484e-02  9.51942329720609e-03
  7.77447381234632e-03  6.31129196704318e-03  5.09219802404047e-03
  4.08305565731635e-03  3.25320927853680e-03  2.57536928943534e-03
  2.02545409245207e-03  1.58239797110239e-03  1.22793386266853e-03
  9.46359635821042e-04  7.24295810571895e-04  5.50441780477383e-04
  4.15336581917846e-04  3.11129167502338e-04  2.31362037466582e-04
  1.70771016394264e-04  1.25102972934742e-04  9.09523989044685e-05
  6.56170105630796e-05  4.69719192821159e-05  3.33614421588097e-05
  2.35072787740751e-05  1.64315570545830e-05  1.13931324536135e-05
  7.83549362539237e-06  5.34466560281199e-06  3.61559026811334e-06
  2.42558837570420e-06  1.61365201715156e-06  1.06447088615572e-06
  6.96249864796533e-07  4.51522766128868e-07  2.90303207169735e-07
  1.85034999895585e-07  1.16910845364452e-07  7.32182063185648e-08
  4.54470510452467e-08  2.79554442678832e-08  1.70390374249080e-08
  1.02890478759911e-08  6.15433287359338e-09  3.64562499896092e-09
  2.13821368423852e-09  1.24135262111597e-09  7.13168240083510e-10
  4.05298140141161e-10  2.27779852409557e-10  1.26537386478474e-10
  6.94565728619392e-11  3.76552464869012e-11  2.01538792241151e-11
  1.06439840843110e-11  5.54429348136630e-12  2.84683562106909e-12
  1.44020788698474e-12  7.17468378482903e-13  3.51770808289056e-13
  1.69651414892253e-13  8.04369598592098e-14  3.74725553820892e-14
  1.71428183590004e-14  7.69689429147414e-15  3.38972540346637e-15
  1.46345259497205e-15  6.19018141934619e-16  2.56380038796770e-16
  1.03911941367901e-16  4.11876191793480e-17  1.59575288134977e-17
  6.04209531419868e-18  2.23338911199473e-18  8.05430298324539e-19
  2.83218572576001e-19  9.70587654302447e-20  3.24124038483130e-20
  1.05586801500372e-20  3.34912801921420e-21  1.03190530452906e-21
  3.08611515167852e-22  8.95198219196168e-23  2.51665576322834e-23
  6.85141823248316e-24  1.80482569444836e-24
  2.48760274371638e-24  2.83795082731492e-24  3.23762551586212e-24
  3.69356899327131e-24  4.21370005681725e-24  4.80705143021637e-24
  5.48392637082537e-24  6.25607727988530e-24  7.13690940474024e-24
  8.14171315508543e-24  9.28792904947568e-24  1.05954498710573e-23
  1.20869652537590e-23  1.37883546518236e-23  1.57291354799616e-23
  1.79429741624089e-23  2.04682689133388e-23  2.33488143069412e-23
  2.66345591041173e-23  3.03824704085792e-23  3.46575190552139e-23
  3.95338032198393e-23  4.50958296169794e-23  5.14399743622579e-23
  5.86761486643663e-23  6.69296980315003e-23  7.63435676880908e-23
  8.70807714693506e-23  9.93272066697068e-23  1.13294863257697e-22
  1.29225482633418e-22  1.47394728811918e-22  1.68116943697436e-22
  1.91750568118661e-22  2.18704321694932e-22  2.49444247589512e-22
  2.84501743003058e-22  3.24482713113201e-22  3.70078005368415e-22
  4.22075302913776e-22  4.81372680839272e-22  5.48994057316167e-22
  6.26106804005492e-22  7.14041816928895e-22  8.14316390912104e-22
  9.28660288444260e-22  1.05904544815982e-21  1.20771984004375e-21
  1.37724604494342e-21  1.57054521621423e-21  1.79094717268840e-21
  2.04224747616282e-21  2.32877246501157e-21  2.65545335030006e-21
  3.02791063420485e-21  3.45255028514912e-21  3.93667330280474e-21
  4.48860053227910e-21  5.11781484418039e-21  5.83512309012789e-21
  6.65284057650090e-21  7.58500117837949e-21  8.64759664693273e-21
  9.85884915424169e-21  1.12395216776594e-20  1.28132714607112e-20
  1.46070525095796e-20  1.66515739053913e-20  1.89818216463067e-20
  2.16376527952334e-20  2.46644719161675e-20  2.81140011547267e-20
  3.20451568785493e-20  3.65250475668008e-20  4.16301096536388e-20
  4.74474003213111e-20  5.40760688416973e-20  6.16290310230510e-20
  7.02348746791563e-20  8.00400278560602e-20  9.12112258879801e-20
  1.03938318279747e-19  1.18437462006905e-19  1.34954754176900e-19
  1.53770364206939e-19  1.75203233862986e-19  1.99616422798779e-19
  2.27423187784805e-19  2.59093895790324e-19  2.95163884668948e-19
  3.36242400614592e-19  3.83022759044269e-19  4.36293895402739e-19
  4.96953494885502e-19  5.66022915592349e-19  6.44664148557303e-19
  7.34199090901136e-19  8.36131445535003e-19  9.52171602985186e-19
  1.08426490866456e-18  1.23462377302540e-18  1.40576414332832e-18
  1.60054692519503e-18  1.82222502074779e-18  2.07449673918055e-18
  2.36156643641388e-18  2.68821335459835e-18  3.05986976137841e-18
  3.48270963496879e-18  3.96374930643763e-18  4.51096165761587e-18
  5.13340568458404e-18  5.84137347585890e-18  6.64655692483242e-18
  7.56223680164966e-18  8.60349715515982e-18  9.78746840586232e-18
  1.11336029316954e-17  1.26639874464929e-17  1.44036970333054e-17
  1.63811963296326e-17  1.86287940782800e-17  2.11831580662428e-17
  2.40858983865537e-17  2.73842279872247e-17  3.11317106324137e-17
  3.53891077096180e-17  4.02253367923907e-17  4.57185565308399e-17
  5.19573943160095e-17  5.90423352749434e-17  6.70872935306741e-17
  7.62213893378882e-17  8.65909587188390e-17  9.83618256147830e-17
  1.11721870384901e-16  1.26883932776503e-16  1.44089092318469e-16
  1.63610374517366e-16  1.85756937337767e-16  2.10878799303991e-16
  2.39372178266278e-16  2.71685518525134e-16  3.08326293727614e-16
  3.49868683856554e-16  3.96962236879711e-16  4.50341639365399e-16
  5.10837735784195e-16  5.79389953506020e-16  6.57060309879380e-16
  7.45049199518351e-16  8.44713184258178e-16  9.57585035540053e-16
  1.08539630952987e-15  1.23010276950774e-15  1.39391300837255e-15
  1.57932066699435e-15  1.78914069212272e-15  2.02655013126482e-15
  2.29513402195088e-15  2.59893699999437e-15  2.94252132634929e-15
  3.33103211610192e-15  3.77027064682431e-15  4.26677672825066e-15
  4.82792123213578e-15  5.46201001181064e-15  6.17840058658346e-15
  6.98763312899671e-15  7.90157747431480e-15  8.93359807427658e-15
  1.00987390429745e-14  1.14139316946266e-14  1.28982272539313e-14
  1.45730577325780e-14  1.64625283148017e-14  1.85937449829373e-14
  2.09971815480601e-14  2.37070907321278e-14  2.67619644863095e-14
  3.02050493277915e-14  3.40849231437991e-14  3.84561406525680e-14
  4.33799555368051e-14  4.89251281824333e-14  5.51688289781436e-14
  6.21976482668194e-14  7.01087253052998e-14  7.90110099931359e-14
  8.90266726980537e-14  1.00292679239828e-13  1.12962550032953e-13
  1.27208324532987e-13  1.43222754523859e-13  1.61221752437297e-13
  1.81447123848992e-13  2.04169616573521e-13  2.29692322431611e-13
  2.58354471805147e-13  2.90535665609814e-13  3.26660594303758e-13
  3.67204299121080e-13  4.12698036885778e-13  4.63735816630514e-13
  5.20981683858645e-13  5.85177836777340e-13  6.57153668211826e-13
  7.37835837406153e-13  8.28259487497953e-13  9.29580737395601e-13
  1.04309059111861e-12  1.17023042360922e-12  1.31260921975339e-12
  1.47202276301431e-12  1.65047499204056e-12  1.85020176782692e-12
  2.07369732122705e-12  2.32374368051442e-12  2.60344341229656e-12
  2.91625604618659e-12  3.26603859507320e-12  3.65709062881183e-12
  4.09420441046985e-12  4.58272066113045e-12  5.12859058285468e-12
  5.73844483990558e-12  6.41967027713480e-12  7.18049524179118e-12
  8.03008447310895e-12  8.97864463195203e-12  1.00375416651301e-11
  1.12194313329733e-11  1.25384043804586e-11  1.40101479997313e-11
  1.56521254197692e-11  1.74837756682951e-11  1.95267357850366e-11
  2.18050880265412e-11  2.43456348951343e-11  2.71782051499465e-11
  3.03359943251187e-11  3.38559436849620e-11  3.77791620077413e-11
  4.21513950962921e-11  4.70235484911479e-11  5.24522695015819e-11
  5.85005953912450e-11  6.52386753626406e-11  7.27445748911971e-11
  8.11051719776850e-11  9.04171560307376e-11  1.00788141376654e-10
  1.12337908837506e-10  1.25199790446029e-10  1.39522214191199e-10
  1.55470427755323e-10  1.73228422516272e-10  1.93001081714366e-10
  2.15016579628448e-10  2.39529061939909e-10  2.66821641226932e-10
  2.97209745772143e-10  3.31044864686315e-10  3.68718737757611e-10
  4.10668044614988e-10  4.57379654716246e-10  5.09396507585991e-10
  5.67324201636176e-10  6.31838380041446e-10  7.03693013625585e-10
  7.83729693754351e-10  8.72888063029091e-10  9.72217528405249e-10
  1.08289042045590e-09  1.20621678425205e-09  1.34366101203887e-09
  1.49686055602681e-09  1.66764699163776e-09  1.85806973806779e-09
  2.07042278446927e-09  2.30727481763511e-09  2.57150320083945e-09
  2.86633231527302e-09  3.19537684574457e-09  3.56269067245303e-09
  3.97282212240662e-09  4.43087643831767e-09  4.94258644273427e-09
  5.51439251099446e-09  6.15353312318353e-09  6.86814744303004e-09
  7.66739157579936e-09  8.56157038968377e-09  9.56228705291314e-09
  1.06826127411426e-08  1.19372793220777e-08  1.33428982180359e-08
  1.49182091091118e-08  1.66843626565444e-08  1.86652420270879e-08
  2.08878286804634e-08  2.33826186664660e-08  2.61840965691568e-08
  2.93312752696092e-08  3.28683108547912e-08  3.68452033634977e-08
  4.13185955721580e-08  4.63526837985419e-08  5.20202566996000e-08
  5.84038803409068e-08  6.55972504481626e-08  7.37067357430171e-08
  8.28531397391448e-08  9.31737122382353e-08  1.04824446350725e-07
  1.17982701900932e-07  1.32850202023046e-07  1.49656456414765e-07
  1.68662672357518e-07  1.90166223418109e-07  2.14505755593387e-07
  2.42067022214402e-07  2.73289551719335e-07  3.08674267371931e-07
  3.48792194771101e-07  3.94294412299847e-07  4.45923421477752e-07
  5.04526139330361e-07  5.71068742881333e-07  6.46653628836847e-07
  7.32538787419116e-07  8.30159931936655e-07  9.41155772431694e-07
  1.06739687612225e-06  1.21101861792161e-06  1.37445879487407e-06
  1.56050055481532e-06  1.77232138176522e-06  2.01354897802867e-06
  2.28832500012735e-06  2.60137773293569e-06  2.95810493311764e-06
  3.36466823764388e-06  3.82810071885264e-06  4.35642937865308e-06
  4.95881460719582e-06  5.64570890354473e-06  6.42903744811656e-06
  7.32240345830594e-06  8.34132163524730e-06  9.50348343095772e-06
  1.08290583429803e-05  1.23410359769268e-05  1.40656142032509e-05
  1.60326394149457e-05  1.82761056147181e-05  2.08347199057513e-05
  2.37525428656195e-05  2.70797133169425e-05  3.08732681322362e-05
  3.51980689920131e-05  4.01278493663479e-05  4.57463966059676e-05
  5.21488856267369e-05  5.94433826654862e-05  6.77525395361777e-05
  7.72155011666252e-05  8.79900516089907e-05  1.00255026515406e-04
  1.14213022888665e-04  1.30093440368529e-04  1.48155891519221e-04
  1.68694022696478e-04  1.92039790896959e-04  2.18568246593856e-04
  2.48702877220167e-04  2.82921571026553e-04  3.21763266594877e-04
  3.65835358680520e-04  4.15821937785874e-04  4.72492946347721e-04
  5.36714342177981e-04  6.09459365769584e-04  6.91821016094869e-04
  7.85025846259954e-04  8.90449198621505e-04  1.00963200552437e-03
  1.14429929069204e-03  1.29638051209034e-03  1.46803189557628e-03
  1.66166091403655e-03  1.87995307416558e-03  2.12590117489349e-03
  2.40283721177141e-03  2.71446709440314e-03  3.06490835669217e-03
  3.45873102721631e-03  3.90100183164110e-03  4.39733188872598e-03
  4.95392805113648e-03  5.57764803305393e-03  6.27605944143002e-03
  7.05750281374882e-03  7.93115872851714e-03  8.90711902800432e-03
  9.99646214485892e-03  1.12113324867604e-02  1.25650237610487e-02
  1.40720660824839e-02  1.57483166014318e-02  1.76110533481204e-02
  1.96790718538163e-02  2.19727840464044e-02  2.45143187787856e-02
  2.73276232327863e-02  3.04385643204617e-02  3.38750290262449e-02
  3.76670225288289e-02  4.18467626997199e-02  4.64487695037766e-02
  5.15099475167911e-02  5.70696597066380e-02  6.31697903330935e-02
  6.98547946637367e-02  7.71717330086563e-02  8.51702863334657e-02
  9.39027505845745e-02  1.03424006567296e-01  1.13791462249289e-01
  1.25064963891250e-01  1.37306672734802e-01  1.50580903405582e-01
  1.64953920608403e-01  1.80493690384028e-01  1.97269582464111e-01
  2.15352020401721e-01  2.34812076286926e-01  2.55721007486298e-01
  2.78149732900806e-01  3.02168247324030e-01  3.27844972647834e-01
  3.55246046058315e-01  3.84434545850788e-01  4.15469657024294e-01
  4.48405779716986e-01  4.83291585196668e-01  5.20169025248443e-01
  5.59072302666697e-01  6.00026811641973e-01  6.43048058816105e-01
  6.88140576670273e-01  7.35296842804910e-01  7.84496219091931e-01
  8.35703926477681e-01  8.88870070852874e-01  9.43928737156820e-01
  1.00079716778913e+00  1.05937504308434e+00  1.11954388057001e+00
  1.18116657112667e+00  1.24408707022014e+00  1.30813026366210e+00
  1.37310202845447e+00  1.43878951052162e+00  1.50496164195847e+00
  1.57136992033836e+00  1.63774947114945e+00  1.70382041092107e+00
  1.76928952303280e+00  1.83385225067149e+00  1.89719500176927e+00
  1.95899775056440e+00  2.01893690909001e+00  2.07668843146436e+00
  2.13193110331909e+00  2.18434996096585e+00  2.23363977657628e+00
  2.27950854228312e+00  2.32168088189294e+00  2.35990131941088e+00
  2.39393733540199e+00  2.42358214577889e+00  2.44865714489879e+00
  2.46901396216622e+00  2.48453609171475e+00  2.49514006542543e+00
  2.50077615134202e+00  2.50142857159935e+00  2.49711524592770e+00
  2.48788707808059e+00  2.47382681293041e+00  2.45504750148427e+00
  2.43169061769567e+00  2.40392387772991e+00  2.37193881587737e+00
  2.33594817295520e+00  2.29618315437522e+00  2.25289061238332e+00
  2.20633020523353e+00  2.15677158120964e+00  2.10449163076915e+00
  2.04977184413047e+00  1.99289580559173e+00  1.93414684947337e+00
  1.87380589650515e+00  1.81214948345924e+00  1.74944799341428e+00
  1.68596408937102e+00  1.62195134944295e+00  1.55765309868681e+00
  1.49330142972097e+00  1.42911640216695e+00  1.36530540972761e+00
  1.30206270247053e+00  1.23956905186161e+00  1.17799154565495e+00
  1.11748350032675e+00  1.05818447891331e+00  1.00022040290971e+00
  9.43703747375738e-01  8.88733809238329e-01  8.35397039349924e-01
  7.83767429683439e-01  7.33906947595976e-01  6.85866009847275e-01
  6.39683989780760e-01  5.95389751087455e-01  5.53002203371330e-01
  5.12530873753726e-01  4.73976490159854e-01  4.37331572468055e-01
  4.02581026841045e-01  3.69702740551839e-01  3.38668173196663e-01
  3.09442941572771e-01  2.81987395131894e-01  2.56257179255359e-01
  2.32203783984351e-01  2.09775075896462e-01  1.88915811282541e-01
  1.69568128976779e-01  1.51672021568668e-01  1.35165783954125e-01
  1.19986438575021e-01  1.06070136800415e-01  9.33525362985309e-02
  8.17691543500124e-02  7.12556971949646e-02  6.17483657706618e-02
  5.31841381192667e-02  4.55010289868319e-02  3.86383270744433e-02
  3.25368104744744e-02  2.71389408374589e-02  2.23890367797039e-02
  1.82334270569960e-02  1.46205839644367e-02  1.15012374252111e-02
  8.82847016482837e-03  6.55779436588123e-03  4.64721014839308e-03
  3.05724623699407e-03  1.75098317335569e-03  6.94059423164171e-04
 -1.45339128966051e-04 -7.96505879880418e-04 -1.28625574069964e-03
 -1.63898224669287e-03 -1.87672869269772e-03 -2.01927231814948e-03
 -2.08422041751973e-03 -2.08711709452981e-03 -2.04155923422386e-03
 -1.95932013763836e-03 -1.85047915026309e-03 -1.72355553934873e-03
 -1.58564482414324e-03 -1.44255575859913e-03 -1.29894619849563e-03
 -1.15845616159990e-03 -1.02383650707523e-03 -8.97071814319645e-04
 -7.79496229469307e-04 -6.71901260622361e-04 -5.74634733657754e-04
 -4.87690361076520e-04 -4.10787616879639e-04 -3.43441843441161e-04
 -2.85024733042556e-04 -2.34815521147590e-04 -1.92043394696604e-04
 -1.55921753514817e-04 -1.25675063926362e-04 -1.00559110900709e-04
 -7.98754894909994e-05 -6.29811807863345e-05 -4.92940355732984e-05
 -3.82949449509485e-05 -2.95274160015157e-05 -2.25951973281843e-05
 -1.71585185379827e-05 -1.29294239992767e-05 -9.66659822196528e-06
 -7.17000102395419e-06 -5.27555780039907e-06 -3.85008505962538e-06
 -2.78657515427754e-06 -1.99991699311156e-06 -1.42309124532620e-06
 -1.00384894141579e-06 -7.01860084260394e-07 -4.86303510318467e-07
 -3.33859263155528e-07 -2.27059367752861e-07 -1.52951052538028e-07
 -1.02027178837507e-07 -6.73812669815282e-08 -4.40481819240954e-08
 -2.84960169442095e-08 -1.82391839036328e-08 -1.15474429713673e-08
 -7.22960947481050e-09 -4.47485591463973e-09 -2.73752619536191e-09
 -1.65475669174664e-09 -9.88031128836784e-10 -5.82577167467630e-10
 -3.39093900913088e-10 -1.94786671309634e-10 -1.10381848455267e-10
 -6.16871601401591e-11 -3.39871778851296e-11 -1.84545878025272e-11
 -9.87188958905428e-12 -5.20039439397866e-12 -2.69675304528117e-12
 -1.37606595100560e-12 -6.90637425751860e-13 -3.40791381494083e-13
 -1.65258847877257e-13 -7.87197288267678e-14 -3.68167339355304e-14
 -1.68983635395526e-14 -7.60801466298081e-15 -3.35822430430367e-15
 -1.45257594077002e-15 -6.15362031312323e-16 -2.55184402132831e-16
 -1.03532104546870e-16 -4.10703985461512e-17 -1.59224131325326e-17
 -6.03189153793309e-18 -2.23051536832260e-18 -8.04646474695621e-19
 -2.83011692280695e-19 -9.70059709351309e-20 -3.23993884936264e-20
 -1.05555831519006e-20 -3.34841737286247e-21 -1.03174819809488e-21
 -3.08578083938679e-22 -8.95129810966938e-23 -2.51652129148289e-23
 -6.85116455695360e-24 -1.80477981714119e-24
 (i6, f12.0, f18.0, f8.3, i6)
   628  60.0000000  0.02500000000000  14.000     1
 (3e22.14)
  2.11889769189305e-06  2.22693846773447e-06  2.34048775752142e-06
  2.45982638518742e-06  2.58524948870149e-06  2.71706724949358e-06
  2.85560565903634e-06  3.00120732447497e-06  3.15423231529272e-06
  3.31505905310124e-06  3.48408524675123e-06  3.66172887506884e-06
  3.84842921964436e-06  4.04464795021694e-06  4.25087026533780e-06
  4.46760609111593e-06  4.69539134101648e-06  4.93478923979724e-06
  5.18639171487334e-06  5.45082085851332e-06  5.72873046449352e-06
  6.02080764298252e-06  6.32777451764491e-06  6.65039000913943e-06
  6.98945170941533e-06  7.34579785140982e-06  7.72030937902164e-06
  8.11391212242667e-06  8.52757908413431e-06  8.96233284137117e-06
  9.41924807074459e-06  9.89945420137513e-06  1.04041382030456e-05
  1.09345475162170e-05  1.14919931311377e-05  1.20778528235979e-05
  1.26935745553290e-05  1.33406800473565e-05  1.40207685351660e-05
  1.47355207148440e-05  1.54867028899584e-05  1.62761713293306e-05
  1.71058768464364e-05  1.79778696116708e-05  1.88943042093282e-05
  1.98574449516775e-05  2.08696714632505e-05  2.19334845489766e-05
  2.30515123606547e-05  2.42265168768320e-05  2.54614007120443e-05
  2.67592142720812e-05  2.81231632728956e-05  2.95566166414950e-05
  3.10631148183438e-05  3.26463784814423e-05  3.43103177136584e-05
  3.60590416356172e-05  3.78968685278587e-05  3.98283364669905e-05
  4.18582145019291e-05  4.39915143975244e-05  4.62335029744127e-05
  4.85897150751302e-05  5.10659671884318e-05  5.36683717648411e-05
  5.64033522587281e-05  5.92776589334148e-05  6.22983854681045e-05
  6.54729864070773e-05  6.88092954938401e-05  7.23155449348586e-05
  7.60003856400541e-05  7.98729084891616e-05  8.39426666761171e-05
  8.82196991856025e-05  9.27145554592044e-05  9.74383213110488e-05
  1.02402646156181e-04  1.07619771617666e-04  1.13102561582409e-04
  1.18864533778142e-04  1.24919892949055e-04  1.31283565709873e-04
  1.37971237163639e-04  1.44999389371581e-04  1.52385341768650e-04
  1.60147293622458e-04  1.68304368638756e-04  1.76876661821029e-04
  1.85885288698227e-04  1.95352437038775e-04  2.05301421177020e-04
  2.15756739082103e-04  2.26744132308099e-04  2.38290648969287e-04
  2.50424709892851e-04  2.63176178108027e-04  2.76576431839494e-04
  2.90658441179849e-04  3.05456848626601e-04  3.21008053675829e-04
  3.37350301676920e-04  3.54523777160405e-04  3.72570701863403e-04
  3.91535437686649e-04  4.11464594830553e-04  4.32407145367029e-04
  4.54414542520944e-04  4.77540845942637e-04  5.01842853273403e-04
  5.27380238314580e-04  5.54215696130882e-04  5.82415095431715e-04
  6.12047638593173e-04  6.43186029699126e-04  6.75906651001304e-04
  7.10289748213259e-04  7.46419625080125e-04  7.84384847678583e-04
  8.24278458933986e-04  8.66198203855332e-04  9.10246766021068e-04
  9.56532015869171e-04  1.00516727137544e-03  1.05627157172857e-03
  1.10996996464531e-03  1.16639380799206e-03  1.22568108642201e-03
  1.28797674375919e-03  1.35343303190680e-03  1.42220987708598e-03
  1.49447526425681e-03  1.57040564060560e-03  1.65018633903778e-03
  1.73401202264071e-03  1.82208715115264e-03  1.91462647049406e-03
  2.01185552649487e-03  2.11401120398314e-03  2.22134229247034e-03
  2.33411007971653e-03  2.45258897452844e-03  2.57706716019349e-03
  2.70784728003871e-03  2.84524715664263e-03  2.98960054633969e-03
  3.14125793068619e-03  3.30058734667852e-03  3.46797525756113e-03
  3.64382746617042e-03  3.82857007283323e-03  4.02265047994759e-03
  4.22653844544513e-03  4.44072718747151e-03  4.66573454267795e-03
  4.90210418067856e-03  5.15040687729283e-03  5.41124184934926e-03
  5.68523815391635e-03  5.97305615499338e-03  6.27538906076619e-03
  6.59296453476175e-03  6.92654638425819e-03  7.27693632958959e-03
  7.64497585801507e-03  8.03154816607747e-03  8.43758019448008e-03
  8.86404475972366e-03  9.31196278688260e-03  9.78240564814543e-03
  1.02764976118393e-02  1.07954184070006e-02  1.13404059085631e-02
  1.19127589486702e-02  1.25138402596224e-02  1.31450795543655e-02
  1.38079767505423e-02  1.45041053444483e-02  1.52351159413973e-02
  1.60027399493767e-02  1.68087934429492e-02  1.76551812048681e-02
  1.85439009528764e-02  1.94770477596900e-02  2.04568186742539e-02
  2.14855175528227e-02  2.25655601085110e-02  2.36994791885822e-02
  2.48899302885768e-02  2.61396973133268e-02  2.74516985945250e-02
  2.88289931754851e-02  3.02747873735636e-02  3.17924416313658e-02
  3.33854776679758e-02  3.50575859420023e-02  3.68126334382347e-02
  3.86546717905518e-02  4.05879457532795e-02  4.26169020345596e-02
  4.47461985044111e-02  4.69807137916220e-02  4.93255572829979e-02
  5.17860795393980e-02  5.43678831428424e-02  5.70768339896708e-02
  5.99190730443077e-02  6.29010285694055e-02  6.60294288470085e-02
  6.93113154069999e-02  7.27540567778775e-02  7.63653627760620e-02
  8.01532993490813e-02  8.41263039890783e-02  8.82932017313056e-02
  9.26632217547879e-02  9.72460145986726e-02  1.02051670011414e-01
  1.07090735446019e-01  1.12374235216942e-01  1.17913690331858e-01
  1.23721139012192e-01  1.29809157914251e-01  1.36190884063871e-01
  1.42880037513521e-01  1.49890944734106e-01  1.57238562746461e-01
  1.64938504002892e-01  1.73007062020938e-01  1.81461237774879e-01
  1.90318766844897e-01  1.99598147323966e-01  2.09318668477414e-01
  2.19500440151119e-01  2.30164422915182e-01  2.41332458935479e-01
  2.53027303549657e-01  2.65272657533914e-01  2.78093200029167e-01
  2.91514622100868e-01  3.05563660894318e-01  3.20268134346437e-01
  3.35656976403680e-01  3.51760272696633e-01  3.68609296602588e-01
  3.86236545637525e-01  4.04675778086260e-01  4.23962049798316e-01
  4.44131751040738e-01  4.65222643309863e-01  4.87273895978566e-01
  5.10326122653569e-01  5.34421417094443e-01  5.59603388547880e-01
  5.85917196312401e-01  6.13409583369538e-01  6.42128908853017e-01
  6.72125179166098e-01  7.03450077486211e-01  7.36156991419416e-01
  7.70301038518749e-01  8.05939089379441e-01  8.43129787981755e-01
  8.81933568959911e-01  9.22412671404120e-01  9.64631148849145e-01
  1.00865487498170e+00  1.05455154468181e+00  1.10239066988151e+00
  1.15224356977895e+00  1.20418335486101e+00  1.25828490419633e+00
  1.31462483539112e+00  1.37328146662838e+00  1.43433477008838e+00
  1.49786631615442e+00  1.56395920759339e+00  1.63269800308029e+00
  1.70416862920542e+00  1.77845828023324e+00  1.85565530474569e+00
  1.93584907835042e+00  2.01912986153362e+00  2.10558864182663e+00
  2.19531695926222e+00  2.28840671433585e+00  2.38494995733322e+00
  2.48503865826553e+00  2.58876445628069e+00  2.69621838771376e+00
  2.80749059175036e+00  2.92266999282769e+00  3.04184395878391e+00
  3.16509793400116e+00  3.29251504651849e+00  3.42417568860222e+00
  3.56015706971888e+00  3.70053274162429e+00  3.84537209471982e+00
  3.99473982545469e+00  4.14869537431849e+00  4.30729233437047e+00
  4.47057783013398e+00  4.63859186726230e+00  4.81136665300824e+00
  4.98892588854785e+00  5.17128403345010e+00  5.35844554397292e+00
  5.55040408610323e+00  5.74714172547989e+00  5.94862809588165e+00
  6.15481954929784e+00  6.36565828962875e+00  6.58107149443331e+00
  6.80097042717040e+00  7.02524954548876e+00  7.25378560922191e+00
  7.48643679418453e+00  7.72304181708640e+00  7.96341907841393e+00
  8.20736582982255e+00  8.45465737433032e+00  8.70504630662509e+00
  8.95826180372875e+00  9.21400897353787e+00  9.47196827379035e+00
  9.73179500958636e+00  9.99311892291234e+00  1.02555438843913e+01
  1.05186477005047e+01  1.07819820482764e+01  1.10450725513831e+01
  1.13074190097352e+01  1.15684957979774e+01  1.18277524438665e+01
  1.20846144037549e+01  1.23384840442525e+01  1.25887418475338e+01
  1.28347478491606e+01  1.30758433229601e+01  1.33113527221989e+01
  1.35405858882840e+01  1.37628405338239e+01  1.39774050092448e+01
  1.41835613549117e+01  1.43805886456992e+01  1.45677666231563e+01
  1.47443796193048e+01  1.49097207604434e+01  1.50630964478585e+01
  1.52038310991369e+01  1.53312721379113e+01  1.54447952073283e+01
  1.55438095894590e+01  1.56277637933640e+01  1.56961512876737e+01
  1.57485163305962e+01  1.57844598609828e+01  1.58036453976150e+01
  1.58058048976809e+01  1.57907445121615e+01  1.57583501826138e+01
  1.57085930045269e+01  1.56415342966310e+01  1.55573302941144e+01
  1.54562363961069e+01  1.53386108851776e+01  1.52049180427589e+01
  1.50557305769661e+01  1.48917312900203e+01  1.47137139000101e+01
  1.45225829542062e+01  1.43193527520217e+01  1.41051452265529e+01
  1.38811867182968e+01  1.36488036010458e+01  1.34094167164094e+01
  1.31645345987539e+01  1.29157454674274e+01  1.26647080018730e+01
  1.24131409011186e+01  1.21628112766117e+01  1.19155219180085e+01
  1.16730975091650e+01  1.14373698781210e+01  1.12101623906332e+01
  1.09932736090510e+01  1.07884603643515e+01  1.05974203952021e+01
  1.04217747357242e+01  1.02630500372819e+01  1.01226610275829e+01
  1.00018933198171e+01  9.90188678751932e+00  9.82361973197800e+00
  9.76789406353021e+00  9.73532172061499e+00  9.72631254390442e+00
  9.74106381338138e+00  9.77955164494100e+00  9.84152442807097e+00
  9.92649846589204e+00  1.00337559574473e+01  1.01623454396309e+01
  1.03110847715824e+01  1.04785667239506e+01  1.06631671924967e+01
  1.08630560296175e+01  1.10762104474089e+01  1.13004309103187e+01
  1.15333594004130e+01  1.17724999008348e+01  1.20152409088932e+01
  1.22588797559600e+01  1.25006484834636e+01  1.27377409907046e+01
  1.29673411537605e+01  1.31866515848131e+01  1.33929226968129e+01
  1.35834817134355e+01  1.37557612740767e+01  1.39073272670754e+01
  1.40359055420661e+01  1.41394071530853e+01  1.42159518045970e+01
  1.42638891872268e+01  1.42818179219696e+01  1.42686018496742e+01
  1.42233834464147e+01  1.41455941720388e+01  1.40349616021066e+01
  1.38915132331332e+01  1.37155768946487e+01  1.35077777385625e+01
  1.32690318332818e+01  1.30005364156268e+01  1.27037569147055e+01
  1.23804108898389e+01  1.20324490723038e+01  1.16620337355653e+01
  1.12715146564377e+01  1.08634029567260e+01  1.04403431520417e+01
  1.00050837509248e+01  9.56044677577145e+00  9.10929658953950e+00
  8.65450842860561e+00  8.19893704317788e+00  7.74538586041506e+00
  7.29657706832358e+00  6.85512302491249e+00  6.42349937120829e+00
  6.00402021465586e+00  5.59881571936262e+00  5.20981240922113e+00
  4.83871645111936e+00  4.48700014076775e+00  4.15589176473101e+00
  3.84636895442408e+00  3.55915559210973e+00  3.29472225960869e+00
  3.05329016083792e+00  2.83483837861966e+00  2.63911426369490e+00
  2.46564669224410e+00  2.31376187378296e+00  2.18260134562147e+00
  2.07114175589957e+00  1.97821601638325e+00  1.90253539973322e+00
  1.84271216409222e+00  1.79728230866579e+00  1.76472809549817e+00
  1.74350001073311e+00  1.73203788019332e+00  1.72879089513502e+00
  1.73223634270693e+00  1.74089687019621e+00  1.75335614277393e+00
  1.76827278156954e+00  1.78439249382319e+00  1.80055833071817e+00
  1.81571903201654e+00  1.82893544093847e+00  1.83938499742168e+00
  1.84636434345052e+00  1.84929009957713e+00  1.84769789699657e+00
  1.84123977326566e+00  1.82968006187680e+00  1.81288992520778e+00
  1.79084069657127e+00  1.76359620968417e+00  1.73130430243721e+00
  1.69418768637498e+00  1.65253437367580e+00  1.60668784982770e+00
  1.55703717291215e+00  1.50400716973926e+00  1.44804888556615e+00
  1.38963042817267e+00  1.32922832923829e+00  1.26731952706967e+00
  1.20437405459367e+00  1.14084849683039e+00  1.07718026197889e+00
  1.01378269137501e+00  9.51041015433086e-01  8.89309146158580e-01
  8.28907281814869e-01  7.70120286218918e-01  7.13196794033911e-01
  6.58348984247508e-01  6.05752957134150e-01  5.55549644823725e-01
  5.07846182702813e-01  4.62717667595039e-01  4.20209229196060e-01
  3.80338343242606e-01  3.43097318260006e-01  3.08455892194722e-01
  2.76363880620420e-01  2.46753824214264e-01  2.19543589797663e-01
  1.94638885848919e-01  1.71935660276756e-01  1.51322354834952e-01
  1.32681996893221e-01  1.15894115172261e-01  1.00836471384734e-01
  8.73866044352224e-02  7.54231879010606e-02  6.48272048485198e-02
  5.54829467678284e-02  4.72788454560412e-02  4.01081481692935e-02
  3.38694473495823e-02  2.84670767895530e-02  2.38113863110819e-02
  1.98189069887893e-02  1.64124187096008e-02  1.35209315007678e-02
  1.10795916201599e-02  9.02952293012616e-03  7.31761358764102e-03
  5.89625759304057e-03  4.72306024627675e-03  3.76051605890078e-03
  2.97566714852500e-03  2.33974959174940e-03  1.82783461812069e-03
  1.41847088685626e-03  1.09333339879855e-03  8.36883860821648e-04
  6.36046551924576e-04  4.79902952229571e-04  3.59407608084572e-04
  2.67126938741959e-04  1.97001963121447e-04  1.44135258162427e-04
  1.04601869030460e-04  7.52833878311497e-05  5.37240086240151e-05
  3.80070546044321e-05  2.66502561474392e-05  1.85179295072890e-05
  1.27481561826294e-05  8.69308035761294e-06  5.87051407161512e-06
  3.92515321287959e-06  2.59785024708936e-06  1.70154935828265e-06
  1.10265766342725e-06  7.06792708864145e-07  4.48007006815165e-07
  2.80738280650783e-07  1.73868853114401e-07  1.06394894162597e-07
  6.43088402916865e-08  3.83830403872857e-08  2.26147408584543e-08
  1.31488298868913e-08  7.54194736587000e-09  4.26609892263363e-09
  2.37893067426987e-09  1.30729055557282e-09  7.07709258293539e-10
  3.77263943808480e-10  1.97967905196569e-10  1.02213733886573e-10
  5.19056898985445e-11  2.59143631649804e-11  1.27145232158659e-11
  6.12774174212102e-12  2.89963730341579e-12  1.34656342141884e-12
  6.13397075431120e-13  2.73952381613830e-13  1.19897040486801e-13
  5.13944944561866e-14  2.15660214008247e-14  8.85392819887659e-15
  3.55431867474592e-15  1.39446137681638e-15  5.34493278899390e-16
  1.99954582779440e-16  7.29422492052374e-17  2.59079745926435e-17
  8.93034314778494e-18  2.96087836215392e-18  9.18536806148058e-19
  2.93856232945175e-19  9.13362625581280e-20  2.75615954130696e-20
  8.06850418298483e-21  2.28968532266515e-21  6.29376850645682e-22
  1.67435430701090e-22  4.30750869758672e-23  1.07072669545687e-23
  2.56937151273935e-24  5.94680307786915e-25  1.32632927007328e-25
  2.84788863585660e-26  5.88140249573180e-27  1.16706992360025e-27
  2.22296137339777e-28
 (i6, f12.0, f18.0, f8.3, i6)
   628  60.0000000  0.02500000000000  14.000     1
 (3e22.14)
  2.11889769189305e-06  2.22693846773447e-06  2.34048775752142e-06
  2.45982638518742e-06  2.58524948870149e-06  2.71706724949358e-06
  2.85560565903634e-06  3.00120732447497e-06  3.15423231529272e-06
  3.31505905310124e-06  3.48408524675123e-06  3.66172887506884e-06
  3.84842921964436e-06  4.04464795021694e-06  4.25087026533780e-06
  4.46760609111593e-06  4.69539134101648e-06  4.93478923979724e-06
  5.18639171487334e-06  5.45082085851332e-06  5.72873046449352e-06
  6.02080764298252e-06  6.32777451764491e-06  6.65039000913943e-06
  6.98945170941533e-06  7.34579785140982e-06  7.72030937902164e-06
  8.11391212242667e-06  8.52757908413431e-06  8.96233284137117e-06
  9.41924807074459e-06  9.89945420137513e-06  1.04041382030456e-05
  1.09345475162170e-05  1.14919931311377e-05  1.20778528235979e-05
  1.26935745553290e-05  1.33406800473565e-05  1.40207685351660e-05
  1.47355207148440e-05  1.54867028899584e-05  1.62761713293306e-05
  1.71058768464364e-05  1.79778696116708e-05  1.88943042093282e-05
  1.98574449516775e-05  2.08696714632505e-05  2.19334845489766e-05
  2.30515123606547e-05  2.42265168768320e-05  2.54614007120443e-05
  2.67592142720812e-05  2.81231632728956e-05  2.95566166414950e-05
  3.10631148183438e-05  3.26463784814423e-05  3.43103177136584e-05
  3.60590416356172e-05  3.78968685278587e-05  3.98283364669905e-05
  4.18582145019291e-05  4.39915143975244e-05  4.62335029744127e-05
  4.85897150751302e-05  5.10659671884318e-05  5.36683717648411e-05
  5.64033522587281e-05  5.92776589334148e-05  6.22983854681045e-05
  6.54729864070773e-05  6.88092954938401e-05  7.23155449348586e-05
  7.60003856400541e-05  7.98729084891616e-05  8.39426666761171e-05
  8.82196991856025e-05  9.27145554592044e-05  9.74383213110488e-05
  1.02402646156181e-04  1.07619771617666e-04  1.13102561582409e-04
  1.18864533778142e-04  1.24919892949055e-04  1.31283565709873e-04
  1.37971237163639e-04  1.44999389371581e-04  1.52385341768650e-04
  1.60147293622458e-04  1.68304368638756e-04  1.76876661821029e-04
  1.85885288698227e-04  1.95352437038775e-04  2.05301421177020e-04
  2.15756739082103e-04  2.26744132308099e-04  2.38290648969287e-04
  2.50424709892851e-04  2.63176178108027e-04  2.76576431839494e-04
  2.90658441179849e-04  3.05456848626601e-04  3.21008053675829e-04
  3.37350301676920e-04  3.54523777160405e-04  3.72570701863403e-04
  3.91535437686649e-04  4.11464594830553e-04  4.32407145367029e-04
  4.54414542520944e-04  4.77540845942637e-04  5.01842853273403e-04
  5.27380238314580e-04  5.54215696130882e-04  5.82415095431715e-04
  6.12047638593173e-04  6.43186029699126e-04  6.75906651001304e-04
  7.10289748213259e-04  7.46419625080125e-04  7.84384847678583e-04
  8.24278458933986e-04  8.66198203855332e-04  9.10246766021068e-04
  9.56532015869171e-04  1.00516727137544e-03  1.05627157172857e-03
  1.10996996464531e-03  1.16639380799206e-03  1.22568108642201e-03
  1.28797674375919e-03  1.35343303190680e-03  1.42220987708598e-03
  1.49447526425681e-03  1.57040564060560e-03  1.65018633903778e-03
  1.73401202264071e-03  1.82208715115264e-03  1.91462647049406e-03
  2.01185552649487e-03  2.11401120398314e-03  2.22134229247034e-03
  2.33411007971653e-03  2.45258897452844e-03  2.57706716019349e-03
  2.70784728003871e-03  2.84524715664263e-03  2.98960054633969e-03
  3.14125793068619e-03  3.30058734667852e-03  3.46797525756113e-03
  3.64382746617042e-03  3.82857007283323e-03  4.02265047994759e-03
  4.22653844544513e-03  4.44072718747151e-03  4.66573454267795e-03
  4.90210418067856e-03  5.15040687729283e-03  5.41124184934926e-03
  5.68523815391635e-03  5.97305615499338e-03  6.27538906076619e-03
  6.59296453476175e-03  6.92654638425819e-03  7.27693632958959e-03
  7.64497585801507e-03  8.03154816607747e-03  8.43758019448008e-03
  8.86404475972366e-03  9.31196278688260e-03  9.78240564814543e-03
  1.02764976118393e-02  1.07954184070006e-02  1.13404059085631e-02
  1.19127589486702e-02  1.25138402596224e-02  1.31450795543655e-02
  1.38079767505423e-02  1.45041053444483e-02  1.52351159413973e-02
  1.60027399493767e-02  1.68087934429492e-02  1.76551812048681e-02
  1.85439009528764e-02  1.94770477596900e-02  2.04568186742539e-02
  2.14855175528227e-02  2.25655601085110e-02  2.36994791885822e-02
  2.48899302885768e-02  2.61396973133268e-02  2.74516985945250e-02
  2.88289931754851e-02  3.02747873735636e-02  3.17924416313658e-02
  3.33854776679758e-02  3.50575859420023e-02  3.68126334382347e-02
  3.86546717905518e-02  4.05879457532795e-02  4.26169020345596e-02
  4.47461985044111e-02  4.69807137916220e-02  4.93255572829979e-02
  5.17860795393980e-02  5.43678831428424e-02  5.70768339896708e-02
  5.99190730443077e-02  6.29010285694055e-02  6.60294288470085e-02
  6.93113154069999e-02  7.27540567778775e-02  7.63653627760620e-02
  8.01532993490813e-02  8.41263039890783e-02  8.82932017313056e-02
  9.26632217547879e-02  9.72460145986726e-02  1.02051670011414e-01
  1.07090735446019e-01  1.12374235216942e-01  1.17913690331858e-01
  1.23721139012192e-01  1.29809157914251e-01  1.36190884063871e-01
  1.42880037513521e-01  1.49890944734106e-01  1.57238562746461e-01
  1.64938504002892e-01  1.73007062020938e-01  1.81461237774879e-01
  1.90318766844897e-01  1.99598147323966e-01  2.09318668477414e-01
  2.19500440151119e-01  2.30164422915182e-01  2.41332458935479e-01
  2.53027303549657e-01  2.65272657533914e-01  2.78093200029167e-01
  2.91514622100868e-01  3.05563660894318e-01  3.20268134346437e-01
  3.35656976403680e-01  3.51760272696633e-01  3.68609296602588e-01
  3.86236545637525e-01  4.04675778086260e-01  4.23962049798316e-01
  4.44131751040738e-01  4.65222643309863e-01  4.87273895978566e-01
  5.10326122653569e-01  5.34421417094443e-01  5.59603388547880e-01
  5.85917196312401e-01  6.13409583369538e-01  6.42128908853017e-01
  6.72125179166098e-01  7.03450077486211e-01  7.36156991419416e-01
  7.70301038518749e-01  8.05939089379441e-01  8.43129787981755e-01
  8.81933568959911e-01  9.22412671404120e-01  9.64631148849145e-01
  1.00865487498170e+00  1.05455154468181e+00  1.10239066988151e+00
  1.15224356977895e+00  1.20418335486101e+00  1.25828490419633e+00
  1.31462483539112e+00  1.37328146662838e+00  1.43433477008838e+00
  1.49786631615442e+00  1.56395920759339e+00  1.63269800308029e+00
  1.70416862920542e+00  1.77845828023324e+00  1.85565530474569e+00
  1.93584907835042e+00  2.01912986153362e+00  2.10558864182663e+00
  2.19531695926222e+00  2.28840671433585e+00  2.38494995733322e+00
  2.48503865826553e+00  2.58876445628069e+00  2.69621838771376e+00
  2.80749059175036e+00  2.92266999282769e+00  3.04184395878391e+00
  3.16509793400116e+00  3.29251504651849e+00  3.42417568860222e+00
  3.56015706971888e+00  3.70053274162429e+00  3.84537209471982e+00
  3.99473982545469e+00  4.14869537431849e+00  4.30729233437047e+00
  4.47057783013398e+00  4.63859186726230e+00  4.81136665300824e+00
  4.98892588854785e+00  5.17128403345010e+00  5.35844554397292e+00
  5.55040408610323e+00  5.74714172547989e+00  5.94862809588165e+00
  6.15481954929784e+00  6.36565828962875e+00  6.58107149443331e+00
  6.80097042717040e+00  7.02524954548876e+00  7.25378560922191e+00
  7.48643679418453e+00  7.72304181708640e+00  7.96341907841393e+00
  8.20736582982255e+00  8.45465737433032e+00  8.70504630662509e+00
  8.95826180372875e+00  9.21400897353787e+00  9.47196827379035e+00
  9.73179500958636e+00  9.99311892291234e+00  1.02555438843913e+01
  1.05186477005047e+01  1.07819820482764e+01  1.10450725513831e+01
  1.13074190097352e+01  1.15684957979774e+01  1.18277524438665e+01
  1.20846144037549e+01  1.23384840442525e+01  1.25887418475338e+01
  1.28347478491606e+01  1.30758433229601e+01  1.33113527221989e+01
  1.35405858882840e+01  1.37628405338239e+01  1.39774050092448e+01
  1.41835613549117e+01  1.43805886456992e+01  1.45677666231563e+01
  1.47443796193048e+01  1.49097207604434e+01  1.50630964478585e+01
  1.52038310991369e+01  1.53312721379113e+01  1.54447952073283e+01
  1.55438095894590e+01  1.56277637933640e+01  1.56961512876737e+01
  1.57485163305962e+01  1.57844598609828e+01  1.58036453976150e+01
  1.58058048976809e+01  1.57907445121615e+01  1.57583501826138e+01
  1.57085930045269e+01  1.56415342966310e+01  1.55573302941144e+01
  1.54562363961069e+01  1.53386108851776e+01  1.52049180427589e+01
  1.50557305769661e+01  1.48917312900203e+01  1.47137139000101e+01
  1.45225829542062e+01  1.43193527520217e+01  1.41051452265529e+01
  1.38811867182968e+01  1.36488036010458e+01  1.34094167164094e+01
  1.31645345987539e+01  1.29157454674274e+01  1.26647080018730e+01
  1.24131409011186e+01  1.21628112766117e+01  1.19155219180085e+01
  1.16730975091650e+01  1.14373698781210e+01  1.12101623906332e+01
  1.09932736090510e+01  1.07884603643515e+01  1.05974203952021e+01
  1.04217747357242e+01  1.02630500372819e+01  1.01226610275829e+01
  1.00018933198171e+01  9.90188678751932e+00  9.82361973197800e+00
  9.76789406353021e+00  9.73532172061499e+00  9.72631254390442e+00
  9.74106381338138e+00  9.77955164494100e+00  9.84152442807097e+00
  9.92649846589204e+00  1.00337559574473e+01  1.01623454396309e+01
  1.03110847715824e+01  1.04785667239506e+01  1.06631671924967e+01
  1.08630560296175e+01  1.10762104474089e+01  1.13004309103187e+01
  1.15333594004130e+01  1.17724999008348e+01  1.20152409088932e+01
  1.22588797559600e+01  1.25006484834636e+01  1.27377409907046e+01
  1.29673411537605e+01  1.31866515848131e+01  1.33929226968129e+01
  1.35834817134355e+01  1.37557612740767e+01  1.39073272670754e+01
  1.40359055420661e+01  1.41394071530853e+01  1.42159518045970e+01
  1.42638891872268e+01  1.42818179219696e+01  1.42686018496742e+01
  1.42233834464147e+01  1.41455941720388e+01  1.40349616021066e+01
  1.38915132331332e+01  1.37155768946487e+01  1.35077777385625e+01
  1.32690318332818e+01  1.30005364156268e+01  1.27037569147055e+01
  1.23804108898389e+01  1.20324490723038e+01  1.16620337355653e+01
  1.12715146564377e+01  1.08634029567260e+01  1.04403431520417e+01
  1.00050837509248e+01  9.56044677577145e+00  9.10929658953950e+00
  8.65450842860561e+00  8.19893704317788e+00  7.74538586041506e+00
  7.29657706832358e+00  6.85512302491249e+00  6.42349937120829e+00
  6.00402021465586e+00  5.59881571936262e+00  5.20981240922113e+00
  4.83871645111936e+00  4.48700014076775e+00  4.15589176473101e+00
  3.84636895442408e+00  3.55915559210973e+00  3.29472225960869e+00
  3.05329016083792e+00  2.83483837861966e+00  2.63911426369490e+00
  2.46564669224410e+00  2.31376187378296e+00  2.18260134562147e+00
  2.07114175589957e+00  1.97821601638325e+00  1.90253539973322e+00
  1.84271216409222e+00  1.79728230866579e+00  1.76472809549817e+00
  1.74350001073311e+00  1.73203788019332e+00  1.72879089513502e+00
  1.73223634270693e+00  1.74089687019621e+00  1.75335614277393e+00
  1.76827278156954e+00  1.78439249382319e+00  1.80055833071817e+00
  1.81571903201654e+00  1.82893544093847e+00  1.83938499742168e+00
  1.84636434345052e+00  1.84929009957713e+00  1.84769789699657e+00
  1.84123977326566e+00  1.82968006187680e+00  1.81288992520778e+00
  1.79084069657127e+00  1.76359620968417e+00  1.73130430243721e+00
  1.69418768637498e+00  1.65253437367580e+00  1.60668784982770e+00
  1.55703717291215e+00  1.50400716973926e+00  1.44804888556615e+00
  1.38963042817267e+00  1.32922832923829e+00  1.26731952706967e+00
  1.20437405459367e+00  1.14084849683039e+00  1.07718026197889e+00
  1.01378269137501e+00  9.51041015433086e-01  8.89309146158580e-01
  8.28907281814869e-01  7.70120286218918e-01  7.13196794033911e-01
  6.58348984247508e-01  6.05752957134150e-01  5.55549644823725e-01
  5.07846182702813e-01  4.62717667595039e-01  4.20209229196060e-01
  3.80338343242606e-01  3.43097318260006e-01  3.08455892194722e-01
  2.76363880620420e-01  2.46753824214264e-01  2.19543589797663e-01
  1.94638885848919e-01  1.71935660276756e-01  1.51322354834952e-01
  1.32681996893221e-01  1.15894115172261e-01  1.00836471384734e-01
  8.73866044352224e-02  7.54231879010606e-02  6.48272048485198e-02
  5.54829467678284e-02  4.72788454560412e-02  4.01081481692935e-02
  3.38694473495823e-02  2.84670767895530e-02  2.38113863110819e-02
  1.98189069887893e-02  1.64124187096008e-02  1.35209315007678e-02
  1.10795916201599e-02  9.02952293012616e-03  7.31761358764102e-03
  5.89625759304057e-03  4.72306024627675e-03  3.76051605890078e-03
  2.97566714852500e-03  2.33974959174940e-03  1.82783461812069e-03
  1.41847088685626e-03  1.09333339879855e-03  8.36883860821648e-04
  6.36046551924576e-04  4.79902952229571e-04  3.59407608084572e-04
  2.67126938741959e-04  1.97001963121447e-04  1.44135258162427e-04
  1.04601869030460e-04  7.52833878311497e-05  5.37240086240151e-05
  3.80070546044321e-05  2.66502561474392e-05  1.85179295072890e-05
  1.27481561826294e-05  8.69308035761294e-06  5.87051407161512e-06
  3.92515321287959e-06  2.59785024708936e-06  1.70154935828265e-06
  1.10265766342725e-06  7.06792708864145e-07  4.48007006815165e-07
  2.80738280650783e-07  1.73868853114401e-07  1.06394894162597e-07
  6.43088402916865e-08  3.83830403872857e-08  2.26147408584543e-08
  1.31488298868913e-08  7.54194736587000e-09  4.26609892263363e-09
  2.37893067426987e-09  1.30729055557282e-09  7.07709258293539e-10
  3.77263943808480e-10  1.97967905196569e-10  1.02213733886573e-10
  5.19056898985445e-11  2.59143631649804e-11  1.27145232158659e-11
  6.12774174212102e-12  2.89963730341579e-12  1.34656342141884e-12
  6.13397075431120e-13  2.73952381613830e-13  1.19897040486801e-13
  5.13944944561866e-14  2.15660214008247e-14  8.85392819887659e-15
  3.55431867474592e-15  1.39446137681638e-15  5.34493278899390e-16
  1.99954582779440e-16  7.29422492052374e-17  2.59079745926435e-17
  8.93034314778494e-18  2.96087836215392e-18  9.18536806148058e-19
  2.93856232945175e-19  9.13362625581280e-20  2.75615954130696e-20
  8.06850418298483e-21  2.28968532266515e-21  6.29376850645682e-22
  1.67435430701090e-22  4.30750869758672e-23  1.07072669545687e-23
  2.56937151273935e-24  5.94680307786915e-25  1.32632927007328e-25
  2.84788863585660e-26  5.88140249573180e-27  1.16706992360025e-27
  2.22296137339777e-28
 (i6, f12.0, f18.0, f8.3, i6)
   566  60.0000000  0.02500000000000   5.000     1
 (3e22.14)
  1.74743509601117e-06  1.83694637498219e-06  1.93104226888410e-06
  2.02995755145711e-06  2.13393901567846e-06  2.24324608883002e-06
  2.35815147902114e-06  2.47894185477374e-06  2.60591855935892e-06
  2.73939836165999e-06  2.87971424542832e-06  3.02721623889203e-06
  3.18227228677961e-06  3.34526916692307e-06  3.51661345371903e-06
  3.69673253083741e-06  3.88607565569575e-06  4.08511507833789e-06
  4.29434721749747e-06  4.51429389676270e-06  4.74550364391108e-06
  4.98855305663670e-06  5.24404823805913e-06  5.51262630557199e-06
  5.79495697677593e-06  6.09174423642384e-06  6.40372808851440e-06
  6.73168639787280e-06  7.07643682578441e-06  7.43883886447405e-06
  7.81979597547356e-06  8.22025783716772e-06  8.64122270708950e-06
  9.08373990480534e-06  9.54891242154028e-06  1.00378996629955e-05
  1.05519203321465e-05  1.10922554591455e-05  1.16602515858269e-05
  1.22573241126777e-05  1.28849608165517e-05  1.35447255478114e-05
  1.42382621160332e-05  1.49672983738646e-05  1.57336505091215e-05
  1.65392275557040e-05  1.73860361344747e-05  1.82761854357738e-05
  1.92118924558679e-05  2.01954875002275e-05  2.12294199671997e-05
  2.23162644263077e-05  2.34587270061597e-05  2.46596521076639e-05
  2.59220294590883e-05  2.72490015302955e-05  2.86438713243910e-05
  3.01101105659181e-05  3.16513683057277e-05  3.32714799636240e-05
  3.49744768310071e-05  3.67645960567910e-05  3.86462911411064e-05
  4.06242429624843e-05  4.27033713655506e-05  4.48888473375733e-05
  4.71861058036991e-05  4.96008590721219e-05  5.21391109621000e-05
  5.48071716492953e-05  5.76116732647134e-05  6.05595862852799e-05
  6.36582367560699e-05  6.69153243861035e-05  7.03389415618625e-05
  7.39375933247345e-05  7.77202183610456e-05  8.16962110556614e-05
  8.58754446627751e-05  9.02682956500680e-05  9.48856692753910e-05
  9.97390264578466e-05  1.04840412008474e-04  1.10202484288762e-04
  1.15838546368789e-04  1.21762578760195e-04  1.27989273803117e-04
  1.34534071789876e-04  1.41413198912651e-04  1.48643707126326e-04
  1.56243516022534e-04  1.64231456815410e-04  1.72627318544762e-04
  1.81451896607285e-04  1.90727043732324e-04  2.00475723523873e-04
  2.10722066697081e-04  2.21491430143293e-04  2.32810458964665e-04
  2.44707151625921e-04  2.57210928378517e-04  2.70352703119374e-04
  2.84164958855179e-04  2.98681826950574e-04  3.13939170348164e-04
  3.29974670956685e-04  3.46827921413803e-04  3.64540521439323e-04
  3.83156179006078e-04  4.02720816565326e-04  4.23282682576506e-04
  4.44892468601802e-04  4.67603432239571e-04  4.91471526183012e-04
  5.16555533705157e-04  5.42917210884148e-04  5.70621435899883e-04
  5.99736365746448e-04  6.30333600723387e-04  6.62488357084310e-04
  6.96279648240716e-04  7.31790474935955e-04  7.69108024826410e-04
  8.08323881923986e-04  8.49534246379238e-04  8.92840165103275e-04
  9.38347773752637e-04  9.86168550623393e-04  1.03641958302883e-03
  1.08922384675752e-03  1.14471049924169e-03  1.20301518708844e-03
  1.26428036866219e-03  1.32865565243329e-03  1.39629815184443e-03
  1.46737285747565e-03  1.54205302733119e-03  1.62052059609877e-03
  1.70296660428076e-03  1.78959164812714e-03  1.88060635134891e-03
  1.97623185962781e-03  2.07670035899028e-03  2.18225561914935e-03
  2.29315356298118e-03  2.40966286333699e-03  2.53206556845802e-03
  2.66065775730358e-03  2.79575022616817e-03  2.93766920800977e-03
  3.08675712598937e-03  3.24337338276000e-03  3.40789518713483e-03
  3.58071841980606e-03  3.76225853987409e-03  3.95295153400205e-03
  4.15325491010295e-03  4.36364873751368e-03  4.58463673572733e-03
  4.81674741379140e-03  5.06053526260237e-03  5.31658200238044e-03
  5.58549788772122e-03  5.86792307267916e-03  6.16452903847646e-03
  6.47602008645967e-03  6.80313489909524e-03  7.14664817182581e-03
  7.50737231876084e-03  7.88615925523371e-03  8.28390226041173e-03
  8.70153792317237e-03  9.14004817467073e-03  9.60046241101068e-03
  1.00838597096488e-02  1.05913711431832e-02  1.11241821943566e-02
  1.16835352761286e-02  1.22707323609048e-02  1.28871377229434e-02
  1.35341807982619e-02  1.42133591662885e-02  1.49262416577447e-02
  1.56744715932266e-02  1.64597701571856e-02  1.72839399118802e-02
  1.81488684562837e-02  1.90565322345716e-02  2.00090004993706e-02
  2.10084394345586e-02  2.20571164428035e-02  2.31574046028405e-02
  2.43117873016695e-02  2.55228630467020e-02  2.67933504631360e-02
  2.81260934814375e-02  2.95240667202691e-02  3.09903810695863e-02
  3.25282894790546e-02  3.41411929564161e-02  3.58326467806469e-02
  3.76063669341415e-02  3.94662367586405e-02  4.14163138383257e-02
  4.34608371146198e-02  4.56042342353382e-02  4.78511291419142e-02
  5.02063498968678e-02  5.26749367539464e-02  5.52621504723137e-02
  5.79734808760745e-02  6.08146556589540e-02  6.37916494344267e-02
  6.69106930288854e-02  7.01782830170326e-02  7.36011914947415e-02
  7.71864760862977e-02  8.09414901794712e-02  8.48738933820332e-02
  8.89916621908056e-02  9.33031008638361e-02  9.78168524828785e-02
  1.02541910194100e-01  1.07487628608937e-01  1.12663735350152e-01
  1.18080342719614e-01  1.23747959467631e-01  1.29677502636226e-01
  1.35880309448965e-01  1.42368149214536e-01  1.49153235210234e-01
  1.56248236504347e-01  1.63666289678078e-01  1.71421010395266e-01
  1.79526504774884e-01  1.87997380503870e-01  1.96848757635132e-01
  2.06096279000592e-01  2.15756120170247e-01  2.25844998877825e-01
  2.36380183832245e-01  2.47379502820564e-01  2.58861350012488e-01
  2.70844692352783e-01  2.83349074943062e-01  2.96394625280914e-01
  3.10002056241061e-01  3.24192667655349e-01  3.38988346353129e-01
  3.54411564505650e-01  3.70485376118518e-01  3.87233411492893e-01
  4.04679869488762e-01  4.22849507381091e-01  4.41767628134193e-01
  4.61460064859229e-01  4.81953162258335e-01  5.03273754810755e-01
  5.25449141472778e-01  5.48507056636053e-01  5.72475637098161e-01
  5.97383384763389e-01  6.23259124825833e-01  6.50131959116661e-01
  6.78031214374410e-01  7.06986385095590e-01  7.37027070709207e-01
  7.68182906742873e-01  8.00483489694981e-01  8.33958295293439e-01
  8.68636589856728e-01  9.04547334426664e-01  9.41719081424671e-01
  9.80179863478730e-01  1.01995707422933e+00  1.06107734076664e+00
  1.10356638752981e+00  1.14744889138907e+00  1.19274832777004e+00
  1.23948680757295e+00  1.28768490487505e+00  1.33736147517389e+00
  1.38853346427407e+00  1.44121570769853e+00  1.49542072077226e+00
  1.55115847942294e+00  1.60843619200039e+00  1.66725806221356e+00
  1.72762504378030e+00  1.78953458694269e+00  1.85298037768277e+00
  1.91795207004742e+00  1.98443501251187e+00  2.05240996916473e+00
  2.12185283680853e+00  2.19273435902413e+00  2.26501983864391e+00
  2.33866884986426e+00  2.41363495190323e+00  2.48986540553803e+00
  2.56730089497883e+00  2.64587525662453e+00  2.72551521744571e+00
  2.80614014508640e+00  2.88766181252282e+00  2.96998417988759e+00
  3.05300319660304e+00  3.13660662664951e+00  3.22067390061071e+00
  3.30507599731778e+00  3.38967535939968e+00  3.47432584536774e+00
  3.55887272295299e+00  3.64315270658431e+00  3.72699404341310e+00
  3.81021665129806e+00  3.89263231277552e+00  3.97404492837950e+00
  4.05425083333576e+00  4.13303918039507e+00  4.21019239287892e+00
  4.28548668962184e+00  4.35869268608483e+00  4.42957607186175e+00
  4.49789836836757e+00  4.56341776627233e+00  4.62589004459646e+00
  4.68506957074159e+00  4.74071038136300e+00  4.79256734209084e+00
  4.84039738458171e+00  4.88396081680982e+00  4.92302270377747e+00
  4.95735431181660e+00  4.98673461266794e+00  5.01095183742595e+00
  5.02980507473858e+00  5.04310590161121e+00  5.05068003792837e+00
  5.05236901170773e+00  5.04803182386550e+00  5.03754659672607e+00
  5.02081219418696e+00  4.99774979452004e+00  4.96830440318017e+00
  4.93244628476598e+00  4.89017229941248e+00  4.84150712341273e+00
  4.78650433739256e+00  4.72524736179487e+00  4.65785022420288e+00
  4.58445813728485e+00  4.50524787427671e+00  4.42042792222412e+00
  4.33023840099000e+00  4.23495073275913e+00  4.13486705194956e+00
  4.03031934444609e+00  3.92166831139460e+00  3.80930195014898e+00
  3.69363385432326e+00  3.57510123144633e+00  3.45416264584435e+00
  3.33129549372909e+00  3.20699322426077e+00  3.08176232126194e+00
  2.95611906796232e+00  2.83058611575304e+00  2.70568888818164e+00
  2.58195184823231e+00  2.45989466626474e+00  2.34002832487212e+00
  2.22285120158956e+00  2.10884517258681e+00  1.99847178069161e+00
  1.89216851371593e+00  1.79034523820060e+00  1.69338083328473e+00
  1.60162006832818e+00  1.51537076529471e+00  1.43490128357926e+00
  1.36043836135626e+00  1.29216534200466e+00  1.23022080890646e+00
  1.17469764542825e+00  1.12564253027827e+00  1.08305587128959e+00
  1.04689217404540e+00  1.01706083479454e+00  9.93427341319329e-01
  9.75814860040826e-01  9.64006183337733e-01  9.57746007976443e-01
  9.56743513200105e-01  9.60675206085829e-01  9.69188001023226e-01
  9.81902500647556e-01  9.98416445708166e-01  1.01830830212884e+00
  1.04114095402992e+00  1.06646547196787e+00  1.09382492611469e+00
  1.12275821414285e+00  1.15280387418055e+00  1.18350385293489e+00
  1.21440719979149e+00  1.24507365768546e+00  1.27507712226517e+00
  1.30400894139015e+00  1.33148102797755e+00  1.35712876006354e+00
  1.38061364361217e+00  1.40162571456049e+00  1.41988565917206e+00
  1.43514663288329e+00  1.44719576110306e+00  1.45585530726907e+00
  1.46098349694745e+00  1.46247498954614e+00  1.46026099308238e+00
  1.45430902072775e+00  1.44462229230512e+00  1.43123878752328e+00
  1.41422996239866e+00  1.39369914427162e+00  1.36977962513028e+00
  1.34263247723040e+00  1.31244411843313e+00  1.27942365867515e+00
  1.24380006186197e+00  1.20581915999240e+00  1.16574055889382e+00
  1.12383447561577e+00  1.08037854912697e+00  1.03565466539385e+00
  9.89945837656694e-01  9.43533181287895e-01  8.96693020706766e-01
  8.49694163021239e-01  8.02795370284395e-01  7.56243058142835e-01
  7.10269244901834e-01  6.65089770492661e-01  6.20902800022533e-01
  5.77887622031583e-01  5.36203746315952e-01  4.95990301600777e-01
  4.57365728293583e-01  4.20427757150188e-01  3.85253660167213e-01
  3.51900756215886e-01  3.20407150181813e-01  2.90792681474363e-01
  2.63060055056573e-01  2.37196126334483e-01  2.13173309807604e-01
  1.90951080727502e-01  1.70477538994370e-01  1.51691005030175e-01
  1.34521618703447e-01  1.18892914032122e-01  1.04723344811905e-01
  9.19277389719453e-02  8.04186626240759e-02  7.01076780862146e-02
  6.09064837028908e-02  5.27279268577548e-02  4.54868850522990e-02
  3.91010133236314e-02  3.34913593577811e-02  2.85828504611808e-02
  2.43046589602422e-02  2.05904545839149e-02  1.73785539216735e-02
  1.46119781299011e-02  1.22384307008176e-02  1.02102073336774e-02
  8.48404980398664e-03  7.02095526243969e-03  5.78595167080946e-03
  4.74784916028157e-03  3.87897603923625e-03  3.15490704146376e-03
  2.55419024758684e-03  2.05807797369200e-03  1.65026584364594e-03
  1.31664326981332e-03  1.04505768132657e-03  8.25094069767016e-04
  6.47870771991690e-04  5.05851875715141e-04  3.92676207806368e-04
  3.03002536779223e-04  2.32370377078825e-04  1.77075610168327e-04
  1.34060022721755e-04  1.00813793867521e-04  7.52899305258821e-05
  5.58296438398935e-05  4.10976734013513e-05  3.00265939728901e-05
  2.17691776131714e-05  1.56579296456132e-05  1.11709676000131e-05
  7.90346662229098e-06  5.54395175697641e-06  3.85477592880527e-06
  2.65618166386938e-06  1.81340359731223e-06  1.22632702628595e-06
  8.21274118298129e-07  5.44543483812554e-07  3.57379575259166e-07
  2.32095770101825e-07  1.49117957808125e-07  9.47545418281074e-08
  5.95328401655358e-08  3.69722529920518e-08  2.26898029870202e-08
  1.37559676354477e-08  8.23612287938977e-09  4.86843940256049e-09
  2.84020059341509e-09  1.63478365793630e-09  9.28041080889763e-10
  5.19434676502244e-10  2.86533296817156e-10  1.55725509065609e-10
  8.33490034479594e-11  4.39170380210160e-11  2.27717076008825e-11
  1.16148135363578e-11  5.82505818959774e-12  2.87126030755431e-12
  1.39039161700552e-12  6.61146002357749e-13  3.08568506406175e-13
  1.41284020284547e-13  6.34321879205123e-14  2.79115748961636e-14
  1.20307991757970e-14  5.07704094332969e-15  2.09652155671067e-15
  8.46688481445940e-16  3.34210633977290e-16  1.28873351369243e-16
  4.85305776659877e-17  1.78292543015336e-17  6.38447350121701e-18
  2.22511123732894e-18  7.52339833261629e-19  2.44611673364532e-19
  7.43742144865758e-20  2.32950790311520e-20  7.08505390416103e-21
  2.09091419597696e-21  5.98290454504094e-22  1.65855962530894e-22
  4.45087092974728e-23  1.15530521994483e-23  2.89814548414314e-24
  7.02004607062142e-25  1.64048094889188e-25  3.69504084663742e-26
  8.01455665856293e-27  1.67238826617637e-27
