                        MPI RSPT
 RSPt version number:         rspt.6.0102221136
 Git hash of master, current:                  
 compiler flags             : -O2 -xHost -qmkl=sequential -DMKLFFT                    

                   MPI Task Configuration
 Tasks in k-point parallelization:                  64
 Tasks in intra-k-point parallelization:             1
 Total MPI tasks:                                   64
                   FFT Configuration
                                MKL FFT
 
 Readin: Please, set the env variable
  RSPT_SCRATCH to point to your scratch directory.



                           RSPT
                        OUTPUT for :
 LABEL                                                          
      time             date             host
     18.19         01 Apr 2025          n355

c Parameters (para.glo):
      integer     ncqpar, ntppar, nclpar, nlmpar, nsdpar, nthpar
     >          , nchpar, norpar, nrppar, nktpar, nttpar, nespar
     >          , ntlpar, nylpar, optpar, nptpar, ntepar
      parameter (
     >     ncqpar=         N/A
     >   , ntppar=     9, nclpar=     9
     >   , nlmpar=     8, nsdpar=     2
     >   , nthpar=   729, nchpar=   153
     >   , norpar=    96, nrppar=   539
     >   , nktpar= 10368, nttpar=     0
     >   , nespar=     2, ntlpar=     3
     >   , nylpar=    48, optpar=  5000
     >          )
      parameter (nptpar = nrppar + 100, ntepar = ntlpar * nespar)
c fix these
      integer     nftpar, nprpar, nkwpar, newpar, nutpar
      parameter (nftpar=512, nprpar=9, nkwpar=1, newpar=1, nutpar=1)

  ntype    lm  lmwp     valence
      9     8     8       106.0
       warpin      warpmt        pmix
            T           T       0.020
       fulrel      spipol  iterations
            T           T           1
 control variables :
     +    1    +    2    +    3    +    4    +    5    +    6    +    7
 FFTFFFFFTFFFFFFFFFFFTFTFFFFFFFFTFFFFTFFFFFFFTFFFFFFFFFFFFFFFTFFFFFTTFFFF

      Exchange-Correlation function ...
         Perdew and Wang 1992                                           

    ntl     .   nes     .     .           .           .   log(epst)
      3     1     2     1     1         0.0         0.0     -38.000
   tail      ( t )**2     ( tR )**2         .     ?  .  .  .
      1    -0.1000000    -5.1025665     0.000     0  1  0  1
      2    -2.3000000  -117.3590298     0.000     0  1  0  1
      3    -1.5000000   -76.5384977     0.000     0  1  0  1

 Bravais lattice basis / 7.14322512 ... R(i,j) = R_i(j)
  1.00000000000000  .000000000000000  .000000000000000
  .000000000000000  1.00000000000000  .000000000000000
  .000000000000000  .000000000000000  1.86203741132350

 Reciprocal lattice basis * 7.14322512 / twopi ... G(i,j) = G_i(j)
  1.00000000000000  .000000000000000  .000000000000000
  .000000000000000  1.00000000000000  .000000000000000
  .000000000000000  .000000000000000  .537046137697748

 unit cell volume: 
       1.86203741132350 * 7.14322512**3
       .444528687351257 * 7.14322512**3 * 4pi/3

 Procedures:
 Diagonalization    ... 2

 Brillouin zone integration ...

 Brillouin zone vectors :  1 point sets
          set        nkbz       iwsum
            1       10368       10368

     Integration method:
     Special points with Fermi smearing ...
          kT(mRy)     Ecut/kT
            3.000      24.000
      Spin axis ...
                 x                 y                 z
  0.00000000000000  0.00000000000000  1.00000000000000
             alpha              beta             gamma
  0.00000000000000  0.00000000000000  0.00000000000000
          Field strength        Field star   Mix Ratio
                  0.0000                 1    0.100000
 Type     Z     e   Sites   Harmonics
    1  26.0 10.00       1          81
            S       Sco/S       Sex/S       Sws/S     ScoFlag
    1.8491383   1.4679271   1.0000000   1.0000000           p
                       dx                r1   Nmt
      2.5000000000000E-02   2.665069952E-06   539
 G*t/2pi:                 1                   2                   3
       -4.9999999999187E-01 5.0000000000000E-01-2.7349100820493E-01
       Core    Levels :   n           k         occ        flag
                          1          -1       2.000           0
                          2          -1       2.000           0
                          2           1       2.000           0
                          2          -2       4.000           0
                          3          -1       0.000           0
                          3           1       0.000           0
                          3          -2       0.000           0
      Valence levels:
           e  l  spin  n  i
           1  0  down  4  0
                   up  4  0
              1  down  4  0
                   up  4  0
              2  down  3 -1
                   up  3 -1
              3  down  4  0
                   up  4  0
              4  down  5  0
                   up  5  0
              5  down  6  0
                   up  6  0
              6  down  7  0
                   up  7  0
              7  down  8  0
                   up  8  0
              8  down  9  0
                   up  9  0
           2  0  down  3 -1
                   up  3 -1
              1  down  3 -1
                   up  3 -1
              2  down  3  0
                   up  3  0
              3  down  4  0
                   up  4  0
              4  down  5  0
                   up  5  0
              5  down  6  0
                   up  6  0
              6  down  7  0
                   up  7  0
              7  down  8  0
                   up  8  0
              8  down  9  0
                   up  9  0
 Type     Z     e   Sites   Harmonics
    2  26.0 10.00       1          81
            S       Sco/S       Sex/S       Sws/S     ScoFlag
    1.8491383   1.4679271   1.0000000   1.0000000           p
                       dx                r1   Nmt
      2.5000000000000E-02   2.665069952E-06   539
 G*t/2pi:                 1                   2                   3
       -4.9999999999842E-01 5.0000000000000E-01 2.7349100342166E-01
       Core    Levels :   n           k         occ        flag
                          1          -1       2.000           0
                          2          -1       2.000           0
                          2           1       2.000           0
                          2          -2       4.000           0
                          3          -1       0.000           0
                          3           1       0.000           0
                          3          -2       0.000           0
      Valence levels:
           e  l  spin  n  i
           1  0  down  4  0
                   up  4  0
              1  down  4  0
                   up  4  0
              2  down  3 -1
                   up  3 -1
              3  down  4  0
                   up  4  0
              4  down  5  0
                   up  5  0
              5  down  6  0
                   up  6  0
              6  down  7  0
                   up  7  0
              7  down  8  0
                   up  8  0
              8  down  9  0
                   up  9  0
           2  0  down  3 -1
                   up  3 -1
              1  down  3 -1
                   up  3 -1
              2  down  3  0
                   up  3  0
              3  down  4  0
                   up  4  0
              4  down  5  0
                   up  5  0
              5  down  6  0
                   up  6  0
              6  down  7  0
                   up  7  0
              7  down  8  0
                   up  8  0
              8  down  9  0
                   up  9  0
 Type     Z     e   Sites   Harmonics
    3  26.0 10.00       1          81
            S       Sco/S       Sex/S       Sws/S     ScoFlag
    1.8491383   1.4679271   1.0000000   1.0000000           p
                       dx                r1   Nmt
      2.5000000000000E-02   2.665069952E-06   539
 G*t/2pi:                 1                   2                   3
        4.9999999999998E-01 0.0000000000000E+00-4.4794130000000E-09
       Core    Levels :   n           k         occ        flag
                          1          -1       2.000           0
                          2          -1       2.000           0
                          2           1       2.000           0
                          2          -2       4.000           0
                          3          -1       0.000           0
                          3           1       0.000           0
                          3          -2       0.000           0
      Valence levels:
           e  l  spin  n  i
           1  0  down  4  0
                   up  4  0
              1  down  4  0
                   up  4  0
              2  down  3 -1
                   up  3 -1
              3  down  4  0
                   up  4  0
              4  down  5  0
                   up  5  0
              5  down  6  0
                   up  6  0
              6  down  7  0
                   up  7  0
              7  down  8  0
                   up  8  0
              8  down  9  0
                   up  9  0
           2  0  down  3 -1
                   up  3 -1
              1  down  3 -1
                   up  3 -1
              2  down  3  0
                   up  3  0
              3  down  4  0
                   up  4  0
              4  down  5  0
                   up  5  0
              5  down  6  0
                   up  6  0
              6  down  7  0
                   up  7  0
              7  down  8  0
                   up  8  0
              8  down  9  0
                   up  9  0
 Type     Z     e   Sites   Harmonics
    4  26.0 10.00       1          81
            S       Sco/S       Sex/S       Sws/S     ScoFlag
    1.8491383   1.4679271   1.0000000   1.0000000           p
                       dx                r1   Nmt
      2.5000000000000E-02   2.665069952E-06   539
 G*t/2pi:                 1                   2                   3
       -4.9999999999951E-01 0.0000000000000E+00-4.9999999720991E-01
       Core    Levels :   n           k         occ        flag
                          1          -1       2.000           0
                          2          -1       2.000           0
                          2           1       2.000           0
                          2          -2       4.000           0
                          3          -1       0.000           0
                          3           1       0.000           0
                          3          -2       0.000           0
      Valence levels:
           e  l  spin  n  i
           1  0  down  4  0
                   up  4  0
              1  down  4  0
                   up  4  0
              2  down  3 -1
                   up  3 -1
              3  down  4  0
                   up  4  0
              4  down  5  0
                   up  5  0
              5  down  6  0
                   up  6  0
              6  down  7  0
                   up  7  0
              7  down  8  0
                   up  8  0
              8  down  9  0
                   up  9  0
           2  0  down  3 -1
                   up  3 -1
              1  down  3 -1
                   up  3 -1
              2  down  3  0
                   up  3  0
              3  down  4  0
                   up  4  0
              4  down  5  0
                   up  5  0
              5  down  6  0
                   up  6  0
              6  down  7  0
                   up  7  0
              7  down  8  0
                   up  8  0
              8  down  9  0
                   up  9  0
 Type     Z     e   Sites   Harmonics
    5  26.0 10.00       1          81
            S       Sco/S       Sex/S       Sws/S     ScoFlag
    1.8491383   1.4679271   1.0000000   1.0000000           p
                       dx                r1   Nmt
      2.5000000000000E-02   2.665069952E-06   539
 G*t/2pi:                 1                   2                   3
        6.9500000000000E-13 5.0000000000000E-01-1.9505570000000E-09
       Core    Levels :   n           k         occ        flag
                          1          -1       2.000           0
                          2          -1       2.000           0
                          2           1       2.000           0
                          2          -2       4.000           0
                          3          -1       0.000           0
                          3           1       0.000           0
                          3          -2       0.000           0
      Valence levels:
           e  l  spin  n  i
           1  0  down  4  0
                   up  4  0
              1  down  4  0
                   up  4  0
              2  down  3 -1
                   up  3 -1
              3  down  4  0
                   up  4  0
              4  down  5  0
                   up  5  0
              5  down  6  0
                   up  6  0
              6  down  7  0
                   up  7  0
              7  down  8  0
                   up  8  0
              8  down  9  0
                   up  9  0
           2  0  down  3 -1
                   up  3 -1
              1  down  3 -1
                   up  3 -1
              2  down  3  0
                   up  3  0
              3  down  4  0
                   up  4  0
              4  down  5  0
                   up  5  0
              5  down  6  0
                   up  6  0
              6  down  7  0
                   up  7  0
              7  down  8  0
                   up  8  0
              8  down  9  0
                   up  9  0
 Type     Z     e   Sites   Harmonics
    6  26.0 10.00       1          81
            S       Sco/S       Sex/S       Sws/S     ScoFlag
    1.8491383   1.4679271   1.0000000   1.0000000           p
                       dx                r1   Nmt
      2.5000000000000E-02   2.665069952E-06   539
 G*t/2pi:                 1                   2                   3
        7.1600000000000E-13-5.0000000000000E-01 4.9999999902043E-01
       Core    Levels :   n           k         occ        flag
                          1          -1       2.000           0
                          2          -1       2.000           0
                          2           1       2.000           0
                          2          -2       4.000           0
                          3          -1       0.000           0
                          3           1       0.000           0
                          3          -2       0.000           0
      Valence levels:
           e  l  spin  n  i
           1  0  down  4  0
                   up  4  0
              1  down  4  0
                   up  4  0
              2  down  3 -1
                   up  3 -1
              3  down  4  0
                   up  4  0
              4  down  5  0
                   up  5  0
              5  down  6  0
                   up  6  0
              6  down  7  0
                   up  7  0
              7  down  8  0
                   up  8  0
              8  down  9  0
                   up  9  0
           2  0  down  3 -1
                   up  3 -1
              1  down  3 -1
                   up  3 -1
              2  down  3  0
                   up  3  0
              3  down  4  0
                   up  4  0
              4  down  5  0
                   up  5  0
              5  down  6  0
                   up  6  0
              6  down  7  0
                   up  7  0
              7  down  8  0
                   up  8  0
              8  down  9  0
                   up  9  0
 Type     Z     e   Sites   Harmonics
    7  13.0 10.00       1          81
            S       Sco/S       Sex/S       Sws/S     ScoFlag
    1.6868227   1.4679271   1.0000000   1.0000000           p
                       dx                r1   Nmt
      2.5000000000000E-02   6.130996165E-06   502
 G*t/2pi:                 1                   2                   3
        1.5000000000000E-14 0.0000000000000E+00-2.4996800298411E-01
       Core    Levels :   n           k         occ        flag
                          1          -1       2.000           0
                          2          -1       2.000           0
                          2           1       2.000           0
                          2          -2       4.000           0
      Valence levels:
           e  l  spin  n  i
           1  0  down  3  0
                   up  3  0
              1  down  3  0
                   up  3  0
              2  down  3  0
                   up  3  0
              3  down  4  0
                   up  4  0
              4  down  5  0
                   up  5  0
              5  down  6  0
                   up  6  0
              6  down  7  0
                   up  7  0
              7  down  8  0
                   up  8  0
              8  down  9  0
                   up  9  0
           2  0  down  3  0
                   up  3  0
              1  down  3  0
                   up  3  0
              2  down  3  0
                   up  3  0
              3  down  4  0
                   up  4  0
              4  down  5  0
                   up  5  0
              5  down  6  0
                   up  6  0
              6  down  7  0
                   up  7  0
              7  down  8  0
                   up  8  0
              8  down  9  0
                   up  9  0
 Type     Z     e   Sites   Harmonics
    8  13.0 10.00       1          81
            S       Sco/S       Sex/S       Sws/S     ScoFlag
    1.6868227   1.4679271   1.0000000   1.0000000           p
                       dx                r1   Nmt
      2.5000000000000E-02   6.130996165E-06   502
 G*t/2pi:                 1                   2                   3
        1.1193000000000E-11-8.0000000000000E-15 2.4996798952767E-01
       Core    Levels :   n           k         occ        flag
                          1          -1       2.000           0
                          2          -1       2.000           0
                          2           1       2.000           0
                          2          -2       4.000           0
      Valence levels:
           e  l  spin  n  i
           1  0  down  3  0
                   up  3  0
              1  down  3  0
                   up  3  0
              2  down  3  0
                   up  3  0
              3  down  4  0
                   up  4  0
              4  down  5  0
                   up  5  0
              5  down  6  0
                   up  6  0
              6  down  7  0
                   up  7  0
              7  down  8  0
                   up  8  0
              8  down  9  0
                   up  9  0
           2  0  down  3  0
                   up  3  0
              1  down  3  0
                   up  3  0
              2  down  3  0
                   up  3  0
              3  down  4  0
                   up  4  0
              4  down  5  0
                   up  5  0
              5  down  6  0
                   up  6  0
              6  down  7  0
                   up  7  0
              7  down  8  0
                   up  8  0
              8  down  9  0
                   up  9  0
 Type     Z     e   Sites   Harmonics
    9   6.0  2.00       1          81
            S       Sco/S       Sex/S       Sws/S     ScoFlag
    1.5449431   1.4679271   1.0000000   1.0000000           p
                       dx                r1   Nmt
      2.5000000000000E-02   2.516609524E-05   442
 G*t/2pi:                 1                   2                   3
       -4.9999999999973E-01 5.0000000000000E-01 4.7427660000000E-09
       Core    Levels :   n           k         occ        flag
                          1          -1       2.000           0
      Valence levels:
           e  l  spin  n  i
           1  0  down  2  0
                   up  2  0
              1  down  2  0
                   up  2  0
              2  down  3  0
                   up  3  0
              3  down  4  0
                   up  4  0
              4  down  5  0
                   up  5  0
              5  down  6  0
                   up  6  0
              6  down  7  0
                   up  7  0
              7  down  8  0
                   up  8  0
              8  down  9  0
                   up  9  0
           2  0  down  2  0
                   up  2  0
              1  down  2  0
                   up  2  0
              2  down  3  0
                   up  3  0
              3  down  4  0
                   up  4  0
              4  down  5  0
                   up  5  0
              5  down  6  0
                   up  6  0
              6  down  7  0
                   up  7  0
              7  down  8  0
                   up  8  0
              8  down  9  0
                   up  9  0

 Valence Basis Functions.
        Bases    MD    EV
           96   492   266
        t  a  l  e     tail         
        1  1  0  1        1
        1  1  0  1        2
        1  1  0  1        3
        1  1  1  1        1
        1  1  1  1        2
        1  1  1  1        3
        1  1  2  1        1
        1  1  2  1        2
        1  1  0  2        1
        1  1  0  2        2
        1  1  1  2        1
        1  1  1  2        2
        2  1  0  1        1
        2  1  0  1        2
        2  1  0  1        3
        2  1  1  1        1
        2  1  1  1        2
        2  1  1  1        3
        2  1  2  1        1
        2  1  2  1        2
        2  1  0  2        1
        2  1  0  2        2
        2  1  1  2        1
        2  1  1  2        2
        3  1  0  1        1
        3  1  0  1        2
        3  1  0  1        3
        3  1  1  1        1
        3  1  1  1        2
        3  1  1  1        3
        3  1  2  1        1
        3  1  2  1        2
        3  1  0  2        1
        3  1  0  2        2
        3  1  1  2        1
        3  1  1  2        2
        4  1  0  1        1
        4  1  0  1        2
        4  1  0  1        3
        4  1  1  1        1
        4  1  1  1        2
        4  1  1  1        3
        4  1  2  1        1
        4  1  2  1        2
        4  1  0  2        1
        4  1  0  2        2
        4  1  1  2        1
        4  1  1  2        2
        5  1  0  1        1
        5  1  0  1        2
        5  1  0  1        3
        5  1  1  1        1
        5  1  1  1        2
        5  1  1  1        3
        5  1  2  1        1
        5  1  2  1        2
        5  1  0  2        1
        5  1  0  2        2
        5  1  1  2        1
        5  1  1  2        2
        6  1  0  1        1
        6  1  0  1        2
        6  1  0  1        3
        6  1  1  1        1
        6  1  1  1        2
        6  1  1  1        3
        6  1  2  1        1
        6  1  2  1        2
        6  1  0  2        1
        6  1  0  2        2
        6  1  1  2        1
        6  1  1  2        2
        7  1  0  1        1
        7  1  0  1        2
        7  1  0  1        3
        7  1  1  1        1
        7  1  1  1        2
        7  1  1  1        3
        7  1  2  1        1
        7  1  2  1        2
        8  1  0  1        1
        8  1  0  1        2
        8  1  0  1        3
        8  1  1  1        1
        8  1  1  1        2
        8  1  1  1        3
        8  1  2  1        1
        8  1  2  1        2
        9  1  0  1        1
        9  1  0  1        2
        9  1  0  1        3
        9  1  1  1        1
        9  1  1  1        2
        9  1  1  1        3
        9  1  2  1        1
        9  1  2  1        2

 unit cell volume:  678.689943431459
    radius of V/N:  2.62087775
       muffin tins      interstitial   v(I)/vcell
  214.564528521800  464.125414909659  .683854858026979
 FT initialization done

 Shift unit cell vectors. In Wyckof coordinates, :
     a                dx                dy                dz
     1  .000000000000000  .000000000000000  .000000000000000
     2  .000000000000000  .000000000000000  .000000000000000
     3  .000000000000000  .000000000000000  .000000000000000
     4  .000000000000000  .000000000000000  .000000000000000
     5  .000000000000000  .000000000000000  .000000000000000
     6  .000000000000000  .000000000000000  .000000000000000
     7  .000000000000000  .000000000000000  .000000000000000
     8  .000000000000000  .000000000000000  .000000000000000
     9  .000000000000000  .000000000000000  .000000000000000

 New unit cell vectors in Wyckoff coordinates:
     a                 x                 y                 z
     1 -.499999999991871  .499999999999996 -.273491008204925
     2 -.499999999998420  .499999999999999  .273491003421656
     3  .499999999999976  .000000000000000 -.000000004479413
     4 -.499999999999506  .000000000000000 -.499999997209913
     5  .000000000000695  .500000000000000 -.000000001950557
     6  .000000000000716 -.499999999999999  .499999999020434
     7  .000000000000015  .000000000000000 -.249968002984109
     8  .000000000011193 -.000000000000008  .249967989527671
     9 -.499999999999726  .500000000000000  .000000004742766
 Reciprocal lattice read from gvector

 Reciprocal lattice:
       Group:  1      Grid(-Mi:Mi):  M = ( 17, 17, 35)
       stars     vectors               max * S_a
       86975       86975         70.352585977018
 TIME: RLGEN:      0.006m in,      0.001m added,      0.006m total

 setchi: this lattice lacks inversion symmetry
         cut on interstitial potential:  0.1110223024625E-15
 TIME: SETCHI:      0.006m in,      0.000m added,      0.006m total

 Bravais lattice:
       Group:  1      Grid(-Mi:Mi):  M = ( 17, 17, 35)
       stars     vectors               max / S_a
       86975       86975         189.32576158186
 TIME: BLGEN:      0.006m in,      0.000m added,      0.007m total

 Nearest neighbors: min_{b+R} |b+R-a|, |b+R-a| < 1.1 (min|R|= 7.1432251)
  ta  tb         d/L        2S/d   d(au)    d(A)    a    b
   1   9 .5092504977 .9330318284 3.63769 1.92498    1    9
       4 .6541318095 .7914797065 4.67261 2.47263    1    4
       6 .6541318140 .7914797010 4.67261 2.47263    1    6
       7 .7084620686 .6987092991 5.06070 2.67800    1    7
       3 .7136778348 .7254422476 5.09796 2.69772    1    3
       5 .7136778382 .7254422442 5.09796 2.69772    1    5
       2 .8435364423 .6137637055 6.02557 3.18859    1    2
       1 1.000000000 .5177320526 7.14322 3.78003    1    1
   2   9 .5092504712 .9330318771 3.63769 1.92498    2    9
       6 .6541318174 .7914796969 4.67261 2.47263    2    6
       4 .6541318219 .7914796914 4.67261 2.47263    2    4
       8 .7084620696 .6987092981 5.06070 2.67800    2    8
       5 .7136778370 .7254422454 5.09796 2.69772    2    5
       3 .7136778404 .7254422420 5.09796 2.69772    2    3
       1 .8435364423 .6137637055 6.02557 3.18859    2    1
       2 1.000000000 .5177320526 7.14322 3.78003    2    2
   3   9 .5000000000 .9502938461 3.57161 1.89001    3    9
       8 .6831130768 .7246370362 4.87963 2.58218    3    8
       7 .6831130825 .7246370301 4.87963 2.58218    3    7
       5 .7071067811 .7321836905 5.05102 2.67288    3    5
       1 .7136778348 .7254422476 5.09796 2.69772    3    1
       2 .7136778404 .7254422420 5.09796 2.69772    3    2
       4 .9310186921 .5560920065 6.65047 3.51928    3    4
       3 1.000000000 .5177320526 7.14322 3.78003    3    3
   4   1 .6541318095 .7914797065 4.67261 2.47263    4    1
       2 .6541318219 .7914796914 4.67261 2.47263    4    2
       7 .6831942813 .7245509059 4.88021 2.58249    4    7
       8 .6831943054 .7245508803 4.88021 2.58249    4    8
       6 .7071067811 .7321836905 5.05102 2.67288    4    6
       3 .9310186921 .5560920065 6.65047 3.51928    4    3
       4 1.000000000 .5177320526 7.14322 3.78003    4    4
       9 1.056785609 .4496152474 7.54885 3.99468    4    9
   5   9 .4999999999 .9502938461 3.57161 1.89001    5    9
       8 .6831130736 .7246370396 4.87963 2.58218    5    8
       7 .6831130857 .7246370267 4.87963 2.58218    5    7
       3 .7071067811 .7321836905 5.05102 2.67288    5    3
       2 .7136778370 .7254422454 5.09796 2.69772    5    2
       1 .7136778382 .7254422442 5.09796 2.69772    5    1
       6 .9310187038 .5560919995 6.65047 3.51928    5    6
       5 1.000000000 .5177320526 7.14322 3.78003    5    5
   6   1 .6541318140 .7914797010 4.67261 2.47263    6    1
       2 .6541318174 .7914796969 4.67261 2.47263    6    2
       7 .6831942861 .7245509008 4.88021 2.58249    6    7
       8 .6831943007 .7245508853 4.88021 2.58249    6    8
       4 .7071067811 .7321836905 5.05102 2.67288    6    4
       5 .9310187038 .5560919995 6.65047 3.51928    6    5
       6 1.000000000 .5177320526 7.14322 3.78003    6    6
       9 1.056785602 .4496152500 7.54885 3.99468    6    9
   7   3 .6831130825 .7246370301 4.87963 2.58218    7    3
       5 .6831130857 .7246370267 4.87963 2.58218    7    5
       4 .6831942813 .7245509059 4.88021 2.58249    7    4
       6 .6831942861 .7245509008 4.88021 2.58249    7    6
       1 .7084620686 .6987092991 5.06070 2.67800    7    1
       9 .8465479901 .5344338550 6.04708 3.19997    7    9
       8 .9308995213 .5073437115 6.64962 3.51883    7    8
       7 1.000000000 .4722860182 7.14322 3.78003    7    7
   8   5 .6831130736 .7246370396 4.87963 2.58218    8    5
       3 .6831130768 .7246370362 4.87963 2.58218    8    3
       6 .6831943007 .7245508853 4.88021 2.58249    8    6
       4 .6831943054 .7245508803 4.88021 2.58249    8    4
       2 .7084620696 .6987092981 5.06070 2.67800    8    2
       9 .8465479666 .5344338699 6.04708 3.19997    8    9
       7 .9308995213 .5073437115 6.64962 3.51883    8    7
       8 1.000000000 .4722860182 7.14322 3.78003    8    8
   9   5 .4999999999 .9502938461 3.57161 1.89001    9    5
       3 .5000000000 .9502938461 3.57161 1.89001    9    3
       2 .5092504712 .9330318771 3.63769 1.92498    9    2
       1 .5092504977 .9330318284 3.63769 1.92498    9    1
       8 .8465479666 .5344338699 6.04708 3.19997    9    8
       7 .8465479901 .5344338550 6.04708 3.19997    9    7
       9 1.000000000 .4325617935 7.14322 3.78003    9    9
       6 1.056785602 .4496152500 7.54885 3.99468    9    6
       4 1.056785609 .4496152474 7.54885 3.99468    9    4
 TIME: COUNTN:      0.007m in,      0.000m added,      0.007m total
 TIME: ORDINSTEP:      0.007m in,      0.001m added,      0.008m total
 TIME: INIT_GAUNT:      0.008m in,      0.000m added,      0.008m total
 Readpot:
       2 spins in the input potential
      81 harmonics in the input potential for type       1
      81 harmonics in the input potential for type       2
      81 harmonics in the input potential for type       3
      81 harmonics in the input potential for type       4
      81 harmonics in the input potential for type       5
      81 harmonics in the input potential for type       6
      81 harmonics in the input potential for type       7
      81 harmonics in the input potential for type       8
      81 harmonics in the input potential for type       9
   86975 stars in the input potential
 TIME: GETPOT:      0.008m in,      0.003m added,      0.011m total
 TIME: GETEP:      0.011m in,      0.000m added,      0.011m total

 Muffin tin energies

   type         smt   nmt         sws   nws
      1   1.8491383   539   1.8491383   539
   spin           Q          xl        vinf
      1   0.0000000   0.4938873   0.2338002
   L  n      e(d~L)      e(d=0)        e(c)        d(c)     e(d=do)          do
   0  4  .976852130  .976852130  2.02969900 -1.00000000  4.52894494 -5.10673057
      3 -5.56830626 -5.56830626 -5.36416562 -5.10673057 -5.36416562 -5.10673057
   1  4  1.29527553  2.22088305  3.31410269 -1.07242175  5.37520027 -4.16504403
      3 -3.44553701 -3.25037329 -2.90683293 -4.16504403 -2.90683293 -4.16504403
   2  3 -1.27493699  .279674625  .815687678 -1.77022173
   3  4 -.459577621  4.41281419  5.80698079 -1.39088906
   4  5 -.155230134  8.05055560  9.82935347 -1.44683992
   5  6  .069788150  12.2185507  14.3336434 -1.51465409
   6  7  .261202846  16.9864186  19.4239867 -1.58371439
   7  8  .434619270  22.3710072  25.1264196 -1.65188521
   8  9  .597153610  28.3771579  31.4493901 -1.71858907
   spin           Q          xl        vinf
      2   0.0000000   0.5047506   0.2478936
   L  n      e(d~L)      e(d=0)        e(c)        d(c)     e(d=do)          do
   0  4  .886287034  .886287034  1.93710611 -1.00000000  4.44379831 -5.15212597
      3 -5.71496065 -5.71496065 -5.51556102 -5.15212597 -5.51556102 -5.15212597
   1  4  1.19518524  2.12363103  3.21791116 -1.07341182  5.29929613 -4.22195130
      3 -3.57774484 -3.38886833 -3.05316236 -4.22195130 -3.05316236 -4.22195130
   2  3 -1.36438411  .158065976  .685810284 -1.81673589
   3  4 -.526091419  4.33263984  5.72240033 -1.39419831
   4  5 -.216540753  7.97701273  9.75296361 -1.44891708
   5  6  .011646514  12.1486452  14.2615599 -1.51624750
   6  7  .205298807  16.9190486  19.3548343 -1.58502677
   7  8  .380402844  22.3055824  25.0594809 -1.65300650
   8  9  .544262174  28.3133042  31.3842192 -1.71956925

   type         smt   nmt         sws   nws
      2   1.8491383   539   1.8491383   539
   spin           Q          xl        vinf
      1   0.0000000   0.4938873   0.2338002
   L  n      e(d~L)      e(d=0)        e(c)        d(c)     e(d=do)          do
   0  4  .976852125  .976852125  2.02969899 -1.00000000  4.52894494 -5.10673056
      3 -5.56830626 -5.56830626 -5.36416562 -5.10673056 -5.36416562 -5.10673056
   1  4  1.29527552  2.22088304  3.31410269 -1.07242175  5.37520026 -4.16504403
      3 -3.44553701 -3.25037330 -2.90683293 -4.16504403 -2.90683293 -4.16504403
   2  3 -1.27493700  .279674621  .815687673 -1.77022173
   3  4 -.459577626  4.41281418  5.80698079 -1.39088905
   4  5 -.155230140  8.05055559  9.82935346 -1.44683992
   5  6  .069788144  12.2185507  14.3336434 -1.51465409
   6  7  .261202840  16.9864186  19.4239867 -1.58371439
   7  8  .434619264  22.3710072  25.1264196 -1.65188521
   8  9  .597153604  28.3771579  31.4493901 -1.71858907
   spin           Q          xl        vinf
      2   0.0000000   0.5047506   0.2478936
   L  n      e(d~L)      e(d=0)        e(c)        d(c)     e(d=do)          do
   0  4  .886287037  .886287037  1.93710611 -1.00000000  4.44379832 -5.15212597
      3 -5.71496064 -5.71496064 -5.51556101 -5.15212597 -5.51556101 -5.15212597
   1  4  1.19518525  2.12363103  3.21791117 -1.07341182  5.29929613 -4.22195129
      3 -3.57774483 -3.38886832 -3.05316235 -4.22195129 -3.05316235 -4.22195129
   2  3 -1.36438411  .158065982  .685810291 -1.81673589
   3  4 -.526091419  4.33263984  5.72240033 -1.39419831
   4  5 -.216540753  7.97701273  9.75296361 -1.44891708
   5  6  .011646514  12.1486452  14.2615599 -1.51624750
   6  7  .205298806  16.9190486  19.3548343 -1.58502677
   7  8  .380402843  22.3055824  25.0594809 -1.65300650
   8  9  .544262173  28.3133042  31.3842192 -1.71956925

   type         smt   nmt         sws   nws
      3   1.8491383   539   1.8491383   539
   spin           Q          xl        vinf
      1   0.0000000   0.4906704   0.1809917
   L  n      e(d~L)      e(d=0)        e(c)        d(c)     e(d=do)          do
   0  4  .945203281  .945203281  1.99843904 -1.00000000  4.49780845 -5.10437314
      3 -5.59914450 -5.59914450 -5.39518043 -5.10437314 -5.39518043 -5.10437314
   1  4  1.26295443  2.18888294  3.28244012 -1.07233193  5.34297809 -4.16183972
      3 -3.47605817 -3.28093024 -2.93767788 -4.16183972 -2.93767788 -4.16183972
   2  3 -1.30599727  .248786907  .784027823 -1.76770557
   3  4 -.491516207  4.38239276  5.77678153 -1.39039317
   4  5 -.187847978  8.01965277  9.79868845 -1.44648136
   5  6  .036675112  12.1872624  14.3025700 -1.51436087
   6  7  .227707784  16.9548162  19.3925757 -1.58346294
   7  8  .400818692  22.3391412  25.0947251 -1.65166397
   8  9  .563102369  28.3450657  31.4174527 -1.71839115
   spin           Q          xl        vinf
      2   0.0000000   0.4966356   0.1880236
   L  n      e(d~L)      e(d=0)        e(c)        d(c)     e(d=do)          do
   0  4  .896149936  .896149936  1.94831825 -1.00000000  4.45173463 -5.12854862
      3 -5.67786674 -5.67786674 -5.47642484 -5.12854862 -5.47642484 -5.12854862
   1  4  1.20881325  2.13626781  3.23040146 -1.07285472  5.30188451 -4.19220416
      3 -3.54708163 -3.35530823 -3.01621493 -4.19220416 -3.01621493 -4.19220416
   2  3 -1.35436009  .183388565  .714188063 -1.79172231
   3  4 -.527798400  4.33887152  5.73093155 -1.39214548
   4  5 -.221370995  7.97963521  9.75716699 -1.44758607
   5  6  .004836904  12.1491694  14.2633266 -1.51521028
   6  7  .197061468  16.9180662  19.3548843 -1.58416365
   7  8  .371072713  22.3034225  25.0582067 -1.65226336
   8  9  .534064211  28.3101807  31.3818719 -1.71891561

   type         smt   nmt         sws   nws
      4   1.8491383   539   1.8491383   539
   spin           Q          xl        vinf
      1   0.0000000   0.4961858   0.2667277
   L  n      e(d~L)      e(d=0)        e(c)        d(c)     e(d=do)          do
   0  4  .994247011  .994247011  2.04682645 -.999999999  4.54610509 -5.10876676
      3 -5.55196847 -5.55196847 -5.34777054 -5.10876676 -5.34777054 -5.10876676
   1  4  1.31298284  2.23841773  3.33143925 -1.07249269  5.39314935 -4.16775867
      3 -3.42924084 -3.23412494 -2.89049025 -4.16775867 -2.89049025 -4.16775867
   2  3 -1.25787070  .296242394  .832641357 -1.77240658
   3  4 -.441696908  4.42959140  5.82358525 -1.39124833
   4  5 -.136860324  8.06769859  9.84632692 -1.44709758
   5  6  .088512436  12.2359707  14.3509120 -1.51486462
   6  7  .280200997  17.0040621  19.4414954 -1.58389498
   7  8  .453836842  22.3888380  25.1441294 -1.65204419
   8  9  .616551470  28.3951496  31.4672722 -1.71873137
   spin           Q          xl        vinf
      2   0.0000000   0.5090889   0.2805007
   L  n      e(d~L)      e(d=0)        e(c)        d(c)     e(d=do)          do
   0  4  .883848149  .883848149  1.93405872 -1.00000000  4.44196628 -5.16160762
      3 -5.72757494 -5.72757494 -5.52887891 -5.16160762 -5.52887891 -5.16160762
   1  4  1.19156014  2.12026742  3.21451132 -1.07365477  5.29971772 -4.23394560
      3 -3.58808432 -3.40025695 -3.06571651 -4.23394560 -3.06571651 -4.23394560
   2  3 -1.36704091  .149638519  .676508883 -1.82738611
   3  4 -.524108549  4.33126427  5.72015356 -1.39513321
   4  5 -.213201481  7.97708881  9.75242105 -1.44953670
   5  6  .015874923  12.1495927  14.2620122 -1.51673685
   6  7  .210183108  16.9206354  19.3560042 -1.58543802
   7  8  .385797729  22.3076770  25.0612142 -1.65336338
   8  9  .550068031  28.3158199  31.3864156 -1.71988520

   type         smt   nmt         sws   nws
      5   1.8491383   539   1.8491383   539
   spin           Q          xl        vinf
      1   0.0000000   0.4906704   0.1809917
   L  n      e(d~L)      e(d=0)        e(c)        d(c)     e(d=do)          do
   0  4  .945203281  .945203281  1.99843904 -1.00000000  4.49780845 -5.10437314
      3 -5.59914450 -5.59914450 -5.39518043 -5.10437314 -5.39518043 -5.10437314
   1  4  1.26295443  2.18888294  3.28244012 -1.07233193  5.34297809 -4.16183972
      3 -3.47605817 -3.28093024 -2.93767788 -4.16183972 -2.93767788 -4.16183972
   2  3 -1.30599727  .248786907  .784027823 -1.76770557
   3  4 -.491516207  4.38239276  5.77678153 -1.39039317
   4  5 -.187847978  8.01965277  9.79868845 -1.44648136
   5  6  .036675112  12.1872624  14.3025700 -1.51436087
   6  7  .227707784  16.9548162  19.3925757 -1.58346294
   7  8  .400818692  22.3391412  25.0947251 -1.65166397
   8  9  .563102369  28.3450657  31.4174527 -1.71839115
   spin           Q          xl        vinf
      2   0.0000000   0.4966356   0.1880236
   L  n      e(d~L)      e(d=0)        e(c)        d(c)     e(d=do)          do
   0  4  .896149936  .896149936  1.94831825 -1.00000000  4.45173463 -5.12854862
      3 -5.67786674 -5.67786674 -5.47642484 -5.12854862 -5.47642484 -5.12854862
   1  4  1.20881325  2.13626781  3.23040146 -1.07285472  5.30188451 -4.19220416
      3 -3.54708163 -3.35530823 -3.01621493 -4.19220416 -3.01621493 -4.19220416
   2  3 -1.35436009  .183388565  .714188063 -1.79172231
   3  4 -.527798400  4.33887152  5.73093155 -1.39214548
   4  5 -.221370995  7.97963521  9.75716699 -1.44758607
   5  6  .004836904  12.1491694  14.2633266 -1.51521028
   6  7  .197061468  16.9180662  19.3548843 -1.58416365
   7  8  .371072713  22.3034225  25.0582067 -1.65226336
   8  9  .534064211  28.3101807  31.3818719 -1.71891561

   type         smt   nmt         sws   nws
      6   1.8491383   539   1.8491383   539
   spin           Q          xl        vinf
      1   0.0000000   0.4961858   0.2667277
   L  n      e(d~L)      e(d=0)        e(c)        d(c)     e(d=do)          do
   0  4  .994247011  .994247011  2.04682645 -1.00000000  4.54610509 -5.10876676
      3 -5.55196847 -5.55196847 -5.34777054 -5.10876676 -5.34777054 -5.10876676
   1  4  1.31298284  2.23841773  3.33143925 -1.07249269  5.39314935 -4.16775867
      3 -3.42924084 -3.23412494 -2.89049025 -4.16775867 -2.89049025 -4.16775867
   2  3 -1.25787070  .296242394  .832641357 -1.77240658
   3  4 -.441696908  4.42959140  5.82358525 -1.39124833
   4  5 -.136860324  8.06769859  9.84632692 -1.44709758
   5  6  .088512436  12.2359707  14.3509120 -1.51486462
   6  7  .280200997  17.0040621  19.4414954 -1.58389498
   7  8  .453836842  22.3888380  25.1441294 -1.65204419
   8  9  .616551470  28.3951496  31.4672722 -1.71873137
   spin           Q          xl        vinf
      2   0.0000000   0.5090889   0.2805007
   L  n      e(d~L)      e(d=0)        e(c)        d(c)     e(d=do)          do
   0  4  .883848149  .883848149  1.93405872 -1.00000000  4.44196628 -5.16160762
      3 -5.72757494 -5.72757494 -5.52887891 -5.16160762 -5.52887891 -5.16160762
   1  4  1.19156014  2.12026742  3.21451132 -1.07365477  5.29971772 -4.23394560
      3 -3.58808432 -3.40025695 -3.06571651 -4.23394560 -3.06571651 -4.23394560
   2  3 -1.36704091  .149638519  .676508883 -1.82738611
   3  4 -.524108549  4.33126427  5.72015356 -1.39513321
   4  5 -.213201481  7.97708881  9.75242105 -1.44953670
   5  6  .015874923  12.1495927  14.2620122 -1.51673685
   6  7  .210183108  16.9206354  19.3560042 -1.58543802
   7  8  .385797729  22.3076770  25.0612142 -1.65336338
   8  9  .550068031  28.3158199  31.3864156 -1.71988520

   type         smt   nmt         sws   nws
      7   1.6868227   502   1.6868227   502
   spin           Q          xl        vinf
      1   0.0000000   0.5753852   0.1422048
   L  n      e(d~L)      e(d=0)        e(c)        d(c)     e(d=do)          do
   0  3  .298254157  .298254157  1.47221550 -1.00000000
   1  3  .216455687  1.28971876  2.51708802 -1.09905083
   2  3 -.945039680  2.00368400  3.32881323 -1.30129793
   3  4 -.506268497  5.59661036  7.39380724 -1.35703798
   4  5 -.218283056  9.80768304  12.0057826 -1.42981408
   5  6  .017037577  14.7470930  17.3276110 -1.50336131
   6  7  .226700588  20.4361281  23.3931929 -1.57533845
   7  8  .421759189  26.8794235  30.2118529 -1.64528186
   8  9  .607674301  34.0767882  37.7855366 -1.71317709
   spin           Q          xl        vinf
      2   0.0000000   0.5762755   0.1612991
   L  n      e(d~L)      e(d=0)        e(c)        d(c)     e(d=do)          do
   0  3  .307766514  .307766514  1.48115166 -1.00000000
   1  3  .225797110  1.29892848  2.52594326 -1.09923288
   2  3 -.934038892  2.01279659  3.33708908 -1.30185487
   3  4 -.493899111  5.60709151  7.40367036 -1.35733536
   4  5 -.205176960  9.81892961  12.0165411 -1.43002739
   5  6  .030614726  14.7588710  17.3389874 -1.50352834
   6  7  .240602592  20.4483065  23.4050322 -1.57547505
   7  8  .435896385  26.8919178  30.2240551 -1.64539669
   8  9  .621988028  34.0895393  37.7980323 -1.71327551

   type         smt   nmt         sws   nws
      8   1.6868227   502   1.6868227   502
   spin           Q          xl        vinf
      1   0.0000000   0.5753852   0.1422048
   L  n      e(d~L)      e(d=0)        e(c)        d(c)     e(d=do)          do
   0  3  .298254153  .298254153  1.47221550 -1.00000000
   1  3  .216455683  1.28971876  2.51708801 -1.09905083
   2  3 -.945039682  2.00368399  3.32881322 -1.30129793
   3  4 -.506268499  5.59661036  7.39380724 -1.35703798
   4  5 -.218283057  9.80768304  12.0057826 -1.42981408
   5  6  .017037576  14.7470930  17.3276110 -1.50336131
   6  7  .226700587  20.4361281  23.3931929 -1.57533845
   7  8  .421759188  26.8794235  30.2118529 -1.64528186
   8  9  .607674301  34.0767882  37.7855366 -1.71317709
   spin           Q          xl        vinf
      2   0.0000000   0.5762755   0.1612991
   L  n      e(d~L)      e(d=0)        e(c)        d(c)     e(d=do)          do
   0  3  .307766511  .307766511  1.48115166 -1.00000000
   1  3  .225797106  1.29892847  2.52594325 -1.09923288
   2  3 -.934038894  2.01279659  3.33708907 -1.30185487
   3  4 -.493899112  5.60709151  7.40367036 -1.35733536
   4  5 -.205176961  9.81892961  12.0165411 -1.43002739
   5  6  .030614725  14.7588710  17.3389874 -1.50352834
   6  7  .240602591  20.4483065  23.4050321 -1.57547505
   7  8  .435896384  26.8919178  30.2240551 -1.64539669
   8  9  .621988027  34.0895393  37.7980323 -1.71327551

   type         smt   nmt         sws   nws
      9   1.5449431   442   1.5449431   442
   spin           Q          xl        vinf
      1   0.0000000   0.6300155   0.0169259
   L  n      e(d~L)      e(d=0)        e(c)        d(c)     e(d=do)          do
   0  2 -1.27029111 -1.27029111 -.229139183 -1.00000000
   1  2 -1.37119068 -.328139189  .758349392 -1.22904316
   2  3 -.594764622  3.15296412  4.87586876 -1.25858888
   3  4 -.217855807  7.22167976  9.43017459 -1.33734159
   4  5  .067171822  12.1585280  14.8205631 -1.41657444
   5  6  .314619513  17.9991149  21.1051778 -1.49329913
   6  7  .542828308  24.7487750  28.2967053 -1.56721140
   7  8  .759853973  32.4058369  36.3965748 -1.63847141
   8  9  .969809126  40.9667117  45.4026935 -1.70732524
   spin           Q          xl        vinf
      2   0.0000000   0.6241513   0.0132639
   L  n      e(d~L)      e(d=0)        e(c)        d(c)     e(d=do)          do
   0  2 -1.25185474 -1.25185474 -.209962261 -1.00000000
   1  2 -1.35296946 -.309109602  .777692141 -1.22807399
   2  3 -.578419912  3.17070821  4.89416416 -1.25825767
   3  4 -.202534634  7.23860307  9.44753725 -1.33710539
   4  5  .081844720  12.1748838  14.8372720 -1.41638600
   5  6  .328841098  18.0150474  21.1214021 -1.49314152
   6  7  .556715998  24.7643755  28.3125530 -1.56707586
   7  8  .773483912  32.4211676  36.4121190 -1.63835261
   8  9  .983233734  40.9818174  45.4179867 -1.70721962

      Energy parameters ...                          energy reset
                                                     | npr(mt) .ne. npr
                                                     | | e < e1(ws)
        t  e  l  spin  n mt           E       D(mt)  | | | e > e2
        1  1  0  down  4  4   0.4730470       0.411  - - * -
                   up  4  4   0.4388126       0.367  - - * -
              1  down  4  4   0.6189519       1.304  - - * -
                   up  4  4   0.6063546       1.233  - - * -
              2  down  3  3   0.8156877      -1.770  * - - -
                   up  3  3   0.6858103      -1.817  * - - -
              3  down  4  4   0.5992966       2.309  - - * -
                   up  4  4   0.5881510       2.282  - - * -
              4  down  5  5   0.5942573       3.522  - - * -
                   up  5  5   0.5923996       3.501  - - * -
              5  down  6  6   0.5851300       4.632  - - * -
                   up  6  6   0.5965107       4.612  - - * -
              6  down  7  7   0.5988482       5.695  - - * -
                   up  7  7   0.6135570       5.678  - - * -
              7  down  8  8   0.5901120       6.743  - - * -
                   up  8  8   0.5980339       6.730  - - * -
              8  down  9  9   0.5726933       7.780  - - * -
                   up  9  9   0.5951472       7.766  - - * -
           2  0  down  3  3  -5.3641656      -5.106  * - - -
                   up  3  3  -5.5155610      -5.152  * - - -
              1  down  3  3  -2.9068329      -4.165  * - - -
                   up  3  3  -3.0531624      -4.222  * - - -
              2  down  3  3  -0.1936460       0.761  - - * -
                   up  3  3  -0.4948283       0.995  - - * -
              3  down  4  4  -0.2990462       2.707  - - * -
                   up  4  4  -0.4886182       2.759  - - * -
              4  down  5  5  -1.2885269       4.138  - - * -
                   up  5  5  -1.7533832       4.263  - - * -
              5  down  6  6  -2.0158467       5.327  - - * -
                   up  6  6  -2.4921319       5.433  - - * -
              6  down  7  7  -2.7940362       6.467  - - * -
                   up  7  7  -3.0843937       6.518  - - * -
              7  down  8  8  -3.0141109       7.464  - - * -
                   up  8  8  -3.2462162       7.498  - - * -
              8  down  9  9  -3.0809502       8.433  - - * -
                   up  9  9  -3.2886768       8.460  - - * -
        2  1  0  down  4  4   0.4730470       0.411  - - * -
                   up  4  4   0.4388126       0.367  - - * -
              1  down  4  4   0.6189519       1.304  - - * -
                   up  4  4   0.6063546       1.233  - - * -
              2  down  3  3   0.8156877      -1.770  * - - -
                   up  3  3   0.6858103      -1.817  * - - -
              3  down  4  4   0.5992966       2.309  - - * -
                   up  4  4   0.5881509       2.282  - - * -
              4  down  5  5   0.5942573       3.522  - - * -
                   up  5  5   0.5923996       3.501  - - * -
              5  down  6  6   0.5851299       4.632  - - * -
                   up  6  6   0.5965106       4.612  - - * -
              6  down  7  7   0.5988481       5.695  - - * -
                   up  7  7   0.6135569       5.678  - - * -
              7  down  8  8   0.5901119       6.743  - - * -
                   up  8  8   0.5980339       6.730  - - * -
              8  down  9  9   0.5726932       7.780  - - * -
                   up  9  9   0.5951471       7.766  - - * -
           2  0  down  3  3  -5.3641656      -5.106  * - - -
                   up  3  3  -5.5155610      -5.152  * - - -
              1  down  3  3  -2.9068329      -4.165  * - - -
                   up  3  3  -3.0531624      -4.222  * - - -
              2  down  3  3  -0.1936460       0.761  - - * -
                   up  3  3  -0.4948283       0.995  - - * -
              3  down  4  4  -0.2990461       2.707  - - * -
                   up  4  4  -0.4886181       2.759  - - * -
              4  down  5  5  -1.2885268       4.138  - - * -
                   up  5  5  -1.7533830       4.263  - - * -
              5  down  6  6  -2.0158465       5.327  - - * -
                   up  6  6  -2.4921317       5.433  - - * -
              6  down  7  7  -2.7940361       6.467  - - * -
                   up  7  7  -3.0843936       6.518  - - * -
              7  down  8  8  -3.0141109       7.464  - - * -
                   up  8  8  -3.2462162       7.498  - - * -
              8  down  9  9  -3.0809502       8.433  - - * -
                   up  9  9  -3.2886768       8.460  - - * -
        3  1  0  down  4  4   0.3491816       0.482  - - * -
                   up  4  4   0.3393245       0.452  - - * -
              1  down  4  4   0.5408426       1.339  - - * -
                   up  4  4   0.5386143       1.297  - - * -
              2  down  3  3   0.7840278      -1.768  * - - -
                   up  3  3   0.7141881      -1.792  * - - -
              3  down  4  4   0.5268544       2.328  - - * -
                   up  4  4   0.5076099       2.319  - - * -
              4  down  5  5   0.4991692       3.544  - - * -
                   up  5  5   0.4798685       3.539  - - * -
              5  down  6  6   0.5305950       4.638  - - * -
                   up  6  6   0.5279081       4.630  - - * -
              6  down  7  7   0.5036569       5.710  - - * -
                   up  7  7   0.4938985       5.705  - - * -
              7  down  8  8   0.5387968       6.746  - - * -
                   up  8  8   0.5324876       6.741  - - * -
              8  down  9  9   0.4956294       7.787  - - * -
                   up  9  9   0.4781759       7.785  - - * -
           2  0  down  3  3  -5.3951804      -5.104  * - - -
                   up  3  3  -5.4764248      -5.128  * - - -
              1  down  3  3  -2.9376779      -4.162  * - - -
                   up  3  3  -3.0162149      -4.192  * - - -
              2  down  3  3  -0.0807711       0.566  - - * -
                   up  3  3  -0.2203436       0.678  - - * -
              3  down  4  4  -0.0785717       2.599  - - * -
                   up  4  4  -0.0724933       2.580  - - * -
              4  down  5  5  -0.6960584       3.941  - - * -
                   up  5  5  -0.9248240       4.003  - - * -
              5  down  6  6  -1.2269983       5.114  - - * -
                   up  6  6  -1.5933928       5.202  - - * -
              6  down  7  7  -2.2507840       6.341  - - * -
                   up  7  7  -2.5443445       6.399  - - * -
              7  down  8  8  -2.7563475       7.407  - - * -
                   up  8  8  -3.0054369       7.450  - - * -
              8  down  9  9  -3.0209310       8.416  - - * -
                   up  9  9  -3.1872628       8.440  - - * -
        4  1  0  down  4  4   0.5242852       0.384  - - * -
                   up  4  4   0.5010813       0.316  - - * -
              1  down  4  4   0.6892320       1.263  - - * -
                   up  4  4   0.6710156       1.180  - - * -
              2  down  3  3   0.8326414      -1.772  * - - -
                   up  3  3   0.6765089      -1.827  * - - -
              3  down  4  4   0.7765848       2.234  - - * -
                   up  4  4   0.7229097       2.219  - - * -
              4  down  5  5   0.8230693       3.449  - - * -
                   up  5  5   0.7517354       3.447  - - * -
              5  down  6  6   0.8111929       4.573  - - * -
                   up  6  6   0.7506660       4.570  - - * -
              6  down  7  7   0.8154657       5.648  - - * -
                   up  7  7   0.7602523       5.644  - - * -
              7  down  8  8   0.8202861       6.699  - - * -
                   up  8  8   0.7556748       6.698  - - * -
              8  down  9  9   0.7889679       7.743  - - * -
                   up  9  9   0.7547867       7.737  - - * -
           2  0  down  3  3  -5.3477705      -5.108  * - - -
                   up  3  3  -5.5288789      -5.161  * - - -
              1  down  3  3  -2.8904903      -4.167  * - - -
                   up  3  3  -3.0657165      -4.234  * - - -
              2  down  3  3  -0.2599275       0.864  - - * -
                   up  3  3  -0.7726984       1.279  - - * -
              3  down  4  4  -0.3277712       2.727  - - * -
                   up  4  4  -0.6388215       2.823  - - * -
              4  down  5  5  -1.4776012       4.202  - - * -
                   up  5  5  -2.1063038       4.371  - - * -
              5  down  6  6  -2.1317419       5.361  - - * -
                   up  6  6  -2.4851241       5.432  - - * -
              6  down  7  7  -2.7747498       6.467  - - * -
                   up  7  7  -3.1037677       6.523  - - * -
              7  down  8  8  -3.1804658       7.499  - - * -
                   up  8  8  -3.3315248       7.515  - - * -
              8  down  9  9  -3.1230534       8.443  - - * -
                   up  9  9  -3.3061507       8.464  - - * -
        5  1  0  down  4  4   0.3491816       0.482  - - * -
                   up  4  4   0.3393245       0.452  - - * -
              1  down  4  4   0.5408426       1.339  - - * -
                   up  4  4   0.5386143       1.297  - - * -
              2  down  3  3   0.7840278      -1.768  * - - -
                   up  3  3   0.7141881      -1.792  * - - -
              3  down  4  4   0.5268544       2.328  - - * -
                   up  4  4   0.5076099       2.319  - - * -
              4  down  5  5   0.4991692       3.544  - - * -
                   up  5  5   0.4798685       3.539  - - * -
              5  down  6  6   0.5305950       4.638  - - * -
                   up  6  6   0.5279081       4.630  - - * -
              6  down  7  7   0.5036569       5.710  - - * -
                   up  7  7   0.4938985       5.705  - - * -
              7  down  8  8   0.5387968       6.746  - - * -
                   up  8  8   0.5324876       6.741  - - * -
              8  down  9  9   0.4956294       7.787  - - * -
                   up  9  9   0.4781759       7.785  - - * -
           2  0  down  3  3  -5.3951804      -5.104  * - - -
                   up  3  3  -5.4764248      -5.128  * - - -
              1  down  3  3  -2.9376779      -4.162  * - - -
                   up  3  3  -3.0162149      -4.192  * - - -
              2  down  3  3  -0.0807711       0.566  - - * -
                   up  3  3  -0.2203436       0.678  - - * -
              3  down  4  4  -0.0785717       2.599  - - * -
                   up  4  4  -0.0724933       2.580  - - * -
              4  down  5  5  -0.6960584       3.941  - - * -
                   up  5  5  -0.9248240       4.003  - - * -
              5  down  6  6  -1.2269983       5.114  - - * -
                   up  6  6  -1.5933928       5.202  - - * -
              6  down  7  7  -2.2507840       6.341  - - * -
                   up  7  7  -2.5443445       6.399  - - * -
              7  down  8  8  -2.7563475       7.407  - - * -
                   up  8  8  -3.0054369       7.450  - - * -
              8  down  9  9  -3.0209310       8.416  - - * -
                   up  9  9  -3.1872628       8.440  - - * -
        6  1  0  down  4  4   0.5242852       0.384  - - * -
                   up  4  4   0.5010813       0.316  - - * -
              1  down  4  4   0.6892320       1.263  - - * -
                   up  4  4   0.6710156       1.180  - - * -
              2  down  3  3   0.8326414      -1.772  * - - -
                   up  3  3   0.6765089      -1.827  * - - -
              3  down  4  4   0.7765848       2.234  - - * -
                   up  4  4   0.7229097       2.219  - - * -
              4  down  5  5   0.8230693       3.449  - - * -
                   up  5  5   0.7517354       3.447  - - * -
              5  down  6  6   0.8111929       4.573  - - * -
                   up  6  6   0.7506660       4.570  - - * -
              6  down  7  7   0.8154657       5.648  - - * -
                   up  7  7   0.7602523       5.644  - - * -
              7  down  8  8   0.8202861       6.699  - - * -
                   up  8  8   0.7556748       6.698  - - * -
              8  down  9  9   0.7889679       7.743  - - * -
                   up  9  9   0.7547867       7.737  - - * -
           2  0  down  3  3  -5.3477705      -5.108  * - - -
                   up  3  3  -5.5288789      -5.161  * - - -
              1  down  3  3  -2.8904903      -4.167  * - - -
                   up  3  3  -3.0657165      -4.234  * - - -
              2  down  3  3  -0.2599275       0.864  - - * -
                   up  3  3  -0.7726984       1.279  - - * -
              3  down  4  4  -0.3277712       2.727  - - * -
                   up  4  4  -0.6388215       2.823  - - * -
              4  down  5  5  -1.4776012       4.202  - - * -
                   up  5  5  -2.1063038       4.371  - - * -
              5  down  6  6  -2.1317419       5.361  - - * -
                   up  6  6  -2.4851241       5.432  - - * -
              6  down  7  7  -2.7747498       6.467  - - * -
                   up  7  7  -3.1037677       6.523  - - * -
              7  down  8  8  -3.1804658       7.499  - - * -
                   up  8  8  -3.3315248       7.515  - - * -
              8  down  9  9  -3.1230534       8.443  - - * -
                   up  9  9  -3.3061507       8.464  - - * -
        7  1  0  down  3  3   0.4341024      -0.103  - - - -
                   up  3  3   0.4311285      -0.094  - - - -
              1  down  3  3   0.6679033       0.464  - - * -
                   up  3  3   0.6189162       0.505  - - * -
              2  down  3  3   0.7518524       0.871  - - * -
                   up  3  3   0.7083633       0.904  - - * -
              3  down  4  4   0.7720315       2.318  - - * -
                   up  4  4   0.7257252       2.340  - - * -
              4  down  5  5   0.8028508       3.490  - - * -
                   up  5  5   0.7405345       3.512  - - * -
              5  down  6  6   0.8174505       4.590  - - * -
                   up  6  6   0.7604597       4.607  - - * -
              6  down  7  7   0.8160414       5.659  - - * -
                   up  7  7   0.7717151       5.670  - - * -
              7  down  8  8   0.8066559       6.708  - - * -
                   up  8  8   0.7588192       6.719  - - * -
              8  down  9  9   0.8194834       7.742  - - * -
                   up  9  9   0.7639789       7.753  - - * -
           2  0  down  3  3   0.3258521      -0.021  - - - -
                   up  3  3   0.3018099       0.004  - - * -
              1  down  3  3   0.3240393       0.702  - - * -
                   up  3  3   0.1394773       0.833  - - * -
              2  down  3  3   0.0261373       1.287  - - * -
                   up  3  3  -0.2183381       1.422  - - * -
              3  down  4  4   0.0371920       2.586  - - * -
                   up  4  4  -0.2070181       2.676  - - * -
              4  down  5  5  -0.5139648       3.855  - - * -
                   up  5  5  -0.7076335       3.910  - - * -
              5  down  6  6  -1.4415228       5.100  - - * -
                   up  6  6  -1.8469679       5.191  - - * -
              6  down  7  7  -2.5803553       6.308  - - * -
                   up  7  7  -2.8051702       6.352  - - * -
              7  down  8  8  -3.0003425       7.346  - - * -
                   up  8  8  -3.1772741       7.377  - - * -
              8  down  9  9  -3.0432507       8.321  - - * -
                   up  9  9  -3.2478035       8.353  - - * -
        8  1  0  down  3  3   0.4341024      -0.103  - - - -
                   up  3  3   0.4311285      -0.094  - - - -
              1  down  3  3   0.6679033       0.464  - - * -
                   up  3  3   0.6189162       0.505  - - * -
              2  down  3  3   0.7518524       0.871  - - * -
                   up  3  3   0.7083633       0.904  - - * -
              3  down  4  4   0.7720315       2.318  - - * -
                   up  4  4   0.7257252       2.340  - - * -
              4  down  5  5   0.8028508       3.490  - - * -
                   up  5  5   0.7405345       3.512  - - * -
              5  down  6  6   0.8174505       4.590  - - * -
                   up  6  6   0.7604597       4.607  - - * -
              6  down  7  7   0.8160414       5.659  - - * -
                   up  7  7   0.7717151       5.670  - - * -
              7  down  8  8   0.8066559       6.708  - - * -
                   up  8  8   0.7588192       6.719  - - * -
              8  down  9  9   0.8194834       7.742  - - * -
                   up  9  9   0.7639789       7.753  - - * -
           2  0  down  3  3   0.3258521      -0.021  - - - -
                   up  3  3   0.3018099       0.004  - - * -
              1  down  3  3   0.3240393       0.702  - - * -
                   up  3  3   0.1394773       0.833  - - * -
              2  down  3  3   0.0261373       1.287  - - * -
                   up  3  3  -0.2183381       1.422  - - * -
              3  down  4  4   0.0371920       2.586  - - * -
                   up  4  4  -0.2070180       2.676  - - * -
              4  down  5  5  -0.5139647       3.855  - - * -
                   up  5  5  -0.7076334       3.910  - - * -
              5  down  6  6  -1.4415228       5.100  - - * -
                   up  6  6  -1.8469679       5.191  - - * -
              6  down  7  7  -2.5803553       6.308  - - * -
                   up  7  7  -2.8051702       6.352  - - * -
              7  down  8  8  -3.0003425       7.346  - - * -
                   up  8  8  -3.1772741       7.377  - - * -
              8  down  9  9  -3.0432507       8.321  - - * -
                   up  9  9  -3.2478035       8.353  - - * -
        9  1  0  down  2  2   0.0274830      -1.315  - - - *
                   up  2  2   0.0292732      -1.292  - - - *
              1  down  2  2   0.5256173      -0.906  - - - -
                   up  2  2   0.5031698      -0.852  - - - -
              2  down  3  3   0.7327068       1.238  - - * -
                   up  3  3   0.6959068       1.261  - - * -
              3  down  4  4   0.7764134       2.486  - - * -
                   up  4  4   0.7352771       2.503  - - * -
              4  down  5  5   0.7922333       3.608  - - * -
                   up  5  5   0.7785703       3.615  - - * -
              5  down  6  6   0.6897875       4.703  - - * -
                   up  6  6   0.6988674       4.704  - - * -
              6  down  7  7   0.7603097       5.739  - - * -
                   up  7  7   0.7176738       5.749  - - * -
              7  down  8  8   0.7227050       6.780  - - * -
                   up  8  8   0.6975291       6.786  - - * -
              8  down  9  9   0.6754745       7.813  - - * -
                   up  9  9   0.6923033       7.812  - - * -
           2  0  down  2  2  -0.3771532      -0.833  - - - -
                   up  2  2  -0.5201930      -0.662  - - - -
              1  down  2  2  -1.4348411       0.815  - - * -
                   up  2  2  -1.5392613       0.891  - - * -
              2  down  3  3  -1.9731301       2.265  - - * -
                   up  3  3  -2.3184826       2.385  - - * -
              3  down  4  4  -2.9392324       3.493  - - * -
                   up  4  4  -3.0626947       3.527  - - * -
              4  down  5  5  -3.3203796       4.502  - - * -
                   up  5  5  -3.3925868       4.519  - - * -
              5  down  6  6  -3.1474224       5.407  - - * -
                   up  6  6  -3.2489017       5.427  - - * -
              6  down  7  7  -3.2374873       6.374  - - * -
                   up  7  7  -3.3331447       6.390  - - * -
              7  down  8  8  -2.9927161       7.301  - - * -
                   up  8  8  -3.1444628       7.324  - - * -
              8  down  9  9  -3.0861232       8.284  - - * -
                   up  9  9  -3.2022806       8.300  - - * -
 TIME: setene:      0.011m in,      0.015m added,      0.026m total

 Interstitial kinetic energy parameters
  3 energies
     n           kappa^2
     1       -.100000000
     2       -2.29999999
     3       -1.50000000
 TIME: SENTLS:      0.026m in,      0.000m added,      0.026m total

      Radial functions ...
        t  l  e  spin  n           E           u         ru'
        1  0  1  down  4  .473047041 -.831941547 -.341632683
                   up  4  .438812627 -.828034044 -.303671367
              2  down  3 -5.36416562  .093066682 -.475233362
                   up  3 -5.51556102  .091538847 -.471589392
           1  1  down  4  .618951934  .835849200  1.08992988
                   up  4  .606354584  .838967170  1.03469661
              2  down  3 -2.90683293 -.136111504  .566869801
                   up  3 -3.05316236 -.133378725  .563081386
           2  1  down  3  .815687678  .313604117 -.555148826
                   up  3  .685810284  .305292339 -.554635551
              2  down  3 -.193646017  .650133871  .494885996
                   up  3 -.494828338  .690665333  .687299020
           3  1  down  4  .599296611  1.07993552  2.49325907
                   up  4  .588150976  1.07557446  2.45442987
              2  down  4 -.299046243  1.12797381  3.05371651
                   up  4 -.488618239  1.13322663  3.12685146
           4  1  down  5  .594257305  1.25269168  4.41224941
                   up  5  .592399623  1.24987287  4.37635083
              2  down  5 -1.28852693  1.31824149  5.45508761
                   up  5 -1.75338316  1.33089824  5.67343408
           5  1  down  6  .585130003  1.38826099  6.43024182
                   up  6  .596510685  1.38593874  6.39228984
              2  down  6 -2.01584667  1.45640311  7.75803915
                   up  6 -2.49213189  1.46638229  7.96684377
           6  1  down  7  .598848201  1.50573292  8.57495094
                   up  7  .613557000  1.50389784  8.53909512
              2  down  7 -2.79403618  1.57663898  10.1960665
                   up  7 -3.08439366  1.58105137  10.3053448
           7  1  down  8  .590111993  1.61264605  10.8736337
                   up  8  .598033933  1.61131192  10.8437885
              2  down  8 -3.01411093  1.67533795  12.5039938
                   up  8 -3.24621622  1.67812512  12.5824560
           8  1  down  9  .572693284  1.71162589  13.3156195
                   up  9  .595147203  1.71031039  13.2815848
              2  down  9 -3.08095024  1.76579176  14.8905626
                   up  9 -3.28867683  1.76786986  14.9556787
        2  0  1  down  4  .473047023 -.831941547 -.341632692
                   up  4  .438812612 -.828034045 -.303671379
              2  down  3 -5.36416562  .093066682 -.475233362
                   up  3 -5.51556101  .091538847 -.471589392
           1  1  down  4  .618951920  .835849200  1.08992988
                   up  4  .606354566  .838967170  1.03469662
              2  down  3 -2.90683293 -.136111504  .566869801
                   up  3 -3.05316235 -.133378726  .563081386
           2  1  down  3  .815687673  .313604117 -.555148826
                   up  3  .685810291  .305292340 -.554635551
              2  down  3 -.193646011  .650133869  .494885986
                   up  3 -.494828281  .690665322  .687298967
           3  1  down  4  .599296569  1.07993552  2.49325909
                   up  4  .588150937  1.07557446  2.45442990
              2  down  4 -.299046126  1.12797381  3.05371644
                   up  4 -.488618135  1.13322663  3.12685140
           4  1  down  5  .594257251  1.25269168  4.41224943
                   up  5  .592399572  1.24987288  4.37635086
              2  down  5 -1.28852679  1.31824149  5.45508753
                   up  5 -1.75338299  1.33089824  5.67343399
           5  1  down  6  .585129948  1.38826100  6.43024184
                   up  6  .596510627  1.38593874  6.39228987
              2  down  6 -2.01584649  1.45640310  7.75803906
                   up  6 -2.49213174  1.46638229  7.96684370
           6  1  down  7  .598848144  1.50573292  8.57495096
                   up  7  .613556938  1.50389785  8.53909515
              2  down  7 -2.79403607  1.57663898  10.1960665
                   up  7 -3.08439358  1.58105137  10.3053448
           7  1  down  8  .590111936  1.61264605  10.8736338
                   up  8  .598033866  1.61131193  10.8437885
              2  down  8 -3.01411087  1.67533795  12.5039938
                   up  8 -3.24621619  1.67812512  12.5824560
           8  1  down  9  .572693235  1.71162589  13.3156195
                   up  9  .595147135  1.71031039  13.2815848
              2  down  9 -3.08095023  1.76579176  14.8905626
                   up  9 -3.28867683  1.76786986  14.9556787
        3  0  1  down  4  .349181635 -.838068513 -.403966421
                   up  4  .339324465 -.835489549 -.377575686
              2  down  3 -5.39518043  .093054150 -.474948430
                   up  3 -5.47642484  .092239434 -.473021347
           1  1  down  4  .540842639  .835917476  1.11951528
                   up  4  .538614345  .837900045  1.08694930
              2  down  3 -2.93767788 -.136123731  .566482579
                   up  3 -3.01621493 -.134662258  .564491100
           2  1  down  3  .784027823  .313654144 -.554448178
                   up  3  .714188063  .309262726 -.554112927
              2  down  3 -.080771072  .611750173  .346213148
                   up  3 -.220343640  .629334988  .426426239
           3  1  down  4  .526854364  1.08235184  2.51924479
                   up  4  .507609930  1.08075050  2.50649067
              2  down  4 -.078571722  1.11506052  2.89777965
                   up  4 -.072493331  1.11226489  2.86977004
           4  1  down  5  .499169180  1.25508697  4.44769747
                   up  5  .479868510  1.25423936  4.43842251
              2  down  5 -.696058425  1.29739339  5.11238293
                   up  5 -.924823978  1.30374392  5.21889633
           5  1  down  6  .530595041  1.38892067  6.44165960
                   up  6  .527908088  1.38790567  6.42554591
              2  down  6 -1.22699832  1.43574707  7.34281318
                   up  6 -1.59339282  1.44409372  7.51163915
           6  1  down  7  .503656870  1.50714430  8.60515158
                   up  7  .493898484  1.50653958  8.59418551
              2  down  7 -2.25078397  1.56517184  9.92407671
                   up  7 -2.54434445  1.57032809  10.0477457
           7  1  down  8  .538796807  1.61300305  10.8819156
                   up  8  .532487582  1.61246938  10.8704524
              2  down  8 -2.75634747  1.67051243  12.3738452
                   up  8 -3.00543686  1.67408310  12.4714078
           8  1  down  9  .495629352  1.71231869  13.3345954
                   up  9  .478175926  1.71205909  13.3289177
              2  down  9 -3.02093097  1.76447453  14.8506190
                   up  9 -3.18726283  1.76636516  14.9086938
        4  0  1  down  4  .524285205 -.829621724 -.318753757
                   up  4  .501081322 -.823513713 -.259859489
              2  down  3 -5.34777054  .093056418 -.475371535
                   up  3 -5.52887891  .091282778 -.471137348
           1  1  down  4  .689232047  .835703276  1.05577061
                   up  4  .671015622  .838718886  .990060594
              2  down  3 -2.89049025 -.136071199  .567072706
                   up  3 -3.06571651 -.132902424  .562666709
           2  1  down  3  .832641357  .313464033 -.555585718
                   up  3  .676508883  .303760842 -.555088344
              2  down  3 -.259927549  .670928935  .579729344
                   up  3 -.772698435  .750430862  .960078381
           3  1  down  4  .776584809  1.07080998  2.39226725
                   up  4  .722909668  1.06766869  2.36933752
              2  down  4 -.327771216  1.13025390  3.08222261
                   up  4 -.638821450  1.14062455  3.21989475
           4  1  down  5  .823069263  1.24480053  4.29357230
                   up  5  .751735441  1.24387294  4.28775036
              2  down  5 -1.47760122  1.32496568  5.56805231
                   up  5 -2.10630378  1.34212049  5.86617020
           5  1  down  6  .811192875  1.38243417  6.32247442
                   up  6  .750665972  1.38163058  6.31388131
              2  down  6 -2.13174187  1.45969111  7.82558042
                   up  6 -2.48512410  1.46622831  7.96511265
           6  1  down  7  .815465681  1.50131248  8.47880189
                   up  7  .760252279  1.50066063  8.46970719
              2  down  7 -2.77474979  1.57660537  10.1957941
                   up  7 -3.10376771  1.58146454  10.3164419
           7  1  down  8  .820286089  1.60875885  10.7766892
                   up  8  .755674755  1.60845950  10.7734961
              2  down  8 -3.18046579  1.67838882  12.5866829
                   up  8 -3.33152482  1.67957352  12.6226193
           8  1  down  9  .788967874  1.70856101  13.2295863
                   up  9  .754786749  1.70787981  13.2140772
              2  down  9 -3.12305337  1.76664996  14.9166546
                   up  9 -3.30615065  1.76816057  14.9653181
        5  0  1  down  4  .349181635 -.838068513 -.403966421
                   up  4  .339324465 -.835489549 -.377575686
              2  down  3 -5.39518043  .093054150 -.474948430
                   up  3 -5.47642484  .092239434 -.473021347
           1  1  down  4  .540842639  .835917476  1.11951528
                   up  4  .538614345  .837900045  1.08694930
              2  down  3 -2.93767788 -.136123731  .566482579
                   up  3 -3.01621493 -.134662258  .564491100
           2  1  down  3  .784027823  .313654144 -.554448178
                   up  3  .714188063  .309262726 -.554112927
              2  down  3 -.080771072  .611750173  .346213148
                   up  3 -.220343640  .629334988  .426426239
           3  1  down  4  .526854364  1.08235184  2.51924479
                   up  4  .507609930  1.08075050  2.50649067
              2  down  4 -.078571722  1.11506052  2.89777965
                   up  4 -.072493331  1.11226489  2.86977004
           4  1  down  5  .499169180  1.25508697  4.44769747
                   up  5  .479868510  1.25423936  4.43842251
              2  down  5 -.696058425  1.29739339  5.11238293
                   up  5 -.924823979  1.30374392  5.21889633
           5  1  down  6  .530595041  1.38892067  6.44165960
                   up  6  .527908088  1.38790567  6.42554591
              2  down  6 -1.22699832  1.43574707  7.34281318
                   up  6 -1.59339282  1.44409372  7.51163915
           6  1  down  7  .503656870  1.50714430  8.60515158
                   up  7  .493898484  1.50653958  8.59418551
              2  down  7 -2.25078397  1.56517184  9.92407671
                   up  7 -2.54434445  1.57032809  10.0477457
           7  1  down  8  .538796807  1.61300305  10.8819156
                   up  8  .532487582  1.61246938  10.8704524
              2  down  8 -2.75634747  1.67051243  12.3738452
                   up  8 -3.00543686  1.67408310  12.4714078
           8  1  down  9  .495629352  1.71231869  13.3345954
                   up  9  .478175926  1.71205909  13.3289177
              2  down  9 -3.02093097  1.76447453  14.8506190
                   up  9 -3.18726283  1.76636516  14.9086938
        6  0  1  down  4  .524285205 -.829621724 -.318753757
                   up  4  .501081322 -.823513713 -.259859489
              2  down  3 -5.34777054  .093056418 -.475371535
                   up  3 -5.52887891  .091282778 -.471137348
           1  1  down  4  .689232047  .835703276  1.05577061
                   up  4  .671015622  .838718886  .990060594
              2  down  3 -2.89049025 -.136071199  .567072706
                   up  3 -3.06571651 -.132902424  .562666709
           2  1  down  3  .832641357  .313464033 -.555585718
                   up  3  .676508883  .303760842 -.555088344
              2  down  3 -.259927549  .670928935  .579729344
                   up  3 -.772698435  .750430862  .960078381
           3  1  down  4  .776584809  1.07080998  2.39226725
                   up  4  .722909668  1.06766869  2.36933752
              2  down  4 -.327771216  1.13025390  3.08222261
                   up  4 -.638821450  1.14062455  3.21989475
           4  1  down  5  .823069263  1.24480053  4.29357230
                   up  5  .751735441  1.24387294  4.28775036
              2  down  5 -1.47760122  1.32496568  5.56805231
                   up  5 -2.10630378  1.34212049  5.86617020
           5  1  down  6  .811192875  1.38243417  6.32247442
                   up  6  .750665972  1.38163058  6.31388131
              2  down  6 -2.13174187  1.45969111  7.82558042
                   up  6 -2.48512410  1.46622831  7.96511265
           6  1  down  7  .815465681  1.50131248  8.47880189
                   up  7  .760252279  1.50066063  8.46970719
              2  down  7 -2.77474979  1.57660537  10.1957941
                   up  7 -3.10376771  1.58146454  10.3164419
           7  1  down  8  .820286089  1.60875885  10.7766892
                   up  8  .755674755  1.60845950  10.7734961
              2  down  8 -3.18046579  1.67838882  12.5866829
                   up  8 -3.33152482  1.67957352  12.6226193
           8  1  down  9  .788967874  1.70856101  13.2295863
                   up  9  .754786749  1.70787981  13.2140772
              2  down  9 -3.12305337  1.76664996  14.9166546
                   up  9 -3.30615065  1.76816057  14.9653181
        7  0  1  down  3  .434102372  .876612765 -.090680454
                   up  3  .431128459  .877485307 -.082363296
              2  down  3  .325852143  .885778503 -.018422806
                   up  3  .301809884  .888405859  .003977121
           1  1  down  3  .667903318 -.913629086 -.423593726
                   up  3  .618916230 -.917310029 -.463148875
              2  down  3  .324039294 -.934184469 -.656133934
                   up  3  .139477333 -.944251485 -.786240479
           2  1  down  3  .751852361  .985922091  .858907007
                   up  3  .708363319  .990456136  .895064841
              2  down  3  .026137319  1.04859758  1.34942314
                   up  3 -.218338081  1.06884941  1.51966434
           3  1  down  4  .772031543  1.25783882  2.91599771
                   up  4  .725725222  1.26057366  2.94986511
              2  down  4  .037192024  1.29317034  3.34415241
                   up  4 -.207018057  1.30491601  3.49210677
           4  1  down  5  .802850808  1.44029643  5.02671119
                   up  5  .740534464  1.44280802  5.06647481
              2  down  5 -.513964762  1.48428280  5.72202553
                   up  5 -.707633486  1.49085885  5.82997347
           5  1  down  6  .817450487  1.59202724  7.30775799
                   up  6  .760459706  1.59382809  7.34228148
              2  down  6 -1.44152282  1.64910635  8.41044993
                   up  6 -1.84696791  1.65915715  8.61235072
           6  1  down  7  .816041410  1.72638051  9.76893642
                   up  7  .771715108  1.72757011  9.79565273
              2  down  7 -2.58035530  1.79466549  11.3207150
                   up  7 -2.80517020  1.79920535  11.4282227
           7  1  down  8  .806655887  1.84879437  12.4026314
                   up  8  .758819165  1.84984768  12.4295630
              2  down  8 -3.00034254  1.91238798  14.0490949
                   up  8 -3.17727409  1.91542383  14.1306345
           8  1  down  9  .819483437  1.96187242  15.1896737
                   up  9  .763978890  1.96288288  15.2185877
              2  down  9 -3.04325070  2.01688879  16.7820856
                   up  9 -3.24780353  2.01987927  16.8712932
        8  0  1  down  3  .434102375  .876612765 -.090680458
                   up  3  .431128461  .877485306 -.082363300
              2  down  3  .325852139  .885778503 -.018422805
                   up  3  .301809877  .888405859  .003977124
           1  1  down  3  .667903318 -.913629086 -.423593723
                   up  3  .618916232 -.917310029 -.463148871
              2  down  3  .324039279 -.934184470 -.656133942
                   up  3  .139477341 -.944251484 -.786240472
           2  1  down  3  .751852360  .985922090  .858907007
                   up  3  .708363319  .990456136  .895064839
              2  down  3  .026137314  1.04859758  1.34942314
                   up  3 -.218338064  1.06884941  1.51966432
           3  1  down  4  .772031538  1.25783882  2.91599772
                   up  4  .725725222  1.26057366  2.94986511
              2  down  4  .037192031  1.29317034  3.34415240
                   up  4 -.207018031  1.30491601  3.49210675
           4  1  down  5  .802850800  1.44029643  5.02671119
                   up  5  .740534466  1.44280802  5.06647481
              2  down  5 -.513964685  1.48428280  5.72202549
                   up  5 -.707633432  1.49085885  5.82997344
           5  1  down  6  .817450481  1.59202724  7.30775799
                   up  6  .760459710  1.59382809  7.34228147
              2  down  6 -1.44152278  1.64910635  8.41044991
                   up  6 -1.84696788  1.65915714  8.61235071
           6  1  down  7  .816041405  1.72638051  9.76893642
                   up  7  .771715113  1.72757011  9.79565273
              2  down  7 -2.58035528  1.79466549  11.3207150
                   up  7 -2.80517017  1.79920535  11.4282227
           7  1  down  8  .806655885  1.84879437  12.4026314
                   up  8  .758819171  1.84984768  12.4295630
              2  down  8 -3.00034252  1.91238798  14.0490949
                   up  8 -3.17727405  1.91542383  14.1306345
           8  1  down  9  .819483436  1.96187242  15.1896737
                   up  9  .763978896  1.96288288  15.2185877
              2  down  9 -3.04325070  2.01688879  16.7820856
                   up  9 -3.24780350  2.01987927  16.8712932
        9  0  1  down  2  .027483004 -.705879323  .928163418
                   up  2  .029273197 -.709018657  .916175378
              2  down  2 -.377153243 -.769955333  .641713578
                   up  2 -.520193032 -.794760252  .526177409
           1  1  down  2  .525617307  .706483385 -.640189311
                   up  2  .503169802  .714979593 -.609214202
              2  down  2 -1.43484112  1.01733802  .829322941
                   up  2 -1.53926125  1.03317036  .920199800
           2  1  down  3  .732706834  1.22128517  1.51216287
                   up  3  .695906773  1.22523795  1.54543989
              2  down  3 -1.97313013  1.38899778  3.14637009
                   up  3 -2.31848255  1.40869972  3.35933863
           3  1  down  4  .776413356  1.47122522  3.65762035
                   up  4  .735277081  1.47382855  3.68899603
              2  down  4 -2.93923239  1.61870477  5.65359140
                   up  4 -3.06269465  1.62374816  5.72654970
           4  1  down  5  .792233337  1.66495627  6.00715984
                   up  5  .778570308  1.66593255  6.02172183
              2  down  5 -3.32037957  1.78562567  8.03823933
                   up  5 -3.39258683  1.78803398  8.08047263
           5  1  down  6  .689787452  1.83408705  8.62603671
                   up  6  .698867449  1.83426439  8.62869236
              2  down  6 -3.14742237  1.92297093  10.3968553
                   up  6 -3.24890171  1.92554413  10.4496438
           6  1  down  7  .760309670  1.98149969  11.3722850
                   up  7  .717673796  1.98265532  11.3973804
              2  down  7 -3.23748731  2.05715796  13.1113636
                   up  7 -3.33314470  2.05916842  13.1585927
           7  1  down  8  .722704968  2.11899115  14.3675131
                   up  8  .697529077  2.11965669  14.3838759
              2  down  8 -2.99271614  2.17803455  15.9020559
                   up  8 -3.14446276  2.18059598  15.9698566
           8  1  down  9  .675474538  2.24702625  17.5555411
                   up  9  .692303340  2.24700030  17.5543565
              2  down  9 -3.08612319  2.29803703  19.0369578
                   up  9 -3.20228062  2.29976310  19.0877161
        t  l  e  spin  n  <du/de**2>       du/de   r(du/de)'
        1  0  1  down  4  .006237107  .065755888  .677042183
                   up  4  .006088516  .067358883  .677811037
              2  down  3  .333102037 -.688168434 -2.29638476
                   up  3  .336897012 -.693611411 -2.33405740
           1  1  down  4  .023932401 -.000630933 -.647889278
                   up  4  .021339252 -.008626272 -.655299565
              2  down  3  .252492059  .569270560  1.60277170
                   up  3  .255813307  .574259232  1.63071792
           2  1  down  3  .162000157 -.414090320 -.991746133
                   up  3  .166939939 -.421327765 -1.00629709
              2  down  3  .067653412 -.257255048 -1.02772303
                   up  3  .059343818 -.239298652 -1.02120027
           3  1  down  4  .001873372 -.056048512 -.630169800
                   up  4  .001923442 -.056660490 -.632098988
              2  down  4  .001509653 -.051043894 -.617616693
                   up  4  .001483646 -.050631485 -.616907978
           4  1  down  5  .000638831 -.036912902 -.561708938
                   up  5  .000648700 -.037141356 -.562716351
              2  down  5  .000485462 -.032868446 -.546214499
                   up  5  .000461571 -.032170197 -.543429849
           5  1  down  6  .000306273 -.027737886 -.517999063
                   up  6  .000309823 -.027865641 -.518697647
              2  down  6  .000233440 -.024770025 -.503206770
                   up  6  .000224724 -.024378058 -.501174129
           6  1  down  7  .000170790 -.022112050 -.485039880
                   up  7  .000172268 -.022187416 -.485533379
              2  down  7  .000130222 -.019772638 -.470790097
                   up  7  .000128217 -.019644237 -.470002922
           7  1  down  8  .000103978 -.018243635 -.458299669
                   up  8  .000104615 -.018287113 -.458634569
              2  down  8  .000082524 -.016597317 -.446572951
                   up  8  .000081766 -.016533099 -.446123595
           8  1  down  9  .000067363 -.015423520 -.435866133
                   up  9  .000067741 -.015457243 -.436157216
              2  down  9  .000055534 -.014258256 -.426383971
                   up  9  .000055169 -.014218904 -.426073229
        2  0  1  down  4  .006237107  .065755888  .677042183
                   up  4  .006088516  .067358883  .677811037
              2  down  3  .333102037 -.688168434 -2.29638476
                   up  3  .336897012 -.693611410 -2.33405740
           1  1  down  4  .023932401 -.000630933 -.647889278
                   up  4  .021339253 -.008626270 -.655299564
              2  down  3  .252492059  .569270560  1.60277170
                   up  3  .255813307  .574259231  1.63071792
           2  1  down  3  .162000157 -.414090320 -.991746133
                   up  3  .166939938 -.421327765 -1.00629709
              2  down  3  .067653412 -.257255049 -1.02772303
                   up  3  .059343820 -.239298657 -1.02120027
           3  1  down  4  .001873372 -.056048512 -.630169799
                   up  4  .001923442 -.056660490 -.632098987
              2  down  4  .001509653 -.051043894 -.617616695
                   up  4  .001483646 -.050631486 -.616907979
           4  1  down  5  .000638831 -.036912902 -.561708938
                   up  5  .000648700 -.037141356 -.562716350
              2  down  5  .000485462 -.032868446 -.546214501
                   up  5  .000461571 -.032170197 -.543429850
           5  1  down  6  .000306273 -.027737886 -.517999063
                   up  6  .000309823 -.027865641 -.518697647
              2  down  6  .000233440 -.024770025 -.503206771
                   up  6  .000224724 -.024378058 -.501174130
           6  1  down  7  .000170790 -.022112050 -.485039879
                   up  7  .000172268 -.022187416 -.485533379
              2  down  7  .000130222 -.019772638 -.470790097
                   up  7  .000128217 -.019644237 -.470002922
           7  1  down  8  .000103978 -.018243635 -.458299669
                   up  8  .000104615 -.018287113 -.458634569
              2  down  8  .000082524 -.016597317 -.446572952
                   up  8  .000081766 -.016533099 -.446123595
           8  1  down  9  .000067363 -.015423520 -.435866133
                   up  9  .000067741 -.015457243 -.436157216
              2  down  9  .000055534 -.014258256 -.426383971
                   up  9  .000055169 -.014218904 -.426073229
        3  0  1  down  4  .006320211  .064287046  .676273608
                   up  4  .006220345  .065312513  .676794376
              2  down  3  .333435345 -.688516024 -2.29702753
                   up  3  .335442107 -.691394945 -2.31693264
           1  1  down  4  .024820443  .002215825 -.644045941
                   up  4  .023225218 -.002618408 -.648878750
              2  down  3  .252750611  .569556238  1.60305905
                   up  3  .254509150  .572197268  1.61780815
           2  1  down  3  .162250002 -.414392358 -.991979292
                   up  3  .164860117 -.418223405 -.999651319
              2  down  3  .077466027 -.277141190 -1.04095153
                   up  3  .073768911 -.269737508 -1.04216714
           3  1  down  4  .001852730 -.055777442 -.629476972
                   up  4  .001872900 -.056021996 -.630318881
              2  down  4  .001600191 -.052341188 -.621006688
                   up  4  .001626362 -.052691346 -.622153641
           4  1  down  5  .000632298 -.036752322 -.561109481
                   up  5  .000635750 -.036830574 -.561494009
              2  down  5  .000529942 -.034103240 -.551184777
                   up  5  .000516887 -.033740623 -.549831605
           5  1  down  6  .000305388 -.027704755 -.517827106
                   up  6  .000306996 -.027762349 -.518151189
              2  down  6  .000253519 -.025632743 -.507706335
                   up  6  .000245469 -.025288577 -.505973694
           6  1  down  7  .000169838 -.022061199 -.484737600
                   up  7  .000170377 -.022088179 -.484925763
              2  down  7  .000136060 -.020131748 -.473087677
                   up  7  .000133496 -.019973549 -.472104100
           7  1  down  8  .000103823 -.018232736 -.458218165
                   up  8  .000104094 -.018250972 -.458363423
              2  down  8  .000083996 -.016717455 -.447463284
                   up  8  .000082942 -.016630664 -.446833920
           8  1  down  9  .000067188 -.015407295 -.435733849
                   up  9  .000067282 -.015415332 -.435811530
              2  down  9  .000055788 -.014284857 -.426604479
                   up  9  .000055437 -.014247686 -.426302190
        4  0  1  down  4  .006209863  .066300758  .677331895
                   up  4  .006033798  .068466121  .678298478
              2  down  3  .332941837 -.688015230 -2.29639850
                   up  3  .337358943 -.694346986 -2.34024144
           1  1  down  4  .022962078 -.003782710 -.651958608
                   up  4  .020126917 -.012693935 -.659836310
              2  down  3  .252372617  .569150867  1.60289590
                   up  3  .256235435  .574950889  1.63542495
           2  1  down  3  .161912811 -.413999143 -.991773668
                   up  3  .167674113 -.422431894 -1.00872517
              2  down  3  .062595500 -.246539079 -1.01913599
                   up  3  .046416376 -.209350188 -.988524330
           3  1  down  4  .001950949 -.057051305 -.632497196
                   up  4  .001994594 -.057562449 -.634267677
              2  down  4  .001494490 -.050822767 -.617054303
                   up  4  .001436080 -.049923174 -.615034790
           4  1  down  5  .000660159 -.037433010 -.563547792
                   up  5  .000665549 -.037547293 -.564186822
              2  down  5  .000471931 -.032480912 -.544613108
                   up  5  .000440335 -.031541554 -.540752783
           5  1  down  6  .000313462 -.028009065 -.519263240
                   up  6  .000315324 -.028070959 -.519674038
              2  down  6  .000230420 -.024636629 -.502502420
                   up  6  .000224983 -.024388426 -.501254329
           6  1  down  7  .000173710 -.022267993 -.485935209
                   up  7  .000174476 -.022304188 -.486215786
              2  down  7  .000130259 -.019774640 -.470809668
                   up  7  .000128062 -.019633816 -.469949675
           7  1  down  8  .000105486 -.018351878 -.459035400
                   up  8  .000105752 -.018368043 -.459192696
              2  down  8  .000081608 -.016521898 -.446011068
                   up  8  .000081354 -.016498585 -.445873743
           8  1  down  9  .000068109 -.015492900 -.436410914
                   up  9  .000068347 -.015513207 -.436601774
              2  down  9  .000055369 -.014240992 -.426240939
                   up  9  .000055125 -.014213932 -.426038334
        5  0  1  down  4  .006320211  .064287046  .676273608
                   up  4  .006220345  .065312513  .676794376
              2  down  3  .333435345 -.688516024 -2.29702753
                   up  3  .335442107 -.691394945 -2.31693264
           1  1  down  4  .024820443  .002215825 -.644045941
                   up  4  .023225218 -.002618408 -.648878750
              2  down  3  .252750611  .569556238  1.60305905
                   up  3  .254509150  .572197268  1.61780815
           2  1  down  3  .162250002 -.414392358 -.991979292
                   up  3  .164860117 -.418223405 -.999651319
              2  down  3  .077466027 -.277141190 -1.04095153
                   up  3  .073768911 -.269737508 -1.04216714
           3  1  down  4  .001852730 -.055777442 -.629476972
                   up  4  .001872900 -.056021996 -.630318881
              2  down  4  .001600191 -.052341188 -.621006688
                   up  4  .001626362 -.052691346 -.622153641
           4  1  down  5  .000632298 -.036752322 -.561109481
                   up  5  .000635750 -.036830574 -.561494009
              2  down  5  .000529942 -.034103240 -.551184777
                   up  5  .000516887 -.033740623 -.549831605
           5  1  down  6  .000305388 -.027704755 -.517827106
                   up  6  .000306996 -.027762349 -.518151189
              2  down  6  .000253519 -.025632743 -.507706335
                   up  6  .000245469 -.025288577 -.505973694
           6  1  down  7  .000169838 -.022061199 -.484737600
                   up  7  .000170377 -.022088179 -.484925763
              2  down  7  .000136060 -.020131748 -.473087677
                   up  7  .000133496 -.019973549 -.472104100
           7  1  down  8  .000103823 -.018232736 -.458218165
                   up  8  .000104094 -.018250972 -.458363423
              2  down  8  .000083996 -.016717455 -.447463284
                   up  8  .000082942 -.016630664 -.446833920
           8  1  down  9  .000067188 -.015407295 -.435733849
                   up  9  .000067282 -.015415332 -.435811530
              2  down  9  .000055788 -.014284857 -.426604479
                   up  9  .000055437 -.014247686 -.426302190
        6  0  1  down  4  .006209863  .066300758  .677331895
                   up  4  .006033798  .068466121  .678298478
              2  down  3  .332941837 -.688015230 -2.29639850
                   up  3  .337358943 -.694346986 -2.34024144
           1  1  down  4  .022962078 -.003782710 -.651958608
                   up  4  .020126917 -.012693935 -.659836310
              2  down  3  .252372617  .569150867  1.60289590
                   up  3  .256235435  .574950889  1.63542495
           2  1  down  3  .161912811 -.413999143 -.991773668
                   up  3  .167674113 -.422431894 -1.00872517
              2  down  3  .062595500 -.246539079 -1.01913599
                   up  3  .046416376 -.209350188 -.988524330
           3  1  down  4  .001950949 -.057051305 -.632497196
                   up  4  .001994594 -.057562449 -.634267677
              2  down  4  .001494490 -.050822767 -.617054303
                   up  4  .001436080 -.049923174 -.615034790
           4  1  down  5  .000660159 -.037433010 -.563547792
                   up  5  .000665549 -.037547293 -.564186822
              2  down  5  .000471931 -.032480912 -.544613108
                   up  5  .000440335 -.031541554 -.540752783
           5  1  down  6  .000313462 -.028009065 -.519263240
                   up  6  .000315324 -.028070959 -.519674038
              2  down  6  .000230420 -.024636629 -.502502420
                   up  6  .000224983 -.024388426 -.501254329
           6  1  down  7  .000173710 -.022267993 -.485935209
                   up  7  .000174476 -.022304188 -.486215786
              2  down  7  .000130259 -.019774640 -.470809668
                   up  7  .000128062 -.019633816 -.469949675
           7  1  down  8  .000105486 -.018351878 -.459035400
                   up  8  .000105752 -.018368043 -.459192696
              2  down  8  .000081608 -.016521898 -.446011068
                   up  8  .000081354 -.016498585 -.445873743
           8  1  down  9  .000068109 -.015492900 -.436410914
                   up  9  .000068347 -.015513207 -.436601774
              2  down  9  .000055369 -.014240992 -.426240939
                   up  9  .000055125 -.014213932 -.426038334
        7  0  1  down  3  .005038269 -.085389426 -.667452333
                   up  3  .005034034 -.085304513 -.667605692
              2  down  3  .004998233 -.083953524 -.667539380
                   up  3  .004987458 -.083588397 -.667679701
           1  1  down  3  .009489484  .064510585  .678844880
                   up  3  .009681026  .063143791  .678211609
              2  down  3  .011094184  .054754318  .673109298
                   up  3  .012303765  .048591201  .668343433
           2  1  down  3  .004585045 -.091023708 -.680622240
                   up  3  .004517985 -.090397545 -.680262501
              2  down  3  .003653577 -.081953942 -.670834459
                   up  3  .003389847 -.079184681 -.667234975
           3  1  down  4  .001020812 -.049449476 -.585951853
                   up  4  .001011644 -.049250377 -.585542294
              2  down  4  .000898398 -.046756596 -.579339310
                   up  4  .000861218 -.045899649 -.577128601
           4  1  down  5  .000412453 -.034529163 -.532101185
                   up  5  .000409061 -.034405364 -.531690714
              2  down  5  .000353380 -.032323777 -.523986991
                   up  5  .000345396 -.032009944 -.522785985
           5  1  down  6  .000206758 -.026325232 -.493185963
                   up  6  .000205573 -.026260497 -.492899778
              2  down  6  .000170248 -.024264823 -.483180730
                   up  6  .000164528 -.023920644 -.481414441
           6  1  down  7  .000116952 -.021071454 -.462585691
                   up  7  .000116524 -.021038756 -.462406883
              2  down  7  .000093390 -.019196955 -.451338849
                   up  7  .000092015 -.019079606 -.450598782
           7  1  down  8  .000071716 -.017419709 -.437454838
                   up  8  .000071488 -.017396524 -.437302837
              2  down  8  .000058552 -.016028263 -.427639394
                   up  8  .000057995 -.015965468 -.427178467
           8  1  down  9  .000046697 -.014748769 -.416285157
                   up  9  .000046557 -.014730472 -.416145472
              2  down  9  .000039394 -.013760397 -.408307950
                   up  9  .000039035 -.013709147 -.407880678
        8  0  1  down  3  .005038269 -.085389426 -.667452333
                   up  3  .005034034 -.085304513 -.667605692
              2  down  3  .004998233 -.083953524 -.667539380
                   up  3  .004987458 -.083588397 -.667679701
           1  1  down  3  .009489484  .064510585  .678844880
                   up  3  .009681026  .063143792  .678211609
              2  down  3  .011094184  .054754317  .673109298
                   up  3  .012303765  .048591202  .668343433
           2  1  down  3  .004585045 -.091023708 -.680622240
                   up  3  .004517985 -.090397545 -.680262501
              2  down  3  .003653577 -.081953942 -.670834459
                   up  3  .003389847 -.079184682 -.667234976
           3  1  down  4  .001020812 -.049449476 -.585951854
                   up  4  .001011644 -.049250377 -.585542294
              2  down  4  .000898398 -.046756596 -.579339310
                   up  4  .000861218 -.045899649 -.577128602
           4  1  down  5  .000412453 -.034529163 -.532101185
                   up  5  .000409061 -.034405364 -.531690714
              2  down  5  .000353380 -.032323777 -.523986992
                   up  5  .000345396 -.032009944 -.522785985
           5  1  down  6  .000206758 -.026325232 -.493185963
                   up  6  .000205573 -.026260497 -.492899778
              2  down  6  .000170248 -.024264823 -.483180730
                   up  6  .000164528 -.023920644 -.481414442
           6  1  down  7  .000116952 -.021071454 -.462585691
                   up  7  .000116524 -.021038756 -.462406883
              2  down  7  .000093390 -.019196955 -.451338849
                   up  7  .000092015 -.019079606 -.450598782
           7  1  down  8  .000071716 -.017419709 -.437454838
                   up  8  .000071488 -.017396524 -.437302837
              2  down  8  .000058552 -.016028263 -.427639394
                   up  8  .000057995 -.015965468 -.427178467
           8  1  down  9  .000046697 -.014748769 -.416285157
                   up  9  .000046557 -.014730472 -.416145473
              2  down  9  .000039394 -.013760397 -.408307950
                   up  9  .000039035 -.013709147 -.407880678
        9  0  1  down  2  .012086313  .163465362  .702053460
                   up  2  .012007827  .162932234  .702397496
              2  down  2  .010612045  .153316974  .712893787
                   up  2  .010059418  .149301371  .715587631
           1  1  down  2  .019748130 -.194528375 -.739974237
                   up  2  .019375073 -.192660073 -.741199447
              2  down  2  .008504390 -.127926601 -.740525614
                   up  2  .008072147 -.124694320 -.737548571
           2  1  down  3  .001882130 -.070122244 -.616834153
                   up  3  .001858083 -.069714393 -.616233308
              2  down  3  .001090955 -.054897615 -.590326773
                   up  3  .001018812 -.053272442 -.586488619
           3  1  down  4  .000594432 -.043995343 -.549331060
                   up  4  .000589380 -.043832769 -.548889563
              2  down  4  .000371270 -.035893764 -.525182429
                   up  4  .000365012 -.035636176 -.524253561
           4  1  down  5  .000261898 -.031773617 -.503383338
                   up  5  .000261040 -.031729987 -.503207984
              2  down  5  .000180600 -.027141750 -.484602241
                   up  5  .000179192 -.027053561 -.484190936
           5  1  down  6  .000135203 -.024491030 -.468060433
                   up  6  .000135101 -.024483855 -.468016825
              2  down  6  .000103822 -.021928860 -.455079005
                   up  6  .000103003 -.021857308 -.454682313
           6  1  down  7  .000078496 -.019803037 -.440255852
                   up  7  .000078224 -.019774814 -.440086980
              2  down  7  .000063161 -.018098046 -.429892012
                   up  7  .000062786 -.018053980 -.429604520
           7  1  down  8  .000048683 -.016440449 -.416857679
                   up  8  .000048587 -.016427310 -.416764109
              2  down  8  .000041307 -.015366911 -.409261400
                   up  8  .000041008 -.015321481 -.408923920
           8  1  down  9  .000031892 -.013949790 -.396945215
                   up  9  .000031891 -.013949791 -.396942493
              2  down  9  .000027787 -.013186744 -.390765913
                   up  9  .000027655 -.013161360 -.390551622
 TIME: xmt:      0.026m in,      0.002m added,      0.029m total
 TIME: CONVOPOT:      0.031m in,      0.001m added,      0.032m total

 splitting parameters for structure functions.
        nstgm        gcut nstrm        rcut   lmx          t2         eta
          496   3.5329419   496  29.2228168    10  -0.1000000   0.2311236
                                                   -2.3000000   0.2260705
                                                   -1.5000000   0.2281277
  EIGEN: Allocating arrays for the diagonalization.
  EIGEN: Starting the k-point loop.
 TIME: EIGEN:      0.032m in,     13.072m added,     13.104m total

 Cpulog for EIGEN:
             FC+VI           FC junk              STRC           O+T Int
            5.7588            .00219            .27576            .05857
            O+H Mt              Diag               <I>
            5.9957            .72018            .04096

      Electron entropy
         T   =  473.680159 K
         S/k =  1.09864604
         N   =  106.000000

 Eigenvalue sum: -133.866948162371
 fermi energy =  8.9082836859154E-01
        D(ef) =  1.1157104027939E+02
 eigenvalues within   71.9999999 mRy of E Fermi ... 90692

 TIME: FERMI:     13.104m in,      0.039m added,     13.143m total
 TIME: EIGEN0:      0.032m in,     13.111m added,     13.143m total
 Output from conden
 Conden: Muffin tin density from the eigenstates.

    Muffin tin charge:
      type  spin                 Q
         1  down   5.9739437704545
         2  down   5.9739438587142
         3  down   6.4195721446198
         4  down   5.7789892725337
         5  down   6.4195721446185
         6  down   5.7789892725334
         7  down   .26867332462965
         8  down   .26867332040007
         9  down   1.3746149493791
     total  down   38.256972057883

         1    up   7.7550706714676
         2    up   7.7550706018952
         3    up   7.3837944181909
         4    up   7.9134246233912
         5    up   7.3837944181912
         6    up   7.9134246233915
         7    up   .23799837087740
         8    up   .23799836700545
         9    up   1.2787093584296
     total    up   47.859285452840

      Time (min) ...
            Read time      Sfs * Evs      Dens cofs      pr e cofs
               0.0044         0.5132         1.7017         0.0845
              scaling       rad dens            Sfs          total
               0.0000         0.0058         0.2398         2.5512
  setbex1 =            6
  setbex1 =            8
 Fourier transform parameters 
 radii and arguments:
 1.5449431     6
 1.8491383     6
    Lm    m1    m2    m3
     2     9     9    18
   condng0:
      Interstitial charge:
              spin                 Q              dQ/Q               fix
              down  9.84236716443258 -.000029597066349  1.00002959794236
                up  10.0413753244679 -.000055605387280  1.00005560847941

 Cpulog for condng0:
      Rotate/Remap           Density       END condng0
            .00110            5.4108            .00018
 TIME: condng0:     15.695m in,      5.745m added,     21.440m total



 Valence Charge Summary
        type  spin                 Q
           1  down   5.9739437704545
                up   7.7550706714676
           2  down   5.9739438587142
                up   7.7550706018952
           3  down   6.4195721446198
                up   7.3837944181909
           4  down   5.7789892725337
                up   7.9134246233912
           5  down   6.4195721446185
                up   7.3837944181912
           6  down   5.7789892725334
                up   7.9134246233915
           7  down   .26867332462965
                up   .23799837087740
           8  down   .26867332040007
                up   .23799836700545
           9  down   1.3746149493791
                up   1.2787093584296
           I  down   9.8423671644325
                up   10.041375324467

   .00000000037644 electrons added

 L-projected averages ...
      Muffin tins
        t  l     e  spin              E           dE/E              Q
        1  0     1  down      0.4715555     -0.0031631      0.0792168
                      up      0.4375039     -0.0029912      0.0797044
                 2  down     -5.3492731      0.0000253      0.9958547
                      up     -5.5031645      0.0000249      0.9956907
             total  down     -4.9203646                     1.0750715
                      up     -5.0628636                     1.0753951
           1     1  down      0.0538465    -10.4947392      0.0871284
                      up      0.1537509     -2.9437462      0.0883361
                 2  down     -2.8912600      0.0002158      2.9454982
                      up     -3.0443893      0.0003773      2.9460064
             total  down     -2.8066460                     3.0326267
                      up     -2.9512848                     3.0343425
           2     1  down      0.7595671      0.0015709      1.8627037
                      up      0.7292214      0.0007065      3.6417218
                 2  down     -1.9725368      0.9018289      0.0009337
                      up     -2.2692251      0.7819395      0.0007719
             total  down      0.7581983                     1.8636374
                      up      0.7285860                     3.6424937
           3     1  down      1.0306531      0.4185273      0.0019044
                      up      0.9501646      0.3810010      0.0021138
                 2  down     -2.4972958      0.8802520      0.0002800
                      up     -2.6237631      0.8137720      0.0002487
             total  down      0.5784629                     0.0021844
                      up      0.5739392                     0.0023625
           4     1  down      0.8254523      0.2800828      0.0003177
                      up      0.7788992      0.2394399      0.0003639
                 2  down     -2.3645188      0.4550574      0.0000308
                      up     -2.5692009      0.3175375      0.0000263
             total  down      0.5433567                     0.0003485
                      up      0.5535189                     0.0003902
           5     1  down      0.8417875      0.3048958      0.0000557
                      up      0.7970574      0.2516089      0.0000657
                 2  down     -2.6498676      0.2392651      0.0000058
                      up     -2.7611030      0.0974144      0.0000051
             total  down      0.5127986                     0.0000615
                      up      0.5383493                     0.0000708
           6     1  down      0.7003196      0.1448930      0.0000106
                      up      0.6908380      0.1118656      0.0000126
                 2  down     -2.8061018      0.0042998      0.0000007
                      up     -2.9232265     -0.0551333      0.0000006
             total  down      0.4934192                     0.0000112
                      up      0.5263768                     0.0000132
           7     1  down      0.6358001      0.0718592      0.0000020
                      up      0.6342377      0.0570824      0.0000023
                 2  down     -2.9400774     -0.0251808      0.0000001
                      up     -3.0930733     -0.0495116      0.0000001
             total  down      0.4734503                     0.0000021
                      up      0.4948638                     0.0000024
           8     1  down      0.5855929      0.0220283      0.0000004
                      up      0.6050628      0.0163877      0.0000005
                 2  down     -3.0429407     -0.0124910      0.0000000
                      up     -3.2299209     -0.0181911      0.0000000
             total  down      0.4489915                     0.0000004
                      up      0.4858260                     0.0000005
        2  0     1  down      0.4715555     -0.0031631      0.0792168
                      up      0.4375039     -0.0029912      0.0797044
                 2  down     -5.3492731      0.0000253      0.9958547
                      up     -5.5031645      0.0000249      0.9956907
             total  down     -4.9203646                     1.0750715
                      up     -5.0628636                     1.0753951
           1     1  down      0.0538465    -10.4947441      0.0871285
                      up      0.1537509     -2.9437470      0.0883361
                 2  down     -2.8912600      0.0002158      2.9454982
                      up     -3.0443893      0.0003773      2.9460064
             total  down     -2.8066460                     3.0326267
                      up     -2.9512848                     3.0343425
           2     1  down      0.7595671      0.0015709      1.8627038
                      up      0.7292214      0.0007065      3.6417217
                 2  down     -1.9725369      0.9018290      0.0009337
                      up     -2.2692251      0.7819395      0.0007719
             total  down      0.7581983                     1.8636375
                      up      0.7285860                     3.6424936
           3     1  down      1.0306529      0.4185273      0.0019044
                      up      0.9501645      0.3810009      0.0021138
                 2  down     -2.4972958      0.8802520      0.0002800
                      up     -2.6237631      0.8137720      0.0002487
             total  down      0.5784628                     0.0021844
                      up      0.5739392                     0.0023625
           4     1  down      0.8254522      0.2800828      0.0003177
                      up      0.7788991      0.2394399      0.0003639
                 2  down     -2.3645188      0.4550575      0.0000308
                      up     -2.5692008      0.3175376      0.0000263
             total  down      0.5433567                     0.0003485
                      up      0.5535189                     0.0003902
           5     1  down      0.8417873      0.3048958      0.0000557
                      up      0.7970573      0.2516088      0.0000657
                 2  down     -2.6498675      0.2392652      0.0000058
                      up     -2.7611029      0.0974144      0.0000051
             total  down      0.5127986                     0.0000615
                      up      0.5383493                     0.0000708
           6     1  down      0.7003195      0.1448930      0.0000106
                      up      0.6908379      0.1118656      0.0000126
                 2  down     -2.8061018      0.0042998      0.0000007
                      up     -2.9232264     -0.0551333      0.0000006
             total  down      0.4934193                     0.0000112
                      up      0.5263768                     0.0000132
           7     1  down      0.6358000      0.0718592      0.0000020
                      up      0.6342376      0.0570823      0.0000023
                 2  down     -2.9400773     -0.0251808      0.0000001
                      up     -3.0930732     -0.0495116      0.0000001
             total  down      0.4734503                     0.0000021
                      up      0.4948638                     0.0000024
           8     1  down      0.5855928      0.0220282      0.0000004
                      up      0.6050627      0.0163877      0.0000005
                 2  down     -3.0429407     -0.0124911      0.0000000
                      up     -3.2299209     -0.0181911      0.0000000
             total  down      0.4489915                     0.0000004
                      up      0.4858260                     0.0000005
        3  0     1  down      0.3478230     -0.0039060      0.0733633
                      up      0.3380874     -0.0036590      0.0742070
                 2  down     -5.3830741      0.0000261      0.9954081
                      up     -5.4666535      0.0000257      0.9951389
             total  down     -4.9896899                     1.0687715
                      up     -5.0638350                     1.0693458
           1     1  down     -0.1138954      5.7485917      0.0982699
                      up     -0.0064538     84.4567392      0.1009807
                 2  down     -2.9209928      0.0003730      2.9421538
                      up     -3.0074730      0.0005131      2.9401206
             total  down     -2.8302643                     3.0404237
                      up     -2.9078233                     3.0411013
           2     1  down      0.7506988      0.0009191      2.3054232
                      up      0.7335912      0.0006321      3.2687890
                 2  down     -2.0857613      0.9612750      0.0007084
                      up     -2.2511744      0.9021206      0.0006205
             total  down      0.7498276                     2.3061316
                      up      0.7330247                     3.2694096
           3     1  down      0.7209152      0.2691868      0.0033005
                      up      0.6923268      0.2668059      0.0030701
                 2  down     -2.5949953      0.9697218      0.0002102
                      up     -2.6515242      0.9726598      0.0001830
             total  down      0.5224079                     0.0035106
                      up      0.5042155                     0.0032531
           4     1  down      0.5940036      0.1596529      0.0005767
                      up      0.5701445      0.1583389      0.0005367
                 2  down     -2.3948750      0.7093550      0.0000206
                      up     -2.4923138      0.6289296      0.0000178
             total  down      0.4907321                     0.0005973
                      up      0.4720247                     0.0005544
           5     1  down      0.6357005      0.1653381      0.0001075
                      up      0.6250476      0.1554114      0.0001024
                 2  down     -2.5884114      0.5259647      0.0000040
                      up     -2.6436317      0.3972713      0.0000035
             total  down      0.5203838                     0.0001115
                      up      0.5177757                     0.0001059
           6     1  down      0.5438544      0.0739122      0.0000209
                      up      0.5316121      0.0709420      0.0000196
                 2  down     -2.6400650      0.1474513      0.0000004
                      up     -2.7034268      0.0588447      0.0000003
             total  down      0.4894806                     0.0000212
                      up      0.4796451                     0.0000199
           7     1  down      0.5584662      0.0352204      0.0000039
                      up      0.5511734      0.0339018      0.0000036
                 2  down     -2.7606683      0.0015652      0.0000000
                      up     -2.8520657     -0.0537755      0.0000000
             total  down      0.5237991                     0.0000039
                      up      0.5166770                     0.0000036
           8     1  down      0.5000755      0.0088909      0.0000009
                      up      0.4824599      0.0088794      0.0000008
                 2  down     -2.9337896     -0.0297027      0.0000000
                      up     -3.0504943     -0.0448349      0.0000000
             total  down      0.4830346                     0.0000009
                      up      0.4646630                     0.0000008
        4  0     1  down      0.5226946     -0.0030431      0.0792429
                      up      0.4997466     -0.0026707      0.0829720
                 2  down     -5.3282633      0.0000242      0.9966287
                      up     -5.5140633      0.0000260      0.9961458
             total  down     -4.8973132                     1.0758716
                      up     -5.0516692                     1.0791178
           1     1  down      0.0831594     -7.2880794      0.0810377
                      up      0.1982411     -2.3848462      0.0820550
                 2  down     -2.8730408      0.0001230      2.9471268
                      up     -3.0566412      0.0003951      2.9472115
             total  down     -2.7939290                     3.0281645
                      up     -2.9684748                     3.0292665
           2     1  down      0.7722954      0.0014778      1.6728793
                      up      0.7273069      0.0005555      3.8027528
                 2  down     -2.0349112      0.8722659      0.0008023
                      up     -2.4074426      0.6790377      0.0006451
             total  down      0.7709497                     1.6736817
                      up      0.7267752                     3.8033979
           3     1  down      1.5712318      0.5057478      0.0008918
                      up      1.3307521      0.4567661      0.0011724
                 2  down     -2.5712516      0.8725246      0.0002262
                      up     -2.7637370      0.7688559      0.0002149
             total  down      0.7330013                     0.0011181
                      up      0.6966176                     0.0013873
           4     1  down      1.3727432      0.4004201      0.0001033
                      up      1.0863344      0.3080073      0.0001876
                 2  down     -2.3017142      0.3580432      0.0000245
                      up     -2.6593025      0.2079488      0.0000231
             total  down      0.6674767                     0.0001279
                      up      0.6751889                     0.0002107
           5     1  down      1.5000202      0.4592120      0.0000167
                      up      1.1487312      0.3465260      0.0000320
                 2  down     -2.8593958      0.2544782      0.0000044
                      up     -2.8384142      0.1244674      0.0000047
             total  down      0.5939125                     0.0000211
                      up      0.6388017                     0.0000367
           6     1  down      1.1224856      0.2735179      0.0000030
                      up      0.9304348      0.1829064      0.0000058
                 2  down     -2.8009570      0.0093565      0.0000006
                      up     -2.9551609     -0.0502872      0.0000006
             total  down      0.4629098                     0.0000036
                      up      0.5744240                     0.0000063
           7     1  down      0.9587578      0.1444282      0.0000007
                      up      0.8362151      0.0963154      0.0000011
                 2  down     -3.1108575     -0.0223759      0.0000001
                      up     -3.1736208     -0.0497552      0.0000001
             total  down      0.4628661                     0.0000007
                      up      0.5380618                     0.0000012
           8     1  down      0.8353538      0.0555285      0.0000001
                      up      0.7796678      0.0319124      0.0000002
                 2  down     -3.0864160     -0.0118705      0.0000000
                      up     -3.2464632     -0.0183854      0.0000000
             total  down      0.3232401                     0.0000001
                      up      0.4910959                     0.0000002
        5  0     1  down      0.3478230     -0.0039060      0.0733633
                      up      0.3380874     -0.0036590      0.0742070
                 2  down     -5.3830741      0.0000261      0.9954081
                      up     -5.4666535      0.0000257      0.9951389
             total  down     -4.9896899                     1.0687715
                      up     -5.0638350                     1.0693458
           1     1  down     -0.1138954      5.7485917      0.0982699
                      up     -0.0064538     84.4567390      0.1009807
                 2  down     -2.9209928      0.0003730      2.9421538
                      up     -3.0074730      0.0005131      2.9401206
             total  down     -2.8302643                     3.0404237
                      up     -2.9078233                     3.0411013
           2     1  down      0.7506988      0.0009191      2.3054232
                      up      0.7335912      0.0006321      3.2687890
                 2  down     -2.0857613      0.9612750      0.0007084
                      up     -2.2511744      0.9021206      0.0006205
             total  down      0.7498276                     2.3061316
                      up      0.7330247                     3.2694096
           3     1  down      0.7209152      0.2691868      0.0033005
                      up      0.6923268      0.2668059      0.0030701
                 2  down     -2.5949953      0.9697218      0.0002102
                      up     -2.6515242      0.9726598      0.0001830
             total  down      0.5224079                     0.0035106
                      up      0.5042155                     0.0032531
           4     1  down      0.5940036      0.1596529      0.0005767
                      up      0.5701445      0.1583389      0.0005367
                 2  down     -2.3948750      0.7093550      0.0000206
                      up     -2.4923138      0.6289296      0.0000178
             total  down      0.4907321                     0.0005973
                      up      0.4720247                     0.0005544
           5     1  down      0.6357005      0.1653381      0.0001075
                      up      0.6250476      0.1554114      0.0001024
                 2  down     -2.5884114      0.5259647      0.0000040
                      up     -2.6436317      0.3972713      0.0000035
             total  down      0.5203838                     0.0001115
                      up      0.5177757                     0.0001059
           6     1  down      0.5438544      0.0739122      0.0000209
                      up      0.5316121      0.0709420      0.0000196
                 2  down     -2.6400650      0.1474513      0.0000004
                      up     -2.7034268      0.0588447      0.0000003
             total  down      0.4894806                     0.0000212
                      up      0.4796451                     0.0000199
           7     1  down      0.5584662      0.0352204      0.0000039
                      up      0.5511734      0.0339018      0.0000036
                 2  down     -2.7606683      0.0015652      0.0000000
                      up     -2.8520657     -0.0537755      0.0000000
             total  down      0.5237991                     0.0000039
                      up      0.5166770                     0.0000036
           8     1  down      0.5000755      0.0088909      0.0000009
                      up      0.4824599      0.0088794      0.0000008
                 2  down     -2.9337896     -0.0297027      0.0000000
                      up     -3.0504943     -0.0448349      0.0000000
             total  down      0.4830346                     0.0000009
                      up      0.4646630                     0.0000008
        6  0     1  down      0.5226946     -0.0030431      0.0792429
                      up      0.4997466     -0.0026707      0.0829720
                 2  down     -5.3282633      0.0000242      0.9966287
                      up     -5.5140633      0.0000260      0.9961458
             total  down     -4.8973132                     1.0758716
                      up     -5.0516692                     1.0791178
           1     1  down      0.0831594     -7.2880794      0.0810377
                      up      0.1982411     -2.3848462      0.0820550
                 2  down     -2.8730408      0.0001230      2.9471268
                      up     -3.0566412      0.0003951      2.9472115
             total  down     -2.7939290                     3.0281645
                      up     -2.9684748                     3.0292665
           2     1  down      0.7722954      0.0014778      1.6728793
                      up      0.7273069      0.0005555      3.8027528
                 2  down     -2.0349112      0.8722659      0.0008023
                      up     -2.4074426      0.6790377      0.0006451
             total  down      0.7709497                     1.6736817
                      up      0.7267752                     3.8033979
           3     1  down      1.5712318      0.5057478      0.0008918
                      up      1.3307521      0.4567661      0.0011724
                 2  down     -2.5712516      0.8725246      0.0002262
                      up     -2.7637370      0.7688559      0.0002149
             total  down      0.7330013                     0.0011181
                      up      0.6966176                     0.0013873
           4     1  down      1.3727432      0.4004201      0.0001033
                      up      1.0863344      0.3080073      0.0001876
                 2  down     -2.3017142      0.3580432      0.0000245
                      up     -2.6593025      0.2079488      0.0000231
             total  down      0.6674767                     0.0001279
                      up      0.6751889                     0.0002107
           5     1  down      1.5000202      0.4592120      0.0000167
                      up      1.1487312      0.3465260      0.0000320
                 2  down     -2.8593958      0.2544782      0.0000044
                      up     -2.8384142      0.1244674      0.0000047
             total  down      0.5939125                     0.0000211
                      up      0.6388017                     0.0000367
           6     1  down      1.1224856      0.2735179      0.0000030
                      up      0.9304348      0.1829064      0.0000058
                 2  down     -2.8009570      0.0093565      0.0000006
                      up     -2.9551609     -0.0502872      0.0000006
             total  down      0.4629098                     0.0000036
                      up      0.5744240                     0.0000063
           7     1  down      0.9587578      0.1444282      0.0000007
                      up      0.8362151      0.0963154      0.0000011
                 2  down     -3.1108575     -0.0223759      0.0000001
                      up     -3.1736208     -0.0497552      0.0000001
             total  down      0.4628661                     0.0000007
                      up      0.5380618                     0.0000012
           8     1  down      0.8353538      0.0555285      0.0000001
                      up      0.7796678      0.0319124      0.0000002
                 2  down     -3.0864160     -0.0118705      0.0000000
                      up     -3.2464632     -0.0183854      0.0000000
             total  down      0.3232401                     0.0000001
                      up      0.4910959                     0.0000002
        7  0     1  down      0.5787734      0.2499614      0.1169989
                      up      0.5669782      0.2396031      0.1116560
                 2  down     -1.7287960      1.1884850      0.0079223
                      up     -1.9738380      1.1529051      0.0063840
             total  down      0.4324310                     0.1249212
                      up      0.4295622                     0.1180400
           1     1  down      0.7604376      0.1216856      0.1211087
                      up      0.7183991      0.1384786      0.0977256
                 2  down     -2.3080204      1.1403971      0.0038263
                      up     -2.4542551      1.0568308      0.0032147
             total  down      0.6664621                     0.1249350
                      up      0.6173593                     0.1009403
           2     1  down      0.9014997      0.1659982      0.0174101
                      up      0.8402165      0.1569276      0.0175560
                 2  down     -2.3696920      1.0110298      0.0008589
                      up     -2.5522793      0.9144537      0.0007272
             total  down      0.7477145                     0.0182690
                      up      0.7052772                     0.0182832
           3     1  down      1.5296549      0.4952904      0.0003825
                      up      1.2991998      0.4414060      0.0005427
                 2  down     -2.1375851      1.0173991      0.0001055
                      up     -2.5649762      0.9192905      0.0000983
             total  down      0.7368201                     0.0004880
                      up      0.7064127                     0.0006410
           4     1  down      1.8848551      0.5740517      0.0000376
                      up      1.4981930      0.5057149      0.0000642
                 2  down     -2.2473062      0.7712974      0.0000149
                      up     -2.4656500      0.7130033      0.0000163
             total  down      0.7127949                     0.0000524
                      up      0.6948925                     0.0000805
           5     1  down      1.6198594      0.4953571      0.0000052
                      up      1.2446561      0.3890202      0.0000098
                 2  down     -2.6034691      0.4463069      0.0000015
                      up     -2.6760029      0.3098035      0.0000017
             total  down      0.6544905                     0.0000067
                      up      0.6762891                     0.0000115
           6     1  down      1.2563773      0.3504806      0.0000007
                      up      1.0076269      0.2341261      0.0000014
                 2  down     -2.8210642      0.0853256      0.0000001
                      up     -2.8015219     -0.0013023      0.0000002
             total  down      0.5585712                     0.0000009
                      up      0.6401874                     0.0000016
           7     1  down      0.9984793      0.1921155      0.0000001
                      up      0.8661379      0.1239049      0.0000002
                 2  down     -2.9545318     -0.0155053      0.0000000
                      up     -3.0084869     -0.0561037      0.0000000
             total  down      0.4965469                     0.0000001
                      up      0.5796284                     0.0000002
           8     1  down      0.8762736      0.0648087      0.0000000
                      up      0.7964563      0.0407774      0.0000000
                 2  down     -2.9808654     -0.0209286      0.0000000
                      up     -3.1524696     -0.0302410      0.0000000
             total  down      0.4994890                     0.0000000
                      up      0.5684806                     0.0000000
        8  0     1  down      0.5787734      0.2499614      0.1169989
                      up      0.5669782      0.2396031      0.1116560
                 2  down     -1.7287961      1.1884850      0.0079223
                      up     -1.9738381      1.1529051      0.0063840
             total  down      0.4324310                     0.1249212
                      up      0.4295622                     0.1180400
           1     1  down      0.7604376      0.1216856      0.1211087
                      up      0.7183991      0.1384786      0.0977256
                 2  down     -2.3080205      1.1403971      0.0038263
                      up     -2.4542552      1.0568308      0.0032147
             total  down      0.6664621                     0.1249350
                      up      0.6173593                     0.1009403
           2     1  down      0.9014997      0.1659982      0.0174101
                      up      0.8402165      0.1569276      0.0175560
                 2  down     -2.3696921      1.0110298      0.0008589
                      up     -2.5522793      0.9144537      0.0007272
             total  down      0.7477145                     0.0182689
                      up      0.7052772                     0.0182832
           3     1  down      1.5296549      0.4952904      0.0003825
                      up      1.2991998      0.4414060      0.0005427
                 2  down     -2.1375851      1.0173991      0.0001055
                      up     -2.5649762      0.9192905      0.0000983
             total  down      0.7368201                     0.0004880
                      up      0.7064127                     0.0006410
           4     1  down      1.8848551      0.5740517      0.0000376
                      up      1.4981930      0.5057149      0.0000642
                 2  down     -2.2473062      0.7712974      0.0000149
                      up     -2.4656501      0.7130033      0.0000163
             total  down      0.7127949                     0.0000524
                      up      0.6948925                     0.0000805
           5     1  down      1.6198594      0.4953571      0.0000052
                      up      1.2446562      0.3890203      0.0000098
                 2  down     -2.6034691      0.4463069      0.0000015
                      up     -2.6760029      0.3098035      0.0000017
             total  down      0.6544905                     0.0000067
                      up      0.6762891                     0.0000115
           6     1  down      1.2563773      0.3504806      0.0000007
                      up      1.0076269      0.2341261      0.0000014
                 2  down     -2.8210642      0.0853256      0.0000001
                      up     -2.8015219     -0.0013023      0.0000002
             total  down      0.5585712                     0.0000009
                      up      0.6401874                     0.0000016
           7     1  down      0.9984793      0.1921155      0.0000001
                      up      0.8661379      0.1239049      0.0000002
                 2  down     -2.9545318     -0.0155053      0.0000000
                      up     -3.0084868     -0.0561037      0.0000000
             total  down      0.4965469                     0.0000001
                      up      0.5796284                     0.0000002
           8     1  down      0.8762736      0.0648087      0.0000000
                      up      0.7964563      0.0407774      0.0000000
                 2  down     -2.9808654     -0.0209286      0.0000000
                      up     -3.1524696     -0.0302410      0.0000000
             total  down      0.4994891                     0.0000000
                      up      0.5684807                     0.0000000
        9  0     1  down      0.0724470      0.6206466      0.4536749
                      up      0.0706434      0.5856201      0.4461450
                 2  down     -1.5918502      0.7630724      0.0140633
                      up     -1.8120235      0.7129215      0.0112574
             total  down      0.0224073                     0.4677381
                      up      0.0243079                     0.4574024
           1     1  down      0.5474457      0.0398732      0.8692915
                      up      0.5248209      0.0412543      0.7826708
                 2  down     -2.3734224      0.3954548      0.0084266
                      up     -2.4371838      0.3684263      0.0074162
             total  down      0.5194036                     0.8777181
                      up      0.4970177                     0.7900871
           2     1  down      0.9290039      0.2112984      0.0231356
                      up      0.8572041      0.1881667      0.0245985
                 2  down     -2.2882999      0.1377310      0.0025181
                      up     -2.4662065      0.0598993      0.0022304
             total  down      0.6132053                     0.0256537
                      up      0.5809118                     0.0268289
           3     1  down      1.0935869      0.2900305      0.0023458
                      up      0.9819312      0.2511929      0.0029388
                 2  down     -2.8966238     -0.0147097      0.0005288
                      up     -2.9399337     -0.0417564      0.0005153
             total  down      0.3595681                     0.0028746
                      up      0.3968211                     0.0034542
           4     1  down      0.9455055      0.1621060      0.0003777
                      up      0.8831885      0.1184552      0.0006344
                 2  down     -3.2512023     -0.0212774      0.0001108
                      up     -3.2902000     -0.0311187      0.0001124
             total  down     -0.0066954                     0.0004885
                      up      0.2548193                     0.0007468
           5     1  down      0.7416365      0.0699116      0.0000724
                      up      0.7393870      0.0548015      0.0001105
                 2  down     -3.1392071     -0.0026170      0.0000275
                      up     -3.2332486     -0.0048413      0.0000272
             total  down     -0.3262138                     0.0001000
                      up     -0.0464469                     0.0001377
           6     1  down      0.8225190      0.0756326      0.0000272
                      up      0.7635360      0.0600655      0.0000355
                 2  down     -3.2370436     -0.0001371      0.0000067
                      up     -3.3263857     -0.0020319      0.0000065
             total  down      0.0207387                     0.0000339
                      up      0.1286584                     0.0000420
           7     1  down      0.8250141      0.1240090      0.0000053
                      up      0.7785695      0.1040888      0.0000069
                 2  down     -2.9993909      0.0022254      0.0000016
                      up     -3.1392404     -0.0016636      0.0000016
             total  down     -0.0806523                     0.0000069
                      up      0.0328943                     0.0000085
           8     1  down      0.8139218      0.1700990      0.0000009
                      up      0.7964018      0.1307109      0.0000014
                 2  down     -3.1004547      0.0046224      0.0000004
                      up     -3.2014135     -0.0002709      0.0000004
             total  down     -0.3038798                     0.0000012
                      up      0.0071074                     0.0000018
      Interstitial
        spin                 E                 Q
         down   .47926061555696   9.8423671645613
           up   .45646041447153   10.041375324596
      Interstitial points:   63757
     interstitial:         max         min
                     0.4456108  -0.8853153
   Orbital Moments:
   atom type     l        orbital moment
         1       0           0.0000000
         1       1           0.0001529
         1       2           0.0500377
         1       3          -0.0000235
         1       4          -0.0000053
         1       5          -0.0000010
         1       6          -0.0000001
         1       7          -0.0000000
         1       8          -0.0000000
         2       0           0.0000000
         2       1           0.0001529
         2       2           0.0500377
         2       3          -0.0000235
         2       4          -0.0000053
         2       5          -0.0000010
         2       6          -0.0000001
         2       7          -0.0000000
         2       8          -0.0000000
         3       0           0.0000000
         3       1           0.0000590
         3       2           0.0242978
         3       3          -0.0000101
         3       4          -0.0000017
         3       5          -0.0000004
         3       6          -0.0000000
         3       7           0.0000000
         3       8           0.0000000
         4       0           0.0000000
         4       1           0.0001144
         4       2           0.0468787
         4       3          -0.0000324
         4       4          -0.0000064
         4       5          -0.0000016
         4       6          -0.0000002
         4       7          -0.0000000
         4       8          -0.0000000
         5       0           0.0000000
         5       1           0.0000590
         5       2           0.0242978
         5       3          -0.0000101
         5       4          -0.0000017
         5       5          -0.0000004
         5       6          -0.0000000
         5       7           0.0000000
         5       8           0.0000000
         6       0           0.0000000
         6       1           0.0001144
         6       2           0.0468787
         6       3          -0.0000324
         6       4          -0.0000064
         6       5          -0.0000016
         6       6          -0.0000002
         6       7          -0.0000000
         6       8          -0.0000000
         7       0           0.0000000
         7       1           0.0001588
         7       2          -0.0002232
         7       3          -0.0000188
         7       4          -0.0000024
         7       5          -0.0000004
         7       6          -0.0000000
         7       7          -0.0000000
         7       8          -0.0000000
         8       0           0.0000000
         8       1           0.0001588
         8       2          -0.0002232
         8       3          -0.0000188
         8       4          -0.0000024
         8       5          -0.0000004
         8       6          -0.0000000
         8       7          -0.0000000
         8       8          -0.0000000
         9       0           0.0000000
         9       1          -0.0002526
         9       2          -0.0000189
         9       3          -0.0000064
         9       4          -0.0000075
         9       5          -0.0000005
         9       6          -0.0000005
         9       7          -0.0000001
         9       8          -0.0000000

 Charge densities at boundaries
     t     h     n(down)     n(  up)
     1     1  .031234881  .038338063 ... mt
              .031219134  .038312586 ... int
           2 -.000000000 -.000000000 ... mt
              .000000000 -.000000000 ... int
           3 -.001676436 -.001998106 ... mt
             -.001675999 -.001997930 ... int
           4  .000000000  .000000000 ... mt
             -.000000000  .000000000 ... int
           5 -.000000000 -.000000000 ... mt
              .000000000  .000000000 ... int
           6 -.000000000 -.000000000 ... mt
              .000000000  .000000000 ... int
           7  .005972407  .003981157 ... mt
              .005977278  .003990630 ... int
           8  .000000000  .000000000 ... mt
              .000000000  .000000000 ... int
           9 -.000000000 -.000000000 ... mt
             -.000000000 -.000000000 ... int
          10 -.000000000 -.000000000 ... mt
              .000000001 -.000000000 ... int
          11 -.000000000 -.000000000 ... mt
             -.000000000 -.000000000 ... int
          12  .000000000  .000000000 ... mt
             -.000000000  .000000000 ... int
          13 -.009323956 -.006817126 ... mt
             -.009322759 -.006816894 ... int
          14 -.000000000 -.000000000 ... mt
              .000000000 -.000000000 ... int
          15 -.000000000 -.000000000 ... mt
             -.000000000 -.000000000 ... int
          16 -.000000000 -.000000000 ... mt
              .000000001 -.000000000 ... int
          17 -.000000000  .000000000 ... mt
             -.000000000  .000000000 ... int
          18 -.000000000  .000000000 ... mt
             -.000000000 -.000000000 ... int
          19  .000000000  .000000000 ... mt
             -.000000000 -.000000000 ... int
          20  .000000000  .000000000 ... mt
              .000000000  .000000000 ... int
          21  .001334106  .002638574 ... mt
              .001316422  .002602706 ... int
          22 -.000000000 -.000000000 ... mt
              .000000000  .000000000 ... int
          23 -.000000000 -.000000000 ... mt
             -.000000000 -.000000000 ... int
          24 -.000000000  .000000000 ... mt
              .000000000  .000000000 ... int
          25  .002353084 -.000471980 ... mt
              .002329566 -.000509636 ... int
          26 -.000000000 -.000000000 ... mt
              .000000003 -.000000000 ... int
          27 -.000000000 -.000000000 ... mt
             -.000000000  .000000000 ... int
          28 -.000000000 -.000000000 ... mt
             -.000000001  .000000000 ... int
          29  .000000000  .000000000 ... mt
              .000000000  .000000000 ... int
          30 -.000000000  .000000000 ... mt
              .000000000 -.000000000 ... int
          31 -.002642218 -.002862663 ... mt
             -.002647444 -.002867076 ... int
          32  .000000000 -.000000000 ... mt
             -.000000000  .000000000 ... int
          33  .000000000  .000000000 ... mt
              .000000000  .000000000 ... int
          34 -.000000000 -.000000000 ... mt
             -.000000001  .000000000 ... int
          35  .000067996  .000521343 ... mt
              .000067620  .000522054 ... int
          36  .000000000  .000000000 ... mt
             -.000000003  .000000000 ... int
          37  .000000000  .000000000 ... mt
             -.000000000 -.000000000 ... int
          38 -.000000000 -.000000000 ... mt
              .000000000  .000000000 ... int
          39  .000000000 -.000000000 ... mt
             -.000000000  .000000000 ... int
          40  .000000000  .000000000 ... mt
             -.000000000 -.000000000 ... int
          41 -.000000000 -.000000000 ... mt
              .000000000  .000000000 ... int
          42 -.000000000  .000000000 ... mt
             -.000000000 -.000000000 ... int
          43  .001479752  .001355440 ... mt
              .001492807  .001367654 ... int
          44  .000000000 -.000000000 ... mt
             -.000000000 -.000000000 ... int
          45  .000000000  .000000000 ... mt
              .000000000  .000000000 ... int
          46  .000000000  .000000000 ... mt
              .000000000  .000000000 ... int
          47  .000699008  .000894667 ... mt
              .000703996  .000903512 ... int
          48  .000000000  .000000000 ... mt
              .000000000 -.000000000 ... int
          49 -.000000000 -.000000000 ... mt
             -.000000000 -.000000000 ... int
          50  .000000000 -.000000000 ... mt
              .000000003 -.000000001 ... int
          51 -.000000000 -.000000000 ... mt
             -.000000000 -.000000000 ... int
          52 -.000000000 -.000000000 ... mt
             -.000000002  .000000000 ... int
          53  .000000000  .000000000 ... mt
             -.000000000  .000000000 ... int
          54 -.000000000  .000000000 ... mt
              .000000001 -.000000000 ... int
          55  .000000000  .000000000 ... mt
             -.000000000  .000000000 ... int
          56  .000000000 -.000000000 ... mt
             -.000000000  .000000000 ... int
          57 -.000614792 -.000562957 ... mt
             -.000656781 -.000604248 ... int
          58 -.000000000  .000000000 ... mt
              .000000000 -.000000000 ... int
          59  .000000000  .000000000 ... mt
              .000000000  .000000000 ... int
          60 -.000000000  .000000000 ... mt
              .000000001 -.000000000 ... int
          61 -.000024710  .000067818 ... mt
             -.000013702  .000071673 ... int
          62  .000000000  .000000000 ... mt
              .000000002 -.000000000 ... int
          63 -.000000000 -.000000000 ... mt
             -.000000000 -.000000000 ... int
          64  .000000000 -.000000000 ... mt
              .000000003 -.000000001 ... int
          65  .000000000 -.000000000 ... mt
              .000000000  .000000000 ... int
          66 -.000000000  .000000000 ... mt
             -.000000000 -.000000000 ... int
          67 -.000000000 -.000000000 ... mt
             -.000000000  .000000000 ... int
          68  .000000000 -.000000000 ... mt
              .000000000  .000000000 ... int
          69  .000000000  .000000000 ... mt
             -.000000000  .000000000 ... int
          70  .000000000 -.000000000 ... mt
              .000000000 -.000000000 ... int
          71 -.000000000  .000000000 ... mt
              .000000000 -.000000000 ... int
          72 -.000000000  .000000000 ... mt
             -.000000000 -.000000000 ... int
          73  .000341730  .000326164 ... mt
              .000417594  .000395626 ... int
          74  .000000000 -.000000000 ... mt
              .000000000 -.000000000 ... int
          75 -.000000000 -.000000000 ... mt
              .000000000  .000000000 ... int
          76  .000000000  .000000000 ... mt
              .000000000  .000000000 ... int
          77 -.000010554  .000025877 ... mt
             -.000001204  .000034558 ... int
          78 -.000000000  .000000000 ... mt
              .000000000  .000000000 ... int
          79 -.000000000 -.000000000 ... mt
             -.000000000 -.000000000 ... int
          80 -.000000000 -.000000000 ... mt
              .000000000  .000000000 ... int
          81  .000023980  .000026250 ... mt
              .000029601  .000035855 ... int
     2     1  .031234882  .038338063 ... mt
              .031219135  .038312587 ... int
           2 -.000000000 -.000000000 ... mt
              .000000000 -.000000000 ... int
           3  .001676439  .001998108 ... mt
              .001676001  .001997933 ... int
           4  .000000000  .000000000 ... mt
             -.000000000  .000000000 ... int
           5 -.000000000 -.000000000 ... mt
              .000000000  .000000000 ... int
           6  .000000000  .000000000 ... mt
              .000000000  .000000000 ... int
           7  .005972410  .003981159 ... mt
              .005977281  .003990633 ... int
           8 -.000000000 -.000000000 ... mt
              .000000000  .000000000 ... int
           9  .000000000  .000000000 ... mt
              .000000000  .000000000 ... int
          10 -.000000000 -.000000000 ... mt
              .000000001 -.000000000 ... int
          11  .000000000  .000000000 ... mt
              .000000000  .000000000 ... int
          12  .000000000  .000000000 ... mt
             -.000000000  .000000000 ... int
          13  .009323958  .006817128 ... mt
              .009322761  .006816896 ... int
          14 -.000000000 -.000000000 ... mt
              .000000000 -.000000000 ... int
          15 -.000000000 -.000000000 ... mt
             -.000000000 -.000000000 ... int
          16 -.000000000 -.000000000 ... mt
              .000000001 -.000000000 ... int
          17  .000000000 -.000000000 ... mt
              .000000000 -.000000000 ... int
          18  .000000000 -.000000000 ... mt
             -.000000000 -.000000000 ... int
          19  .000000000  .000000000 ... mt
             -.000000000 -.000000000 ... int
          20 -.000000000 -.000000000 ... mt
              .000000000  .000000000 ... int
          21  .001334109  .002638575 ... mt
              .001316425  .002602707 ... int
          22  .000000000  .000000000 ... mt
              .000000000  .000000000 ... int
          23  .000000000  .000000000 ... mt
              .000000000  .000000000 ... int
          24  .000000000 -.000000000 ... mt
              .000000000  .000000000 ... int
          25  .002353083 -.000471980 ... mt
              .002329566 -.000509637 ... int
          26 -.000000000 -.000000000 ... mt
              .000000003 -.000000000 ... int
          27 -.000000000 -.000000000 ... mt
             -.000000000  .000000000 ... int
          28 -.000000000 -.000000000 ... mt
             -.000000001  .000000000 ... int
          29 -.000000000 -.000000000 ... mt
             -.000000000 -.000000000 ... int
          30 -.000000000  .000000000 ... mt
              .000000000 -.000000000 ... int
          31  .002642220  .002862664 ... mt
              .002647445  .002867077 ... int
          32  .000000000 -.000000000 ... mt
             -.000000000  .000000000 ... int
          33  .000000000  .000000000 ... mt
              .000000000  .000000000 ... int
          34 -.000000000 -.000000000 ... mt
             -.000000001  .000000000 ... int
          35 -.000067996 -.000521343 ... mt
             -.000067620 -.000522054 ... int
          36  .000000000  .000000000 ... mt
             -.000000003  .000000000 ... int
          37  .000000000  .000000000 ... mt
             -.000000000 -.000000000 ... int
          38  .000000000  .000000000 ... mt
              .000000000 -.000000000 ... int
          39 -.000000000  .000000000 ... mt
              .000000000 -.000000000 ... int
          40 -.000000000 -.000000000 ... mt
             -.000000000 -.000000000 ... int
          41 -.000000000 -.000000000 ... mt
              .000000000  .000000000 ... int
          42  .000000000 -.000000000 ... mt
             -.000000000 -.000000000 ... int
          43  .001479752  .001355441 ... mt
              .001492808  .001367655 ... int
          44 -.000000000  .000000000 ... mt
             -.000000000 -.000000000 ... int
          45 -.000000000 -.000000000 ... mt
             -.000000000 -.000000000 ... int
          46 -.000000000 -.000000000 ... mt
              .000000000  .000000000 ... int
          47  .000699008  .000894667 ... mt
              .000703996  .000903511 ... int
          48 -.000000000 -.000000000 ... mt
              .000000000  .000000000 ... int
          49  .000000000  .000000000 ... mt
              .000000000  .000000000 ... int
          50  .000000000 -.000000000 ... mt
              .000000003 -.000000001 ... int
          51  .000000000  .000000000 ... mt
              .000000000  .000000000 ... int
          52 -.000000000 -.000000000 ... mt
             -.000000002  .000000000 ... int
          53  .000000000  .000000000 ... mt
             -.000000000  .000000000 ... int
          54 -.000000000  .000000000 ... mt
              .000000001 -.000000000 ... int
          55 -.000000000 -.000000000 ... mt
              .000000000 -.000000000 ... int
          56  .000000000 -.000000000 ... mt
             -.000000000  .000000000 ... int
          57  .000614792  .000562957 ... mt
              .000656781  .000604249 ... int
          58 -.000000000  .000000000 ... mt
              .000000000 -.000000000 ... int
          59  .000000000  .000000000 ... mt
              .000000000  .000000000 ... int
          60 -.000000000  .000000000 ... mt
              .000000001 -.000000000 ... int
          61  .000024710 -.000067818 ... mt
              .000013702 -.000071673 ... int
          62  .000000000  .000000000 ... mt
              .000000002 -.000000000 ... int
          63 -.000000000 -.000000000 ... mt
             -.000000000 -.000000000 ... int
          64  .000000000 -.000000000 ... mt
              .000000003 -.000000001 ... int
          65 -.000000000  .000000000 ... mt
             -.000000000 -.000000000 ... int
          66  .000000000  .000000000 ... mt
             -.000000000 -.000000000 ... int
          67 -.000000000 -.000000000 ... mt
             -.000000000  .000000000 ... int
          68 -.000000000  .000000000 ... mt
              .000000000  .000000000 ... int
          69 -.000000000 -.000000000 ... mt
              .000000000 -.000000000 ... int
          70 -.000000000  .000000000 ... mt
             -.000000000 -.000000000 ... int
          71 -.000000000  .000000000 ... mt
              .000000000 -.000000000 ... int
          72  .000000000 -.000000000 ... mt
              .000000000 -.000000000 ... int
          73  .000341730  .000326164 ... mt
              .000417594  .000395626 ... int
          74 -.000000000  .000000000 ... mt
             -.000000000 -.000000000 ... int
          75  .000000000  .000000000 ... mt
             -.000000000 -.000000000 ... int
          76 -.000000000  .000000000 ... mt
             -.000000000  .000000000 ... int
          77 -.000010554  .000025877 ... mt
             -.000001204  .000034558 ... int
          78  .000000000 -.000000000 ... mt
              .000000000  .000000000 ... int
          79  .000000000  .000000000 ... mt
              .000000000  .000000000 ... int
          80  .000000000 -.000000000 ... mt
              .000000000  .000000000 ... int
          81  .000023980  .000026250 ... mt
              .000029601  .000035855 ... int
     3     1  .034590763  .038564923 ... mt
              .034572474  .038542126 ... int
           2  .000000000 -.000000000 ... mt
              .000000000 -.000000000 ... int
           3 -.000000000 -.000000000 ... mt
             -.000000000 -.000000000 ... int
           4  .000000000 -.000000000 ... mt
             -.000000000  .000000000 ... int
           5  .000000000  .000000000 ... mt
              .000000000  .000000000 ... int
           6 -.000000000 -.000000000 ... mt
              .000000000  .000000000 ... int
           7 -.007105266 -.004809909 ... mt
             -.007097855 -.004804268 ... int
           8 -.000000000 -.000000000 ... mt
              .000000000  .000000000 ... int
           9 -.010059208 -.008349253 ... mt
             -.010058147 -.008352020 ... int
          10  .000000000 -.000000000 ... mt
              .000000000 -.000000001 ... int
          11  .000000000  .000000000 ... mt
              .000000000 -.000000000 ... int
          12 -.000000000  .000000000 ... mt
             -.000000000  .000000000 ... int
          13  .000000000  .000000000 ... mt
              .000000000  .000000000 ... int
          14  .000000000 -.000000000 ... mt
              .000000000 -.000000000 ... int
          15  .000000000  .000000000 ... mt
              .000000000  .000000000 ... int
          16 -.000000000  .000000000 ... mt
              .000000001 -.000000001 ... int
          17 -.000000000 -.000000000 ... mt
              .000000000  .000000000 ... int
          18 -.000000000 -.000000000 ... mt
             -.000000000 -.000000000 ... int
          19 -.000000000 -.000000000 ... mt
             -.000000000 -.000000000 ... int
          20 -.000000000 -.000000000 ... mt
              .000000000  .000000000 ... int
          21  .003074882  .002151731 ... mt
              .003052515  .002120963 ... int
          22  .000000000 -.000000000 ... mt
              .000000000  .000000000 ... int
          23  .006221332  .005617299 ... mt
              .006222772  .005621017 ... int
          24  .000000000  .000000000 ... mt
              .000000000  .000000000 ... int
          25  .007924069  .006766336 ... mt
              .007899773  .006735675 ... int
          26 -.000000000  .000000000 ... mt
              .000000000 -.000000001 ... int
          27 -.000000000  .000000000 ... mt
             -.000000000  .000000000 ... int
          28 -.000000000  .000000000 ... mt
             -.000000000  .000000000 ... int
          29  .000000000 -.000000000 ... mt
              .000000000 -.000000000 ... int
          30 -.000000000  .000000000 ... mt
              .000000000 -.000000000 ... int
          31 -.000000000 -.000000000 ... mt
             -.000000000 -.000000000 ... int
          32 -.000000000  .000000000 ... mt
             -.000000000  .000000000 ... int
          33 -.000000000 -.000000000 ... mt
             -.000000000 -.000000000 ... int
          34 -.000000000 -.000000000 ... mt
             -.000000000  .000000000 ... int
          35 -.000000000 -.000000000 ... mt
             -.000000000 -.000000000 ... int
          36 -.000000000  .000000000 ... mt
             -.000000001  .000000002 ... int
          37  .000000000  .000000000 ... mt
             -.000000000 -.000000000 ... int
          38  .000000000  .000000000 ... mt
              .000000000  .000000000 ... int
          39  .000000000  .000000000 ... mt
             -.000000000 -.000000000 ... int
          40  .000000000  .000000000 ... mt
             -.000000000 -.000000000 ... int
          41  .000000000  .000000000 ... mt
             -.000000000  .000000000 ... int
          42  .000000000  .000000000 ... mt
             -.000000000 -.000000000 ... int
          43 -.001283424 -.001320357 ... mt
             -.001291932 -.001329450 ... int
          44 -.000000000  .000000000 ... mt
             -.000000000 -.000000000 ... int
          45 -.001588439 -.001547171 ... mt
             -.001601233 -.001559778 ... int
          46 -.000000000 -.000000000 ... mt
              .000000000  .000000000 ... int
          47 -.000894381 -.000831443 ... mt
             -.000904024 -.000839685 ... int
          48 -.000000000 -.000000000 ... mt
             -.000000000  .000000000 ... int
          49 -.002345547 -.002156674 ... mt
             -.002364502 -.002175704 ... int
          50  .000000000 -.000000000 ... mt
              .000000000 -.000000001 ... int
          51  .000000000  .000000000 ... mt
              .000000000  .000000000 ... int
          52  .000000000 -.000000000 ... mt
             -.000000000  .000000000 ... int
          53  .000000000  .000000000 ... mt
             -.000000000  .000000000 ... int
          54 -.000000000  .000000000 ... mt
              .000000000 -.000000000 ... int
          55  .000000000 -.000000000 ... mt
             -.000000000 -.000000000 ... int
          56 -.000000000  .000000000 ... mt
             -.000000000  .000000000 ... int
          57  .000000000  .000000000 ... mt
              .000000000  .000000000 ... int
          58  .000000000 -.000000000 ... mt
              .000000000 -.000000000 ... int
          59  .000000000  .000000000 ... mt
              .000000000  .000000000 ... int
          60 -.000000000  .000000000 ... mt
              .000000000 -.000000000 ... int
          61  .000000000  .000000000 ... mt
              .000000000  .000000000 ... int
          62 -.000000000  .000000000 ... mt
              .000000000 -.000000000 ... int
          63  .000000000  .000000000 ... mt
              .000000000  .000000000 ... int
          64 -.000000000  .000000000 ... mt
              .000000000 -.000000001 ... int
          65 -.000000000 -.000000000 ... mt
              .000000000  .000000000 ... int
          66 -.000000000 -.000000000 ... mt
             -.000000000 -.000000000 ... int
          67 -.000000000 -.000000000 ... mt
             -.000000000 -.000000000 ... int
          68 -.000000000 -.000000000 ... mt
              .000000000  .000000000 ... int
          69 -.000000000 -.000000000 ... mt
              .000000000  .000000000 ... int
          70 -.000000000 -.000000000 ... mt
             -.000000000 -.000000000 ... int
          71 -.000000000 -.000000000 ... mt
              .000000000 -.000000000 ... int
          72 -.000000000 -.000000000 ... mt
             -.000000000 -.000000000 ... int
          73  .000200956  .000212875 ... mt
              .000248931  .000260542 ... int
          74 -.000000000 -.000000000 ... mt
              .000000000 -.000000000 ... int
          75  .000246022  .000256995 ... mt
              .000301544  .000309730 ... int
          76 -.000000000  .000000000 ... mt
              .000000000  .000000000 ... int
          77  .000274572  .000270583 ... mt
              .000336308  .000330929 ... int
          78  .000000000 -.000000000 ... mt
             -.000000000  .000000000 ... int
          79  .000305000  .000290004 ... mt
              .000369925  .000353259 ... int
          80  .000000000  .000000000 ... mt
              .000000000  .000000000 ... int
          81  .000438206  .000407062 ... mt
              .000536374  .000502132 ... int
     4     1  .029172083  .038138940 ... mt
              .029158288  .038112857 ... int
           2 -.000000000 -.000000000 ... mt
              .000000000 -.000000000 ... int
           3 -.000000000 -.000000000 ... mt
             -.000000000 -.000000000 ... int
           4  .000000000  .000000000 ... mt
             -.000000000  .000000000 ... int
           5 -.000000000  .000000000 ... mt
              .000000000  .000000000 ... int
           6 -.000000000 -.000000000 ... mt
              .000000000  .000000000 ... int
           7 -.000464262  .000664532 ... mt
             -.000459281  .000673163 ... int
           8  .000000000  .000000000 ... mt
              .000000000  .000000000 ... int
           9 -.002555990 -.000395515 ... mt
             -.002556876 -.000395965 ... int
          10 -.000000000 -.000000000 ... mt
              .000000002 -.000000000 ... int
          11 -.000000000 -.000000000 ... mt
             -.000000000 -.000000000 ... int
          12  .000000000  .000000000 ... mt
             -.000000000  .000000000 ... int
          13  .000000000  .000000000 ... mt
              .000000000  .000000000 ... int
          14 -.000000000 -.000000000 ... mt
              .000000000 -.000000000 ... int
          15 -.000000000 -.000000000 ... mt
             -.000000000 -.000000000 ... int
          16 -.000000000 -.000000000 ... mt
              .000000001 -.000000001 ... int
          17 -.000000000  .000000000 ... mt
              .000000000  .000000000 ... int
          18  .000000000  .000000000 ... mt
             -.000000000 -.000000000 ... int
          19  .000000000 -.000000000 ... mt
             -.000000000 -.000000000 ... int
          20 -.000000000 -.000000000 ... mt
              .000000000  .000000000 ... int
          21 -.003106777 -.001148608 ... mt
             -.003122792 -.001187335 ... int
          22  .000000000 -.000000000 ... mt
              .000000000  .000000000 ... int
          23 -.004857230 -.000039775 ... mt
             -.004853749 -.000040638 ... int
          24  .000000000  .000000000 ... mt
              .000000000  .000000000 ... int
          25 -.001859008  .000074566 ... mt
             -.001876808  .000035075 ... int
          26 -.000000000  .000000000 ... mt
              .000000003 -.000000000 ... int
          27 -.000000000 -.000000000 ... mt
             -.000000000  .000000000 ... int
          28  .000000000 -.000000000 ... mt
             -.000000001  .000000000 ... int
          29 -.000000000  .000000000 ... mt
             -.000000000 -.000000000 ... int
          30 -.000000000 -.000000000 ... mt
              .000000000 -.000000000 ... int
          31 -.000000000  .000000000 ... mt
             -.000000000  .000000000 ... int
          32  .000000000  .000000000 ... mt
             -.000000000  .000000000 ... int
          33  .000000000 -.000000000 ... mt
              .000000000 -.000000000 ... int
          34 -.000000000 -.000000000 ... mt
             -.000000001  .000000000 ... int
          35 -.000000000 -.000000000 ... mt
             -.000000000 -.000000000 ... int
          36 -.000000000 -.000000000 ... mt
             -.000000002  .000000001 ... int
          37  .000000000  .000000000 ... mt
             -.000000000 -.000000000 ... int
          38 -.000000000 -.000000000 ... mt
              .000000000  .000000000 ... int
          39  .000000000  .000000000 ... mt
              .000000000  .000000000 ... int
          40  .000000000  .000000000 ... mt
             -.000000000 -.000000000 ... int
          41 -.000000000 -.000000000 ... mt
             -.000000000  .000000000 ... int
          42  .000000000  .000000000 ... mt
             -.000000000 -.000000000 ... int
          43 -.000106312 -.000130781 ... mt
             -.000105866 -.000129908 ... int
          44 -.000000000 -.000000000 ... mt
             -.000000000 -.000000000 ... int
          45 -.000010123  .000126548 ... mt
             -.000010129  .000128100 ... int
          46  .000000000 -.000000000 ... mt
              .000000000  .000000000 ... int
          47  .000561635  .000922346 ... mt
              .000564715  .000931205 ... int
          48 -.000000000 -.000000000 ... mt
             -.000000000  .000000000 ... int
          49 -.000046972 -.000090712 ... mt
             -.000048367 -.000091621 ... int
          50  .000000000 -.000000000 ... mt
              .000000003 -.000000000 ... int
          51 -.000000000 -.000000000 ... mt
              .000000000 -.000000000 ... int
          52 -.000000000 -.000000000 ... mt
             -.000000001  .000000000 ... int
          53  .000000000 -.000000000 ... mt
             -.000000000  .000000000 ... int
          54 -.000000000  .000000000 ... mt
              .000000000 -.000000000 ... int
          55 -.000000000  .000000000 ... mt
             -.000000000 -.000000000 ... int
          56  .000000000  .000000000 ... mt
             -.000000000  .000000000 ... int
          57 -.000000000 -.000000000 ... mt
             -.000000000 -.000000000 ... int
          58 -.000000000 -.000000000 ... mt
              .000000000 -.000000000 ... int
          59 -.000000000 -.000000000 ... mt
             -.000000000 -.000000000 ... int
          60  .000000000  .000000000 ... mt
              .000000000 -.000000000 ... int
          61 -.000000000 -.000000000 ... mt
             -.000000000 -.000000000 ... int
          62  .000000000 -.000000000 ... mt
              .000000001 -.000000000 ... int
          63  .000000000  .000000000 ... mt
              .000000000  .000000000 ... int
          64  .000000000 -.000000000 ... mt
              .000000002 -.000000001 ... int
          65 -.000000000 -.000000000 ... mt
              .000000000 -.000000000 ... int
          66  .000000000  .000000000 ... mt
             -.000000000 -.000000000 ... int
          67  .000000000  .000000000 ... mt
             -.000000000  .000000000 ... int
          68 -.000000000 -.000000000 ... mt
              .000000000  .000000000 ... int
          69  .000000000  .000000000 ... mt
              .000000000 -.000000000 ... int
          70 -.000000000 -.000000000 ... mt
              .000000000 -.000000000 ... int
          71 -.000000000 -.000000000 ... mt
              .000000000 -.000000000 ... int
          72 -.000000000 -.000000000 ... mt
             -.000000000 -.000000000 ... int
          73  .000049644  .000066739 ... mt
              .000066507  .000083479 ... int
          74  .000000000 -.000000000 ... mt
              .000000000 -.000000000 ... int
          75  .000035305  .000042725 ... mt
              .000047869  .000049000 ... int
          76  .000000000  .000000000 ... mt
              .000000000  .000000000 ... int
          77  .000026830  .000009732 ... mt
              .000033987  .000016036 ... int
          78  .000000000 -.000000000 ... mt
             -.000000000  .000000000 ... int
          79  .000000207 -.000057769 ... mt
             -.000009925 -.000066353 ... int
          80 -.000000000 -.000000000 ... mt
             -.000000000  .000000000 ... int
          81  .000009732  .000043137 ... mt
              .000021413  .000054464 ... int
     5     1  .034590763  .038564923 ... mt
              .034572474  .038542126 ... int
           2 -.000000000  .000000000 ... mt
              .000000000 -.000000000 ... int
           3 -.000000000 -.000000000 ... mt
             -.000000000 -.000000000 ... int
           4 -.000000000  .000000000 ... mt
             -.000000000  .000000000 ... int
           5  .000000000  .000000000 ... mt
              .000000000  .000000000 ... int
           6 -.000000000 -.000000000 ... mt
              .000000000  .000000000 ... int
           7 -.007105266 -.004809909 ... mt
             -.007097855 -.004804268 ... int
           8 -.000000000 -.000000000 ... mt
              .000000000  .000000000 ... int
           9  .010059208  .008349253 ... mt
              .010058147  .008352020 ... int
          10 -.000000000  .000000000 ... mt
              .000000001 -.000000001 ... int
          11 -.000000000 -.000000000 ... mt
             -.000000000  .000000000 ... int
          12 -.000000000  .000000000 ... mt
             -.000000000  .000000000 ... int
          13  .000000000  .000000000 ... mt
              .000000000  .000000000 ... int
          14 -.000000000 -.000000000 ... mt
              .000000000 -.000000000 ... int
          15 -.000000000 -.000000000 ... mt
             -.000000000 -.000000000 ... int
          16  .000000000 -.000000000 ... mt
              .000000001 -.000000001 ... int
          17  .000000000  .000000000 ... mt
             -.000000000 -.000000000 ... int
          18 -.000000000 -.000000000 ... mt
             -.000000000 -.000000000 ... int
          19 -.000000000 -.000000000 ... mt
             -.000000000 -.000000000 ... int
          20  .000000000 -.000000000 ... mt
              .000000000  .000000000 ... int
          21  .003074882  .002151731 ... mt
              .003052515  .002120963 ... int
          22 -.000000000 -.000000000 ... mt
              .000000000  .000000000 ... int
          23 -.006221332 -.005617299 ... mt
             -.006222772 -.005621017 ... int
          24  .000000000  .000000000 ... mt
              .000000000  .000000000 ... int
          25  .007924069  .006766336 ... mt
              .007899773  .006735675 ... int
          26  .000000000 -.000000000 ... mt
              .000000001 -.000000002 ... int
          27 -.000000000  .000000000 ... mt
             -.000000000  .000000000 ... int
          28 -.000000000 -.000000000 ... mt
             -.000000000  .000000000 ... int
          29 -.000000000  .000000000 ... mt
             -.000000000  .000000000 ... int
          30  .000000000 -.000000000 ... mt
              .000000000 -.000000000 ... int
          31 -.000000000 -.000000000 ... mt
             -.000000000 -.000000000 ... int
          32  .000000000  .000000000 ... mt
             -.000000000  .000000000 ... int
          33  .000000000  .000000000 ... mt
              .000000000  .000000000 ... int
          34 -.000000000  .000000000 ... mt
             -.000000000  .000000000 ... int
          35 -.000000000 -.000000000 ... mt
             -.000000000 -.000000000 ... int
          36  .000000000 -.000000000 ... mt
             -.000000000  .000000001 ... int
          37  .000000000  .000000000 ... mt
             -.000000000 -.000000000 ... int
          38 -.000000000 -.000000000 ... mt
             -.000000000  .000000000 ... int
          39 -.000000000 -.000000000 ... mt
              .000000000  .000000000 ... int
          40  .000000000  .000000000 ... mt
             -.000000000 -.000000000 ... int
          41  .000000000  .000000000 ... mt
             -.000000000  .000000000 ... int
          42 -.000000000 -.000000000 ... mt
             -.000000000 -.000000000 ... int
          43 -.001283424 -.001320357 ... mt
             -.001291932 -.001329450 ... int
          44  .000000000  .000000000 ... mt
             -.000000000 -.000000000 ... int
          45  .001588439  .001547171 ... mt
              .001601233  .001559778 ... int
          46 -.000000000 -.000000000 ... mt
              .000000000  .000000000 ... int
          47 -.000894381 -.000831443 ... mt
             -.000904024 -.000839685 ... int
          48  .000000000  .000000000 ... mt
              .000000000  .000000000 ... int
          49  .002345547  .002156674 ... mt
              .002364502  .002175704 ... int
          50  .000000000  .000000000 ... mt
              .000000000 -.000000001 ... int
          51 -.000000000 -.000000000 ... mt
             -.000000000 -.000000000 ... int
          52 -.000000000 -.000000000 ... mt
             -.000000000  .000000000 ... int
          53  .000000000  .000000000 ... mt
             -.000000000  .000000000 ... int
          54 -.000000000  .000000000 ... mt
              .000000000 -.000000000 ... int
          55 -.000000000  .000000000 ... mt
              .000000000  .000000000 ... int
          56 -.000000000  .000000000 ... mt
             -.000000000  .000000000 ... int
          57  .000000000  .000000000 ... mt
              .000000000  .000000000 ... int
          58 -.000000000 -.000000000 ... mt
              .000000000 -.000000000 ... int
          59 -.000000000 -.000000000 ... mt
             -.000000000 -.000000000 ... int
          60 -.000000000  .000000000 ... mt
              .000000000 -.000000000 ... int
          61  .000000000  .000000000 ... mt
              .000000000  .000000000 ... int
          62 -.000000000  .000000000 ... mt
              .000000000 -.000000000 ... int
          63 -.000000000 -.000000000 ... mt
             -.000000000 -.000000000 ... int
          64  .000000000 -.000000000 ... mt
              .000000001 -.000000001 ... int
          65  .000000000  .000000000 ... mt
             -.000000000 -.000000000 ... int
          66 -.000000000 -.000000000 ... mt
             -.000000000 -.000000000 ... int
          67 -.000000000 -.000000000 ... mt
             -.000000000 -.000000000 ... int
          68  .000000000 -.000000000 ... mt
             -.000000000  .000000000 ... int
          69  .000000000  .000000000 ... mt
             -.000000000 -.000000000 ... int
          70  .000000000 -.000000000 ... mt
             -.000000000 -.000000000 ... int
          71 -.000000000 -.000000000 ... mt
              .000000000 -.000000000 ... int
          72 -.000000000 -.000000000 ... mt
              .000000000 -.000000000 ... int
          73  .000200956  .000212875 ... mt
              .000248931  .000260542 ... int
          74 -.000000000 -.000000000 ... mt
             -.000000000 -.000000000 ... int
          75 -.000246022 -.000256995 ... mt
             -.000301544 -.000309730 ... int
          76  .000000000  .000000000 ... mt
              .000000000  .000000000 ... int
          77  .000274572  .000270583 ... mt
              .000336308  .000330929 ... int
          78 -.000000000 -.000000000 ... mt
              .000000000  .000000000 ... int
          79 -.000305000 -.000290004 ... mt
             -.000369925 -.000353259 ... int
          80  .000000000  .000000000 ... mt
              .000000000  .000000000 ... int
          81  .000438206  .000407062 ... mt
              .000536374  .000502132 ... int
     6     1  .029172083  .038138940 ... mt
              .029158288  .038112857 ... int
           2 -.000000000 -.000000000 ... mt
              .000000000 -.000000000 ... int
           3 -.000000000 -.000000000 ... mt
             -.000000000 -.000000000 ... int
           4  .000000000  .000000000 ... mt
             -.000000000  .000000000 ... int
           5 -.000000000  .000000000 ... mt
              .000000000  .000000000 ... int
           6 -.000000000 -.000000000 ... mt
              .000000000  .000000000 ... int
           7 -.000464262  .000664532 ... mt
             -.000459281  .000673163 ... int
           8 -.000000000 -.000000000 ... mt
              .000000000  .000000000 ... int
           9  .002555990  .000395515 ... mt
              .002556876  .000395965 ... int
          10 -.000000000 -.000000000 ... mt
              .000000001 -.000000001 ... int
          11  .000000000  .000000000 ... mt
              .000000000  .000000000 ... int
          12  .000000000  .000000000 ... mt
             -.000000000  .000000000 ... int
          13  .000000000  .000000000 ... mt
              .000000000  .000000000 ... int
          14 -.000000000 -.000000000 ... mt
              .000000000 -.000000000 ... int
          15  .000000000  .000000000 ... mt
              .000000000  .000000000 ... int
          16 -.000000000 -.000000000 ... mt
              .000000002 -.000000000 ... int
          17  .000000000 -.000000000 ... mt
             -.000000000 -.000000000 ... int
          18 -.000000000 -.000000000 ... mt
             -.000000000 -.000000000 ... int
          19  .000000000 -.000000000 ... mt
             -.000000000 -.000000000 ... int
          20  .000000000 -.000000000 ... mt
              .000000000  .000000000 ... int
          21 -.003106777 -.001148608 ... mt
             -.003122792 -.001187335 ... int
          22 -.000000000 -.000000000 ... mt
              .000000000  .000000000 ... int
          23  .004857230  .000039775 ... mt
              .004853749  .000040638 ... int
          24 -.000000000 -.000000000 ... mt
              .000000000  .000000000 ... int
          25 -.001859008  .000074566 ... mt
             -.001876808  .000035075 ... int
          26  .000000000  .000000000 ... mt
              .000000002 -.000000001 ... int
          27 -.000000000 -.000000000 ... mt
             -.000000000  .000000000 ... int
          28 -.000000000 -.000000000 ... mt
             -.000000001  .000000000 ... int
          29  .000000000 -.000000000 ... mt
              .000000000  .000000000 ... int
          30 -.000000000 -.000000000 ... mt
              .000000000 -.000000000 ... int
          31 -.000000000 -.000000000 ... mt
             -.000000000 -.000000000 ... int
          32  .000000000  .000000000 ... mt
             -.000000000  .000000000 ... int
          33 -.000000000  .000000000 ... mt
             -.000000000  .000000000 ... int
          34  .000000000 -.000000000 ... mt
             -.000000001  .000000000 ... int
          35 -.000000000 -.000000000 ... mt
             -.000000000 -.000000000 ... int
          36  .000000000 -.000000000 ... mt
             -.000000003  .000000000 ... int
          37  .000000000  .000000000 ... mt
             -.000000000 -.000000000 ... int
          38 -.000000000 -.000000000 ... mt
             -.000000000  .000000000 ... int
          39 -.000000000 -.000000000 ... mt
             -.000000000 -.000000000 ... int
          40 -.000000000  .000000000 ... mt
             -.000000000 -.000000000 ... int
          41 -.000000000 -.000000000 ... mt
             -.000000000  .000000000 ... int
          42 -.000000000 -.000000000 ... mt
             -.000000000 -.000000000 ... int
          43 -.000106312 -.000130781 ... mt
             -.000105866 -.000129908 ... int
          44  .000000000  .000000000 ... mt
             -.000000000 -.000000000 ... int
          45  .000010123 -.000126548 ... mt
              .000010129 -.000128100 ... int
          46 -.000000000 -.000000000 ... mt
              .000000000  .000000000 ... int
          47  .000561635  .000922346 ... mt
              .000564715  .000931205 ... int
          48 -.000000000 -.000000000 ... mt
              .000000000  .000000000 ... int
          49  .000046972  .000090712 ... mt
              .000048367  .000091621 ... int
          50  .000000000 -.000000000 ... mt
              .000000002 -.000000001 ... int
          51  .000000000  .000000000 ... mt
             -.000000000  .000000000 ... int
          52 -.000000000  .000000000 ... mt
             -.000000001  .000000000 ... int
          53  .000000000 -.000000000 ... mt
             -.000000000  .000000000 ... int
          54  .000000000  .000000000 ... mt
              .000000000 -.000000000 ... int
          55  .000000000 -.000000000 ... mt
              .000000000  .000000000 ... int
          56  .000000000  .000000000 ... mt
             -.000000000  .000000000 ... int
          57  .000000000 -.000000000 ... mt
              .000000000 -.000000000 ... int
          58 -.000000000 -.000000000 ... mt
              .000000000 -.000000000 ... int
          59 -.000000000 -.000000000 ... mt
             -.000000000 -.000000000 ... int
          60 -.000000000  .000000000 ... mt
              .000000000 -.000000000 ... int
          61 -.000000000 -.000000000 ... mt
             -.000000000 -.000000000 ... int
          62  .000000000  .000000000 ... mt
              .000000001 -.000000000 ... int
          63 -.000000000 -.000000000 ... mt
             -.000000000 -.000000000 ... int
          64  .000000000 -.000000000 ... mt
              .000000003 -.000000000 ... int
          65  .000000000  .000000000 ... mt
             -.000000000  .000000000 ... int
          66  .000000000  .000000000 ... mt
              .000000000 -.000000000 ... int
          67  .000000000  .000000000 ... mt
             -.000000000  .000000000 ... int
          68  .000000000 -.000000000 ... mt
             -.000000000  .000000000 ... int
          69 -.000000000 -.000000000 ... mt
             -.000000000  .000000000 ... int
          70 -.000000000 -.000000000 ... mt
             -.000000000 -.000000000 ... int
          71 -.000000000 -.000000000 ... mt
              .000000000 -.000000000 ... int
          72  .000000000 -.000000000 ... mt
              .000000000 -.000000000 ... int
          73  .000049644  .000066739 ... mt
              .000066507  .000083479 ... int
          74 -.000000000 -.000000000 ... mt
             -.000000000 -.000000000 ... int
          75 -.000035305 -.000042725 ... mt
             -.000047869 -.000049000 ... int
          76  .000000000  .000000000 ... mt
             -.000000000  .000000000 ... int
          77  .000026830  .000009732 ... mt
              .000033987  .000016036 ... int
          78 -.000000000 -.000000000 ... mt
              .000000000  .000000000 ... int
          79 -.000000207  .000057769 ... mt
              .000009925  .000066353 ... int
          80 -.000000000 -.000000000 ... mt
              .000000000  .000000000 ... int
          81  .000009732  .000043137 ... mt
              .000021413  .000054464 ... int
     7     1  .017462052  .015562983 ... mt
              .017462075  .015563447 ... int
           2  .000000000 -.000000000 ... mt
              .000000000 -.000000000 ... int
           3  .000683196 -.000029377 ... mt
              .000683475 -.000029264 ... int
           4 -.000000000  .000000000 ... mt
             -.000000000  .000000000 ... int
           5  .000000000  .000000000 ... mt
              .000000000  .000000000 ... int
           6 -.000000000  .000000000 ... mt
              .000000000  .000000000 ... int
           7  .000045826  .000313373 ... mt
              .000046446  .000313955 ... int
           8  .000000000 -.000000000 ... mt
              .000000000  .000000000 ... int
           9  .000000000  .000000000 ... mt
              .000000000  .000000000 ... int
          10 -.000000000  .000000000 ... mt
              .000000000 -.000000000 ... int
          11 -.000000000 -.000000000 ... mt
              .000000000  .000000000 ... int
          12 -.000000000 -.000000000 ... mt
             -.000000000  .000000000 ... int
          13 -.000622720 -.000347877 ... mt
             -.000622886 -.000347899 ... int
          14  .000000000  .000000000 ... mt
              .000000000 -.000000000 ... int
          15  .000000000  .000000000 ... mt
              .000000000  .000000000 ... int
          16 -.000000000  .000000000 ... mt
              .000000000 -.000000000 ... int
          17 -.000000000 -.000000000 ... mt
             -.000000000 -.000000000 ... int
          18  .000000000 -.000000000 ... mt
              .000000000 -.000000000 ... int
          19 -.000000000 -.000000000 ... mt
             -.000000000 -.000000000 ... int
          20 -.000000000  .000000000 ... mt
             -.000000000  .000000000 ... int
          21 -.000742069 -.000848372 ... mt
             -.000744731 -.000850965 ... int
          22  .000000000 -.000000000 ... mt
              .000000000 -.000000000 ... int
          23  .000000000  .000000000 ... mt
              .000000000  .000000000 ... int
          24  .000000000 -.000000000 ... mt
              .000000000 -.000000000 ... int
          25 -.000397100 -.000208294 ... mt
             -.000400669 -.000211205 ... int
          26 -.000000000  .000000000 ... mt
              .000000000 -.000000000 ... int
          27  .000000000 -.000000000 ... mt
              .000000000  .000000000 ... int
          28  .000000000  .000000000 ... mt
             -.000000000  .000000000 ... int
          29  .000000000  .000000000 ... mt
             -.000000000 -.000000000 ... int
          30 -.000000000  .000000000 ... mt
              .000000000 -.000000000 ... int
          31  .000172103  .000047946 ... mt
              .000172245  .000047983 ... int
          32  .000000000 -.000000000 ... mt
             -.000000000  .000000000 ... int
          33 -.000000000  .000000000 ... mt
             -.000000000  .000000000 ... int
          34  .000000000  .000000000 ... mt
             -.000000000  .000000000 ... int
          35 -.000271351 -.000103121 ... mt
             -.000271384 -.000103086 ... int
          36  .000000000 -.000000000 ... mt
             -.000000000  .000000000 ... int
          37 -.000000000  .000000000 ... mt
             -.000000000 -.000000000 ... int
          38  .000000000  .000000000 ... mt
             -.000000000 -.000000000 ... int
          39 -.000000000 -.000000000 ... mt
              .000000000 -.000000000 ... int
          40  .000000000 -.000000000 ... mt
              .000000000  .000000000 ... int
          41  .000000000  .000000000 ... mt
              .000000000  .000000000 ... int
          42  .000000000 -.000000000 ... mt
              .000000000  .000000000 ... int
          43 -.000037419 -.000073747 ... mt
             -.000036949 -.000073488 ... int
          44 -.000000000  .000000000 ... mt
              .000000000  .000000000 ... int
          45 -.000000000 -.000000000 ... mt
             -.000000000 -.000000000 ... int
          46  .000000000 -.000000000 ... mt
              .000000000 -.000000000 ... int
          47  .000130852  .000330715 ... mt
              .000132743  .000333054 ... int
          48 -.000000000 -.000000000 ... mt
              .000000000 -.000000000 ... int
          49 -.000000000  .000000000 ... mt
             -.000000000  .000000000 ... int
          50  .000000000  .000000000 ... mt
             -.000000000 -.000000000 ... int
          51  .000000000  .000000000 ... mt
             -.000000000 -.000000000 ... int
          52 -.000000000 -.000000000 ... mt
              .000000000  .000000000 ... int
          53 -.000000000 -.000000000 ... mt
              .000000000  .000000000 ... int
          54  .000000000  .000000000 ... mt
             -.000000000 -.000000000 ... int
          55 -.000000000 -.000000000 ... mt
              .000000000  .000000000 ... int
          56  .000000000  .000000000 ... mt
             -.000000000  .000000000 ... int
          57 -.000015722 -.000007058 ... mt
             -.000015965 -.000007375 ... int
          58 -.000000000 -.000000000 ... mt
             -.000000000 -.000000000 ... int
          59  .000000000 -.000000000 ... mt
              .000000000 -.000000000 ... int
          60  .000000000  .000000000 ... mt
             -.000000000 -.000000000 ... int
          61 -.000018143  .000012783 ... mt
             -.000018245  .000013182 ... int
          62  .000000000  .000000000 ... mt
             -.000000000 -.000000000 ... int
          63 -.000000000  .000000000 ... mt
             -.000000000  .000000000 ... int
          64  .000000000  .000000000 ... mt
             -.000000000 -.000000000 ... int
          65 -.000000000  .000000000 ... mt
             -.000000000 -.000000000 ... int
          66  .000000000 -.000000000 ... mt
             -.000000000  .000000000 ... int
          67 -.000000000 -.000000000 ... mt
              .000000000  .000000000 ... int
          68  .000000000 -.000000000 ... mt
              .000000000 -.000000000 ... int
          69  .000000000 -.000000000 ... mt
              .000000000 -.000000000 ... int
          70  .000000000  .000000000 ... mt
             -.000000000  .000000000 ... int
          71  .000000000  .000000000 ... mt
              .000000000 -.000000000 ... int
          72  .000000000  .000000000 ... mt
              .000000000  .000000000 ... int
          73  .000005664  .000023021 ... mt
              .000012253  .000029576 ... int
          74 -.000000000 -.000000000 ... mt
              .000000000  .000000000 ... int
          75 -.000000000 -.000000000 ... mt
             -.000000000 -.000000000 ... int
          76  .000000000  .000000000 ... mt
             -.000000000 -.000000000 ... int
          77  .000008817  .000012431 ... mt
              .000012889  .000016650 ... int
          78 -.000000000  .000000000 ... mt
             -.000000000 -.000000000 ... int
          79 -.000000000  .000000000 ... mt
              .000000000  .000000000 ... int
          80  .000000000 -.000000000 ... mt
             -.000000000  .000000000 ... int
          81 -.000002235  .000012589 ... mt
              .000002081  .000016843 ... int
     8     1  .017462051  .015562982 ... mt
              .017462075  .015563447 ... int
           2  .000000000 -.000000000 ... mt
              .000000000 -.000000000 ... int
           3 -.000683195  .000029378 ... mt
             -.000683474  .000029265 ... int
           4 -.000000000  .000000000 ... mt
             -.000000000  .000000000 ... int
           5  .000000000  .000000000 ... mt
              .000000000  .000000000 ... int
           6  .000000000 -.000000000 ... mt
              .000000000  .000000000 ... int
           7  .000045826  .000313373 ... mt
              .000046446  .000313955 ... int
           8 -.000000000  .000000000 ... mt
              .000000000  .000000000 ... int
           9 -.000000000 -.000000000 ... mt
             -.000000000 -.000000000 ... int
          10 -.000000000  .000000000 ... mt
              .000000000 -.000000000 ... int
          11  .000000000  .000000000 ... mt
             -.000000000 -.000000000 ... int
          12 -.000000000 -.000000000 ... mt
             -.000000000  .000000000 ... int
          13  .000622720  .000347877 ... mt
              .000622886  .000347899 ... int
          14  .000000000  .000000000 ... mt
              .000000000 -.000000000 ... int
          15  .000000000  .000000000 ... mt
              .000000000  .000000000 ... int
          16 -.000000000  .000000000 ... mt
              .000000000 -.000000000 ... int
          17  .000000000  .000000000 ... mt
              .000000000  .000000000 ... int
          18 -.000000000  .000000000 ... mt
             -.000000000  .000000000 ... int
          19 -.000000000 -.000000000 ... mt
             -.000000000 -.000000000 ... int
          20  .000000000 -.000000000 ... mt
              .000000000 -.000000000 ... int
          21 -.000742069 -.000848372 ... mt
             -.000744731 -.000850965 ... int
          22 -.000000000  .000000000 ... mt
             -.000000000  .000000000 ... int
          23 -.000000000 -.000000000 ... mt
             -.000000000 -.000000000 ... int
          24 -.000000000 -.000000000 ... mt
             -.000000000  .000000000 ... int
          25 -.000397100 -.000208294 ... mt
             -.000400669 -.000211205 ... int
          26 -.000000000  .000000000 ... mt
              .000000000 -.000000000 ... int
          27  .000000000 -.000000000 ... mt
              .000000000  .000000000 ... int
          28  .000000000  .000000000 ... mt
             -.000000000  .000000000 ... int
          29 -.000000000 -.000000000 ... mt
              .000000000  .000000000 ... int
          30 -.000000000  .000000000 ... mt
              .000000000 -.000000000 ... int
          31 -.000172103 -.000047946 ... mt
             -.000172245 -.000047983 ... int
          32  .000000000 -.000000000 ... mt
             -.000000000  .000000000 ... int
          33 -.000000000  .000000000 ... mt
             -.000000000  .000000000 ... int
          34  .000000000  .000000000 ... mt
             -.000000000  .000000000 ... int
          35  .000271352  .000103121 ... mt
              .000271384  .000103086 ... int
          36  .000000000 -.000000000 ... mt
             -.000000000  .000000000 ... int
          37 -.000000000  .000000000 ... mt
             -.000000000 -.000000000 ... int
          38 -.000000000 -.000000000 ... mt
              .000000000 -.000000000 ... int
          39  .000000000  .000000000 ... mt
             -.000000000  .000000000 ... int
          40 -.000000000  .000000000 ... mt
             -.000000000  .000000000 ... int
          41  .000000000  .000000000 ... mt
              .000000000  .000000000 ... int
          42 -.000000000  .000000000 ... mt
              .000000000  .000000000 ... int
          43 -.000037419 -.000073747 ... mt
             -.000036949 -.000073488 ... int
          44  .000000000 -.000000000 ... mt
              .000000000  .000000000 ... int
          45  .000000000  .000000000 ... mt
              .000000000  .000000000 ... int
          46 -.000000000  .000000000 ... mt
             -.000000000 -.000000000 ... int
          47  .000130852  .000330715 ... mt
              .000132743  .000333054 ... int
          48  .000000000  .000000000 ... mt
             -.000000000 -.000000000 ... int
          49  .000000000 -.000000000 ... mt
              .000000000 -.000000000 ... int
          50  .000000000  .000000000 ... mt
             -.000000000 -.000000000 ... int
          51 -.000000000 -.000000000 ... mt
              .000000000  .000000000 ... int
          52 -.000000000 -.000000000 ... mt
              .000000000  .000000000 ... int
          53 -.000000000 -.000000000 ... mt
              .000000000  .000000000 ... int
          54  .000000000  .000000000 ... mt
             -.000000000 -.000000000 ... int
          55  .000000000  .000000000 ... mt
             -.000000000 -.000000000 ... int
          56  .000000000  .000000000 ... mt
              .000000000  .000000000 ... int
          57  .000015722  .000007058 ... mt
              .000015965  .000007375 ... int
          58 -.000000000 -.000000000 ... mt
              .000000000 -.000000000 ... int
          59  .000000000 -.000000000 ... mt
              .000000000 -.000000000 ... int
          60  .000000000  .000000000 ... mt
             -.000000000 -.000000000 ... int
          61  .000018143 -.000012783 ... mt
              .000018245 -.000013182 ... int
          62  .000000000  .000000000 ... mt
             -.000000000 -.000000000 ... int
          63 -.000000000  .000000000 ... mt
             -.000000000  .000000000 ... int
          64  .000000000  .000000000 ... mt
             -.000000000 -.000000000 ... int
          65  .000000000 -.000000000 ... mt
              .000000000  .000000000 ... int
          66 -.000000000  .000000000 ... mt
              .000000000 -.000000000 ... int
          67 -.000000000 -.000000000 ... mt
              .000000000  .000000000 ... int
          68 -.000000000  .000000000 ... mt
             -.000000000 -.000000000 ... int
          69 -.000000000  .000000000 ... mt
             -.000000000  .000000000 ... int
          70 -.000000000 -.000000000 ... mt
              .000000000  .000000000 ... int
          71  .000000000  .000000000 ... mt
              .000000000 -.000000000 ... int
          72 -.000000000 -.000000000 ... mt
              .000000000  .000000000 ... int
          73  .000005664  .000023021 ... mt
              .000012253  .000029576 ... int
          74  .000000000  .000000000 ... mt
              .000000000  .000000000 ... int
          75  .000000000  .000000000 ... mt
              .000000000  .000000000 ... int
          76 -.000000000 -.000000000 ... mt
              .000000000 -.000000000 ... int
          77  .000008817  .000012431 ... mt
              .000012889  .000016650 ... int
          78  .000000000 -.000000000 ... mt
              .000000000 -.000000000 ... int
          79  .000000000 -.000000000 ... mt
             -.000000000 -.000000000 ... int
          80 -.000000000  .000000000 ... mt
              .000000000 -.000000000 ... int
          81 -.000002235  .000012589 ... mt
              .000002081  .000016843 ... int
     9     1  .057398075  .054746385 ... mt
              .057397339  .054748431 ... int
           2  .000000000 -.000000000 ... mt
             -.000000000  .000000000 ... int
           3 -.000000001 -.000000001 ... mt
             -.000000001 -.000000001 ... int
           4 -.000000000  .000000000 ... mt
              .000000000 -.000000000 ... int
           5 -.000000000 -.000000000 ... mt
              .000000000  .000000000 ... int
           6 -.000000000 -.000000000 ... mt
              .000000000  .000000000 ... int
           7 -.001083498 -.002108515 ... mt
             -.001087511 -.002109309 ... int
           8 -.000000000 -.000000000 ... mt
              .000000000  .000000000 ... int
           9  .000000000  .000000000 ... mt
              .000000000  .000000000 ... int
          10 -.000000000  .000000000 ... mt
             -.000000001  .000000001 ... int
          11  .000000000  .000000000 ... mt
              .000000000  .000000000 ... int
          12  .000000000 -.000000000 ... mt
              .000000000 -.000000000 ... int
          13 -.000000002 -.000000002 ... mt
             -.000000002 -.000000002 ... int
          14 -.000000000  .000000000 ... mt
             -.000000000  .000000000 ... int
          15 -.000000000 -.000000000 ... mt
             -.000000000 -.000000000 ... int
          16 -.000000000  .000000000 ... mt
             -.000000001  .000000001 ... int
          17 -.000000000 -.000000000 ... mt
             -.000000000 -.000000000 ... int
          18 -.000000000 -.000000000 ... mt
             -.000000000 -.000000000 ... int
          19  .000000000  .000000000 ... mt
             -.000000000 -.000000000 ... int
          20  .000000000  .000000000 ... mt
              .000000000  .000000000 ... int
          21  .005274514  .006813445 ... mt
              .005291813  .006839346 ... int
          22  .000000000  .000000000 ... mt
              .000000000  .000000000 ... int
          23 -.000000000 -.000000000 ... mt
             -.000000000 -.000000000 ... int
          24  .000000000  .000000000 ... mt
              .000000000  .000000000 ... int
          25  .005109746  .005539213 ... mt
              .005126785  .005559347 ... int
          26  .000000000 -.000000000 ... mt
             -.000000002  .000000002 ... int
          27  .000000000  .000000000 ... mt
              .000000000  .000000000 ... int
          28 -.000000000  .000000000 ... mt
              .000000000 -.000000000 ... int
          29 -.000000000 -.000000000 ... mt
             -.000000000 -.000000000 ... int
          30 -.000000000  .000000000 ... mt
             -.000000000  .000000000 ... int
          31 -.000000000 -.000000000 ... mt
             -.000000000 -.000000000 ... int
          32  .000000000 -.000000000 ... mt
              .000000000 -.000000000 ... int
          33  .000000000  .000000000 ... mt
              .000000000  .000000000 ... int
          34 -.000000000  .000000000 ... mt
              .000000000 -.000000000 ... int
          35  .000000000  .000000000 ... mt
              .000000000  .000000000 ... int
          36 -.000000000  .000000000 ... mt
              .000000002 -.000000002 ... int
          37 -.000000000 -.000000000 ... mt
             -.000000000 -.000000000 ... int
          38  .000000000  .000000000 ... mt
              .000000000  .000000000 ... int
          39  .000000000  .000000000 ... mt
              .000000000  .000000000 ... int
          40  .000000000  .000000000 ... mt
             -.000000000 -.000000000 ... int
          41 -.000000000 -.000000000 ... mt
              .000000000  .000000000 ... int
          42  .000000000  .000000000 ... mt
             -.000000000 -.000000000 ... int
          43  .000035448  .000504928 ... mt
              .000044760  .000523464 ... int
          44  .000000000  .000000000 ... mt
             -.000000000 -.000000000 ... int
          45  .000000000  .000000000 ... mt
              .000000000  .000000000 ... int
          46 -.000000000 -.000000000 ... mt
              .000000000  .000000000 ... int
          47 -.001204487 -.001165381 ... mt
             -.001231261 -.001197609 ... int
          48  .000000000  .000000000 ... mt
              .000000000  .000000000 ... int
          49  .000000000  .000000000 ... mt
              .000000000  .000000000 ... int
          50  .000000000 -.000000000 ... mt
             -.000000001  .000000001 ... int
          51 -.000000000 -.000000000 ... mt
             -.000000000 -.000000000 ... int
          52  .000000000 -.000000000 ... mt
              .000000000 -.000000000 ... int
          53 -.000000000 -.000000000 ... mt
              .000000000 -.000000000 ... int
          54  .000000000 -.000000000 ... mt
             -.000000000  .000000000 ... int
          55  .000000000 -.000000000 ... mt
              .000000000  .000000000 ... int
          56 -.000000000  .000000000 ... mt
              .000000000 -.000000000 ... int
          57 -.000000000 -.000000000 ... mt
             -.000000000 -.000000000 ... int
          58  .000000000  .000000000 ... mt
             -.000000000  .000000000 ... int
          59 -.000000000 -.000000000 ... mt
             -.000000000 -.000000000 ... int
          60  .000000000 -.000000000 ... mt
             -.000000000  .000000000 ... int
          61 -.000000000 -.000000000 ... mt
             -.000000000 -.000000000 ... int
          62 -.000000000  .000000000 ... mt
             -.000000000  .000000000 ... int
          63 -.000000000 -.000000000 ... mt
             -.000000000 -.000000000 ... int
          64 -.000000000 -.000000000 ... mt
             -.000000001  .000000001 ... int
          65 -.000000000 -.000000000 ... mt
             -.000000000 -.000000000 ... int
          66 -.000000000  .000000000 ... mt
             -.000000000 -.000000000 ... int
          67  .000000000  .000000000 ... mt
              .000000000  .000000000 ... int
          68  .000000000  .000000000 ... mt
             -.000000000 -.000000000 ... int
          69 -.000000000 -.000000000 ... mt
              .000000000 -.000000000 ... int
          70  .000000000  .000000000 ... mt
             -.000000000 -.000000000 ... int
          71  .000000000  .000000000 ... mt
             -.000000000 -.000000000 ... int
          72  .000000000  .000000000 ... mt
             -.000000000 -.000000000 ... int
          73  .000374808  .000463915 ... mt
              .000507506  .000615350 ... int
          74  .000000000  .000000000 ... mt
             -.000000000 -.000000000 ... int
          75  .000000000 -.000000000 ... mt
              .000000000 -.000000000 ... int
          76 -.000000000 -.000000000 ... mt
              .000000000  .000000000 ... int
          77  .000295071  .000230343 ... mt
              .000371485  .000312814 ... int
          78  .000000000  .000000000 ... mt
             -.000000000 -.000000000 ... int
          79 -.000000000 -.000000000 ... mt
             -.000000000 -.000000000 ... int
          80  .000000000 -.000000000 ... mt
              .000000000  .000000000 ... int
          81  .000471424  .000407058 ... mt
              .000590606  .000535295 ... int
 TIME: conden:     13.143m in,      8.299m added,     21.442m total
 core states
 type:     1
      z              rm        dx              s(i)             rn(i)
   26.0   0.2665070E-05 0.0250000   1.8491383( 539)   2.6904804( 554)
   n  k               e    occ    ctp     dq      g(s)
   1 -1  -511.718245615  2.000  0.079 0.0000  0.000000
   2 -1   -58.668564681  2.000  0.355 0.0000 -0.000020
   2  1   -50.468929213  2.000  0.383 0.0000  0.000030
   2 -2   -49.553873004  4.000  0.392 0.0000  0.000033
   3 -1    -5.438301282  0.000  1.041 0.0060  0.090957
   3  1    -3.051744117  0.000  1.240 0.0145 -0.127892
   3 -2    -2.938302530  0.000  1.271 0.0157 -0.132419
 core electrons: 10.0   fix =  1.00000000000000
      spin down:  5.00000000000000
      spin   up:  5.00000000000000
             mt:  9.99999999833734        leakage:  .000000001662656
      spin down:  .000000000831328                  4.99999999916867
      spin   up:  .000000000831328                  4.99999999916867
 type:     2
      z              rm        dx              s(i)             rn(i)
   26.0   0.2665070E-05 0.0250000   1.8491383( 539)   2.6904804( 554)
   n  k               e    occ    ctp     dq      g(s)
   1 -1  -511.718245613  2.000  0.079 0.0000  0.000000
   2 -1   -58.668564679  2.000  0.355 0.0000 -0.000020
   2  1   -50.468929211  2.000  0.383 0.0000  0.000030
   2 -2   -49.553873002  4.000  0.392 0.0000  0.000033
   3 -1    -5.438301279  0.000  1.041 0.0060  0.090957
   3  1    -3.051744115  0.000  1.240 0.0145 -0.127892
   3 -2    -2.938302528  0.000  1.271 0.0157 -0.132419
 core electrons: 10.0   fix =  1.00000000000000
      spin down:  5.00000000000000
      spin   up:  5.00000000000000
             mt:  9.99999999833736        leakage:  .000000001662638
      spin down:  .000000000831319                  4.99999999916868
      spin   up:  .000000000831319                  4.99999999916868
 type:     3
      z              rm        dx              s(i)             rn(i)
   26.0   0.2665070E-05 0.0250000   1.8491383( 539)   2.6904804( 554)
   n  k               e    occ    ctp     dq      g(s)
   1 -1  -511.714191962  2.000  0.079 0.0000  0.000000
   2 -1   -58.664320338  2.000  0.355 0.0000 -0.000020
   2  1   -50.464703635  2.000  0.383 0.0000  0.000030
   2 -2   -49.549644479  4.000  0.392 0.0000  0.000033
   3 -1    -5.434287405  0.000  1.041 0.0061  0.091326
   3  1    -3.048708145  0.000  1.240 0.0147 -0.128555
   3 -2    -2.935409195  0.000  1.271 0.0160 -0.133116
 core electrons: 10.0   fix =  1.00000000000000
      spin down:  5.00000000000000
      spin   up:  5.00000000000000
             mt:  9.99999999833396        leakage:  .000000001666031
      spin down:  .000000000833015                  4.99999999916698
      spin   up:  .000000000833015                  4.99999999916698
 type:     4
      z              rm        dx              s(i)             rn(i)
   26.0   0.2665070E-05 0.0250000   1.8491383( 539)   2.6904804( 554)
   n  k               e    occ    ctp     dq      g(s)
   1 -1  -511.717157851  2.000  0.079 0.0000  0.000000
   2 -1   -58.666512806  2.000  0.355 0.0000 -0.000020
   2  1   -50.466994274  2.000  0.383 0.0000  0.000030
   2 -2   -49.551928930  4.000  0.392 0.0000  0.000033
   3 -1    -5.436733674  0.000  1.041 0.0060  0.090808
   3  1    -3.049806513  0.000  1.240 0.0144 -0.127614
   3 -2    -2.936318843  0.000  1.271 0.0156 -0.132126
 core electrons: 10.0   fix =  1.00000000000000
      spin down:  5.00000000000000
      spin   up:  5.00000000000000
             mt:  9.99999999833851        leakage:  .000000001661487
      spin down:  .000000000830743                  4.99999999916925
      spin   up:  .000000000830743                  4.99999999916925
 type:     5
      z              rm        dx              s(i)             rn(i)
   26.0   0.2665070E-05 0.0250000   1.8491383( 539)   2.6904804( 554)
   n  k               e    occ    ctp     dq      g(s)
   1 -1  -511.714191962  2.000  0.079 0.0000  0.000000
   2 -1   -58.664320338  2.000  0.355 0.0000 -0.000020
   2  1   -50.464703635  2.000  0.383 0.0000  0.000030
   2 -2   -49.549644479  4.000  0.392 0.0000  0.000033
   3 -1    -5.434287405  0.000  1.041 0.0061  0.091326
   3  1    -3.048708145  0.000  1.240 0.0147 -0.128555
   3 -2    -2.935409195  0.000  1.271 0.0160 -0.133116
 core electrons: 10.0   fix =  1.00000000000000
      spin down:  5.00000000000000
      spin   up:  5.00000000000000
             mt:  9.99999999833396        leakage:  .000000001666038
      spin down:  .000000000833019                  4.99999999916698
      spin   up:  .000000000833019                  4.99999999916698
 type:     6
      z              rm        dx              s(i)             rn(i)
   26.0   0.2665070E-05 0.0250000   1.8491383( 539)   2.6904804( 554)
   n  k               e    occ    ctp     dq      g(s)
   1 -1  -511.717157851  2.000  0.079 0.0000  0.000000
   2 -1   -58.666512806  2.000  0.355 0.0000 -0.000020
   2  1   -50.466994274  2.000  0.383 0.0000  0.000030
   2 -2   -49.551928930  4.000  0.392 0.0000  0.000033
   3 -1    -5.436733674  0.000  1.041 0.0060  0.090808
   3  1    -3.049806513  0.000  1.240 0.0144 -0.127614
   3 -2    -2.936318843  0.000  1.271 0.0156 -0.132126
 core electrons: 10.0   fix =  1.00000000000000
      spin down:  5.00000000000000
      spin   up:  5.00000000000000
             mt:  9.99999999833854        leakage:  .000000001661451
      spin down:  .000000000830725                  4.99999999916927
      spin   up:  .000000000830725                  4.99999999916927
 type:     7
      z              rm        dx              s(i)             rn(i)
   13.0   0.6130996E-05 0.0250000   1.6868227( 502)   2.4543125( 517)
   n  k               e    occ    ctp     dq      g(s)
   1 -1  -109.235358506  2.000  0.161 0.0000  0.000000
   2 -1    -6.592973018  2.000  0.817 0.0035 -0.079935
   2  1    -3.836504423  2.000  1.023 0.0071  0.102680
   2 -2    -3.804165429  4.000  1.023 0.0073  0.103703
 core electrons: 10.0   fix =  1.00000000000000
      spin down:  5.00000000000000
      spin   up:  5.00000000000000
             mt:  9.94971489820609        leakage:  .050285101793909
      spin down:  .025142550896954                  4.97485744910304
      spin   up:  .025142550896954                  4.97485744910304
 type:     8
      z              rm        dx              s(i)             rn(i)
   13.0   0.6130996E-05 0.0250000   1.6868227( 502)   2.4543125( 517)
   n  k               e    occ    ctp     dq      g(s)
   1 -1  -109.235358514  2.000  0.161 0.0000  0.000000
   2 -1    -6.592973024  2.000  0.817 0.0035 -0.079935
   2  1    -3.836504429  2.000  1.023 0.0071  0.102680
   2 -2    -3.804165435  4.000  1.023 0.0073  0.103703
 core electrons: 10.0   fix =  1.00000000000000
      spin down:  5.00000000000000
      spin   up:  5.00000000000000
             mt:  9.94971489833138        leakage:  .050285101668619
      spin down:  .025142550834309                  4.97485744916569
      spin   up:  .025142550834309                  4.97485744916569
 type:     9
      z              rm        dx              s(i)             rn(i)
    6.0   0.2516610E-04 0.0250000   1.5449431( 442)   2.2478790( 457)
   n  k               e    occ    ctp     dq      g(s)
   1 -1   -18.452463795  2.000  0.353 0.0000  0.008182
 core electrons:  2.0   fix =  1.00000000000000
      spin down:  1.00000000000000
      spin   up:  1.00000000000000
             mt:  1.99996246501148        leakage:  .000037534988512
      spin down:  .000018767494256                  .999981232505744
      spin   up:  .000018767494256                  .999981232505744
 electrons added to  muffin tins:          external             total
                       spin down:  .000012804166036  40.9497089299503
                       spin   up:  .000012804166036  40.9497089299503
                           total:  .000025608332072  81.8994178599007
 electrons added to interstitial:
                       spin down:  .050291070049634
                       spin   up:  .050291070049634
                           total:  .100582140099269
 TIME: CORED:     21.442m in,      0.007m added,     21.450m total

 Output from conpot:

 ... check interstitial valence density
 ... check interstitial core density

 *** Warning: checkind:         total density is negative or complex
              min[RE(n)]   max[abs[IM(n)]]
       -.000000007206386  .000000000000000

 Density normalization:
       188.000000000000 electrons
       187.999999999999 protons
      -.000000000000511 electrons added

  MAGNETIC MOMENTS (Projected on the spin axis!)
   Muffin-tins
           type           spin     orbital       total
              1      1.7811269   0.0501607   1.8312876
              2      1.7811267   0.0501607   1.8312874
              3      0.9642223   0.0243445   0.9885668
              4      2.1344354   0.0469525   2.1813879
              5      0.9642223   0.0243445   0.9885668
              6      2.1344354   0.0469525   2.1813879
              7     -0.0306750  -0.0000861  -0.0307611
              8     -0.0306750  -0.0000861  -0.0307611
              9     -0.0959056  -0.0002864  -0.0961920
          total      9.6023134   0.2424567   9.8447701

   Interstitial      0.1990082

   Magnetic moment ...   10.0437783 Bohr magnetons (Projected on the spin axis!)


  RESOLVED MAGNETIC MOMENTS (ORBITAL MOMENTS ARE NOT YET SYMMETRIZED! USE ONLY WITH THE FULL REDUCIBLE BZ!)
   Muffin-tins
           type           spin     orbital       total
              1  x   0.0000000  -0.0000012  -0.0000012
                 y   0.0000000   0.0000012   0.0000012
                 z   1.7811269   0.0752174   1.8563443
              2  x   0.0000000   0.0000012   0.0000012
                 y   0.0000000  -0.0000012  -0.0000012
                 z   1.7811267   0.0752174   1.8563442
              3  x   0.0000000  -0.0000000  -0.0000000
                 y   0.0000000  -0.0000000  -0.0000000
                 z   0.9642223   0.0396706   1.0038928
              4  x   0.0000000   0.0000000   0.0000000
                 y   0.0000000  -0.0000000  -0.0000000
                 z   2.1344354   0.0734948   2.2079302
              5  x   0.0000000  -0.0000000  -0.0000000
                 y   0.0000000  -0.0000000  -0.0000000
                 z   0.9642223   0.0396706   1.0038928
              6  x   0.0000000  -0.0000000  -0.0000000
                 y   0.0000000   0.0000000   0.0000000
                 z   2.1344354   0.0734948   2.2079302
              7  x   0.0000000   0.0000000   0.0000000
                 y   0.0000000  -0.0000000  -0.0000000
                 z  -0.0306750  -0.0000665  -0.0307414
              8  x   0.0000000  -0.0000000  -0.0000000
                 y   0.0000000   0.0000000   0.0000000
                 z  -0.0306750  -0.0000665  -0.0307414
              9  x   0.0000000  -0.0000000  -0.0000000
                 y   0.0000000   0.0000000   0.0000000
                 z  -0.0959056  -0.0006954  -0.0966010
          total  x   0.0000000  -0.0000000  -0.0000000
                 y   0.0000000  -0.0000000  -0.0000000
                 z   9.6023134   0.3759373   9.9782507

   Interstitial  x   0.0000000
                 y   0.0000000
                 z   0.1990082

   Summed up magnetic moment ...   10.1772589 Bohr magnetons (along spin axis! ONLY FOR FULL BZ!)

 potential constant r**2 * n0:        true      pseudo
                                .585739423  .170703235
 Parameters for Ewald Sums
            eta      nstmcg   (rlstars)      nstmcr     (nstdl)
  0.1566993             444       86975         444       86975

 Exponents for harmonic fourier expansions

    t   l  nmax   n      l  nmax   n      l  nmax   n      l  nmax   n
    1   0    19  19      1    18  18      1    18  18      1    18  18
        2    17  17      2    17  17      2    17  17      2    17  17
        2    17  17      3    16  16      3    16  16      3    16  16
        3    16  16      3    16  16      3    16  16      3    16  16
        4    15  15      4    15  15      4    15  15      4    15  15
        4    15  15      4    15  15      4    15  15      4    15  15
        4    15  15      5    14  14      5    14  14      5    14  14
        5    14  14      5    14  14      5    14  14      5    14  14
        5    14  14      5    14  14      5    14  14      5    14  14
        6    13  13      6    13  13      6    13  13      6    13  13
        6    13  13      6    13  13      6    13  13      6    13  13
        6    13  13      6    13  13      6    13  13      6    13  13
        6    13  13      7    12  12      7    12  12      7    12  12
        7    12  12      7    12  12      7    12  12      7    12  12
        7    12  12      7    12  12      7    12  12      7    12  12
        7    12  12      7    12  12      7    12  12      7    12  12
        8    11  11      8    11  11      8    11  11      8    11  11
        8    11  11      8    11  11      8    11  11      8    11  11
        8    11  11      8    11  11      8    11  11      8    11  11
        8    11  11      8    11  11      8    11  11      8    11  11
        8    11  11

 (/ (24i3))
 density exponents for TYPE:   1
 19 18 18 18 17 17 17 17 17 16 16 16 16 16 16 16 15 15 15 15 15 15 15 15
 15 14 14 14 14 14 14 14 14 14 14 14 13 13 13 13 13 13 13 13 13 13 13 13
 13 12 12 12 12 12 12 12 12 12 12 12 12 12 12 12 11 11 11 11 11 11 11 11
 11 11 11 11 11 11 11 11 11

    t   l  nmax   n      l  nmax   n      l  nmax   n      l  nmax   n
    2   0    19  19      1    18  18      1    18  18      1    18  18
        2    17  17      2    17  17      2    17  17      2    17  17
        2    17  17      3    16  16      3    16  16      3    16  16
        3    16  16      3    16  16      3    16  16      3    16  16
        4    15  15      4    15  15      4    15  15      4    15  15
        4    15  15      4    15  15      4    15  15      4    15  15
        4    15  15      5    14  14      5    14  14      5    14  14
        5    14  14      5    14  14      5    14  14      5    14  14
        5    14  14      5    14  14      5    14  14      5    14  14
        6    13  13      6    13  13      6    13  13      6    13  13
        6    13  13      6    13  13      6    13  13      6    13  13
        6    13  13      6    13  13      6    13  13      6    13  13
        6    13  13      7    12  12      7    12  12      7    12  12
        7    12  12      7    12  12      7    12  12      7    12  12
        7    12  12      7    12  12      7    12  12      7    12  12
        7    12  12      7    12  12      7    12  12      7    12  12
        8    11  11      8    11  11      8    11  11      8    11  11
        8    11  11      8    11  11      8    11  11      8    11  11
        8    11  11      8    11  11      8    11  11      8    11  11
        8    11  11      8    11  11      8    11  11      8    11  11
        8    11  11

 (/ (24i3))
 density exponents for TYPE:   2
 19 18 18 18 17 17 17 17 17 16 16 16 16 16 16 16 15 15 15 15 15 15 15 15
 15 14 14 14 14 14 14 14 14 14 14 14 13 13 13 13 13 13 13 13 13 13 13 13
 13 12 12 12 12 12 12 12 12 12 12 12 12 12 12 12 11 11 11 11 11 11 11 11
 11 11 11 11 11 11 11 11 11

    t   l  nmax   n      l  nmax   n      l  nmax   n      l  nmax   n
    3   0    19  19      1    18  18      1    18  18      1    18  18
        2    17  17      2    17  17      2    17  17      2    17  17
        2    17  17      3    16  16      3    16  16      3    16  16
        3    16  16      3    16  16      3    16  16      3    16  16
        4    15  15      4    15  15      4    15  15      4    15  15
        4    15  15      4    15  15      4    15  15      4    15  15
        4    15  15      5    14  14      5    14  14      5    14  14
        5    14  14      5    14  14      5    14  14      5    14  14
        5    14  14      5    14  14      5    14  14      5    14  14
        6    13  13      6    13  13      6    13  13      6    13  13
        6    13  13      6    13  13      6    13  13      6    13  13
        6    13  13      6    13  13      6    13  13      6    13  13
        6    13  13      7    12  12      7    12  12      7    12  12
        7    12  12      7    12  12      7    12  12      7    12  12
        7    12  12      7    12  12      7    12  12      7    12  12
        7    12  12      7    12  12      7    12  12      7    12  12
        8    11  11      8    11  11      8    11  11      8    11  11
        8    11  11      8    11  11      8    11  11      8    11  11
        8    11  11      8    11  11      8    11  11      8    11  11
        8    11  11      8    11  11      8    11  11      8    11  11
        8    11  11

 (/ (24i3))
 density exponents for TYPE:   3
 19 18 18 18 17 17 17 17 17 16 16 16 16 16 16 16 15 15 15 15 15 15 15 15
 15 14 14 14 14 14 14 14 14 14 14 14 13 13 13 13 13 13 13 13 13 13 13 13
 13 12 12 12 12 12 12 12 12 12 12 12 12 12 12 12 11 11 11 11 11 11 11 11
 11 11 11 11 11 11 11 11 11

    t   l  nmax   n      l  nmax   n      l  nmax   n      l  nmax   n
    4   0    19  19      1    18  18      1    18  18      1    18  18
        2    17  17      2    17  17      2    17  17      2    17  17
        2    17  17      3    16  16      3    16  16      3    16  16
        3    16  16      3    16  16      3    16  16      3    16  16
        4    15  15      4    15  15      4    15  15      4    15  15
        4    15  15      4    15  15      4    15  15      4    15  15
        4    15  15      5    14  14      5    14  14      5    14  14
        5    14  14      5    14  14      5    14  14      5    14  14
        5    14  14      5    14  14      5    14  14      5    14  14
        6    13  13      6    13  13      6    13  13      6    13  13
        6    13  13      6    13  13      6    13  13      6    13  13
        6    13  13      6    13  13      6    13  13      6    13  13
        6    13  13      7    12  12      7    12  12      7    12  12
        7    12  12      7    12  12      7    12  12      7    12  12
        7    12  12      7    12  12      7    12  12      7    12  12
        7    12  12      7    12  12      7    12  12      7    12  12
        8    11  11      8    11  11      8    11  11      8    11  11
        8    11  11      8    11  11      8    11  11      8    11  11
        8    11  11      8    11  11      8    11  11      8    11  11
        8    11  11      8    11  11      8    11  11      8    11  11
        8    11  11

 (/ (24i3))
 density exponents for TYPE:   4
 19 18 18 18 17 17 17 17 17 16 16 16 16 16 16 16 15 15 15 15 15 15 15 15
 15 14 14 14 14 14 14 14 14 14 14 14 13 13 13 13 13 13 13 13 13 13 13 13
 13 12 12 12 12 12 12 12 12 12 12 12 12 12 12 12 11 11 11 11 11 11 11 11
 11 11 11 11 11 11 11 11 11

    t   l  nmax   n      l  nmax   n      l  nmax   n      l  nmax   n
    5   0    19  19      1    18  18      1    18  18      1    18  18
        2    17  17      2    17  17      2    17  17      2    17  17
        2    17  17      3    16  16      3    16  16      3    16  16
        3    16  16      3    16  16      3    16  16      3    16  16
        4    15  15      4    15  15      4    15  15      4    15  15
        4    15  15      4    15  15      4    15  15      4    15  15
        4    15  15      5    14  14      5    14  14      5    14  14
        5    14  14      5    14  14      5    14  14      5    14  14
        5    14  14      5    14  14      5    14  14      5    14  14
        6    13  13      6    13  13      6    13  13      6    13  13
        6    13  13      6    13  13      6    13  13      6    13  13
        6    13  13      6    13  13      6    13  13      6    13  13
        6    13  13      7    12  12      7    12  12      7    12  12
        7    12  12      7    12  12      7    12  12      7    12  12
        7    12  12      7    12  12      7    12  12      7    12  12
        7    12  12      7    12  12      7    12  12      7    12  12
        8    11  11      8    11  11      8    11  11      8    11  11
        8    11  11      8    11  11      8    11  11      8    11  11
        8    11  11      8    11  11      8    11  11      8    11  11
        8    11  11      8    11  11      8    11  11      8    11  11
        8    11  11

 (/ (24i3))
 density exponents for TYPE:   5
 19 18 18 18 17 17 17 17 17 16 16 16 16 16 16 16 15 15 15 15 15 15 15 15
 15 14 14 14 14 14 14 14 14 14 14 14 13 13 13 13 13 13 13 13 13 13 13 13
 13 12 12 12 12 12 12 12 12 12 12 12 12 12 12 12 11 11 11 11 11 11 11 11
 11 11 11 11 11 11 11 11 11

    t   l  nmax   n      l  nmax   n      l  nmax   n      l  nmax   n
    6   0    19  19      1    18  18      1    18  18      1    18  18
        2    17  17      2    17  17      2    17  17      2    17  17
        2    17  17      3    16  16      3    16  16      3    16  16
        3    16  16      3    16  16      3    16  16      3    16  16
        4    15  15      4    15  15      4    15  15      4    15  15
        4    15  15      4    15  15      4    15  15      4    15  15
        4    15  15      5    14  14      5    14  14      5    14  14
        5    14  14      5    14  14      5    14  14      5    14  14
        5    14  14      5    14  14      5    14  14      5    14  14
        6    13  13      6    13  13      6    13  13      6    13  13
        6    13  13      6    13  13      6    13  13      6    13  13
        6    13  13      6    13  13      6    13  13      6    13  13
        6    13  13      7    12  12      7    12  12      7    12  12
        7    12  12      7    12  12      7    12  12      7    12  12
        7    12  12      7    12  12      7    12  12      7    12  12
        7    12  12      7    12  12      7    12  12      7    12  12
        8    11  11      8    11  11      8    11  11      8    11  11
        8    11  11      8    11  11      8    11  11      8    11  11
        8    11  11      8    11  11      8    11  11      8    11  11
        8    11  11      8    11  11      8    11  11      8    11  11
        8    11  11

 (/ (24i3))
 density exponents for TYPE:   6
 19 18 18 18 17 17 17 17 17 16 16 16 16 16 16 16 15 15 15 15 15 15 15 15
 15 14 14 14 14 14 14 14 14 14 14 14 13 13 13 13 13 13 13 13 13 13 13 13
 13 12 12 12 12 12 12 12 12 12 12 12 12 12 12 12 11 11 11 11 11 11 11 11
 11 11 11 11 11 11 11 11 11

    t   l  nmax   n      l  nmax   n      l  nmax   n      l  nmax   n
    7   0    19  18      1    18  17      1    18  17      1    18  17
        2    17  16      2    17  16      2    17  16      2    17  16
        2    17  16      3    16  15      3    16  15      3    16  15
        3    16  15      3    16  15      3    16  15      3    16  15
        4    15  14      4    15  14      4    15  14      4    15  14
        4    15  14      4    15  14      4    15  14      4    15  14
        4    15  14      5    14  13      5    14  13      5    14  13
        5    14  13      5    14  13      5    14  13      5    14  13
        5    14  13      5    14  13      5    14  13      5    14  13
        6    13  12      6    13  12      6    13  12      6    13  12
        6    13  12      6    13  12      6    13  12      6    13  12
        6    13  12      6    13  12      6    13  12      6    13  12
        6    13  12      7    12  11      7    12  11      7    12  11
        7    12  11      7    12  11      7    12  11      7    12  11
        7    12  11      7    12  11      7    12  11      7    12  11
        7    12  11      7    12  11      7    12  11      7    12  11
        8    11  10      8    11  10      8    11  10      8    11  10
        8    11  10      8    11  10      8    11  10      8    11  10
        8    11  10      8    11  10      8    11  10      8    11  10
        8    11  10      8    11  10      8    11  10      8    11  10
        8    11  10

 (/ (24i3))
 density exponents for TYPE:   7
 18 17 17 17 16 16 16 16 16 15 15 15 15 15 15 15 14 14 14 14 14 14 14 14
 14 13 13 13 13 13 13 13 13 13 13 13 12 12 12 12 12 12 12 12 12 12 12 12
 12 11 11 11 11 11 11 11 11 11 11 11 11 11 11 11 10 10 10 10 10 10 10 10
 10 10 10 10 10 10 10 10 10

    t   l  nmax   n      l  nmax   n      l  nmax   n      l  nmax   n
    8   0    19  18      1    18  17      1    18  17      1    18  17
        2    17  16      2    17  16      2    17  16      2    17  16
        2    17  16      3    16  15      3    16  15      3    16  15
        3    16  15      3    16  15      3    16  15      3    16  15
        4    15  14      4    15  14      4    15  14      4    15  14
        4    15  14      4    15  14      4    15  14      4    15  14
        4    15  14      5    14  13      5    14  13      5    14  13
        5    14  13      5    14  13      5    14  13      5    14  13
        5    14  13      5    14  13      5    14  13      5    14  13
        6    13  12      6    13  12      6    13  12      6    13  12
        6    13  12      6    13  12      6    13  12      6    13  12
        6    13  12      6    13  12      6    13  12      6    13  12
        6    13  12      7    12  11      7    12  11      7    12  11
        7    12  11      7    12  11      7    12  11      7    12  11
        7    12  11      7    12  11      7    12  11      7    12  11
        7    12  11      7    12  11      7    12  11      7    12  11
        8    11  10      8    11  10      8    11  10      8    11  10
        8    11  10      8    11  10      8    11  10      8    11  10
        8    11  10      8    11  10      8    11  10      8    11  10
        8    11  10      8    11  10      8    11  10      8    11  10
        8    11  10

 (/ (24i3))
 density exponents for TYPE:   8
 18 17 17 17 16 16 16 16 16 15 15 15 15 15 15 15 14 14 14 14 14 14 14 14
 14 13 13 13 13 13 13 13 13 13 13 13 12 12 12 12 12 12 12 12 12 12 12 12
 12 11 11 11 11 11 11 11 11 11 11 11 11 11 11 11 10 10 10 10 10 10 10 10
 10 10 10 10 10 10 10 10 10

    t   l  nmax   n      l  nmax   n      l  nmax   n      l  nmax   n
    9   0    19  16      1    18  15      1    18  15      1    18  15
        2    17  14      2    17  14      2    17  14      2    17  14
        2    17  14      3    16  13      3    16  13      3    16  13
        3    16  13      3    16  13      3    16  13      3    16  13
        4    15  12      4    15  12      4    15  12      4    15  12
        4    15  12      4    15  12      4    15  12      4    15  12
        4    15  12      5    14  11      5    14  11      5    14  11
        5    14  11      5    14  11      5    14  11      5    14  11
        5    14  11      5    14  11      5    14  11      5    14  11
        6    13  10      6    13  10      6    13  10      6    13  10
        6    13  10      6    13  10      6    13  10      6    13  10
        6    13  10      6    13  10      6    13  10      6    13  10
        6    13  10      7    12   9      7    12   9      7    12   9
        7    12   9      7    12   9      7    12   9      7    12   9
        7    12   9      7    12   9      7    12   9      7    12   9
        7    12   9      7    12   9      7    12   9      7    12   9
        8    11   8      8    11   8      8    11   8      8    11   8
        8    11   8      8    11   8      8    11   8      8    11   8
        8    11   8      8    11   8      8    11   8      8    11   8
        8    11   8      8    11   8      8    11   8      8    11   8
        8    11   8

 (/ (24i3))
 density exponents for TYPE:   9
 16 15 15 15 14 14 14 14 14 13 13 13 13 13 13 13 12 12 12 12 12 12 12 12
 12 11 11 11 11 11 11 11 11 11 11 11 10 10 10 10 10 10 10 10 10 10 10 10
 10  9  9  9  9  9  9  9  9  9  9  9  9  9  9  9  8  8  8  8  8  8  8  8
  8  8  8  8  8  8  8  8  8
 pseudocell density: n(1)+pden =  .000000000000000
      First component of the interstitial potential (before constant):
                  Re{Vt}            Im{Vt}
        -.665288357540138  .000000000000000
                  Re{Vm}            Im{Vm}
       -.007788197668765  .000000000000000
      Average of the scalar potential over the interstitial:
            Vbar =  .313674645039919

 MUFFIN TIN COULOMB POTENTIAL PARAMETERS:

      type     z         z-n              n(s)
         1    26   2.2709834  .069573225242132

                Coulomb potential at sphere boundaries
                      convoluted                      pseudo
     lh       external          total       external          total
      0    3.241594593    0.785333303    3.241618573    0.785357282
      1    0.000000001    0.000000001    0.000000001    0.000000001
      1    0.060728216    0.044934104    0.060710657    0.044916544
      1   -0.000000001   -0.000000001   -0.000000001   -0.000000001
      2    0.000000000    0.000000000    0.000000000    0.000000000
      2    0.000000000   -0.000000000    0.000000000   -0.000000000
      2   -0.045611655   -0.029718061   -0.045651047   -0.029757453
      2    0.000000000    0.000000000    0.000000000    0.000000000
      2    0.000000002    0.000000001    0.000000002    0.000000001
      3    0.000000001    0.000000001    0.000000001    0.000000001
      3    0.000000000    0.000000000    0.000000000    0.000000000
      3   -0.000000000   -0.000000000   -0.000000000   -0.000000000
      3    0.062388199    0.039157948    0.062372895    0.039142644
      3    0.000000000    0.000000000    0.000000000    0.000000000
      3    0.000000001    0.000000001    0.000000001    0.000000001
      3    0.000000001    0.000000001    0.000000001    0.000000001
      4   -0.000000000   -0.000000000   -0.000000000   -0.000000000
      4    0.000000000   -0.000000000    0.000000000   -0.000000000
      4   -0.000000000   -0.000000000   -0.000000000   -0.000000000
      4    0.000000000    0.000000000    0.000000000    0.000000000
      4   -0.030373052   -0.029024580   -0.030269418   -0.028920946
      4   -0.000000000   -0.000000000   -0.000000000   -0.000000000
      4    0.000000001    0.000000001    0.000000001    0.000000001
      4    0.000000000    0.000000000    0.000000000    0.000000000
      4    0.013420474    0.019202232    0.013539885    0.019321642
      5    0.000000001    0.000000001    0.000000001    0.000000001
      5   -0.000000000   -0.000000000   -0.000000000   -0.000000000
      5   -0.000000000   -0.000000001   -0.000000000   -0.000000001
      5   -0.000000000   -0.000000000   -0.000000000   -0.000000000
      5    0.000000000    0.000000000    0.000000000    0.000000000
      5    0.038586557    0.034721091    0.038588401    0.034722936
      5   -0.000000000   -0.000000000   -0.000000000   -0.000000000
      5   -0.000000000   -0.000000000   -0.000000000   -0.000000000
      5   -0.000000000   -0.000000001   -0.000000000   -0.000000001
      5   -0.014852285   -0.014475130   -0.014850838   -0.014473684
      5   -0.000000001   -0.000000001   -0.000000001   -0.000000001
      6   -0.000000000    0.000000000   -0.000000000    0.000000000
      6    0.000000000   -0.000000000    0.000000000   -0.000000000
      6    0.000000000    0.000000000    0.000000000    0.000000000
      6    0.000000000    0.000000000    0.000000000    0.000000000
      6    0.000000000    0.000000000    0.000000000    0.000000000
      6    0.000000000    0.000000000    0.000000000    0.000000000
      6   -0.018395646   -0.016960482   -0.018379444   -0.016944280
      6    0.000000000    0.000000000    0.000000000    0.000000000
      6   -0.000000000   -0.000000000   -0.000000000   -0.000000000
      6   -0.000000000    0.000000000   -0.000000000    0.000000000
      6   -0.017961251   -0.017087245   -0.017955007   -0.017081000
      6   -0.000000000    0.000000000   -0.000000000    0.000000000
      6    0.000000000    0.000000000    0.000000000    0.000000000
      7    0.000000000    0.000000000    0.000000000    0.000000000
      7   -0.000000000   -0.000000000   -0.000000000   -0.000000000
      7   -0.000000000   -0.000000000   -0.000000000   -0.000000000
      7    0.000000000    0.000000000    0.000000000    0.000000000
      7    0.000000000    0.000000000    0.000000000    0.000000000
      7    0.000000000    0.000000000    0.000000000    0.000000000
      7   -0.000000000   -0.000000000   -0.000000000   -0.000000000
      7    0.010962647    0.010511097    0.010960206    0.010508656
      7    0.000000000    0.000000000    0.000000000    0.000000000
      7   -0.000000000   -0.000000000   -0.000000000   -0.000000000
      7    0.000000000    0.000000000    0.000000000    0.000000000
      7   -0.001205323   -0.001194874   -0.001214902   -0.001204453
      7    0.000000000    0.000000000    0.000000000    0.000000000
      7    0.000000000    0.000000000    0.000000000    0.000000000
      7    0.000000000    0.000000000    0.000000000    0.000000000
      8    0.000000000    0.000000000    0.000000000    0.000000000
      8   -0.000000000   -0.000000000   -0.000000000   -0.000000000
      8   -0.000000000   -0.000000000   -0.000000000   -0.000000000
      8   -0.000000000   -0.000000000   -0.000000000   -0.000000000
      8    0.000000000    0.000000000    0.000000000    0.000000000
      8    0.000000000    0.000000000    0.000000000    0.000000000
      8   -0.000000000   -0.000000000   -0.000000000   -0.000000000
      8    0.000000000    0.000000000    0.000000000    0.000000000
      8   -0.009194142   -0.008991282   -0.009297328   -0.009094468
      8    0.000000000    0.000000000    0.000000000    0.000000000
      8   -0.000000000   -0.000000000   -0.000000000   -0.000000000
      8    0.000000000    0.000000000    0.000000000    0.000000000
      8   -0.000727346   -0.000723157   -0.000786833   -0.000782644
      8   -0.000000000   -0.000000000   -0.000000000   -0.000000000
      8    0.000000000    0.000000000    0.000000000    0.000000000
      8    0.000000000    0.000000000    0.000000000    0.000000000
      8   -0.001157317   -0.001140869   -0.001247326   -0.001230878

                                Moments
          lh             mt         pseudo         npa(s)
           0   -2.270983416   -9.855714994    0.000000564
           1    0.000000001   -0.000000077   -0.000000000
           1   -0.027002503   -0.021437188    0.000000228
           1   -0.000000001    0.000000076    0.000000000
           2    0.000000000   -0.000000001    0.000000000
           2   -0.000000000    0.000000001    0.000000000
           2    0.050245862    0.006696935   -0.000000989
           2    0.000000000   -0.000000002    0.000000000
           2   -0.000000003   -0.000000001   -0.000000000
           3   -0.000000000   -0.000000047    0.000000000
           3   -0.000000000    0.000000000    0.000000000
           3    0.000000000    0.000000008    0.000000000
           3   -0.135800534   -0.007194795    0.000000532
           3   -0.000000000   -0.000000009   -0.000000000
           3   -0.000000002   -0.000000000    0.000000000
           3   -0.000000000   -0.000000048    0.000000000
           4   -0.000000002   -0.000000000   -0.000000000
           4   -0.000000001    0.000000002   -0.000000000
           4    0.000000000   -0.000000000   -0.000000000
           4    0.000000001   -0.000000000   -0.000000000
           4    0.014576691   -0.010754097    0.000001929
           4   -0.000000001   -0.000000000   -0.000000000
           4   -0.000000004   -0.000000000    0.000000000
           4   -0.000000001    0.000000002    0.000000000
           4    0.062499544    0.005821987    0.000002288
           5   -0.000000002    0.000000007    0.000000000
           5   -0.000000000    0.000000000   -0.000000000
           5   -0.000000001   -0.000000002   -0.000000000
           5    0.000000000   -0.000000001    0.000000000
           5    0.000000000    0.000000000    0.000000000
           5   -0.077265954   -0.001616804    0.000000734
           5   -0.000000000   -0.000000000    0.000000000
           5    0.000000000    0.000000000    0.000000000
           5   -0.000000001   -0.000000002   -0.000000000
           5    0.007538862   -0.000005248    0.000000024
           5    0.000000001   -0.000000007   -0.000000000
           6    0.000000000    0.000000003    0.000000000
           6   -0.000000001    0.000000000   -0.000000000
           6    0.000000000    0.000000000    0.000000000
           6    0.000000000    0.000000002    0.000000000
           6   -0.000000000    0.000000000    0.000000000
           6   -0.000000000    0.000000003    0.000000000
           6    0.053046570    0.000428930   -0.000001465
           6    0.000000000    0.000000003    0.000000000
           6    0.000000001    0.000000000   -0.000000000
           6    0.000000000   -0.000000003   -0.000000000
           6    0.032305064    0.000095850   -0.000001909
           6    0.000000001   -0.000000001   -0.000000000
           6   -0.000000000    0.000000000   -0.000000000
           7    0.000000001   -0.000000033   -0.000000000
           7   -0.000000000   -0.000000002   -0.000000000
           7   -0.000000001    0.000000021    0.000000000
           7    0.000000000    0.000000001    0.000000000
           7   -0.000000000   -0.000000012   -0.000000000
           7    0.000000000    0.000000002    0.000000000
           7    0.000000000    0.000000004    0.000000000
           7   -0.030862516    0.001482299    0.000000718
           7   -0.000000000   -0.000000003   -0.000000000
           7    0.000000000   -0.000000000   -0.000000000
           7   -0.000000000   -0.000000012   -0.000000000
           7    0.000714129   -0.000330235   -0.000000032
           7    0.000000001   -0.000000021   -0.000000000
           7   -0.000000000    0.000000000    0.000000000
           7    0.000000001   -0.000000033   -0.000000000
           8    0.000000000   -0.000000000   -0.000000000
           8   -0.000000000    0.000000000   -0.000000000
           8   -0.000000000   -0.000000002   -0.000000000
           8    0.000000000   -0.000000005   -0.000000000
           8    0.000000000    0.000000001   -0.000000000
           8    0.000000000   -0.000000001   -0.000000000
           8   -0.000000000   -0.000000000    0.000000000
           8   -0.000000000    0.000000007   -0.000000000
           8    0.025638419   -0.004120678    0.000000652
           8    0.000000000    0.000000005   -0.000000000
           8   -0.000000000   -0.000000000    0.000000000
           8    0.000000000   -0.000000003    0.000000000
           8    0.000529431   -0.000293968    0.000001080
           8   -0.000000000   -0.000000006    0.000000000
           8   -0.000000000    0.000000000    0.000000000
           8   -0.000000000   -0.000000001    0.000000000
           8    0.002078857   -0.000137983    0.000000709

      type     z         z-n              n(s)
         2    26   2.2709834  .069573226195576

                Coulomb potential at sphere boundaries
                      convoluted                      pseudo
     lh       external          total       external          total
      0    3.241594572    0.785333301    3.241618551    0.785357280
      1    0.000000001    0.000000001    0.000000001    0.000000001
      1   -0.060728255   -0.044934121   -0.060710695   -0.044916561
      1   -0.000000001   -0.000000001   -0.000000001   -0.000000001
      2    0.000000000    0.000000000    0.000000000    0.000000000
      2    0.000000000    0.000000000    0.000000000    0.000000000
      2   -0.045611687   -0.029718081   -0.045651079   -0.029757473
      2    0.000000000   -0.000000000    0.000000000   -0.000000000
      2   -0.000000002   -0.000000001   -0.000000002   -0.000000001
      3    0.000000001    0.000000001    0.000000001    0.000000001
      3   -0.000000000   -0.000000000   -0.000000000   -0.000000000
      3   -0.000000000   -0.000000000   -0.000000000   -0.000000000
      3   -0.062388221   -0.039157963   -0.062372916   -0.039142659
      3    0.000000000    0.000000000    0.000000000    0.000000000
      3    0.000000001    0.000000001    0.000000001    0.000000001
      3    0.000000001    0.000000001    0.000000001    0.000000001
      4    0.000000000    0.000000000    0.000000000    0.000000000
      4   -0.000000000    0.000000000   -0.000000000    0.000000000
      4   -0.000000000   -0.000000000   -0.000000000   -0.000000000
      4   -0.000000000   -0.000000000   -0.000000000   -0.000000000
      4   -0.030373075   -0.029024597   -0.030269442   -0.028920964
      4    0.000000000    0.000000000    0.000000000    0.000000000
      4   -0.000000001   -0.000000001   -0.000000001   -0.000000001
      4   -0.000000000    0.000000000   -0.000000000    0.000000000
      4    0.013420476    0.019202233    0.013539887    0.019321644
      5    0.000000001    0.000000001    0.000000001    0.000000001
      5   -0.000000000   -0.000000000   -0.000000000   -0.000000000
      5   -0.000000000   -0.000000001   -0.000000000   -0.000000001
      5    0.000000000    0.000000000    0.000000000    0.000000000
      5    0.000000000    0.000000000    0.000000000    0.000000000
      5   -0.038586573   -0.034721106   -0.038588418   -0.034722951
      5   -0.000000000   -0.000000000   -0.000000000   -0.000000000
      5   -0.000000000   -0.000000000   -0.000000000   -0.000000000
      5   -0.000000001   -0.000000001   -0.000000000   -0.000000001
      5    0.014852284    0.014475130    0.014850837    0.014473683
      5   -0.000000001   -0.000000001   -0.000000001   -0.000000001
      6   -0.000000000    0.000000000   -0.000000000    0.000000000
      6   -0.000000000    0.000000000   -0.000000000    0.000000000
      6   -0.000000000   -0.000000000   -0.000000000   -0.000000000
      6    0.000000000    0.000000000    0.000000000    0.000000000
      6    0.000000000    0.000000000    0.000000000    0.000000000
      6    0.000000000    0.000000000    0.000000000    0.000000000
      6   -0.018395656   -0.016960491   -0.018379454   -0.016944289
      6    0.000000000    0.000000000    0.000000000    0.000000000
      6    0.000000000    0.000000000    0.000000000    0.000000000
      6   -0.000000000   -0.000000000   -0.000000000   -0.000000000
      6   -0.017961250   -0.017087243   -0.017955005   -0.017080998
      6    0.000000000   -0.000000000    0.000000000   -0.000000000
      6   -0.000000000   -0.000000000   -0.000000000   -0.000000000
      7    0.000000000    0.000000000    0.000000000    0.000000000
      7    0.000000000    0.000000000    0.000000000    0.000000000
      7   -0.000000000   -0.000000000   -0.000000000   -0.000000000
      7    0.000000000    0.000000000    0.000000000    0.000000000
      7    0.000000000    0.000000000    0.000000000    0.000000000
      7   -0.000000000   -0.000000000   -0.000000000   -0.000000000
      7   -0.000000000   -0.000000000   -0.000000000   -0.000000000
      7   -0.010962654   -0.010511103   -0.010960213   -0.010508662
      7    0.000000000    0.000000000    0.000000000    0.000000000
      7   -0.000000000   -0.000000000   -0.000000000   -0.000000000
      7    0.000000000    0.000000000    0.000000000    0.000000000
      7    0.001205322    0.001194874    0.001214901    0.001204453
      7    0.000000000    0.000000000    0.000000000    0.000000000
      7    0.000000000    0.000000000    0.000000000    0.000000000
      7    0.000000000    0.000000000    0.000000000    0.000000000
      8   -0.000000000   -0.000000000   -0.000000000   -0.000000000
      8   -0.000000000   -0.000000000   -0.000000000   -0.000000000
      8   -0.000000000   -0.000000000   -0.000000000   -0.000000000
      8   -0.000000000   -0.000000000   -0.000000000   -0.000000000
      8   -0.000000000   -0.000000000   -0.000000000   -0.000000000
      8   -0.000000000   -0.000000000   -0.000000000   -0.000000000
      8   -0.000000000   -0.000000000   -0.000000000   -0.000000000
      8    0.000000000    0.000000000    0.000000000    0.000000000
      8   -0.009194145   -0.008991285   -0.009297332   -0.009094472
      8    0.000000000    0.000000000    0.000000000    0.000000000
      8    0.000000000    0.000000000    0.000000000    0.000000000
      8   -0.000000000   -0.000000000   -0.000000000   -0.000000000
      8   -0.000727347   -0.000723157   -0.000786833   -0.000782644
      8   -0.000000000   -0.000000000   -0.000000000   -0.000000000
      8   -0.000000000   -0.000000000   -0.000000000   -0.000000000
      8    0.000000000    0.000000000    0.000000000    0.000000000
      8   -0.001157317   -0.001140869   -0.001247326   -0.001230878

                                Moments
          lh             mt         pseudo         npa(s)
           0   -2.270983398   -9.855715003    0.000000564
           1    0.000000001   -0.000000075   -0.000000000
           1    0.027002540    0.021437192   -0.000000228
           1   -0.000000001    0.000000077    0.000000000
           2    0.000000000   -0.000000001    0.000000000
           2    0.000000001   -0.000000002    0.000000000
           2    0.050245901    0.006696936   -0.000000989
           2   -0.000000000    0.000000001    0.000000000
           2    0.000000003    0.000000001    0.000000000
           3   -0.000000000   -0.000000048    0.000000000
           3    0.000000000   -0.000000000   -0.000000000
           3    0.000000000    0.000000009    0.000000000
           3    0.135800575    0.007194792   -0.000000532
           3   -0.000000000   -0.000000008   -0.000000000
           3   -0.000000002   -0.000000000    0.000000000
           3   -0.000000000   -0.000000047    0.000000000
           4    0.000000002    0.000000000    0.000000000
           4    0.000000001   -0.000000002   -0.000000000
           4    0.000000000   -0.000000000   -0.000000000
           4   -0.000000001   -0.000000000   -0.000000000
           4    0.014576756   -0.010754092    0.000001929
           4    0.000000001   -0.000000000   -0.000000000
           4    0.000000004    0.000000000   -0.000000000
           4    0.000000001   -0.000000002    0.000000000
           4    0.062499537    0.005821987    0.000002288
           5   -0.000000001    0.000000007    0.000000000
           5   -0.000000000    0.000000000   -0.000000000
           5   -0.000000001   -0.000000002   -0.000000000
           5   -0.000000000    0.000000001   -0.000000000
           5    0.000000000    0.000000000   -0.000000000
           5    0.077265989    0.001616805   -0.000000734
           5   -0.000000000   -0.000000000   -0.000000000
           5    0.000000000    0.000000000    0.000000000
           5   -0.000000001   -0.000000002   -0.000000000
           5   -0.007538859    0.000005248   -0.000000024
           5    0.000000002   -0.000000007   -0.000000000
           6    0.000000000    0.000000003    0.000000000
           6    0.000000001   -0.000000001   -0.000000000
           6   -0.000000000   -0.000000000   -0.000000000
           6   -0.000000000    0.000000003    0.000000000
           6   -0.000000000    0.000000000    0.000000000
           6    0.000000000    0.000000003    0.000000000
           6    0.053046593    0.000428930   -0.000001465
           6   -0.000000000    0.000000003    0.000000000
           6   -0.000000001   -0.000000000    0.000000000
           6   -0.000000000   -0.000000002   -0.000000000
           6    0.032305063    0.000095850   -0.000001909
           6   -0.000000001    0.000000000   -0.000000000
           6    0.000000000   -0.000000000    0.000000000
           7    0.000000001   -0.000000033   -0.000000000
           7    0.000000000    0.000000002    0.000000000
           7   -0.000000001    0.000000021    0.000000000
           7    0.000000000    0.000000001    0.000000000
           7   -0.000000000   -0.000000012   -0.000000000
           7   -0.000000000   -0.000000002   -0.000000000
           7    0.000000000    0.000000003    0.000000000
           7    0.030862532   -0.001482300   -0.000000718
           7   -0.000000000   -0.000000004   -0.000000000
           7    0.000000000   -0.000000000   -0.000000000
           7   -0.000000000   -0.000000012   -0.000000000
           7   -0.000714129    0.000330234    0.000000032
           7    0.000000001   -0.000000021   -0.000000000
           7   -0.000000000    0.000000000    0.000000000
           7    0.000000001   -0.000000033   -0.000000000
           8   -0.000000000    0.000000000    0.000000000
           8    0.000000000    0.000000001   -0.000000000
           8   -0.000000000   -0.000000002   -0.000000000
           8   -0.000000000   -0.000000006    0.000000000
           8   -0.000000000   -0.000000001    0.000000000
           8   -0.000000000    0.000000003   -0.000000000
           8   -0.000000000   -0.000000000    0.000000000
           8    0.000000000    0.000000005   -0.000000000
           8    0.025638431   -0.004120680    0.000000652
           8   -0.000000000    0.000000007   -0.000000000
           8    0.000000000    0.000000000   -0.000000000
           8   -0.000000000    0.000000001    0.000000000
           8    0.000529431   -0.000293968    0.000001080
           8    0.000000000   -0.000000005   -0.000000000
           8    0.000000000   -0.000000000   -0.000000000
           8    0.000000000   -0.000000000    0.000000000
           8    0.002078857   -0.000137983    0.000000709

      type     z         z-n              n(s)
         3    26   2.1966280  .073156407571498

                Coulomb potential at sphere boundaries
                      convoluted                      pseudo
     lh       external          total       external          total
      0    3.146647441    0.770807862    3.146642779    0.770803200
      1   -0.000000000   -0.000000000   -0.000000000   -0.000000000
      1    0.000000008    0.000000005    0.000000008    0.000000005
      1   -0.000000001   -0.000000001   -0.000000001   -0.000000001
      2    0.000000000    0.000000000    0.000000000    0.000000000
      2    0.000000000    0.000000000    0.000000000    0.000000000
      2    0.064056044    0.048905287    0.064125965    0.048975208
      2    0.000000000    0.000000000    0.000000000    0.000000000
      2    0.105763890    0.079564192    0.105899436    0.079699738
      3   -0.000000000   -0.000000000   -0.000000000   -0.000000000
      3    0.000000000    0.000000000    0.000000000    0.000000000
      3   -0.000000000   -0.000000000   -0.000000000   -0.000000000
      3   -0.000000008   -0.000000006   -0.000000008   -0.000000006
      3   -0.000000000   -0.000000000   -0.000000000   -0.000000000
      3   -0.000000005   -0.000000004   -0.000000005   -0.000000004
      3   -0.000000000   -0.000000001   -0.000000000   -0.000000001
      4   -0.000000000   -0.000000000   -0.000000000   -0.000000000
      4   -0.000000000   -0.000000000   -0.000000000   -0.000000000
      4   -0.000000000   -0.000000000   -0.000000000   -0.000000000
      4   -0.000000000   -0.000000000   -0.000000000   -0.000000000
      4   -0.015864427   -0.011985393   -0.015807007   -0.011927972
      4    0.000000000    0.000000000    0.000000000    0.000000000
      4   -0.080915769   -0.067343387   -0.081026189   -0.067453807
      4    0.000000000    0.000000000    0.000000000    0.000000000
      4   -0.076656763   -0.057002993   -0.076677457   -0.057023688
      5   -0.000000000   -0.000000000   -0.000000000   -0.000000000
      5   -0.000000000   -0.000000000   -0.000000000   -0.000000000
      5    0.000000000   -0.000000000    0.000000000   -0.000000000
      5    0.000000000    0.000000000    0.000000000    0.000000000
      5   -0.000000000   -0.000000000   -0.000000000   -0.000000000
      5    0.000000005    0.000000004    0.000000005    0.000000005
      5    0.000000000    0.000000000    0.000000000    0.000000000
      5    0.000000007    0.000000006    0.000000007    0.000000006
      5   -0.000000000   -0.000000000   -0.000000000   -0.000000000
      5    0.000000006    0.000000005    0.000000006    0.000000005
      5   -0.000000000   -0.000000000   -0.000000000   -0.000000000
      6    0.000000000    0.000000000    0.000000000    0.000000000
      6    0.000000000    0.000000000    0.000000000    0.000000000
      6    0.000000000    0.000000000    0.000000000    0.000000000
      6    0.000000000    0.000000000    0.000000000    0.000000000
      6    0.000000000    0.000000000    0.000000000    0.000000000
      6    0.000000000    0.000000000    0.000000000    0.000000000
      6    0.020187357    0.018835344    0.020286212    0.018934199
      6    0.000000000    0.000000000    0.000000000    0.000000000
      6    0.024461678    0.022877851    0.024554601    0.022970774
      6   -0.000000000   -0.000000000   -0.000000000   -0.000000000
      6    0.010654419    0.009899211    0.010761272    0.010006064
      6   -0.000000000   -0.000000000   -0.000000000   -0.000000000
      6    0.033417205    0.031139418    0.033556464    0.031278678
      7   -0.000000000   -0.000000000   -0.000000000   -0.000000000
      7    0.000000000    0.000000000    0.000000000    0.000000000
      7    0.000000000    0.000000000    0.000000000    0.000000000
      7    0.000000000    0.000000000    0.000000000    0.000000000
      7   -0.000000000   -0.000000000   -0.000000000   -0.000000000
      7    0.000000000    0.000000000    0.000000000    0.000000000
      7    0.000000000    0.000000000    0.000000000    0.000000000
      7   -0.000000002   -0.000000002   -0.000000002   -0.000000002
      7   -0.000000000   -0.000000000   -0.000000000   -0.000000000
      7   -0.000000003   -0.000000003   -0.000000003   -0.000000003
      7   -0.000000000   -0.000000000   -0.000000000   -0.000000000
      7   -0.000000003   -0.000000003   -0.000000003   -0.000000003
      7   -0.000000000   -0.000000000   -0.000000000   -0.000000000
      7   -0.000000002   -0.000000002   -0.000000002   -0.000000002
      7    0.000000000    0.000000000    0.000000000    0.000000000
      8    0.000000000    0.000000000    0.000000000    0.000000000
      8   -0.000000000   -0.000000000   -0.000000000   -0.000000000
      8   -0.000000000   -0.000000000   -0.000000000   -0.000000000
      8   -0.000000000   -0.000000000   -0.000000000   -0.000000000
      8   -0.000000000   -0.000000000   -0.000000000   -0.000000000
      8    0.000000000    0.000000000    0.000000000    0.000000000
      8   -0.000000000   -0.000000000   -0.000000000   -0.000000000
      8    0.000000000    0.000000000    0.000000000    0.000000000
      8   -0.006405075   -0.006279394   -0.006544483   -0.006418802
      8    0.000000000    0.000000000    0.000000000    0.000000000
      8   -0.006673711   -0.006524451   -0.006756333   -0.006607074
      8   -0.000000000   -0.000000000   -0.000000000   -0.000000000
      8   -0.008162687   -0.007998295   -0.008304225   -0.008139833
      8   -0.000000000   -0.000000000   -0.000000000   -0.000000000
      8   -0.008793049   -0.008612033   -0.008891512   -0.008710496
      8   -0.000000000   -0.000000000   -0.000000000   -0.000000000
      8   -0.012443700   -0.012187629   -0.012680483   -0.012424413

                                Moments
          lh             mt         pseudo         npa(s)
           0   -2.196627982   -9.834709669    0.000002109
           1    0.000000000   -0.000000005    0.000000000
           1   -0.000000006   -0.000000004   -0.000000000
           1   -0.000000000    0.000000033    0.000000000
           2    0.000000000    0.000000001    0.000000000
           2    0.000000000   -0.000000000    0.000000000
           2   -0.047897463   -0.003768525   -0.000004406
           2    0.000000000    0.000000000    0.000000000
           2   -0.082827483   -0.002824760   -0.000006784
           3    0.000000000   -0.000000001   -0.000000000
           3    0.000000001    0.000000005   -0.000000000
           3   -0.000000000   -0.000000002   -0.000000000
           3    0.000000009    0.000000002    0.000000000
           3   -0.000000001    0.000000011    0.000000000
           3    0.000000009   -0.000000000    0.000000000
           3   -0.000000001   -0.000000013   -0.000000000
           4   -0.000000000   -0.000000000   -0.000000000
           4   -0.000000000    0.000000000   -0.000000000
           4   -0.000000000   -0.000000000   -0.000000000
           4   -0.000000000   -0.000000000   -0.000000000
           4    0.041931521   -0.005121491    0.000007182
           4    0.000000000   -0.000000000   -0.000000000
           4    0.146714506    0.008266823    0.000007727
           4    0.000000000   -0.000000000    0.000000000
           4    0.212452985    0.014821927    0.000012285
           5    0.000000000   -0.000000001   -0.000000000
           5   -0.000000000    0.000000000    0.000000000
           5   -0.000000000    0.000000001    0.000000000
           5    0.000000001    0.000000000    0.000000000
           5   -0.000000000   -0.000000000    0.000000000
           5   -0.000000010   -0.000000000   -0.000000000
           5    0.000000001    0.000000000   -0.000000000
           5   -0.000000014   -0.000000000   -0.000000000
           5   -0.000000003   -0.000000000   -0.000000000
           5   -0.000000013   -0.000000000   -0.000000000
           5   -0.000000000   -0.000000004   -0.000000000
           6    0.000000000    0.000000002    0.000000000
           6    0.000000000   -0.000000000    0.000000000
           6    0.000000000    0.000000000    0.000000000
           6    0.000000000    0.000000002    0.000000000
           6    0.000000000   -0.000000000    0.000000000
           6    0.000000000    0.000000003    0.000000000
           6   -0.049973149   -0.000567318   -0.000005368
           6   -0.000000000    0.000000002    0.000000000
           6   -0.058541452   -0.000538742   -0.000007642
           6   -0.000000000   -0.000000001   -0.000000000
           6   -0.027914029   -0.000270376   -0.000010132
           6   -0.000000000   -0.000000000   -0.000000000
           6   -0.084191617   -0.000751690   -0.000011080
           7   -0.000000000    0.000000002    0.000000000
           7    0.000000000    0.000000000   -0.000000000
           7    0.000000000   -0.000000000    0.000000000
           7    0.000000000    0.000000001    0.000000000
           7   -0.000000000    0.000000000   -0.000000000
           7    0.000000000    0.000000002    0.000000000
           7    0.000000000   -0.000000000   -0.000000000
           7    0.000000006   -0.000000000    0.000000000
           7    0.000000000    0.000000001    0.000000000
           7    0.000000008   -0.000000000    0.000000000
           7    0.000000000    0.000000003    0.000000000
           7    0.000000007   -0.000000000    0.000000000
           7    0.000000000    0.000000005    0.000000000
           7    0.000000006   -0.000000000    0.000000000
           7    0.000000000    0.000000010    0.000000000
           8   -0.000000000    0.000000004   -0.000000000
           8   -0.000000000    0.000000000   -0.000000000
           8   -0.000000000   -0.000000000   -0.000000000
           8   -0.000000000   -0.000000004   -0.000000000
           8   -0.000000000   -0.000000000   -0.000000000
           8   -0.000000000    0.000000000   -0.000000000
           8   -0.000000000   -0.000000000   -0.000000000
           8   -0.000000000    0.000000004   -0.000000000
           8    0.015884162   -0.002762883    0.000005718
           8   -0.000000000    0.000000003   -0.000000000
           8    0.018864115   -0.003275197    0.000006367
           8    0.000000000   -0.000000001    0.000000000
           8    0.020776648   -0.003482850    0.000007555
           8   -0.000000000   -0.000000002   -0.000000000
           8    0.022877649   -0.003906785    0.000007545
           8    0.000000000   -0.000000000    0.000000000
           8    0.032363416   -0.005543327    0.000011215

      type     z         z-n              n(s)
         4    26   2.3075809  .067311688471090

                Coulomb potential at sphere boundaries
                      convoluted                      pseudo
     lh       external          total       external          total
      0    3.288078922    0.792234342    3.288108981    0.792264401
      1   -0.000000001   -0.000000001   -0.000000001   -0.000000001
      1    0.000000014    0.000000007    0.000000014    0.000000007
      1   -0.000000001   -0.000000001   -0.000000001   -0.000000001
      2    0.000000000    0.000000000    0.000000000    0.000000000
      2    0.000000000    0.000000000    0.000000000    0.000000000
      2   -0.021564149   -0.018314419   -0.021573885   -0.018324155
      2    0.000000000    0.000000000    0.000000000    0.000000000
      2   -0.021719937   -0.024160314   -0.021716264   -0.024156641
      3    0.000000001    0.000000000    0.000000001    0.000000000
      3   -0.000000000   -0.000000000   -0.000000000   -0.000000000
      3   -0.000000000   -0.000000000   -0.000000000   -0.000000000
      3   -0.000000007   -0.000000006   -0.000000007   -0.000000006
      3   -0.000000000   -0.000000001   -0.000000000   -0.000000001
      3    0.000000004    0.000000003    0.000000004    0.000000003
      3    0.000000000    0.000000000    0.000000000    0.000000000
      4    0.000000000    0.000000000    0.000000000    0.000000000
      4   -0.000000000   -0.000000000   -0.000000000   -0.000000000
      4   -0.000000000   -0.000000000   -0.000000000   -0.000000000
      4    0.000000000    0.000000000    0.000000000    0.000000000
      4    0.033792547    0.028655354    0.033928551    0.028791358
      4    0.000000000    0.000000000    0.000000000    0.000000000
      4   -0.007906859   -0.018471774   -0.007902561   -0.018467475
      4    0.000000000    0.000000000    0.000000000    0.000000000
      4   -0.011474868   -0.014411197   -0.011357429   -0.014293758
      5    0.000000001    0.000000001    0.000000001    0.000000001
      5   -0.000000000   -0.000000000   -0.000000000   -0.000000000
      5   -0.000000000   -0.000000000   -0.000000000   -0.000000000
      5   -0.000000000   -0.000000000   -0.000000000   -0.000000000
      5   -0.000000000   -0.000000000   -0.000000000   -0.000000000
      5   -0.000000001   -0.000000001   -0.000000001   -0.000000001
      5    0.000000000    0.000000000    0.000000000    0.000000000
      5    0.000000000    0.000000000    0.000000000    0.000000000
      5   -0.000000000   -0.000000001   -0.000000000   -0.000000001
      5    0.000000004    0.000000004    0.000000004    0.000000004
      5   -0.000000000   -0.000000000   -0.000000000   -0.000000000
      6   -0.000000000   -0.000000000   -0.000000000   -0.000000000
      6    0.000000000    0.000000000    0.000000000    0.000000000
      6    0.000000000    0.000000000    0.000000000    0.000000000
      6   -0.000000000   -0.000000000   -0.000000000   -0.000000000
      6    0.000000000    0.000000000    0.000000000    0.000000000
      6    0.000000000    0.000000000    0.000000000    0.000000000
      6    0.002391170    0.002256418    0.002426036    0.002291284
      6    0.000000000    0.000000000    0.000000000    0.000000000
      6   -0.002853321   -0.002802726   -0.002851096   -0.002800501
      6   -0.000000000   -0.000000000   -0.000000000   -0.000000000
      6   -0.021734191   -0.020930878   -0.021725858   -0.020922545
      6   -0.000000000   -0.000000000   -0.000000000   -0.000000000
      6    0.001118388    0.001034185    0.001117486    0.001033283
      7    0.000000000    0.000000000    0.000000000    0.000000000
      7   -0.000000000   -0.000000000   -0.000000000   -0.000000000
      7   -0.000000000   -0.000000000   -0.000000000   -0.000000000
      7   -0.000000000   -0.000000000   -0.000000000   -0.000000000
      7    0.000000000    0.000000000    0.000000000    0.000000000
      7   -0.000000000   -0.000000000   -0.000000000   -0.000000000
      7   -0.000000000   -0.000000000   -0.000000000   -0.000000000
      7    0.000000001    0.000000001    0.000000001    0.000000001
      7   -0.000000000   -0.000000000   -0.000000000   -0.000000000
      7   -0.000000000   -0.000000000   -0.000000000   -0.000000000
      7   -0.000000000   -0.000000000   -0.000000000   -0.000000000
      7    0.000000000    0.000000000    0.000000000    0.000000000
      7   -0.000000000   -0.000000000   -0.000000000   -0.000000000
      7    0.000000000    0.000000000    0.000000000    0.000000000
      7    0.000000000    0.000000000    0.000000000    0.000000000
      8    0.000000000    0.000000000    0.000000000    0.000000000
      8   -0.000000000   -0.000000000   -0.000000000   -0.000000000
      8   -0.000000000   -0.000000000   -0.000000000   -0.000000000
      8   -0.000000000   -0.000000000   -0.000000000   -0.000000000
      8    0.000000000    0.000000000    0.000000000    0.000000000
      8    0.000000000    0.000000000    0.000000000    0.000000000
      8   -0.000000000   -0.000000000   -0.000000000   -0.000000000
      8    0.000000000    0.000000000    0.000000000    0.000000000
      8   -0.001907447   -0.001871430   -0.001991697   -0.001955680
      8    0.000000000    0.000000000    0.000000000    0.000000000
      8   -0.000076128   -0.000053840   -0.000088536   -0.000066249
      8   -0.000000000   -0.000000000   -0.000000000   -0.000000000
      8   -0.000599539   -0.000588983   -0.000660356   -0.000649800
      8   -0.000000000   -0.000000000   -0.000000000   -0.000000000
      8    0.000666336    0.000649091    0.000665318    0.000648072
      8   -0.000000000   -0.000000000   -0.000000000   -0.000000000
      8   -0.001225228   -0.001208598   -0.001323936   -0.001307306

                                Moments
          lh             mt         pseudo         npa(s)
           0   -2.307580904   -9.847286179    0.000000806
           1   -0.000000000   -0.000000076   -0.000000000
           1   -0.000000012   -0.000000002   -0.000000000
           1   -0.000000001    0.000000064    0.000000000
           2    0.000000000    0.000000001    0.000000000
           2    0.000000000   -0.000000000    0.000000000
           2    0.010273666    0.000072394   -0.000001117
           2    0.000000000    0.000000000    0.000000000
           2   -0.007714983   -0.000677497   -0.000000785
           3   -0.000000001   -0.000000040    0.000000000
           3   -0.000000001    0.000000006    0.000000000
           3   -0.000000000    0.000000012    0.000000000
           3    0.000000008    0.000000004   -0.000000000
           3   -0.000000001    0.000000001   -0.000000000
           3   -0.000000002   -0.000000002   -0.000000000
           3   -0.000000000   -0.000000024    0.000000000
           4    0.000000000   -0.000000000   -0.000000000
           4   -0.000000000    0.000000000   -0.000000000
           4   -0.000000000   -0.000000000   -0.000000000
           4   -0.000000000   -0.000000000   -0.000000000
           4   -0.055531946   -0.005056512    0.000002567
           4    0.000000000   -0.000000000   -0.000000000
           4   -0.114204434   -0.013807423    0.000001008
           4    0.000000000   -0.000000000    0.000000000
           4   -0.031741084   -0.006891130    0.000003576
           5   -0.000000000    0.000000000    0.000000000
           5   -0.000000000    0.000000000   -0.000000000
           5    0.000000001    0.000000001   -0.000000000
           5    0.000000000   -0.000000002    0.000000000
           5   -0.000000002   -0.000000000    0.000000000
           5    0.000000000   -0.000000000   -0.000000000
           5    0.000000002    0.000000002   -0.000000000
           5   -0.000000000   -0.000000000    0.000000000
           5   -0.000000004    0.000000003   -0.000000000
           5   -0.000000005   -0.000000000    0.000000000
           5   -0.000000000    0.000000003   -0.000000000
           6    0.000000000    0.000000002    0.000000000
           6   -0.000000000   -0.000000000   -0.000000000
           6    0.000000000   -0.000000000    0.000000000
           6    0.000000000    0.000000002    0.000000000
           6   -0.000000000    0.000000000    0.000000000
           6    0.000000000    0.000000003    0.000000000
           6   -0.004980714   -0.000119661   -0.000000630
           6   -0.000000000    0.000000002    0.000000000
           6    0.001870098   -0.000014362   -0.000000817
           6    0.000000000   -0.000000001   -0.000000000
           6    0.029692089    0.000095694   -0.000002299
           6   -0.000000000   -0.000000000   -0.000000000
           6   -0.003112318   -0.000018785   -0.000000782
           7    0.000000000   -0.000000046   -0.000000000
           7   -0.000000000    0.000000000    0.000000000
           7   -0.000000001    0.000000023    0.000000000
           7    0.000000000    0.000000001    0.000000000
           7    0.000000000   -0.000000011   -0.000000000
           7   -0.000000000    0.000000002    0.000000000
           7    0.000000000    0.000000003    0.000000000
           7   -0.000000001    0.000000000   -0.000000000
           7   -0.000000000   -0.000000004   -0.000000000
           7   -0.000000000    0.000000000    0.000000000
           7    0.000000000   -0.000000012   -0.000000000
           7   -0.000000000    0.000000000    0.000000000
           7   -0.000000000   -0.000000018   -0.000000000
           7    0.000000000   -0.000000000   -0.000000000
           7   -0.000000000   -0.000000028   -0.000000000
           8   -0.000000000    0.000000000   -0.000000000
           8    0.000000000    0.000000000   -0.000000000
           8    0.000000000   -0.000000001   -0.000000000
           8   -0.000000000   -0.000000006    0.000000000
           8    0.000000000    0.000000000   -0.000000000
           8   -0.000000000    0.000000001   -0.000000000
           8   -0.000000000   -0.000000001    0.000000000
           8   -0.000000000    0.000000007   -0.000000000
           8    0.004551944   -0.000865323    0.000001468
           8   -0.000000000    0.000000002   -0.000000000
           8    0.002816806   -0.000509515    0.000000701
           8    0.000000000   -0.000000001    0.000000000
           8    0.001334096   -0.000175532    0.000001137
           8   -0.000000000   -0.000000002   -0.000000000
           8   -0.002179551    0.000557453    0.000000458
           8   -0.000000000   -0.000000000    0.000000000
           8    0.002101773   -0.000375096    0.000001768

      type     z         z-n              n(s)
         5    26   2.1966280  .073156407571483

                Coulomb potential at sphere boundaries
                      convoluted                      pseudo
     lh       external          total       external          total
      0    3.146647441    0.770807862    3.146642779    0.770803200
      1    0.000000000    0.000000001    0.000000000    0.000000001
      1    0.000000009    0.000000005    0.000000009    0.000000005
      1    0.000000001    0.000000001    0.000000001    0.000000001
      2    0.000000000    0.000000000    0.000000000    0.000000000
      2    0.000000000    0.000000000    0.000000000    0.000000000
      2    0.064056044    0.048905287    0.064125965    0.048975208
      2    0.000000000    0.000000000    0.000000000    0.000000000
      2   -0.105763890   -0.079564192   -0.105899436   -0.079699738
      3   -0.000000000   -0.000000000   -0.000000000   -0.000000000
      3   -0.000000000   -0.000000000   -0.000000000   -0.000000000
      3    0.000000000    0.000000000    0.000000000    0.000000000
      3   -0.000000008   -0.000000007   -0.000000008   -0.000000007
      3    0.000000000   -0.000000000    0.000000000   -0.000000000
      3    0.000000001    0.000000001    0.000000001    0.000000001
      3   -0.000000000    0.000000000   -0.000000000    0.000000000
      4    0.000000000    0.000000000    0.000000000    0.000000000
      4   -0.000000000   -0.000000000   -0.000000000   -0.000000000
      4   -0.000000000   -0.000000000   -0.000000000   -0.000000000
      4    0.000000000    0.000000000    0.000000000    0.000000000
      4   -0.015864427   -0.011985393   -0.015807007   -0.011927972
      4   -0.000000000   -0.000000000   -0.000000000   -0.000000000
      4    0.080915769    0.067343387    0.081026189    0.067453807
      4    0.000000000    0.000000000    0.000000000    0.000000000
      4   -0.076656763   -0.057002993   -0.076677457   -0.057023688
      5    0.000000000    0.000000000    0.000000000    0.000000000
      5   -0.000000000   -0.000000000   -0.000000000   -0.000000000
      5   -0.000000000   -0.000000000   -0.000000000   -0.000000000
      5   -0.000000000   -0.000000000   -0.000000000   -0.000000000
      5   -0.000000000   -0.000000000   -0.000000000   -0.000000000
      5    0.000000003    0.000000003    0.000000003    0.000000003
      5    0.000000000    0.000000000    0.000000000    0.000000000
      5   -0.000000005   -0.000000004   -0.000000005   -0.000000004
      5   -0.000000000   -0.000000000   -0.000000000   -0.000000000
      5    0.000000005    0.000000005    0.000000005    0.000000005
      5    0.000000000    0.000000000    0.000000000    0.000000000
      6    0.000000000    0.000000000    0.000000000    0.000000000
      6   -0.000000000   -0.000000000   -0.000000000   -0.000000000
      6   -0.000000000   -0.000000000   -0.000000000   -0.000000000
      6    0.000000000    0.000000000    0.000000000    0.000000000
      6    0.000000000    0.000000000    0.000000000    0.000000000
      6    0.000000000    0.000000000    0.000000000    0.000000000
      6    0.020187357    0.018835344    0.020286212    0.018934199
      6    0.000000000    0.000000000    0.000000000    0.000000000
      6   -0.024461678   -0.022877851   -0.024554601   -0.022970774
      6   -0.000000000   -0.000000000   -0.000000000   -0.000000000
      6    0.010654419    0.009899211    0.010761272    0.010006064
      6    0.000000000    0.000000000    0.000000000    0.000000000
      6   -0.033417205   -0.031139418   -0.033556464   -0.031278678
      7    0.000000000    0.000000000    0.000000000    0.000000000
      7   -0.000000000   -0.000000000   -0.000000000   -0.000000000
      7    0.000000000    0.000000000    0.000000000    0.000000000
      7    0.000000000    0.000000000    0.000000000    0.000000000
      7   -0.000000000   -0.000000000   -0.000000000   -0.000000000
      7   -0.000000000   -0.000000000   -0.000000000   -0.000000000
      7    0.000000000    0.000000000    0.000000000    0.000000000
      7   -0.000000001   -0.000000001   -0.000000001   -0.000000001
      7   -0.000000000   -0.000000000   -0.000000000   -0.000000000
      7    0.000000003    0.000000002    0.000000003    0.000000002
      7   -0.000000000   -0.000000000   -0.000000000   -0.000000000
      7   -0.000000002   -0.000000002   -0.000000002   -0.000000002
      7   -0.000000000   -0.000000000   -0.000000000   -0.000000000
      7    0.000000002    0.000000002    0.000000002    0.000000002
      7   -0.000000000    0.000000000   -0.000000000    0.000000000
      8   -0.000000000   -0.000000000   -0.000000000   -0.000000000
      8    0.000000000    0.000000000    0.000000000    0.000000000
      8   -0.000000000   -0.000000000   -0.000000000   -0.000000000
      8   -0.000000000   -0.000000000   -0.000000000   -0.000000000
      8    0.000000000    0.000000000    0.000000000    0.000000000
      8    0.000000000    0.000000000    0.000000000    0.000000000
      8   -0.000000000   -0.000000000   -0.000000000   -0.000000000
      8    0.000000000    0.000000000    0.000000000    0.000000000
      8   -0.006405075   -0.006279394   -0.006544483   -0.006418802
      8    0.000000000    0.000000000    0.000000000    0.000000000
      8    0.006673711    0.006524451    0.006756333    0.006607074
      8   -0.000000000   -0.000000000   -0.000000000   -0.000000000
      8   -0.008162687   -0.007998295   -0.008304225   -0.008139833
      8   -0.000000000   -0.000000000   -0.000000000   -0.000000000
      8    0.008793049    0.008612033    0.008891512    0.008710496
      8    0.000000000    0.000000000    0.000000000    0.000000000
      8   -0.012443700   -0.012187629   -0.012680483   -0.012424413

                                Moments
          lh             mt         pseudo         npa(s)
           0   -2.196627982   -9.834709668    0.000002109
           1    0.000000000   -0.000000033   -0.000000000
           1   -0.000000007   -0.000000002   -0.000000000
           1    0.000000000    0.000000004   -0.000000000
           2    0.000000000    0.000000001    0.000000000
           2    0.000000000    0.000000000    0.000000000
           2   -0.047897463   -0.003768525   -0.000004406
           2    0.000000000   -0.000000000    0.000000000
           2    0.082827483    0.002824760    0.000006784
           3   -0.000000001   -0.000000013   -0.000000000
           3   -0.000000001   -0.000000005    0.000000000
           3    0.000000001   -0.000000011   -0.000000000
           3    0.000000007    0.000000001    0.000000000
           3   -0.000000000    0.000000003    0.000000000
           3   -0.000000004    0.000000001   -0.000000000
           3    0.000000001   -0.000000001   -0.000000000
           4    0.000000000    0.000000000    0.000000000
           4   -0.000000000    0.000000000   -0.000000000
           4   -0.000000000   -0.000000000   -0.000000000
           4    0.000000000   -0.000000000   -0.000000000
           4    0.041931521   -0.005121491    0.000007182
           4   -0.000000000   -0.000000000   -0.000000000
           4   -0.146714506   -0.008266823   -0.000007727
           4    0.000000000   -0.000000000    0.000000000
           4    0.212452985    0.014821927    0.000012285
           5    0.000000002    0.000000004    0.000000000
           5   -0.000000000    0.000000000    0.000000000
           5   -0.000000004   -0.000000000   -0.000000000
           5   -0.000000001   -0.000000000   -0.000000000
           5   -0.000000001   -0.000000000    0.000000000
           5   -0.000000005   -0.000000000   -0.000000000
           5    0.000000001    0.000000000   -0.000000000
           5    0.000000009    0.000000000    0.000000000
           5   -0.000000001    0.000000000    0.000000000
           5   -0.000000012   -0.000000000   -0.000000000
           5    0.000000002    0.000000001    0.000000000
           6    0.000000000    0.000000002    0.000000000
           6   -0.000000000   -0.000000000   -0.000000000
           6   -0.000000000   -0.000000000   -0.000000000
           6    0.000000000    0.000000001    0.000000000
           6    0.000000000   -0.000000000    0.000000000
           6   -0.000000000    0.000000002    0.000000000
           6   -0.049973149   -0.000567318   -0.000005368
           6    0.000000000    0.000000003    0.000000000
           6    0.058541452    0.000538742    0.000007642
           6   -0.000000000   -0.000000002   -0.000000000
           6   -0.027914029   -0.000270376   -0.000010132
           6    0.000000000   -0.000000000    0.000000000
           6    0.084191617    0.000751690    0.000011080
           7    0.000000001    0.000000010    0.000000000
           7   -0.000000000   -0.000000000    0.000000000
           7   -0.000000000   -0.000000005   -0.000000000
           7    0.000000000    0.000000001    0.000000000
           7    0.000000000    0.000000003    0.000000000
           7   -0.000000000   -0.000000002   -0.000000000
           7   -0.000000000   -0.000000001   -0.000000000
           7    0.000000004   -0.000000000    0.000000000
           7   -0.000000000    0.000000000    0.000000000
           7   -0.000000006    0.000000000   -0.000000000
           7    0.000000000    0.000000000   -0.000000000
           7    0.000000006   -0.000000000    0.000000000
           7   -0.000000001    0.000000000   -0.000000000
           7   -0.000000004    0.000000000   -0.000000000
           7    0.000000001    0.000000002    0.000000000
           8    0.000000000   -0.000000004    0.000000000
           8   -0.000000000    0.000000000   -0.000000000
           8   -0.000000000   -0.000000000   -0.000000000
           8   -0.000000000   -0.000000002   -0.000000000
           8    0.000000000    0.000000000    0.000000000
           8   -0.000000000    0.000000001   -0.000000000
           8   -0.000000000   -0.000000000   -0.000000000
           8   -0.000000000    0.000000003   -0.000000000
           8    0.015884162   -0.002762883    0.000005718
           8   -0.000000000    0.000000004   -0.000000000
           8   -0.018864115    0.003275197   -0.000006367
           8    0.000000000   -0.000000000    0.000000000
           8    0.020776648   -0.003482850    0.000007555
           8   -0.000000000   -0.000000004   -0.000000000
           8   -0.022877649    0.003906785   -0.000007545
           8    0.000000000   -0.000000000    0.000000000
           8    0.032363416   -0.005543327    0.000011215

      type     z         z-n              n(s)
         6    26   2.3075809  .067311688471067

                Coulomb potential at sphere boundaries
                      convoluted                      pseudo
     lh       external          total       external          total
      0    3.288078922    0.792234342    3.288108981    0.792264401
      1    0.000000001    0.000000001    0.000000001    0.000000001
      1    0.000000008    0.000000004    0.000000008    0.000000004
      1    0.000000001    0.000000001    0.000000001    0.000000001
      2    0.000000000    0.000000000    0.000000000    0.000000000
      2    0.000000000    0.000000000    0.000000000    0.000000000
      2   -0.021564149   -0.018314419   -0.021573885   -0.018324155
      2    0.000000000    0.000000000    0.000000000    0.000000000
      2    0.021719937    0.024160314    0.021716264    0.024156641
      3    0.000000000    0.000000000    0.000000000    0.000000000
      3    0.000000000    0.000000000    0.000000000    0.000000000
      3    0.000000000    0.000000001    0.000000000    0.000000001
      3   -0.000000004   -0.000000003   -0.000000004   -0.000000003
      3    0.000000000    0.000000000    0.000000000    0.000000000
      3   -0.000000004   -0.000000003   -0.000000004   -0.000000003
      3    0.000000001    0.000000000    0.000000001    0.000000000
      4   -0.000000000   -0.000000000   -0.000000000   -0.000000000
      4   -0.000000000   -0.000000000   -0.000000000   -0.000000000
      4   -0.000000000   -0.000000000   -0.000000000   -0.000000000
      4    0.000000000    0.000000000    0.000000000    0.000000000
      4    0.033792547    0.028655354    0.033928551    0.028791358
      4    0.000000000    0.000000000    0.000000000    0.000000000
      4    0.007906859    0.018471774    0.007902561    0.018467475
      4    0.000000000    0.000000000    0.000000000    0.000000000
      4   -0.011474868   -0.014411197   -0.011357429   -0.014293758
      5    0.000000000    0.000000000    0.000000000    0.000000000
      5   -0.000000000   -0.000000000   -0.000000000   -0.000000000
      5   -0.000000000   -0.000000001   -0.000000000   -0.000000001
      5    0.000000000    0.000000000    0.000000000    0.000000000
      5   -0.000000000   -0.000000000   -0.000000000   -0.000000000
      5   -0.000000000   -0.000000000   -0.000000000   -0.000000000
      5    0.000000000    0.000000000    0.000000000    0.000000000
      5   -0.000000000   -0.000000000   -0.000000000   -0.000000000
      5   -0.000000000   -0.000000000   -0.000000000   -0.000000000
      5    0.000000002    0.000000002    0.000000002    0.000000002
      5   -0.000000001   -0.000000001   -0.000000001   -0.000000001
      6   -0.000000000   -0.000000000   -0.000000000   -0.000000000
      6   -0.000000000   -0.000000000   -0.000000000   -0.000000000
      6   -0.000000000   -0.000000000   -0.000000000   -0.000000000
      6    0.000000000    0.000000000    0.000000000    0.000000000
      6    0.000000000    0.000000000    0.000000000    0.000000000
      6    0.000000000    0.000000000    0.000000000    0.000000000
      6    0.002391170    0.002256418    0.002426036    0.002291284
      6    0.000000000    0.000000000    0.000000000    0.000000000
      6    0.002853321    0.002802726    0.002851096    0.002800501
      6    0.000000000    0.000000000    0.000000000    0.000000000
      6   -0.021734191   -0.020930878   -0.021725858   -0.020922545
      6    0.000000000    0.000000000    0.000000000    0.000000000
      6   -0.001118388   -0.001034185   -0.001117486   -0.001033283
      7    0.000000000    0.000000000    0.000000000    0.000000000
      7    0.000000000    0.000000000    0.000000000    0.000000000
      7    0.000000000    0.000000000    0.000000000    0.000000000
      7   -0.000000000   -0.000000000   -0.000000000   -0.000000000
      7   -0.000000000   -0.000000000   -0.000000000   -0.000000000
      7    0.000000000    0.000000000    0.000000000    0.000000000
      7    0.000000000    0.000000000    0.000000000    0.000000000
      7    0.000000000    0.000000000    0.000000000    0.000000000
      7    0.000000000    0.000000000    0.000000000    0.000000000
      7    0.000000000    0.000000000    0.000000000    0.000000000
      7    0.000000000    0.000000000    0.000000000    0.000000000
      7    0.000000000    0.000000000    0.000000000    0.000000000
      7    0.000000000    0.000000000    0.000000000    0.000000000
      7   -0.000000000   -0.000000000   -0.000000000   -0.000000000
      7    0.000000000    0.000000000    0.000000000    0.000000000
      8   -0.000000000   -0.000000000   -0.000000000   -0.000000000
      8    0.000000000    0.000000000    0.000000000    0.000000000
      8   -0.000000000   -0.000000000   -0.000000000   -0.000000000
      8   -0.000000000   -0.000000000   -0.000000000   -0.000000000
      8   -0.000000000   -0.000000000   -0.000000000   -0.000000000
      8    0.000000000    0.000000000    0.000000000    0.000000000
      8   -0.000000000   -0.000000000   -0.000000000   -0.000000000
      8    0.000000000    0.000000000    0.000000000    0.000000000
      8   -0.001907447   -0.001871430   -0.001991697   -0.001955680
      8    0.000000000    0.000000000    0.000000000    0.000000000
      8    0.000076128    0.000053840    0.000088536    0.000066249
      8   -0.000000000   -0.000000000   -0.000000000   -0.000000000
      8   -0.000599539   -0.000588983   -0.000660356   -0.000649800
      8   -0.000000000   -0.000000000   -0.000000000   -0.000000000
      8   -0.000666336   -0.000649091   -0.000665318   -0.000648072
      8    0.000000000    0.000000000    0.000000000    0.000000000
      8   -0.001225228   -0.001208598   -0.001323936   -0.001307306

                                Moments
          lh             mt         pseudo         npa(s)
           0   -2.307580904   -9.847286181    0.000000806
           1    0.000000001   -0.000000064   -0.000000000
           1   -0.000000006   -0.000000001   -0.000000000
           1    0.000000000    0.000000076    0.000000000
           2    0.000000000    0.000000001    0.000000000
           2    0.000000000    0.000000000    0.000000000
           2    0.010273666    0.000072394   -0.000001117
           2    0.000000000   -0.000000000    0.000000000
           2    0.007714983    0.000677497    0.000000785
           3   -0.000000000   -0.000000024    0.000000000
           3    0.000000001   -0.000000006   -0.000000000
           3    0.000000001   -0.000000001    0.000000000
           3    0.000000003    0.000000003   -0.000000000
           3    0.000000000   -0.000000012   -0.000000000
           3    0.000000004    0.000000001   -0.000000000
           3   -0.000000001   -0.000000040    0.000000000
           4   -0.000000000    0.000000000    0.000000000
           4   -0.000000000    0.000000000   -0.000000000
           4   -0.000000000   -0.000000000   -0.000000000
           4    0.000000000   -0.000000000   -0.000000000
           4   -0.055531946   -0.005056512    0.000002567
           4   -0.000000000   -0.000000000   -0.000000000
           4    0.114204434    0.013807423   -0.000001008
           4    0.000000000   -0.000000000    0.000000000
           4   -0.031741084   -0.006891130    0.000003576
           5    0.000000000   -0.000000003    0.000000000
           5   -0.000000000    0.000000000   -0.000000000
           5   -0.000000004    0.000000003   -0.000000000
           5   -0.000000000    0.000000002   -0.000000000
           5   -0.000000002   -0.000000002    0.000000000
           5   -0.000000001   -0.000000000   -0.000000000
           5    0.000000002    0.000000000   -0.000000000
           5   -0.000000000    0.000000000    0.000000000
           5    0.000000001    0.000000001   -0.000000000
           5   -0.000000002   -0.000000000    0.000000000
           5    0.000000000   -0.000000000   -0.000000000
           6    0.000000000    0.000000002    0.000000000
           6   -0.000000000   -0.000000000   -0.000000000
           6   -0.000000000    0.000000000   -0.000000000
           6   -0.000000000    0.000000001    0.000000000
           6   -0.000000000    0.000000000    0.000000000
           6   -0.000000000    0.000000002    0.000000000
           6   -0.004980714   -0.000119661   -0.000000630
           6    0.000000000    0.000000003    0.000000000
           6   -0.001870098    0.000014362    0.000000817
           6   -0.000000000   -0.000000002   -0.000000000
           6    0.029692089    0.000095694   -0.000002299
           6   -0.000000000   -0.000000000   -0.000000000
           6    0.003112318    0.000018785    0.000000782
           7   -0.000000000   -0.000000028   -0.000000000
           7    0.000000000   -0.000000000   -0.000000000
           7    0.000000000    0.000000018    0.000000000
           7    0.000000000    0.000000001    0.000000000
           7    0.000000000   -0.000000012   -0.000000000
           7    0.000000000   -0.000000002   -0.000000000
           7    0.000000000    0.000000004    0.000000000
           7   -0.000000000    0.000000000   -0.000000000
           7   -0.000000000   -0.000000003   -0.000000000
           7   -0.000000000   -0.000000000    0.000000000
           7    0.000000000   -0.000000011   -0.000000000
           7   -0.000000000    0.000000000    0.000000000
           7    0.000000001   -0.000000023   -0.000000000
           7   -0.000000000    0.000000000    0.000000000
           7    0.000000000   -0.000000046   -0.000000000
           8    0.000000000   -0.000000000    0.000000000
           8    0.000000000    0.000000000   -0.000000000
           8    0.000000000   -0.000000001   -0.000000000
           8   -0.000000000   -0.000000002   -0.000000000
           8   -0.000000000   -0.000000000    0.000000000
           8   -0.000000000    0.000000001   -0.000000000
           8   -0.000000000   -0.000000001    0.000000000
           8   -0.000000000    0.000000002   -0.000000000
           8    0.004551944   -0.000865323    0.000001468
           8   -0.000000000    0.000000007   -0.000000000
           8   -0.002816806    0.000509515   -0.000000701
           8    0.000000000   -0.000000001    0.000000000
           8    0.001334096   -0.000175532    0.000001137
           8   -0.000000000   -0.000000006    0.000000000
           8    0.002179551   -0.000557453   -0.000000458
           8   -0.000000000   -0.000000000    0.000000000
           8    0.002101773   -0.000375096    0.000001768

      type     z         z-n              n(s)
         7    13   2.5436134  .039143819485551

                Coulomb potential at sphere boundaries
                      convoluted                      pseudo
     lh       external          total       external          total
      0    3.433185633    0.417322206    3.433184592    0.417321165
      1   -0.000000001   -0.000000001   -0.000000001   -0.000000001
      1    0.001730984    0.004280489    0.001730525    0.004280031
      1    0.000000001    0.000000001    0.000000001    0.000000001
      2    0.000000000    0.000000000    0.000000000    0.000000000
      2   -0.000000000   -0.000000000   -0.000000000   -0.000000000
      2   -0.002587355   -0.001853532   -0.002586947   -0.001853124
      2    0.000000000    0.000000000    0.000000000    0.000000000
      2   -0.000000000    0.000000000   -0.000000000    0.000000000
      3   -0.000000000   -0.000000000   -0.000000000   -0.000000000
      3   -0.000000000   -0.000000000   -0.000000000   -0.000000000
      3   -0.000000000   -0.000000000   -0.000000000   -0.000000000
      3   -0.003136592   -0.004336352   -0.003135837   -0.004335597
      3    0.000000000    0.000000000    0.000000000    0.000000000
      3   -0.000000000   -0.000000000   -0.000000000   -0.000000000
      3   -0.000000000   -0.000000000   -0.000000000   -0.000000000
      4   -0.000000000   -0.000000000   -0.000000000   -0.000000000
      4    0.000000000    0.000000000    0.000000000    0.000000000
      4   -0.000000000   -0.000000000   -0.000000000   -0.000000000
      4   -0.000000000   -0.000000000   -0.000000000   -0.000000000
      4    0.013160439    0.011954538    0.013227235    0.012021335
      4    0.000000000    0.000000000    0.000000000    0.000000000
      4   -0.000000001   -0.000000001   -0.000000001   -0.000000001
      4    0.000000000    0.000000000    0.000000000    0.000000000
      4    0.001158413    0.000674437    0.001217093    0.000733117
      5   -0.000000000   -0.000000000   -0.000000000   -0.000000000
      5    0.000000000    0.000000000    0.000000000    0.000000000
      5    0.000000000    0.000000000    0.000000000    0.000000000
      5   -0.000000000   -0.000000000   -0.000000000   -0.000000000
      5   -0.000000000   -0.000000000   -0.000000000   -0.000000000
      5    0.000051625    0.000167415    0.000051684    0.000167474
      5    0.000000000    0.000000000    0.000000000    0.000000000
      5   -0.000000000   -0.000000000   -0.000000000   -0.000000000
      5    0.000000000    0.000000000    0.000000000    0.000000000
      5   -0.000929104   -0.001128403   -0.000927464   -0.001126763
      5    0.000000000    0.000000000    0.000000000    0.000000000
      6   -0.000000000   -0.000000000   -0.000000000   -0.000000000
      6   -0.000000000   -0.000000000   -0.000000000   -0.000000000
      6   -0.000000000   -0.000000000   -0.000000000   -0.000000000
      6    0.000000000    0.000000000    0.000000000    0.000000000
      6   -0.000000000   -0.000000000   -0.000000000   -0.000000000
      6    0.000000000    0.000000000    0.000000000    0.000000000
      6    0.002061121    0.002019282    0.002079707    0.002037868
      6    0.000000000    0.000000000    0.000000000    0.000000000
      6    0.000000000    0.000000000    0.000000000    0.000000000
      6    0.000000000    0.000000000    0.000000000    0.000000000
      6   -0.009775815   -0.009606377   -0.009764216   -0.009594777
      6   -0.000000000   -0.000000000   -0.000000000   -0.000000000
      6   -0.000000000   -0.000000000   -0.000000000   -0.000000000
      7   -0.000000000   -0.000000000   -0.000000000   -0.000000000
      7    0.000000000    0.000000000    0.000000000    0.000000000
      7    0.000000000    0.000000000    0.000000000    0.000000000
      7   -0.000000000   -0.000000000   -0.000000000   -0.000000000
      7    0.000000000    0.000000000    0.000000000    0.000000000
      7    0.000000000    0.000000000    0.000000000    0.000000000
      7    0.000000000    0.000000000    0.000000000    0.000000000
      7    0.000159400    0.000152938    0.000159015    0.000152553
      7   -0.000000000   -0.000000000   -0.000000000   -0.000000000
      7    0.000000000    0.000000000    0.000000000    0.000000000
      7    0.000000000    0.000000000    0.000000000    0.000000000
      7   -0.000488838   -0.000490514   -0.000490136   -0.000491812
      7   -0.000000000   -0.000000000   -0.000000000   -0.000000000
      7   -0.000000000   -0.000000000   -0.000000000   -0.000000000
      7   -0.000000000   -0.000000000   -0.000000000   -0.000000000
      8   -0.000000000   -0.000000000   -0.000000000   -0.000000000
      8   -0.000000000   -0.000000000   -0.000000000   -0.000000000
      8   -0.000000000   -0.000000000   -0.000000000   -0.000000000
      8   -0.000000000   -0.000000000   -0.000000000   -0.000000000
      8    0.000000000    0.000000000    0.000000000    0.000000000
      8    0.000000000    0.000000000    0.000000000    0.000000000
      8    0.000000000    0.000000000    0.000000000    0.000000000
      8    0.000000000    0.000000000    0.000000000    0.000000000
      8   -0.000766318   -0.000759824   -0.000821484   -0.000814990
      8    0.000000000    0.000000000    0.000000000    0.000000000
      8    0.000000000    0.000000000    0.000000000    0.000000000
      8   -0.000000000   -0.000000000   -0.000000000   -0.000000000
      8   -0.000360308   -0.000355530   -0.000392544   -0.000387767
      8   -0.000000000   -0.000000000   -0.000000000   -0.000000000
      8   -0.000000000   -0.000000000   -0.000000000   -0.000000000
      8   -0.000000000   -0.000000000   -0.000000000   -0.000000000
      8   -0.000520785   -0.000518469   -0.000578658   -0.000576343

                                Moments
          lh             mt         pseudo         npa(s)
           0   -2.543613406   -5.644334021   -0.000001397
           1   -0.000000000   -0.000000002   -0.000000000
           1    0.003627144   -0.000515257   -0.000000004
           1    0.000000000    0.000000003    0.000000000
           2    0.000000000    0.000000000    0.000000000
           2   -0.000000000    0.000000001   -0.000000000
           2    0.001761040    0.000170831    0.000002944
           2    0.000000000   -0.000000001   -0.000000000
           2    0.000000002    0.000000000    0.000000000
           3   -0.000000000   -0.000000001   -0.000000000
           3    0.000000000   -0.000000000   -0.000000000
           3   -0.000000000    0.000000000    0.000000000
           3   -0.004856711   -0.000422430    0.000000055
           3    0.000000000   -0.000000000   -0.000000000
           3    0.000000000    0.000000000    0.000000000
           3   -0.000000000   -0.000000001   -0.000000000
           4   -0.000000000   -0.000000000    0.000000000
           4    0.000000000   -0.000000000   -0.000000000
           4   -0.000000000    0.000000000    0.000000000
           4   -0.000000000   -0.000000000    0.000000000
           4   -0.008234339   -0.000338885   -0.000002072
           4    0.000000000    0.000000000    0.000000000
           4    0.000000000   -0.000000000   -0.000000000
           4    0.000000000   -0.000000000   -0.000000000
           4   -0.003304770   -0.000381191   -0.000004649
           5    0.000000000   -0.000000001   -0.000000000
           5   -0.000000000   -0.000000000   -0.000000000
           5    0.000000000    0.000000000    0.000000000
           5    0.000000000    0.000000000    0.000000000
           5   -0.000000000   -0.000000000   -0.000000000
           5    0.001333699    0.000021493   -0.000000032
           5    0.000000000    0.000000000    0.000000000
           5   -0.000000000    0.000000000   -0.000000000
           5    0.000000000    0.000000000    0.000000000
           5   -0.002295573   -0.000061202   -0.000000067
           5   -0.000000000    0.000000001    0.000000000
           6   -0.000000000    0.000000000    0.000000000
           6    0.000000000   -0.000000000   -0.000000000
           6   -0.000000000    0.000000000    0.000000000
           6    0.000000000    0.000000000    0.000000000
           6    0.000000000   -0.000000000   -0.000000000
           6    0.000000000    0.000000000    0.000000000
           6   -0.000812901   -0.000012524    0.000001430
           6   -0.000000000    0.000000000    0.000000000
           6   -0.000000000   -0.000000000    0.000000000
           6    0.000000000   -0.000000000   -0.000000000
           6    0.003292068   -0.000023643    0.000001524
           6   -0.000000000    0.000000000    0.000000000
           6   -0.000000000   -0.000000000   -0.000000000
           7    0.000000000    0.000000001   -0.000000000
           7    0.000000000    0.000000000   -0.000000000
           7   -0.000000000   -0.000000000    0.000000000
           7   -0.000000000   -0.000000000    0.000000000
           7    0.000000000    0.000000000   -0.000000000
           7   -0.000000000   -0.000000000   -0.000000000
           7    0.000000000   -0.000000000    0.000000000
           7   -0.000211775    0.000007621    0.000000057
           7   -0.000000000    0.000000000   -0.000000000
           7   -0.000000000    0.000000000    0.000000000
           7    0.000000000    0.000000000   -0.000000000
           7   -0.000054938   -0.000002207    0.000000061
           7    0.000000000    0.000000001   -0.000000000
           7   -0.000000000   -0.000000000   -0.000000000
           7    0.000000000    0.000000001   -0.000000000
           8   -0.000000000    0.000000000   -0.000000000
           8   -0.000000000    0.000000000   -0.000000000
           8   -0.000000000   -0.000000001    0.000000000
           8    0.000000000   -0.000000000    0.000000000
           8    0.000000000    0.000000000   -0.000000000
           8    0.000000000    0.000000000   -0.000000000
           8    0.000000000    0.000000000    0.000000000
           8    0.000000000    0.000000000   -0.000000000
           8    0.000358989   -0.000146157    0.000000964
           8   -0.000000000    0.000000000   -0.000000000
           8   -0.000000000    0.000000000   -0.000000000
           8    0.000000000    0.000000000    0.000000000
           8    0.000264121   -0.000072435    0.000000665
           8   -0.000000000    0.000000000   -0.000000000
           8    0.000000000   -0.000000000    0.000000000
           8   -0.000000000    0.000000000   -0.000000000
           8    0.000128014   -0.000061738    0.000000899

      type     z         z-n              n(s)
         8    13   2.5436134  .039143818888137

                Coulomb potential at sphere boundaries
                      convoluted                      pseudo
     lh       external          total       external          total
      0    3.433185638    0.417322202    3.433184597    0.417321161
      1   -0.000000001   -0.000000001   -0.000000001   -0.000000001
      1   -0.001730992   -0.004280488   -0.001730533   -0.004280029
      1    0.000000001    0.000000001    0.000000001    0.000000001
      2    0.000000000    0.000000000    0.000000000    0.000000000
      2    0.000000000    0.000000000    0.000000000    0.000000000
      2   -0.002587354   -0.001853531   -0.002586946   -0.001853123
      2   -0.000000000   -0.000000000   -0.000000000   -0.000000000
      2    0.000000000   -0.000000000    0.000000000   -0.000000000
      3   -0.000000000   -0.000000000   -0.000000000   -0.000000000
      3    0.000000000    0.000000000    0.000000000    0.000000000
      3   -0.000000000   -0.000000000   -0.000000000   -0.000000000
      3    0.003136596    0.004336356    0.003135842    0.004335601
      3    0.000000000    0.000000000    0.000000000    0.000000000
      3   -0.000000000   -0.000000000   -0.000000000   -0.000000000
      3   -0.000000000   -0.000000000   -0.000000000   -0.000000000
      4    0.000000000    0.000000000    0.000000000    0.000000000
      4    0.000000000   -0.000000000    0.000000000   -0.000000000
      4   -0.000000000   -0.000000000   -0.000000000   -0.000000000
      4    0.000000000    0.000000000    0.000000000    0.000000000
      4    0.013160437    0.011954537    0.013227234    0.012021333
      4   -0.000000000   -0.000000000   -0.000000000   -0.000000000
      4    0.000000001    0.000000001    0.000000001    0.000000001
      4   -0.000000000   -0.000000000   -0.000000000   -0.000000000
      4    0.001158415    0.000674438    0.001217095    0.000733118
      5   -0.000000000   -0.000000000   -0.000000000   -0.000000000
      5    0.000000000    0.000000000    0.000000000    0.000000000
      5    0.000000000    0.000000000    0.000000000    0.000000000
      5    0.000000000    0.000000000    0.000000000    0.000000000
      5   -0.000000000   -0.000000000   -0.000000000   -0.000000000
      5   -0.000051623   -0.000167413   -0.000051683   -0.000167473
      5    0.000000000    0.000000000    0.000000000    0.000000000
      5   -0.000000000   -0.000000000   -0.000000000   -0.000000000
      5    0.000000000    0.000000000    0.000000000    0.000000000
      5    0.000929101    0.001128400    0.000927460    0.001126759
      5    0.000000000    0.000000000    0.000000000    0.000000000
      6   -0.000000000   -0.000000000   -0.000000000   -0.000000000
      6   -0.000000000   -0.000000000   -0.000000000   -0.000000000
      6    0.000000000    0.000000000    0.000000000    0.000000000
      6    0.000000000   -0.000000000    0.000000000   -0.000000000
      6   -0.000000000   -0.000000000   -0.000000000   -0.000000000
      6    0.000000000    0.000000000    0.000000000    0.000000000
      6    0.002061121    0.002019282    0.002079707    0.002037868
      6    0.000000000    0.000000000    0.000000000    0.000000000
      6   -0.000000000   -0.000000000   -0.000000000   -0.000000000
      6   -0.000000000   -0.000000000   -0.000000000   -0.000000000
      6   -0.009775815   -0.009606376   -0.009764215   -0.009594776
      6   -0.000000000   -0.000000000   -0.000000000   -0.000000000
      6    0.000000000    0.000000000    0.000000000    0.000000000
      7   -0.000000000   -0.000000000   -0.000000000   -0.000000000
      7   -0.000000000   -0.000000000   -0.000000000   -0.000000000
      7    0.000000000    0.000000000    0.000000000    0.000000000
      7   -0.000000000   -0.000000000   -0.000000000   -0.000000000
      7    0.000000000    0.000000000    0.000000000    0.000000000
      7   -0.000000000   -0.000000000   -0.000000000   -0.000000000
      7    0.000000000    0.000000000    0.000000000    0.000000000
      7   -0.000159401   -0.000152939   -0.000159016   -0.000152554
      7   -0.000000000   -0.000000000   -0.000000000   -0.000000000
      7    0.000000000    0.000000000    0.000000000    0.000000000
      7   -0.000000000    0.000000000   -0.000000000    0.000000000
      7    0.000488838    0.000490514    0.000490135    0.000491812
      7   -0.000000000   -0.000000000   -0.000000000   -0.000000000
      7   -0.000000000   -0.000000000   -0.000000000   -0.000000000
      7   -0.000000000   -0.000000000   -0.000000000   -0.000000000
      8    0.000000000    0.000000000    0.000000000    0.000000000
      8    0.000000000    0.000000000    0.000000000    0.000000000
      8   -0.000000000   -0.000000000   -0.000000000   -0.000000000
      8   -0.000000000   -0.000000000   -0.000000000   -0.000000000
      8   -0.000000000   -0.000000000   -0.000000000   -0.000000000
      8    0.000000000    0.000000000    0.000000000    0.000000000
      8    0.000000000    0.000000000    0.000000000    0.000000000
      8    0.000000000    0.000000000    0.000000000    0.000000000
      8   -0.000766318   -0.000759824   -0.000821484   -0.000814990
      8    0.000000000    0.000000000    0.000000000    0.000000000
      8   -0.000000000   -0.000000000   -0.000000000   -0.000000000
      8   -0.000000000   -0.000000000   -0.000000000   -0.000000000
      8   -0.000360308   -0.000355530   -0.000392544   -0.000387767
      8   -0.000000000   -0.000000000   -0.000000000   -0.000000000
      8    0.000000000    0.000000000    0.000000000    0.000000000
      8    0.000000000    0.000000000    0.000000000    0.000000000
      8   -0.000520784   -0.000518469   -0.000578658   -0.000576343

                                Moments
          lh             mt         pseudo         npa(s)
           0   -2.543613414   -5.644334020   -0.000001397
           1   -0.000000000   -0.000000003   -0.000000000
           1   -0.003627131    0.000515257    0.000000004
           1    0.000000000    0.000000002    0.000000000
           2    0.000000000    0.000000000    0.000000000
           2    0.000000000   -0.000000001   -0.000000000
           2    0.001761041    0.000170831    0.000002944
           2   -0.000000000    0.000000001   -0.000000000
           2   -0.000000002   -0.000000000    0.000000000
           3   -0.000000000   -0.000000001   -0.000000000
           3   -0.000000000    0.000000000    0.000000000
           3   -0.000000000    0.000000000    0.000000000
           3    0.004856708    0.000422430   -0.000000055
           3    0.000000000   -0.000000000   -0.000000000
           3    0.000000000    0.000000000   -0.000000000
           3   -0.000000000   -0.000000001   -0.000000000
           4    0.000000000    0.000000000   -0.000000000
           4   -0.000000000    0.000000000    0.000000000
           4   -0.000000000    0.000000000    0.000000000
           4    0.000000000    0.000000000    0.000000000
           4   -0.008234339   -0.000338885   -0.000002072
           4   -0.000000000   -0.000000000    0.000000000
           4   -0.000000000    0.000000000   -0.000000000
           4   -0.000000000    0.000000000    0.000000000
           4   -0.003304770   -0.000381191   -0.000004649
           5    0.000000000   -0.000000001   -0.000000000
           5   -0.000000000   -0.000000000   -0.000000000
           5    0.000000000    0.000000000    0.000000000
           5   -0.000000000   -0.000000000   -0.000000000
           5   -0.000000000   -0.000000000   -0.000000000
           5   -0.001333700   -0.000021493    0.000000032
           5    0.000000000    0.000000000    0.000000000
           5   -0.000000000    0.000000000    0.000000000
           5    0.000000000    0.000000000    0.000000000
           5    0.002295574    0.000061202    0.000000067
           5   -0.000000000    0.000000001    0.000000000
           6   -0.000000000    0.000000000    0.000000000
           6   -0.000000000    0.000000000    0.000000000
           6    0.000000000   -0.000000000   -0.000000000
           6   -0.000000000    0.000000000    0.000000000
           6    0.000000000   -0.000000000   -0.000000000
           6   -0.000000000    0.000000000    0.000000000
           6   -0.000812901   -0.000012524    0.000001430
           6    0.000000000    0.000000000    0.000000000
           6    0.000000000    0.000000000    0.000000000
           6   -0.000000000   -0.000000000   -0.000000000
           6    0.003292068   -0.000023643    0.000001524
           6    0.000000000   -0.000000000   -0.000000000
           6    0.000000000    0.000000000    0.000000000
           7    0.000000000    0.000000001   -0.000000000
           7   -0.000000000   -0.000000000    0.000000000
           7   -0.000000000   -0.000000001    0.000000000
           7   -0.000000000   -0.000000000    0.000000000
           7    0.000000000    0.000000000   -0.000000000
           7    0.000000000    0.000000000    0.000000000
           7    0.000000000   -0.000000000    0.000000000
           7    0.000211775   -0.000007621   -0.000000057
           7   -0.000000000    0.000000000   -0.000000000
           7   -0.000000000    0.000000000   -0.000000000
           7    0.000000000    0.000000000   -0.000000000
           7    0.000054938    0.000002207   -0.000000061
           7    0.000000000    0.000000000   -0.000000000
           7   -0.000000000   -0.000000000    0.000000000
           7    0.000000000    0.000000001   -0.000000000
           8    0.000000000   -0.000000000    0.000000000
           8    0.000000000   -0.000000000    0.000000000
           8   -0.000000000   -0.000000001    0.000000000
           8   -0.000000000    0.000000000   -0.000000000
           8   -0.000000000   -0.000000000    0.000000000
           8   -0.000000000   -0.000000000   -0.000000000
           8    0.000000000    0.000000000    0.000000000
           8   -0.000000000    0.000000000   -0.000000000
           8    0.000358989   -0.000146157    0.000000964
           8    0.000000000    0.000000000   -0.000000000
           8    0.000000000   -0.000000000    0.000000000
           8   -0.000000000   -0.000000000    0.000000000
           8    0.000264121   -0.000072435    0.000000665
           8    0.000000000   -0.000000000    0.000000000
           8   -0.000000000    0.000000000   -0.000000000
           8    0.000000000   -0.000000000    0.000000000
           8    0.000128014   -0.000061738    0.000000899

      type     z         z-n              n(s)
         9     6   1.3467132  .112155120186491

                Coulomb potential at sphere boundaries
                      convoluted                      pseudo
     lh       external          total       external          total
      0    2.482837662    0.739455408    2.482851882    0.739469628
      1    0.000000000    0.000000000    0.000000000    0.000000000
      1    0.000000032    0.000000017    0.000000032    0.000000017
      1   -0.000000000   -0.000000001   -0.000000000   -0.000000001
      2   -0.000000000   -0.000000000   -0.000000000   -0.000000000
      2   -0.000000000   -0.000000000   -0.000000000   -0.000000000
      2    0.027370223    0.019751481    0.027418345    0.019799602
      2   -0.000000000   -0.000000000   -0.000000000   -0.000000000
      2   -0.000000000   -0.000000000   -0.000000000   -0.000000000
      3    0.000000000    0.000000000    0.000000000    0.000000000
      3    0.000000000    0.000000000    0.000000000    0.000000000
      3    0.000000000    0.000000000    0.000000000    0.000000000
      3    0.000000044    0.000000039    0.000000044    0.000000040
      3   -0.000000000    0.000000000   -0.000000000    0.000000000
      3    0.000000003    0.000000003    0.000000003    0.000000003
      3   -0.000000000   -0.000000001   -0.000000000   -0.000000001
      4   -0.000000000   -0.000000000   -0.000000000   -0.000000000
      4    0.000000000    0.000000000    0.000000000    0.000000000
      4    0.000000000    0.000000000    0.000000000    0.000000000
      4    0.000000000    0.000000000    0.000000000    0.000000000
      4   -0.180732745   -0.172986591   -0.180553586   -0.172807433
      4    0.000000000    0.000000000    0.000000000    0.000000000
      4   -0.000000000   -0.000000000   -0.000000000   -0.000000000
      4   -0.000000000   -0.000000000   -0.000000000   -0.000000000
      4   -0.164636538   -0.157913940   -0.164581315   -0.157858718
      5    0.000000000    0.000000000    0.000000000    0.000000000
      5    0.000000000    0.000000000    0.000000000    0.000000000
      5   -0.000000000   -0.000000000   -0.000000000   -0.000000000
      5   -0.000000000   -0.000000000   -0.000000000   -0.000000000
      5    0.000000000    0.000000000    0.000000000    0.000000000
      5    0.000000003    0.000000002    0.000000003    0.000000003
      5   -0.000000000   -0.000000000   -0.000000000   -0.000000000
      5   -0.000000001   -0.000000001   -0.000000001   -0.000000001
      5   -0.000000000   -0.000000000   -0.000000000   -0.000000000
      5   -0.000000008   -0.000000008   -0.000000008   -0.000000008
      5   -0.000000000   -0.000000000   -0.000000000   -0.000000000
      6    0.000000000    0.000000000   -0.000000000   -0.000000000
      6   -0.000000000   -0.000000000   -0.000000000   -0.000000000
      6    0.000000000    0.000000000    0.000000000    0.000000000
      6    0.000000000    0.000000000    0.000000000    0.000000000
      6   -0.000000000   -0.000000000   -0.000000000   -0.000000000
      6    0.000000000    0.000000000    0.000000000    0.000000000
      6   -0.006395517   -0.006215761   -0.006242116   -0.006062360
      6    0.000000000    0.000000000    0.000000000    0.000000000
      6    0.000000000    0.000000000    0.000000000    0.000000000
      6   -0.000000000   -0.000000000   -0.000000000   -0.000000000
      6    0.027730410    0.026992624    0.027963825    0.027226038
      6   -0.000000000   -0.000000000   -0.000000000   -0.000000000
      6   -0.000000000   -0.000000000   -0.000000000   -0.000000000
      7    0.000000000    0.000000000    0.000000000    0.000000000
      7   -0.000000000   -0.000000000   -0.000000000   -0.000000000
      7   -0.000000000   -0.000000000   -0.000000000   -0.000000000
      7   -0.000000000   -0.000000000   -0.000000000   -0.000000000
      7    0.000000000    0.000000000    0.000000000    0.000000000
      7   -0.000000000   -0.000000000   -0.000000000   -0.000000000
      7   -0.000000000   -0.000000000   -0.000000000   -0.000000000
      7    0.000000004    0.000000004    0.000000004    0.000000004
      7    0.000000000    0.000000000    0.000000000    0.000000000
      7    0.000000000    0.000000000    0.000000000    0.000000000
      7    0.000000000    0.000000000    0.000000000    0.000000000
      7    0.000000002    0.000000002    0.000000002    0.000000002
      7    0.000000000    0.000000000    0.000000000    0.000000000
      7    0.000000000    0.000000000    0.000000000    0.000000000
      7    0.000000000    0.000000000    0.000000000    0.000000000
      8   -0.000000000   -0.000000000   -0.000000000   -0.000000000
      8    0.000000000    0.000000000    0.000000000    0.000000000
      8    0.000000000    0.000000000    0.000000000    0.000000000
      8   -0.000000000   -0.000000000   -0.000000000   -0.000000000
      8   -0.000000000   -0.000000000   -0.000000000   -0.000000000
      8   -0.000000000   -0.000000000   -0.000000000   -0.000000000
      8   -0.000000000   -0.000000000   -0.000000000   -0.000000000
      8   -0.000000000   -0.000000000   -0.000000000   -0.000000000
      8   -0.007759519   -0.007599690   -0.008132318   -0.007972489
      8   -0.000000000   -0.000000000   -0.000000000   -0.000000000
      8    0.000000000    0.000000000    0.000000000    0.000000000
      8    0.000000000    0.000000000    0.000000000    0.000000000
      8   -0.004554955   -0.004456025   -0.004820806   -0.004721876
      8   -0.000000000   -0.000000000   -0.000000000   -0.000000000
      8    0.000000000   -0.000000000    0.000000000    0.000000000
      8   -0.000000000   -0.000000000   -0.000000000   -0.000000000
      8   -0.006547900   -0.006382591   -0.006996749   -0.006831440

                                Moments
          lh             mt         pseudo         npa(s)
           0   -1.346713222   -3.923684701   -0.000000825
           1   -0.000000000   -0.000000000   -0.000000000
           1   -0.000000018   -0.000000008    0.000000000
           1   -0.000000000   -0.000000002    0.000000000
           2    0.000000000   -0.000000001   -0.000000000
           2    0.000000000   -0.000000000   -0.000000000
           2   -0.014047234   -0.000618999    0.000002335
           2    0.000000000   -0.000000000   -0.000000000
           2    0.000000000    0.000000000    0.000000000
           3   -0.000000000    0.000000001    0.000000000
           3    0.000000000   -0.000000000    0.000000000
           3   -0.000000000   -0.000000000    0.000000000
           3   -0.000000013   -0.000000001    0.000000000
           3    0.000000000    0.000000000   -0.000000000
           3   -0.000000001   -0.000000000    0.000000000
           3   -0.000000001    0.000000000    0.000000000
           4   -0.000000000   -0.000000000   -0.000000000
           4   -0.000000000    0.000000000    0.000000000
           4    0.000000000    0.000000000    0.000000000
           4   -0.000000000    0.000000000    0.000000000
           4    0.034089341    0.000034747   -0.000009130
           4   -0.000000000    0.000000000    0.000000000
           4   -0.000000000   -0.000000000    0.000000000
           4    0.000000000   -0.000000000   -0.000000000
           4    0.029584867   -0.000006138   -0.000014413
           5   -0.000000000    0.000000001   -0.000000000
           5    0.000000000    0.000000000    0.000000000
           5    0.000000000   -0.000000001   -0.000000000
           5   -0.000000000   -0.000000000    0.000000000
           5    0.000000000    0.000000000   -0.000000000
           5   -0.000000002    0.000000000    0.000000000
           5   -0.000000000   -0.000000000    0.000000000
           5    0.000000000   -0.000000000   -0.000000000
           5    0.000000000   -0.000000001   -0.000000000
           5    0.000000002   -0.000000000   -0.000000000
           5   -0.000000000   -0.000000001    0.000000000
           6   -0.000000000    0.000000000   -0.000000000
           6    0.000000000   -0.000000000   -0.000000000
           6    0.000000000    0.000000000    0.000000000
           6    0.000000000    0.000000000   -0.000000000
           6   -0.000000000   -0.000000000   -0.000000000
           6    0.000000000    0.000000000   -0.000000000
           6    0.001888170    0.000000254    0.000008922
           6    0.000000000    0.000000000   -0.000000000
           6    0.000000000   -0.000000000   -0.000000000
           6   -0.000000000   -0.000000000    0.000000000
           6   -0.007749756    0.000243082    0.000017344
           6    0.000000000   -0.000000000   -0.000000000
           6    0.000000000    0.000000000    0.000000000
           7   -0.000000000    0.000000001    0.000000000
           7   -0.000000000   -0.000000000   -0.000000000
           7    0.000000000   -0.000000001    0.000000000
           7   -0.000000000   -0.000000000    0.000000000
           7   -0.000000000    0.000000000    0.000000000
           7   -0.000000000   -0.000000000   -0.000000000
           7   -0.000000000   -0.000000000    0.000000000
           7   -0.000000003    0.000000000    0.000000000
           7    0.000000000    0.000000000   -0.000000000
           7   -0.000000000    0.000000000   -0.000000000
           7   -0.000000000    0.000000000    0.000000000
           7   -0.000000001    0.000000000   -0.000000000
           7   -0.000000000    0.000000001   -0.000000000
           7   -0.000000000    0.000000000   -0.000000000
           7   -0.000000000    0.000000001   -0.000000000
           8   -0.000000000   -0.000000000   -0.000000000
           8   -0.000000000    0.000000000    0.000000000
           8    0.000000000    0.000000000    0.000000000
           8    0.000000000   -0.000000000    0.000000000
           8   -0.000000000   -0.000000000   -0.000000000
           8    0.000000000    0.000000000    0.000000000
           8    0.000000000   -0.000000000    0.000000000
           8    0.000000000    0.000000000    0.000000000
           8    0.004007165   -0.001556293   -0.000018071
           8    0.000000000    0.000000000    0.000000000
           8    0.000000000    0.000000000    0.000000000
           8   -0.000000000   -0.000000000   -0.000000000
           8    0.002480340   -0.000882996   -0.000020226
           8    0.000000000   -0.000000000    0.000000000
           8   -0.000000000    0.000000000    0.000000000
           8    0.000000000   -0.000000000   -0.000000000
           8    0.004144572   -0.001370523   -0.000033394

      Average of vxc(T) over cell: -.992316610178396
 Nearest neighbors:
 neighbor  site  type  site  type                       d
        1     1     1     9     9   -.0000000000 .0000000000 .2734910129
              2     2     9     9   -.0000000000 .0000000000-.2734909986
              3     3     9     9    .0000000000 .5000000000 .0000000092
                          9     9    .0000000000-.5000000000 .0000000092
              4     4     1     1    .0000000000 .4999999999 .2265089890
                          1     1    .0000000000-.5000000000 .2265089890
              5     5     9     9    .4999999999 .0000000000 .0000000066
              6     6     1     1   -.4999999999-.0000000000 .2265089927
              7     7     3     3    .4999999999 .0000000000 .2499679985
                          3     3   -.5000000000 .0000000000 .2499679985
              8     8     5     5   -.0000000000-.4999999999-.2499679914
                          5     5   -.0000000000 .5000000000-.2499679914
              9     9     5     5   -.4999999999 .0000000000-.0000000066
        2     1     1     4     4   -.0000000000-.4999999999-.2265089890
                          4     4   -.0000000000 .5000000000-.2265089890
              2     2     6     6    .4999999999 .0000000000 .2265089955
              3     3     8     8   -.4999999999-.0000000000 .2499679940
              4     4     2     2    .0000000000 .4999999999-.2265089993
                          2     2    .0000000000-.5000000000-.2265089993
              5     5     9     9   -.5000000000 .0000000000 .0000000066
              6     6     1     1    .5000000000-.0000000000 .2265089927
              7     7     5     5    .0000000000 .5000000000 .2499680010
                          5     5    .0000000000-.5000000000 .2499680010
              8     8     3     3    .4999999999 .0000000000-.2499679940
              9     9     3     3   -.0000000000-.5000000000-.0000000092
                          3     3   -.0000000000 .5000000000-.0000000092
        3     1     1     6     6    .4999999999 .0000000000-.2265089927
              2     2     6     6   -.5000000000 .0000000000 .2265089955
              3     3     8     8    .5000000000-.0000000000 .2499679940
              4     4     7     7    .4999999999 .0000000000 .2500319942
              5     5     8     8    .0000000000 .4999999999 .2499679914
                          8     8    .0000000000-.5000000000 .2499679914
              6     6     2     2   -.4999999999-.0000000000-.2265089955
              7     7     4     4   -.4999999999 .0000000000-.2500319942
              8     8     3     3   -.5000000000 .0000000000-.2499679940
              9     9     5     5    .5000000000 .0000000000-.0000000066

      Spherical components of potentials at muffin tin radii ...
        t           S                V0
        1   1.8491383 -.452003108657098
        2   1.8491383 -.452003113355218
        3   1.8491383 -.480434908739168
        4   1.8491383 -.436312022474786
        5   1.8491383 -.480434908739748
        6   1.8491383 -.436312022474767
        7   1.6868227 -.671858846813661
        8   1.6868227 -.671858847005384
        9   1.5449431 -.646566076142676

      Potential Summary ...
        t  h           max(dv)       r               rms
        1  1  184.486423007522       1  .000665483463942
           2  .000000001558494     539  .000000000859500
           3  .000448001549802     539  .000350323326591
           4 -.000000001558480     539  .000000000859478
           5 -.000000000000082     499  .000000000000046
           6 -.000000000140548     518  .000000000090344
           7 -.000216759954522     499  .000118912526097
           8  .000000000140480     518  .000000000090302
           9  .000000000002282     539  .000000000002177
          10  .000000002011076     539  .000000000767864
          11  .000000000000034     539  .000000000000017
          12 -.000000000460348     539  .000000000172083
          13 -.000033209926137     539  .000018531548397
          14  .000000000460354     539  .000000000172087
          15 -.000000000000846     539  .000000000000485
          16  .000000002011082     539  .000000000767867
          17 -.000000000279699     505  .000000000114541
          18  .000000000085565     533  .000000000054245
          19 -.000000000000086     539  .000000000000043
          20  .000000000088870     506  .000000000038562
          21  .000020002176410     505  .000009427360164
          22 -.000000000088915     506  .000000000038580
          23  .000000000000861     504  .000000000000342
          24  .000000000085572     533  .000000000054244
          25  .000005550219475     484  .000002535398252
          26  .000000001182782     539  .000000000585291
          27  .000000000014334     537  .000000000009607
          28 -.000000000424673     539  .000000000179061
          29 -.000000000000024     539  .000000000000012
          30  .000000000130422     539  .000000000054782
          31 -.000002292907841     539  .000001272104872
          32 -.000000000130441     539  .000000000054792
          33 -.000000000000078     538  .000000000000055
          34 -.000000000424684     539  .000000000179066
          35  .000000471409031     517  .000000259897300
          36 -.000000001181956     539  .000000000586787
          37 -.000000000000061     539  .000000000000027
          38  .000000000076462     539  .000000000039685
          39  .000000000008190     538  .000000000005415
          40 -.000000000056741     538  .000000000033783
          41  .000000000000041     539  .000000000000019
          42  .000000000026145     536  .000000000017653
          43  .000000638252710     488  .000000295246043
          44 -.000000000026151     536  .000000000017659
          45  .000000000000049     539  .000000000000021
          46 -.000000000056715     538  .000000000033770
          47 -.000001213616818     488  .000000796655437
          48 -.000000000076657     539  .000000000039559
          49  .000000000000064     537  .000000000000049
          50  .000000000404351     539  .000000000172072
          51 -.000000000000024     539  .000000000000010
          52 -.000000000191009     539  .000000000074032
          53 -.000000000002050     539  .000000000001178
          54  .000000000102787     539  .000000000046645
          55  .000000000000019     539  .000000000000008
          56 -.000000000049859     539  .000000000023163
          57 -.000000875439323     535  .000000605938975
          58  .000000000049878     539  .000000000023176
          59 -.000000000000040     536  .000000000000028
          60  .000000000102776     539  .000000000046640
          61  .000001369044750     539  .000000699270148
          62  .000000000190249     539  .000000000074110
          63  .000000000000014     539  .000000000000008
          64  .000000000404352     539  .000000000172072
          65 -.000000000011179     527  .000000000009457
          66  .000000000022225     539  .000000000007614
          67  .000000000000024      82  .000000000000010
          68 -.000000000028524     539  .000000000011654
          69  .000000000004639     539  .000000000002985
          70 -.000000000002847     539  .000000000001189
          71 -.000000000000027     539  .000000000000011
          72  .000000000003140     534  .000000000002011
          73 -.000000291380003     488  .000000196352414
          74 -.000000000003166     534  .000000000002028
          75 -.000000000000022     101  .000000000000014
          76 -.000000000002823     539  .000000000001183
          77  .000000311925163     527  .000000265139063
          78  .000000000028875     539  .000000000011728
          79  .000000000000025     525  .000000000000020
          80  .000000000022223     539  .000000000007613
          81 -.000000785895796     528  .000000669276046
        2  1  184.486423009518       1  .000665483389630
           2  .000000001558499     539  .000000000859505
           3 -.000448001550724     539  .000350323329231
           4 -.000000001558493     539  .000000000859488
           5 -.000000000000082     499  .000000000000046
           6  .000000000140494     518  .000000000090315
           7 -.000216760005637     499  .000118912552054
           8 -.000000000140514     518  .000000000090312
           9 -.000000000002348     539  .000000000002219
          10  .000000002011085     539  .000000000767869
          11 -.000000000000034     539  .000000000000017
          12 -.000000000460327     539  .000000000172076
          13  .000033209922763     539  .000018531546197
          14  .000000000460382     539  .000000000172098
          15 -.000000000000923     539  .000000000000528
          16  .000000002011076     539  .000000000767864
          17  .000000000279696     505  .000000000114540
          18 -.000000000085570     533  .000000000054244
          19 -.000000000000086     539  .000000000000043
          20 -.000000000088911     506  .000000000038579
          21  .000020002159882     505  .000009427354393
          22  .000000000088871     506  .000000000038562
          23 -.000000000000842     504  .000000000000334
          24 -.000000000085563     533  .000000000054242
          25  .000005550218218     484  .000002535398457
          26  .000000001182789     539  .000000000585294
          27  .000000000014334     537  .000000000009607
          28 -.000000000424683     539  .000000000179066
          29  .000000000000024     539  .000000000000011
          30  .000000000130428     539  .000000000054785
          31  .000002292907272     539  .000001272104411
          32 -.000000000130434     539  .000000000054787
          33 -.000000000000078     538  .000000000000055
          34 -.000000000424671     539  .000000000179061
          35 -.000000471409061     517  .000000259897266
          36 -.000000001181952     539  .000000000586785
          37 -.000000000000061     539  .000000000000027
          38 -.000000000076475     539  .000000000039691
          39 -.000000000008190     538  .000000000005415
          40  .000000000056716     538  .000000000033771
          41  .000000000000041     539  .000000000000019
          42 -.000000000026163     536  .000000000017665
          43  .000000638252507     488  .000000295245930
          44  .000000000026134     536  .000000000017647
          45 -.000000000000046     539  .000000000000020
          46  .000000000056740     538  .000000000033783
          47 -.000001213616480     488  .000000796655169
          48  .000000000076647     539  .000000000039554
          49 -.000000000000065     537  .000000000000050
          50  .000000000404352     539  .000000000172072
          51  .000000000000024     539  .000000000000010
          52 -.000000000191002     539  .000000000074029
          53 -.000000000002050     539  .000000000001178
          54  .000000000102778     539  .000000000046641
          55 -.000000000000019     539  .000000000000008
          56 -.000000000049872     539  .000000000023169
          57  .000000875438239     535  .000000605938216
          58  .000000000049866     539  .000000000023170
          59 -.000000000000039     536  .000000000000027
          60  .000000000102786     539  .000000000046645
          61 -.000001369044921     539  .000000699270235
          62  .000000000190258     539  .000000000074114
          63  .000000000000013     539  .000000000000007
          64  .000000000404351     539  .000000000172071
          65  .000000000011176     527  .000000000009455
          66 -.000000000022223     539  .000000000007613
          67  .000000000000024     539  .000000000000010
          68  .000000000028540     539  .000000000011660
          69 -.000000000004639     539  .000000000002985
          70  .000000000002823     539  .000000000001183
          71 -.000000000000026     539  .000000000000011
          72 -.000000000003159     534  .000000000002024
          73 -.000000291379494     488  .000000196352099
          74  .000000000003146     534  .000000000002014
          75 -.000000000000024      78  .000000000000014
          76  .000000000002847     539  .000000000001189
          77  .000000311924874     527  .000000265138817
          78 -.000000000028860     539  .000000000011722
          79 -.000000000000025     527  .000000000000020
          80 -.000000000022226     539  .000000000007615
          81 -.000000785895863     528  .000000669276106
        3  1  184.486684392782       1  .000992623163753
           2 -.000000000408524     538  .000000000310799
           3  .000000000006607     539  .000000000004874
           4 -.000000000663584     539  .000000000410189
           5  .000000000001030     502  .000000000000726
           6  .000000000000036     539  .000000000000022
           7  .000135319100270     539  .000079652871818
           8 -.000000000000139     498  .000000000000067
           9 -.000309198611918     501  .000214512201553
          10 -.000000000168319     537  .000000000114530
          11  .000000000081783     531  .000000000067043
          12 -.000000000133091     538  .000000000087700
          13 -.000000000001576     539  .000000000000841
          14 -.000000000256163     539  .000000000187313
          15 -.000000000000753     539  .000000000000322
          16  .000000000151022     539  .000000000115505
          17  .000000000000110     504  .000000000000049
          18 -.000000000000012     510  .000000000000010
          19 -.000000000000154     539  .000000000000079
          20  .000000000000007      50  .000000000000003
          21 -.000016063471051     539  .000008559238591
          22 -.000000000000045     504  .000000000000018
          23 -.000020624416000     505  .000011313337766
          24 -.000000000000005      51  .000000000000003
          25 -.000066348404459     504  .000027307692686
          26 -.000000000108950     539  .000000000048175
          27  .000000000024681     538  .000000000014942
          28  .000000000037881     537  .000000000027372
          29 -.000000000101981     539  .000000000052212
          30 -.000000000019541     539  .000000000012084
          31  .000000000000371      75  .000000000000154
          32 -.000000000053031     539  .000000000021465
          33 -.000000000000173     539  .000000000000081
          34  .000000000370448     539  .000000000199715
          35  .000000000000759     539  .000000000000336
          36  .000000000431478     539  .000000000182496
          37 -.000000000000114     539  .000000000000051
          38  .000000000000006     251  .000000000000000
          39 -.000000000000013     539  .000000000000005
          40 -.000000000000025     539  .000000000000011
          41  .000000000000062     539  .000000000000027
          42 -.000000000000040     539  .000000000000018
          43 -.000001923058622     539  .000000881539654
          44 -.000000000000009      53  .000000000000004
          45 -.000001733625613     539  .000000771486365
          46  .000000000000006     539  .000000000000002
          47  .000002289860675     539  .000001037248119
          48  .000000000000008     203  .000000000000002
          49  .000002100878181     539  .000001063676102
          50 -.000000000042935     539  .000000000015364
          51 -.000000000013897     538  .000000000008751
          52  .000000000034263     539  .000000000014097
          53  .000000000008351     539  .000000000003332
          54  .000000000008434     537  .000000000004946
          55 -.000000000007450     539  .000000000003628
          56  .000000000010215     538  .000000000006047
          57 -.000000000002692       9  .000000000000035
          58 -.000000000011787     539  .000000000006613
          59  .000000000000087     539  .000000000000037
          60 -.000000000013912     539  .000000000007722
          61  .000000000000054     539  .000000000000015
          62 -.000000000151535     539  .000000000066956
          63 -.000000000000195     539  .000000000000102
          64 -.000000001126395     539  .000000000444935
          65 -.000000000000092     539  .000000000000034
          66 -.000000000000006      14  .000000000000000
          67  .000000000000044     539  .000000000000018
          68  .000000000000019     539  .000000000000007
          69 -.000000000000011     136  .000000000000003
          70 -.000000000000006     103  .000000000000000
          71 -.000000000000037     539  .000000000000014
          72 -.000000000000013     539  .000000000000005
          73  .000000197212434     539  .000000083546001
          74 -.000000000000009     216  .000000000000003
          75  .000000137455542     539  .000000043381016
          76 -.000000000000007     214  .000000000000001
          77 -.000000291337131     536  .000000194813809
          78  .000000000000008      50  .000000000000000
          79 -.000001199225504     539  .000000783854489
          80 -.000000000000007     130  .000000000000000
          81 -.000001255555382     533  .000001045317413
        4  1  184.486918460157       1  .000614492732664
           2 -.000000000846348     533  .000000000628126
           3 -.000000000007121     101  .000000000005115
           4 -.000000001309987     539  .000000000825515
           5 -.000000000000203     495  .000000000000104
           6  .000000000000057     501  .000000000000038
           7 -.000147060501757     539  .000134827854823
           8  .000000000000063     539  .000000000000044
           9 -.000068775287353     539  .000058629957899
          10  .000000001459385     539  .000000000449887
          11  .000000000157404     497  .000000000065620
          12 -.000000000497623     539  .000000000205586
          13  .000000000004068     539  .000000000002284
          14 -.000000000265160     527  .000000000218871
          15  .000000000003183     539  .000000000001761
          16  .000000000913692     539  .000000000297840
          17 -.000000000000103     503  .000000000000046
          18 -.000000000000023     505  .000000000000012
          19 -.000000000000104     539  .000000000000050
          20  .000000000000021     504  .000000000000009
          21 -.000042841795474     504  .000019578435714
          22  .000000000000012     539  .000000000000006
          23  .000028073407893     505  .000018899919672
          24  .000000000000022     539  .000000000000011
          25  .000015001765329     506  .000006016963513
          26  .000000000936280     539  .000000000452955
          27  .000000000028419     537  .000000000018399
          28 -.000000000474772     539  .000000000234001
          29 -.000000000170532     539  .000000000081641
          30  .000000000289358     539  .000000000135199
          31  .000000000000580     539  .000000000000306
          32 -.000000000144783     539  .000000000054677
          33 -.000000000000176     535  .000000000000125
          34  .000000000180558     538  .000000000112575
          35 -.000000000001289     539  .000000000000632
          36 -.000000000297529     539  .000000000147160
          37 -.000000000000098     539  .000000000000044
          38  .000000000000006     159  .000000000000002
          39  .000000000000009     215  .000000000000003
          40  .000000000000006     213  .000000000000001
          41  .000000000000059     539  .000000000000026
          42  .000000000000012      91  .000000000000003
          43  .000001842412350     488  .000001393562911
          44 -.000000000000017     539  .000000000000008
          45  .000001454712904     527  .000001215346073
          46  .000000000000014     539  .000000000000006
          47  .000002312029485     539  .000000793379310
          48  .000000000000009     160  .000000000000002
          49  .000000990911661     489  .000000576229216
          50  .000000000298270     539  .000000000118193
          51  .000000000007776     539  .000000000003146
          52 -.000000000058219     539  .000000000022230
          53 -.000000000002579     492  .000000000001473
          54  .000000000090135     539  .000000000038066
          55 -.000000000047113     539  .000000000018442
          56 -.000000000054322     539  .000000000024241
          57 -.000000000002690      10  .000000000000077
          58  .000000000006511     539  .000000000004092
          59  .000000000000135     536  .000000000000091
          60 -.000000000058297     539  .000000000023205
          61 -.000000000000081     539  .000000000000038
          62  .000000000028036     539  .000000000008957
          63  .000000000000062     539  .000000000000024
          64  .000000000130861     539  .000000000053943
          65  .000000000000042     539  .000000000000016
          66  .000000000000006      26  .000000000000000
          67  .000000000000037     539  .000000000000015
          68  .000000000000009     192  .000000000000001
          69 -.000000000000012      27  .000000000000001
          70 -.000000000000007     130  .000000000000000
          71 -.000000000000035     539  .000000000000014
          72  .000000000000012     145  .000000000000004
          73 -.000000738957167     488  .000000490043265
          74 -.000000000000013     194  .000000000000000
          75  .000000215987757     539  .000000074247934
          76  .000000000000006      22  .000000000000000
          77 -.000002006544020     529  .000001702887620
          78 -.000000000000008     233  .000000000000002
          79 -.000001317198923     533  .000001156174006
          80 -.000000000000008     189  .000000000000000
          81 -.000000527799999     534  .000000454008906
        5  1  184.486684392780       1  .000992623164315
           2  .000000000653340     539  .000000000407889
           3 -.000000000003687     127  .000000000001126
           4  .000000000399860     537  .000000000307662
           5  .000000000001033     502  .000000000000729
           6 -.000000000000121     500  .000000000000066
           7  .000135319100125     539  .000079652871761
           8  .000000000000043     539  .000000000000030
           9  .000309198612013     501  .000214512201616
          10 -.000000000145527     530  .000000000115105
          11 -.000000000081783     531  .000000000067043
          12  .000000000268509     539  .000000000189718
          13  .000000000000641     498  .000000000000336
          14  .000000000147169     539  .000000000091638
          15 -.000000000000310     499  .000000000000153
          16 -.000000000173565     538  .000000000116192
          17 -.000000000000111     504  .000000000000049
          18 -.000000000000006      30  .000000000000002
          19 -.000000000000153     539  .000000000000079
          20 -.000000000000047     504  .000000000000019
          21 -.000016063471043     539  .000008559238587
          22 -.000000000000007     236  .000000000000002
          23  .000020624416006     505  .000011313337763
          24  .000000000000017     539  .000000000000012
          25 -.000066348404469     504  .000027307692686
          26 -.000000000109623     539  .000000000068398
          27  .000000000024681     538  .000000000014942
          28  .000000000386445     539  .000000000203647
          29  .000000000101981     539  .000000000052212
          30  .000000000041945     539  .000000000018793
          31  .000000000000377      17  .000000000000138
          32  .000000000012980     535  .000000000008943
          33 -.000000000000092     539  .000000000000047
          34  .000000000051375     539  .000000000030446
          35  .000000000000929     539  .000000000000442
          36  .000000000431834     539  .000000000167387
          37 -.000000000000095     539  .000000000000045
          38 -.000000000000007     539  .000000000000003
          39  .000000000000009     539  .000000000000004
          40  .000000000000006     287  .000000000000002
          41  .000000000000061     539  .000000000000027
          42 -.000000000000012     124  .000000000000003
          43 -.000001923058622     539  .000000881539655
          44 -.000000000000040     539  .000000000000018
          45  .000001733625612     539  .000000771486367
          46  .000000000000026     539  .000000000000012
          47  .000002289860676     539  .000001037248119
          48  .000000000000008      96  .000000000000002
          49 -.000002100878210     539  .000001063676110
          50  .000000000040693     539  .000000000013705
          51  .000000000013897     538  .000000000008751
          52  .000000000026423     536  .000000000018014
          53  .000000000008351     539  .000000000003332
          54 -.000000000032082     539  .000000000012763
          55  .000000000007450     539  .000000000003628
          56  .000000000019545     539  .000000000008869
          57 -.000000000002695       2  .000000000000006
          58 -.000000000006322     535  .000000000003906
          59 -.000000000000030     539  .000000000000011
          60 -.000000000011064     539  .000000000003266
          61  .000000000000078     539  .000000000000029
          62 -.000000000164224     539  .000000000065243
          63  .000000000000105     539  .000000000000048
          64  .000000001124055     539  .000000000443116
          65  .000000000000014     539  .000000000000008
          66 -.000000000000007     185  .000000000000001
          67  .000000000000031     539  .000000000000014
          68  .000000000000008       2  .000000000000001
          69 -.000000000000012      72  .000000000000003
          70 -.000000000000006     176  .000000000000002
          71 -.000000000000037     539  .000000000000014
          72  .000000000000012     205  .000000000000003
          73  .000000197212439     539  .000000083546001
          74 -.000000000000013     539  .000000000000005
          75 -.000000137455539     539  .000000043381017
          76 -.000000000000006      68  .000000000000000
          77 -.000000291337132     536  .000000194813809
          78  .000000000000018     539  .000000000000007
          79  .000001199225520     539  .000000783854492
          80 -.000000000000008      52  .000000000000000
          81 -.000001255555386     533  .000001045317417
        6  1  184.486918460158       1  .000614492731155
           2  .000000001309989     539  .000000000825517
           3 -.000000000004924     539  .000000000002926
           4  .000000000846355     533  .000000000628135
           5 -.000000000000201     496  .000000000000104
           6  .000000000000054     539  .000000000000038
           7 -.000147060501753     539  .000134827854823
           8  .000000000000058     505  .000000000000047
           9  .000068775287338     539  .000058629957873
          10  .000000000913550     539  .000000000297787
          11 -.000000000157404     497  .000000000065620
          12  .000000000265161     527  .000000000218871
          13  .000000000002068     539  .000000000001153
          14  .000000000497612     539  .000000000205582
          15 -.000000000001552     539  .000000000000817
          16  .000000001459241     539  .000000000449833
          17  .000000000000102     504  .000000000000046
          18 -.000000000000018     539  .000000000000009
          19 -.000000000000104     539  .000000000000049
          20  .000000000000012     539  .000000000000007
          21 -.000042841795478     504  .000019578435717
          22  .000000000000020     506  .000000000000008
          23 -.000028073407895     505  .000018899919672
          24  .000000000000020     505  .000000000000011
          25  .000015001765332     506  .000006016963516
          26  .000000000299201     539  .000000000147933
          27  .000000000028419     537  .000000000018399
          28  .000000000180647     538  .000000000112611
          29  .000000000170532     539  .000000000081641
          30  .000000000144796     539  .000000000054680
          31  .000000000000385     539  .000000000000226
          32 -.000000000289352     539  .000000000135198
          33 -.000000000000049     539  .000000000000022
          34 -.000000000474661     539  .000000000233963
          35 -.000000000000928     539  .000000000000456
          36 -.000000000934608     539  .000000000452183
          37 -.000000000000098     539  .000000000000044
          38 -.000000000000007      69  .000000000000002
          39  .000000000000009      28  .000000000000004
          40 -.000000000000015     539  .000000000000006
          41  .000000000000059     539  .000000000000026
          42 -.000000000000017     539  .000000000000008
          43  .000001842412349     488  .000001393562910
          44  .000000000000007     191  .000000000000003
          45 -.000001454712904     527  .000001215346074
          46 -.000000000000006     217  .000000000000001
          47  .000002312029491     539  .000000793379309
          48  .000000000000006     247  .000000000000002
          49 -.000000990911661     489  .000000576229216
          50  .000000000120953     539  .000000000051178
          51 -.000000000007776     539  .000000000003146
          52 -.000000000029046     539  .000000000009171
          53 -.000000000002579     492  .000000000001473
          54 -.000000000058373     539  .000000000023231
          55  .000000000047113     539  .000000000018442
          56 -.000000000006522     539  .000000000004092
          57 -.000000000002693       3  .000000000000015
          58  .000000000054316     539  .000000000024240
          59 -.000000000000150     539  .000000000000084
          60  .000000000090059     539  .000000000038042
          61 -.000000000000106     539  .000000000000055
          62  .000000000057210     539  .000000000021791
          63 -.000000000000038     539  .000000000000011
          64  .000000000288362     539  .000000000115356
          65 -.000000000000042     539  .000000000000016
          66 -.000000000000007     259  .000000000000001
          67  .000000000000037     539  .000000000000015
          68  .000000000000007       1  .000000000000002
          69 -.000000000000012      77  .000000000000001
          70  .000000000000008     214  .000000000000000
          71 -.000000000000035     539  .000000000000013
          72  .000000000000013       8  .000000000000000
          73 -.000000738957168     488  .000000490043265
          74 -.000000000000010     201  .000000000000004
          75 -.000000215987756     539  .000000074247934
          76  .000000000000006      43  .000000000000000
          77 -.000002006544020     529  .000001702887620
          78 -.000000000000006     233  .000000000000001
          79  .000001317198923     533  .000001156174005
          80 -.000000000000008     101  .000000000000000
          81 -.000000527799999     534  .000000454008907
        7  1  67.4698461235849       1  .000067841548626
           2 -.000000000976299     502  .000000000757360
           3  .000483354671262     502  .000381135704167
           4  .000000000976288     502  .000000000757349
           5 -.000000000000033     502  .000000000000013
           6 -.000000000143046     502  .000000000113791
           7 -.000062845190693     502  .000041139819255
           8  .000000000143095     502  .000000000113832
           9 -.000000000001754     502  .000000000001243
          10 -.000000000114276     494  .000000000085682
          11  .000000000000022     502  .000000000000012
          12 -.000000000081676     499  .000000000068430
          13 -.000024630368058     502  .000014214304052
          14  .000000000081668     499  .000000000068424
          15  .000000000000694     502  .000000000000432
          16 -.000000000114274     494  .000000000085679
          17  .000000000013460     502  .000000000006443
          18 -.000000000022107     502  .000000000012367
          19 -.000000000000017     502  .000000000000006
          20  .000000000089855     502  .000000000031477
          21  .000009598066230     502  .000005286210945
          22 -.000000000089846     502  .000000000031473
          23  .000000000000054     502  .000000000000031
          24 -.000000000022106     502  .000000000012366
          25 -.000018253537214     502  .000009529798921
          26 -.000000000128109     502  .000000000054833
          27  .000000000008445     502  .000000000002645
          28 -.000000000066354     502  .000000000037848
          29  .000000000000006     502  .000000000000003
          30  .000000000041194     502  .000000000018660
          31 -.000002200719948     502  .000001139052645
          32 -.000000000041190     502  .000000000018659
          33 -.000000000000003      50  .000000000000000
          34 -.000000000066354     502  .000000000037848
          35  .000002969949657     502  .000001567413261
          36  .000000000128128     502  .000000000054837
          37 -.000000000000006     502  .000000000000002
          38 -.000000000030481     502  .000000000013215
          39 -.000000000001856     502  .000000000000638
          40 -.000000000020105     502  .000000000009946
          41 -.000000000000005      46  .000000000000000
          42  .000000000000649     489  .000000000000385
          43 -.000000817068998     502  .000000366836769
          44 -.000000000000650     489  .000000000000387
          45  .000000000000007     166  .000000000000001
          46 -.000000000020096     502  .000000000009942
          47  .000000168418536     502  .000000069569685
          48  .000000000030497     502  .000000000013219
          49 -.000000000000006      83  .000000000000001
          50 -.000000000056835     502  .000000000024238
          51  .000000000000006     502  .000000000000002
          52  .000000000034884     502  .000000000015570
          53  .000000000004902     502  .000000000002567
          54 -.000000000022236     502  .000000000009721
          55 -.000000000000003     318  .000000000000000
          56 -.000000000025474     502  .000000000011179
          57 -.000000125711651     502  .000000050317595
          58  .000000000025477     502  .000000000011180
          59 -.000000000000012     502  .000000000000005
          60 -.000000000022237     502  .000000000009721
          61  .000000939223176     502  .000000405931806
          62 -.000000000034895     502  .000000000015573
          63  .000000000000010     502  .000000000000004
          64 -.000000000056835     502  .000000000024238
          65  .000000000000449     502  .000000000000156
          66 -.000000000000326     497  .000000000000206
          67  .000000000000011      59  .000000000000000
          68  .000000000002207     502  .000000000000909
          69  .000000000002663     502  .000000000001087
          70 -.000000000010134     502  .000000000004021
          71 -.000000000000006      11  .000000000000000
          72 -.000000000006507     502  .000000000002595
          73  .000000129553953     502  .000000055732030
          74  .000000000006503     502  .000000000002593
          75 -.000000000000010     148  .000000000000000
          76 -.000000000010134     502  .000000000004021
          77 -.000000132530217     502  .000000052056463
          78 -.000000000002213     502  .000000000000909
          79  .000000000000008      10  .000000000000000
          80 -.000000000000326     497  .000000000000205
          81  .000000067767868     502  .000000028729165
        8  1  67.4698461144076       1  .000067841700363
           2 -.000000000976316     502  .000000000757372
           3 -.000483354672782     502  .000381135704900
           4  .000000000976289     502  .000000000757354
           5 -.000000000000033     502  .000000000000013
           6  .000000000143074     502  .000000000113812
           7 -.000062845181390     502  .000041139813189
           8 -.000000000143049     502  .000000000113789
           9  .000000000001830     502  .000000000001292
          10 -.000000000114276     494  .000000000085681
          11 -.000000000000022     502  .000000000000012
          12 -.000000000081666     499  .000000000068422
          13  .000024630369343     502  .000014214304914
          14  .000000000081677     499  .000000000068431
          15  .000000000000772     502  .000000000000477
          16 -.000000000114272     494  .000000000085679
          17 -.000000000013462     502  .000000000006443
          18  .000000000022104     502  .000000000012365
          19 -.000000000000017     502  .000000000000006
          20 -.000000000089845     502  .000000000031473
          21  .000009598065386     502  .000005286210558
          22  .000000000089857     502  .000000000031477
          23 -.000000000000042     502  .000000000000028
          24  .000000000022114     502  .000000000012371
          25 -.000018253537206     502  .000009529798935
          26 -.000000000128109     502  .000000000054833
          27  .000000000008445     502  .000000000002645
          28 -.000000000066356     502  .000000000037849
          29 -.000000000000006     502  .000000000000003
          30  .000000000041190     502  .000000000018659
          31  .000002200719574     502  .000001139052463
          32 -.000000000041193     502  .000000000018660
          33  .000000000000004     502  .000000000000001
          34 -.000000000066351     502  .000000000037846
          35 -.000002969949318     502  .000001567413096
          36  .000000000128128     502  .000000000054837
          37 -.000000000000006     502  .000000000000002
          38  .000000000030483     502  .000000000013216
          39  .000000000001857     502  .000000000000638
          40  .000000000020094     502  .000000000009941
          41 -.000000000000004      81  .000000000000000
          42 -.000000000000650     489  .000000000000387
          43 -.000000817068966     502  .000000366836760
          44  .000000000000649     489  .000000000000385
          45  .000000000000007     125  .000000000000000
          46  .000000000020105     502  .000000000009946
          47  .000000168418321     502  .000000069569589
          48 -.000000000030494     502  .000000000013218
          49 -.000000000000006      30  .000000000000000
          50 -.000000000056835     502  .000000000024238
          51 -.000000000000006     502  .000000000000002
          52  .000000000034885     502  .000000000015571
          53  .000000000004902     502  .000000000002567
          54 -.000000000022237     502  .000000000009721
          55  .000000000000003     182  .000000000000000
          56 -.000000000025477     502  .000000000011180
          57  .000000125711760     502  .000000050317643
          58  .000000000025474     502  .000000000011179
          59 -.000000000000012     502  .000000000000005
          60 -.000000000022236     502  .000000000009721
          61 -.000000939223199     502  .000000405931814
          62 -.000000000034894     502  .000000000015572
          63  .000000000000011     502  .000000000000005
          64 -.000000000056835     502  .000000000024238
          65 -.000000000000448     502  .000000000000156
          66  .000000000000325     497  .000000000000205
          67  .000000000000013       1  .000000000000001
          68 -.000000000002201     502  .000000000000907
          69 -.000000000002663     502  .000000000001087
          70  .000000000010133     502  .000000000004021
          71 -.000000000000004     273  .000000000000000
          72  .000000000006504     502  .000000000002593
          73  .000000129553908     502  .000000055732011
          74 -.000000000006506     502  .000000000002595
          75 -.000000000000010     126  .000000000000000
          76  .000000000010134     502  .000000000004021
          77 -.000000132530197     502  .000000052056455
          78  .000000000002220     502  .000000000000912
          79  .000000000000008     119  .000000000000001
          80  .000000000000326     497  .000000000000206
          81  .000000067767853     502  .000000028729159
        9  1  20.4333718500297       1  .000523764904975
           2  .000000000335340     442  .000000000245019
           3 -.000000000070418       1  .000000000016238
           4 -.000000000334931     442  .000000000244856
           5 -.000000000000220     442  .000000000000144
           6 -.000000000000032     442  .000000000000024
           7  .000272135040961     442  .000177556567159
           8 -.000000000000048     442  .000000000000036
           9 -.000000000000175     442  .000000000000103
          10  .000000000162812     436  .000000000121619
          11 -.000000000000001      81  .000000000000000
          12  .000000000099823     442  .000000000044278
          13  .000000000004755     442  .000000000003120
          14 -.000000000100170     442  .000000000044346
          15  .000000000001062     442  .000000000000653
          16  .000000000162833     436  .000000000121639
          17  .000000000000003     240  .000000000000000
          18 -.000000000000002     344  .000000000000000
          19  .000000000000040     442  .000000000000021
          20 -.000000000000003     442  .000000000000001
          21  .000014508592450     442  .000007960123756
          22 -.000000000000006     442  .000000000000002
          23  .000000000000028     442  .000000000000014
          24 -.000000000000004     442  .000000000000001
          25 -.000012165521453     442  .000006213174942
          26  .000000000136789     442  .000000000077226
          27  .000000000029228     442  .000000000016065
          28 -.000000000113177     442  .000000000061639
          29 -.000000000000002     227  .000000000000000
          30  .000000000039315     440  .000000000024685
          31  .000000000001198     442  .000000000000622
          32 -.000000000039237     440  .000000000024635
          33  .000000000000120     442  .000000000000061
          34 -.000000000113211     442  .000000000061647
          35 -.000000000000116     442  .000000000000042
          36 -.000000000177843     442  .000000000085570
          37 -.000000000000018     442  .000000000000009
          38  .000000000000002     119  .000000000000001
          39  .000000000000002      42  .000000000000000
          40  .000000000000004     442  .000000000000001
          41 -.000000000000006     442  .000000000000002
          42  .000000000000002      10  .000000000000001
          43  .000002498411254     442  .000001177883620
          44 -.000000000000002     213  .000000000000001
          45 -.000000000000004     442  .000000000000002
          46 -.000000000000003     442  .000000000000001
          47  .000000413341233     442  .000000131539061
          48  .000000000000002     442  .000000000000001
          49 -.000000000000007     442  .000000000000003
          50  .000000000178171     442  .000000000075995
          51  .000000000000001     171  .000000000000000
          52 -.000000000108264     442  .000000000047863
          53  .000000000005768     442  .000000000002416
          54  .000000000065099     442  .000000000027301
          55 -.000000000000002     170  .000000000000000
          56 -.000000000008523     442  .000000000003154
          57 -.000000000000537      14  .000000000000143
          58  .000000000008231     442  .000000000003099
          59  .000000000000003     442  .000000000000002
          60  .000000000065116     442  .000000000027305
          61  .000000000000020     442  .000000000000007
          62  .000000000128269     442  .000000000052373
          63  .000000000000001     213  .000000000000001
          64  .000000000178170     442  .000000000075996
          65 -.000000000000002     156  .000000000000000
          66 -.000000000000001     176  .000000000000000
          67  .000000000000005     138  .000000000000001
          68  .000000000000006     442  .000000000000002
          69 -.000000000000003     143  .000000000000000
          70  .000000000000011     442  .000000000000004
          71  .000000000000003     442  .000000000000001
          72  .000000000000012     442  .000000000000005
          73  .000000149313479     440  .000000097599592
          74  .000000000000012     442  .000000000000005
          75 -.000000000000004     141  .000000000000000
          76 -.000000000000011     442  .000000000000004
          77 -.000000144770325     442  .000000053222335
          78  .000000000000006     442  .000000000000002
          79  .000000000000004      73  .000000000000000
          80  .000000000000001      74  .000000000000000
          81 -.000000521367547     442  .000000223340901

        m1  m2  m3                dv               rms
         0  18   0 -.004524502867180  .000573304440612

      Maximum difference in Vr ...
        t     r          max(dVr)
        3     3 -.001386522760690

      Maximum difference in Vi ...
        star               max(dVi)
           2 -.000363167386287  .000000000022487
 Energy Vector
                   Eigenvalue sums
         Valence : -0.13386694816237E+03         -133.866 948 162 3
            Core : -0.91854396476585E+04       -9,185.439 647 658 4
                   Coulomb Energy
 n(vc/2-vin)  mt : -0.59538239478307E+04       -5,953.823 947 830 7
 n(vc/2-vin) int :  0.11753736238299E+02           11.753 736 238 2
        -zv(0)/2 : -0.30366558374966E+03         -303.665 583 749 6
           Total : -0.62457357953421E+04       -6,245.735 795 342 0
                   Exchange/Correlation
       n*exc int : -0.12456937450431E+02          -12.456 937 450 4
       n*exc  mt : -0.71296027932344E+03         -712.960 279 323 4
           Total : -0.72541721677387E+03         -725.417 216 773 8
                   Total Energy
               E : -0.16290459607937E+05      -16,290.459 607 936  
 Entropy correction:
       T    =  473.680159
       S    =  1.09864604189834
       E(0) = -16290.4612559058
       E(T) = -16290.4596079368
       F(T) = -16290.4629038749
 Miscellaneous contributions to the energy

 Valence Kinetic Energy
               Tv :       1,719.610 792 046 3
 Integral of nv * Vc / 2
     Interstitial :          10.767 252 031 4
     Type       j :                  internal                  external
        1       1          -154.323 971 630 4          22.252 114 100 6
                2             0.000 000 000 0           0.000 000 000 0
                3             0.000 170 612 7          -0.000 443 266 2
                4             0.000 000 000 0           0.000 000 000 0
                5             0.000 000 000 0           0.000 000 000 0
                6             0.000 000 000 0          -0.000 000 000 0
                7             0.000 151 085 8          -0.000 335 428 4
                8             0.000 000 000 0           0.000 000 000 0
                9             0.000 000 000 0          -0.000 000 000 0
               10             0.000 000 000 0          -0.000 000 000 0
               11             0.000 000 000 0          -0.000 000 000 0
               12             0.000 000 000 0          -0.000 000 000 0
               13             0.000 558 246 0          -0.000 669 822 9
               14             0.000 000 000 0          -0.000 000 000 0
               15             0.000 000 000 0          -0.000 000 000 0
               16             0.000 000 000 0          -0.000 000 000 0
               17             0.000 000 000 0           0.000 000 000 0
               18             0.000 000 000 0          -0.000 000 000 0
               19             0.000 000 000 0          -0.000 000 000 0
               20             0.000 000 000 0           0.000 000 000 0
               21             0.000 071 661 9          -0.000 018 865 2
               22             0.000 000 000 0           0.000 000 000 0
               23             0.000 000 000 0          -0.000 000 000 0
               24             0.000 000 000 0          -0.000 000 000 0
               25             0.000 299 635 9           0.000 036 192 7
               26             0.000 000 000 0          -0.000 000 000 0
               27             0.000 000 000 0           0.000 000 000 0
               28             0.000 000 000 0           0.000 000 000 0
               29             0.000 000 000 0          -0.000 000 000 0
               30             0.000 000 000 0           0.000 000 000 0
               31             0.000 014 403 4          -0.000 068 953 8
               32             0.000 000 000 0           0.000 000 000 0
               33             0.000 000 000 0          -0.000 000 000 0
               34             0.000 000 000 0           0.000 000 000 0
               35             0.000 000 124 6          -0.000 002 588 8
               36             0.000 000 000 0          -0.000 000 000 0
               37             0.000 000 000 0          -0.000 000 000 0
               38             0.000 000 000 0          -0.000 000 000 0
               39             0.000 000 000 0           0.000 000 000 0
               40             0.000 000 000 0           0.000 000 000 0
               41             0.000 000 000 0          -0.000 000 000 0
               42             0.000 000 000 0          -0.000 000 000 0
               43             0.000 001 955 7          -0.000 012 194 3
               44             0.000 000 000 0           0.000 000 000 0
               45             0.000 000 000 0          -0.000 000 000 0
               46             0.000 000 000 0          -0.000 000 000 0
               47             0.000 000 795 3          -0.000 007 253 5
               48             0.000 000 000 0          -0.000 000 000 0
               49             0.000 000 000 0          -0.000 000 000 0
               50             0.000 000 000 0           0.000 000 000 0
               51             0.000 000 000 0           0.000 000 000 0
               52             0.000 000 000 0           0.000 000 000 0
               53             0.000 000 000 0           0.000 000 000 0
               54             0.000 000 000 0          -0.000 000 000 0
               55             0.000 000 000 0           0.000 000 000 0
               56             0.000 000 000 0          -0.000 000 000 0
               57             0.000 000 192 9          -0.000 002 287 8
               58             0.000 000 000 0          -0.000 000 000 0
               59             0.000 000 000 0          -0.000 000 000 0
               60             0.000 000 000 0          -0.000 000 000 0
               61             0.000 000 000 0          -0.000 000 005 8
               62             0.000 000 000 0           0.000 000 000 0
               63             0.000 000 000 0          -0.000 000 000 0
               64             0.000 000 000 0           0.000 000 000 0
               65             0.000 000 000 0           0.000 000 000 0
               66             0.000 000 000 0           0.000 000 000 0
               67             0.000 000 000 0           0.000 000 000 0
               68             0.000 000 000 0          -0.000 000 000 0
               69             0.000 000 000 0           0.000 000 000 0
               70             0.000 000 000 0           0.000 000 000 0
               71             0.000 000 000 0           0.000 000 000 0
               72             0.000 000 000 0          -0.000 000 000 0
               73             0.000 000 039 3          -0.000 000 871 7
               74             0.000 000 000 0           0.000 000 000 0
               75             0.000 000 000 0           0.000 000 000 0
               76             0.000 000 000 0           0.000 000 000 0
               77             0.000 000 000 0          -0.000 000 001 5
               78             0.000 000 000 0           0.000 000 000 0
               79             0.000 000 000 0          -0.000 000 000 0
               80             0.000 000 000 0          -0.000 000 000 0
               81             0.000 000 000 2          -0.000 000 009 4
        2       1          -154.323 971 486 3          22.252 113 981 5
                2             0.000 000 000 0           0.000 000 000 0
                3             0.000 170 613 1          -0.000 443 267 1
                4             0.000 000 000 0           0.000 000 000 0
                5             0.000 000 000 0           0.000 000 000 0
                6             0.000 000 000 0           0.000 000 000 0
                7             0.000 151 086 0          -0.000 335 428 9
                8             0.000 000 000 0          -0.000 000 000 0
                9             0.000 000 000 0          -0.000 000 000 0
               10             0.000 000 000 0          -0.000 000 000 0
               11             0.000 000 000 0          -0.000 000 000 0
               12             0.000 000 000 0          -0.000 000 000 0
               13             0.000 558 246 4          -0.000 669 823 4
               14             0.000 000 000 0          -0.000 000 000 0
               15             0.000 000 000 0          -0.000 000 000 0
               16             0.000 000 000 0          -0.000 000 000 0
               17             0.000 000 000 0           0.000 000 000 0
               18             0.000 000 000 0          -0.000 000 000 0
               19             0.000 000 000 0          -0.000 000 000 0
               20             0.000 000 000 0           0.000 000 000 0
               21             0.000 071 661 8          -0.000 018 865 3
               22             0.000 000 000 0           0.000 000 000 0
               23             0.000 000 000 0          -0.000 000 000 0
               24             0.000 000 000 0          -0.000 000 000 0
               25             0.000 299 635 8           0.000 036 192 7
               26             0.000 000 000 0          -0.000 000 000 0
               27             0.000 000 000 0           0.000 000 000 0
               28             0.000 000 000 0           0.000 000 000 0
               29             0.000 000 000 0          -0.000 000 000 0
               30             0.000 000 000 0           0.000 000 000 0
               31             0.000 014 403 4          -0.000 068 953 9
               32             0.000 000 000 0           0.000 000 000 0
               33             0.000 000 000 0          -0.000 000 000 0
               34             0.000 000 000 0           0.000 000 000 0
               35             0.000 000 124 6          -0.000 002 588 8
               36             0.000 000 000 0          -0.000 000 000 0
               37             0.000 000 000 0          -0.000 000 000 0
               38             0.000 000 000 0          -0.000 000 000 0
               39             0.000 000 000 0           0.000 000 000 0
               40             0.000 000 000 0          -0.000 000 000 0
               41             0.000 000 000 0          -0.000 000 000 0
               42             0.000 000 000 0           0.000 000 000 0
               43             0.000 001 955 7          -0.000 012 194 3
               44             0.000 000 000 0          -0.000 000 000 0
               45             0.000 000 000 0          -0.000 000 000 0
               46             0.000 000 000 0           0.000 000 000 0
               47             0.000 000 795 3          -0.000 007 253 5
               48             0.000 000 000 0          -0.000 000 000 0
               49             0.000 000 000 0          -0.000 000 000 0
               50             0.000 000 000 0           0.000 000 000 0
               51             0.000 000 000 0           0.000 000 000 0
               52             0.000 000 000 0           0.000 000 000 0
               53             0.000 000 000 0           0.000 000 000 0
               54             0.000 000 000 0          -0.000 000 000 0
               55             0.000 000 000 0           0.000 000 000 0
               56             0.000 000 000 0          -0.000 000 000 0
               57             0.000 000 192 9          -0.000 002 287 8
               58             0.000 000 000 0          -0.000 000 000 0
               59             0.000 000 000 0          -0.000 000 000 0
               60             0.000 000 000 0          -0.000 000 000 0
               61             0.000 000 000 0          -0.000 000 005 8
               62             0.000 000 000 0           0.000 000 000 0
               63             0.000 000 000 0          -0.000 000 000 0
               64             0.000 000 000 0           0.000 000 000 0
               65             0.000 000 000 0           0.000 000 000 0
               66             0.000 000 000 0          -0.000 000 000 0
               67             0.000 000 000 0           0.000 000 000 0
               68             0.000 000 000 0           0.000 000 000 0
               69             0.000 000 000 0           0.000 000 000 0
               70             0.000 000 000 0           0.000 000 000 0
               71             0.000 000 000 0           0.000 000 000 0
               72             0.000 000 000 0           0.000 000 000 0
               73             0.000 000 039 3          -0.000 000 871 7
               74             0.000 000 000 0          -0.000 000 000 0
               75             0.000 000 000 0           0.000 000 000 0
               76             0.000 000 000 0           0.000 000 000 0
               77             0.000 000 000 0          -0.000 000 001 5
               78             0.000 000 000 0          -0.000 000 000 0
               79             0.000 000 000 0          -0.000 000 000 0
               80             0.000 000 000 0           0.000 000 000 0
               81             0.000 000 000 2          -0.000 000 009 4
        3       1          -153.708 818 591 7          21.717 131 862 0
                2             0.000 000 000 0          -0.000 000 000 0
                3             0.000 000 000 0          -0.000 000 000 0
                4             0.000 000 000 0           0.000 000 000 0
                5             0.000 000 000 0           0.000 000 000 0
                6             0.000 000 000 0           0.000 000 000 0
                7             0.000 302 660 6          -0.000 449 153 5
                8             0.000 000 000 0           0.000 000 000 0
                9             0.000 566 153 3          -0.001 282 696 3
               10             0.000 000 000 0          -0.000 000 000 0
               11             0.000 000 000 0           0.000 000 000 0
               12             0.000 000 000 0           0.000 000 000 0
               13             0.000 000 000 0          -0.000 000 000 0
               14             0.000 000 000 0           0.000 000 000 0
               15             0.000 000 000 0          -0.000 000 000 0
               16             0.000 000 000 0           0.000 000 000 0
               17             0.000 000 000 0           0.000 000 000 0
               18             0.000 000 000 0           0.000 000 000 0
               19             0.000 000 000 0           0.000 000 000 0
               20             0.000 000 000 0           0.000 000 000 0
               21             0.000 025 492 2          -0.000 028 350 3
               22             0.000 000 000 0           0.000 000 000 0
               23             0.000 275 027 2          -0.000 508 335 6
               24             0.000 000 000 0           0.000 000 000 0
               25             0.001 071 372 9          -0.000 696 646 2
               26             0.000 000 000 0          -0.000 000 000 0
               27             0.000 000 000 0           0.000 000 000 0
               28             0.000 000 000 0          -0.000 000 000 0
               29             0.000 000 000 0           0.000 000 000 0
               30             0.000 000 000 0           0.000 000 000 0
               31             0.000 000 000 0          -0.000 000 000 0
               32             0.000 000 000 0           0.000 000 000 0
               33             0.000 000 000 0          -0.000 000 000 0
               34             0.000 000 000 0           0.000 000 000 0
               35             0.000 000 000 0          -0.000 000 000 0
               36             0.000 000 000 0           0.000 000 000 0
               37             0.000 000 000 0           0.000 000 000 0
               38             0.000 000 000 0           0.000 000 000 0
               39             0.000 000 000 0           0.000 000 000 0
               40             0.000 000 000 0           0.000 000 000 0
               41             0.000 000 000 0           0.000 000 000 0
               42             0.000 000 000 0           0.000 000 000 0
               43             0.000 001 783 1          -0.000 012 678 4
               44             0.000 000 000 0          -0.000 000 000 0
               45             0.000 002 370 0          -0.000 017 977 4
               46             0.000 000 000 0           0.000 000 000 0
               47             0.000 000 460 8          -0.000 003 758 7
               48             0.000 000 000 0           0.000 000 000 0
               49             0.000 004 915 0          -0.000 035 334 5
               50             0.000 000 000 0           0.000 000 000 0
               51             0.000 000 000 0           0.000 000 000 0
               52             0.000 000 000 0           0.000 000 000 0
               53             0.000 000 000 0           0.000 000 000 0
               54             0.000 000 000 0           0.000 000 000 0
               55             0.000 000 000 0           0.000 000 000 0
               56             0.000 000 000 0           0.000 000 000 0
               57             0.000 000 000 0          -0.000 000 000 0
               58             0.000 000 000 0          -0.000 000 000 0
               59             0.000 000 000 0          -0.000 000 000 0
               60             0.000 000 000 0          -0.000 000 000 0
               61             0.000 000 000 0          -0.000 000 000 0
               62             0.000 000 000 0          -0.000 000 000 0
               63             0.000 000 000 0          -0.000 000 000 0
               64             0.000 000 000 0           0.000 000 000 0
               65             0.000 000 000 0          -0.000 000 000 0
               66             0.000 000 000 0           0.000 000 000 0
               67             0.000 000 000 0           0.000 000 000 0
               68             0.000 000 000 0           0.000 000 000 0
               69             0.000 000 000 0           0.000 000 000 0
               70             0.000 000 000 0          -0.000 000 000 0
               71             0.000 000 000 0           0.000 000 000 0
               72             0.000 000 000 0          -0.000 000 000 0
               73             0.000 000 015 0          -0.000 000 379 9
               74             0.000 000 000 0          -0.000 000 000 0
               75             0.000 000 020 7          -0.000 000 466 4
               76             0.000 000 000 0          -0.000 000 000 0
               77             0.000 000 025 5          -0.000 000 630 7
               78             0.000 000 000 0           0.000 000 000 0
               79             0.000 000 031 2          -0.000 000 743 5
               80             0.000 000 000 0          -0.000 000 000 0
               81             0.000 000 062 4          -0.000 001 500 8
        4       1          -154.593 901 395 6          22.511 074 551 7
                2             0.000 000 000 0           0.000 000 000 0
                3             0.000 000 000 0          -0.000 000 000 0
                4             0.000 000 000 0           0.000 000 000 0
                5             0.000 000 000 0           0.000 000 000 0
                6             0.000 000 000 0           0.000 000 000 0
                7             0.000 015 767 1          -0.000 032 403 4
                8             0.000 000 000 0           0.000 000 000 0
                9             0.000 053 975 8           0.000 024 515 7
               10             0.000 000 000 0          -0.000 000 000 0
               11             0.000 000 000 0           0.000 000 000 0
               12             0.000 000 000 0           0.000 000 000 0
               13             0.000 000 000 0          -0.000 000 000 0
               14             0.000 000 000 0           0.000 000 000 0
               15             0.000 000 000 0          -0.000 000 000 0
               16             0.000 000 000 0          -0.000 000 000 0
               17             0.000 000 000 0           0.000 000 000 0
               18             0.000 000 000 0           0.000 000 000 0
               19             0.000 000 000 0           0.000 000 000 0
               20             0.000 000 000 0          -0.000 000 000 0
               21             0.000 030 831 6          -0.000 080 563 5
               22             0.000 000 000 0           0.000 000 000 0
               23             0.000 658 077 6           0.000 038 600 3
               24             0.000 000 000 0           0.000 000 000 0
               25             0.000 028 805 0           0.000 015 418 7
               26             0.000 000 000 0          -0.000 000 000 0
               27             0.000 000 000 0           0.000 000 000 0
               28             0.000 000 000 0          -0.000 000 000 0
               29             0.000 000 000 0          -0.000 000 000 0
               30             0.000 000 000 0           0.000 000 000 0
               31             0.000 000 000 0          -0.000 000 000 0
               32             0.000 000 000 0           0.000 000 000 0
               33             0.000 000 000 0          -0.000 000 000 0
               34             0.000 000 000 0           0.000 000 000 0
               35             0.000 000 000 0          -0.000 000 000 0
               36             0.000 000 000 0           0.000 000 000 0
               37             0.000 000 000 0          -0.000 000 000 0
               38             0.000 000 000 0          -0.000 000 000 0
               39             0.000 000 000 0           0.000 000 000 0
               40             0.000 000 000 0          -0.000 000 000 0
               41             0.000 000 000 0          -0.000 000 000 0
               42             0.000 000 000 0           0.000 000 000 0
               43             0.000 000 019 6          -0.000 000 151 0
               44             0.000 000 000 0          -0.000 000 000 0
               45             0.000 000 002 0          -0.000 000 066 7
               46             0.000 000 000 0          -0.000 000 000 0
               47             0.000 000 662 4          -0.000 008 064 1
               48             0.000 000 000 0           0.000 000 000 0
               49             0.000 000 008 4          -0.000 000 043 5
               50             0.000 000 000 0           0.000 000 000 0
               51             0.000 000 000 0           0.000 000 000 0
               52             0.000 000 000 0           0.000 000 000 0
               53             0.000 000 000 0          -0.000 000 000 0
               54             0.000 000 000 0           0.000 000 000 0
               55             0.000 000 000 0           0.000 000 000 0
               56             0.000 000 000 0          -0.000 000 000 0
               57             0.000 000 000 0          -0.000 000 000 0
               58             0.000 000 000 0           0.000 000 000 0
               59             0.000 000 000 0           0.000 000 000 0
               60             0.000 000 000 0          -0.000 000 000 0
               61             0.000 000 000 0          -0.000 000 000 0
               62             0.000 000 000 0           0.000 000 000 0
               63             0.000 000 000 0           0.000 000 000 0
               64             0.000 000 000 0          -0.000 000 000 0
               65             0.000 000 000 0          -0.000 000 000 0
               66             0.000 000 000 0          -0.000 000 000 0
               67             0.000 000 000 0          -0.000 000 000 0
               68             0.000 000 000 0           0.000 000 000 0
               69             0.000 000 000 0           0.000 000 000 0
               70             0.000 000 000 0          -0.000 000 000 0
               71             0.000 000 000 0           0.000 000 000 0
               72             0.000 000 000 0          -0.000 000 000 0
               73             0.000 000 001 2          -0.000 000 033 0
               74             0.000 000 000 0          -0.000 000 000 0
               75             0.000 000 000 4          -0.000 000 000 9
               76             0.000 000 000 0          -0.000 000 000 0
               77             0.000 000 000 0          -0.000 000 003 1
               78             0.000 000 000 0           0.000 000 000 0
               79             0.000 000 000 2          -0.000 000 005 3
               80             0.000 000 000 0           0.000 000 000 0
               81             0.000 000 000 2          -0.000 000 010 1
        5       1          -153.708 818 591 7          21.717 131 862 0
                2             0.000 000 000 0           0.000 000 000 0
                3             0.000 000 000 0          -0.000 000 000 0
                4             0.000 000 000 0           0.000 000 000 0
                5             0.000 000 000 0           0.000 000 000 0
                6             0.000 000 000 0           0.000 000 000 0
                7             0.000 302 660 6          -0.000 449 153 5
                8             0.000 000 000 0           0.000 000 000 0
                9             0.000 566 153 3          -0.001 282 696 3
               10             0.000 000 000 0           0.000 000 000 0
               11             0.000 000 000 0           0.000 000 000 0
               12             0.000 000 000 0           0.000 000 000 0
               13             0.000 000 000 0          -0.000 000 000 0
               14             0.000 000 000 0          -0.000 000 000 0
               15             0.000 000 000 0          -0.000 000 000 0
               16             0.000 000 000 0          -0.000 000 000 0
               17             0.000 000 000 0           0.000 000 000 0
               18             0.000 000 000 0           0.000 000 000 0
               19             0.000 000 000 0           0.000 000 000 0
               20             0.000 000 000 0           0.000 000 000 0
               21             0.000 025 492 2          -0.000 028 350 3
               22             0.000 000 000 0           0.000 000 000 0
               23             0.000 275 027 2          -0.000 508 335 6
               24             0.000 000 000 0           0.000 000 000 0
               25             0.001 071 372 9          -0.000 696 646 2
               26             0.000 000 000 0           0.000 000 000 0
               27             0.000 000 000 0           0.000 000 000 0
               28             0.000 000 000 0           0.000 000 000 0
               29             0.000 000 000 0           0.000 000 000 0
               30             0.000 000 000 0           0.000 000 000 0
               31             0.000 000 000 0          -0.000 000 000 0
               32             0.000 000 000 0           0.000 000 000 0
               33             0.000 000 000 0          -0.000 000 000 0
               34             0.000 000 000 0           0.000 000 000 0
               35             0.000 000 000 0          -0.000 000 000 0
               36             0.000 000 000 0           0.000 000 000 0
               37             0.000 000 000 0           0.000 000 000 0
               38             0.000 000 000 0           0.000 000 000 0
               39             0.000 000 000 0           0.000 000 000 0
               40             0.000 000 000 0           0.000 000 000 0
               41             0.000 000 000 0           0.000 000 000 0
               42             0.000 000 000 0          -0.000 000 000 0
               43             0.000 001 783 1          -0.000 012 678 4
               44             0.000 000 000 0           0.000 000 000 0
               45             0.000 002 370 0          -0.000 017 977 4
               46             0.000 000 000 0           0.000 000 000 0
               47             0.000 000 460 8          -0.000 003 758 7
               48             0.000 000 000 0           0.000 000 000 0
               49             0.000 004 915 0          -0.000 035 334 5
               50             0.000 000 000 0           0.000 000 000 0
               51             0.000 000 000 0           0.000 000 000 0
               52             0.000 000 000 0          -0.000 000 000 0
               53             0.000 000 000 0           0.000 000 000 0
               54             0.000 000 000 0          -0.000 000 000 0
               55             0.000 000 000 0           0.000 000 000 0
               56             0.000 000 000 0          -0.000 000 000 0
               57             0.000 000 000 0          -0.000 000 000 0
               58             0.000 000 000 0           0.000 000 000 0
               59             0.000 000 000 0          -0.000 000 000 0
               60             0.000 000 000 0          -0.000 000 000 0
               61             0.000 000 000 0          -0.000 000 000 0
               62             0.000 000 000 0           0.000 000 000 0
               63             0.000 000 000 0          -0.000 000 000 0
               64             0.000 000 000 0          -0.000 000 000 0
               65             0.000 000 000 0          -0.000 000 000 0
               66             0.000 000 000 0          -0.000 000 000 0
               67             0.000 000 000 0           0.000 000 000 0
               68             0.000 000 000 0           0.000 000 000 0
               69             0.000 000 000 0           0.000 000 000 0
               70             0.000 000 000 0          -0.000 000 000 0
               71             0.000 000 000 0           0.000 000 000 0
               72             0.000 000 000 0          -0.000 000 000 0
               73             0.000 000 015 0          -0.000 000 379 9
               74             0.000 000 000 0          -0.000 000 000 0
               75             0.000 000 020 7          -0.000 000 466 4
               76             0.000 000 000 0          -0.000 000 000 0
               77             0.000 000 025 5          -0.000 000 630 7
               78             0.000 000 000 0           0.000 000 000 0
               79             0.000 000 031 2          -0.000 000 743 5
               80             0.000 000 000 0           0.000 000 000 0
               81             0.000 000 062 4          -0.000 001 500 8
        6       1          -154.593 901 395 6          22.511 074 551 7
                2             0.000 000 000 0           0.000 000 000 0
                3             0.000 000 000 0          -0.000 000 000 0
                4             0.000 000 000 0           0.000 000 000 0
                5             0.000 000 000 0           0.000 000 000 0
                6             0.000 000 000 0           0.000 000 000 0
                7             0.000 015 767 1          -0.000 032 403 4
                8             0.000 000 000 0           0.000 000 000 0
                9             0.000 053 975 8           0.000 024 515 7
               10             0.000 000 000 0          -0.000 000 000 0
               11             0.000 000 000 0           0.000 000 000 0
               12             0.000 000 000 0           0.000 000 000 0
               13             0.000 000 000 0          -0.000 000 000 0
               14             0.000 000 000 0           0.000 000 000 0
               15             0.000 000 000 0          -0.000 000 000 0
               16             0.000 000 000 0          -0.000 000 000 0
               17             0.000 000 000 0           0.000 000 000 0
               18             0.000 000 000 0           0.000 000 000 0
               19             0.000 000 000 0           0.000 000 000 0
               20             0.000 000 000 0           0.000 000 000 0
               21             0.000 030 831 6          -0.000 080 563 5
               22             0.000 000 000 0          -0.000 000 000 0
               23             0.000 658 077 6           0.000 038 600 3
               24             0.000 000 000 0           0.000 000 000 0
               25             0.000 028 805 0           0.000 015 418 7
               26             0.000 000 000 0           0.000 000 000 0
               27             0.000 000 000 0           0.000 000 000 0
               28             0.000 000 000 0           0.000 000 000 0
               29             0.000 000 000 0          -0.000 000 000 0
               30             0.000 000 000 0           0.000 000 000 0
               31             0.000 000 000 0           0.000 000 000 0
               32             0.000 000 000 0           0.000 000 000 0
               33             0.000 000 000 0           0.000 000 000 0
               34             0.000 000 000 0          -0.000 000 000 0
               35             0.000 000 000 0          -0.000 000 000 0
               36             0.000 000 000 0          -0.000 000 000 0
               37             0.000 000 000 0          -0.000 000 000 0
               38             0.000 000 000 0           0.000 000 000 0
               39             0.000 000 000 0           0.000 000 000 0
               40             0.000 000 000 0          -0.000 000 000 0
               41             0.000 000 000 0          -0.000 000 000 0
               42             0.000 000 000 0          -0.000 000 000 0
               43             0.000 000 019 6          -0.000 000 151 0
               44             0.000 000 000 0           0.000 000 000 0
               45             0.000 000 002 0          -0.000 000 066 7
               46             0.000 000 000 0          -0.000 000 000 0
               47             0.000 000 662 4          -0.000 008 064 1
               48             0.000 000 000 0          -0.000 000 000 0
               49             0.000 000 008 4          -0.000 000 043 5
               50             0.000 000 000 0          -0.000 000 000 0
               51             0.000 000 000 0           0.000 000 000 0
               52             0.000 000 000 0           0.000 000 000 0
               53             0.000 000 000 0          -0.000 000 000 0
               54             0.000 000 000 0          -0.000 000 000 0
               55             0.000 000 000 0           0.000 000 000 0
               56             0.000 000 000 0           0.000 000 000 0
               57             0.000 000 000 0          -0.000 000 000 0
               58             0.000 000 000 0          -0.000 000 000 0
               59             0.000 000 000 0          -0.000 000 000 0
               60             0.000 000 000 0           0.000 000 000 0
               61             0.000 000 000 0          -0.000 000 000 0
               62             0.000 000 000 0           0.000 000 000 0
               63             0.000 000 000 0           0.000 000 000 0
               64             0.000 000 000 0           0.000 000 000 0
               65             0.000 000 000 0          -0.000 000 000 0
               66             0.000 000 000 0           0.000 000 000 0
               67             0.000 000 000 0          -0.000 000 000 0
               68             0.000 000 000 0           0.000 000 000 0
               69             0.000 000 000 0           0.000 000 000 0
               70             0.000 000 000 0          -0.000 000 000 0
               71             0.000 000 000 0           0.000 000 000 0
               72             0.000 000 000 0          -0.000 000 000 0
               73             0.000 000 001 2          -0.000 000 033 0
               74             0.000 000 000 0          -0.000 000 000 0
               75             0.000 000 000 4          -0.000 000 000 9
               76             0.000 000 000 0          -0.000 000 000 0
               77             0.000 000 000 0          -0.000 000 003 1
               78             0.000 000 000 0           0.000 000 000 0
               79             0.000 000 000 2          -0.000 000 005 3
               80             0.000 000 000 0          -0.000 000 000 0
               81             0.000 000 000 2          -0.000 000 010 1
        7       1            -2.753 327 472 5           0.869 748 729 0
                2             0.000 000 000 0           0.000 000 000 0
                3             0.000 003 581 5           0.000 001 860 5
                4             0.000 000 000 0           0.000 000 000 0
                5             0.000 000 000 0           0.000 000 000 0
                6             0.000 000 000 0           0.000 000 000 0
                7             0.000 000 348 1          -0.000 000 800 5
                8             0.000 000 000 0           0.000 000 000 0
                9             0.000 000 000 0          -0.000 000 000 0
               10             0.000 000 000 0           0.000 000 000 0
               11             0.000 000 000 0          -0.000 000 000 0
               12             0.000 000 000 0           0.000 000 000 0
               13             0.000 001 022 8           0.000 001 586 5
               14             0.000 000 000 0           0.000 000 000 0
               15             0.000 000 000 0          -0.000 000 000 0
               16             0.000 000 000 0           0.000 000 000 0
               17             0.000 000 000 0           0.000 000 000 0
               18             0.000 000 000 0           0.000 000 000 0
               19             0.000 000 000 0           0.000 000 000 0
               20             0.000 000 000 0           0.000 000 000 0
               21             0.000 001 072 6          -0.000 006 726 5
               22             0.000 000 000 0           0.000 000 000 0
               23             0.000 000 000 0          -0.000 000 000 0
               24             0.000 000 000 0           0.000 000 000 0
               25             0.000 000 180 7          -0.000 000 248 4
               26             0.000 000 000 0          -0.000 000 000 0
               27             0.000 000 000 0          -0.000 000 000 0
               28             0.000 000 000 0           0.000 000 000 0
               29             0.000 000 000 0          -0.000 000 000 0
               30             0.000 000 000 0           0.000 000 000 0
               31             0.000 000 010 1           0.000 000 002 5
               32             0.000 000 000 0           0.000 000 000 0
               33             0.000 000 000 0           0.000 000 000 0
               34             0.000 000 000 0           0.000 000 000 0
               35             0.000 000 030 4           0.000 000 077 9
               36             0.000 000 000 0          -0.000 000 000 0
               37             0.000 000 000 0           0.000 000 000 0
               38             0.000 000 000 0          -0.000 000 000 0
               39             0.000 000 000 0           0.000 000 000 0
               40             0.000 000 000 0           0.000 000 000 0
               41             0.000 000 000 0          -0.000 000 000 0
               42             0.000 000 000 0           0.000 000 000 0
               43             0.000 000 001 3          -0.000 000 036 6
               44             0.000 000 000 0          -0.000 000 000 0
               45             0.000 000 000 0          -0.000 000 000 0
               46             0.000 000 000 0           0.000 000 000 0
               47             0.000 000 021 2          -0.000 000 697 6
               48             0.000 000 000 0           0.000 000 000 0
               49             0.000 000 000 0           0.000 000 000 0
               50             0.000 000 000 0          -0.000 000 000 0
               51             0.000 000 000 0           0.000 000 000 0
               52             0.000 000 000 0          -0.000 000 000 0
               53             0.000 000 000 0           0.000 000 000 0
               54             0.000 000 000 0           0.000 000 000 0
               55             0.000 000 000 0          -0.000 000 000 0
               56             0.000 000 000 0           0.000 000 000 0
               57             0.000 000 000 0          -0.000 000 000 4
               58             0.000 000 000 0           0.000 000 000 0
               59             0.000 000 000 0          -0.000 000 000 0
               60             0.000 000 000 0           0.000 000 000 0
               61             0.000 000 000 0           0.000 000 000 3
               62             0.000 000 000 0          -0.000 000 000 0
               63             0.000 000 000 0           0.000 000 000 0
               64             0.000 000 000 0          -0.000 000 000 0
               65             0.000 000 000 0           0.000 000 000 0
               66             0.000 000 000 0           0.000 000 000 0
               67             0.000 000 000 0           0.000 000 000 0
               68             0.000 000 000 0          -0.000 000 000 0
               69             0.000 000 000 0           0.000 000 000 0
               70             0.000 000 000 0           0.000 000 000 0
               71             0.000 000 000 0           0.000 000 000 0
               72             0.000 000 000 0           0.000 000 000 0
               73             0.000 000 000 0          -0.000 000 002 2
               74             0.000 000 000 0          -0.000 000 000 0
               75             0.000 000 000 0          -0.000 000 000 0
               76             0.000 000 000 0          -0.000 000 000 0
               77             0.000 000 000 0          -0.000 000 000 7
               78             0.000 000 000 0           0.000 000 000 0
               79             0.000 000 000 0          -0.000 000 000 0
               80             0.000 000 000 0           0.000 000 000 0
               81             0.000 000 000 0          -0.000 000 000 5
        8       1            -2.753 327 433 1           0.869 748 716 5
                2             0.000 000 000 0           0.000 000 000 0
                3             0.000 003 581 5           0.000 001 860 5
                4             0.000 000 000 0           0.000 000 000 0
                5             0.000 000 000 0           0.000 000 000 0
                6             0.000 000 000 0           0.000 000 000 0
                7             0.000 000 348 1          -0.000 000 800 5
                8             0.000 000 000 0           0.000 000 000 0
                9             0.000 000 000 0          -0.000 000 000 0
               10             0.000 000 000 0           0.000 000 000 0
               11             0.000 000 000 0          -0.000 000 000 0
               12             0.000 000 000 0           0.000 000 000 0
               13             0.000 001 022 8           0.000 001 586 5
               14             0.000 000 000 0           0.000 000 000 0
               15             0.000 000 000 0          -0.000 000 000 0
               16             0.000 000 000 0           0.000 000 000 0
               17             0.000 000 000 0           0.000 000 000 0
               18             0.000 000 000 0          -0.000 000 000 0
               19             0.000 000 000 0           0.000 000 000 0
               20             0.000 000 000 0           0.000 000 000 0
               21             0.000 001 072 6          -0.000 006 726 5
               22             0.000 000 000 0           0.000 000 000 0
               23             0.000 000 000 0          -0.000 000 000 0
               24             0.000 000 000 0           0.000 000 000 0
               25             0.000 000 180 7          -0.000 000 248 4
               26             0.000 000 000 0          -0.000 000 000 0
               27             0.000 000 000 0          -0.000 000 000 0
               28             0.000 000 000 0           0.000 000 000 0
               29             0.000 000 000 0          -0.000 000 000 0
               30             0.000 000 000 0           0.000 000 000 0
               31             0.000 000 010 1           0.000 000 002 5
               32             0.000 000 000 0           0.000 000 000 0
               33             0.000 000 000 0           0.000 000 000 0
               34             0.000 000 000 0           0.000 000 000 0
               35             0.000 000 030 4           0.000 000 077 9
               36             0.000 000 000 0          -0.000 000 000 0
               37             0.000 000 000 0           0.000 000 000 0
               38             0.000 000 000 0           0.000 000 000 0
               39             0.000 000 000 0           0.000 000 000 0
               40             0.000 000 000 0          -0.000 000 000 0
               41             0.000 000 000 0          -0.000 000 000 0
               42             0.000 000 000 0          -0.000 000 000 0
               43             0.000 000 001 3          -0.000 000 036 6
               44             0.000 000 000 0           0.000 000 000 0
               45             0.000 000 000 0          -0.000 000 000 0
               46             0.000 000 000 0           0.000 000 000 0
               47             0.000 000 021 2          -0.000 000 697 6
               48             0.000 000 000 0          -0.000 000 000 0
               49             0.000 000 000 0           0.000 000 000 0
               50             0.000 000 000 0          -0.000 000 000 0
               51             0.000 000 000 0           0.000 000 000 0
               52             0.000 000 000 0          -0.000 000 000 0
               53             0.000 000 000 0           0.000 000 000 0
               54             0.000 000 000 0           0.000 000 000 0
               55             0.000 000 000 0          -0.000 000 000 0
               56             0.000 000 000 0           0.000 000 000 0
               57             0.000 000 000 0          -0.000 000 000 4
               58             0.000 000 000 0           0.000 000 000 0
               59             0.000 000 000 0          -0.000 000 000 0
               60             0.000 000 000 0          -0.000 000 000 0
               61             0.000 000 000 0           0.000 000 000 3
               62             0.000 000 000 0          -0.000 000 000 0
               63             0.000 000 000 0           0.000 000 000 0
               64             0.000 000 000 0          -0.000 000 000 0
               65             0.000 000 000 0           0.000 000 000 0
               66             0.000 000 000 0           0.000 000 000 0
               67             0.000 000 000 0           0.000 000 000 0
               68             0.000 000 000 0           0.000 000 000 0
               69             0.000 000 000 0           0.000 000 000 0
               70             0.000 000 000 0          -0.000 000 000 0
               71             0.000 000 000 0           0.000 000 000 0
               72             0.000 000 000 0          -0.000 000 000 0
               73             0.000 000 000 0          -0.000 000 002 2
               74             0.000 000 000 0           0.000 000 000 0
               75             0.000 000 000 0          -0.000 000 000 0
               76             0.000 000 000 0           0.000 000 000 0
               77             0.000 000 000 0          -0.000 000 000 7
               78             0.000 000 000 0          -0.000 000 000 0
               79             0.000 000 000 0          -0.000 000 000 0
               80             0.000 000 000 0           0.000 000 000 0
               81             0.000 000 000 0          -0.000 000 000 5
        9       1            -6.488 294 193 5           3.293 905 625 3
                2             0.000 000 000 0          -0.000 000 000 0
                3             0.000 000 000 0          -0.000 000 000 0
                4             0.000 000 000 0           0.000 000 000 0
                5             0.000 000 000 0          -0.000 000 000 0
                6             0.000 000 000 0          -0.000 000 000 0
                7             0.000 047 084 9          -0.000 080 682 0
                8             0.000 000 000 0          -0.000 000 000 0
                9             0.000 000 000 0          -0.000 000 000 0
               10             0.000 000 000 0          -0.000 000 000 0
               11             0.000 000 000 0           0.000 000 000 0
               12             0.000 000 000 0          -0.000 000 000 0
               13             0.000 000 000 0          -0.000 000 000 0
               14             0.000 000 000 0          -0.000 000 000 0
               15             0.000 000 000 0          -0.000 000 000 0
               16             0.000 000 000 0           0.000 000 000 0
               17             0.000 000 000 0           0.000 000 000 0
               18             0.000 000 000 0          -0.000 000 000 0
               19             0.000 000 000 0           0.000 000 000 0
               20             0.000 000 000 0          -0.000 000 000 0
               21             0.000 041 740 2          -0.000 540 187 7
               22             0.000 000 000 0          -0.000 000 000 0
               23             0.000 000 000 0           0.000 000 000 0
               24             0.000 000 000 0          -0.000 000 000 0
               25             0.000 031 117 8          -0.000 427 336 7
               26             0.000 000 000 0          -0.000 000 000 0
               27             0.000 000 000 0           0.000 000 000 0
               28             0.000 000 000 0          -0.000 000 000 0
               29             0.000 000 000 0           0.000 000 000 0
               30             0.000 000 000 0           0.000 000 000 0
               31             0.000 000 000 0          -0.000 000 000 0
               32             0.000 000 000 0           0.000 000 000 0
               33             0.000 000 000 0          -0.000 000 000 0
               34             0.000 000 000 0          -0.000 000 000 0
               35             0.000 000 000 0          -0.000 000 000 0
               36             0.000 000 000 0           0.000 000 000 0
               37             0.000 000 000 0           0.000 000 000 0
               38             0.000 000 000 0          -0.000 000 000 0
               39             0.000 000 000 0           0.000 000 000 0
               40             0.000 000 000 0           0.000 000 000 0
               41             0.000 000 000 0           0.000 000 000 0
               42             0.000 000 000 0           0.000 000 000 0
               43             0.000 000 023 7          -0.000 000 433 3
               44             0.000 000 000 0           0.000 000 000 0
               45             0.000 000 000 0           0.000 000 000 0
               46             0.000 000 000 0           0.000 000 000 0
               47             0.000 000 379 9          -0.000 007 968 5
               48             0.000 000 000 0          -0.000 000 000 0
               49             0.000 000 000 0          -0.000 000 000 0
               50             0.000 000 000 0          -0.000 000 000 0
               51             0.000 000 000 0           0.000 000 000 0
               52             0.000 000 000 0          -0.000 000 000 0
               53             0.000 000 000 0           0.000 000 000 0
               54             0.000 000 000 0          -0.000 000 000 0
               55             0.000 000 000 0           0.000 000 000 0
               56             0.000 000 000 0           0.000 000 000 0
               57             0.000 000 000 0          -0.000 000 000 0
               58             0.000 000 000 0           0.000 000 000 0
               59             0.000 000 000 0          -0.000 000 000 0
               60             0.000 000 000 0          -0.000 000 000 0
               61             0.000 000 000 0          -0.000 000 000 0
               62             0.000 000 000 0          -0.000 000 000 0
               63             0.000 000 000 0          -0.000 000 000 0
               64             0.000 000 000 0          -0.000 000 000 0
               65             0.000 000 000 0           0.000 000 000 0
               66             0.000 000 000 0          -0.000 000 000 0
               67             0.000 000 000 0           0.000 000 000 0
               68             0.000 000 000 0          -0.000 000 000 0
               69             0.000 000 000 0           0.000 000 000 0
               70             0.000 000 000 0          -0.000 000 000 0
               71             0.000 000 000 0          -0.000 000 000 0
               72             0.000 000 000 0          -0.000 000 000 0
               73             0.000 000 018 4          -0.000 000 502 0
               74             0.000 000 000 0          -0.000 000 000 0
               75             0.000 000 000 0           0.000 000 000 0
               76             0.000 000 000 0          -0.000 000 000 0
               77             0.000 000 006 9          -0.000 000 184 2
               78             0.000 000 000 0          -0.000 000 000 0
               79             0.000 000 000 0          -0.000 000 000 0
               80             0.000 000 000 0          -0.000 000 000 0
               81             0.000 000 019 4          -0.000 000 446 7
    Total                            internal                  external
              j=1 :        -937.248 332 190 8         137.994 043 980 7
              j>1 :           0.008 747 525 0          -0.010 281 356 2
    Total
              j=1 :        -799.254 288 210 1
              j>1 :          -0.001 533 831 2

    Total         :        -799.255 822 041 3

 Integral of Ion-core * Vc / 2
     Type         :                  internal                  external
        1         :        -343.127 561 432 8         -25.932 945 111 0
        2         :        -343.127 561 623 4         -25.932 944 936 9
        3         :        -343.874 349 406 7         -25.173 133 651 5
        4         :        -342.756 755 711 1         -26.304 863 299 8
        5         :        -343.874 349 406 7         -25.173 133 651 5
        6         :        -342.756 755 711 1         -26.304 863 299 8
        7         :          -2.938 249 372 4          -5.236 095 905 3
        8         :          -2.938 249 327 0          -5.236 095 913 7
        9         :         -12.311 597 782 8          -4.965 750 354 0
                                     internal                  external
    Total         :      -2,077.705 429 774 3        -170.259 826 123 8

    Total         :      -2,247.965 255 898 1

 MT exchange and correlation
     Type       j
        1       1 :        -105.930 503 067 4
                2 :          -0.000 000 000 0
                3 :          -0.000 080 781 5
                4 :          -0.000 000 000 0
                5 :          -0.000 000 000 0
                6 :          -0.000 000 000 0
                7 :          -0.000 304 610 9
                8 :          -0.000 000 000 0
                9 :          -0.000 000 000 0
               10 :          -0.000 000 000 0
               11 :          -0.000 000 000 0
               12 :          -0.000 000 000 0
               13 :          -0.001 040 062 4
               14 :          -0.000 000 000 0
               15 :          -0.000 000 000 0
               16 :          -0.000 000 000 0
               17 :          -0.000 000 000 0
               18 :          -0.000 000 000 0
               19 :          -0.000 000 000 0
               20 :          -0.000 000 000 0
               21 :          -0.000 076 120 4
               22 :          -0.000 000 000 0
               23 :          -0.000 000 000 0
               24 :          -0.000 000 000 0
               25 :          -0.000 244 110 1
               26 :          -0.000 000 000 0
               27 :          -0.000 000 000 0
               28 :          -0.000 000 000 0
               29 :          -0.000 000 000 0
               30 :          -0.000 000 000 0
               31 :          -0.000 052 074 4
               32 :          -0.000 000 000 0
               33 :          -0.000 000 000 0
               34 :          -0.000 000 000 0
               35 :          -0.000 000 640 3
               36 :          -0.000 000 000 0
               37 :          -0.000 000 000 0
               38 :          -0.000 000 000 0
               39 :          -0.000 000 000 0
               40 :          -0.000 000 000 0
               41 :          -0.000 000 000 0
               42 :          -0.000 000 000 0
               43 :          -0.000 008 222 3
               44 :          -0.000 000 000 0
               45 :          -0.000 000 000 0
               46 :          -0.000 000 000 0
               47 :          -0.000 004 470 0
               48 :          -0.000 000 000 0
               49 :          -0.000 000 000 0
               50 :          -0.000 000 000 0
               51 :          -0.000 000 000 0
               52 :          -0.000 000 000 0
               53 :          -0.000 000 000 0
               54 :          -0.000 000 000 0
               55 :          -0.000 000 000 0
               56 :          -0.000 000 000 0
               57 :          -0.000 000 913 1
               58 :          -0.000 000 000 0
               59 :          -0.000 000 000 0
               60 :          -0.000 000 000 0
               61 :          -0.000 000 000 0
               62 :          -0.000 000 000 0
               63 :          -0.000 000 000 0
               64 :          -0.000 000 000 0
               65 :           0.000 000 000 0
               66 :          -0.000 000 000 0
               67 :          -0.000 000 000 0
               68 :          -0.000 000 000 0
               69 :          -0.000 000 000 0
               70 :          -0.000 000 000 0
               71 :          -0.000 000 000 0
               72 :          -0.000 000 000 0
               73 :          -0.000 000 183 0
               74 :           0.000 000 000 0
               75 :           0.000 000 000 0
               76 :          -0.000 000 000 0
               77 :           0.000 000 000 1
               78 :          -0.000 000 000 0
               79 :          -0.000 000 000 0
               80 :          -0.000 000 000 0
               81 :          -0.000 000 006 8
        2       1 :        -105.930 503 077 3
                2 :          -0.000 000 000 0
                3 :          -0.000 080 781 7
                4 :          -0.000 000 000 0
                5 :          -0.000 000 000 0
                6 :          -0.000 000 000 0
                7 :          -0.000 304 611 3
                8 :          -0.000 000 000 0
                9 :          -0.000 000 000 0
               10 :          -0.000 000 000 0
               11 :          -0.000 000 000 0
               12 :          -0.000 000 000 0
               13 :          -0.001 040 063 0
               14 :          -0.000 000 000 0
               15 :          -0.000 000 000 0
               16 :          -0.000 000 000 0
               17 :          -0.000 000 000 0
               18 :          -0.000 000 000 0
               19 :          -0.000 000 000 0
               20 :          -0.000 000 000 0
               21 :          -0.000 076 120 4
               22 :          -0.000 000 000 0
               23 :          -0.000 000 000 0
               24 :          -0.000 000 000 0
               25 :          -0.000 244 110 1
               26 :          -0.000 000 000 0
               27 :          -0.000 000 000 0
               28 :          -0.000 000 000 0
               29 :          -0.000 000 000 0
               30 :          -0.000 000 000 0
               31 :          -0.000 052 074 5
               32 :          -0.000 000 000 0
               33 :          -0.000 000 000 0
               34 :          -0.000 000 000 0
               35 :          -0.000 000 640 3
               36 :          -0.000 000 000 0
               37 :          -0.000 000 000 0
               38 :          -0.000 000 000 0
               39 :          -0.000 000 000 0
               40 :          -0.000 000 000 0
               41 :          -0.000 000 000 0
               42 :          -0.000 000 000 0
               43 :          -0.000 008 222 3
               44 :          -0.000 000 000 0
               45 :          -0.000 000 000 0
               46 :          -0.000 000 000 0
               47 :          -0.000 004 470 0
               48 :          -0.000 000 000 0
               49 :          -0.000 000 000 0
               50 :          -0.000 000 000 0
               51 :          -0.000 000 000 0
               52 :          -0.000 000 000 0
               53 :          -0.000 000 000 0
               54 :          -0.000 000 000 0
               55 :          -0.000 000 000 0
               56 :          -0.000 000 000 0
               57 :          -0.000 000 913 1
               58 :          -0.000 000 000 0
               59 :          -0.000 000 000 0
               60 :          -0.000 000 000 0
               61 :          -0.000 000 000 0
               62 :          -0.000 000 000 0
               63 :          -0.000 000 000 0
               64 :          -0.000 000 000 0
               65 :           0.000 000 000 0
               66 :          -0.000 000 000 0
               67 :          -0.000 000 000 0
               68 :          -0.000 000 000 0
               69 :          -0.000 000 000 0
               70 :          -0.000 000 000 0
               71 :          -0.000 000 000 0
               72 :          -0.000 000 000 0
               73 :          -0.000 000 183 0
               74 :          -0.000 000 000 0
               75 :           0.000 000 000 0
               76 :          -0.000 000 000 0
               77 :           0.000 000 000 1
               78 :          -0.000 000 000 0
               79 :          -0.000 000 000 0
               80 :          -0.000 000 000 0
               81 :          -0.000 000 006 8
        3       1 :        -105.973 503 665 2
                2 :          -0.000 000 000 0
                3 :          -0.000 000 000 0
                4 :          -0.000 000 000 0
                5 :          -0.000 000 000 0
                6 :          -0.000 000 000 0
                7 :          -0.000 520 777 8
                8 :          -0.000 000 000 0
                9 :          -0.001 134 844 0
               10 :          -0.000 000 000 0
               11 :          -0.000 000 000 0
               12 :          -0.000 000 000 0
               13 :          -0.000 000 000 0
               14 :           0.000 000 000 0
               15 :          -0.000 000 000 0
               16 :          -0.000 000 000 0
               17 :          -0.000 000 000 0
               18 :          -0.000 000 000 0
               19 :          -0.000 000 000 0
               20 :          -0.000 000 000 0
               21 :          -0.000 061 290 0
               22 :          -0.000 000 000 0
               23 :          -0.000 482 227 2
               24 :          -0.000 000 000 0
               25 :          -0.001 417 213 1
               26 :          -0.000 000 000 0
               27 :          -0.000 000 000 0
               28 :          -0.000 000 000 0
               29 :          -0.000 000 000 0
               30 :          -0.000 000 000 0
               31 :          -0.000 000 000 0
               32 :           0.000 000 000 0
               33 :          -0.000 000 000 0
               34 :           0.000 000 000 0
               35 :          -0.000 000 000 0
               36 :           0.000 000 000 0
               37 :          -0.000 000 000 0
               38 :          -0.000 000 000 0
               39 :          -0.000 000 000 0
               40 :          -0.000 000 000 0
               41 :          -0.000 000 000 0
               42 :          -0.000 000 000 0
               43 :          -0.000 008 344 8
               44 :          -0.000 000 000 0
               45 :          -0.000 010 673 7
               46 :          -0.000 000 000 0
               47 :          -0.000 001 512 3
               48 :          -0.000 000 000 0
               49 :          -0.000 021 244 4
               50 :          -0.000 000 000 0
               51 :          -0.000 000 000 0
               52 :          -0.000 000 000 0
               53 :          -0.000 000 000 0
               54 :          -0.000 000 000 0
               55 :          -0.000 000 000 0
               56 :          -0.000 000 000 0
               57 :          -0.000 000 000 0
               58 :          -0.000 000 000 0
               59 :          -0.000 000 000 0
               60 :           0.000 000 000 0
               61 :          -0.000 000 000 0
               62 :           0.000 000 000 0
               63 :          -0.000 000 000 0
               64 :          -0.000 000 000 0
               65 :          -0.000 000 000 0
               66 :          -0.000 000 000 0
               67 :          -0.000 000 000 0
               68 :          -0.000 000 000 0
               69 :          -0.000 000 000 0
               70 :          -0.000 000 000 0
               71 :          -0.000 000 000 0
               72 :          -0.000 000 000 0
               73 :          -0.000 000 059 0
               74 :          -0.000 000 000 0
               75 :          -0.000 000 069 4
               76 :          -0.000 000 000 0
               77 :          -0.000 000 081 8
               78 :          -0.000 000 000 0
               79 :          -0.000 000 082 9
               80 :          -0.000 000 000 0
               81 :          -0.000 000 147 5
        4       1 :        -105.918 109 544 8
                2 :          -0.000 000 000 0
                3 :          -0.000 000 000 0
                4 :          -0.000 000 000 0
                5 :          -0.000 000 000 0
                6 :          -0.000 000 000 0
                7 :          -0.000 011 615 9
                8 :          -0.000 000 000 0
                9 :          -0.000 039 541 8
               10 :          -0.000 000 000 0
               11 :          -0.000 000 000 0
               12 :          -0.000 000 000 0
               13 :          -0.000 000 000 0
               14 :          -0.000 000 000 0
               15 :          -0.000 000 000 0
               16 :          -0.000 000 000 0
               17 :          -0.000 000 000 0
               18 :          -0.000 000 000 0
               19 :          -0.000 000 000 0
               20 :          -0.000 000 000 0
               21 :          -0.000 051 503 9
               22 :          -0.000 000 000 0
               23 :          -0.000 526 948 0
               24 :          -0.000 000 000 0
               25 :          -0.000 021 186 1
               26 :          -0.000 000 000 0
               27 :          -0.000 000 000 0
               28 :          -0.000 000 000 0
               29 :          -0.000 000 000 0
               30 :          -0.000 000 000 0
               31 :          -0.000 000 000 0
               32 :          -0.000 000 000 0
               33 :          -0.000 000 000 0
               34 :          -0.000 000 000 0
               35 :          -0.000 000 000 0
               36 :           0.000 000 000 0
               37 :          -0.000 000 000 0
               38 :          -0.000 000 000 0
               39 :          -0.000 000 000 0
               40 :          -0.000 000 000 0
               41 :          -0.000 000 000 0
               42 :          -0.000 000 000 0
               43 :          -0.000 000 119 9
               44 :          -0.000 000 000 0
               45 :          -0.000 000 025 7
               46 :          -0.000 000 000 0
               47 :          -0.000 003 948 4
               48 :          -0.000 000 000 0
               49 :          -0.000 000 045 7
               50 :          -0.000 000 000 0
               51 :          -0.000 000 000 0
               52 :          -0.000 000 000 0
               53 :          -0.000 000 000 0
               54 :          -0.000 000 000 0
               55 :          -0.000 000 000 0
               56 :          -0.000 000 000 0
               57 :          -0.000 000 000 0
               58 :          -0.000 000 000 0
               59 :          -0.000 000 000 0
               60 :          -0.000 000 000 0
               61 :           0.000 000 000 0
               62 :          -0.000 000 000 0
               63 :          -0.000 000 000 0
               64 :          -0.000 000 000 0
               65 :           0.000 000 000 0
               66 :          -0.000 000 000 0
               67 :          -0.000 000 000 0
               68 :          -0.000 000 000 0
               69 :           0.000 000 000 0
               70 :          -0.000 000 000 0
               71 :          -0.000 000 000 0
               72 :          -0.000 000 000 0
               73 :          -0.000 000 020 5
               74 :          -0.000 000 000 0
               75 :          -0.000 000 010 0
               76 :          -0.000 000 000 0
               77 :          -0.000 000 004 8
               78 :          -0.000 000 000 0
               79 :           0.000 000 001 6
               80 :          -0.000 000 000 0
               81 :          -0.000 000 004 0
        5       1 :        -105.973 503 665 2
                2 :          -0.000 000 000 0
                3 :          -0.000 000 000 0
                4 :           0.000 000 000 0
                5 :          -0.000 000 000 0
                6 :          -0.000 000 000 0
                7 :          -0.000 520 777 8
                8 :          -0.000 000 000 0
                9 :          -0.001 134 844 0
               10 :          -0.000 000 000 0
               11 :          -0.000 000 000 0
               12 :          -0.000 000 000 0
               13 :          -0.000 000 000 0
               14 :           0.000 000 000 0
               15 :          -0.000 000 000 0
               16 :          -0.000 000 000 0
               17 :          -0.000 000 000 0
               18 :          -0.000 000 000 0
               19 :          -0.000 000 000 0
               20 :          -0.000 000 000 0
               21 :          -0.000 061 290 0
               22 :          -0.000 000 000 0
               23 :          -0.000 482 227 2
               24 :          -0.000 000 000 0
               25 :          -0.001 417 213 1
               26 :          -0.000 000 000 0
               27 :          -0.000 000 000 0
               28 :          -0.000 000 000 0
               29 :          -0.000 000 000 0
               30 :          -0.000 000 000 0
               31 :          -0.000 000 000 0
               32 :           0.000 000 000 0
               33 :          -0.000 000 000 0
               34 :          -0.000 000 000 0
               35 :          -0.000 000 000 0
               36 :          -0.000 000 000 0
               37 :          -0.000 000 000 0
               38 :          -0.000 000 000 0
               39 :          -0.000 000 000 0
               40 :          -0.000 000 000 0
               41 :          -0.000 000 000 0
               42 :          -0.000 000 000 0
               43 :          -0.000 008 344 8
               44 :          -0.000 000 000 0
               45 :          -0.000 010 673 7
               46 :          -0.000 000 000 0
               47 :          -0.000 001 512 3
               48 :          -0.000 000 000 0
               49 :          -0.000 021 244 4
               50 :          -0.000 000 000 0
               51 :          -0.000 000 000 0
               52 :          -0.000 000 000 0
               53 :          -0.000 000 000 0
               54 :          -0.000 000 000 0
               55 :          -0.000 000 000 0
               56 :          -0.000 000 000 0
               57 :          -0.000 000 000 0
               58 :           0.000 000 000 0
               59 :          -0.000 000 000 0
               60 :          -0.000 000 000 0
               61 :          -0.000 000 000 0
               62 :          -0.000 000 000 0
               63 :          -0.000 000 000 0
               64 :           0.000 000 000 0
               65 :          -0.000 000 000 0
               66 :          -0.000 000 000 0
               67 :          -0.000 000 000 0
               68 :          -0.000 000 000 0
               69 :          -0.000 000 000 0
               70 :          -0.000 000 000 0
               71 :          -0.000 000 000 0
               72 :          -0.000 000 000 0
               73 :          -0.000 000 059 0
               74 :          -0.000 000 000 0
               75 :          -0.000 000 069 4
               76 :          -0.000 000 000 0
               77 :          -0.000 000 081 8
               78 :          -0.000 000 000 0
               79 :          -0.000 000 082 9
               80 :          -0.000 000 000 0
               81 :          -0.000 000 147 5
        6       1 :        -105.918 109 544 8
                2 :          -0.000 000 000 0
                3 :          -0.000 000 000 0
                4 :          -0.000 000 000 0
                5 :          -0.000 000 000 0
                6 :          -0.000 000 000 0
                7 :          -0.000 011 615 9
                8 :          -0.000 000 000 0
                9 :          -0.000 039 541 8
               10 :          -0.000 000 000 0
               11 :          -0.000 000 000 0
               12 :          -0.000 000 000 0
               13 :          -0.000 000 000 0
               14 :          -0.000 000 000 0
               15 :          -0.000 000 000 0
               16 :          -0.000 000 000 0
               17 :          -0.000 000 000 0
               18 :          -0.000 000 000 0
               19 :          -0.000 000 000 0
               20 :          -0.000 000 000 0
               21 :          -0.000 051 503 9
               22 :          -0.000 000 000 0
               23 :          -0.000 526 948 0
               24 :          -0.000 000 000 0
               25 :          -0.000 021 186 1
               26 :          -0.000 000 000 0
               27 :          -0.000 000 000 0
               28 :          -0.000 000 000 0
               29 :          -0.000 000 000 0
               30 :          -0.000 000 000 0
               31 :          -0.000 000 000 0
               32 :          -0.000 000 000 0
               33 :          -0.000 000 000 0
               34 :          -0.000 000 000 0
               35 :          -0.000 000 000 0
               36 :          -0.000 000 000 0
               37 :          -0.000 000 000 0
               38 :          -0.000 000 000 0
               39 :          -0.000 000 000 0
               40 :          -0.000 000 000 0
               41 :          -0.000 000 000 0
               42 :          -0.000 000 000 0
               43 :          -0.000 000 119 9
               44 :          -0.000 000 000 0
               45 :          -0.000 000 025 7
               46 :          -0.000 000 000 0
               47 :          -0.000 003 948 4
               48 :          -0.000 000 000 0
               49 :          -0.000 000 045 7
               50 :          -0.000 000 000 0
               51 :          -0.000 000 000 0
               52 :          -0.000 000 000 0
               53 :          -0.000 000 000 0
               54 :          -0.000 000 000 0
               55 :          -0.000 000 000 0
               56 :          -0.000 000 000 0
               57 :           0.000 000 000 0
               58 :          -0.000 000 000 0
               59 :          -0.000 000 000 0
               60 :          -0.000 000 000 0
               61 :          -0.000 000 000 0
               62 :          -0.000 000 000 0
               63 :          -0.000 000 000 0
               64 :          -0.000 000 000 0
               65 :           0.000 000 000 0
               66 :          -0.000 000 000 0
               67 :          -0.000 000 000 0
               68 :          -0.000 000 000 0
               69 :           0.000 000 000 0
               70 :          -0.000 000 000 0
               71 :          -0.000 000 000 0
               72 :          -0.000 000 000 0
               73 :          -0.000 000 020 5
               74 :          -0.000 000 000 0
               75 :          -0.000 000 010 0
               76 :          -0.000 000 000 0
               77 :          -0.000 000 004 8
               78 :          -0.000 000 000 0
               79 :           0.000 000 001 6
               80 :          -0.000 000 000 0
               81 :          -0.000 000 004 0
        7       1 :         -34.034 646 659 0
                2 :          -0.000 000 000 0
                3 :          -0.000 005 034 9
                4 :          -0.000 000 000 0
                5 :          -0.000 000 000 0
                6 :          -0.000 000 000 0
                7 :          -0.000 000 861 5
                8 :          -0.000 000 000 0
                9 :          -0.000 000 000 0
               10 :          -0.000 000 000 0
               11 :          -0.000 000 000 0
               12 :          -0.000 000 000 0
               13 :          -0.000 004 346 1
               14 :          -0.000 000 000 0
               15 :          -0.000 000 000 0
               16 :          -0.000 000 000 0
               17 :          -0.000 000 000 0
               18 :          -0.000 000 000 0
               19 :          -0.000 000 000 0
               20 :          -0.000 000 000 0
               21 :          -0.000 006 964 5
               22 :          -0.000 000 000 0
               23 :          -0.000 000 000 0
               24 :          -0.000 000 000 0
               25 :          -0.000 001 129 8
               26 :          -0.000 000 000 0
               27 :          -0.000 000 000 0
               28 :          -0.000 000 000 0
               29 :          -0.000 000 000 0
               30 :          -0.000 000 000 0
               31 :          -0.000 000 100 9
               32 :          -0.000 000 000 0
               33 :           0.000 000 000 0
               34 :          -0.000 000 000 0
               35 :          -0.000 000 284 8
               36 :          -0.000 000 000 0
               37 :          -0.000 000 000 0
               38 :          -0.000 000 000 0
               39 :          -0.000 000 000 0
               40 :          -0.000 000 000 0
               41 :          -0.000 000 000 0
               42 :          -0.000 000 000 0
               43 :          -0.000 000 017 4
               44 :          -0.000 000 000 0
               45 :          -0.000 000 000 0
               46 :          -0.000 000 000 0
               47 :          -0.000 000 283 4
               48 :          -0.000 000 000 0
               49 :           0.000 000 000 0
               50 :          -0.000 000 000 0
               51 :          -0.000 000 000 0
               52 :          -0.000 000 000 0
               53 :          -0.000 000 000 0
               54 :          -0.000 000 000 0
               55 :          -0.000 000 000 0
               56 :          -0.000 000 000 0
               57 :          -0.000 000 000 7
               58 :          -0.000 000 000 0
               59 :           0.000 000 000 0
               60 :          -0.000 000 000 0
               61 :          -0.000 000 000 0
               62 :          -0.000 000 000 0
               63 :          -0.000 000 000 0
               64 :          -0.000 000 000 0
               65 :          -0.000 000 000 0
               66 :          -0.000 000 000 0
               67 :          -0.000 000 000 0
               68 :          -0.000 000 000 0
               69 :          -0.000 000 000 0
               70 :          -0.000 000 000 0
               71 :          -0.000 000 000 0
               72 :          -0.000 000 000 0
               73 :          -0.000 000 000 5
               74 :          -0.000 000 000 0
               75 :          -0.000 000 000 0
               76 :          -0.000 000 000 0
               77 :          -0.000 000 000 2
               78 :           0.000 000 000 0
               79 :          -0.000 000 000 0
               80 :          -0.000 000 000 0
               81 :          -0.000 000 000 0
        8       1 :         -34.034 646 649 4
                2 :          -0.000 000 000 0
                3 :          -0.000 005 034 9
                4 :          -0.000 000 000 0
                5 :          -0.000 000 000 0
                6 :          -0.000 000 000 0
                7 :          -0.000 000 861 5
                8 :          -0.000 000 000 0
                9 :          -0.000 000 000 0
               10 :          -0.000 000 000 0
               11 :          -0.000 000 000 0
               12 :          -0.000 000 000 0
               13 :          -0.000 004 346 1
               14 :          -0.000 000 000 0
               15 :          -0.000 000 000 0
               16 :          -0.000 000 000 0
               17 :          -0.000 000 000 0
               18 :          -0.000 000 000 0
               19 :          -0.000 000 000 0
               20 :          -0.000 000 000 0
               21 :          -0.000 006 964 5
               22 :          -0.000 000 000 0
               23 :          -0.000 000 000 0
               24 :          -0.000 000 000 0
               25 :          -0.000 001 129 8
               26 :          -0.000 000 000 0
               27 :          -0.000 000 000 0
               28 :          -0.000 000 000 0
               29 :          -0.000 000 000 0
               30 :          -0.000 000 000 0
               31 :          -0.000 000 100 9
               32 :          -0.000 000 000 0
               33 :           0.000 000 000 0
               34 :          -0.000 000 000 0
               35 :          -0.000 000 284 8
               36 :          -0.000 000 000 0
               37 :          -0.000 000 000 0
               38 :          -0.000 000 000 0
               39 :          -0.000 000 000 0
               40 :          -0.000 000 000 0
               41 :          -0.000 000 000 0
               42 :          -0.000 000 000 0
               43 :          -0.000 000 017 4
               44 :          -0.000 000 000 0
               45 :          -0.000 000 000 0
               46 :          -0.000 000 000 0
               47 :          -0.000 000 283 4
               48 :          -0.000 000 000 0
               49 :           0.000 000 000 0
               50 :          -0.000 000 000 0
               51 :          -0.000 000 000 0
               52 :          -0.000 000 000 0
               53 :          -0.000 000 000 0
               54 :          -0.000 000 000 0
               55 :          -0.000 000 000 0
               56 :          -0.000 000 000 0
               57 :          -0.000 000 000 7
               58 :          -0.000 000 000 0
               59 :           0.000 000 000 0
               60 :          -0.000 000 000 0
               61 :          -0.000 000 000 0
               62 :          -0.000 000 000 0
               63 :          -0.000 000 000 0
               64 :          -0.000 000 000 0
               65 :          -0.000 000 000 0
               66 :          -0.000 000 000 0
               67 :          -0.000 000 000 0
               68 :          -0.000 000 000 0
               69 :          -0.000 000 000 0
               70 :          -0.000 000 000 0
               71 :          -0.000 000 000 0
               72 :          -0.000 000 000 0
               73 :          -0.000 000 000 5
               74 :          -0.000 000 000 0
               75 :          -0.000 000 000 0
               76 :          -0.000 000 000 0
               77 :          -0.000 000 000 2
               78 :           0.000 000 000 0
               79 :          -0.000 000 000 0
               80 :          -0.000 000 000 0
               81 :          -0.000 000 000 0
        9       1 :          -9.234 139 423 1
                2 :          -0.000 000 000 0
                3 :          -0.000 000 000 0
                4 :          -0.000 000 000 0
                5 :          -0.000 000 000 0
                6 :          -0.000 000 000 0
                7 :          -0.000 052 187 8
                8 :          -0.000 000 000 0
                9 :          -0.000 000 000 0
               10 :          -0.000 000 000 0
               11 :          -0.000 000 000 0
               12 :          -0.000 000 000 0
               13 :          -0.000 000 000 0
               14 :           0.000 000 000 0
               15 :          -0.000 000 000 0
               16 :          -0.000 000 000 0
               17 :          -0.000 000 000 0
               18 :          -0.000 000 000 0
               19 :          -0.000 000 000 0
               20 :          -0.000 000 000 0
               21 :          -0.000 153 906 8
               22 :          -0.000 000 000 0
               23 :          -0.000 000 000 0
               24 :          -0.000 000 000 0
               25 :          -0.000 115 165 1
               26 :          -0.000 000 000 0
               27 :          -0.000 000 000 0
               28 :          -0.000 000 000 0
               29 :          -0.000 000 000 0
               30 :          -0.000 000 000 0
               31 :          -0.000 000 000 0
               32 :           0.000 000 000 0
               33 :          -0.000 000 000 0
               34 :          -0.000 000 000 0
               35 :          -0.000 000 000 0
               36 :          -0.000 000 000 0
               37 :          -0.000 000 000 0
               38 :          -0.000 000 000 0
               39 :          -0.000 000 000 0
               40 :          -0.000 000 000 0
               41 :          -0.000 000 000 0
               42 :          -0.000 000 000 0
               43 :          -0.000 000 179 8
               44 :          -0.000 000 000 0
               45 :          -0.000 000 000 0
               46 :          -0.000 000 000 0
               47 :          -0.000 002 617 9
               48 :          -0.000 000 000 0
               49 :          -0.000 000 000 0
               50 :          -0.000 000 000 0
               51 :          -0.000 000 000 0
               52 :          -0.000 000 000 0
               53 :          -0.000 000 000 0
               54 :          -0.000 000 000 0
               55 :           0.000 000 000 0
               56 :          -0.000 000 000 0
               57 :          -0.000 000 000 0
               58 :           0.000 000 000 0
               59 :          -0.000 000 000 0
               60 :          -0.000 000 000 0
               61 :          -0.000 000 000 0
               62 :           0.000 000 000 0
               63 :          -0.000 000 000 0
               64 :          -0.000 000 000 0
               65 :          -0.000 000 000 0
               66 :           0.000 000 000 0
               67 :          -0.000 000 000 0
               68 :          -0.000 000 000 0
               69 :           0.000 000 000 0
               70 :          -0.000 000 000 0
               71 :           0.000 000 000 0
               72 :          -0.000 000 000 0
               73 :          -0.000 000 178 1
               74 :          -0.000 000 000 0
               75 :          -0.000 000 000 0
               76 :          -0.000 000 000 0
               77 :          -0.000 000 067 4
               78 :          -0.000 000 000 0
               79 :          -0.000 000 000 0
               80 :           0.000 000 000 0
               81 :          -0.000 000 195 5

    Total     j>1 :          -0.012 614 026 9
 Delta e(l,t,n)
  2 Energy Set(s), LMAX =  8
  Type   Set
     1     1
 ebar-el     -0.00149     -0.56511     -0.05612      0.43136      0.23120
              0.25666      0.10147      0.04569      0.01290
 emix-el      0.00000      0.00000     -0.05731      0.00000      0.00000
              0.00000      0.00000      0.00000      0.00000
     1     2
 ebar-el      0.01489      0.01557     -1.77889     -2.19825     -1.07599
             -0.63402     -0.01207      0.07403      0.03801
 emix-el      0.01503      0.01620      0.00000      0.00000      0.00000
              0.00000      0.00000      0.00000      0.00000
     2     1
 ebar-el     -0.00149     -0.56511     -0.05612      0.43136      0.23119
              0.25666      0.10147      0.04569      0.01290
 emix-el      0.00000      0.00000     -0.05731      0.00000      0.00000
              0.00000      0.00000      0.00000      0.00000
     2     2
 ebar-el      0.01489      0.01557     -1.77889     -2.19825     -1.07599
             -0.63402     -0.01207      0.07403      0.03801
 emix-el      0.01503      0.01620      0.00000      0.00000      0.00000
              0.00000      0.00000      0.00000      0.00000
     3     1
 ebar-el     -0.00136     -0.65474     -0.03333      0.19406      0.09483
              0.10511      0.04020      0.01967      0.00445
 emix-el      0.00000      0.00000     -0.03402      0.00000      0.00000
              0.00000      0.00000      0.00000      0.00000
     3     2
 ebar-el      0.01211      0.01669     -2.00499     -2.51642     -1.69882
             -1.36141     -0.38928     -0.00432      0.08714
 emix-el      0.01225      0.01777      0.00000      0.00000      0.00000
              0.00000      0.00000      0.00000      0.00000
     4     1
 ebar-el     -0.00159     -0.60607     -0.06035      0.79465      0.54967
              0.68883      0.30702      0.13847      0.04639
 emix-el      0.00000      0.00000     -0.06149      0.00000      0.00000
              0.00000      0.00000      0.00000      0.00000
     4     2
 ebar-el      0.01951      0.01745     -1.77498     -2.24348     -0.82411
             -0.72765     -0.02621      0.06961      0.03664
 emix-el      0.01964      0.01780      0.00000      0.00000      0.00000
              0.00000      0.00000      0.00000      0.00000
     5     1
 ebar-el     -0.00136     -0.65474     -0.03333      0.19406      0.09483
              0.10511      0.04020      0.01967      0.00445
 emix-el      0.00000      0.00000     -0.03402      0.00000      0.00000
              0.00000      0.00000      0.00000      0.00000
     5     2
 ebar-el      0.01211      0.01669     -2.00499     -2.51642     -1.69882
             -1.36141     -0.38928     -0.00432      0.08714
 emix-el      0.01225      0.01777      0.00000      0.00000      0.00000
              0.00000      0.00000      0.00000      0.00000
     6     1
 ebar-el     -0.00159     -0.60607     -0.06035      0.79465      0.54967
              0.68883      0.30702      0.13847      0.04639
 emix-el      0.00000      0.00000     -0.06149      0.00000      0.00000
              0.00000      0.00000      0.00000      0.00000
     6     2
 ebar-el      0.01951      0.01745     -1.77498     -2.24348     -0.82411
             -0.72765     -0.02621      0.06961      0.03664
 emix-el      0.01964      0.01780      0.00000      0.00000      0.00000
              0.00000      0.00000      0.00000      0.00000
     7     1
 ebar-el      0.14467      0.09253      0.14965      0.75762      1.08200
              0.80241      0.44034      0.19182      0.05679
 emix-el      0.00000      0.00000      0.00000      0.00000      0.00000
              0.00000      0.00000      0.00000      0.00000
     7     2
 ebar-el     -2.05465     -2.63206     -2.39583     -2.17478     -1.73334
             -1.16195     -0.24071      0.04581      0.06239
 emix-el      0.00000      0.00000      0.00000      0.00000      0.00000
              0.00000      0.00000      0.00000      0.00000
     8     1
 ebar-el      0.14467      0.09253      0.14965      0.75762      1.08200
              0.80241      0.44034      0.19182      0.05679
 emix-el      0.00000      0.00000      0.00000      0.00000      0.00000
              0.00000      0.00000      0.00000      0.00000
     8     2
 ebar-el     -2.05465     -2.63206     -2.39583     -2.17478     -1.73334
             -1.16195     -0.24071      0.04581      0.06239
 emix-el      0.00000      0.00000      0.00000      0.00000      0.00000
              0.00000      0.00000      0.00000      0.00000
     9     1
 ebar-el      0.04496      0.02183      0.19630      0.31717      0.15327
              0.05185      0.06221      0.10231      0.13845
 emix-el      0.00000      0.00000      0.00000      0.00000      0.00000
              0.00000      0.00000      0.00000      0.00000
     9     2
 ebar-el     -1.21470     -0.93858     -0.31517      0.04261      0.06918
              0.00822      0.00044     -0.00667     -0.01433
 emix-el      0.00000      0.00000      0.00000      0.00000      0.00000
              0.00000      0.00000      0.00000      0.00000
  ebar:
  .471555469  .053846540  .759567132  1.03065308  .825452324  .841787497  .700319648
  .635800066  .585592877
 -5.34927305 -2.89125998 -1.97253681 -2.49729582 -2.36451883 -2.64986758 -2.80610182
 -2.94007736 -3.04294072
  emix:
  .473047041  .618951934  .758373907  .599296611  .594257305  .585130003  .598848201
  .590111993  .572693284
 -5.34913785 -2.89063606 -.193646017 -.299046243 -1.28852693 -2.01584667 -2.79403618
 -3.01411093 -3.08095024

 Broydn:
    itr         fsq      length        ierr
      7  2.2334E-04      576763           0


 Time in conpot in minutes:

        Conv     Moments     Mad con      Pd exp    V(S) (2)   Ipot/V(S)
        0.00        0.00        0.00        0.00        0.00        0.01
         Ixc       MTpot        MTxc       NNlst        PlVN      CutMTp
        0.00        0.00        0.00        0.00        0.04        0.00
    O-I diff     Mix O-I
        0.00        0.00
 TIME: conpot:     21.450m in,      0.086m added,     21.536m total

 TIME: rspt:      0.004m in,     21.531m added,     21.536m total

 Cpulog for DIAGONAL:
             Total          Cholesky

            .72013            .12472

