 (i6, f12.0, f18.0, f8.3, i6)
   727  60.0000000  0.02500000000000  73.000     2
 (3e22.14)
  4.77240613108307e-05  4.97866979289711e-05  5.19384777930200e-05
  5.41832532367108e-05  5.65250430540545e-05  5.89680396908275e-05
  6.15166167466594e-05  6.41753368011279e-05  6.69489595778442e-05
  6.98424504611198e-05  7.28609893804826e-05  7.60099800787758e-05
  7.92950597806331e-05  8.27221092782804e-05  8.62972634531500e-05
  9.00269222514153e-05  9.39177621340649e-05  9.79767480204945e-05
  1.02211145749098e-04  1.06628535073975e-04  1.11236823225553e-04
  1.16044259052587e-04  1.21059447780768e-04  1.26291366400347e-04
  1.31749379727242e-04  1.37443257149098e-04  1.43383190100570e-04
  1.49579810288345e-04  1.56044208707791e-04  1.62787955472976e-04
  1.69823120513782e-04  1.77162295151677e-04  1.84818614622674e-04
  1.92805781558067e-04  2.01138090488999e-04  2.09830453402117e-04
  2.18898426401654e-04  2.28358237518729e-04  2.38226815725413e-04
  2.48521821193554e-04  2.59261676869398e-04  2.70465601395390e-04
  2.82153643472712e-04  2.94346717682888e-04  3.07066641876311e-04
  3.20336176156978e-04  3.34179063559081e-04  3.48620072472047e-04
  3.63685040900687e-04  3.79400922626156e-04  3.95795835369239e-04
  4.12899111013577e-04  4.30741348019191e-04  4.49354466062192e-04
  4.68771763068523e-04  4.89027974670725e-04  5.10159336254954e-04
  5.32203647665456e-04  5.55200340707671e-04  5.79190549551703e-04
  6.04217184182876e-04  6.30325006997867e-04  6.57560712729289e-04
  6.85973011776462e-04  7.15612717168326e-04  7.46532835233733e-04
  7.78788660206845e-04  8.12437872885216e-04  8.47540643560537e-04
  8.84159739345752e-04  9.22360636177523e-04  9.62211635570086e-04
  1.00378398647257e-03  1.04715201230322e-03  1.09239324350150e-03
  1.13958855574882e-03  1.18882231417523e-03  1.24018252371320e-03
  1.29376098600629e-03  1.34965346295434e-03  1.40795984741631e-03
  1.46878434114445e-03  1.53223564045051e-03  1.59842712980540e-03
  1.66747708378953e-03  1.73950887769822e-03  1.81465120723556e-03
  1.89303831759375e-03  1.97481024245378e-03  2.06011305313708e-03
  2.14909911861601e-03  2.24192737651053e-03  2.33876361588790e-03
  2.43978077207518e-03  2.54515923420557e-03  2.65508716591686e-03
  2.76976083985184e-03  2.88938498644697e-03  3.01417315777098e-03
  3.14434810683551e-03  3.28014218335869e-03  3.42179774623372e-03
  3.56956759396932e-03  3.72371541329778e-03  3.88451624720952e-03
  4.05225698290065e-03  4.22723686068804e-03  4.40976800464045e-03
  4.60017597601867e-03  4.79880035024377e-03  5.00599531876013e-03
  5.22213031634730e-03  5.44759067557391e-03  5.68277830892260e-03
  5.92811242028668e-03  6.18403024668714e-03  6.45098783184398e-03
  6.72946083249043e-03  7.01994535951053e-03  7.32295885441304e-03
  7.63904100377607e-03  7.96875469214642e-03  8.31268699593155e-03
  8.67145021935300e-03  9.04568297480668e-03  9.43605130876510e-03
  9.84324987625061e-03  1.02680031643897e-02  1.07110667689351e-02
  1.11732287241877e-02  1.16553108900313e-02  1.21581703974796e-02
  1.26827011557836e-02  1.32298354232730e-02  1.38005454450834e-02
  1.43958451598610e-02  1.50167919793617e-02  1.56644886424916e-02
  1.63400851490020e-02  1.70447807735681e-02  1.77798261662716e-02
  1.85465255408172e-02  1.93462389557286e-02  2.01803846914238e-02
  2.10504417278206e-02  2.19579523258553e-02  2.29045247183812e-02
  2.38918359132808e-02  2.49216346158953e-02  2.59957442722421e-02
  2.71160662422595e-02  2.82845831040534e-02  2.95033620982564e-02
  3.07745587156355e-02  3.21004204354099e-02  3.34832906193467e-02
  3.49256125693025e-02  3.64299337529582e-02  3.79989102074178e-02
  3.96353111240436e-02  4.13420236265911e-02  4.31220577457035e-02
  4.49785516017544e-02  4.69147768014167e-02  4.89341440592838e-02
  5.10402090500720e-02  5.32366785059863e-02  5.55274165617201e-02
  5.79164513657283e-02  6.04079819598166e-02  6.30063854447311e-02
  6.57162244380441e-02  6.85422548402935e-02  7.14894339159225e-02
  7.45629287099262e-02  7.77681248016737e-02  8.11106354230519e-02
  8.45963109414681e-02  8.82312487331672e-02  9.20218034544036e-02
  9.59745977304385e-02  1.00096533275385e-01  1.04394802463176e-01
  1.08876900361576e-01  1.13550637254806e-01  1.18424151661989e-01
  1.23505923886267e-01  1.28804790094907e-01  1.34329956970730e-01
  1.40091016939028e-01  1.46097964003600e-01  1.52361210207215e-01
  1.58891602744729e-01  1.65700441746873e-01  1.72799498768145e-01
  1.80201035991596e-01  1.87917826195223e-01  1.95963173481177e-01
  2.04350934827449e-01  2.13095542458083e-01  2.22212027089099e-01
  2.31716042061064e-01  2.41623888401263e-01  2.51952540839288e-01
  2.62719674818675e-01  2.73943694523951e-01  2.85643761978717e-01
  2.97839827221439e-01  3.10552659630289e-01  3.23803880398609e-01
  3.37615996229140e-01  3.52012434263137e-01  3.67017578304220e-01
  3.82656806351175e-01  3.98956529520221e-01  4.15944232344423e-01
  4.33648514557125e-01  4.52099134339564e-01  4.71327053128092e-01
  4.91364481987832e-01  5.12244929630477e-01  5.34003252079423e-01
  5.56675704090855e-01  5.80299992290469e-01  6.04915330173835e-01
  6.30562494916628e-01  6.57283886122661e-01  6.85123586500041e-01
  7.14127424544579e-01  7.44343039252275e-01  7.75819946933366e-01
  8.08609610131115e-01  8.42765508746706e-01  8.78343213327662e-01
  9.15400460676911e-01  9.53997231677628e-01  9.94195831517094e-01
  1.03606097221915e+00  1.07965985760442e+00  1.12506227065334e+00
  1.17234066333510e+00  1.22157024887900e+00  1.27282909657113e+00
  1.32619822899432e+00  1.38176172185510e+00  1.43960680620980e+00
  1.49982397331733e+00  1.56250708186947e+00  1.62775346778108e+00
  1.69566405637112e+00  1.76634347698467e+00  1.83990017994838e+00
  1.91644655587517e+00  1.99609905714363e+00  2.07897832162386e+00
  2.16520929833575e+00  2.25492137523527e+00  2.34824850863102e+00
  2.44532935447102e+00  2.54630740101586e+00  2.65133110294662e+00
  2.76055401656752e+00  2.87413493597915e+00  2.99223802985820e+00
  3.11503297874123e+00  3.24269511226756e+00  3.37540554640289e+00
  3.51335131979619e+00  3.65672552947219e+00  3.80572746481939e+00
  3.96056273992750e+00  4.12144342340046e+00  4.28858816532464e+00
  4.46222232063989e+00  4.64257806846125e+00  4.82989452639684e+00
  5.02441785950546e+00  5.22640138254967e+00  5.43610565546054e+00
  5.65379857016370e+00  5.87975542875674e+00  6.11425901118205e+00
  6.35759963187151e+00  6.61007518380157e+00  6.87199116902504e+00
  7.14366071394794e+00  7.42540456851052e+00  7.71755108702211e+00
  8.02043619005314e+00  8.33440330449814e+00  8.65980328144660e+00
  8.99699428864978e+00  9.34634167679016e+00  9.70821781668849e+00
  1.00830019058753e+01  1.04710797418388e+01  1.08728434601950e+01
  1.12886912345330e+01  1.17190269365361e+01  1.21642597522860e+01
  1.26248037538894e+01  1.31010774214999e+01  1.35935031149661e+01
  1.41025064902616e+01  1.46285158592121e+01  1.51719614878454e+01
  1.57332748321122e+01  1.63128877051485e+01  1.69112313760194e+01
  1.75287355930578e+01  1.81658275319020e+01  1.88229306620116e+01
  1.95004635306970e+01  2.01988384591417e+01  2.09184601500190e+01
  2.16597241998590e+01  2.24230155178279e+01  2.32087066429410e+01
  2.40171559619920e+01  2.48487058216358e+01  2.57036805357971e+01
  2.65823842833869e+01  2.74850988987783e+01  2.84120815487255e+01
  2.93635623016884e+01  3.03397415822529e+01  3.13407875181295e+01
  3.23668331751484e+01  3.34179736868128e+01  3.44942632768430e+01
  3.55957121837390e+01  3.67222834849001e+01  3.78738898349407e+01
  3.90503901153183e+01  4.02515860128257e+01  4.14772185287574e+01
  4.27269644358980e+01  4.40004326902831e+01  4.52971608189610e+01
  4.66166112906190e+01  4.79581678985748e+01  4.93211321633830e+01
  5.07047197892508e+01  5.21080571885225e+01  5.35301781084965e+01
  5.49700203823579e+01  5.64264228443610e+01  5.78981224309478e+01
  5.93837515193190e+01  6.08818355256049e+01  6.23907908195802e+01
  6.39089229872827e+01  6.54344254974042e+01  6.69653788115662e+01
  6.84997500001306e+01  7.00353929020321e+01  7.15700489031219e+01
  7.31013483658239e+01  7.46268127945746e+01  7.61438577711682e+01
  7.76497967404181e+01  7.91418456900859e+01  8.06171287991624e+01
  8.20726850954632e+01  8.35054762034233e+01  8.49123952058128e+01
  8.62902767051284e+01  8.76359080986776e+01  8.89460421357200e+01
  9.02174107730566e+01  9.14467403722740e+01  9.26307682414885e+01
  9.37662605526285e+01  9.48500316040052e+01  9.58789644483200e+01
  9.68500328181297e+01  9.77603243414355e+01  9.86070649546521e+01
  9.93876444542777e+01  1.00099643068915e+02  1.00740858946352e+02
  1.01309336388173e+02  1.01803394687977e+02  1.02221657343864e+02
  1.02563081466170e+02  1.02826987080036e+02  1.03013086097200e+02
  1.03121510610152e+02  1.03152840206574e+02  1.03108127923375e+02
  1.02988924479553e+02  1.02797300346814e+02  1.02535865272905e+02
  1.02207784749095e+02  1.01816793025379e+02  1.01367202128728e+02
  1.00863906457309e+02  1.00312382424516e+02  9.97186827064956e+01
  9.90894245902034e+01  9.84317720220023e+01  9.77534108779644e+01
  9.70625171496556e+01  9.63677176340549e+01  9.56780429276556e+01
  9.50028724655975e+01  9.43518715184487e+01  9.37349200928203e+01
  9.31620338342394e+01  9.26432770825366e+01  9.21886684477423e+01
  9.18080792916577e+01  9.15111257732927e+01  9.13070551544347e+01
  9.12046273072710e+01  9.12119924732494e+01  9.13365665244651e+01
  9.15849051122857e+01  9.19625782924729e+01  9.24740473087073e+01
  9.31225454512880e+01  9.39099649291615e+01  9.48367519195732e+01
  9.59018119596373e+01  9.71024279687612e+01  9.84341931913165e+01
  9.98909613669000e+01  1.01464816375418e+02  1.03146063538316e+02
  1.04923244604343e+02  1.06783178275513e+02  1.08711027885453e+02
  1.10690397541545e+02  1.12703457711285e+02  1.14731100779549e+02
  1.16753126710875e+02  1.18748458345207e+02  1.20695385370931e+02
  1.22571835355171e+02  1.24355669583946e+02  1.26025000802118e+02
  1.27558529230816e+02  1.28935892571909e+02  1.30138025007947e+02
  1.31147519574281e+02  1.31948987629407e+02  1.32529408679204e+02
  1.32878463234481e+02  1.32988841164656e+02  1.32856517630328e+02
  1.32480988720752e+02  1.31865458903260e+02  1.31016972724334e+02
  1.29946483615477e+02  1.28668853391378e+02  1.27202776856820e+02
  1.25570627179093e+02  1.23798218897336e+02  1.21914487182045e+02
  1.19951083593538e+02  1.17941890650809e+02  1.15922459595645e+02
  1.13929377943910e+02  1.11999575730055e+02  1.10169581595022e+02
  1.08474742089588e+02  1.06948419654125e+02  1.05621186557356e+02
  1.04520033696726e+02  1.03667614293531e+02  1.03081543358401e+02
  1.02773773913102e+02  1.02750070768974e+02  1.03009601551311e+02
  1.03544663155536e+02  1.04340559470344e+02  1.05375643258412e+02
  1.06621531513736e+02  1.08043499411385e+02  1.09601053329070e+02
  1.11248678307228e+02  1.12936750048174e+02  1.14612596078996e+02
  1.16221685403131e+02  1.17708920853208e+02  1.19020003755609e+02
  1.20102836548121e+02  1.20908925850243e+02  1.21394746391833e+02
  1.21523025172720e+02  1.21263905531206e+02  1.20595952345195e+02
  1.19506962503590e+02  1.17994549033627e+02  1.16066472710942e+02
  1.13740701636955e+02  1.11045186805786e+02  1.08017350096930e+02
  1.04703289991334e+02  1.01156719522467e+02  9.74376600614459e+01
  9.36109234045530e+01  8.97444226437760e+01  8.59073595098192e+01
  8.21683415266397e+01  7.85934865269199e+01  7.52445742414940e+01
  7.21773048349479e+01  6.94397221459831e+01  6.70708550881201e+01
  6.50996241242475e+01  6.35440513290516e+01  6.24108023475818e+01
  6.16950772103979e+01  6.13808546649350e+01  6.14414821071511e+01
  6.18405907370225e+01  6.25333037298570e+01  6.34676945098950e+01
  6.45864430616713e+01  6.58286310464909e+01  6.71316116818094e+01
  6.84328881530776e+01  6.96719349216193e+01  7.07918997114349e+01
  7.17411299864940e+01  7.24744761648111e+01  7.29543340872822e+01
  7.31514009084090e+01  7.30451309049794e+01  7.26238901017528e+01
  7.18848203976572e+01  7.08334345842524e+01  6.94829726921667e+01
  6.78535572592220e+01  6.59711901428472e+01  6.38666362966716e+01
  6.15742406825540e+01  5.91307232085778e+01  5.65739936750176e+01
  5.39420243747551e+01  5.12718126233874e+01  4.85984594256845e+01
  4.59543840211588e+01  4.33686875264660e+01  4.08666725409960e+01
  3.84695196273419e+01  3.61941162077631e+01  3.40530287296843e+01
  3.20546050748654e+01  3.02031911342734e+01  2.84994432914538e+01
  2.69407172153252e+01  2.55215128554025e+01  2.42339557362259e+01
  2.30682955641593e+01  2.20134045875066e+01  2.10572600801973e+01
  2.01873975328884e+01  1.93913236063968e+01  1.86568804364163e+01
  1.79725554442957e+01  1.73277332482973e+01  1.67128885837282e+01
  1.61197211777261e+01  1.55412353548758e+01  1.49717685974598e+01
  1.44069745053509e+01  1.38437664079656e+01  1.32802284383910e+01
  1.27155011099889e+01  1.21496483775296e+01  1.15835129193639e+01
  1.10185658656541e+01  1.04567565924985e+01  9.90036743850960e+00
  9.35187739309254e+00  8.81383795998253e+00  8.28876355462728e+00
  7.77903799607531e+00  7.28683790291175e+00  6.81407313912072e+00
  6.36234387727782e+00  5.93291336629071e+00  5.52669511013674e+00
  5.14425288103665e+00  4.78581179870799e+00  4.45127860362802e+00
  4.14026922089194e+00  3.85214175006445e+00  3.58603310697780e+00
  3.34089768074894e+00  3.11554653889653e+00  2.90868590667058e+00
  2.71895385373913e+00  2.54495433345966e+00  2.38528792818810e+00
  2.23857885467204e+00  2.10349796767903e+00  1.97878166557060e+00
  1.86324674454415e+00  1.75580136751278e+00  1.65545240675105e+00
  1.56130949073704e+00  1.47258612930696e+00  1.38859832009348e+00
  1.30876104391633e+00  1.23258305195131e+00  1.15966032748678e+00
  1.08966857878167e+00  1.02235508644358e+00  9.57530192968140e-01
  8.95058684327423e-01  8.34851276422569e-01  7.76856382636989e-01
  7.21052304860824e-01  6.67439958378204e-01  6.16036212559159e-01
  5.66867903364264e-01  5.19966551442521e-01  4.75363799885648e-01
  4.33087569465121e-01  3.93158915156402e-01  3.55589556610622e-01
  3.20380045977249e-01  2.87518529365163e-01  2.56980052582432e-01
  2.28726357763491e-01  2.02706114475878e-01  1.78855527166609e-01
  1.57099259825061e-01  1.37351618794376e-01  1.19517935475183e-01
  1.03496092229129e-01  8.91781373228300e-02  7.64519378385207e-02
  6.52028235398959e-02  5.53151792546560e-02  4.66739487083320e-02
  3.91660184864904e-02  3.26814570657371e-02  2.71145902096603e-02
  2.23649005300440e-02  1.83377452527284e-02  1.49448922101395e-02
  1.21048794482391e-02  9.74320859078051e-03  7.79238598818818e-03
  6.19182872693781e-03  4.88765465367454e-03  3.83237676315491e-03
  2.98452259193723e-03  2.30819878768831e-03  1.77261986314938e-03
  1.35161845103450e-03  1.02315228213826e-03  7.68820769607845e-04
  5.73401625053292e-04  4.24415495907556e-04  3.11724286133738e-04
  2.27166705698473e-04  1.64232727844150e-04  1.17777069012862e-04
  8.37705453468684e-05  5.90872050578727e-05  4.13244642732704e-05
  2.86530564401463e-05  1.96934045414510e-05  1.34150014907954e-05
  9.05549674887223e-06  6.05639862127938e-06  4.01257804619523e-06
  2.63307198478304e-06  1.71100941188349e-06  1.10080256055218e-06
  7.01047235745962e-07  4.41850883797875e-07  2.75550150196147e-07
  1.69990198835876e-07  1.03715317257349e-07  6.25677901256772e-08
  3.73109095632022e-08  2.19877956422799e-08  1.28016613266400e-08
  7.36145657170947e-09  4.17965144753993e-09  2.34239904938322e-09
  1.29531503261120e-09  7.06557424769255e-10  3.80014477545974e-10
  2.01463091941882e-10  1.05230438685358e-10  5.41340534764607e-11
  2.74169382177321e-11  1.36648257044454e-11  6.69937614480223e-12
  3.22932886772233e-12  1.52980001018231e-12  7.11856834758223e-13
  3.25215401790998e-13  1.45797583738826e-13  6.41072296729451e-14
  2.76315838806706e-14  1.16683060499167e-14  4.82470989381151e-15
  1.95232089373230e-15  7.72633066858377e-16  2.98895697113262e-16
  1.13009125139541e-16  4.17152650896490e-17  1.50243709846813e-17
  5.27667105346115e-18  1.80623166386522e-18  6.02529040775140e-19
  1.96077629610950e-19  6.21338579718785e-20  1.91265714390920e-20
  5.71517166094221e-21  1.65642638937149e-21  4.65291770613978e-22
  1.26572881832923e-22  3.33166633351436e-23  8.47857446004922e-24
  2.08425514833547e-24  4.94496002479658e-25  1.13127025549807e-25
  2.49321564987240e-26
 -1.20974966437816e-25 -1.37709877863684e-25 -1.56759701740559e-25
 -1.78444646390197e-25 -2.03129211073649e-25 -2.31228312006275e-25
 -2.63214255635660e-25 -2.99624676356210e-25 -3.41071572038193e-25
 -3.88251589190037e-25 -4.41957730574915e-25 -5.03092681987895e-25
 -5.72683982114084e-25 -6.51901290334532e-25 -7.42076042618871e-25
 -8.44723825710181e-25 -9.61569845537441e-25 -1.09457791769520e-24
 -1.24598346704989e-24 -1.41833109083631e-24 -1.61451731628407e-24
 -1.83783927101851e-24 -2.09205008387323e-24 -2.38142194665955e-24
 -2.71081789625438e-24 -3.08577352267690e-24 -3.51258997561384e-24
 -3.99843983154939e-24 -4.55148759960989e-24 -5.18102689010290e-24
 -5.89763654936898e-24 -6.71335838336803e-24 -7.64189945430943e-24
 -8.69886234800095e-24 -9.90200727837435e-24 -1.12715504307926e-23
 -1.28305035537299e-23 -1.46050605010814e-23 -1.66250372151839e-23
 -1.89243725382519e-23 -2.15416982601122e-23 -2.45209879731010e-23
 -2.79122956269228e-23 -3.17725961821285e-23 -3.61667424740255e-23
 -4.11685543493688e-23 -4.68620583569239e-23 -5.33428988008711e-23
 -6.07199438385650e-23 -6.91171135800948e-23 -7.86754608679333e-23
 -8.95555396568352e-23 -1.01940100736790e-22 -1.16037160033983e-22
 -1.32083490971780e-22 -1.50348599490303e-22 -1.71139248411268e-22
 -1.94804607054747e-22 -2.21742112492269e-22 -2.52404140758168e-22
 -2.87305599915823e-22 -3.27032572341239e-22 -3.72252151152817e-22
 -4.23723635770044e-22 -4.82311274317980e-22 -5.48998766565668e-22
 -6.24905770556077e-22 -7.11306689679955e-22 -8.09652055149728e-22
 -9.21592862318036e-22 -1.04900826876583e-21 -1.19403711840444e-21
 -1.35911381990740e-21 -1.54700918075405e-21 -1.76087688107010e-21
 -2.00430636602564e-21 -2.28138304284451e-21 -2.59675679093447e-21
 -2.95571993268116e-21 -3.36429597085856e-21 -3.82934057877783e-21
 -4.35865653432444e-21 -4.96112452236695e-21 -5.64685199539522e-21
 -6.42734258451632e-21 -7.31568889632719e-21 -8.32679192265035e-21
 -9.47761073473996e-21 -1.07874466401308e-20 -1.22782665562578e-20
 -1.39750710104364e-20 -1.59063129216014e-20 -1.81043741674994e-20
 -2.06061079068734e-20 -2.34534557234274e-20 -2.66941499096489e-20
 -3.03825126279234e-20 -3.45803653059687e-20 -3.93580634618238e-20
 -4.47956742478510e-20 -5.09843163839952e-20 -5.80276848601497e-20
 -6.60437858679357e-20 -7.51669109301539e-20 -8.55498831803995e-20
 -9.73666132863644e-20 -1.10815007665519e-19 -1.26120277515435e-19
 -1.43538703854789e-19 -1.63361921367261e-19 -1.85921792474381e-19
 -2.11595952895432e-19 -2.40814121114703e-19 -2.74065276899644e-19
 -3.11905828454011e-19 -3.54968904238383e-19 -4.03974924181310e-19
 -4.59743626265872e-19 -5.23207748657677e-19 -5.95428595028337e-19
 -6.77613742016311e-19 -7.71137183278202e-19 -8.77562245086098e-19
 -9.98667654304189e-19 -1.13647719194480e-18 -1.29329342486352e-18
 -1.47173607576985e-18 -1.67478566853515e-18 -1.90583317315566e-18
 -2.16873647397722e-18 -2.46788459774963e-18 -2.80827076634067e-18
 -3.19557548488062e-18 -3.63626104187474e-18 -4.13767898644374e-18
 -4.70819236183503e-18 -5.35731471830093e-18 -6.09586820465474e-18
 -6.93616335291551e-18 -7.89220352751405e-18 -8.97991741699704e-18
 -1.02174234077186e-17 -1.16253302036494e-17 -1.32270786523924e-17
 -1.50493304149147e-17 -1.71224098855788e-17 -1.94808066442287e-17
 -2.21637467135218e-17 -2.52158420252871e-17 -2.86878287788351e-17
 -3.26374068319268e-17 -3.71301939175280e-17 -4.22408103575662e-17
 -4.80541120786906e-17 -5.46665921555029e-17 -6.21879738595314e-17
 -7.07430213133115e-17 -8.04735973970041e-17 -9.15410025803840e-17
 -1.04128632924814e-16 -1.18445000688310e-16 -1.34727166859258e-16
 -1.53244641627285e-16 -1.74303816394270e-16 -1.98252999534114e-16
 -2.25488137891520e-16 -2.56459317095165e-16 -2.91678146349296e-16
 -3.31726147643244e-16 -3.77264285521908e-16 -4.29043791924751e-16
 -4.87918461466435e-16 -5.54858616136430e-16 -6.30966965254020e-16
 -7.17496616869287e-16 -8.15871531315738e-16 -9.27709746683311e-16
 -1.05484975031171e-15 -1.19938042060811e-15 -1.36367502048837e-15
 -1.55042978818523e-15 -1.76270774439819e-15 -2.00398841753203e-15
 -2.27822428271912e-15 -2.58990481665782e-15 -2.94412919077357e-15
 -3.34668876170920e-15 -3.80416067258478e-15 -4.32401405370267e-15
 -4.91473050909180e-15 -5.58594080014161e-15 -6.34857989090501e-15
 -7.21506280746487e-15 -8.19948408870833e-15 -9.31784397381724e-15
 -1.05883048882837e-14 -1.20314822607503e-14 -1.36707742360971e-14
 -1.55327354519695e-14 -1.76475007273658e-14 -2.00492652815785e-14
 -2.27768289722081e-14 -2.58742130243295e-14 -2.93913588348148e-14
 -3.33849196906530e-14 -3.79191576601393e-14 -4.30669595160528e-14
 -4.89109873612523e-14 -5.55449816683275e-14 -6.30752367520634e-14
 -7.16222712955436e-14 -8.13227194892718e-14 -9.23314716540481e-14
 -1.04824096960686e-13 -1.18999585071210e-13 -1.35083448284834e-13
 -1.53331231128893e-13 -1.74032480380201e-13 -1.97515235304033e-13
 -2.24151105584765e-13 -2.54361013040015e-13 -2.88621682974438e-13
 -3.27472981959238e-13 -3.71526211184792e-13 -4.21473478409680e-13
 -4.78098287162014e-13 -5.42287499427358e-13 -6.15044847838856e-13
 -6.97506195616592e-13 -7.90956767524372e-13 -8.96850603171461e-13
 -1.01683251564940e-12 -1.15276287386667e-12 -1.30674556691201e-12
 -1.48115955344157e-12 -1.67869444937893e-12 -1.90239066361123e-12
 -2.15568465460782e-12 -2.44245995196106e-12 -2.76710466637894e-12
 -3.13457630104407e-12 -3.55047477727452e-12 -4.02112469964233e-12
 -4.55366801137735e-12 -5.15616833171835e-12 -5.83772842447846e-12
 -6.60862242378631e-12 -7.48044464033265e-12 -8.46627699291064e-12
 -9.58087735711667e-12 -1.08408914000565e-11 -1.22650907791846e-11
 -1.38746409294442e-11 -1.56934020493015e-11 -1.77482673287197e-11
 -2.00695429440728e-11 -2.26913748847943e-11 -2.56522282777210e-11
 -2.89954255474687e-11 -3.27697505004832e-11 -3.70301262583243e-11
 -4.18383758965271e-11 -4.72640756906618e-11 -5.33855120267493e-11
 -6.02907543324494e-11 -6.80788578242446e-11 -7.68612114751549e-11
 -8.67630483979669e-11 -9.79251378346842e-11 -1.10505680164246e-10
 -1.24682428816552e-10 -1.40655065732497e-10 -1.58647860085868e-10
 -1.78912643380638e-10 -2.01732137858482e-10 -2.27423679356923e-10
 -2.56343380479667e-10 -2.88890785165397e-10 -3.25514071561917e-10
 -3.66715866596876e-10 -4.13059742821462e-10 -4.65177476132963e-10
 -5.23777151868526e-10 -5.89652216681504e-10 -6.63691584616225e-10
 -7.46890918048292e-10 -8.40365217765524e-10 -9.45362871623483e-10
 -1.06328132801277e-09 -1.19568457914908e-09 -1.34432265994960e-09
 -1.51115339148100e-09 -1.69836662366269e-09 -1.90841126058489e-09
 -2.14402538363702e-09 -2.40826982314213e-09 -2.70456556853340e-09
 -3.03673545115580e-09 -3.40905058245235e-09 -3.82628208483582e-09
 -4.29375871297943e-09 -4.81743103083039e-09 -5.40394288447660e-09
 -6.06071099519059e-09 -6.79601358953624e-09 -7.61908908807022e-09
 -8.54024598952493e-09 -9.57098521690650e-09 -1.07241363359421e-08
 -1.20140092175111e-08 -1.34565628946973e-08 -1.50695935664479e-08
 -1.68729439229300e-08 -1.88887362186041e-08 -2.11416317982940e-08
 -2.36591200945203e-08 -2.64718404635303e-08 -2.96139406199234e-08
 -3.31234758652455e-08 -3.70428538000241e-08 -4.14193297526845e-08
 -4.63055587789449e-08 -5.17602107706119e-08 -5.78486559877848e-08
 -6.46437291932447e-08 -7.22265815433289e-08 -8.06876304735855e-08
 -9.01276190522262e-08 -1.00658797637366e-07 -1.12406242228769e-07
 -1.25509325632530e-07 -1.40123359509196e-07 -1.56421427567525e-07
 -1.74596432625413e-07 -1.94863383041073e-07 -2.17461947105622e-07
 -2.42659307540573e-07 -2.70753352122972e-07 -3.02076240961703e-07
 -3.36998395891479e-07 -3.75932963096706e-07 -4.19340806384433e-07
 -4.67736095671089e-07 -5.21692563201092e-07 -5.81850509113777e-07
 -6.48924648031367e-07 -7.23712899832958e-07 -8.07106240581511e-07
 -9.00099744063212e-07 -1.00380496058318e-06 -1.11946379810811e-06
 -1.24846409115400e-06 -1.39235706623914e-06 -1.55287693840345e-06
 -1.73196290267588e-06 -1.93178381704248e-06 -2.15476591025285e-06
 -2.40362388909192e-06 -2.68139586591163e-06 -2.99148257935184e-06
 -3.33769143867505e-06 -3.72428598810049e-06 -4.15604145908991e-06
 -4.63830716098687e-06 -5.17707655038944e-06 -5.77906592144940e-06
 -6.45180277212739e-06 -7.20372502755667e-06 -8.04429244147905e-06
 -8.98411165314935e-06 -1.00350765486140e-05 -1.12105257706951e-05
 -1.25254194283864e-05 -1.39965372999848e-05 -1.56427010752793e-05
 -1.74850234757458e-05 -1.95471874029341e-05 -2.18557586151442e-05
 -2.44405358078657e-05 -2.73349424005084e-05 -3.05764647715988e-05
 -3.42071421994274e-05 -3.82741142881310e-05 -4.28302322560294e-05
 -4.79347410913536e-05 -5.36540402624415e-05 -6.00625314076463e-05
 -6.72435622008385e-05 -7.52904764564279e-05 -8.43077813694005e-05
 -9.44124437957529e-05 -1.05735328384629e-04 -1.18422791457468e-04
 -1.32638445551707e-04 -1.48565110655609e-04 -1.66406969222627e-04
 -1.86391943230270e-04 -2.08774312521210e-04 -2.33837594841337e-04
 -2.61897708858543e-04 -2.93306442419383e-04 -3.28455248974468e-04
 -3.67779395856119e-04 -4.11762488100994e-04 -4.60941392151792e-04
 -5.15911582788661e-04 -5.77332936642921e-04 -6.45935993905389e-04
 -7.22528708324667e-04 -8.08003702898709e-04 -9.03346045512985e-04
 -1.00964155406387e-03 -1.12808563570950e-03 -1.25999265765449e-03
 -1.40680583924469e-03 -1.57010764487032e-03 -1.75163064679643e-03
 -1.95326881167778e-03 -2.17708915156767e-03 -2.42534365954667e-03
 -2.70048143195480e-03 -3.00516085476878e-03 -3.34226170606726e-03
 -3.71489699828447e-03 -4.12642435032991e-03 -4.58045664766068e-03
 -5.08087170625619e-03 -5.63182061986824e-03 -6.23773442237139e-03
 -6.90332865345386e-03 -7.63360536513261e-03 -8.43385206124921e-03
 -9.30963700262757e-03 -1.02668002742559e-02 -1.13114399443988e-02
 -1.24498926161668e-02 -1.36887076169201e-02 -1.50346140423434e-02
 -1.64944798429584e-02 -1.80752621210984e-02 -1.97839478119453e-02
 -2.16274839218953e-02 -2.36126965510064e-02 -2.57461979632967e-02
 -2.80342810722154e-02 -3.04828008133411e-02 -3.30970420343826e-02
 -3.58815737234779e-02 -3.88400896292634e-02 -4.19752356131483e-02
 -4.52884243904752e-02 -4.87796387248806e-02 -5.24472245311521e-02
 -5.62876758777513e-02 -6.02954143616352e-02 -6.44625659483199e-02
 -6.87787389620759e-02 -7.32308075709843e-02 -7.78027057788112e-02
 -8.24752376074822e-02 -8.72259098216759e-02 -9.20287941765363e-02
 -9.68544267492703e-02 -1.01669752427402e-01 -1.06438123002339e-01
 -1.11119357602116e-01 -1.15669874264007e-01 -1.20042901350517e-01
 -1.24188777154716e-01 -1.28055345408534e-01 -1.31588453473396e-01
 -1.34732558692083e-01 -1.37431446719308e-01 -1.39629063558779e-01
 -1.41270460553744e-01 -1.42302848642023e-01 -1.42676754879674e-01
 -1.42347270533170e-01 -1.41275376041527e-01 -1.39429323909117e-01
 -1.36786056215605e-01 -1.33332629036076e-01 -1.29067611790984e-01
 -1.24002425527686e-01 -1.18162580548782e-01 -1.11588770793634e-01
 -1.04337780141195e-01 -9.64831544988154e-02 -8.81155932959511e-02
 -7.93430151533939e-02 -7.02902548815638e-02 -6.10983531111518e-02
 -5.19234055387863e-02 -4.29349462975050e-02 -3.43138492591425e-02
 -2.62497422318198e-02 -1.89379417876648e-02 -1.25759309989988e-02
 -7.35941803821332e-03 -3.47803047705794e-03 -1.11071742347590e-03
 -4.20948983824503e-04 -1.55181923078922e-03 -4.62117404476702e-03
 -9.71689818569448e-03 -1.68925058053275e-02 -2.61631846038935e-02
 -3.75024452645446e-02 -5.08395242154019e-02 -6.60576788522411e-02
 -8.29935001608610e-02 -1.01437348293414e-01 -1.21134992465593e-01
 -1.41790507804565e-01 -1.63070448884837e-01 -1.84609282940930e-01
 -2.06016025723202e-01 -2.26881980550286e-01 -2.46789437787760e-01
 -2.65321149550391e-01 -2.82070355810246e-01 -2.96651104921082e-01
 -3.08708587151093e-01 -3.17929185556976e-01 -3.24049945344641e-01
 -3.26867172270543e-01 -3.26243890947340e-01 -3.22115925401393e-01
 -3.14496404337748e-01 -3.03478540780488e-01 -2.89236587417962e-01
 -2.72024922877890e-01 -2.52175277746989e-01 -2.30092160499067e-01
 -2.06246590817288e-01 -1.81168289515426e-01 -1.55436510153915e-01
 -1.29669726090452e-01 -1.04514409037488e-01 -8.06331504991210e-02
 -5.86923866703920e-02 -3.93499905358894e-02 -2.32429926336062e-02
 -1.09756842368407e-02 -3.10834435260317e-03 -1.46814410601361e-04
 -2.53312281321807e-03 -1.06373352216862e-02 -2.47507765933411e-02
 -4.50807379157785e-02 -7.17467454368461e-02 -1.04778434088866e-01
 -1.44115031090918e-01 -1.89606421626826e-01 -2.41015737171363e-01
 -2.98023379149572e-01 -3.60232366512773e-01 -4.27174875384290e-01
 -4.98319821707869e-01 -5.73081323802213e-01 -6.50827869701601e-01
 -7.30892005467264e-01 -8.12580354023141e-01 -8.95183771523432e-01
 -9.77987449216424e-01 -1.06028077462837e+00 -1.14136677632309e+00
 -1.22057099184745e+00 -1.29724961838901e+00 -1.37079682797534e+00
 -1.44065115630350e+00 -1.50630089941581e+00 -1.56728848142242e+00
 -1.62321378110392e+00 -1.67373643052350e+00 -1.71857711925044e+00
 -1.75751795674602e+00 -1.79040195926605e+00 -1.81713173948666e+00
 -1.83766748393880e+00 -1.85202430874571e+00 -1.86026908532601e+00
 -1.86251682815799e+00 -1.85892673428265e+00 -1.84969796106643e+00
 -1.83506522469979e+00 -1.81529429618608e+00 -1.79067746749017e+00
 -1.76152905256365e+00 -1.72818098393864e+00 -1.69097855674637e+00
 -1.65027636679012e+00 -1.60643448048107e+00 -1.55981486802891e+00
 -1.51077812242442e+00 -1.45968048011731e+00 -1.40687115088947e+00
 -1.35268995848021e+00 -1.29746528662935e+00 -1.24151232077989e+00
 -1.18513157103324e+00 -1.12860765971384e+00 -1.07220835392617e+00
 -1.01618382467283e+00 -9.60766110995567e-01 -9.06168771626331e-01
 -8.52586704366303e-01 -8.00196117107822e-01 -7.49154634156185e-01
 -6.99601523738936e-01 -6.51658033364964e-01 -6.05427821255236e-01
 -5.60997472709557e-01 -5.18437091663242e-01 -4.77800958012087e-01
 -4.39128242493997e-01 -4.02443771096981e-01 -3.67758831974672e-01
 -3.35072017953200e-01 -3.04370098583885e-01 -2.75628915701887e-01
 -2.48814297166967e-01 -2.23882983381329e-01 -2.00783561669249e-01
 -1.79457403430545e-01 -1.59839599240521e-01 -1.41859886769452e-01
 -1.25443566497539e-01 -1.10512399804211e-01 -9.69854840340191e-02
 -8.47800987758186e-02 -7.38125176195314e-02 -6.39987795235850e-02
 -5.52554140065665e-02 -4.75001146384146e-02 -4.06523556210182e-02
 -3.46339468570327e-02 -2.93695235810336e-02 -2.47869675602563e-02
 -2.08177578630251e-02 -1.73972503702292e-02 -1.44648863833970e-02
 -1.19643319508114e-02 -9.84355071710235e-03 -8.05481427110867e-03
 -6.55465496705375e-03 -5.30376708339790e-03 -4.26686284870078e-03
 -3.41249034712326e-03 -2.71282055945132e-03 -2.14341083358331e-03
 -1.68295189540804e-03 -1.31300514689682e-03 -1.01773646624608e-03
 -7.83652066219857e-04 -5.99341213144204e-04 -4.55229801103776e-04
 -3.43347944849533e-04 -2.57113941275476e-04 -1.91136172658052e-04
 -1.41033818922119e-04 -1.03276617997582e-04 -7.50433833918969e-05
 -5.40985546819665e-05 -3.86857242449867e-05 -2.74368455591741e-05
 -1.92956775855184e-05 -1.34539453153234e-05 -9.29868663664725e-06
 -6.36929751055887e-06 -4.32286854566736e-06 -2.90651490494789e-06
 -1.93552743424236e-06 -1.27630729460106e-06 -8.33181841404545e-07
 -5.38330467974258e-07 -3.44171726476988e-07 -2.17674375268503e-07
 -1.36154022945307e-07 -8.42027160258679e-08 -5.14720993466615e-08
 -3.10914884335901e-08 -1.85526163340214e-08 -1.09327245816687e-08
 -6.36024783304950e-09 -3.65172782649322e-09 -2.06851541755626e-09
 -1.15557286303435e-09 -6.36462811591023e-10 -3.45465413357199e-10
 -1.84736484939263e-10 -9.72800802101346e-11 -5.04257515869290e-11
 -2.57203499989280e-11 -1.29038324703237e-11 -6.36489565756059e-12
 -3.08534220954794e-12 -1.46912536954525e-12 -6.86842190091181e-13
 -3.15131478766847e-13 -1.41824818997186e-13 -6.25780624740866e-14
 -2.70570257905033e-14 -1.14577023874996e-14 -4.74944706048876e-15
 -1.92611488239890e-15 -7.63748354703434e-16 -2.95964684744299e-16
 -1.12069607913708e-16 -4.14226590301942e-17 -1.49358926986188e-17
 -5.25071490597230e-18 -1.79884988516031e-18 -6.00495477225850e-19
 -1.95535403462682e-19 -6.19940376396632e-20 -1.90917329376411e-20
 -5.70679114701976e-21 -1.65448184828218e-21 -4.64856957804766e-22
 -1.26479272387103e-22 -3.32972789391814e-23 -8.47471725536846e-24
 -2.08351836015218e-24 -4.94361040071641e-25 -1.13103343327463e-25
 -2.49281800153963e-26
 (i6, f12.0, f18.0, f8.3, i6)
   670  60.0000000  0.02500000000000  28.000     2
 (3e22.14)
  2.99785627573422e-06  3.14822239435847e-06  3.30613016966885e-06
  3.47195782587790e-06  3.64610255336458e-06  3.82898145956288e-06
  4.02103256751086e-06  4.22271586444773e-06  4.43451440296639e-06
  4.65693545735412e-06  4.89051173788764e-06  5.13580266598148e-06
  5.39339571324481e-06  5.66390780763799e-06  5.94798681010478e-06
  6.24631306518648e-06  6.55960102936013e-06  6.88860098093621e-06
  7.23410081568921e-06  7.59692793238457e-06  7.97795121286751e-06
  8.37808310127808e-06  8.79828178750214e-06  9.23955349997383e-06
  9.70295491336786e-06  1.01895956768869e-05  1.07006410692405e-05
  1.12373147865653e-05  1.18009018700825e-05  1.23927517802839e-05
  1.30142816252358e-05  1.36669795504470e-05  1.43524082986175e-05
  1.50722089476040e-05  1.58281048356225e-05  1.66219056829800e-05
  1.74555119202674e-05  1.83309192331880e-05  1.92502233350959e-05
  2.02156249782947e-05  2.12294352164674e-05  2.22940809303504e-05
  2.34121106302039e-05  2.45862005486439e-05  2.58191610385270e-05
  2.71139432910140e-05  2.84736463899823e-05  2.99015247193462e-05
  3.14009957413210e-05  3.29756481636020e-05  3.46292505156138e-05
  3.63657601535227e-05  3.81893327160834e-05  4.01043320533863e-05
  4.21153406524142e-05  4.42271705840162e-05  4.64448749976150e-05
  4.87737601905745e-05  5.12193982815851e-05  5.37876405172751e-05
  5.64846312448626e-05  5.93168225828409e-05  6.22909898256240e-05
  6.54142476180081e-05  6.86940669383456e-05  7.21382929304209e-05
  7.57551636268333e-05  7.95533296076293e-05  8.35418746419429e-05
  8.77303373600599e-05  9.21287340092996e-05  9.67475823456355e-05
  1.01597926719482e-04  1.06691364413861e-04  1.12040073298157e-04
  1.17656840862397e-04  1.23555094701606e-04  1.29748934521214e-04
  1.36253165741022e-04  1.43083334775153e-04  1.50255766073565e-04
  1.57787601011005e-04  1.65696838716639e-04  1.74002378939670e-04
  1.82724067053925e-04  1.91882741305004e-04  2.01500282415444e-04
  2.11599665660211e-04  2.22205015540201e-04  2.33341663178663e-04
  2.45036206578637e-04  2.57316573881721e-04  2.70212089778385e-04
  2.83753545224631e-04  2.97973270631504e-04  3.12905212695860e-04
  3.28585015058435e-04  3.45050102971953e-04  3.62339772185243e-04
  3.80495282245911e-04  3.99559954444847e-04  4.19579274629539e-04
  4.40601001129211e-04  4.62675278041956e-04  4.85854754153201e-04
  5.10194707757400e-04  5.35753177683946e-04  5.62591100821989e-04
  5.90772456477314e-04  6.20364417887819e-04  6.51437511258324e-04
  6.84065782680735e-04  7.18326973331768e-04  7.54302703351434e-04
  7.92078664836867e-04  8.31744824389203e-04  8.73395635699154e-04
  9.17130262645070e-04  9.63052813440776e-04  1.01127258635805e-03
  1.06190432760463e-03  1.11506850194625e-03  1.17089157670344e-03
  1.22950631977080e-03  1.29105211235762e-03  1.35567527715169e-03
  1.42352942268734e-03  1.49477580467629e-03  1.56958370516464e-03
  1.64813083035622e-03  1.73060372803394e-03  1.81719822552118e-03
  1.90811988919345e-03  2.00358450657599e-03  2.10381859214611e-03
  2.20905991796241e-03  2.31955807036203e-03  2.43557503395397e-03
  2.55738580426128e-03  2.68527903037649e-03  2.81955768910280e-03
  2.96053979207310e-03  3.10855912748504e-03  3.26396603805450e-03
  3.42712823701396e-03  3.59843166390357e-03  3.77828138213650e-03
  3.96710252029626e-03  4.16534125929205e-03  4.37346586754683e-03
  4.59196778654304e-03  4.82136276908902e-03  5.06219207288628e-03
  5.31502371193854e-03  5.58045376867251e-03  5.85910776953075e-03
  6.15164212715433e-03  6.45874565223264e-03  6.78114113836219e-03
  7.11958702332551e-03  7.47487913043781e-03  7.84785249365632e-03
  8.23938327049714e-03  8.65039074671596e-03  9.08183943724779e-03
  9.53474128768993e-03  1.00101579811962e-02  1.05092033555548e-02
  1.10330459356433e-02  1.15829115865448e-02  1.21600862929758e-02
  1.27659190707260e-02  1.34018250163698e-02  1.40692885013166e-02
  1.47698665171489e-02  1.55051921787894e-02  1.62769783929896e-02
  1.70870216994179e-02  1.79372062922938e-02  1.88295082306058e-02
  1.97659998455262e-02  2.07488543536480e-02  2.17803506855597e-02
  2.28628785388746e-02  2.39989436662567e-02  2.51911734082081e-02
  2.64423224819219e-02  2.77552790370441e-02  2.91330709902316e-02
  3.05788726504442e-02  3.20960116477829e-02  3.36879761785822e-02
  3.53584225808718e-02  3.71111832534884e-02  3.89502749344370e-02
  4.08799073525921e-02  4.29044922693281e-02  4.50286529256849e-02
  4.72572339122933e-02  4.95953114791687e-02  5.20482043037790e-02
  5.46214847353807e-02  5.73209905358173e-02  6.01528371352605e-02
  6.31234304251287e-02  6.62394801075032e-02  6.95080136243873e-02
  7.29363906881227e-02  7.65323184367358e-02  8.03038672374137e-02
  8.42594871631750e-02  8.84080251666627e-02  9.27587429783795e-02
  9.73213357532191e-02  1.02105951495213e-01  1.07123211284774e-01
  1.12384230339211e-01  1.17900639933131e-01  1.23684610209018e-01
  1.29748873906614e-01  1.36106751042302e-01  1.42772174566919e-01
  1.49759717035429e-01  1.57084618316036e-01  1.64762814373243e-01
  1.72810967153281e-01  1.81246495605254e-01  1.90087607867189e-01
  1.99353334650793e-01  2.09063563851030e-01  2.19239076417282e-01
  2.29901583507646e-01  2.41073764963322e-01  2.52779309124205e-01
  2.65042954017089e-01  2.77890529939031e-01  2.91349003461775e-01
  3.05446522876402e-01  3.20212465102371e-01  3.35677484071631e-01
  3.51873560612127e-01  3.68834053829987e-01  3.86593754011264e-01
  4.05188937036308e-01  4.24657420314512e-01  4.45038620229509e-01
  4.66373611088314e-01  4.88705185553285e-01  5.12077916542155e-01
  5.36538220554416e-01  5.62134422404102e-01  5.88916821291183e-01
  6.16937758179517e-01  6.46251684396547e-01  6.76915231393007e-01
  7.08987281566158e-01  7.42529040053042e-01  7.77604107370659e-01
  8.14278552788325e-01  8.52620988265722e-01  8.92702642825915e-01
  9.34597437143748e-01  9.78382058190691e-01  1.02413603367971e+00
  1.07194180609195e+00  1.12188480600192e+00  1.17405352442040e+00
  1.22853958381889e+00  1.28543780751191e+00  1.34484628697903e+00
  1.40686644677059e+00  1.47160310648129e+00  1.53916453938298e+00
  1.60966252713395e+00  1.68321241005081e+00  1.75993313231167e+00
  1.83994728147222e+00  1.92338112156849e+00  2.01036461912152e+00
  2.10103146118187e+00  2.19551906467514e+00  2.29396857603729e+00
  2.39652486031697e+00  2.50333647863276e+00  2.61455565301732e+00
  2.73033821743546e+00  2.85084355392454e+00  2.97623451243965e+00
  3.10667731331657e+00  3.24234143077625e+00  3.38339945622739e+00
  3.53002693974105e+00  3.68240220829362e+00  3.84070615898524e+00
  4.00512202584411e+00  4.17583511818943e+00  4.35303252910319e+00
  4.53690281196084e+00  4.72763562335717e+00  4.92542133038983e+00
  5.13045058063034e+00  5.34291383250673e+00  5.56300084468951e+00
  5.79090012193956e+00  6.02679831614802e+00  6.27087958017887e+00
  6.52332487306086e+00  6.78431121454446e+00  7.05401088755729e+00
  7.33259058673812e+00  7.62021051201401e+00  7.91702340541881e+00
  8.22317353078532e+00  8.53879559461231e+00  8.86401360836267e+00
  9.19893969111841e+00  9.54367281323585e+00  9.89829748073326e+00
  1.02628823620787e+01  1.06374788573501e+01  1.10221196132227e+01
  1.14168169841170e+01  1.18215614443583e+01  1.22363199533406e+01
  1.26610342791109e+01  1.30956192847314e+01  1.35399611839221e+01
  1.39939157720236e+01  1.44573066411865e+01  1.49299233869168e+01
  1.54115198179775e+01  1.59018121780524e+01  1.64004773938084e+01
  1.69071513605879e+01  1.74214272819099e+01  1.79428540771367e+01
  1.84709348765294e+01  1.90051256190699e+01  1.95448337771867e+01
  2.00894172243222e+01  2.06381832729526e+01  2.11903879023636e+01
  2.17452352042497e+01  2.23018770692555e+01  2.28594131449136e+01
  2.34168910874786e+01  2.39733071433553e+01  2.45276070804646e+01
  2.50786875073241e+01  2.56253976020045e+01  2.61665412848550e+01
  2.67008798603387e+01  2.72271351575788e+01  2.77439931930406e+01
  2.82501083832830e+01  2.87441083245385e+01  2.92245991651601e+01
  2.96901715772207e+01  3.01394073513076e+01  3.05708866072391e+01
  3.09831956371115e+01  3.13749353643131e+01  3.17447304171366e+01
  3.20912387928172e+01  3.24131620912460e+01  3.27092562787559e+01
  3.29783429446667e+01  3.32193209893154e+01  3.34311786898124e+01
  3.36130060552364e+01  3.37640074028090e+01  3.38835140373189e+01
  3.39709969441363e+01  3.40260793590287e+01  3.40485490932634e+01
  3.40383704618594e+01  3.39956956697906e+01  3.39208754786135e+01
  3.38144689976337e+01  3.36772523984462e+01  3.35102263847625e+01
  3.33146222111149e+01  3.30919060664997e+01  3.28437816219628e+01
  3.25721905599783e+01  3.22793108876157e+01  3.19675528756978e+01
  3.16395524363832e+01  3.12981618184002e+01  3.09464374662041e+01
  3.05876249594004e+01  3.02251409410902e+01  2.98625520027225e+01
  2.95035505005921e+01  2.91519273558586e+01  2.88115418815749e+01
  2.84862887876613e+01  2.81800625000484e+01  2.78967190351431e+01
  2.76400356840096e+01  2.74136688373567e+01  2.72211103223232e+01
  2.70656426819798e+01  2.69502938757472e+01  2.68777919229920e+01
  2.68505200656007e+01  2.68704730537483e+01  2.69392151982328e+01
  2.70578408576504e+01  2.72269380447655e+01  2.74465558473370e+01
  2.77161763548775e+01  2.80346917747039e+01  2.84003873889273e+01
  2.88109309802504e+01  2.92633692884456e+01  2.97541320178820e+01
  3.02790438200117e+01  3.08333446074345e+01  3.14117184381773e+01
  3.20083311135275e+01  3.26168764924757e+01  3.32306314179220e+01
  3.38425189823380e+01  3.44451797432892e+01  3.50310503305230e+01
  3.55924487451753e+01  3.61216655021509e+01  3.66110596204999e+01
  3.70531583237097e+01  3.74407591936922e+01  3.77670333878435e+01
  3.80256284451515e+01  3.82107691072578e+01  3.83173545265999e+01
  3.83410501887211e+01  3.82783728640115e+01  3.81267669095714e+01
  3.78846703008627e+01  3.75515688185240e+01  3.71280369613024e+01
  3.66157642484072e+01  3.60175657930150e+01  3.53373761970126e+01
  3.45802260814645e+01  3.37522008125678e+01  3.28603813055380e+01
  3.19127670711453e+01  3.09181820565993e+01  2.98861641324731e+01
  2.88268394924786e+01  2.77507835486398e+01  2.66688702901994e+01
  2.55921123916903e+01  2.45314946709120e+01  2.34978037583165e+01
  2.25014570710597e+01  2.15523343207800e+01  2.06596149004007e+01
  1.98316244782386e+01  1.90756940754372e+01  1.83980347299661e+01
  1.78036306082565e+01  1.72961530961820e+01  1.68778979881406e+01
  1.65497474348206e+01  1.63111577660878e+01  1.61601737632528e+01
  1.60934693531461e+01  1.61064141094171e+01  1.61931643526877e+01
  1.63467770704167e+01  1.65593443333628e+01  1.68221453885887e+01
  1.71258131665758e+01  1.74605115702784e+01  1.78161196300819e+01
  1.81824184228704e+01  1.85492765783385e+01  1.89068302381122e+01
  1.92456534948207e+01  1.95569156213541e+01  1.98325217895507e+01
  2.00652344708382e+01  2.02487732784987e+01  2.03778916442900e+01
  2.04484293857313e+01  2.04573408978161e+01  2.04026993650828e+01
  2.02836780131014e+01  2.01005099842989e+01  1.98544289102811e+01
  1.95475926505783e+01  1.91829929660681e+01  1.87643540897461e+01
  1.82960232502281e+01  1.77828561951116e+01  1.72301006654213e+01
  1.66432805968481e+01  1.60280835789039e+01  1.53902538124788e+01
  1.47354924722080e+01  1.40693670291452e+01  1.33972307255824e+01
  1.27241530359714e+01  1.20548616024521e+01  1.13936958133113e+01
  1.07445718976341e+01  1.01109591544423e+01  9.49586671428053e+00
  8.90184004775870e+00  8.33096629916976e+00  7.78488741536352e+00
  7.26481997755178e+00  6.77158060935212e+00  6.30561583292704e+00
  5.86703527118935e+00  5.45564714158039e+00  5.07099505682248e+00
  4.71239523083102e+00  4.37897328497747e+00  4.06969995359627e+00
  3.78342509716293e+00  3.51890954191818e+00  3.27485437458191e+00
  3.04992742475413e+00  2.84278676936463e+00  2.65210118053733e+00
  2.47656752302361e+00  2.31492517565143e+00  2.16596761068071e+00
  2.02855131334474e+00  1.90160225848831e+00  1.78412018724052e+00
  1.67518094110242e+00  1.57393711608028e+00  1.47961729768129e+00
  1.39152412753267e+00  1.30903143836831e+00  1.23158067477605e+00
  1.15867679570732e+00  1.08988383116221e+00  1.02482024153583e+00
  9.63154204121528e-01  9.04598928663852e-01  8.48908082315236e-01
  7.95871385346906e-01  7.45310421746924e-01  6.97074694445718e-01
  6.51037942672183e-01  6.07094729313965e-01  5.65157298587362e-01
  5.25152698932215e-01  4.87020162280257e-01  4.50708728717249e-01
  4.16175104490056e-01  3.83381741285697e-01  3.52295125214155e-01
  3.22884264960443e-01  2.95119369559593e-01  2.68970707578200e-01
  2.44407640255544e-01  2.21397822019105e-01  1.99906562108672e-01
  1.79896341050438e-01  1.61326475444887e-01  1.44152923761651e-01
  1.28328224973681e-01  1.13801560554917e-01  1.00518929203704e-01
  8.84234221516820e-02  7.74555857686914e-02  6.75538569386221e-02
  5.86550558433517e-02  5.06949201657765e-02  4.36086645252853e-02
  3.73315491148496e-02  3.17994421228919e-02  2.69493615125268e-02
  2.27199831362872e-02  1.90521038760345e-02  1.58890505082997e-02
  1.31770271760243e-02  1.08653966571877e-02  8.90689293038613e-03
  7.25776479057771e-03  5.87785235539545e-03  4.73060017264445e-03
  3.78301221674541e-03  3.00555531853088e-03  2.37201847217147e-03
  1.85933601018845e-03  1.44738283492700e-03  1.11874977616016e-03
  8.58506744977999e-04  6.53960725542290e-04  4.94414841326370e-04
  3.70933811087967e-04  2.76120123364257e-04  2.03904264298871e-04
  1.49351368101688e-04  1.08485772756079e-04  7.81341614661026e-05
  5.57873006735860e-05  3.94798242065357e-05  2.76870864163172e-05
  1.92378078006355e-05  1.32410218501567e-05  9.02575398615626e-06
  6.09181973731066e-06  4.07018907044902e-06  2.69144424235856e-06
  1.76098429384460e-06  1.13977093607917e-06  7.29559923898576e-07
  4.61712350810804e-07  2.88822752911508e-07  1.78533370692162e-07
  1.09021063028603e-07  6.57469775743929e-08  3.91455826269928e-08
  2.30035713153557e-08  1.33374343929499e-08  7.62729566542367e-09
  4.30070533708780e-09  2.39018081261236e-09  1.30881985085723e-09
  7.05891262058968e-10  3.74818462218378e-10  1.95874594019338e-10
  1.00696882556327e-10  5.09049473399934e-11  2.52951390317913e-11
  1.23498178673225e-11  5.92156770197374e-12  2.78719246196119e-12
  1.28720537524690e-12  5.83002933841885e-13  2.58834343481773e-13
  1.12585521834009e-13  4.79542641398603e-14  1.99906276761642e-14
  8.15169379187379e-15  3.24966140059076e-15  1.26582248017170e-15
  4.81640983134917e-16  1.78866197185778e-16  6.47895171866120e-17
  2.28762065791088e-17  7.86854363678770e-18  2.63486385045452e-18
  8.58440138522259e-19  2.71789789061715e-19  8.36089081672481e-20
  2.49674326778770e-20  7.23227543190593e-21  2.03060661220279e-21
  5.52189947235486e-22  1.45317207557830e-22  3.69791697733658e-23
  9.09172133460196e-24  2.15780702708073e-24  4.93942654873951e-25
  1.08955430597219e-25  2.31383044187033e-26  4.72625433505330e-27
  9.27659782161857e-28  1.74791382547959e-28  3.15845539779165e-29
  5.46772632503809e-30
  8.57961410427236e-25  9.78774144905159e-25  1.11659446390660e-24
  1.27381588436570e-24  1.45316864773161e-24  1.65776706980473e-24
  1.89116354536354e-24  2.15741014227810e-24  2.46112885099420e-24
  2.80759170481419e-24  3.20281215703471e-24  3.65364929532970e-24
  4.16792669558399e-24  4.75456797009110e-24  5.42375135326384e-24
  6.18708599655182e-24  7.05781301886146e-24  8.05103478583490e-24
  9.18397637817175e-24  1.04762837642517e-23  1.19503638249096e-23
  1.36317720996192e-23  1.55496549453522e-23  1.77372537367112e-23
  2.02324798041465e-23  2.30785700247530e-23  2.63248343681409e-23
  3.00275082817140e-23  3.42507246028735e-23  3.90676217405168e-23
  4.45616072103702e-23  5.08277982777134e-23  5.79746645032104e-23
  6.61259004535468e-23  7.54225607895990e-23  8.60254944456126e-23
  9.81181197428835e-23  1.11909588125866e-22  1.27638390868452e-22
  1.45576470685761e-22  1.66033908832465e-22  1.89364268117363e-22
  2.15970683485799e-22  2.46312804604083e-22  2.80914709442783e-22
  3.20373924443852e-22  3.65371705752445e-22  4.16684757516129e-22
  4.75198587769813e-22  5.41922730342354e-22  6.18008093021795e-22
  7.04766728425659e-22  8.03694365263707e-22  9.16496084638617e-22
  1.04511557950293e-21  1.19176849627305e-21  1.35898042692538e-21
  1.54963019881406e-21  1.76699919931009e-21  2.01482757462697e-21
  2.29737825864394e-21  2.61950992005094e-21  2.98676006698711e-21
  3.40543972001373e-21  3.88274125964653e-21  4.42686127698605e-21
  5.04714050900854e-21  5.75422322791376e-21  6.56023878147894e-21
  7.47900835396833e-21  8.52628044104672e-21  9.71999901433822e-21
  1.10806088997159e-20  1.26314035172446e-20  1.43989208400510e-20
  1.64133942362463e-20  1.87092657752609e-20  2.13257706230678e-20
  2.43076023365327e-20  2.77056702152279e-20  3.15779614013216e-20
  3.59905221599900e-20  4.10185747520255e-20  4.67477885600194e-20
  5.32757266853240e-20  6.07134921372995e-20  6.91876010356432e-20
  7.88421139945279e-20  8.98410611144261e-20  1.02371200842217e-19
  1.16645158451156e-19  1.32904996125973e-19  1.51426273717654e-19
  1.72522667267058e-19  1.96551221518293e-19  2.23918322994620e-19
  2.55086491957720e-19  2.90582104901127e-19  3.31004174352965e-19
  3.77034329918950e-19  4.29448163957062e-19  4.89128127344394e-19
  5.57078185822940e-19  6.34440475784220e-19  7.22514230520834e-19
  8.22777284429153e-19  9.36910503970975e-19  1.06682554102033e-18
  1.21469635727047e-18  1.38299502846803e-18  1.57453240530246e-18
  1.79250428485462e-18  2.04054383377866e-18  2.32278110318708e-18
  2.64391058703450e-18  3.00926790234659e-18  3.42491681283668e-18
  3.89774797944400e-18  4.43559100455980e-18  5.04734154392520e-18
  5.74310549447351e-18  6.53436253125982e-18  7.43415156598145e-18
  8.45728103788772e-18  9.62056733009289e-18  1.09431050360466e-17
  1.24465732885318e-17  1.41555829141058e-17  1.60980697974875e-17
  1.83057405418708e-17  2.08145773028072e-17  2.36654095663842e-17
  2.69045616498173e-17  3.05845858385823e-17  3.47650923550785e-17
  3.95136887974656e-17  4.49070433144637e-17  5.10320876149018e-17
  5.79873779758591e-17  6.58846347385609e-17  7.48504833995084e-17
  8.50284233513487e-17  9.65810536449023e-17  1.09692588874851e-16
  1.24571702489571e-16  1.41454739545031e-16  1.60609346229940e-16
  1.82338569453781e-16  2.06985486492049e-16  2.34938432213350e-16
  2.66636899869711e-16  3.02578200929643e-16  3.43324980091619e-16
  3.89513693584326e-16  4.41864172280221e-16  5.01190406212226e-16
  5.68412703968471e-16  6.44571399376295e-16  7.30842299108342e-16
  8.28554088629572e-16  9.39207940542614e-16  1.06449959924140e-15
  1.20634424918645e-15  1.36690451153912e-15  1.54862195574648e-15
  1.75425255952600e-15  1.98690660309582e-15  2.25009354211634e-15
  2.54777246931655e-15  2.88440884806571e-15  3.26503828296652e-15
  3.69533818405976e-15  4.18170828335726e-15  4.73136107656818e-15
  5.35242339020570e-15  6.05405041660541e-15  6.84655371790657e-15
  7.74154487736201e-15  8.75209667369426e-15  9.89292387469179e-15
  1.11805859918506e-14  1.26337146118664e-14  1.42732682259562e-14
  1.61228178185437e-14  1.82088668554998e-14  2.05612097351377e-14
  2.32133332348991e-14  2.62028660112149e-14  2.95720817929066e-14
  3.33684625582977e-14  3.76453287085876e-14  4.24625440555459e-14
  4.78873043353322e-14  5.39950189583588e-14  6.08702968113254e-14
  6.86080481618108e-14  7.73147160860620e-14  8.71096523654990e-14
  9.81266544936466e-14  1.10515682318599e-13  1.24444774946352e-13
  1.40102190853085e-13  1.57698796755162e-13  1.77470733653204e-13
  1.99682391676927e-13  2.24629728908012e-13  2.52643973312277e-13
  2.84095751309733e-13  3.19399691384309e-13  3.59019556572566e-13
  4.03473965686811e-13  4.53342769839448e-13  5.09274158273240e-13
  5.71992575781816e-13  6.42307543194491e-13  7.21123482630803e-13
  8.09450660566159e-13  9.08417374411772e-13  1.01928352229501e-12
  1.14345571138067e-12  1.28250407736710e-12  1.43818100710773e-12
  1.61244197772247e-12  1.80746874943926e-12  2.02569517586353e-12
  2.26983592496514e-12  2.54291843676875e-12  2.84831848036613e-12
  3.18979971341398e-12  3.57155769255885e-12  3.99826883358152e-12
  4.47514487608521e-12  5.00799347011724e-12  5.60328557143301e-12
  6.26823041007727e-12  7.01085888274481e-12  7.84011631639863e-12
  8.76596565745305e-12  9.79950226106018e-12  1.09530815885306e-11
  1.22404612703787e-11  1.36769591587970e-11  1.52796291800262e-11
  1.70674570044670e-11  1.90615777853897e-11  2.12855184767230e-11
  2.37654675313225e-11  2.65305751065078e-11  2.96132872679705e-11
  3.30497180911670e-11  3.68800640165971e-11  4.11490653276051e-11
  4.59065201948453e-11  5.12078573749993e-11  5.71147743778109e-11
  6.36959487251959e-11  7.10278308435859e-11  7.91955281544301e-11
  8.82937910853973e-11  9.84281130235105e-11  1.09715957696388e-10
  1.22288129114842e-10  1.36290301071657e-10  1.51884725283184e-10
  1.69252139628922e-10  1.88593900610412e-10  2.10134367167672e-10
  2.34123566396187e-10  2.60840175562272e-10  2.90594859166374e-10
  3.23734004742696e-10  3.60643906658351e-10  4.01755453509563e-10
  4.47549381876620e-10  4.98562167333035e-10  5.55392632829954e-10
  6.18709365047735e-10  6.89259041195460e-10  7.67875782257811e-10
  8.55491664030906e-10  9.53148534764485e-10  1.06201130808101e-09
  1.18338292244724e-09  1.31872118421544e-09  1.46965774055125e-09
  1.63801946195755e-09  1.82585255215332e-09  2.03544974646703e-09
  2.26938100933533e-09  2.53052819800446e-09  2.82212422381456e-09
  3.14779731608796e-09  3.51162107739913e-09  3.91817111492445e-09
  4.37258914192856e-09  4.88065556850691e-09  5.44887174336483e-09
  6.08455317199603e-09  6.79593522234906e-09  7.59229304360237e-09
  8.48407766560152e-09  9.48307052696850e-09  1.06025589970291e-08
  1.18575358217755e-08  1.32649258398952e-08  1.48438437925623e-08
  1.66158875922959e-08  1.86054720433564e-08  2.08402087129071e-08
  2.33513384709107e-08  2.61742241443990e-08  2.93489117967287e-08
  3.29207703594910e-08  3.69412207317077e-08  4.14685670571825e-08
  4.65689446917362e-08  5.23174014663704e-08  5.87991311988825e-08
  6.61108811302222e-08  7.43625580387907e-08  8.36790613220976e-08
  9.42023753382438e-08  1.06093957934339e-07  1.19537467256752e-07
  1.34741874993175e-07  1.51945020924113e-07  1.71417671473274e-07
  1.93468153758101e-07  2.18447646702932e-07  2.46756222248968e-07
  2.78849742668894e-07  3.15247734954682e-07  3.56542379845931e-07
  4.03408772547977e-07  4.56616633586033e-07  5.17043673198360e-07
  5.85690840523898e-07  6.63699720694204e-07  7.52372378784734e-07
  8.53193990507408e-07  9.67858645962123e-07  1.09829876360539e-06
  1.24671861313442e-06  1.41563251028015e-06  1.60790832148013e-06
  1.82681700708724e-06  2.07608901505429e-06  2.35997846279110e-06
  2.68333614571076e-06  3.05169256748680e-06  3.47135232368606e-06
  3.94950135309608e-06  4.49432876227130e-06  5.11516513630050e-06
  5.82263950876129e-06  6.62885741054821e-06  7.54760274562573e-06
  8.59456654976912e-06  9.78760609750077e-06  1.11470381975019e-05
  1.26959710323654e-05  1.44606793544585e-05  1.64710284851007e-05
  1.87609531197892e-05  2.13689977303882e-05  2.43389260159236e-05
  2.77204078146771e-05  3.15697927229919e-05  3.59509807245238e-05
  4.09364013090517e-05  4.66081136156924e-05  5.30590416968332e-05
  6.03943601932762e-05  6.87330475022030e-05  7.82096250261032e-05
  8.89761031236054e-05  1.01204156022505e-04  1.15087550560687e-04
  1.30844855236814e-04  1.48722459075814e-04  1.68997931833535e-04
  1.91983760115759e-04  2.18031496294151e-04  2.47536361002163e-04
  2.80942341175270e-04  3.18747831391390e-04  3.61511866283238e-04
  4.09860997855716e-04  4.64496872676354e-04  5.26204568040977e-04
  5.95861748738991e-04  6.74448709300509e-04  7.63059368325339e-04
  8.62913284907553e-04  9.75368767379413e-04  1.10193714691885e-03
  1.24429828873858e-03  1.40431741228730e-03  1.58406329168444e-03
  1.78582790484439e-03  2.01214759287547e-03  2.26582579181545e-03
  2.54995738313659e-03  2.86795470718140e-03  3.22357526782110e-03
  3.62095114183356e-03  4.06462009208603e-03  4.55955836163792e-03
  5.11121509900983e-03  5.72554834543419e-03  6.40906247420002e-03
  7.16884694307215e-03  8.01261618356493e-03  8.94875039524977e-03
  9.98633697944372e-03  1.11352122862105e-02  1.24060032797095e-02
  1.38101686991332e-02  1.53600391708495e-02  1.70688557112396e-02
  1.89508059508874e-02  2.10210573292649e-02  2.32957864607021e-02
  2.57922037388767e-02  2.85285722155902e-02  3.15242196283796e-02
  3.47995425157536e-02  3.83760010125036e-02  4.22761032216666e-02
  4.65233775648923e-02  5.11423318393977e-02  5.61583974005326e-02
  6.15978569910308e-02  6.74877546980251e-02  7.38557865324310e-02
  8.07301702022862e-02  8.81394926492212e-02  9.61125341881141e-02
  1.04678068049207e-01  1.13864634534180e-01  1.23700289105926e-01
  1.34212324073004e-01  1.45426964044907e-01  1.57369035402053e-01
  1.70061611029995e-01  1.83525631530786e-01  1.97779505112015e-01
  2.12838688833090e-01  2.28715254388479e-01  2.45417442540512e-01
  2.62949210683668e-01  2.81309778792692e-01  3.00493179586588e-01
  3.20487819136578e-01  3.41276054815709e-01  3.62833797633509e-01
  3.85130146482326e-01  4.08127062036273e-01  4.31779088185042e-01
  4.56033129272484e-01  4.80828291445530e-01  5.06095796928280e-01
  5.31758980048638e-01  5.57733374331540e-01  5.83926899799761e-01
  6.10240159470238e-01  6.36566853238411e-01  6.62794315850062e-01
  6.88804183590125e-01  7.14473191422900e-01  7.39674098756070e-01
  7.64276738207768e-01  7.88149177432825e-01  8.11158980060562e-01
  8.33174547834963e-01  8.54066522287744e-01  8.73709221846502e-01
  8.91982087136670e-01  9.08771106648251e-01  9.23970193434287e-01
  9.37482484391422e-01  9.49221534461606e-01  9.59112380347211e-01
  9.67092451186721e-01  9.73112307267308e-01  9.77136192106997e-01
  9.79142387909023e-01  9.79123369308854e-01  9.77085755387743e-01
  9.73050064772785e-01  9.67050283322871e-01  9.59133258003988e-01
  9.49357934216346e-01  9.37794456684398e-01  9.24523156248756e-01
  9.09633446218975e-01  8.93222652618779e-01  8.75394802446861e-01
  8.56259393332432e-01  8.35930166476647e-01  8.14523902941897e-01
  7.92159260995602e-01  7.68955669741957e-01  7.45032291514638e-01
  7.20507062844879e-01  6.95495821066719e-01  6.70111521212788e-01
  6.44463545198847e-01  6.18657104235375e-01  5.92792731320344e-01
  5.66965862958428e-01  5.41266503194267e-01  5.15778967505982e-01
  4.90581698394155e-01  4.65747148220532e-01  4.41341722004157e-01
  4.17425774175113e-01  3.94053653203379e-01  3.71273787916546e-01
  3.49128810176348e-01  3.27655708555713e-01  3.06886008285769e-01
  2.86845973139619e-01  2.67556825264631e-01  2.49034979536068e-01
  2.31292289136380e-01  2.14336299883205e-01  1.98170510499175e-01
  1.82794637029816e-01  1.68204879258704e-01  1.54394187573075e-01
  1.41352528751598e-01  1.29067149294421e-01  1.17522835095298e-01
  1.06702166308726e-01  9.65857663567790e-02  8.71525441357904e-02
  7.83799285047931e-02  7.02440942809970e-02  6.27201790031962e-02
  5.57824898554097e-02  4.94047002173683e-02  4.35600354271427e-02
  3.82214474329685e-02  3.33617781254872e-02  2.89539112268273e-02
  2.49709127193893e-02  2.13861598663599e-02  1.81734589640243e-02
  1.53071520183412e-02  1.27622126015000e-02  1.05143311793502e-02
  8.53999024036950e-03  6.81652957448267e-03  5.32220207077824e-03
  4.03622040620340e-03  2.93879500343962e-03  2.01116362186657e-03
  1.23561299005045e-03  5.95492773982159e-04  7.52222587209195e-05
 -3.39709844169249e-04 -6.62752222102957e-04 -9.06304006516478e-04
 -1.08173370893432e-03 -1.19940368338945e-03 -1.26869973617461e-03
 -1.29806548309704e-03 -1.29504102775229e-03 -1.26630550433070e-03
 -1.21772299745189e-03 -1.15439131963510e-03 -1.08069309556790e-03
 -1.00034857985251e-03 -9.16469610586797e-04 -8.31614093524304e-04
 -7.47840408183599e-04 -6.66761135951741e-04 -5.89595533782707e-04
 -5.17220210116232e-04 -4.50217505963952e-04 -3.88921141775321e-04
 -3.33458757624564e-04 -2.83791049261567e-04 -2.39747282551786e-04
 -2.01057051697446e-04 -1.67378229062395e-04 -1.38321134064986e-04
 -1.13469022479370e-04 -9.23950636138678e-05 -7.46760290806455e-05
 -5.99029621122246e-05 -4.76891296296393e-05 -3.76755804814352e-05
 -2.95346426426553e-05 -2.29716906591488e-05 -1.77255033712323e-05
 -1.35675126184671e-05 -1.03002178873971e-05 -7.75501163440020e-06
 -5.78962697326072e-06 -4.28538557296319e-06 -3.14438980844429e-06
 -2.28677174495375e-06 -1.64808203281388e-06 -1.17687615777033e-06
 -8.32533531928583e-07 -5.83326199253048e-07 -4.04740254412147e-07
 -2.78041386036935e-07 -1.89068902641212e-07 -1.27237274242397e-07
 -8.47216939310203e-08 -5.58032837813536e-08 -3.63500429503205e-08
 -2.34110921180834e-08 -1.49038270554582e-08 -9.37599557603387e-09
 -5.82721062372403e-09 -3.57687928298368e-09 -2.16780704899446e-09
 -1.29681678841405e-09 -7.65495721227990e-10 -4.45732602952445e-10
 -2.55934691097800e-10 -1.44864541562480e-10 -8.08009588629274e-11
 -4.43962415187139e-11 -2.40201329283669e-11 -1.27925406037667e-11
 -6.70352743179907e-12 -3.45498748552604e-12 -1.75073097430741e-12
 -8.71849899012090e-13 -4.26506775538106e-13 -2.04870738757407e-13
 -9.65843601759461e-14 -4.46688451420505e-14 -2.02566159975976e-14
 -9.00287527330664e-15 -3.91949767767720e-15 -1.67067480847744e-15
 -6.96843781197588e-16 -2.84262021944429e-16 -1.13343482423210e-16
 -4.41538332959466e-17 -1.68029553246487e-17 -6.23995001218272e-18
 -2.25991841372951e-18 -7.97724997730226e-19 -2.74342327056285e-19
 -9.19174512388217e-20 -3.00366807709475e-20 -9.55523551396466e-21
 -2.95198367692259e-21 -8.85024291484004e-22 -2.57301631327366e-22
 -7.24844833320523e-23 -1.97707510001120e-23 -5.21709232489775e-24
 -1.33077208694489e-24 -3.27855082103042e-25 -7.79447676706540e-26
 -1.78662237999992e-26 -3.94478407103197e-27 -8.38208333024047e-28
 -1.71238743491075e-28 -3.36004914230608e-29 -6.32621399711267e-30
 -1.14168557003431e-30
 (i6, f12.0, f18.0, f8.3, i6)
   670  60.0000000  0.02500000000000  28.000     2
 (3e22.14)
  2.99785627573422e-06  3.14822239435847e-06  3.30613016966885e-06
  3.47195782587790e-06  3.64610255336458e-06  3.82898145956288e-06
  4.02103256751086e-06  4.22271586444773e-06  4.43451440296639e-06
  4.65693545735412e-06  4.89051173788764e-06  5.13580266598148e-06
  5.39339571324481e-06  5.66390780763799e-06  5.94798681010478e-06
  6.24631306518648e-06  6.55960102936013e-06  6.88860098093621e-06
  7.23410081568921e-06  7.59692793238457e-06  7.97795121286751e-06
  8.37808310127808e-06  8.79828178750214e-06  9.23955349997383e-06
  9.70295491336786e-06  1.01895956768869e-05  1.07006410692405e-05
  1.12373147865653e-05  1.18009018700825e-05  1.23927517802839e-05
  1.30142816252358e-05  1.36669795504470e-05  1.43524082986175e-05
  1.50722089476040e-05  1.58281048356225e-05  1.66219056829800e-05
  1.74555119202674e-05  1.83309192331880e-05  1.92502233350959e-05
  2.02156249782947e-05  2.12294352164674e-05  2.22940809303504e-05
  2.34121106302039e-05  2.45862005486439e-05  2.58191610385270e-05
  2.71139432910140e-05  2.84736463899823e-05  2.99015247193462e-05
  3.14009957413210e-05  3.29756481636020e-05  3.46292505156138e-05
  3.63657601535227e-05  3.81893327160834e-05  4.01043320533863e-05
  4.21153406524142e-05  4.42271705840162e-05  4.64448749976150e-05
  4.87737601905745e-05  5.12193982815851e-05  5.37876405172751e-05
  5.64846312448626e-05  5.93168225828409e-05  6.22909898256240e-05
  6.54142476180081e-05  6.86940669383456e-05  7.21382929304209e-05
  7.57551636268333e-05  7.95533296076293e-05  8.35418746419429e-05
  8.77303373600599e-05  9.21287340092996e-05  9.67475823456355e-05
  1.01597926719482e-04  1.06691364413861e-04  1.12040073298157e-04
  1.17656840862397e-04  1.23555094701606e-04  1.29748934521214e-04
  1.36253165741022e-04  1.43083334775153e-04  1.50255766073565e-04
  1.57787601011005e-04  1.65696838716639e-04  1.74002378939670e-04
  1.82724067053925e-04  1.91882741305004e-04  2.01500282415444e-04
  2.11599665660211e-04  2.22205015540201e-04  2.33341663178663e-04
  2.45036206578637e-04  2.57316573881721e-04  2.70212089778385e-04
  2.83753545224631e-04  2.97973270631504e-04  3.12905212695860e-04
  3.28585015058435e-04  3.45050102971953e-04  3.62339772185243e-04
  3.80495282245911e-04  3.99559954444847e-04  4.19579274629539e-04
  4.40601001129211e-04  4.62675278041956e-04  4.85854754153201e-04
  5.10194707757400e-04  5.35753177683946e-04  5.62591100821989e-04
  5.90772456477314e-04  6.20364417887819e-04  6.51437511258324e-04
  6.84065782680735e-04  7.18326973331768e-04  7.54302703351434e-04
  7.92078664836867e-04  8.31744824389203e-04  8.73395635699154e-04
  9.17130262645070e-04  9.63052813440776e-04  1.01127258635805e-03
  1.06190432760463e-03  1.11506850194625e-03  1.17089157670344e-03
  1.22950631977080e-03  1.29105211235762e-03  1.35567527715169e-03
  1.42352942268734e-03  1.49477580467629e-03  1.56958370516464e-03
  1.64813083035622e-03  1.73060372803394e-03  1.81719822552118e-03
  1.90811988919345e-03  2.00358450657599e-03  2.10381859214611e-03
  2.20905991796241e-03  2.31955807036203e-03  2.43557503395397e-03
  2.55738580426128e-03  2.68527903037649e-03  2.81955768910280e-03
  2.96053979207310e-03  3.10855912748504e-03  3.26396603805450e-03
  3.42712823701396e-03  3.59843166390357e-03  3.77828138213650e-03
  3.96710252029626e-03  4.16534125929205e-03  4.37346586754683e-03
  4.59196778654304e-03  4.82136276908902e-03  5.06219207288628e-03
  5.31502371193854e-03  5.58045376867251e-03  5.85910776953075e-03
  6.15164212715433e-03  6.45874565223264e-03  6.78114113836219e-03
  7.11958702332551e-03  7.47487913043781e-03  7.84785249365632e-03
  8.23938327049714e-03  8.65039074671596e-03  9.08183943724779e-03
  9.53474128768993e-03  1.00101579811962e-02  1.05092033555548e-02
  1.10330459356433e-02  1.15829115865448e-02  1.21600862929758e-02
  1.27659190707260e-02  1.34018250163698e-02  1.40692885013166e-02
  1.47698665171489e-02  1.55051921787894e-02  1.62769783929896e-02
  1.70870216994179e-02  1.79372062922938e-02  1.88295082306058e-02
  1.97659998455262e-02  2.07488543536480e-02  2.17803506855597e-02
  2.28628785388746e-02  2.39989436662567e-02  2.51911734082081e-02
  2.64423224819219e-02  2.77552790370441e-02  2.91330709902316e-02
  3.05788726504442e-02  3.20960116477829e-02  3.36879761785822e-02
  3.53584225808718e-02  3.71111832534884e-02  3.89502749344370e-02
  4.08799073525921e-02  4.29044922693281e-02  4.50286529256849e-02
  4.72572339122933e-02  4.95953114791687e-02  5.20482043037790e-02
  5.46214847353807e-02  5.73209905358173e-02  6.01528371352605e-02
  6.31234304251287e-02  6.62394801075032e-02  6.95080136243873e-02
  7.29363906881227e-02  7.65323184367358e-02  8.03038672374137e-02
  8.42594871631750e-02  8.84080251666627e-02  9.27587429783795e-02
  9.73213357532191e-02  1.02105951495213e-01  1.07123211284774e-01
  1.12384230339211e-01  1.17900639933131e-01  1.23684610209018e-01
  1.29748873906614e-01  1.36106751042302e-01  1.42772174566919e-01
  1.49759717035429e-01  1.57084618316036e-01  1.64762814373243e-01
  1.72810967153281e-01  1.81246495605254e-01  1.90087607867189e-01
  1.99353334650793e-01  2.09063563851030e-01  2.19239076417282e-01
  2.29901583507646e-01  2.41073764963322e-01  2.52779309124205e-01
  2.65042954017089e-01  2.77890529939031e-01  2.91349003461775e-01
  3.05446522876402e-01  3.20212465102371e-01  3.35677484071631e-01
  3.51873560612127e-01  3.68834053829987e-01  3.86593754011264e-01
  4.05188937036308e-01  4.24657420314512e-01  4.45038620229509e-01
  4.66373611088314e-01  4.88705185553285e-01  5.12077916542155e-01
  5.36538220554416e-01  5.62134422404102e-01  5.88916821291183e-01
  6.16937758179517e-01  6.46251684396547e-01  6.76915231393007e-01
  7.08987281566158e-01  7.42529040053042e-01  7.77604107370659e-01
  8.14278552788325e-01  8.52620988265722e-01  8.92702642825915e-01
  9.34597437143748e-01  9.78382058190691e-01  1.02413603367971e+00
  1.07194180609195e+00  1.12188480600192e+00  1.17405352442040e+00
  1.22853958381889e+00  1.28543780751191e+00  1.34484628697903e+00
  1.40686644677059e+00  1.47160310648129e+00  1.53916453938298e+00
  1.60966252713395e+00  1.68321241005081e+00  1.75993313231167e+00
  1.83994728147222e+00  1.92338112156849e+00  2.01036461912152e+00
  2.10103146118187e+00  2.19551906467514e+00  2.29396857603729e+00
  2.39652486031697e+00  2.50333647863276e+00  2.61455565301732e+00
  2.73033821743546e+00  2.85084355392454e+00  2.97623451243965e+00
  3.10667731331657e+00  3.24234143077625e+00  3.38339945622739e+00
  3.53002693974105e+00  3.68240220829362e+00  3.84070615898524e+00
  4.00512202584411e+00  4.17583511818943e+00  4.35303252910319e+00
  4.53690281196084e+00  4.72763562335717e+00  4.92542133038983e+00
  5.13045058063034e+00  5.34291383250673e+00  5.56300084468951e+00
  5.79090012193956e+00  6.02679831614802e+00  6.27087958017887e+00
  6.52332487306086e+00  6.78431121454446e+00  7.05401088755729e+00
  7.33259058673812e+00  7.62021051201401e+00  7.91702340541881e+00
  8.22317353078532e+00  8.53879559461231e+00  8.86401360836267e+00
  9.19893969111841e+00  9.54367281323585e+00  9.89829748073326e+00
  1.02628823620787e+01  1.06374788573501e+01  1.10221196132227e+01
  1.14168169841170e+01  1.18215614443583e+01  1.22363199533406e+01
  1.26610342791109e+01  1.30956192847314e+01  1.35399611839221e+01
  1.39939157720236e+01  1.44573066411865e+01  1.49299233869168e+01
  1.54115198179775e+01  1.59018121780524e+01  1.64004773938084e+01
  1.69071513605879e+01  1.74214272819099e+01  1.79428540771367e+01
  1.84709348765294e+01  1.90051256190699e+01  1.95448337771867e+01
  2.00894172243222e+01  2.06381832729526e+01  2.11903879023636e+01
  2.17452352042497e+01  2.23018770692555e+01  2.28594131449136e+01
  2.34168910874786e+01  2.39733071433553e+01  2.45276070804646e+01
  2.50786875073241e+01  2.56253976020045e+01  2.61665412848550e+01
  2.67008798603387e+01  2.72271351575788e+01  2.77439931930406e+01
  2.82501083832830e+01  2.87441083245385e+01  2.92245991651601e+01
  2.96901715772207e+01  3.01394073513076e+01  3.05708866072391e+01
  3.09831956371115e+01  3.13749353643131e+01  3.17447304171366e+01
  3.20912387928172e+01  3.24131620912460e+01  3.27092562787559e+01
  3.29783429446667e+01  3.32193209893154e+01  3.34311786898124e+01
  3.36130060552364e+01  3.37640074028090e+01  3.38835140373189e+01
  3.39709969441363e+01  3.40260793590287e+01  3.40485490932634e+01
  3.40383704618594e+01  3.39956956697906e+01  3.39208754786135e+01
  3.38144689976337e+01  3.36772523984462e+01  3.35102263847625e+01
  3.33146222111149e+01  3.30919060664997e+01  3.28437816219628e+01
  3.25721905599783e+01  3.22793108876157e+01  3.19675528756978e+01
  3.16395524363832e+01  3.12981618184002e+01  3.09464374662041e+01
  3.05876249594004e+01  3.02251409410902e+01  2.98625520027225e+01
  2.95035505005921e+01  2.91519273558586e+01  2.88115418815749e+01
  2.84862887876613e+01  2.81800625000484e+01  2.78967190351431e+01
  2.76400356840096e+01  2.74136688373567e+01  2.72211103223232e+01
  2.70656426819798e+01  2.69502938757472e+01  2.68777919229920e+01
  2.68505200656007e+01  2.68704730537483e+01  2.69392151982328e+01
  2.70578408576504e+01  2.72269380447655e+01  2.74465558473370e+01
  2.77161763548775e+01  2.80346917747039e+01  2.84003873889273e+01
  2.88109309802504e+01  2.92633692884456e+01  2.97541320178820e+01
  3.02790438200117e+01  3.08333446074345e+01  3.14117184381773e+01
  3.20083311135275e+01  3.26168764924757e+01  3.32306314179220e+01
  3.38425189823380e+01  3.44451797432892e+01  3.50310503305230e+01
  3.55924487451753e+01  3.61216655021509e+01  3.66110596204999e+01
  3.70531583237097e+01  3.74407591936922e+01  3.77670333878435e+01
  3.80256284451515e+01  3.82107691072578e+01  3.83173545265999e+01
  3.83410501887211e+01  3.82783728640115e+01  3.81267669095714e+01
  3.78846703008627e+01  3.75515688185240e+01  3.71280369613024e+01
  3.66157642484072e+01  3.60175657930150e+01  3.53373761970126e+01
  3.45802260814645e+01  3.37522008125678e+01  3.28603813055380e+01
  3.19127670711453e+01  3.09181820565993e+01  2.98861641324731e+01
  2.88268394924786e+01  2.77507835486398e+01  2.66688702901994e+01
  2.55921123916903e+01  2.45314946709120e+01  2.34978037583165e+01
  2.25014570710597e+01  2.15523343207800e+01  2.06596149004007e+01
  1.98316244782386e+01  1.90756940754372e+01  1.83980347299661e+01
  1.78036306082565e+01  1.72961530961820e+01  1.68778979881406e+01
  1.65497474348206e+01  1.63111577660878e+01  1.61601737632528e+01
  1.60934693531461e+01  1.61064141094171e+01  1.61931643526877e+01
  1.63467770704167e+01  1.65593443333628e+01  1.68221453885887e+01
  1.71258131665758e+01  1.74605115702784e+01  1.78161196300819e+01
  1.81824184228704e+01  1.85492765783385e+01  1.89068302381122e+01
  1.92456534948207e+01  1.95569156213541e+01  1.98325217895507e+01
  2.00652344708382e+01  2.02487732784987e+01  2.03778916442900e+01
  2.04484293857313e+01  2.04573408978161e+01  2.04026993650828e+01
  2.02836780131014e+01  2.01005099842989e+01  1.98544289102811e+01
  1.95475926505783e+01  1.91829929660681e+01  1.87643540897461e+01
  1.82960232502281e+01  1.77828561951116e+01  1.72301006654213e+01
  1.66432805968481e+01  1.60280835789039e+01  1.53902538124788e+01
  1.47354924722080e+01  1.40693670291452e+01  1.33972307255824e+01
  1.27241530359714e+01  1.20548616024521e+01  1.13936958133113e+01
  1.07445718976341e+01  1.01109591544423e+01  9.49586671428053e+00
  8.90184004775870e+00  8.33096629916976e+00  7.78488741536352e+00
  7.26481997755178e+00  6.77158060935212e+00  6.30561583292704e+00
  5.86703527118935e+00  5.45564714158039e+00  5.07099505682248e+00
  4.71239523083102e+00  4.37897328497747e+00  4.06969995359627e+00
  3.78342509716293e+00  3.51890954191818e+00  3.27485437458191e+00
  3.04992742475413e+00  2.84278676936463e+00  2.65210118053733e+00
  2.47656752302361e+00  2.31492517565143e+00  2.16596761068071e+00
  2.02855131334474e+00  1.90160225848831e+00  1.78412018724052e+00
  1.67518094110242e+00  1.57393711608028e+00  1.47961729768129e+00
  1.39152412753267e+00  1.30903143836831e+00  1.23158067477605e+00
  1.15867679570732e+00  1.08988383116221e+00  1.02482024153583e+00
  9.63154204121528e-01  9.04598928663852e-01  8.48908082315236e-01
  7.95871385346906e-01  7.45310421746924e-01  6.97074694445718e-01
  6.51037942672183e-01  6.07094729313965e-01  5.65157298587362e-01
  5.25152698932215e-01  4.87020162280257e-01  4.50708728717249e-01
  4.16175104490056e-01  3.83381741285697e-01  3.52295125214155e-01
  3.22884264960443e-01  2.95119369559593e-01  2.68970707578200e-01
  2.44407640255544e-01  2.21397822019105e-01  1.99906562108672e-01
  1.79896341050438e-01  1.61326475444887e-01  1.44152923761651e-01
  1.28328224973681e-01  1.13801560554917e-01  1.00518929203704e-01
  8.84234221516820e-02  7.74555857686914e-02  6.75538569386221e-02
  5.86550558433517e-02  5.06949201657765e-02  4.36086645252853e-02
  3.73315491148496e-02  3.17994421228919e-02  2.69493615125268e-02
  2.27199831362872e-02  1.90521038760345e-02  1.58890505082997e-02
  1.31770271760243e-02  1.08653966571877e-02  8.90689293038613e-03
  7.25776479057771e-03  5.87785235539545e-03  4.73060017264445e-03
  3.78301221674541e-03  3.00555531853088e-03  2.37201847217147e-03
  1.85933601018845e-03  1.44738283492700e-03  1.11874977616016e-03
  8.58506744977999e-04  6.53960725542290e-04  4.94414841326370e-04
  3.70933811087967e-04  2.76120123364257e-04  2.03904264298871e-04
  1.49351368101688e-04  1.08485772756079e-04  7.81341614661026e-05
  5.57873006735860e-05  3.94798242065357e-05  2.76870864163172e-05
  1.92378078006355e-05  1.32410218501567e-05  9.02575398615626e-06
  6.09181973731066e-06  4.07018907044902e-06  2.69144424235856e-06
  1.76098429384460e-06  1.13977093607917e-06  7.29559923898576e-07
  4.61712350810804e-07  2.88822752911508e-07  1.78533370692162e-07
  1.09021063028603e-07  6.57469775743929e-08  3.91455826269928e-08
  2.30035713153557e-08  1.33374343929499e-08  7.62729566542367e-09
  4.30070533708780e-09  2.39018081261236e-09  1.30881985085723e-09
  7.05891262058968e-10  3.74818462218378e-10  1.95874594019338e-10
  1.00696882556327e-10  5.09049473399934e-11  2.52951390317913e-11
  1.23498178673225e-11  5.92156770197374e-12  2.78719246196119e-12
  1.28720537524690e-12  5.83002933841885e-13  2.58834343481773e-13
  1.12585521834009e-13  4.79542641398603e-14  1.99906276761642e-14
  8.15169379187379e-15  3.24966140059076e-15  1.26582248017170e-15
  4.81640983134917e-16  1.78866197185778e-16  6.47895171866120e-17
  2.28762065791088e-17  7.86854363678770e-18  2.63486385045452e-18
  8.58440138522259e-19  2.71789789061715e-19  8.36089081672481e-20
  2.49674326778770e-20  7.23227543190593e-21  2.03060661220279e-21
  5.52189947235486e-22  1.45317207557830e-22  3.69791697733658e-23
  9.09172133460196e-24  2.15780702708073e-24  4.93942654873951e-25
  1.08955430597219e-25  2.31383044187033e-26  4.72625433505330e-27
  9.27659782161857e-28  1.74791382547959e-28  3.15845539779165e-29
  5.46772632503809e-30
  8.57961410427236e-25  9.78774144905159e-25  1.11659446390660e-24
  1.27381588436570e-24  1.45316864773161e-24  1.65776706980473e-24
  1.89116354536354e-24  2.15741014227810e-24  2.46112885099420e-24
  2.80759170481419e-24  3.20281215703471e-24  3.65364929532970e-24
  4.16792669558399e-24  4.75456797009110e-24  5.42375135326384e-24
  6.18708599655182e-24  7.05781301886146e-24  8.05103478583490e-24
  9.18397637817175e-24  1.04762837642517e-23  1.19503638249096e-23
  1.36317720996192e-23  1.55496549453522e-23  1.77372537367112e-23
  2.02324798041465e-23  2.30785700247530e-23  2.63248343681409e-23
  3.00275082817140e-23  3.42507246028735e-23  3.90676217405168e-23
  4.45616072103702e-23  5.08277982777134e-23  5.79746645032104e-23
  6.61259004535468e-23  7.54225607895990e-23  8.60254944456126e-23
  9.81181197428835e-23  1.11909588125866e-22  1.27638390868452e-22
  1.45576470685761e-22  1.66033908832465e-22  1.89364268117363e-22
  2.15970683485799e-22  2.46312804604083e-22  2.80914709442783e-22
  3.20373924443852e-22  3.65371705752445e-22  4.16684757516129e-22
  4.75198587769813e-22  5.41922730342354e-22  6.18008093021795e-22
  7.04766728425659e-22  8.03694365263707e-22  9.16496084638617e-22
  1.04511557950293e-21  1.19176849627305e-21  1.35898042692538e-21
  1.54963019881406e-21  1.76699919931009e-21  2.01482757462697e-21
  2.29737825864394e-21  2.61950992005094e-21  2.98676006698711e-21
  3.40543972001373e-21  3.88274125964653e-21  4.42686127698605e-21
  5.04714050900854e-21  5.75422322791376e-21  6.56023878147894e-21
  7.47900835396833e-21  8.52628044104672e-21  9.71999901433822e-21
  1.10806088997159e-20  1.26314035172446e-20  1.43989208400510e-20
  1.64133942362463e-20  1.87092657752609e-20  2.13257706230678e-20
  2.43076023365327e-20  2.77056702152279e-20  3.15779614013216e-20
  3.59905221599900e-20  4.10185747520255e-20  4.67477885600194e-20
  5.32757266853240e-20  6.07134921372995e-20  6.91876010356432e-20
  7.88421139945279e-20  8.98410611144261e-20  1.02371200842217e-19
  1.16645158451156e-19  1.32904996125973e-19  1.51426273717654e-19
  1.72522667267058e-19  1.96551221518293e-19  2.23918322994620e-19
  2.55086491957720e-19  2.90582104901127e-19  3.31004174352965e-19
  3.77034329918950e-19  4.29448163957062e-19  4.89128127344394e-19
  5.57078185822940e-19  6.34440475784220e-19  7.22514230520834e-19
  8.22777284429153e-19  9.36910503970975e-19  1.06682554102033e-18
  1.21469635727047e-18  1.38299502846803e-18  1.57453240530246e-18
  1.79250428485462e-18  2.04054383377866e-18  2.32278110318708e-18
  2.64391058703450e-18  3.00926790234659e-18  3.42491681283668e-18
  3.89774797944400e-18  4.43559100455980e-18  5.04734154392520e-18
  5.74310549447351e-18  6.53436253125982e-18  7.43415156598145e-18
  8.45728103788772e-18  9.62056733009289e-18  1.09431050360466e-17
  1.24465732885318e-17  1.41555829141058e-17  1.60980697974875e-17
  1.83057405418708e-17  2.08145773028072e-17  2.36654095663842e-17
  2.69045616498173e-17  3.05845858385823e-17  3.47650923550785e-17
  3.95136887974656e-17  4.49070433144637e-17  5.10320876149018e-17
  5.79873779758591e-17  6.58846347385609e-17  7.48504833995084e-17
  8.50284233513487e-17  9.65810536449023e-17  1.09692588874851e-16
  1.24571702489571e-16  1.41454739545031e-16  1.60609346229940e-16
  1.82338569453781e-16  2.06985486492049e-16  2.34938432213350e-16
  2.66636899869711e-16  3.02578200929643e-16  3.43324980091619e-16
  3.89513693584326e-16  4.41864172280221e-16  5.01190406212226e-16
  5.68412703968471e-16  6.44571399376295e-16  7.30842299108342e-16
  8.28554088629572e-16  9.39207940542614e-16  1.06449959924140e-15
  1.20634424918645e-15  1.36690451153912e-15  1.54862195574648e-15
  1.75425255952600e-15  1.98690660309582e-15  2.25009354211634e-15
  2.54777246931655e-15  2.88440884806571e-15  3.26503828296652e-15
  3.69533818405976e-15  4.18170828335726e-15  4.73136107656818e-15
  5.35242339020570e-15  6.05405041660541e-15  6.84655371790657e-15
  7.74154487736201e-15  8.75209667369426e-15  9.89292387469179e-15
  1.11805859918506e-14  1.26337146118664e-14  1.42732682259562e-14
  1.61228178185437e-14  1.82088668554998e-14  2.05612097351377e-14
  2.32133332348991e-14  2.62028660112149e-14  2.95720817929066e-14
  3.33684625582977e-14  3.76453287085876e-14  4.24625440555459e-14
  4.78873043353322e-14  5.39950189583588e-14  6.08702968113254e-14
  6.86080481618108e-14  7.73147160860620e-14  8.71096523654990e-14
  9.81266544936466e-14  1.10515682318599e-13  1.24444774946352e-13
  1.40102190853085e-13  1.57698796755162e-13  1.77470733653204e-13
  1.99682391676927e-13  2.24629728908012e-13  2.52643973312277e-13
  2.84095751309733e-13  3.19399691384309e-13  3.59019556572566e-13
  4.03473965686811e-13  4.53342769839448e-13  5.09274158273240e-13
  5.71992575781816e-13  6.42307543194491e-13  7.21123482630803e-13
  8.09450660566159e-13  9.08417374411772e-13  1.01928352229501e-12
  1.14345571138067e-12  1.28250407736710e-12  1.43818100710773e-12
  1.61244197772247e-12  1.80746874943926e-12  2.02569517586353e-12
  2.26983592496514e-12  2.54291843676875e-12  2.84831848036613e-12
  3.18979971341398e-12  3.57155769255885e-12  3.99826883358152e-12
  4.47514487608521e-12  5.00799347011724e-12  5.60328557143301e-12
  6.26823041007727e-12  7.01085888274481e-12  7.84011631639863e-12
  8.76596565745305e-12  9.79950226106018e-12  1.09530815885306e-11
  1.22404612703787e-11  1.36769591587970e-11  1.52796291800262e-11
  1.70674570044670e-11  1.90615777853897e-11  2.12855184767230e-11
  2.37654675313225e-11  2.65305751065078e-11  2.96132872679705e-11
  3.30497180911670e-11  3.68800640165971e-11  4.11490653276051e-11
  4.59065201948453e-11  5.12078573749993e-11  5.71147743778109e-11
  6.36959487251959e-11  7.10278308435859e-11  7.91955281544301e-11
  8.82937910853973e-11  9.84281130235105e-11  1.09715957696388e-10
  1.22288129114842e-10  1.36290301071657e-10  1.51884725283184e-10
  1.69252139628922e-10  1.88593900610412e-10  2.10134367167672e-10
  2.34123566396187e-10  2.60840175562272e-10  2.90594859166374e-10
  3.23734004742696e-10  3.60643906658351e-10  4.01755453509563e-10
  4.47549381876620e-10  4.98562167333035e-10  5.55392632829954e-10
  6.18709365047735e-10  6.89259041195460e-10  7.67875782257811e-10
  8.55491664030906e-10  9.53148534764485e-10  1.06201130808101e-09
  1.18338292244724e-09  1.31872118421544e-09  1.46965774055125e-09
  1.63801946195755e-09  1.82585255215332e-09  2.03544974646703e-09
  2.26938100933533e-09  2.53052819800446e-09  2.82212422381456e-09
  3.14779731608796e-09  3.51162107739913e-09  3.91817111492445e-09
  4.37258914192856e-09  4.88065556850691e-09  5.44887174336483e-09
  6.08455317199603e-09  6.79593522234906e-09  7.59229304360237e-09
  8.48407766560152e-09  9.48307052696850e-09  1.06025589970291e-08
  1.18575358217755e-08  1.32649258398952e-08  1.48438437925623e-08
  1.66158875922959e-08  1.86054720433564e-08  2.08402087129071e-08
  2.33513384709107e-08  2.61742241443990e-08  2.93489117967287e-08
  3.29207703594910e-08  3.69412207317077e-08  4.14685670571825e-08
  4.65689446917362e-08  5.23174014663704e-08  5.87991311988825e-08
  6.61108811302222e-08  7.43625580387907e-08  8.36790613220976e-08
  9.42023753382438e-08  1.06093957934339e-07  1.19537467256752e-07
  1.34741874993175e-07  1.51945020924113e-07  1.71417671473274e-07
  1.93468153758101e-07  2.18447646702932e-07  2.46756222248968e-07
  2.78849742668894e-07  3.15247734954682e-07  3.56542379845931e-07
  4.03408772547977e-07  4.56616633586033e-07  5.17043673198360e-07
  5.85690840523898e-07  6.63699720694204e-07  7.52372378784734e-07
  8.53193990507408e-07  9.67858645962123e-07  1.09829876360539e-06
  1.24671861313442e-06  1.41563251028015e-06  1.60790832148013e-06
  1.82681700708724e-06  2.07608901505429e-06  2.35997846279110e-06
  2.68333614571076e-06  3.05169256748680e-06  3.47135232368606e-06
  3.94950135309608e-06  4.49432876227130e-06  5.11516513630050e-06
  5.82263950876129e-06  6.62885741054821e-06  7.54760274562573e-06
  8.59456654976912e-06  9.78760609750077e-06  1.11470381975019e-05
  1.26959710323654e-05  1.44606793544585e-05  1.64710284851007e-05
  1.87609531197892e-05  2.13689977303882e-05  2.43389260159236e-05
  2.77204078146771e-05  3.15697927229919e-05  3.59509807245238e-05
  4.09364013090517e-05  4.66081136156924e-05  5.30590416968332e-05
  6.03943601932762e-05  6.87330475022030e-05  7.82096250261032e-05
  8.89761031236054e-05  1.01204156022505e-04  1.15087550560687e-04
  1.30844855236814e-04  1.48722459075814e-04  1.68997931833535e-04
  1.91983760115759e-04  2.18031496294151e-04  2.47536361002163e-04
  2.80942341175270e-04  3.18747831391390e-04  3.61511866283238e-04
  4.09860997855716e-04  4.64496872676354e-04  5.26204568040977e-04
  5.95861748738991e-04  6.74448709300509e-04  7.63059368325339e-04
  8.62913284907553e-04  9.75368767379413e-04  1.10193714691885e-03
  1.24429828873858e-03  1.40431741228730e-03  1.58406329168444e-03
  1.78582790484439e-03  2.01214759287547e-03  2.26582579181545e-03
  2.54995738313659e-03  2.86795470718140e-03  3.22357526782110e-03
  3.62095114183356e-03  4.06462009208603e-03  4.55955836163792e-03
  5.11121509900983e-03  5.72554834543419e-03  6.40906247420002e-03
  7.16884694307215e-03  8.01261618356493e-03  8.94875039524977e-03
  9.98633697944372e-03  1.11352122862105e-02  1.24060032797095e-02
  1.38101686991332e-02  1.53600391708495e-02  1.70688557112396e-02
  1.89508059508874e-02  2.10210573292649e-02  2.32957864607021e-02
  2.57922037388767e-02  2.85285722155902e-02  3.15242196283796e-02
  3.47995425157536e-02  3.83760010125036e-02  4.22761032216666e-02
  4.65233775648923e-02  5.11423318393977e-02  5.61583974005326e-02
  6.15978569910308e-02  6.74877546980251e-02  7.38557865324310e-02
  8.07301702022862e-02  8.81394926492212e-02  9.61125341881141e-02
  1.04678068049207e-01  1.13864634534180e-01  1.23700289105926e-01
  1.34212324073004e-01  1.45426964044907e-01  1.57369035402053e-01
  1.70061611029995e-01  1.83525631530786e-01  1.97779505112015e-01
  2.12838688833090e-01  2.28715254388479e-01  2.45417442540512e-01
  2.62949210683668e-01  2.81309778792692e-01  3.00493179586588e-01
  3.20487819136578e-01  3.41276054815709e-01  3.62833797633509e-01
  3.85130146482326e-01  4.08127062036273e-01  4.31779088185042e-01
  4.56033129272484e-01  4.80828291445530e-01  5.06095796928280e-01
  5.31758980048638e-01  5.57733374331540e-01  5.83926899799761e-01
  6.10240159470238e-01  6.36566853238411e-01  6.62794315850062e-01
  6.88804183590125e-01  7.14473191422900e-01  7.39674098756070e-01
  7.64276738207768e-01  7.88149177432825e-01  8.11158980060562e-01
  8.33174547834963e-01  8.54066522287744e-01  8.73709221846502e-01
  8.91982087136670e-01  9.08771106648251e-01  9.23970193434287e-01
  9.37482484391422e-01  9.49221534461606e-01  9.59112380347211e-01
  9.67092451186721e-01  9.73112307267308e-01  9.77136192106997e-01
  9.79142387909023e-01  9.79123369308854e-01  9.77085755387743e-01
  9.73050064772785e-01  9.67050283322871e-01  9.59133258003988e-01
  9.49357934216346e-01  9.37794456684398e-01  9.24523156248756e-01
  9.09633446218975e-01  8.93222652618779e-01  8.75394802446861e-01
  8.56259393332432e-01  8.35930166476647e-01  8.14523902941897e-01
  7.92159260995602e-01  7.68955669741957e-01  7.45032291514638e-01
  7.20507062844879e-01  6.95495821066719e-01  6.70111521212788e-01
  6.44463545198847e-01  6.18657104235375e-01  5.92792731320344e-01
  5.66965862958428e-01  5.41266503194267e-01  5.15778967505982e-01
  4.90581698394155e-01  4.65747148220532e-01  4.41341722004157e-01
  4.17425774175113e-01  3.94053653203379e-01  3.71273787916546e-01
  3.49128810176348e-01  3.27655708555713e-01  3.06886008285769e-01
  2.86845973139619e-01  2.67556825264631e-01  2.49034979536068e-01
  2.31292289136380e-01  2.14336299883205e-01  1.98170510499175e-01
  1.82794637029816e-01  1.68204879258704e-01  1.54394187573075e-01
  1.41352528751598e-01  1.29067149294421e-01  1.17522835095298e-01
  1.06702166308726e-01  9.65857663567790e-02  8.71525441357904e-02
  7.83799285047931e-02  7.02440942809970e-02  6.27201790031962e-02
  5.57824898554097e-02  4.94047002173683e-02  4.35600354271427e-02
  3.82214474329685e-02  3.33617781254872e-02  2.89539112268273e-02
  2.49709127193893e-02  2.13861598663599e-02  1.81734589640243e-02
  1.53071520183412e-02  1.27622126015000e-02  1.05143311793502e-02
  8.53999024036950e-03  6.81652957448267e-03  5.32220207077824e-03
  4.03622040620340e-03  2.93879500343962e-03  2.01116362186657e-03
  1.23561299005045e-03  5.95492773982159e-04  7.52222587209195e-05
 -3.39709844169249e-04 -6.62752222102957e-04 -9.06304006516478e-04
 -1.08173370893432e-03 -1.19940368338945e-03 -1.26869973617461e-03
 -1.29806548309704e-03 -1.29504102775229e-03 -1.26630550433070e-03
 -1.21772299745189e-03 -1.15439131963510e-03 -1.08069309556790e-03
 -1.00034857985251e-03 -9.16469610586797e-04 -8.31614093524304e-04
 -7.47840408183599e-04 -6.66761135951741e-04 -5.89595533782707e-04
 -5.17220210116232e-04 -4.50217505963952e-04 -3.88921141775321e-04
 -3.33458757624564e-04 -2.83791049261567e-04 -2.39747282551786e-04
 -2.01057051697446e-04 -1.67378229062395e-04 -1.38321134064986e-04
 -1.13469022479370e-04 -9.23950636138678e-05 -7.46760290806455e-05
 -5.99029621122246e-05 -4.76891296296393e-05 -3.76755804814352e-05
 -2.95346426426553e-05 -2.29716906591488e-05 -1.77255033712323e-05
 -1.35675126184671e-05 -1.03002178873971e-05 -7.75501163440020e-06
 -5.78962697326072e-06 -4.28538557296319e-06 -3.14438980844429e-06
 -2.28677174495375e-06 -1.64808203281388e-06 -1.17687615777033e-06
 -8.32533531928583e-07 -5.83326199253048e-07 -4.04740254412147e-07
 -2.78041386036935e-07 -1.89068902641212e-07 -1.27237274242397e-07
 -8.47216939310203e-08 -5.58032837813536e-08 -3.63500429503205e-08
 -2.34110921180834e-08 -1.49038270554582e-08 -9.37599557603387e-09
 -5.82721062372403e-09 -3.57687928298368e-09 -2.16780704899446e-09
 -1.29681678841405e-09 -7.65495721227990e-10 -4.45732602952445e-10
 -2.55934691097800e-10 -1.44864541562480e-10 -8.08009588629274e-11
 -4.43962415187139e-11 -2.40201329283669e-11 -1.27925406037667e-11
 -6.70352743179907e-12 -3.45498748552604e-12 -1.75073097430741e-12
 -8.71849899012090e-13 -4.26506775538106e-13 -2.04870738757407e-13
 -9.65843601759461e-14 -4.46688451420505e-14 -2.02566159975976e-14
 -9.00287527330664e-15 -3.91949767767720e-15 -1.67067480847744e-15
 -6.96843781197588e-16 -2.84262021944429e-16 -1.13343482423210e-16
 -4.41538332959466e-17 -1.68029553246487e-17 -6.23995001218272e-18
 -2.25991841372951e-18 -7.97724997730226e-19 -2.74342327056285e-19
 -9.19174512388217e-20 -3.00366807709475e-20 -9.55523551396466e-21
 -2.95198367692259e-21 -8.85024291484004e-22 -2.57301631327366e-22
 -7.24844833320523e-23 -1.97707510001120e-23 -5.21709232489775e-24
 -1.33077208694489e-24 -3.27855082103042e-25 -7.79447676706540e-26
 -1.78662237999992e-26 -3.94478407103197e-27 -8.38208333024047e-28
 -1.71238743491075e-28 -3.36004914230608e-29 -6.32621399711267e-30
 -1.14168557003431e-30
 (i6, f12.0, f18.0, f8.3, i6)
   670  60.0000000  0.02500000000000  28.000     2
 (3e22.14)
  2.99785627573422e-06  3.14822239435847e-06  3.30613016966885e-06
  3.47195782587790e-06  3.64610255336458e-06  3.82898145956288e-06
  4.02103256751086e-06  4.22271586444773e-06  4.43451440296639e-06
  4.65693545735412e-06  4.89051173788764e-06  5.13580266598148e-06
  5.39339571324481e-06  5.66390780763799e-06  5.94798681010478e-06
  6.24631306518648e-06  6.55960102936013e-06  6.88860098093621e-06
  7.23410081568921e-06  7.59692793238457e-06  7.97795121286751e-06
  8.37808310127808e-06  8.79828178750214e-06  9.23955349997383e-06
  9.70295491336786e-06  1.01895956768869e-05  1.07006410692405e-05
  1.12373147865653e-05  1.18009018700825e-05  1.23927517802839e-05
  1.30142816252358e-05  1.36669795504470e-05  1.43524082986175e-05
  1.50722089476040e-05  1.58281048356225e-05  1.66219056829800e-05
  1.74555119202674e-05  1.83309192331880e-05  1.92502233350959e-05
  2.02156249782947e-05  2.12294352164674e-05  2.22940809303504e-05
  2.34121106302039e-05  2.45862005486439e-05  2.58191610385270e-05
  2.71139432910140e-05  2.84736463899823e-05  2.99015247193462e-05
  3.14009957413210e-05  3.29756481636020e-05  3.46292505156138e-05
  3.63657601535227e-05  3.81893327160834e-05  4.01043320533863e-05
  4.21153406524142e-05  4.42271705840162e-05  4.64448749976150e-05
  4.87737601905745e-05  5.12193982815851e-05  5.37876405172751e-05
  5.64846312448626e-05  5.93168225828409e-05  6.22909898256240e-05
  6.54142476180081e-05  6.86940669383456e-05  7.21382929304209e-05
  7.57551636268333e-05  7.95533296076293e-05  8.35418746419429e-05
  8.77303373600599e-05  9.21287340092996e-05  9.67475823456355e-05
  1.01597926719482e-04  1.06691364413861e-04  1.12040073298157e-04
  1.17656840862397e-04  1.23555094701606e-04  1.29748934521214e-04
  1.36253165741022e-04  1.43083334775153e-04  1.50255766073565e-04
  1.57787601011005e-04  1.65696838716639e-04  1.74002378939670e-04
  1.82724067053925e-04  1.91882741305004e-04  2.01500282415444e-04
  2.11599665660211e-04  2.22205015540201e-04  2.33341663178663e-04
  2.45036206578637e-04  2.57316573881721e-04  2.70212089778385e-04
  2.83753545224631e-04  2.97973270631504e-04  3.12905212695860e-04
  3.28585015058435e-04  3.45050102971953e-04  3.62339772185243e-04
  3.80495282245911e-04  3.99559954444847e-04  4.19579274629539e-04
  4.40601001129211e-04  4.62675278041956e-04  4.85854754153201e-04
  5.10194707757400e-04  5.35753177683946e-04  5.62591100821989e-04
  5.90772456477314e-04  6.20364417887819e-04  6.51437511258324e-04
  6.84065782680735e-04  7.18326973331768e-04  7.54302703351434e-04
  7.92078664836867e-04  8.31744824389203e-04  8.73395635699154e-04
  9.17130262645070e-04  9.63052813440776e-04  1.01127258635805e-03
  1.06190432760463e-03  1.11506850194625e-03  1.17089157670344e-03
  1.22950631977080e-03  1.29105211235762e-03  1.35567527715169e-03
  1.42352942268734e-03  1.49477580467629e-03  1.56958370516464e-03
  1.64813083035622e-03  1.73060372803394e-03  1.81719822552118e-03
  1.90811988919345e-03  2.00358450657599e-03  2.10381859214611e-03
  2.20905991796241e-03  2.31955807036203e-03  2.43557503395397e-03
  2.55738580426128e-03  2.68527903037649e-03  2.81955768910280e-03
  2.96053979207310e-03  3.10855912748504e-03  3.26396603805450e-03
  3.42712823701396e-03  3.59843166390357e-03  3.77828138213650e-03
  3.96710252029626e-03  4.16534125929205e-03  4.37346586754683e-03
  4.59196778654304e-03  4.82136276908902e-03  5.06219207288628e-03
  5.31502371193854e-03  5.58045376867251e-03  5.85910776953075e-03
  6.15164212715433e-03  6.45874565223264e-03  6.78114113836219e-03
  7.11958702332551e-03  7.47487913043781e-03  7.84785249365632e-03
  8.23938327049714e-03  8.65039074671596e-03  9.08183943724779e-03
  9.53474128768993e-03  1.00101579811962e-02  1.05092033555548e-02
  1.10330459356433e-02  1.15829115865448e-02  1.21600862929758e-02
  1.27659190707260e-02  1.34018250163698e-02  1.40692885013166e-02
  1.47698665171489e-02  1.55051921787894e-02  1.62769783929896e-02
  1.70870216994179e-02  1.79372062922938e-02  1.88295082306058e-02
  1.97659998455262e-02  2.07488543536480e-02  2.17803506855597e-02
  2.28628785388746e-02  2.39989436662567e-02  2.51911734082081e-02
  2.64423224819219e-02  2.77552790370441e-02  2.91330709902316e-02
  3.05788726504442e-02  3.20960116477829e-02  3.36879761785822e-02
  3.53584225808718e-02  3.71111832534884e-02  3.89502749344370e-02
  4.08799073525921e-02  4.29044922693281e-02  4.50286529256849e-02
  4.72572339122933e-02  4.95953114791687e-02  5.20482043037790e-02
  5.46214847353807e-02  5.73209905358173e-02  6.01528371352605e-02
  6.31234304251287e-02  6.62394801075032e-02  6.95080136243873e-02
  7.29363906881227e-02  7.65323184367358e-02  8.03038672374137e-02
  8.42594871631750e-02  8.84080251666627e-02  9.27587429783795e-02
  9.73213357532191e-02  1.02105951495213e-01  1.07123211284774e-01
  1.12384230339211e-01  1.17900639933131e-01  1.23684610209018e-01
  1.29748873906614e-01  1.36106751042302e-01  1.42772174566919e-01
  1.49759717035429e-01  1.57084618316036e-01  1.64762814373243e-01
  1.72810967153281e-01  1.81246495605254e-01  1.90087607867189e-01
  1.99353334650793e-01  2.09063563851030e-01  2.19239076417282e-01
  2.29901583507646e-01  2.41073764963322e-01  2.52779309124205e-01
  2.65042954017089e-01  2.77890529939031e-01  2.91349003461775e-01
  3.05446522876402e-01  3.20212465102371e-01  3.35677484071631e-01
  3.51873560612127e-01  3.68834053829987e-01  3.86593754011264e-01
  4.05188937036308e-01  4.24657420314512e-01  4.45038620229509e-01
  4.66373611088314e-01  4.88705185553285e-01  5.12077916542155e-01
  5.36538220554416e-01  5.62134422404102e-01  5.88916821291183e-01
  6.16937758179517e-01  6.46251684396547e-01  6.76915231393007e-01
  7.08987281566158e-01  7.42529040053042e-01  7.77604107370659e-01
  8.14278552788325e-01  8.52620988265722e-01  8.92702642825915e-01
  9.34597437143748e-01  9.78382058190691e-01  1.02413603367971e+00
  1.07194180609195e+00  1.12188480600192e+00  1.17405352442040e+00
  1.22853958381889e+00  1.28543780751191e+00  1.34484628697903e+00
  1.40686644677059e+00  1.47160310648129e+00  1.53916453938298e+00
  1.60966252713395e+00  1.68321241005081e+00  1.75993313231167e+00
  1.83994728147222e+00  1.92338112156849e+00  2.01036461912152e+00
  2.10103146118187e+00  2.19551906467514e+00  2.29396857603729e+00
  2.39652486031697e+00  2.50333647863276e+00  2.61455565301732e+00
  2.73033821743546e+00  2.85084355392454e+00  2.97623451243965e+00
  3.10667731331657e+00  3.24234143077625e+00  3.38339945622739e+00
  3.53002693974105e+00  3.68240220829362e+00  3.84070615898524e+00
  4.00512202584411e+00  4.17583511818943e+00  4.35303252910319e+00
  4.53690281196084e+00  4.72763562335717e+00  4.92542133038983e+00
  5.13045058063034e+00  5.34291383250673e+00  5.56300084468951e+00
  5.79090012193956e+00  6.02679831614802e+00  6.27087958017887e+00
  6.52332487306086e+00  6.78431121454446e+00  7.05401088755729e+00
  7.33259058673812e+00  7.62021051201401e+00  7.91702340541881e+00
  8.22317353078532e+00  8.53879559461231e+00  8.86401360836267e+00
  9.19893969111841e+00  9.54367281323585e+00  9.89829748073326e+00
  1.02628823620787e+01  1.06374788573501e+01  1.10221196132227e+01
  1.14168169841170e+01  1.18215614443583e+01  1.22363199533406e+01
  1.26610342791109e+01  1.30956192847314e+01  1.35399611839221e+01
  1.39939157720236e+01  1.44573066411865e+01  1.49299233869168e+01
  1.54115198179775e+01  1.59018121780524e+01  1.64004773938084e+01
  1.69071513605879e+01  1.74214272819099e+01  1.79428540771367e+01
  1.84709348765294e+01  1.90051256190699e+01  1.95448337771867e+01
  2.00894172243222e+01  2.06381832729526e+01  2.11903879023636e+01
  2.17452352042497e+01  2.23018770692555e+01  2.28594131449136e+01
  2.34168910874786e+01  2.39733071433553e+01  2.45276070804646e+01
  2.50786875073241e+01  2.56253976020045e+01  2.61665412848550e+01
  2.67008798603387e+01  2.72271351575788e+01  2.77439931930406e+01
  2.82501083832830e+01  2.87441083245385e+01  2.92245991651601e+01
  2.96901715772207e+01  3.01394073513076e+01  3.05708866072391e+01
  3.09831956371115e+01  3.13749353643131e+01  3.17447304171366e+01
  3.20912387928172e+01  3.24131620912460e+01  3.27092562787559e+01
  3.29783429446667e+01  3.32193209893154e+01  3.34311786898124e+01
  3.36130060552364e+01  3.37640074028090e+01  3.38835140373189e+01
  3.39709969441363e+01  3.40260793590287e+01  3.40485490932634e+01
  3.40383704618594e+01  3.39956956697906e+01  3.39208754786135e+01
  3.38144689976337e+01  3.36772523984462e+01  3.35102263847625e+01
  3.33146222111149e+01  3.30919060664997e+01  3.28437816219628e+01
  3.25721905599783e+01  3.22793108876157e+01  3.19675528756978e+01
  3.16395524363832e+01  3.12981618184002e+01  3.09464374662041e+01
  3.05876249594004e+01  3.02251409410902e+01  2.98625520027225e+01
  2.95035505005921e+01  2.91519273558586e+01  2.88115418815749e+01
  2.84862887876613e+01  2.81800625000484e+01  2.78967190351431e+01
  2.76400356840096e+01  2.74136688373567e+01  2.72211103223232e+01
  2.70656426819798e+01  2.69502938757472e+01  2.68777919229920e+01
  2.68505200656007e+01  2.68704730537483e+01  2.69392151982328e+01
  2.70578408576504e+01  2.72269380447655e+01  2.74465558473370e+01
  2.77161763548775e+01  2.80346917747039e+01  2.84003873889273e+01
  2.88109309802504e+01  2.92633692884456e+01  2.97541320178820e+01
  3.02790438200117e+01  3.08333446074345e+01  3.14117184381773e+01
  3.20083311135275e+01  3.26168764924757e+01  3.32306314179220e+01
  3.38425189823380e+01  3.44451797432892e+01  3.50310503305230e+01
  3.55924487451753e+01  3.61216655021509e+01  3.66110596204999e+01
  3.70531583237097e+01  3.74407591936922e+01  3.77670333878435e+01
  3.80256284451515e+01  3.82107691072578e+01  3.83173545265999e+01
  3.83410501887211e+01  3.82783728640115e+01  3.81267669095714e+01
  3.78846703008627e+01  3.75515688185240e+01  3.71280369613024e+01
  3.66157642484072e+01  3.60175657930150e+01  3.53373761970126e+01
  3.45802260814645e+01  3.37522008125678e+01  3.28603813055380e+01
  3.19127670711453e+01  3.09181820565993e+01  2.98861641324731e+01
  2.88268394924786e+01  2.77507835486398e+01  2.66688702901994e+01
  2.55921123916903e+01  2.45314946709120e+01  2.34978037583165e+01
  2.25014570710597e+01  2.15523343207800e+01  2.06596149004007e+01
  1.98316244782386e+01  1.90756940754372e+01  1.83980347299661e+01
  1.78036306082565e+01  1.72961530961820e+01  1.68778979881406e+01
  1.65497474348206e+01  1.63111577660878e+01  1.61601737632528e+01
  1.60934693531461e+01  1.61064141094171e+01  1.61931643526877e+01
  1.63467770704167e+01  1.65593443333628e+01  1.68221453885887e+01
  1.71258131665758e+01  1.74605115702784e+01  1.78161196300819e+01
  1.81824184228704e+01  1.85492765783385e+01  1.89068302381122e+01
  1.92456534948207e+01  1.95569156213541e+01  1.98325217895507e+01
  2.00652344708382e+01  2.02487732784987e+01  2.03778916442900e+01
  2.04484293857313e+01  2.04573408978161e+01  2.04026993650828e+01
  2.02836780131014e+01  2.01005099842989e+01  1.98544289102811e+01
  1.95475926505783e+01  1.91829929660681e+01  1.87643540897461e+01
  1.82960232502281e+01  1.77828561951116e+01  1.72301006654213e+01
  1.66432805968481e+01  1.60280835789039e+01  1.53902538124788e+01
  1.47354924722080e+01  1.40693670291452e+01  1.33972307255824e+01
  1.27241530359714e+01  1.20548616024521e+01  1.13936958133113e+01
  1.07445718976341e+01  1.01109591544423e+01  9.49586671428053e+00
  8.90184004775870e+00  8.33096629916976e+00  7.78488741536352e+00
  7.26481997755178e+00  6.77158060935212e+00  6.30561583292704e+00
  5.86703527118935e+00  5.45564714158039e+00  5.07099505682248e+00
  4.71239523083102e+00  4.37897328497747e+00  4.06969995359627e+00
  3.78342509716293e+00  3.51890954191818e+00  3.27485437458191e+00
  3.04992742475413e+00  2.84278676936463e+00  2.65210118053733e+00
  2.47656752302361e+00  2.31492517565143e+00  2.16596761068071e+00
  2.02855131334474e+00  1.90160225848831e+00  1.78412018724052e+00
  1.67518094110242e+00  1.57393711608028e+00  1.47961729768129e+00
  1.39152412753267e+00  1.30903143836831e+00  1.23158067477605e+00
  1.15867679570732e+00  1.08988383116221e+00  1.02482024153583e+00
  9.63154204121528e-01  9.04598928663852e-01  8.48908082315236e-01
  7.95871385346906e-01  7.45310421746924e-01  6.97074694445718e-01
  6.51037942672183e-01  6.07094729313965e-01  5.65157298587362e-01
  5.25152698932215e-01  4.87020162280257e-01  4.50708728717249e-01
  4.16175104490056e-01  3.83381741285697e-01  3.52295125214155e-01
  3.22884264960443e-01  2.95119369559593e-01  2.68970707578200e-01
  2.44407640255544e-01  2.21397822019105e-01  1.99906562108672e-01
  1.79896341050438e-01  1.61326475444887e-01  1.44152923761651e-01
  1.28328224973681e-01  1.13801560554917e-01  1.00518929203704e-01
  8.84234221516820e-02  7.74555857686914e-02  6.75538569386221e-02
  5.86550558433517e-02  5.06949201657765e-02  4.36086645252853e-02
  3.73315491148496e-02  3.17994421228919e-02  2.69493615125268e-02
  2.27199831362872e-02  1.90521038760345e-02  1.58890505082997e-02
  1.31770271760243e-02  1.08653966571877e-02  8.90689293038613e-03
  7.25776479057771e-03  5.87785235539545e-03  4.73060017264445e-03
  3.78301221674541e-03  3.00555531853088e-03  2.37201847217147e-03
  1.85933601018845e-03  1.44738283492700e-03  1.11874977616016e-03
  8.58506744977999e-04  6.53960725542290e-04  4.94414841326370e-04
  3.70933811087967e-04  2.76120123364257e-04  2.03904264298871e-04
  1.49351368101688e-04  1.08485772756079e-04  7.81341614661026e-05
  5.57873006735860e-05  3.94798242065357e-05  2.76870864163172e-05
  1.92378078006355e-05  1.32410218501567e-05  9.02575398615626e-06
  6.09181973731066e-06  4.07018907044902e-06  2.69144424235856e-06
  1.76098429384460e-06  1.13977093607917e-06  7.29559923898576e-07
  4.61712350810804e-07  2.88822752911508e-07  1.78533370692162e-07
  1.09021063028603e-07  6.57469775743929e-08  3.91455826269928e-08
  2.30035713153557e-08  1.33374343929499e-08  7.62729566542367e-09
  4.30070533708780e-09  2.39018081261236e-09  1.30881985085723e-09
  7.05891262058968e-10  3.74818462218378e-10  1.95874594019338e-10
  1.00696882556327e-10  5.09049473399934e-11  2.52951390317913e-11
  1.23498178673225e-11  5.92156770197374e-12  2.78719246196119e-12
  1.28720537524690e-12  5.83002933841885e-13  2.58834343481773e-13
  1.12585521834009e-13  4.79542641398603e-14  1.99906276761642e-14
  8.15169379187379e-15  3.24966140059076e-15  1.26582248017170e-15
  4.81640983134917e-16  1.78866197185778e-16  6.47895171866120e-17
  2.28762065791088e-17  7.86854363678770e-18  2.63486385045452e-18
  8.58440138522259e-19  2.71789789061715e-19  8.36089081672481e-20
  2.49674326778770e-20  7.23227543190593e-21  2.03060661220279e-21
  5.52189947235486e-22  1.45317207557830e-22  3.69791697733658e-23
  9.09172133460196e-24  2.15780702708073e-24  4.93942654873951e-25
  1.08955430597219e-25  2.31383044187033e-26  4.72625433505330e-27
  9.27659782161857e-28  1.74791382547959e-28  3.15845539779165e-29
  5.46772632503809e-30
  8.57961410427236e-25  9.78774144905159e-25  1.11659446390660e-24
  1.27381588436570e-24  1.45316864773161e-24  1.65776706980473e-24
  1.89116354536354e-24  2.15741014227810e-24  2.46112885099420e-24
  2.80759170481419e-24  3.20281215703471e-24  3.65364929532970e-24
  4.16792669558399e-24  4.75456797009110e-24  5.42375135326384e-24
  6.18708599655182e-24  7.05781301886146e-24  8.05103478583490e-24
  9.18397637817175e-24  1.04762837642517e-23  1.19503638249096e-23
  1.36317720996192e-23  1.55496549453522e-23  1.77372537367112e-23
  2.02324798041465e-23  2.30785700247530e-23  2.63248343681409e-23
  3.00275082817140e-23  3.42507246028735e-23  3.90676217405168e-23
  4.45616072103702e-23  5.08277982777134e-23  5.79746645032104e-23
  6.61259004535468e-23  7.54225607895990e-23  8.60254944456126e-23
  9.81181197428835e-23  1.11909588125866e-22  1.27638390868452e-22
  1.45576470685761e-22  1.66033908832465e-22  1.89364268117363e-22
  2.15970683485799e-22  2.46312804604083e-22  2.80914709442783e-22
  3.20373924443852e-22  3.65371705752445e-22  4.16684757516129e-22
  4.75198587769813e-22  5.41922730342354e-22  6.18008093021795e-22
  7.04766728425659e-22  8.03694365263707e-22  9.16496084638617e-22
  1.04511557950293e-21  1.19176849627305e-21  1.35898042692538e-21
  1.54963019881406e-21  1.76699919931009e-21  2.01482757462697e-21
  2.29737825864394e-21  2.61950992005094e-21  2.98676006698711e-21
  3.40543972001373e-21  3.88274125964653e-21  4.42686127698605e-21
  5.04714050900854e-21  5.75422322791376e-21  6.56023878147894e-21
  7.47900835396833e-21  8.52628044104672e-21  9.71999901433822e-21
  1.10806088997159e-20  1.26314035172446e-20  1.43989208400510e-20
  1.64133942362463e-20  1.87092657752609e-20  2.13257706230678e-20
  2.43076023365327e-20  2.77056702152279e-20  3.15779614013216e-20
  3.59905221599900e-20  4.10185747520255e-20  4.67477885600194e-20
  5.32757266853240e-20  6.07134921372995e-20  6.91876010356432e-20
  7.88421139945279e-20  8.98410611144261e-20  1.02371200842217e-19
  1.16645158451156e-19  1.32904996125973e-19  1.51426273717654e-19
  1.72522667267058e-19  1.96551221518293e-19  2.23918322994620e-19
  2.55086491957720e-19  2.90582104901127e-19  3.31004174352965e-19
  3.77034329918950e-19  4.29448163957062e-19  4.89128127344394e-19
  5.57078185822940e-19  6.34440475784220e-19  7.22514230520834e-19
  8.22777284429153e-19  9.36910503970975e-19  1.06682554102033e-18
  1.21469635727047e-18  1.38299502846803e-18  1.57453240530246e-18
  1.79250428485462e-18  2.04054383377866e-18  2.32278110318708e-18
  2.64391058703450e-18  3.00926790234659e-18  3.42491681283668e-18
  3.89774797944400e-18  4.43559100455980e-18  5.04734154392520e-18
  5.74310549447351e-18  6.53436253125982e-18  7.43415156598145e-18
  8.45728103788772e-18  9.62056733009289e-18  1.09431050360466e-17
  1.24465732885318e-17  1.41555829141058e-17  1.60980697974875e-17
  1.83057405418708e-17  2.08145773028072e-17  2.36654095663842e-17
  2.69045616498173e-17  3.05845858385823e-17  3.47650923550785e-17
  3.95136887974656e-17  4.49070433144637e-17  5.10320876149018e-17
  5.79873779758591e-17  6.58846347385609e-17  7.48504833995084e-17
  8.50284233513487e-17  9.65810536449023e-17  1.09692588874851e-16
  1.24571702489571e-16  1.41454739545031e-16  1.60609346229940e-16
  1.82338569453781e-16  2.06985486492049e-16  2.34938432213350e-16
  2.66636899869711e-16  3.02578200929643e-16  3.43324980091619e-16
  3.89513693584326e-16  4.41864172280221e-16  5.01190406212226e-16
  5.68412703968471e-16  6.44571399376295e-16  7.30842299108342e-16
  8.28554088629572e-16  9.39207940542614e-16  1.06449959924140e-15
  1.20634424918645e-15  1.36690451153912e-15  1.54862195574648e-15
  1.75425255952600e-15  1.98690660309582e-15  2.25009354211634e-15
  2.54777246931655e-15  2.88440884806571e-15  3.26503828296652e-15
  3.69533818405976e-15  4.18170828335726e-15  4.73136107656818e-15
  5.35242339020570e-15  6.05405041660541e-15  6.84655371790657e-15
  7.74154487736201e-15  8.75209667369426e-15  9.89292387469179e-15
  1.11805859918506e-14  1.26337146118664e-14  1.42732682259562e-14
  1.61228178185437e-14  1.82088668554998e-14  2.05612097351377e-14
  2.32133332348991e-14  2.62028660112149e-14  2.95720817929066e-14
  3.33684625582977e-14  3.76453287085876e-14  4.24625440555459e-14
  4.78873043353322e-14  5.39950189583588e-14  6.08702968113254e-14
  6.86080481618108e-14  7.73147160860620e-14  8.71096523654990e-14
  9.81266544936466e-14  1.10515682318599e-13  1.24444774946352e-13
  1.40102190853085e-13  1.57698796755162e-13  1.77470733653204e-13
  1.99682391676927e-13  2.24629728908012e-13  2.52643973312277e-13
  2.84095751309733e-13  3.19399691384309e-13  3.59019556572566e-13
  4.03473965686811e-13  4.53342769839448e-13  5.09274158273240e-13
  5.71992575781816e-13  6.42307543194491e-13  7.21123482630803e-13
  8.09450660566159e-13  9.08417374411772e-13  1.01928352229501e-12
  1.14345571138067e-12  1.28250407736710e-12  1.43818100710773e-12
  1.61244197772247e-12  1.80746874943926e-12  2.02569517586353e-12
  2.26983592496514e-12  2.54291843676875e-12  2.84831848036613e-12
  3.18979971341398e-12  3.57155769255885e-12  3.99826883358152e-12
  4.47514487608521e-12  5.00799347011724e-12  5.60328557143301e-12
  6.26823041007727e-12  7.01085888274481e-12  7.84011631639863e-12
  8.76596565745305e-12  9.79950226106018e-12  1.09530815885306e-11
  1.22404612703787e-11  1.36769591587970e-11  1.52796291800262e-11
  1.70674570044670e-11  1.90615777853897e-11  2.12855184767230e-11
  2.37654675313225e-11  2.65305751065078e-11  2.96132872679705e-11
  3.30497180911670e-11  3.68800640165971e-11  4.11490653276051e-11
  4.59065201948453e-11  5.12078573749993e-11  5.71147743778109e-11
  6.36959487251959e-11  7.10278308435859e-11  7.91955281544301e-11
  8.82937910853973e-11  9.84281130235105e-11  1.09715957696388e-10
  1.22288129114842e-10  1.36290301071657e-10  1.51884725283184e-10
  1.69252139628922e-10  1.88593900610412e-10  2.10134367167672e-10
  2.34123566396187e-10  2.60840175562272e-10  2.90594859166374e-10
  3.23734004742696e-10  3.60643906658351e-10  4.01755453509563e-10
  4.47549381876620e-10  4.98562167333035e-10  5.55392632829954e-10
  6.18709365047735e-10  6.89259041195460e-10  7.67875782257811e-10
  8.55491664030906e-10  9.53148534764485e-10  1.06201130808101e-09
  1.18338292244724e-09  1.31872118421544e-09  1.46965774055125e-09
  1.63801946195755e-09  1.82585255215332e-09  2.03544974646703e-09
  2.26938100933533e-09  2.53052819800446e-09  2.82212422381456e-09
  3.14779731608796e-09  3.51162107739913e-09  3.91817111492445e-09
  4.37258914192856e-09  4.88065556850691e-09  5.44887174336483e-09
  6.08455317199603e-09  6.79593522234906e-09  7.59229304360237e-09
  8.48407766560152e-09  9.48307052696850e-09  1.06025589970291e-08
  1.18575358217755e-08  1.32649258398952e-08  1.48438437925623e-08
  1.66158875922959e-08  1.86054720433564e-08  2.08402087129071e-08
  2.33513384709107e-08  2.61742241443990e-08  2.93489117967287e-08
  3.29207703594910e-08  3.69412207317077e-08  4.14685670571825e-08
  4.65689446917362e-08  5.23174014663704e-08  5.87991311988825e-08
  6.61108811302222e-08  7.43625580387907e-08  8.36790613220976e-08
  9.42023753382438e-08  1.06093957934339e-07  1.19537467256752e-07
  1.34741874993175e-07  1.51945020924113e-07  1.71417671473274e-07
  1.93468153758101e-07  2.18447646702932e-07  2.46756222248968e-07
  2.78849742668894e-07  3.15247734954682e-07  3.56542379845931e-07
  4.03408772547977e-07  4.56616633586033e-07  5.17043673198360e-07
  5.85690840523898e-07  6.63699720694204e-07  7.52372378784734e-07
  8.53193990507408e-07  9.67858645962123e-07  1.09829876360539e-06
  1.24671861313442e-06  1.41563251028015e-06  1.60790832148013e-06
  1.82681700708724e-06  2.07608901505429e-06  2.35997846279110e-06
  2.68333614571076e-06  3.05169256748680e-06  3.47135232368606e-06
  3.94950135309608e-06  4.49432876227130e-06  5.11516513630050e-06
  5.82263950876129e-06  6.62885741054821e-06  7.54760274562573e-06
  8.59456654976912e-06  9.78760609750077e-06  1.11470381975019e-05
  1.26959710323654e-05  1.44606793544585e-05  1.64710284851007e-05
  1.87609531197892e-05  2.13689977303882e-05  2.43389260159236e-05
  2.77204078146771e-05  3.15697927229919e-05  3.59509807245238e-05
  4.09364013090517e-05  4.66081136156924e-05  5.30590416968332e-05
  6.03943601932762e-05  6.87330475022030e-05  7.82096250261032e-05
  8.89761031236054e-05  1.01204156022505e-04  1.15087550560687e-04
  1.30844855236814e-04  1.48722459075814e-04  1.68997931833535e-04
  1.91983760115759e-04  2.18031496294151e-04  2.47536361002163e-04
  2.80942341175270e-04  3.18747831391390e-04  3.61511866283238e-04
  4.09860997855716e-04  4.64496872676354e-04  5.26204568040977e-04
  5.95861748738991e-04  6.74448709300509e-04  7.63059368325339e-04
  8.62913284907553e-04  9.75368767379413e-04  1.10193714691885e-03
  1.24429828873858e-03  1.40431741228730e-03  1.58406329168444e-03
  1.78582790484439e-03  2.01214759287547e-03  2.26582579181545e-03
  2.54995738313659e-03  2.86795470718140e-03  3.22357526782110e-03
  3.62095114183356e-03  4.06462009208603e-03  4.55955836163792e-03
  5.11121509900983e-03  5.72554834543419e-03  6.40906247420002e-03
  7.16884694307215e-03  8.01261618356493e-03  8.94875039524977e-03
  9.98633697944372e-03  1.11352122862105e-02  1.24060032797095e-02
  1.38101686991332e-02  1.53600391708495e-02  1.70688557112396e-02
  1.89508059508874e-02  2.10210573292649e-02  2.32957864607021e-02
  2.57922037388767e-02  2.85285722155902e-02  3.15242196283796e-02
  3.47995425157536e-02  3.83760010125036e-02  4.22761032216666e-02
  4.65233775648923e-02  5.11423318393977e-02  5.61583974005326e-02
  6.15978569910308e-02  6.74877546980251e-02  7.38557865324310e-02
  8.07301702022862e-02  8.81394926492212e-02  9.61125341881141e-02
  1.04678068049207e-01  1.13864634534180e-01  1.23700289105926e-01
  1.34212324073004e-01  1.45426964044907e-01  1.57369035402053e-01
  1.70061611029995e-01  1.83525631530786e-01  1.97779505112015e-01
  2.12838688833090e-01  2.28715254388479e-01  2.45417442540512e-01
  2.62949210683668e-01  2.81309778792692e-01  3.00493179586588e-01
  3.20487819136578e-01  3.41276054815709e-01  3.62833797633509e-01
  3.85130146482326e-01  4.08127062036273e-01  4.31779088185042e-01
  4.56033129272484e-01  4.80828291445530e-01  5.06095796928280e-01
  5.31758980048638e-01  5.57733374331540e-01  5.83926899799761e-01
  6.10240159470238e-01  6.36566853238411e-01  6.62794315850062e-01
  6.88804183590125e-01  7.14473191422900e-01  7.39674098756070e-01
  7.64276738207768e-01  7.88149177432825e-01  8.11158980060562e-01
  8.33174547834963e-01  8.54066522287744e-01  8.73709221846502e-01
  8.91982087136670e-01  9.08771106648251e-01  9.23970193434287e-01
  9.37482484391422e-01  9.49221534461606e-01  9.59112380347211e-01
  9.67092451186721e-01  9.73112307267308e-01  9.77136192106997e-01
  9.79142387909023e-01  9.79123369308854e-01  9.77085755387743e-01
  9.73050064772785e-01  9.67050283322871e-01  9.59133258003988e-01
  9.49357934216346e-01  9.37794456684398e-01  9.24523156248756e-01
  9.09633446218975e-01  8.93222652618779e-01  8.75394802446861e-01
  8.56259393332432e-01  8.35930166476647e-01  8.14523902941897e-01
  7.92159260995602e-01  7.68955669741957e-01  7.45032291514638e-01
  7.20507062844879e-01  6.95495821066719e-01  6.70111521212788e-01
  6.44463545198847e-01  6.18657104235375e-01  5.92792731320344e-01
  5.66965862958428e-01  5.41266503194267e-01  5.15778967505982e-01
  4.90581698394155e-01  4.65747148220532e-01  4.41341722004157e-01
  4.17425774175113e-01  3.94053653203379e-01  3.71273787916546e-01
  3.49128810176348e-01  3.27655708555713e-01  3.06886008285769e-01
  2.86845973139619e-01  2.67556825264631e-01  2.49034979536068e-01
  2.31292289136380e-01  2.14336299883205e-01  1.98170510499175e-01
  1.82794637029816e-01  1.68204879258704e-01  1.54394187573075e-01
  1.41352528751598e-01  1.29067149294421e-01  1.17522835095298e-01
  1.06702166308726e-01  9.65857663567790e-02  8.71525441357904e-02
  7.83799285047931e-02  7.02440942809970e-02  6.27201790031962e-02
  5.57824898554097e-02  4.94047002173683e-02  4.35600354271427e-02
  3.82214474329685e-02  3.33617781254872e-02  2.89539112268273e-02
  2.49709127193893e-02  2.13861598663599e-02  1.81734589640243e-02
  1.53071520183412e-02  1.27622126015000e-02  1.05143311793502e-02
  8.53999024036950e-03  6.81652957448267e-03  5.32220207077824e-03
  4.03622040620340e-03  2.93879500343962e-03  2.01116362186657e-03
  1.23561299005045e-03  5.95492773982159e-04  7.52222587209195e-05
 -3.39709844169249e-04 -6.62752222102957e-04 -9.06304006516478e-04
 -1.08173370893432e-03 -1.19940368338945e-03 -1.26869973617461e-03
 -1.29806548309704e-03 -1.29504102775229e-03 -1.26630550433070e-03
 -1.21772299745189e-03 -1.15439131963510e-03 -1.08069309556790e-03
 -1.00034857985251e-03 -9.16469610586797e-04 -8.31614093524304e-04
 -7.47840408183599e-04 -6.66761135951741e-04 -5.89595533782707e-04
 -5.17220210116232e-04 -4.50217505963952e-04 -3.88921141775321e-04
 -3.33458757624564e-04 -2.83791049261567e-04 -2.39747282551786e-04
 -2.01057051697446e-04 -1.67378229062395e-04 -1.38321134064986e-04
 -1.13469022479370e-04 -9.23950636138678e-05 -7.46760290806455e-05
 -5.99029621122246e-05 -4.76891296296393e-05 -3.76755804814352e-05
 -2.95346426426553e-05 -2.29716906591488e-05 -1.77255033712323e-05
 -1.35675126184671e-05 -1.03002178873971e-05 -7.75501163440020e-06
 -5.78962697326072e-06 -4.28538557296319e-06 -3.14438980844429e-06
 -2.28677174495375e-06 -1.64808203281388e-06 -1.17687615777033e-06
 -8.32533531928583e-07 -5.83326199253048e-07 -4.04740254412147e-07
 -2.78041386036935e-07 -1.89068902641212e-07 -1.27237274242397e-07
 -8.47216939310203e-08 -5.58032837813536e-08 -3.63500429503205e-08
 -2.34110921180834e-08 -1.49038270554582e-08 -9.37599557603387e-09
 -5.82721062372403e-09 -3.57687928298368e-09 -2.16780704899446e-09
 -1.29681678841405e-09 -7.65495721227990e-10 -4.45732602952445e-10
 -2.55934691097800e-10 -1.44864541562480e-10 -8.08009588629274e-11
 -4.43962415187139e-11 -2.40201329283669e-11 -1.27925406037667e-11
 -6.70352743179907e-12 -3.45498748552604e-12 -1.75073097430741e-12
 -8.71849899012090e-13 -4.26506775538106e-13 -2.04870738757407e-13
 -9.65843601759461e-14 -4.46688451420505e-14 -2.02566159975976e-14
 -9.00287527330664e-15 -3.91949767767720e-15 -1.67067480847744e-15
 -6.96843781197588e-16 -2.84262021944429e-16 -1.13343482423210e-16
 -4.41538332959466e-17 -1.68029553246487e-17 -6.23995001218272e-18
 -2.25991841372951e-18 -7.97724997730226e-19 -2.74342327056285e-19
 -9.19174512388217e-20 -3.00366807709475e-20 -9.55523551396466e-21
 -2.95198367692259e-21 -8.85024291484004e-22 -2.57301631327366e-22
 -7.24844833320523e-23 -1.97707510001120e-23 -5.21709232489775e-24
 -1.33077208694489e-24 -3.27855082103042e-25 -7.79447676706540e-26
 -1.78662237999992e-26 -3.94478407103197e-27 -8.38208333024047e-28
 -1.71238743491075e-28 -3.36004914230608e-29 -6.32621399711267e-30
 -1.14168557003431e-30
 (i6, f12.0, f18.0, f8.3, i6)
   670  60.0000000  0.02500000000000  28.000     2
 (3e22.14)
  2.99785627573422e-06  3.14822239435847e-06  3.30613016966885e-06
  3.47195782587790e-06  3.64610255336458e-06  3.82898145956288e-06
  4.02103256751086e-06  4.22271586444773e-06  4.43451440296639e-06
  4.65693545735412e-06  4.89051173788764e-06  5.13580266598148e-06
  5.39339571324481e-06  5.66390780763799e-06  5.94798681010478e-06
  6.24631306518648e-06  6.55960102936013e-06  6.88860098093621e-06
  7.23410081568921e-06  7.59692793238457e-06  7.97795121286751e-06
  8.37808310127808e-06  8.79828178750214e-06  9.23955349997383e-06
  9.70295491336786e-06  1.01895956768869e-05  1.07006410692405e-05
  1.12373147865653e-05  1.18009018700825e-05  1.23927517802839e-05
  1.30142816252358e-05  1.36669795504470e-05  1.43524082986175e-05
  1.50722089476040e-05  1.58281048356225e-05  1.66219056829800e-05
  1.74555119202674e-05  1.83309192331880e-05  1.92502233350959e-05
  2.02156249782947e-05  2.12294352164674e-05  2.22940809303504e-05
  2.34121106302039e-05  2.45862005486439e-05  2.58191610385270e-05
  2.71139432910140e-05  2.84736463899823e-05  2.99015247193462e-05
  3.14009957413210e-05  3.29756481636020e-05  3.46292505156138e-05
  3.63657601535227e-05  3.81893327160834e-05  4.01043320533863e-05
  4.21153406524142e-05  4.42271705840162e-05  4.64448749976150e-05
  4.87737601905745e-05  5.12193982815851e-05  5.37876405172751e-05
  5.64846312448626e-05  5.93168225828409e-05  6.22909898256240e-05
  6.54142476180081e-05  6.86940669383456e-05  7.21382929304209e-05
  7.57551636268333e-05  7.95533296076293e-05  8.35418746419429e-05
  8.77303373600599e-05  9.21287340092996e-05  9.67475823456355e-05
  1.01597926719482e-04  1.06691364413861e-04  1.12040073298157e-04
  1.17656840862397e-04  1.23555094701606e-04  1.29748934521214e-04
  1.36253165741022e-04  1.43083334775153e-04  1.50255766073565e-04
  1.57787601011005e-04  1.65696838716639e-04  1.74002378939670e-04
  1.82724067053925e-04  1.91882741305004e-04  2.01500282415444e-04
  2.11599665660211e-04  2.22205015540201e-04  2.33341663178663e-04
  2.45036206578637e-04  2.57316573881721e-04  2.70212089778385e-04
  2.83753545224631e-04  2.97973270631504e-04  3.12905212695860e-04
  3.28585015058435e-04  3.45050102971953e-04  3.62339772185243e-04
  3.80495282245911e-04  3.99559954444847e-04  4.19579274629539e-04
  4.40601001129211e-04  4.62675278041956e-04  4.85854754153201e-04
  5.10194707757400e-04  5.35753177683946e-04  5.62591100821989e-04
  5.90772456477314e-04  6.20364417887819e-04  6.51437511258324e-04
  6.84065782680735e-04  7.18326973331768e-04  7.54302703351434e-04
  7.92078664836867e-04  8.31744824389203e-04  8.73395635699154e-04
  9.17130262645070e-04  9.63052813440776e-04  1.01127258635805e-03
  1.06190432760463e-03  1.11506850194625e-03  1.17089157670344e-03
  1.22950631977080e-03  1.29105211235762e-03  1.35567527715169e-03
  1.42352942268734e-03  1.49477580467629e-03  1.56958370516464e-03
  1.64813083035622e-03  1.73060372803394e-03  1.81719822552118e-03
  1.90811988919345e-03  2.00358450657599e-03  2.10381859214611e-03
  2.20905991796241e-03  2.31955807036203e-03  2.43557503395397e-03
  2.55738580426128e-03  2.68527903037649e-03  2.81955768910280e-03
  2.96053979207310e-03  3.10855912748504e-03  3.26396603805450e-03
  3.42712823701396e-03  3.59843166390357e-03  3.77828138213650e-03
  3.96710252029626e-03  4.16534125929205e-03  4.37346586754683e-03
  4.59196778654304e-03  4.82136276908902e-03  5.06219207288628e-03
  5.31502371193854e-03  5.58045376867251e-03  5.85910776953075e-03
  6.15164212715433e-03  6.45874565223264e-03  6.78114113836219e-03
  7.11958702332551e-03  7.47487913043781e-03  7.84785249365632e-03
  8.23938327049714e-03  8.65039074671596e-03  9.08183943724779e-03
  9.53474128768993e-03  1.00101579811962e-02  1.05092033555548e-02
  1.10330459356433e-02  1.15829115865448e-02  1.21600862929758e-02
  1.27659190707260e-02  1.34018250163698e-02  1.40692885013166e-02
  1.47698665171489e-02  1.55051921787894e-02  1.62769783929896e-02
  1.70870216994179e-02  1.79372062922938e-02  1.88295082306058e-02
  1.97659998455262e-02  2.07488543536480e-02  2.17803506855597e-02
  2.28628785388746e-02  2.39989436662567e-02  2.51911734082081e-02
  2.64423224819219e-02  2.77552790370441e-02  2.91330709902316e-02
  3.05788726504442e-02  3.20960116477829e-02  3.36879761785822e-02
  3.53584225808718e-02  3.71111832534884e-02  3.89502749344370e-02
  4.08799073525921e-02  4.29044922693281e-02  4.50286529256849e-02
  4.72572339122933e-02  4.95953114791687e-02  5.20482043037790e-02
  5.46214847353807e-02  5.73209905358173e-02  6.01528371352605e-02
  6.31234304251287e-02  6.62394801075032e-02  6.95080136243873e-02
  7.29363906881227e-02  7.65323184367358e-02  8.03038672374137e-02
  8.42594871631750e-02  8.84080251666627e-02  9.27587429783795e-02
  9.73213357532191e-02  1.02105951495213e-01  1.07123211284774e-01
  1.12384230339211e-01  1.17900639933131e-01  1.23684610209018e-01
  1.29748873906614e-01  1.36106751042302e-01  1.42772174566919e-01
  1.49759717035429e-01  1.57084618316036e-01  1.64762814373243e-01
  1.72810967153281e-01  1.81246495605254e-01  1.90087607867189e-01
  1.99353334650793e-01  2.09063563851030e-01  2.19239076417282e-01
  2.29901583507646e-01  2.41073764963322e-01  2.52779309124205e-01
  2.65042954017089e-01  2.77890529939031e-01  2.91349003461775e-01
  3.05446522876402e-01  3.20212465102371e-01  3.35677484071631e-01
  3.51873560612127e-01  3.68834053829987e-01  3.86593754011264e-01
  4.05188937036308e-01  4.24657420314512e-01  4.45038620229509e-01
  4.66373611088314e-01  4.88705185553285e-01  5.12077916542155e-01
  5.36538220554416e-01  5.62134422404102e-01  5.88916821291183e-01
  6.16937758179517e-01  6.46251684396547e-01  6.76915231393007e-01
  7.08987281566158e-01  7.42529040053042e-01  7.77604107370659e-01
  8.14278552788325e-01  8.52620988265722e-01  8.92702642825915e-01
  9.34597437143748e-01  9.78382058190691e-01  1.02413603367971e+00
  1.07194180609195e+00  1.12188480600192e+00  1.17405352442040e+00
  1.22853958381889e+00  1.28543780751191e+00  1.34484628697903e+00
  1.40686644677059e+00  1.47160310648129e+00  1.53916453938298e+00
  1.60966252713395e+00  1.68321241005081e+00  1.75993313231167e+00
  1.83994728147222e+00  1.92338112156849e+00  2.01036461912152e+00
  2.10103146118187e+00  2.19551906467514e+00  2.29396857603729e+00
  2.39652486031697e+00  2.50333647863276e+00  2.61455565301732e+00
  2.73033821743546e+00  2.85084355392454e+00  2.97623451243965e+00
  3.10667731331657e+00  3.24234143077625e+00  3.38339945622739e+00
  3.53002693974105e+00  3.68240220829362e+00  3.84070615898524e+00
  4.00512202584411e+00  4.17583511818943e+00  4.35303252910319e+00
  4.53690281196084e+00  4.72763562335717e+00  4.92542133038983e+00
  5.13045058063034e+00  5.34291383250673e+00  5.56300084468951e+00
  5.79090012193956e+00  6.02679831614802e+00  6.27087958017887e+00
  6.52332487306086e+00  6.78431121454446e+00  7.05401088755729e+00
  7.33259058673812e+00  7.62021051201401e+00  7.91702340541881e+00
  8.22317353078532e+00  8.53879559461231e+00  8.86401360836267e+00
  9.19893969111841e+00  9.54367281323585e+00  9.89829748073326e+00
  1.02628823620787e+01  1.06374788573501e+01  1.10221196132227e+01
  1.14168169841170e+01  1.18215614443583e+01  1.22363199533406e+01
  1.26610342791109e+01  1.30956192847314e+01  1.35399611839221e+01
  1.39939157720236e+01  1.44573066411865e+01  1.49299233869168e+01
  1.54115198179775e+01  1.59018121780524e+01  1.64004773938084e+01
  1.69071513605879e+01  1.74214272819099e+01  1.79428540771367e+01
  1.84709348765294e+01  1.90051256190699e+01  1.95448337771867e+01
  2.00894172243222e+01  2.06381832729526e+01  2.11903879023636e+01
  2.17452352042497e+01  2.23018770692555e+01  2.28594131449136e+01
  2.34168910874786e+01  2.39733071433553e+01  2.45276070804646e+01
  2.50786875073241e+01  2.56253976020045e+01  2.61665412848550e+01
  2.67008798603387e+01  2.72271351575788e+01  2.77439931930406e+01
  2.82501083832830e+01  2.87441083245385e+01  2.92245991651601e+01
  2.96901715772207e+01  3.01394073513076e+01  3.05708866072391e+01
  3.09831956371115e+01  3.13749353643131e+01  3.17447304171366e+01
  3.20912387928172e+01  3.24131620912460e+01  3.27092562787559e+01
  3.29783429446667e+01  3.32193209893154e+01  3.34311786898124e+01
  3.36130060552364e+01  3.37640074028090e+01  3.38835140373189e+01
  3.39709969441363e+01  3.40260793590287e+01  3.40485490932634e+01
  3.40383704618594e+01  3.39956956697906e+01  3.39208754786135e+01
  3.38144689976337e+01  3.36772523984462e+01  3.35102263847625e+01
  3.33146222111149e+01  3.30919060664997e+01  3.28437816219628e+01
  3.25721905599783e+01  3.22793108876157e+01  3.19675528756978e+01
  3.16395524363832e+01  3.12981618184002e+01  3.09464374662041e+01
  3.05876249594004e+01  3.02251409410902e+01  2.98625520027225e+01
  2.95035505005921e+01  2.91519273558586e+01  2.88115418815749e+01
  2.84862887876613e+01  2.81800625000484e+01  2.78967190351431e+01
  2.76400356840096e+01  2.74136688373567e+01  2.72211103223232e+01
  2.70656426819798e+01  2.69502938757472e+01  2.68777919229920e+01
  2.68505200656007e+01  2.68704730537483e+01  2.69392151982328e+01
  2.70578408576504e+01  2.72269380447655e+01  2.74465558473370e+01
  2.77161763548775e+01  2.80346917747039e+01  2.84003873889273e+01
  2.88109309802504e+01  2.92633692884456e+01  2.97541320178820e+01
  3.02790438200117e+01  3.08333446074345e+01  3.14117184381773e+01
  3.20083311135275e+01  3.26168764924757e+01  3.32306314179220e+01
  3.38425189823380e+01  3.44451797432892e+01  3.50310503305230e+01
  3.55924487451753e+01  3.61216655021509e+01  3.66110596204999e+01
  3.70531583237097e+01  3.74407591936922e+01  3.77670333878435e+01
  3.80256284451515e+01  3.82107691072578e+01  3.83173545265999e+01
  3.83410501887211e+01  3.82783728640115e+01  3.81267669095714e+01
  3.78846703008627e+01  3.75515688185240e+01  3.71280369613024e+01
  3.66157642484072e+01  3.60175657930150e+01  3.53373761970126e+01
  3.45802260814645e+01  3.37522008125678e+01  3.28603813055380e+01
  3.19127670711453e+01  3.09181820565993e+01  2.98861641324731e+01
  2.88268394924786e+01  2.77507835486398e+01  2.66688702901994e+01
  2.55921123916903e+01  2.45314946709120e+01  2.34978037583165e+01
  2.25014570710597e+01  2.15523343207800e+01  2.06596149004007e+01
  1.98316244782386e+01  1.90756940754372e+01  1.83980347299661e+01
  1.78036306082565e+01  1.72961530961820e+01  1.68778979881406e+01
  1.65497474348206e+01  1.63111577660878e+01  1.61601737632528e+01
  1.60934693531461e+01  1.61064141094171e+01  1.61931643526877e+01
  1.63467770704167e+01  1.65593443333628e+01  1.68221453885887e+01
  1.71258131665758e+01  1.74605115702784e+01  1.78161196300819e+01
  1.81824184228704e+01  1.85492765783385e+01  1.89068302381122e+01
  1.92456534948207e+01  1.95569156213541e+01  1.98325217895507e+01
  2.00652344708382e+01  2.02487732784987e+01  2.03778916442900e+01
  2.04484293857313e+01  2.04573408978161e+01  2.04026993650828e+01
  2.02836780131014e+01  2.01005099842989e+01  1.98544289102811e+01
  1.95475926505783e+01  1.91829929660681e+01  1.87643540897461e+01
  1.82960232502281e+01  1.77828561951116e+01  1.72301006654213e+01
  1.66432805968481e+01  1.60280835789039e+01  1.53902538124788e+01
  1.47354924722080e+01  1.40693670291452e+01  1.33972307255824e+01
  1.27241530359714e+01  1.20548616024521e+01  1.13936958133113e+01
  1.07445718976341e+01  1.01109591544423e+01  9.49586671428053e+00
  8.90184004775870e+00  8.33096629916976e+00  7.78488741536352e+00
  7.26481997755178e+00  6.77158060935212e+00  6.30561583292704e+00
  5.86703527118935e+00  5.45564714158039e+00  5.07099505682248e+00
  4.71239523083102e+00  4.37897328497747e+00  4.06969995359627e+00
  3.78342509716293e+00  3.51890954191818e+00  3.27485437458191e+00
  3.04992742475413e+00  2.84278676936463e+00  2.65210118053733e+00
  2.47656752302361e+00  2.31492517565143e+00  2.16596761068071e+00
  2.02855131334474e+00  1.90160225848831e+00  1.78412018724052e+00
  1.67518094110242e+00  1.57393711608028e+00  1.47961729768129e+00
  1.39152412753267e+00  1.30903143836831e+00  1.23158067477605e+00
  1.15867679570732e+00  1.08988383116221e+00  1.02482024153583e+00
  9.63154204121528e-01  9.04598928663852e-01  8.48908082315236e-01
  7.95871385346906e-01  7.45310421746924e-01  6.97074694445718e-01
  6.51037942672183e-01  6.07094729313965e-01  5.65157298587362e-01
  5.25152698932215e-01  4.87020162280257e-01  4.50708728717249e-01
  4.16175104490056e-01  3.83381741285697e-01  3.52295125214155e-01
  3.22884264960443e-01  2.95119369559593e-01  2.68970707578200e-01
  2.44407640255544e-01  2.21397822019105e-01  1.99906562108672e-01
  1.79896341050438e-01  1.61326475444887e-01  1.44152923761651e-01
  1.28328224973681e-01  1.13801560554917e-01  1.00518929203704e-01
  8.84234221516820e-02  7.74555857686914e-02  6.75538569386221e-02
  5.86550558433517e-02  5.06949201657765e-02  4.36086645252853e-02
  3.73315491148496e-02  3.17994421228919e-02  2.69493615125268e-02
  2.27199831362872e-02  1.90521038760345e-02  1.58890505082997e-02
  1.31770271760243e-02  1.08653966571877e-02  8.90689293038613e-03
  7.25776479057771e-03  5.87785235539545e-03  4.73060017264445e-03
  3.78301221674541e-03  3.00555531853088e-03  2.37201847217147e-03
  1.85933601018845e-03  1.44738283492700e-03  1.11874977616016e-03
  8.58506744977999e-04  6.53960725542290e-04  4.94414841326370e-04
  3.70933811087967e-04  2.76120123364257e-04  2.03904264298871e-04
  1.49351368101688e-04  1.08485772756079e-04  7.81341614661026e-05
  5.57873006735860e-05  3.94798242065357e-05  2.76870864163172e-05
  1.92378078006355e-05  1.32410218501567e-05  9.02575398615626e-06
  6.09181973731066e-06  4.07018907044902e-06  2.69144424235856e-06
  1.76098429384460e-06  1.13977093607917e-06  7.29559923898576e-07
  4.61712350810804e-07  2.88822752911508e-07  1.78533370692162e-07
  1.09021063028603e-07  6.57469775743929e-08  3.91455826269928e-08
  2.30035713153557e-08  1.33374343929499e-08  7.62729566542367e-09
  4.30070533708780e-09  2.39018081261236e-09  1.30881985085723e-09
  7.05891262058968e-10  3.74818462218378e-10  1.95874594019338e-10
  1.00696882556327e-10  5.09049473399934e-11  2.52951390317913e-11
  1.23498178673225e-11  5.92156770197374e-12  2.78719246196119e-12
  1.28720537524690e-12  5.83002933841885e-13  2.58834343481773e-13
  1.12585521834009e-13  4.79542641398603e-14  1.99906276761642e-14
  8.15169379187379e-15  3.24966140059076e-15  1.26582248017170e-15
  4.81640983134917e-16  1.78866197185778e-16  6.47895171866120e-17
  2.28762065791088e-17  7.86854363678770e-18  2.63486385045452e-18
  8.58440138522259e-19  2.71789789061715e-19  8.36089081672481e-20
  2.49674326778770e-20  7.23227543190593e-21  2.03060661220279e-21
  5.52189947235486e-22  1.45317207557830e-22  3.69791697733658e-23
  9.09172133460196e-24  2.15780702708073e-24  4.93942654873951e-25
  1.08955430597219e-25  2.31383044187033e-26  4.72625433505330e-27
  9.27659782161857e-28  1.74791382547959e-28  3.15845539779165e-29
  5.46772632503809e-30
  8.57961410427236e-25  9.78774144905159e-25  1.11659446390660e-24
  1.27381588436570e-24  1.45316864773161e-24  1.65776706980473e-24
  1.89116354536354e-24  2.15741014227810e-24  2.46112885099420e-24
  2.80759170481419e-24  3.20281215703471e-24  3.65364929532970e-24
  4.16792669558399e-24  4.75456797009110e-24  5.42375135326384e-24
  6.18708599655182e-24  7.05781301886146e-24  8.05103478583490e-24
  9.18397637817175e-24  1.04762837642517e-23  1.19503638249096e-23
  1.36317720996192e-23  1.55496549453522e-23  1.77372537367112e-23
  2.02324798041465e-23  2.30785700247530e-23  2.63248343681409e-23
  3.00275082817140e-23  3.42507246028735e-23  3.90676217405168e-23
  4.45616072103702e-23  5.08277982777134e-23  5.79746645032104e-23
  6.61259004535468e-23  7.54225607895990e-23  8.60254944456126e-23
  9.81181197428835e-23  1.11909588125866e-22  1.27638390868452e-22
  1.45576470685761e-22  1.66033908832465e-22  1.89364268117363e-22
  2.15970683485799e-22  2.46312804604083e-22  2.80914709442783e-22
  3.20373924443852e-22  3.65371705752445e-22  4.16684757516129e-22
  4.75198587769813e-22  5.41922730342354e-22  6.18008093021795e-22
  7.04766728425659e-22  8.03694365263707e-22  9.16496084638617e-22
  1.04511557950293e-21  1.19176849627305e-21  1.35898042692538e-21
  1.54963019881406e-21  1.76699919931009e-21  2.01482757462697e-21
  2.29737825864394e-21  2.61950992005094e-21  2.98676006698711e-21
  3.40543972001373e-21  3.88274125964653e-21  4.42686127698605e-21
  5.04714050900854e-21  5.75422322791376e-21  6.56023878147894e-21
  7.47900835396833e-21  8.52628044104672e-21  9.71999901433822e-21
  1.10806088997159e-20  1.26314035172446e-20  1.43989208400510e-20
  1.64133942362463e-20  1.87092657752609e-20  2.13257706230678e-20
  2.43076023365327e-20  2.77056702152279e-20  3.15779614013216e-20
  3.59905221599900e-20  4.10185747520255e-20  4.67477885600194e-20
  5.32757266853240e-20  6.07134921372995e-20  6.91876010356432e-20
  7.88421139945279e-20  8.98410611144261e-20  1.02371200842217e-19
  1.16645158451156e-19  1.32904996125973e-19  1.51426273717654e-19
  1.72522667267058e-19  1.96551221518293e-19  2.23918322994620e-19
  2.55086491957720e-19  2.90582104901127e-19  3.31004174352965e-19
  3.77034329918950e-19  4.29448163957062e-19  4.89128127344394e-19
  5.57078185822940e-19  6.34440475784220e-19  7.22514230520834e-19
  8.22777284429153e-19  9.36910503970975e-19  1.06682554102033e-18
  1.21469635727047e-18  1.38299502846803e-18  1.57453240530246e-18
  1.79250428485462e-18  2.04054383377866e-18  2.32278110318708e-18
  2.64391058703450e-18  3.00926790234659e-18  3.42491681283668e-18
  3.89774797944400e-18  4.43559100455980e-18  5.04734154392520e-18
  5.74310549447351e-18  6.53436253125982e-18  7.43415156598145e-18
  8.45728103788772e-18  9.62056733009289e-18  1.09431050360466e-17
  1.24465732885318e-17  1.41555829141058e-17  1.60980697974875e-17
  1.83057405418708e-17  2.08145773028072e-17  2.36654095663842e-17
  2.69045616498173e-17  3.05845858385823e-17  3.47650923550785e-17
  3.95136887974656e-17  4.49070433144637e-17  5.10320876149018e-17
  5.79873779758591e-17  6.58846347385609e-17  7.48504833995084e-17
  8.50284233513487e-17  9.65810536449023e-17  1.09692588874851e-16
  1.24571702489571e-16  1.41454739545031e-16  1.60609346229940e-16
  1.82338569453781e-16  2.06985486492049e-16  2.34938432213350e-16
  2.66636899869711e-16  3.02578200929643e-16  3.43324980091619e-16
  3.89513693584326e-16  4.41864172280221e-16  5.01190406212226e-16
  5.68412703968471e-16  6.44571399376295e-16  7.30842299108342e-16
  8.28554088629572e-16  9.39207940542614e-16  1.06449959924140e-15
  1.20634424918645e-15  1.36690451153912e-15  1.54862195574648e-15
  1.75425255952600e-15  1.98690660309582e-15  2.25009354211634e-15
  2.54777246931655e-15  2.88440884806571e-15  3.26503828296652e-15
  3.69533818405976e-15  4.18170828335726e-15  4.73136107656818e-15
  5.35242339020570e-15  6.05405041660541e-15  6.84655371790657e-15
  7.74154487736201e-15  8.75209667369426e-15  9.89292387469179e-15
  1.11805859918506e-14  1.26337146118664e-14  1.42732682259562e-14
  1.61228178185437e-14  1.82088668554998e-14  2.05612097351377e-14
  2.32133332348991e-14  2.62028660112149e-14  2.95720817929066e-14
  3.33684625582977e-14  3.76453287085876e-14  4.24625440555459e-14
  4.78873043353322e-14  5.39950189583588e-14  6.08702968113254e-14
  6.86080481618108e-14  7.73147160860620e-14  8.71096523654990e-14
  9.81266544936466e-14  1.10515682318599e-13  1.24444774946352e-13
  1.40102190853085e-13  1.57698796755162e-13  1.77470733653204e-13
  1.99682391676927e-13  2.24629728908012e-13  2.52643973312277e-13
  2.84095751309733e-13  3.19399691384309e-13  3.59019556572566e-13
  4.03473965686811e-13  4.53342769839448e-13  5.09274158273240e-13
  5.71992575781816e-13  6.42307543194491e-13  7.21123482630803e-13
  8.09450660566159e-13  9.08417374411772e-13  1.01928352229501e-12
  1.14345571138067e-12  1.28250407736710e-12  1.43818100710773e-12
  1.61244197772247e-12  1.80746874943926e-12  2.02569517586353e-12
  2.26983592496514e-12  2.54291843676875e-12  2.84831848036613e-12
  3.18979971341398e-12  3.57155769255885e-12  3.99826883358152e-12
  4.47514487608521e-12  5.00799347011724e-12  5.60328557143301e-12
  6.26823041007727e-12  7.01085888274481e-12  7.84011631639863e-12
  8.76596565745305e-12  9.79950226106018e-12  1.09530815885306e-11
  1.22404612703787e-11  1.36769591587970e-11  1.52796291800262e-11
  1.70674570044670e-11  1.90615777853897e-11  2.12855184767230e-11
  2.37654675313225e-11  2.65305751065078e-11  2.96132872679705e-11
  3.30497180911670e-11  3.68800640165971e-11  4.11490653276051e-11
  4.59065201948453e-11  5.12078573749993e-11  5.71147743778109e-11
  6.36959487251959e-11  7.10278308435859e-11  7.91955281544301e-11
  8.82937910853973e-11  9.84281130235105e-11  1.09715957696388e-10
  1.22288129114842e-10  1.36290301071657e-10  1.51884725283184e-10
  1.69252139628922e-10  1.88593900610412e-10  2.10134367167672e-10
  2.34123566396187e-10  2.60840175562272e-10  2.90594859166374e-10
  3.23734004742696e-10  3.60643906658351e-10  4.01755453509563e-10
  4.47549381876620e-10  4.98562167333035e-10  5.55392632829954e-10
  6.18709365047735e-10  6.89259041195460e-10  7.67875782257811e-10
  8.55491664030906e-10  9.53148534764485e-10  1.06201130808101e-09
  1.18338292244724e-09  1.31872118421544e-09  1.46965774055125e-09
  1.63801946195755e-09  1.82585255215332e-09  2.03544974646703e-09
  2.26938100933533e-09  2.53052819800446e-09  2.82212422381456e-09
  3.14779731608796e-09  3.51162107739913e-09  3.91817111492445e-09
  4.37258914192856e-09  4.88065556850691e-09  5.44887174336483e-09
  6.08455317199603e-09  6.79593522234906e-09  7.59229304360237e-09
  8.48407766560152e-09  9.48307052696850e-09  1.06025589970291e-08
  1.18575358217755e-08  1.32649258398952e-08  1.48438437925623e-08
  1.66158875922959e-08  1.86054720433564e-08  2.08402087129071e-08
  2.33513384709107e-08  2.61742241443990e-08  2.93489117967287e-08
  3.29207703594910e-08  3.69412207317077e-08  4.14685670571825e-08
  4.65689446917362e-08  5.23174014663704e-08  5.87991311988825e-08
  6.61108811302222e-08  7.43625580387907e-08  8.36790613220976e-08
  9.42023753382438e-08  1.06093957934339e-07  1.19537467256752e-07
  1.34741874993175e-07  1.51945020924113e-07  1.71417671473274e-07
  1.93468153758101e-07  2.18447646702932e-07  2.46756222248968e-07
  2.78849742668894e-07  3.15247734954682e-07  3.56542379845931e-07
  4.03408772547977e-07  4.56616633586033e-07  5.17043673198360e-07
  5.85690840523898e-07  6.63699720694204e-07  7.52372378784734e-07
  8.53193990507408e-07  9.67858645962123e-07  1.09829876360539e-06
  1.24671861313442e-06  1.41563251028015e-06  1.60790832148013e-06
  1.82681700708724e-06  2.07608901505429e-06  2.35997846279110e-06
  2.68333614571076e-06  3.05169256748680e-06  3.47135232368606e-06
  3.94950135309608e-06  4.49432876227130e-06  5.11516513630050e-06
  5.82263950876129e-06  6.62885741054821e-06  7.54760274562573e-06
  8.59456654976912e-06  9.78760609750077e-06  1.11470381975019e-05
  1.26959710323654e-05  1.44606793544585e-05  1.64710284851007e-05
  1.87609531197892e-05  2.13689977303882e-05  2.43389260159236e-05
  2.77204078146771e-05  3.15697927229919e-05  3.59509807245238e-05
  4.09364013090517e-05  4.66081136156924e-05  5.30590416968332e-05
  6.03943601932762e-05  6.87330475022030e-05  7.82096250261032e-05
  8.89761031236054e-05  1.01204156022505e-04  1.15087550560687e-04
  1.30844855236814e-04  1.48722459075814e-04  1.68997931833535e-04
  1.91983760115759e-04  2.18031496294151e-04  2.47536361002163e-04
  2.80942341175270e-04  3.18747831391390e-04  3.61511866283238e-04
  4.09860997855716e-04  4.64496872676354e-04  5.26204568040977e-04
  5.95861748738991e-04  6.74448709300509e-04  7.63059368325339e-04
  8.62913284907553e-04  9.75368767379413e-04  1.10193714691885e-03
  1.24429828873858e-03  1.40431741228730e-03  1.58406329168444e-03
  1.78582790484439e-03  2.01214759287547e-03  2.26582579181545e-03
  2.54995738313659e-03  2.86795470718140e-03  3.22357526782110e-03
  3.62095114183356e-03  4.06462009208603e-03  4.55955836163792e-03
  5.11121509900983e-03  5.72554834543419e-03  6.40906247420002e-03
  7.16884694307215e-03  8.01261618356493e-03  8.94875039524977e-03
  9.98633697944372e-03  1.11352122862105e-02  1.24060032797095e-02
  1.38101686991332e-02  1.53600391708495e-02  1.70688557112396e-02
  1.89508059508874e-02  2.10210573292649e-02  2.32957864607021e-02
  2.57922037388767e-02  2.85285722155902e-02  3.15242196283796e-02
  3.47995425157536e-02  3.83760010125036e-02  4.22761032216666e-02
  4.65233775648923e-02  5.11423318393977e-02  5.61583974005326e-02
  6.15978569910308e-02  6.74877546980251e-02  7.38557865324310e-02
  8.07301702022862e-02  8.81394926492212e-02  9.61125341881141e-02
  1.04678068049207e-01  1.13864634534180e-01  1.23700289105926e-01
  1.34212324073004e-01  1.45426964044907e-01  1.57369035402053e-01
  1.70061611029995e-01  1.83525631530786e-01  1.97779505112015e-01
  2.12838688833090e-01  2.28715254388479e-01  2.45417442540512e-01
  2.62949210683668e-01  2.81309778792692e-01  3.00493179586588e-01
  3.20487819136578e-01  3.41276054815709e-01  3.62833797633509e-01
  3.85130146482326e-01  4.08127062036273e-01  4.31779088185042e-01
  4.56033129272484e-01  4.80828291445530e-01  5.06095796928280e-01
  5.31758980048638e-01  5.57733374331540e-01  5.83926899799761e-01
  6.10240159470238e-01  6.36566853238411e-01  6.62794315850062e-01
  6.88804183590125e-01  7.14473191422900e-01  7.39674098756070e-01
  7.64276738207768e-01  7.88149177432825e-01  8.11158980060562e-01
  8.33174547834963e-01  8.54066522287744e-01  8.73709221846502e-01
  8.91982087136670e-01  9.08771106648251e-01  9.23970193434287e-01
  9.37482484391422e-01  9.49221534461606e-01  9.59112380347211e-01
  9.67092451186721e-01  9.73112307267308e-01  9.77136192106997e-01
  9.79142387909023e-01  9.79123369308854e-01  9.77085755387743e-01
  9.73050064772785e-01  9.67050283322871e-01  9.59133258003988e-01
  9.49357934216346e-01  9.37794456684398e-01  9.24523156248756e-01
  9.09633446218975e-01  8.93222652618779e-01  8.75394802446861e-01
  8.56259393332432e-01  8.35930166476647e-01  8.14523902941897e-01
  7.92159260995602e-01  7.68955669741957e-01  7.45032291514638e-01
  7.20507062844879e-01  6.95495821066719e-01  6.70111521212788e-01
  6.44463545198847e-01  6.18657104235375e-01  5.92792731320344e-01
  5.66965862958428e-01  5.41266503194267e-01  5.15778967505982e-01
  4.90581698394155e-01  4.65747148220532e-01  4.41341722004157e-01
  4.17425774175113e-01  3.94053653203379e-01  3.71273787916546e-01
  3.49128810176348e-01  3.27655708555713e-01  3.06886008285769e-01
  2.86845973139619e-01  2.67556825264631e-01  2.49034979536068e-01
  2.31292289136380e-01  2.14336299883205e-01  1.98170510499175e-01
  1.82794637029816e-01  1.68204879258704e-01  1.54394187573075e-01
  1.41352528751598e-01  1.29067149294421e-01  1.17522835095298e-01
  1.06702166308726e-01  9.65857663567790e-02  8.71525441357904e-02
  7.83799285047931e-02  7.02440942809970e-02  6.27201790031962e-02
  5.57824898554097e-02  4.94047002173683e-02  4.35600354271427e-02
  3.82214474329685e-02  3.33617781254872e-02  2.89539112268273e-02
  2.49709127193893e-02  2.13861598663599e-02  1.81734589640243e-02
  1.53071520183412e-02  1.27622126015000e-02  1.05143311793502e-02
  8.53999024036950e-03  6.81652957448267e-03  5.32220207077824e-03
  4.03622040620340e-03  2.93879500343962e-03  2.01116362186657e-03
  1.23561299005045e-03  5.95492773982159e-04  7.52222587209195e-05
 -3.39709844169249e-04 -6.62752222102957e-04 -9.06304006516478e-04
 -1.08173370893432e-03 -1.19940368338945e-03 -1.26869973617461e-03
 -1.29806548309704e-03 -1.29504102775229e-03 -1.26630550433070e-03
 -1.21772299745189e-03 -1.15439131963510e-03 -1.08069309556790e-03
 -1.00034857985251e-03 -9.16469610586797e-04 -8.31614093524304e-04
 -7.47840408183599e-04 -6.66761135951741e-04 -5.89595533782707e-04
 -5.17220210116232e-04 -4.50217505963952e-04 -3.88921141775321e-04
 -3.33458757624564e-04 -2.83791049261567e-04 -2.39747282551786e-04
 -2.01057051697446e-04 -1.67378229062395e-04 -1.38321134064986e-04
 -1.13469022479370e-04 -9.23950636138678e-05 -7.46760290806455e-05
 -5.99029621122246e-05 -4.76891296296393e-05 -3.76755804814352e-05
 -2.95346426426553e-05 -2.29716906591488e-05 -1.77255033712323e-05
 -1.35675126184671e-05 -1.03002178873971e-05 -7.75501163440020e-06
 -5.78962697326072e-06 -4.28538557296319e-06 -3.14438980844429e-06
 -2.28677174495375e-06 -1.64808203281388e-06 -1.17687615777033e-06
 -8.32533531928583e-07 -5.83326199253048e-07 -4.04740254412147e-07
 -2.78041386036935e-07 -1.89068902641212e-07 -1.27237274242397e-07
 -8.47216939310203e-08 -5.58032837813536e-08 -3.63500429503205e-08
 -2.34110921180834e-08 -1.49038270554582e-08 -9.37599557603387e-09
 -5.82721062372403e-09 -3.57687928298368e-09 -2.16780704899446e-09
 -1.29681678841405e-09 -7.65495721227990e-10 -4.45732602952445e-10
 -2.55934691097800e-10 -1.44864541562480e-10 -8.08009588629274e-11
 -4.43962415187139e-11 -2.40201329283669e-11 -1.27925406037667e-11
 -6.70352743179907e-12 -3.45498748552604e-12 -1.75073097430741e-12
 -8.71849899012090e-13 -4.26506775538106e-13 -2.04870738757407e-13
 -9.65843601759461e-14 -4.46688451420505e-14 -2.02566159975976e-14
 -9.00287527330664e-15 -3.91949767767720e-15 -1.67067480847744e-15
 -6.96843781197588e-16 -2.84262021944429e-16 -1.13343482423210e-16
 -4.41538332959466e-17 -1.68029553246487e-17 -6.23995001218272e-18
 -2.25991841372951e-18 -7.97724997730226e-19 -2.74342327056285e-19
 -9.19174512388217e-20 -3.00366807709475e-20 -9.55523551396466e-21
 -2.95198367692259e-21 -8.85024291484004e-22 -2.57301631327366e-22
 -7.24844833320523e-23 -1.97707510001120e-23 -5.21709232489775e-24
 -1.33077208694489e-24 -3.27855082103042e-25 -7.79447676706540e-26
 -1.78662237999992e-26 -3.94478407103197e-27 -8.38208333024047e-28
 -1.71238743491075e-28 -3.36004914230608e-29 -6.32621399711267e-30
 -1.14168557003431e-30
 (i6, f12.0, f18.0, f8.3, i6)
   670  60.0000000  0.02500000000000  28.000     2
 (3e22.14)
  2.99785627573422e-06  3.14822239435847e-06  3.30613016966885e-06
  3.47195782587790e-06  3.64610255336458e-06  3.82898145956288e-06
  4.02103256751086e-06  4.22271586444773e-06  4.43451440296639e-06
  4.65693545735412e-06  4.89051173788764e-06  5.13580266598148e-06
  5.39339571324481e-06  5.66390780763799e-06  5.94798681010478e-06
  6.24631306518648e-06  6.55960102936013e-06  6.88860098093621e-06
  7.23410081568921e-06  7.59692793238457e-06  7.97795121286751e-06
  8.37808310127808e-06  8.79828178750214e-06  9.23955349997383e-06
  9.70295491336786e-06  1.01895956768869e-05  1.07006410692405e-05
  1.12373147865653e-05  1.18009018700825e-05  1.23927517802839e-05
  1.30142816252358e-05  1.36669795504470e-05  1.43524082986175e-05
  1.50722089476040e-05  1.58281048356225e-05  1.66219056829800e-05
  1.74555119202674e-05  1.83309192331880e-05  1.92502233350959e-05
  2.02156249782947e-05  2.12294352164674e-05  2.22940809303504e-05
  2.34121106302039e-05  2.45862005486439e-05  2.58191610385270e-05
  2.71139432910140e-05  2.84736463899823e-05  2.99015247193462e-05
  3.14009957413210e-05  3.29756481636020e-05  3.46292505156138e-05
  3.63657601535227e-05  3.81893327160834e-05  4.01043320533863e-05
  4.21153406524142e-05  4.42271705840162e-05  4.64448749976150e-05
  4.87737601905745e-05  5.12193982815851e-05  5.37876405172751e-05
  5.64846312448626e-05  5.93168225828409e-05  6.22909898256240e-05
  6.54142476180081e-05  6.86940669383456e-05  7.21382929304209e-05
  7.57551636268333e-05  7.95533296076293e-05  8.35418746419429e-05
  8.77303373600599e-05  9.21287340092996e-05  9.67475823456355e-05
  1.01597926719482e-04  1.06691364413861e-04  1.12040073298157e-04
  1.17656840862397e-04  1.23555094701606e-04  1.29748934521214e-04
  1.36253165741022e-04  1.43083334775153e-04  1.50255766073565e-04
  1.57787601011005e-04  1.65696838716639e-04  1.74002378939670e-04
  1.82724067053925e-04  1.91882741305004e-04  2.01500282415444e-04
  2.11599665660211e-04  2.22205015540201e-04  2.33341663178663e-04
  2.45036206578637e-04  2.57316573881721e-04  2.70212089778385e-04
  2.83753545224631e-04  2.97973270631504e-04  3.12905212695860e-04
  3.28585015058435e-04  3.45050102971953e-04  3.62339772185243e-04
  3.80495282245911e-04  3.99559954444847e-04  4.19579274629539e-04
  4.40601001129211e-04  4.62675278041956e-04  4.85854754153201e-04
  5.10194707757400e-04  5.35753177683946e-04  5.62591100821989e-04
  5.90772456477314e-04  6.20364417887819e-04  6.51437511258324e-04
  6.84065782680735e-04  7.18326973331768e-04  7.54302703351434e-04
  7.92078664836867e-04  8.31744824389203e-04  8.73395635699154e-04
  9.17130262645070e-04  9.63052813440776e-04  1.01127258635805e-03
  1.06190432760463e-03  1.11506850194625e-03  1.17089157670344e-03
  1.22950631977080e-03  1.29105211235762e-03  1.35567527715169e-03
  1.42352942268734e-03  1.49477580467629e-03  1.56958370516464e-03
  1.64813083035622e-03  1.73060372803394e-03  1.81719822552118e-03
  1.90811988919345e-03  2.00358450657599e-03  2.10381859214611e-03
  2.20905991796241e-03  2.31955807036203e-03  2.43557503395397e-03
  2.55738580426128e-03  2.68527903037649e-03  2.81955768910280e-03
  2.96053979207310e-03  3.10855912748504e-03  3.26396603805450e-03
  3.42712823701396e-03  3.59843166390357e-03  3.77828138213650e-03
  3.96710252029626e-03  4.16534125929205e-03  4.37346586754683e-03
  4.59196778654304e-03  4.82136276908902e-03  5.06219207288628e-03
  5.31502371193854e-03  5.58045376867251e-03  5.85910776953075e-03
  6.15164212715433e-03  6.45874565223264e-03  6.78114113836219e-03
  7.11958702332551e-03  7.47487913043781e-03  7.84785249365632e-03
  8.23938327049714e-03  8.65039074671596e-03  9.08183943724779e-03
  9.53474128768993e-03  1.00101579811962e-02  1.05092033555548e-02
  1.10330459356433e-02  1.15829115865448e-02  1.21600862929758e-02
  1.27659190707260e-02  1.34018250163698e-02  1.40692885013166e-02
  1.47698665171489e-02  1.55051921787894e-02  1.62769783929896e-02
  1.70870216994179e-02  1.79372062922938e-02  1.88295082306058e-02
  1.97659998455262e-02  2.07488543536480e-02  2.17803506855597e-02
  2.28628785388746e-02  2.39989436662567e-02  2.51911734082081e-02
  2.64423224819219e-02  2.77552790370441e-02  2.91330709902316e-02
  3.05788726504442e-02  3.20960116477829e-02  3.36879761785822e-02
  3.53584225808718e-02  3.71111832534884e-02  3.89502749344370e-02
  4.08799073525921e-02  4.29044922693281e-02  4.50286529256849e-02
  4.72572339122933e-02  4.95953114791687e-02  5.20482043037790e-02
  5.46214847353807e-02  5.73209905358173e-02  6.01528371352605e-02
  6.31234304251287e-02  6.62394801075032e-02  6.95080136243873e-02
  7.29363906881227e-02  7.65323184367358e-02  8.03038672374137e-02
  8.42594871631750e-02  8.84080251666627e-02  9.27587429783795e-02
  9.73213357532191e-02  1.02105951495213e-01  1.07123211284774e-01
  1.12384230339211e-01  1.17900639933131e-01  1.23684610209018e-01
  1.29748873906614e-01  1.36106751042302e-01  1.42772174566919e-01
  1.49759717035429e-01  1.57084618316036e-01  1.64762814373243e-01
  1.72810967153281e-01  1.81246495605254e-01  1.90087607867189e-01
  1.99353334650793e-01  2.09063563851030e-01  2.19239076417282e-01
  2.29901583507646e-01  2.41073764963322e-01  2.52779309124205e-01
  2.65042954017089e-01  2.77890529939031e-01  2.91349003461775e-01
  3.05446522876402e-01  3.20212465102371e-01  3.35677484071631e-01
  3.51873560612127e-01  3.68834053829987e-01  3.86593754011264e-01
  4.05188937036308e-01  4.24657420314512e-01  4.45038620229509e-01
  4.66373611088314e-01  4.88705185553285e-01  5.12077916542155e-01
  5.36538220554416e-01  5.62134422404102e-01  5.88916821291183e-01
  6.16937758179517e-01  6.46251684396547e-01  6.76915231393007e-01
  7.08987281566158e-01  7.42529040053042e-01  7.77604107370659e-01
  8.14278552788325e-01  8.52620988265722e-01  8.92702642825915e-01
  9.34597437143748e-01  9.78382058190691e-01  1.02413603367971e+00
  1.07194180609195e+00  1.12188480600192e+00  1.17405352442040e+00
  1.22853958381889e+00  1.28543780751191e+00  1.34484628697903e+00
  1.40686644677059e+00  1.47160310648129e+00  1.53916453938298e+00
  1.60966252713395e+00  1.68321241005081e+00  1.75993313231167e+00
  1.83994728147222e+00  1.92338112156849e+00  2.01036461912152e+00
  2.10103146118187e+00  2.19551906467514e+00  2.29396857603729e+00
  2.39652486031697e+00  2.50333647863276e+00  2.61455565301732e+00
  2.73033821743546e+00  2.85084355392454e+00  2.97623451243965e+00
  3.10667731331657e+00  3.24234143077625e+00  3.38339945622739e+00
  3.53002693974105e+00  3.68240220829362e+00  3.84070615898524e+00
  4.00512202584411e+00  4.17583511818943e+00  4.35303252910319e+00
  4.53690281196084e+00  4.72763562335717e+00  4.92542133038983e+00
  5.13045058063034e+00  5.34291383250673e+00  5.56300084468951e+00
  5.79090012193956e+00  6.02679831614802e+00  6.27087958017887e+00
  6.52332487306086e+00  6.78431121454446e+00  7.05401088755729e+00
  7.33259058673812e+00  7.62021051201401e+00  7.91702340541881e+00
  8.22317353078532e+00  8.53879559461231e+00  8.86401360836267e+00
  9.19893969111841e+00  9.54367281323585e+00  9.89829748073326e+00
  1.02628823620787e+01  1.06374788573501e+01  1.10221196132227e+01
  1.14168169841170e+01  1.18215614443583e+01  1.22363199533406e+01
  1.26610342791109e+01  1.30956192847314e+01  1.35399611839221e+01
  1.39939157720236e+01  1.44573066411865e+01  1.49299233869168e+01
  1.54115198179775e+01  1.59018121780524e+01  1.64004773938084e+01
  1.69071513605879e+01  1.74214272819099e+01  1.79428540771367e+01
  1.84709348765294e+01  1.90051256190699e+01  1.95448337771867e+01
  2.00894172243222e+01  2.06381832729526e+01  2.11903879023636e+01
  2.17452352042497e+01  2.23018770692555e+01  2.28594131449136e+01
  2.34168910874786e+01  2.39733071433553e+01  2.45276070804646e+01
  2.50786875073241e+01  2.56253976020045e+01  2.61665412848550e+01
  2.67008798603387e+01  2.72271351575788e+01  2.77439931930406e+01
  2.82501083832830e+01  2.87441083245385e+01  2.92245991651601e+01
  2.96901715772207e+01  3.01394073513076e+01  3.05708866072391e+01
  3.09831956371115e+01  3.13749353643131e+01  3.17447304171366e+01
  3.20912387928172e+01  3.24131620912460e+01  3.27092562787559e+01
  3.29783429446667e+01  3.32193209893154e+01  3.34311786898124e+01
  3.36130060552364e+01  3.37640074028090e+01  3.38835140373189e+01
  3.39709969441363e+01  3.40260793590287e+01  3.40485490932634e+01
  3.40383704618594e+01  3.39956956697906e+01  3.39208754786135e+01
  3.38144689976337e+01  3.36772523984462e+01  3.35102263847625e+01
  3.33146222111149e+01  3.30919060664997e+01  3.28437816219628e+01
  3.25721905599783e+01  3.22793108876157e+01  3.19675528756978e+01
  3.16395524363832e+01  3.12981618184002e+01  3.09464374662041e+01
  3.05876249594004e+01  3.02251409410902e+01  2.98625520027225e+01
  2.95035505005921e+01  2.91519273558586e+01  2.88115418815749e+01
  2.84862887876613e+01  2.81800625000484e+01  2.78967190351431e+01
  2.76400356840096e+01  2.74136688373567e+01  2.72211103223232e+01
  2.70656426819798e+01  2.69502938757472e+01  2.68777919229920e+01
  2.68505200656007e+01  2.68704730537483e+01  2.69392151982328e+01
  2.70578408576504e+01  2.72269380447655e+01  2.74465558473370e+01
  2.77161763548775e+01  2.80346917747039e+01  2.84003873889273e+01
  2.88109309802504e+01  2.92633692884456e+01  2.97541320178820e+01
  3.02790438200117e+01  3.08333446074345e+01  3.14117184381773e+01
  3.20083311135275e+01  3.26168764924757e+01  3.32306314179220e+01
  3.38425189823380e+01  3.44451797432892e+01  3.50310503305230e+01
  3.55924487451753e+01  3.61216655021509e+01  3.66110596204999e+01
  3.70531583237097e+01  3.74407591936922e+01  3.77670333878435e+01
  3.80256284451515e+01  3.82107691072578e+01  3.83173545265999e+01
  3.83410501887211e+01  3.82783728640115e+01  3.81267669095714e+01
  3.78846703008627e+01  3.75515688185240e+01  3.71280369613024e+01
  3.66157642484072e+01  3.60175657930150e+01  3.53373761970126e+01
  3.45802260814645e+01  3.37522008125678e+01  3.28603813055380e+01
  3.19127670711453e+01  3.09181820565993e+01  2.98861641324731e+01
  2.88268394924786e+01  2.77507835486398e+01  2.66688702901994e+01
  2.55921123916903e+01  2.45314946709120e+01  2.34978037583165e+01
  2.25014570710597e+01  2.15523343207800e+01  2.06596149004007e+01
  1.98316244782386e+01  1.90756940754372e+01  1.83980347299661e+01
  1.78036306082565e+01  1.72961530961820e+01  1.68778979881406e+01
  1.65497474348206e+01  1.63111577660878e+01  1.61601737632528e+01
  1.60934693531461e+01  1.61064141094171e+01  1.61931643526877e+01
  1.63467770704167e+01  1.65593443333628e+01  1.68221453885887e+01
  1.71258131665758e+01  1.74605115702784e+01  1.78161196300819e+01
  1.81824184228704e+01  1.85492765783385e+01  1.89068302381122e+01
  1.92456534948207e+01  1.95569156213541e+01  1.98325217895507e+01
  2.00652344708382e+01  2.02487732784987e+01  2.03778916442900e+01
  2.04484293857313e+01  2.04573408978161e+01  2.04026993650828e+01
  2.02836780131014e+01  2.01005099842989e+01  1.98544289102811e+01
  1.95475926505783e+01  1.91829929660681e+01  1.87643540897461e+01
  1.82960232502281e+01  1.77828561951116e+01  1.72301006654213e+01
  1.66432805968481e+01  1.60280835789039e+01  1.53902538124788e+01
  1.47354924722080e+01  1.40693670291452e+01  1.33972307255824e+01
  1.27241530359714e+01  1.20548616024521e+01  1.13936958133113e+01
  1.07445718976341e+01  1.01109591544423e+01  9.49586671428053e+00
  8.90184004775870e+00  8.33096629916976e+00  7.78488741536352e+00
  7.26481997755178e+00  6.77158060935212e+00  6.30561583292704e+00
  5.86703527118935e+00  5.45564714158039e+00  5.07099505682248e+00
  4.71239523083102e+00  4.37897328497747e+00  4.06969995359627e+00
  3.78342509716293e+00  3.51890954191818e+00  3.27485437458191e+00
  3.04992742475413e+00  2.84278676936463e+00  2.65210118053733e+00
  2.47656752302361e+00  2.31492517565143e+00  2.16596761068071e+00
  2.02855131334474e+00  1.90160225848831e+00  1.78412018724052e+00
  1.67518094110242e+00  1.57393711608028e+00  1.47961729768129e+00
  1.39152412753267e+00  1.30903143836831e+00  1.23158067477605e+00
  1.15867679570732e+00  1.08988383116221e+00  1.02482024153583e+00
  9.63154204121528e-01  9.04598928663852e-01  8.48908082315236e-01
  7.95871385346906e-01  7.45310421746924e-01  6.97074694445718e-01
  6.51037942672183e-01  6.07094729313965e-01  5.65157298587362e-01
  5.25152698932215e-01  4.87020162280257e-01  4.50708728717249e-01
  4.16175104490056e-01  3.83381741285697e-01  3.52295125214155e-01
  3.22884264960443e-01  2.95119369559593e-01  2.68970707578200e-01
  2.44407640255544e-01  2.21397822019105e-01  1.99906562108672e-01
  1.79896341050438e-01  1.61326475444887e-01  1.44152923761651e-01
  1.28328224973681e-01  1.13801560554917e-01  1.00518929203704e-01
  8.84234221516820e-02  7.74555857686914e-02  6.75538569386221e-02
  5.86550558433517e-02  5.06949201657765e-02  4.36086645252853e-02
  3.73315491148496e-02  3.17994421228919e-02  2.69493615125268e-02
  2.27199831362872e-02  1.90521038760345e-02  1.58890505082997e-02
  1.31770271760243e-02  1.08653966571877e-02  8.90689293038613e-03
  7.25776479057771e-03  5.87785235539545e-03  4.73060017264445e-03
  3.78301221674541e-03  3.00555531853088e-03  2.37201847217147e-03
  1.85933601018845e-03  1.44738283492700e-03  1.11874977616016e-03
  8.58506744977999e-04  6.53960725542290e-04  4.94414841326370e-04
  3.70933811087967e-04  2.76120123364257e-04  2.03904264298871e-04
  1.49351368101688e-04  1.08485772756079e-04  7.81341614661026e-05
  5.57873006735860e-05  3.94798242065357e-05  2.76870864163172e-05
  1.92378078006355e-05  1.32410218501567e-05  9.02575398615626e-06
  6.09181973731066e-06  4.07018907044902e-06  2.69144424235856e-06
  1.76098429384460e-06  1.13977093607917e-06  7.29559923898576e-07
  4.61712350810804e-07  2.88822752911508e-07  1.78533370692162e-07
  1.09021063028603e-07  6.57469775743929e-08  3.91455826269928e-08
  2.30035713153557e-08  1.33374343929499e-08  7.62729566542367e-09
  4.30070533708780e-09  2.39018081261236e-09  1.30881985085723e-09
  7.05891262058968e-10  3.74818462218378e-10  1.95874594019338e-10
  1.00696882556327e-10  5.09049473399934e-11  2.52951390317913e-11
  1.23498178673225e-11  5.92156770197374e-12  2.78719246196119e-12
  1.28720537524690e-12  5.83002933841885e-13  2.58834343481773e-13
  1.12585521834009e-13  4.79542641398603e-14  1.99906276761642e-14
  8.15169379187379e-15  3.24966140059076e-15  1.26582248017170e-15
  4.81640983134917e-16  1.78866197185778e-16  6.47895171866120e-17
  2.28762065791088e-17  7.86854363678770e-18  2.63486385045452e-18
  8.58440138522259e-19  2.71789789061715e-19  8.36089081672481e-20
  2.49674326778770e-20  7.23227543190593e-21  2.03060661220279e-21
  5.52189947235486e-22  1.45317207557830e-22  3.69791697733658e-23
  9.09172133460196e-24  2.15780702708073e-24  4.93942654873951e-25
  1.08955430597219e-25  2.31383044187033e-26  4.72625433505330e-27
  9.27659782161857e-28  1.74791382547959e-28  3.15845539779165e-29
  5.46772632503809e-30
  8.57961410427236e-25  9.78774144905159e-25  1.11659446390660e-24
  1.27381588436570e-24  1.45316864773161e-24  1.65776706980473e-24
  1.89116354536354e-24  2.15741014227810e-24  2.46112885099420e-24
  2.80759170481419e-24  3.20281215703471e-24  3.65364929532970e-24
  4.16792669558399e-24  4.75456797009110e-24  5.42375135326384e-24
  6.18708599655182e-24  7.05781301886146e-24  8.05103478583490e-24
  9.18397637817175e-24  1.04762837642517e-23  1.19503638249096e-23
  1.36317720996192e-23  1.55496549453522e-23  1.77372537367112e-23
  2.02324798041465e-23  2.30785700247530e-23  2.63248343681409e-23
  3.00275082817140e-23  3.42507246028735e-23  3.90676217405168e-23
  4.45616072103702e-23  5.08277982777134e-23  5.79746645032104e-23
  6.61259004535468e-23  7.54225607895990e-23  8.60254944456126e-23
  9.81181197428835e-23  1.11909588125866e-22  1.27638390868452e-22
  1.45576470685761e-22  1.66033908832465e-22  1.89364268117363e-22
  2.15970683485799e-22  2.46312804604083e-22  2.80914709442783e-22
  3.20373924443852e-22  3.65371705752445e-22  4.16684757516129e-22
  4.75198587769813e-22  5.41922730342354e-22  6.18008093021795e-22
  7.04766728425659e-22  8.03694365263707e-22  9.16496084638617e-22
  1.04511557950293e-21  1.19176849627305e-21  1.35898042692538e-21
  1.54963019881406e-21  1.76699919931009e-21  2.01482757462697e-21
  2.29737825864394e-21  2.61950992005094e-21  2.98676006698711e-21
  3.40543972001373e-21  3.88274125964653e-21  4.42686127698605e-21
  5.04714050900854e-21  5.75422322791376e-21  6.56023878147894e-21
  7.47900835396833e-21  8.52628044104672e-21  9.71999901433822e-21
  1.10806088997159e-20  1.26314035172446e-20  1.43989208400510e-20
  1.64133942362463e-20  1.87092657752609e-20  2.13257706230678e-20
  2.43076023365327e-20  2.77056702152279e-20  3.15779614013216e-20
  3.59905221599900e-20  4.10185747520255e-20  4.67477885600194e-20
  5.32757266853240e-20  6.07134921372995e-20  6.91876010356432e-20
  7.88421139945279e-20  8.98410611144261e-20  1.02371200842217e-19
  1.16645158451156e-19  1.32904996125973e-19  1.51426273717654e-19
  1.72522667267058e-19  1.96551221518293e-19  2.23918322994620e-19
  2.55086491957720e-19  2.90582104901127e-19  3.31004174352965e-19
  3.77034329918950e-19  4.29448163957062e-19  4.89128127344394e-19
  5.57078185822940e-19  6.34440475784220e-19  7.22514230520834e-19
  8.22777284429153e-19  9.36910503970975e-19  1.06682554102033e-18
  1.21469635727047e-18  1.38299502846803e-18  1.57453240530246e-18
  1.79250428485462e-18  2.04054383377866e-18  2.32278110318708e-18
  2.64391058703450e-18  3.00926790234659e-18  3.42491681283668e-18
  3.89774797944400e-18  4.43559100455980e-18  5.04734154392520e-18
  5.74310549447351e-18  6.53436253125982e-18  7.43415156598145e-18
  8.45728103788772e-18  9.62056733009289e-18  1.09431050360466e-17
  1.24465732885318e-17  1.41555829141058e-17  1.60980697974875e-17
  1.83057405418708e-17  2.08145773028072e-17  2.36654095663842e-17
  2.69045616498173e-17  3.05845858385823e-17  3.47650923550785e-17
  3.95136887974656e-17  4.49070433144637e-17  5.10320876149018e-17
  5.79873779758591e-17  6.58846347385609e-17  7.48504833995084e-17
  8.50284233513487e-17  9.65810536449023e-17  1.09692588874851e-16
  1.24571702489571e-16  1.41454739545031e-16  1.60609346229940e-16
  1.82338569453781e-16  2.06985486492049e-16  2.34938432213350e-16
  2.66636899869711e-16  3.02578200929643e-16  3.43324980091619e-16
  3.89513693584326e-16  4.41864172280221e-16  5.01190406212226e-16
  5.68412703968471e-16  6.44571399376295e-16  7.30842299108342e-16
  8.28554088629572e-16  9.39207940542614e-16  1.06449959924140e-15
  1.20634424918645e-15  1.36690451153912e-15  1.54862195574648e-15
  1.75425255952600e-15  1.98690660309582e-15  2.25009354211634e-15
  2.54777246931655e-15  2.88440884806571e-15  3.26503828296652e-15
  3.69533818405976e-15  4.18170828335726e-15  4.73136107656818e-15
  5.35242339020570e-15  6.05405041660541e-15  6.84655371790657e-15
  7.74154487736201e-15  8.75209667369426e-15  9.89292387469179e-15
  1.11805859918506e-14  1.26337146118664e-14  1.42732682259562e-14
  1.61228178185437e-14  1.82088668554998e-14  2.05612097351377e-14
  2.32133332348991e-14  2.62028660112149e-14  2.95720817929066e-14
  3.33684625582977e-14  3.76453287085876e-14  4.24625440555459e-14
  4.78873043353322e-14  5.39950189583588e-14  6.08702968113254e-14
  6.86080481618108e-14  7.73147160860620e-14  8.71096523654990e-14
  9.81266544936466e-14  1.10515682318599e-13  1.24444774946352e-13
  1.40102190853085e-13  1.57698796755162e-13  1.77470733653204e-13
  1.99682391676927e-13  2.24629728908012e-13  2.52643973312277e-13
  2.84095751309733e-13  3.19399691384309e-13  3.59019556572566e-13
  4.03473965686811e-13  4.53342769839448e-13  5.09274158273240e-13
  5.71992575781816e-13  6.42307543194491e-13  7.21123482630803e-13
  8.09450660566159e-13  9.08417374411772e-13  1.01928352229501e-12
  1.14345571138067e-12  1.28250407736710e-12  1.43818100710773e-12
  1.61244197772247e-12  1.80746874943926e-12  2.02569517586353e-12
  2.26983592496514e-12  2.54291843676875e-12  2.84831848036613e-12
  3.18979971341398e-12  3.57155769255885e-12  3.99826883358152e-12
  4.47514487608521e-12  5.00799347011724e-12  5.60328557143301e-12
  6.26823041007727e-12  7.01085888274481e-12  7.84011631639863e-12
  8.76596565745305e-12  9.79950226106018e-12  1.09530815885306e-11
  1.22404612703787e-11  1.36769591587970e-11  1.52796291800262e-11
  1.70674570044670e-11  1.90615777853897e-11  2.12855184767230e-11
  2.37654675313225e-11  2.65305751065078e-11  2.96132872679705e-11
  3.30497180911670e-11  3.68800640165971e-11  4.11490653276051e-11
  4.59065201948453e-11  5.12078573749993e-11  5.71147743778109e-11
  6.36959487251959e-11  7.10278308435859e-11  7.91955281544301e-11
  8.82937910853973e-11  9.84281130235105e-11  1.09715957696388e-10
  1.22288129114842e-10  1.36290301071657e-10  1.51884725283184e-10
  1.69252139628922e-10  1.88593900610412e-10  2.10134367167672e-10
  2.34123566396187e-10  2.60840175562272e-10  2.90594859166374e-10
  3.23734004742696e-10  3.60643906658351e-10  4.01755453509563e-10
  4.47549381876620e-10  4.98562167333035e-10  5.55392632829954e-10
  6.18709365047735e-10  6.89259041195460e-10  7.67875782257811e-10
  8.55491664030906e-10  9.53148534764485e-10  1.06201130808101e-09
  1.18338292244724e-09  1.31872118421544e-09  1.46965774055125e-09
  1.63801946195755e-09  1.82585255215332e-09  2.03544974646703e-09
  2.26938100933533e-09  2.53052819800446e-09  2.82212422381456e-09
  3.14779731608796e-09  3.51162107739913e-09  3.91817111492445e-09
  4.37258914192856e-09  4.88065556850691e-09  5.44887174336483e-09
  6.08455317199603e-09  6.79593522234906e-09  7.59229304360237e-09
  8.48407766560152e-09  9.48307052696850e-09  1.06025589970291e-08
  1.18575358217755e-08  1.32649258398952e-08  1.48438437925623e-08
  1.66158875922959e-08  1.86054720433564e-08  2.08402087129071e-08
  2.33513384709107e-08  2.61742241443990e-08  2.93489117967287e-08
  3.29207703594910e-08  3.69412207317077e-08  4.14685670571825e-08
  4.65689446917362e-08  5.23174014663704e-08  5.87991311988825e-08
  6.61108811302222e-08  7.43625580387907e-08  8.36790613220976e-08
  9.42023753382438e-08  1.06093957934339e-07  1.19537467256752e-07
  1.34741874993175e-07  1.51945020924113e-07  1.71417671473274e-07
  1.93468153758101e-07  2.18447646702932e-07  2.46756222248968e-07
  2.78849742668894e-07  3.15247734954682e-07  3.56542379845931e-07
  4.03408772547977e-07  4.56616633586033e-07  5.17043673198360e-07
  5.85690840523898e-07  6.63699720694204e-07  7.52372378784734e-07
  8.53193990507408e-07  9.67858645962123e-07  1.09829876360539e-06
  1.24671861313442e-06  1.41563251028015e-06  1.60790832148013e-06
  1.82681700708724e-06  2.07608901505429e-06  2.35997846279110e-06
  2.68333614571076e-06  3.05169256748680e-06  3.47135232368606e-06
  3.94950135309608e-06  4.49432876227130e-06  5.11516513630050e-06
  5.82263950876129e-06  6.62885741054821e-06  7.54760274562573e-06
  8.59456654976912e-06  9.78760609750077e-06  1.11470381975019e-05
  1.26959710323654e-05  1.44606793544585e-05  1.64710284851007e-05
  1.87609531197892e-05  2.13689977303882e-05  2.43389260159236e-05
  2.77204078146771e-05  3.15697927229919e-05  3.59509807245238e-05
  4.09364013090517e-05  4.66081136156924e-05  5.30590416968332e-05
  6.03943601932762e-05  6.87330475022030e-05  7.82096250261032e-05
  8.89761031236054e-05  1.01204156022505e-04  1.15087550560687e-04
  1.30844855236814e-04  1.48722459075814e-04  1.68997931833535e-04
  1.91983760115759e-04  2.18031496294151e-04  2.47536361002163e-04
  2.80942341175270e-04  3.18747831391390e-04  3.61511866283238e-04
  4.09860997855716e-04  4.64496872676354e-04  5.26204568040977e-04
  5.95861748738991e-04  6.74448709300509e-04  7.63059368325339e-04
  8.62913284907553e-04  9.75368767379413e-04  1.10193714691885e-03
  1.24429828873858e-03  1.40431741228730e-03  1.58406329168444e-03
  1.78582790484439e-03  2.01214759287547e-03  2.26582579181545e-03
  2.54995738313659e-03  2.86795470718140e-03  3.22357526782110e-03
  3.62095114183356e-03  4.06462009208603e-03  4.55955836163792e-03
  5.11121509900983e-03  5.72554834543419e-03  6.40906247420002e-03
  7.16884694307215e-03  8.01261618356493e-03  8.94875039524977e-03
  9.98633697944372e-03  1.11352122862105e-02  1.24060032797095e-02
  1.38101686991332e-02  1.53600391708495e-02  1.70688557112396e-02
  1.89508059508874e-02  2.10210573292649e-02  2.32957864607021e-02
  2.57922037388767e-02  2.85285722155902e-02  3.15242196283796e-02
  3.47995425157536e-02  3.83760010125036e-02  4.22761032216666e-02
  4.65233775648923e-02  5.11423318393977e-02  5.61583974005326e-02
  6.15978569910308e-02  6.74877546980251e-02  7.38557865324310e-02
  8.07301702022862e-02  8.81394926492212e-02  9.61125341881141e-02
  1.04678068049207e-01  1.13864634534180e-01  1.23700289105926e-01
  1.34212324073004e-01  1.45426964044907e-01  1.57369035402053e-01
  1.70061611029995e-01  1.83525631530786e-01  1.97779505112015e-01
  2.12838688833090e-01  2.28715254388479e-01  2.45417442540512e-01
  2.62949210683668e-01  2.81309778792692e-01  3.00493179586588e-01
  3.20487819136578e-01  3.41276054815709e-01  3.62833797633509e-01
  3.85130146482326e-01  4.08127062036273e-01  4.31779088185042e-01
  4.56033129272484e-01  4.80828291445530e-01  5.06095796928280e-01
  5.31758980048638e-01  5.57733374331540e-01  5.83926899799761e-01
  6.10240159470238e-01  6.36566853238411e-01  6.62794315850062e-01
  6.88804183590125e-01  7.14473191422900e-01  7.39674098756070e-01
  7.64276738207768e-01  7.88149177432825e-01  8.11158980060562e-01
  8.33174547834963e-01  8.54066522287744e-01  8.73709221846502e-01
  8.91982087136670e-01  9.08771106648251e-01  9.23970193434287e-01
  9.37482484391422e-01  9.49221534461606e-01  9.59112380347211e-01
  9.67092451186721e-01  9.73112307267308e-01  9.77136192106997e-01
  9.79142387909023e-01  9.79123369308854e-01  9.77085755387743e-01
  9.73050064772785e-01  9.67050283322871e-01  9.59133258003988e-01
  9.49357934216346e-01  9.37794456684398e-01  9.24523156248756e-01
  9.09633446218975e-01  8.93222652618779e-01  8.75394802446861e-01
  8.56259393332432e-01  8.35930166476647e-01  8.14523902941897e-01
  7.92159260995602e-01  7.68955669741957e-01  7.45032291514638e-01
  7.20507062844879e-01  6.95495821066719e-01  6.70111521212788e-01
  6.44463545198847e-01  6.18657104235375e-01  5.92792731320344e-01
  5.66965862958428e-01  5.41266503194267e-01  5.15778967505982e-01
  4.90581698394155e-01  4.65747148220532e-01  4.41341722004157e-01
  4.17425774175113e-01  3.94053653203379e-01  3.71273787916546e-01
  3.49128810176348e-01  3.27655708555713e-01  3.06886008285769e-01
  2.86845973139619e-01  2.67556825264631e-01  2.49034979536068e-01
  2.31292289136380e-01  2.14336299883205e-01  1.98170510499175e-01
  1.82794637029816e-01  1.68204879258704e-01  1.54394187573075e-01
  1.41352528751598e-01  1.29067149294421e-01  1.17522835095298e-01
  1.06702166308726e-01  9.65857663567790e-02  8.71525441357904e-02
  7.83799285047931e-02  7.02440942809970e-02  6.27201790031962e-02
  5.57824898554097e-02  4.94047002173683e-02  4.35600354271427e-02
  3.82214474329685e-02  3.33617781254872e-02  2.89539112268273e-02
  2.49709127193893e-02  2.13861598663599e-02  1.81734589640243e-02
  1.53071520183412e-02  1.27622126015000e-02  1.05143311793502e-02
  8.53999024036950e-03  6.81652957448267e-03  5.32220207077824e-03
  4.03622040620340e-03  2.93879500343962e-03  2.01116362186657e-03
  1.23561299005045e-03  5.95492773982159e-04  7.52222587209195e-05
 -3.39709844169249e-04 -6.62752222102957e-04 -9.06304006516478e-04
 -1.08173370893432e-03 -1.19940368338945e-03 -1.26869973617461e-03
 -1.29806548309704e-03 -1.29504102775229e-03 -1.26630550433070e-03
 -1.21772299745189e-03 -1.15439131963510e-03 -1.08069309556790e-03
 -1.00034857985251e-03 -9.16469610586797e-04 -8.31614093524304e-04
 -7.47840408183599e-04 -6.66761135951741e-04 -5.89595533782707e-04
 -5.17220210116232e-04 -4.50217505963952e-04 -3.88921141775321e-04
 -3.33458757624564e-04 -2.83791049261567e-04 -2.39747282551786e-04
 -2.01057051697446e-04 -1.67378229062395e-04 -1.38321134064986e-04
 -1.13469022479370e-04 -9.23950636138678e-05 -7.46760290806455e-05
 -5.99029621122246e-05 -4.76891296296393e-05 -3.76755804814352e-05
 -2.95346426426553e-05 -2.29716906591488e-05 -1.77255033712323e-05
 -1.35675126184671e-05 -1.03002178873971e-05 -7.75501163440020e-06
 -5.78962697326072e-06 -4.28538557296319e-06 -3.14438980844429e-06
 -2.28677174495375e-06 -1.64808203281388e-06 -1.17687615777033e-06
 -8.32533531928583e-07 -5.83326199253048e-07 -4.04740254412147e-07
 -2.78041386036935e-07 -1.89068902641212e-07 -1.27237274242397e-07
 -8.47216939310203e-08 -5.58032837813536e-08 -3.63500429503205e-08
 -2.34110921180834e-08 -1.49038270554582e-08 -9.37599557603387e-09
 -5.82721062372403e-09 -3.57687928298368e-09 -2.16780704899446e-09
 -1.29681678841405e-09 -7.65495721227990e-10 -4.45732602952445e-10
 -2.55934691097800e-10 -1.44864541562480e-10 -8.08009588629274e-11
 -4.43962415187139e-11 -2.40201329283669e-11 -1.27925406037667e-11
 -6.70352743179907e-12 -3.45498748552604e-12 -1.75073097430741e-12
 -8.71849899012090e-13 -4.26506775538106e-13 -2.04870738757407e-13
 -9.65843601759461e-14 -4.46688451420505e-14 -2.02566159975976e-14
 -9.00287527330664e-15 -3.91949767767720e-15 -1.67067480847744e-15
 -6.96843781197588e-16 -2.84262021944429e-16 -1.13343482423210e-16
 -4.41538332959466e-17 -1.68029553246487e-17 -6.23995001218272e-18
 -2.25991841372951e-18 -7.97724997730226e-19 -2.74342327056285e-19
 -9.19174512388217e-20 -3.00366807709475e-20 -9.55523551396466e-21
 -2.95198367692259e-21 -8.85024291484004e-22 -2.57301631327366e-22
 -7.24844833320523e-23 -1.97707510001120e-23 -5.21709232489775e-24
 -1.33077208694489e-24 -3.27855082103042e-25 -7.79447676706540e-26
 -1.78662237999992e-26 -3.94478407103197e-27 -8.38208333024047e-28
 -1.71238743491075e-28 -3.36004914230608e-29 -6.32621399711267e-30
 -1.14168557003431e-30
 (i6, f12.0, f18.0, f8.3, i6)
   670  60.0000000  0.02500000000000  28.000     2
 (3e22.14)
  2.99785627573422e-06  3.14822239435847e-06  3.30613016966885e-06
  3.47195782587790e-06  3.64610255336458e-06  3.82898145956288e-06
  4.02103256751086e-06  4.22271586444773e-06  4.43451440296639e-06
  4.65693545735412e-06  4.89051173788764e-06  5.13580266598148e-06
  5.39339571324481e-06  5.66390780763799e-06  5.94798681010478e-06
  6.24631306518648e-06  6.55960102936013e-06  6.88860098093621e-06
  7.23410081568921e-06  7.59692793238457e-06  7.97795121286751e-06
  8.37808310127808e-06  8.79828178750214e-06  9.23955349997383e-06
  9.70295491336786e-06  1.01895956768869e-05  1.07006410692405e-05
  1.12373147865653e-05  1.18009018700825e-05  1.23927517802839e-05
  1.30142816252358e-05  1.36669795504470e-05  1.43524082986175e-05
  1.50722089476040e-05  1.58281048356225e-05  1.66219056829800e-05
  1.74555119202674e-05  1.83309192331880e-05  1.92502233350959e-05
  2.02156249782947e-05  2.12294352164674e-05  2.22940809303504e-05
  2.34121106302039e-05  2.45862005486439e-05  2.58191610385270e-05
  2.71139432910140e-05  2.84736463899823e-05  2.99015247193462e-05
  3.14009957413210e-05  3.29756481636020e-05  3.46292505156138e-05
  3.63657601535227e-05  3.81893327160834e-05  4.01043320533863e-05
  4.21153406524142e-05  4.42271705840162e-05  4.64448749976150e-05
  4.87737601905745e-05  5.12193982815851e-05  5.37876405172751e-05
  5.64846312448626e-05  5.93168225828409e-05  6.22909898256240e-05
  6.54142476180081e-05  6.86940669383456e-05  7.21382929304209e-05
  7.57551636268333e-05  7.95533296076293e-05  8.35418746419429e-05
  8.77303373600599e-05  9.21287340092996e-05  9.67475823456355e-05
  1.01597926719482e-04  1.06691364413861e-04  1.12040073298157e-04
  1.17656840862397e-04  1.23555094701606e-04  1.29748934521214e-04
  1.36253165741022e-04  1.43083334775153e-04  1.50255766073565e-04
  1.57787601011005e-04  1.65696838716639e-04  1.74002378939670e-04
  1.82724067053925e-04  1.91882741305004e-04  2.01500282415444e-04
  2.11599665660211e-04  2.22205015540201e-04  2.33341663178663e-04
  2.45036206578637e-04  2.57316573881721e-04  2.70212089778385e-04
  2.83753545224631e-04  2.97973270631504e-04  3.12905212695860e-04
  3.28585015058435e-04  3.45050102971953e-04  3.62339772185243e-04
  3.80495282245911e-04  3.99559954444847e-04  4.19579274629539e-04
  4.40601001129211e-04  4.62675278041956e-04  4.85854754153201e-04
  5.10194707757400e-04  5.35753177683946e-04  5.62591100821989e-04
  5.90772456477314e-04  6.20364417887819e-04  6.51437511258324e-04
  6.84065782680735e-04  7.18326973331768e-04  7.54302703351434e-04
  7.92078664836867e-04  8.31744824389203e-04  8.73395635699154e-04
  9.17130262645070e-04  9.63052813440776e-04  1.01127258635805e-03
  1.06190432760463e-03  1.11506850194625e-03  1.17089157670344e-03
  1.22950631977080e-03  1.29105211235762e-03  1.35567527715169e-03
  1.42352942268734e-03  1.49477580467629e-03  1.56958370516464e-03
  1.64813083035622e-03  1.73060372803394e-03  1.81719822552118e-03
  1.90811988919345e-03  2.00358450657599e-03  2.10381859214611e-03
  2.20905991796241e-03  2.31955807036203e-03  2.43557503395397e-03
  2.55738580426128e-03  2.68527903037649e-03  2.81955768910280e-03
  2.96053979207310e-03  3.10855912748504e-03  3.26396603805450e-03
  3.42712823701396e-03  3.59843166390357e-03  3.77828138213650e-03
  3.96710252029626e-03  4.16534125929205e-03  4.37346586754683e-03
  4.59196778654304e-03  4.82136276908902e-03  5.06219207288628e-03
  5.31502371193854e-03  5.58045376867251e-03  5.85910776953075e-03
  6.15164212715433e-03  6.45874565223264e-03  6.78114113836219e-03
  7.11958702332551e-03  7.47487913043781e-03  7.84785249365632e-03
  8.23938327049714e-03  8.65039074671596e-03  9.08183943724779e-03
  9.53474128768993e-03  1.00101579811962e-02  1.05092033555548e-02
  1.10330459356433e-02  1.15829115865448e-02  1.21600862929758e-02
  1.27659190707260e-02  1.34018250163698e-02  1.40692885013166e-02
  1.47698665171489e-02  1.55051921787894e-02  1.62769783929896e-02
  1.70870216994179e-02  1.79372062922938e-02  1.88295082306058e-02
  1.97659998455262e-02  2.07488543536480e-02  2.17803506855597e-02
  2.28628785388746e-02  2.39989436662567e-02  2.51911734082081e-02
  2.64423224819219e-02  2.77552790370441e-02  2.91330709902316e-02
  3.05788726504442e-02  3.20960116477829e-02  3.36879761785822e-02
  3.53584225808718e-02  3.71111832534884e-02  3.89502749344370e-02
  4.08799073525921e-02  4.29044922693281e-02  4.50286529256849e-02
  4.72572339122933e-02  4.95953114791687e-02  5.20482043037790e-02
  5.46214847353807e-02  5.73209905358173e-02  6.01528371352605e-02
  6.31234304251287e-02  6.62394801075032e-02  6.95080136243873e-02
  7.29363906881227e-02  7.65323184367358e-02  8.03038672374137e-02
  8.42594871631750e-02  8.84080251666627e-02  9.27587429783795e-02
  9.73213357532191e-02  1.02105951495213e-01  1.07123211284774e-01
  1.12384230339211e-01  1.17900639933131e-01  1.23684610209018e-01
  1.29748873906614e-01  1.36106751042302e-01  1.42772174566919e-01
  1.49759717035429e-01  1.57084618316036e-01  1.64762814373243e-01
  1.72810967153281e-01  1.81246495605254e-01  1.90087607867189e-01
  1.99353334650793e-01  2.09063563851030e-01  2.19239076417282e-01
  2.29901583507646e-01  2.41073764963322e-01  2.52779309124205e-01
  2.65042954017089e-01  2.77890529939031e-01  2.91349003461775e-01
  3.05446522876402e-01  3.20212465102371e-01  3.35677484071631e-01
  3.51873560612127e-01  3.68834053829987e-01  3.86593754011264e-01
  4.05188937036308e-01  4.24657420314512e-01  4.45038620229509e-01
  4.66373611088314e-01  4.88705185553285e-01  5.12077916542155e-01
  5.36538220554416e-01  5.62134422404102e-01  5.88916821291183e-01
  6.16937758179517e-01  6.46251684396547e-01  6.76915231393007e-01
  7.08987281566158e-01  7.42529040053042e-01  7.77604107370659e-01
  8.14278552788325e-01  8.52620988265722e-01  8.92702642825915e-01
  9.34597437143748e-01  9.78382058190691e-01  1.02413603367971e+00
  1.07194180609195e+00  1.12188480600192e+00  1.17405352442040e+00
  1.22853958381889e+00  1.28543780751191e+00  1.34484628697903e+00
  1.40686644677059e+00  1.47160310648129e+00  1.53916453938298e+00
  1.60966252713395e+00  1.68321241005081e+00  1.75993313231167e+00
  1.83994728147222e+00  1.92338112156849e+00  2.01036461912152e+00
  2.10103146118187e+00  2.19551906467514e+00  2.29396857603729e+00
  2.39652486031697e+00  2.50333647863276e+00  2.61455565301732e+00
  2.73033821743546e+00  2.85084355392454e+00  2.97623451243965e+00
  3.10667731331657e+00  3.24234143077625e+00  3.38339945622739e+00
  3.53002693974105e+00  3.68240220829362e+00  3.84070615898524e+00
  4.00512202584411e+00  4.17583511818943e+00  4.35303252910319e+00
  4.53690281196084e+00  4.72763562335717e+00  4.92542133038983e+00
  5.13045058063034e+00  5.34291383250673e+00  5.56300084468951e+00
  5.79090012193956e+00  6.02679831614802e+00  6.27087958017887e+00
  6.52332487306086e+00  6.78431121454446e+00  7.05401088755729e+00
  7.33259058673812e+00  7.62021051201401e+00  7.91702340541881e+00
  8.22317353078532e+00  8.53879559461231e+00  8.86401360836267e+00
  9.19893969111841e+00  9.54367281323585e+00  9.89829748073326e+00
  1.02628823620787e+01  1.06374788573501e+01  1.10221196132227e+01
  1.14168169841170e+01  1.18215614443583e+01  1.22363199533406e+01
  1.26610342791109e+01  1.30956192847314e+01  1.35399611839221e+01
  1.39939157720236e+01  1.44573066411865e+01  1.49299233869168e+01
  1.54115198179775e+01  1.59018121780524e+01  1.64004773938084e+01
  1.69071513605879e+01  1.74214272819099e+01  1.79428540771367e+01
  1.84709348765294e+01  1.90051256190699e+01  1.95448337771867e+01
  2.00894172243222e+01  2.06381832729526e+01  2.11903879023636e+01
  2.17452352042497e+01  2.23018770692555e+01  2.28594131449136e+01
  2.34168910874786e+01  2.39733071433553e+01  2.45276070804646e+01
  2.50786875073241e+01  2.56253976020045e+01  2.61665412848550e+01
  2.67008798603387e+01  2.72271351575788e+01  2.77439931930406e+01
  2.82501083832830e+01  2.87441083245385e+01  2.92245991651601e+01
  2.96901715772207e+01  3.01394073513076e+01  3.05708866072391e+01
  3.09831956371115e+01  3.13749353643131e+01  3.17447304171366e+01
  3.20912387928172e+01  3.24131620912460e+01  3.27092562787559e+01
  3.29783429446667e+01  3.32193209893154e+01  3.34311786898124e+01
  3.36130060552364e+01  3.37640074028090e+01  3.38835140373189e+01
  3.39709969441363e+01  3.40260793590287e+01  3.40485490932634e+01
  3.40383704618594e+01  3.39956956697906e+01  3.39208754786135e+01
  3.38144689976337e+01  3.36772523984462e+01  3.35102263847625e+01
  3.33146222111149e+01  3.30919060664997e+01  3.28437816219628e+01
  3.25721905599783e+01  3.22793108876157e+01  3.19675528756978e+01
  3.16395524363832e+01  3.12981618184002e+01  3.09464374662041e+01
  3.05876249594004e+01  3.02251409410902e+01  2.98625520027225e+01
  2.95035505005921e+01  2.91519273558586e+01  2.88115418815749e+01
  2.84862887876613e+01  2.81800625000484e+01  2.78967190351431e+01
  2.76400356840096e+01  2.74136688373567e+01  2.72211103223232e+01
  2.70656426819798e+01  2.69502938757472e+01  2.68777919229920e+01
  2.68505200656007e+01  2.68704730537483e+01  2.69392151982328e+01
  2.70578408576504e+01  2.72269380447655e+01  2.74465558473370e+01
  2.77161763548775e+01  2.80346917747039e+01  2.84003873889273e+01
  2.88109309802504e+01  2.92633692884456e+01  2.97541320178820e+01
  3.02790438200117e+01  3.08333446074345e+01  3.14117184381773e+01
  3.20083311135275e+01  3.26168764924757e+01  3.32306314179220e+01
  3.38425189823380e+01  3.44451797432892e+01  3.50310503305230e+01
  3.55924487451753e+01  3.61216655021509e+01  3.66110596204999e+01
  3.70531583237097e+01  3.74407591936922e+01  3.77670333878435e+01
  3.80256284451515e+01  3.82107691072578e+01  3.83173545265999e+01
  3.83410501887211e+01  3.82783728640115e+01  3.81267669095714e+01
  3.78846703008627e+01  3.75515688185240e+01  3.71280369613024e+01
  3.66157642484072e+01  3.60175657930150e+01  3.53373761970126e+01
  3.45802260814645e+01  3.37522008125678e+01  3.28603813055380e+01
  3.19127670711453e+01  3.09181820565993e+01  2.98861641324731e+01
  2.88268394924786e+01  2.77507835486398e+01  2.66688702901994e+01
  2.55921123916903e+01  2.45314946709120e+01  2.34978037583165e+01
  2.25014570710597e+01  2.15523343207800e+01  2.06596149004007e+01
  1.98316244782386e+01  1.90756940754372e+01  1.83980347299661e+01
  1.78036306082565e+01  1.72961530961820e+01  1.68778979881406e+01
  1.65497474348206e+01  1.63111577660878e+01  1.61601737632528e+01
  1.60934693531461e+01  1.61064141094171e+01  1.61931643526877e+01
  1.63467770704167e+01  1.65593443333628e+01  1.68221453885887e+01
  1.71258131665758e+01  1.74605115702784e+01  1.78161196300819e+01
  1.81824184228704e+01  1.85492765783385e+01  1.89068302381122e+01
  1.92456534948207e+01  1.95569156213541e+01  1.98325217895507e+01
  2.00652344708382e+01  2.02487732784987e+01  2.03778916442900e+01
  2.04484293857313e+01  2.04573408978161e+01  2.04026993650828e+01
  2.02836780131014e+01  2.01005099842989e+01  1.98544289102811e+01
  1.95475926505783e+01  1.91829929660681e+01  1.87643540897461e+01
  1.82960232502281e+01  1.77828561951116e+01  1.72301006654213e+01
  1.66432805968481e+01  1.60280835789039e+01  1.53902538124788e+01
  1.47354924722080e+01  1.40693670291452e+01  1.33972307255824e+01
  1.27241530359714e+01  1.20548616024521e+01  1.13936958133113e+01
  1.07445718976341e+01  1.01109591544423e+01  9.49586671428053e+00
  8.90184004775870e+00  8.33096629916976e+00  7.78488741536352e+00
  7.26481997755178e+00  6.77158060935212e+00  6.30561583292704e+00
  5.86703527118935e+00  5.45564714158039e+00  5.07099505682248e+00
  4.71239523083102e+00  4.37897328497747e+00  4.06969995359627e+00
  3.78342509716293e+00  3.51890954191818e+00  3.27485437458191e+00
  3.04992742475413e+00  2.84278676936463e+00  2.65210118053733e+00
  2.47656752302361e+00  2.31492517565143e+00  2.16596761068071e+00
  2.02855131334474e+00  1.90160225848831e+00  1.78412018724052e+00
  1.67518094110242e+00  1.57393711608028e+00  1.47961729768129e+00
  1.39152412753267e+00  1.30903143836831e+00  1.23158067477605e+00
  1.15867679570732e+00  1.08988383116221e+00  1.02482024153583e+00
  9.63154204121528e-01  9.04598928663852e-01  8.48908082315236e-01
  7.95871385346906e-01  7.45310421746924e-01  6.97074694445718e-01
  6.51037942672183e-01  6.07094729313965e-01  5.65157298587362e-01
  5.25152698932215e-01  4.87020162280257e-01  4.50708728717249e-01
  4.16175104490056e-01  3.83381741285697e-01  3.52295125214155e-01
  3.22884264960443e-01  2.95119369559593e-01  2.68970707578200e-01
  2.44407640255544e-01  2.21397822019105e-01  1.99906562108672e-01
  1.79896341050438e-01  1.61326475444887e-01  1.44152923761651e-01
  1.28328224973681e-01  1.13801560554917e-01  1.00518929203704e-01
  8.84234221516820e-02  7.74555857686914e-02  6.75538569386221e-02
  5.86550558433517e-02  5.06949201657765e-02  4.36086645252853e-02
  3.73315491148496e-02  3.17994421228919e-02  2.69493615125268e-02
  2.27199831362872e-02  1.90521038760345e-02  1.58890505082997e-02
  1.31770271760243e-02  1.08653966571877e-02  8.90689293038613e-03
  7.25776479057771e-03  5.87785235539545e-03  4.73060017264445e-03
  3.78301221674541e-03  3.00555531853088e-03  2.37201847217147e-03
  1.85933601018845e-03  1.44738283492700e-03  1.11874977616016e-03
  8.58506744977999e-04  6.53960725542290e-04  4.94414841326370e-04
  3.70933811087967e-04  2.76120123364257e-04  2.03904264298871e-04
  1.49351368101688e-04  1.08485772756079e-04  7.81341614661026e-05
  5.57873006735860e-05  3.94798242065357e-05  2.76870864163172e-05
  1.92378078006355e-05  1.32410218501567e-05  9.02575398615626e-06
  6.09181973731066e-06  4.07018907044902e-06  2.69144424235856e-06
  1.76098429384460e-06  1.13977093607917e-06  7.29559923898576e-07
  4.61712350810804e-07  2.88822752911508e-07  1.78533370692162e-07
  1.09021063028603e-07  6.57469775743929e-08  3.91455826269928e-08
  2.30035713153557e-08  1.33374343929499e-08  7.62729566542367e-09
  4.30070533708780e-09  2.39018081261236e-09  1.30881985085723e-09
  7.05891262058968e-10  3.74818462218378e-10  1.95874594019338e-10
  1.00696882556327e-10  5.09049473399934e-11  2.52951390317913e-11
  1.23498178673225e-11  5.92156770197374e-12  2.78719246196119e-12
  1.28720537524690e-12  5.83002933841885e-13  2.58834343481773e-13
  1.12585521834009e-13  4.79542641398603e-14  1.99906276761642e-14
  8.15169379187379e-15  3.24966140059076e-15  1.26582248017170e-15
  4.81640983134917e-16  1.78866197185778e-16  6.47895171866120e-17
  2.28762065791088e-17  7.86854363678770e-18  2.63486385045452e-18
  8.58440138522259e-19  2.71789789061715e-19  8.36089081672481e-20
  2.49674326778770e-20  7.23227543190593e-21  2.03060661220279e-21
  5.52189947235486e-22  1.45317207557830e-22  3.69791697733658e-23
  9.09172133460196e-24  2.15780702708073e-24  4.93942654873951e-25
  1.08955430597219e-25  2.31383044187033e-26  4.72625433505330e-27
  9.27659782161857e-28  1.74791382547959e-28  3.15845539779165e-29
  5.46772632503809e-30
  8.57961410427236e-25  9.78774144905159e-25  1.11659446390660e-24
  1.27381588436570e-24  1.45316864773161e-24  1.65776706980473e-24
  1.89116354536354e-24  2.15741014227810e-24  2.46112885099420e-24
  2.80759170481419e-24  3.20281215703471e-24  3.65364929532970e-24
  4.16792669558399e-24  4.75456797009110e-24  5.42375135326384e-24
  6.18708599655182e-24  7.05781301886146e-24  8.05103478583490e-24
  9.18397637817175e-24  1.04762837642517e-23  1.19503638249096e-23
  1.36317720996192e-23  1.55496549453522e-23  1.77372537367112e-23
  2.02324798041465e-23  2.30785700247530e-23  2.63248343681409e-23
  3.00275082817140e-23  3.42507246028735e-23  3.90676217405168e-23
  4.45616072103702e-23  5.08277982777134e-23  5.79746645032104e-23
  6.61259004535468e-23  7.54225607895990e-23  8.60254944456126e-23
  9.81181197428835e-23  1.11909588125866e-22  1.27638390868452e-22
  1.45576470685761e-22  1.66033908832465e-22  1.89364268117363e-22
  2.15970683485799e-22  2.46312804604083e-22  2.80914709442783e-22
  3.20373924443852e-22  3.65371705752445e-22  4.16684757516129e-22
  4.75198587769813e-22  5.41922730342354e-22  6.18008093021795e-22
  7.04766728425659e-22  8.03694365263707e-22  9.16496084638617e-22
  1.04511557950293e-21  1.19176849627305e-21  1.35898042692538e-21
  1.54963019881406e-21  1.76699919931009e-21  2.01482757462697e-21
  2.29737825864394e-21  2.61950992005094e-21  2.98676006698711e-21
  3.40543972001373e-21  3.88274125964653e-21  4.42686127698605e-21
  5.04714050900854e-21  5.75422322791376e-21  6.56023878147894e-21
  7.47900835396833e-21  8.52628044104672e-21  9.71999901433822e-21
  1.10806088997159e-20  1.26314035172446e-20  1.43989208400510e-20
  1.64133942362463e-20  1.87092657752609e-20  2.13257706230678e-20
  2.43076023365327e-20  2.77056702152279e-20  3.15779614013216e-20
  3.59905221599900e-20  4.10185747520255e-20  4.67477885600194e-20
  5.32757266853240e-20  6.07134921372995e-20  6.91876010356432e-20
  7.88421139945279e-20  8.98410611144261e-20  1.02371200842217e-19
  1.16645158451156e-19  1.32904996125973e-19  1.51426273717654e-19
  1.72522667267058e-19  1.96551221518293e-19  2.23918322994620e-19
  2.55086491957720e-19  2.90582104901127e-19  3.31004174352965e-19
  3.77034329918950e-19  4.29448163957062e-19  4.89128127344394e-19
  5.57078185822940e-19  6.34440475784220e-19  7.22514230520834e-19
  8.22777284429153e-19  9.36910503970975e-19  1.06682554102033e-18
  1.21469635727047e-18  1.38299502846803e-18  1.57453240530246e-18
  1.79250428485462e-18  2.04054383377866e-18  2.32278110318708e-18
  2.64391058703450e-18  3.00926790234659e-18  3.42491681283668e-18
  3.89774797944400e-18  4.43559100455980e-18  5.04734154392520e-18
  5.74310549447351e-18  6.53436253125982e-18  7.43415156598145e-18
  8.45728103788772e-18  9.62056733009289e-18  1.09431050360466e-17
  1.24465732885318e-17  1.41555829141058e-17  1.60980697974875e-17
  1.83057405418708e-17  2.08145773028072e-17  2.36654095663842e-17
  2.69045616498173e-17  3.05845858385823e-17  3.47650923550785e-17
  3.95136887974656e-17  4.49070433144637e-17  5.10320876149018e-17
  5.79873779758591e-17  6.58846347385609e-17  7.48504833995084e-17
  8.50284233513487e-17  9.65810536449023e-17  1.09692588874851e-16
  1.24571702489571e-16  1.41454739545031e-16  1.60609346229940e-16
  1.82338569453781e-16  2.06985486492049e-16  2.34938432213350e-16
  2.66636899869711e-16  3.02578200929643e-16  3.43324980091619e-16
  3.89513693584326e-16  4.41864172280221e-16  5.01190406212226e-16
  5.68412703968471e-16  6.44571399376295e-16  7.30842299108342e-16
  8.28554088629572e-16  9.39207940542614e-16  1.06449959924140e-15
  1.20634424918645e-15  1.36690451153912e-15  1.54862195574648e-15
  1.75425255952600e-15  1.98690660309582e-15  2.25009354211634e-15
  2.54777246931655e-15  2.88440884806571e-15  3.26503828296652e-15
  3.69533818405976e-15  4.18170828335726e-15  4.73136107656818e-15
  5.35242339020570e-15  6.05405041660541e-15  6.84655371790657e-15
  7.74154487736201e-15  8.75209667369426e-15  9.89292387469179e-15
  1.11805859918506e-14  1.26337146118664e-14  1.42732682259562e-14
  1.61228178185437e-14  1.82088668554998e-14  2.05612097351377e-14
  2.32133332348991e-14  2.62028660112149e-14  2.95720817929066e-14
  3.33684625582977e-14  3.76453287085876e-14  4.24625440555459e-14
  4.78873043353322e-14  5.39950189583588e-14  6.08702968113254e-14
  6.86080481618108e-14  7.73147160860620e-14  8.71096523654990e-14
  9.81266544936466e-14  1.10515682318599e-13  1.24444774946352e-13
  1.40102190853085e-13  1.57698796755162e-13  1.77470733653204e-13
  1.99682391676927e-13  2.24629728908012e-13  2.52643973312277e-13
  2.84095751309733e-13  3.19399691384309e-13  3.59019556572566e-13
  4.03473965686811e-13  4.53342769839448e-13  5.09274158273240e-13
  5.71992575781816e-13  6.42307543194491e-13  7.21123482630803e-13
  8.09450660566159e-13  9.08417374411772e-13  1.01928352229501e-12
  1.14345571138067e-12  1.28250407736710e-12  1.43818100710773e-12
  1.61244197772247e-12  1.80746874943926e-12  2.02569517586353e-12
  2.26983592496514e-12  2.54291843676875e-12  2.84831848036613e-12
  3.18979971341398e-12  3.57155769255885e-12  3.99826883358152e-12
  4.47514487608521e-12  5.00799347011724e-12  5.60328557143301e-12
  6.26823041007727e-12  7.01085888274481e-12  7.84011631639863e-12
  8.76596565745305e-12  9.79950226106018e-12  1.09530815885306e-11
  1.22404612703787e-11  1.36769591587970e-11  1.52796291800262e-11
  1.70674570044670e-11  1.90615777853897e-11  2.12855184767230e-11
  2.37654675313225e-11  2.65305751065078e-11  2.96132872679705e-11
  3.30497180911670e-11  3.68800640165971e-11  4.11490653276051e-11
  4.59065201948453e-11  5.12078573749993e-11  5.71147743778109e-11
  6.36959487251959e-11  7.10278308435859e-11  7.91955281544301e-11
  8.82937910853973e-11  9.84281130235105e-11  1.09715957696388e-10
  1.22288129114842e-10  1.36290301071657e-10  1.51884725283184e-10
  1.69252139628922e-10  1.88593900610412e-10  2.10134367167672e-10
  2.34123566396187e-10  2.60840175562272e-10  2.90594859166374e-10
  3.23734004742696e-10  3.60643906658351e-10  4.01755453509563e-10
  4.47549381876620e-10  4.98562167333035e-10  5.55392632829954e-10
  6.18709365047735e-10  6.89259041195460e-10  7.67875782257811e-10
  8.55491664030906e-10  9.53148534764485e-10  1.06201130808101e-09
  1.18338292244724e-09  1.31872118421544e-09  1.46965774055125e-09
  1.63801946195755e-09  1.82585255215332e-09  2.03544974646703e-09
  2.26938100933533e-09  2.53052819800446e-09  2.82212422381456e-09
  3.14779731608796e-09  3.51162107739913e-09  3.91817111492445e-09
  4.37258914192856e-09  4.88065556850691e-09  5.44887174336483e-09
  6.08455317199603e-09  6.79593522234906e-09  7.59229304360237e-09
  8.48407766560152e-09  9.48307052696850e-09  1.06025589970291e-08
  1.18575358217755e-08  1.32649258398952e-08  1.48438437925623e-08
  1.66158875922959e-08  1.86054720433564e-08  2.08402087129071e-08
  2.33513384709107e-08  2.61742241443990e-08  2.93489117967287e-08
  3.29207703594910e-08  3.69412207317077e-08  4.14685670571825e-08
  4.65689446917362e-08  5.23174014663704e-08  5.87991311988825e-08
  6.61108811302222e-08  7.43625580387907e-08  8.36790613220976e-08
  9.42023753382438e-08  1.06093957934339e-07  1.19537467256752e-07
  1.34741874993175e-07  1.51945020924113e-07  1.71417671473274e-07
  1.93468153758101e-07  2.18447646702932e-07  2.46756222248968e-07
  2.78849742668894e-07  3.15247734954682e-07  3.56542379845931e-07
  4.03408772547977e-07  4.56616633586033e-07  5.17043673198360e-07
  5.85690840523898e-07  6.63699720694204e-07  7.52372378784734e-07
  8.53193990507408e-07  9.67858645962123e-07  1.09829876360539e-06
  1.24671861313442e-06  1.41563251028015e-06  1.60790832148013e-06
  1.82681700708724e-06  2.07608901505429e-06  2.35997846279110e-06
  2.68333614571076e-06  3.05169256748680e-06  3.47135232368606e-06
  3.94950135309608e-06  4.49432876227130e-06  5.11516513630050e-06
  5.82263950876129e-06  6.62885741054821e-06  7.54760274562573e-06
  8.59456654976912e-06  9.78760609750077e-06  1.11470381975019e-05
  1.26959710323654e-05  1.44606793544585e-05  1.64710284851007e-05
  1.87609531197892e-05  2.13689977303882e-05  2.43389260159236e-05
  2.77204078146771e-05  3.15697927229919e-05  3.59509807245238e-05
  4.09364013090517e-05  4.66081136156924e-05  5.30590416968332e-05
  6.03943601932762e-05  6.87330475022030e-05  7.82096250261032e-05
  8.89761031236054e-05  1.01204156022505e-04  1.15087550560687e-04
  1.30844855236814e-04  1.48722459075814e-04  1.68997931833535e-04
  1.91983760115759e-04  2.18031496294151e-04  2.47536361002163e-04
  2.80942341175270e-04  3.18747831391390e-04  3.61511866283238e-04
  4.09860997855716e-04  4.64496872676354e-04  5.26204568040977e-04
  5.95861748738991e-04  6.74448709300509e-04  7.63059368325339e-04
  8.62913284907553e-04  9.75368767379413e-04  1.10193714691885e-03
  1.24429828873858e-03  1.40431741228730e-03  1.58406329168444e-03
  1.78582790484439e-03  2.01214759287547e-03  2.26582579181545e-03
  2.54995738313659e-03  2.86795470718140e-03  3.22357526782110e-03
  3.62095114183356e-03  4.06462009208603e-03  4.55955836163792e-03
  5.11121509900983e-03  5.72554834543419e-03  6.40906247420002e-03
  7.16884694307215e-03  8.01261618356493e-03  8.94875039524977e-03
  9.98633697944372e-03  1.11352122862105e-02  1.24060032797095e-02
  1.38101686991332e-02  1.53600391708495e-02  1.70688557112396e-02
  1.89508059508874e-02  2.10210573292649e-02  2.32957864607021e-02
  2.57922037388767e-02  2.85285722155902e-02  3.15242196283796e-02
  3.47995425157536e-02  3.83760010125036e-02  4.22761032216666e-02
  4.65233775648923e-02  5.11423318393977e-02  5.61583974005326e-02
  6.15978569910308e-02  6.74877546980251e-02  7.38557865324310e-02
  8.07301702022862e-02  8.81394926492212e-02  9.61125341881141e-02
  1.04678068049207e-01  1.13864634534180e-01  1.23700289105926e-01
  1.34212324073004e-01  1.45426964044907e-01  1.57369035402053e-01
  1.70061611029995e-01  1.83525631530786e-01  1.97779505112015e-01
  2.12838688833090e-01  2.28715254388479e-01  2.45417442540512e-01
  2.62949210683668e-01  2.81309778792692e-01  3.00493179586588e-01
  3.20487819136578e-01  3.41276054815709e-01  3.62833797633509e-01
  3.85130146482326e-01  4.08127062036273e-01  4.31779088185042e-01
  4.56033129272484e-01  4.80828291445530e-01  5.06095796928280e-01
  5.31758980048638e-01  5.57733374331540e-01  5.83926899799761e-01
  6.10240159470238e-01  6.36566853238411e-01  6.62794315850062e-01
  6.88804183590125e-01  7.14473191422900e-01  7.39674098756070e-01
  7.64276738207768e-01  7.88149177432825e-01  8.11158980060562e-01
  8.33174547834963e-01  8.54066522287744e-01  8.73709221846502e-01
  8.91982087136670e-01  9.08771106648251e-01  9.23970193434287e-01
  9.37482484391422e-01  9.49221534461606e-01  9.59112380347211e-01
  9.67092451186721e-01  9.73112307267308e-01  9.77136192106997e-01
  9.79142387909023e-01  9.79123369308854e-01  9.77085755387743e-01
  9.73050064772785e-01  9.67050283322871e-01  9.59133258003988e-01
  9.49357934216346e-01  9.37794456684398e-01  9.24523156248756e-01
  9.09633446218975e-01  8.93222652618779e-01  8.75394802446861e-01
  8.56259393332432e-01  8.35930166476647e-01  8.14523902941897e-01
  7.92159260995602e-01  7.68955669741957e-01  7.45032291514638e-01
  7.20507062844879e-01  6.95495821066719e-01  6.70111521212788e-01
  6.44463545198847e-01  6.18657104235375e-01  5.92792731320344e-01
  5.66965862958428e-01  5.41266503194267e-01  5.15778967505982e-01
  4.90581698394155e-01  4.65747148220532e-01  4.41341722004157e-01
  4.17425774175113e-01  3.94053653203379e-01  3.71273787916546e-01
  3.49128810176348e-01  3.27655708555713e-01  3.06886008285769e-01
  2.86845973139619e-01  2.67556825264631e-01  2.49034979536068e-01
  2.31292289136380e-01  2.14336299883205e-01  1.98170510499175e-01
  1.82794637029816e-01  1.68204879258704e-01  1.54394187573075e-01
  1.41352528751598e-01  1.29067149294421e-01  1.17522835095298e-01
  1.06702166308726e-01  9.65857663567790e-02  8.71525441357904e-02
  7.83799285047931e-02  7.02440942809970e-02  6.27201790031962e-02
  5.57824898554097e-02  4.94047002173683e-02  4.35600354271427e-02
  3.82214474329685e-02  3.33617781254872e-02  2.89539112268273e-02
  2.49709127193893e-02  2.13861598663599e-02  1.81734589640243e-02
  1.53071520183412e-02  1.27622126015000e-02  1.05143311793502e-02
  8.53999024036950e-03  6.81652957448267e-03  5.32220207077824e-03
  4.03622040620340e-03  2.93879500343962e-03  2.01116362186657e-03
  1.23561299005045e-03  5.95492773982159e-04  7.52222587209195e-05
 -3.39709844169249e-04 -6.62752222102957e-04 -9.06304006516478e-04
 -1.08173370893432e-03 -1.19940368338945e-03 -1.26869973617461e-03
 -1.29806548309704e-03 -1.29504102775229e-03 -1.26630550433070e-03
 -1.21772299745189e-03 -1.15439131963510e-03 -1.08069309556790e-03
 -1.00034857985251e-03 -9.16469610586797e-04 -8.31614093524304e-04
 -7.47840408183599e-04 -6.66761135951741e-04 -5.89595533782707e-04
 -5.17220210116232e-04 -4.50217505963952e-04 -3.88921141775321e-04
 -3.33458757624564e-04 -2.83791049261567e-04 -2.39747282551786e-04
 -2.01057051697446e-04 -1.67378229062395e-04 -1.38321134064986e-04
 -1.13469022479370e-04 -9.23950636138678e-05 -7.46760290806455e-05
 -5.99029621122246e-05 -4.76891296296393e-05 -3.76755804814352e-05
 -2.95346426426553e-05 -2.29716906591488e-05 -1.77255033712323e-05
 -1.35675126184671e-05 -1.03002178873971e-05 -7.75501163440020e-06
 -5.78962697326072e-06 -4.28538557296319e-06 -3.14438980844429e-06
 -2.28677174495375e-06 -1.64808203281388e-06 -1.17687615777033e-06
 -8.32533531928583e-07 -5.83326199253048e-07 -4.04740254412147e-07
 -2.78041386036935e-07 -1.89068902641212e-07 -1.27237274242397e-07
 -8.47216939310203e-08 -5.58032837813536e-08 -3.63500429503205e-08
 -2.34110921180834e-08 -1.49038270554582e-08 -9.37599557603387e-09
 -5.82721062372403e-09 -3.57687928298368e-09 -2.16780704899446e-09
 -1.29681678841405e-09 -7.65495721227990e-10 -4.45732602952445e-10
 -2.55934691097800e-10 -1.44864541562480e-10 -8.08009588629274e-11
 -4.43962415187139e-11 -2.40201329283669e-11 -1.27925406037667e-11
 -6.70352743179907e-12 -3.45498748552604e-12 -1.75073097430741e-12
 -8.71849899012090e-13 -4.26506775538106e-13 -2.04870738757407e-13
 -9.65843601759461e-14 -4.46688451420505e-14 -2.02566159975976e-14
 -9.00287527330664e-15 -3.91949767767720e-15 -1.67067480847744e-15
 -6.96843781197588e-16 -2.84262021944429e-16 -1.13343482423210e-16
 -4.41538332959466e-17 -1.68029553246487e-17 -6.23995001218272e-18
 -2.25991841372951e-18 -7.97724997730226e-19 -2.74342327056285e-19
 -9.19174512388217e-20 -3.00366807709475e-20 -9.55523551396466e-21
 -2.95198367692259e-21 -8.85024291484004e-22 -2.57301631327366e-22
 -7.24844833320523e-23 -1.97707510001120e-23 -5.21709232489775e-24
 -1.33077208694489e-24 -3.27855082103042e-25 -7.79447676706540e-26
 -1.78662237999992e-26 -3.94478407103197e-27 -8.38208333024047e-28
 -1.71238743491075e-28 -3.36004914230608e-29 -6.32621399711267e-30
 -1.14168557003431e-30
 (i6, f12.0, f18.0, f8.3, i6)
   663  60.0000000  0.02500000000000  25.000     2
 (3e22.14)
  2.76043964355552e-06  2.89952212360366e-06  3.04561177896113e-06
  3.19906161192530e-06  3.36024240582926e-06  3.52954362051476e-06
  3.70737433288881e-06  3.89416422483279e-06  4.09036462084668e-06
  4.29644957793121e-06  4.51291703033758e-06  4.74028999194211e-06
  4.97911781915082e-06  5.22997753737113e-06  5.49347523426146e-06
  5.77024752309837e-06  6.06096307981938e-06  6.36632425740011e-06
  6.68706878152985e-06  7.02397153156650e-06  7.37784641119730e-06
  7.74954831317416e-06  8.13997518297753e-06  8.55007018629732e-06
  8.98082398560474e-06  9.43327713126174e-06  9.90852257297769e-06
  1.04077082975854e-05  1.09320400996005e-05  1.14827844911025e-05
  1.20612717580796e-05  1.26688991704850e-05  1.33071343538178e-05
  1.39775188302664e-05  1.46816717380499e-05  1.54212937377333e-05
  1.61981711151722e-05  1.70141800906495e-05  1.78712913448859e-05
  1.87715747725523e-05  1.97172044749000e-05  2.07104640034064e-05
  2.17537518671300e-05  2.28495873169120e-05  2.40006164204963e-05
  2.52096184429216e-05  2.64795125478808e-05  2.78133648357045e-05
  2.92143957353476e-05  3.06859877677378e-05  3.22316936994206e-05
  3.38552451059084e-05  3.55605613654305e-05  3.73517591045072e-05
  3.92331621182932e-05  4.12093117890852e-05  4.32849780285988e-05
  4.54651707695078e-05  4.77551520346101e-05  5.01604486118794e-05
  5.26868653662874e-05  5.53404992200069e-05  5.81277538347346e-05
  6.10553550310195e-05  6.41303669820113e-05  6.73602092197456e-05
  7.07526744955117e-05  7.43159475362415e-05  7.80586247424989e-05
  8.19897348746965e-05  8.61187607775075e-05  9.04556621937596e-05
  9.50108997234306e-05  9.97954599834821e-05  1.04820882030540e-04
  1.10099285107645e-04  1.15643397782935e-04  1.21466588548728e-04
  1.27582897954715e-04  1.34007072351438e-04  1.40754599325187e-04
  1.47841744907813e-04  1.55285592651669e-04  1.63104084660622e-04
  1.71316064677596e-04  1.79941323328394e-04  1.89000645631939e-04
  1.98515860888225e-04  2.08509895063713e-04  2.19006825797877e-04
  2.30031940162690e-04  2.41611795310545e-04  2.53774282157197e-04
  2.66548692247117e-04  2.79965787964533e-04  2.94057876251741e-04
  3.08858886013557e-04  3.24404449388245e-04  3.40731987079159e-04
  3.57880797947573e-04  3.75892153080364e-04  3.94809394551999e-04
  4.14678039118449e-04  4.35545887081508e-04  4.57463136588220e-04
  4.80482503626619e-04  5.04659348007596e-04  5.30051805624431e-04
  5.56720927304318e-04  5.84730824575955e-04  6.14148822698802e-04
  6.45045621308349e-04  6.77495463061295e-04  7.11576310667410e-04
  7.47370032731320e-04  7.84962598832029e-04  8.24444284301683e-04
  8.65909885177011e-04  9.09458943832284e-04  9.55195985808765e-04
  1.00323076840865e-03  1.05367854161235e-03  1.10666032194593e-03
  1.16230317991817e-03  1.22074054170590e-03  1.28211250578002e-03
  1.34656617521051e-03  1.41425600641252e-03  1.48534417514960e-03
  1.56000096062285e-03  1.63840514855420e-03  1.72074445416274e-03
  1.80721596603686e-03  1.89802661189527e-03  1.99339364732329e-03
  2.09354516859214e-03  2.19872065074229e-03  2.30917151214812e-03
  2.42516170686863e-03  2.54696834610510e-03  2.67488235021737e-03
  2.80920913272824e-03  2.95026931791725e-03  3.09839949358137e-03
  3.25395300069351e-03  3.41730076171794e-03  3.58883214946019e-03
  3.76895589838166e-03  3.95810106045081e-03  4.15671800762014e-03
  4.36527948323302e-03  4.58428170461463e-03  4.81424551938502e-03
  5.05571761797902e-03  5.30927180510790e-03  5.57551033293232e-03
  5.85506529890442e-03  6.14860011131178e-03  6.45681102578329e-03
  6.78042875603283e-03  7.12022016243913e-03  7.47699002203115e-03
  7.85158288378581e-03  8.24488501318041e-03  8.65782643023504e-03
  9.09138304533359e-03  9.54657889750896e-03  1.00244884997765e-02
  1.05262392967085e-02  1.10530142392208e-02  1.16060544821752e-02
  1.21866622103256e-02  1.27962035985877e-02  1.34361119127289e-02
  1.41078907569747e-02  1.48131174751079e-02  1.55534467122222e-02
  1.63306141441423e-02  1.71464403824209e-02  1.80028350624640e-02
  1.89018011233083e-02  1.98454392874003e-02  2.08359527494261e-02
  2.18756520833674e-02  2.29669603775671e-02  2.41124186076369e-02
  2.53146912579602e-02  2.65765722021814e-02  2.79009908545299e-02
  2.92910186030815e-02  3.07498755376335e-02  3.22809374844379e-02
  3.38877433611116e-02  3.55740028651198e-02  3.73436045101337e-02
  3.92006240244742e-02  4.11493331272998e-02  4.31942086973534e-02
  4.53399423514562e-02  4.75914504483959e-02  4.99538845364036e-02
  5.24326422614039e-02  5.50333787548611e-02  5.77620185198995e-02
  6.06247678356896e-02  6.36281276996116e-02  6.67789073289511e-02
  7.00842382420190e-02  7.35515889424491e-02  7.71887802272697e-02
  8.10040011434800e-02  8.50058256156023e-02  8.92032297691422e-02
  9.36056099741283e-02  9.82228016347309e-02  1.03065098749518e-01
  1.08143274270251e-01  1.13468601283790e-01  1.19052875046219e-01
  1.24908435894835e-01  1.31048193066995e-01  1.37485649452472e-01
  1.44234927309222e-01  1.51310794967895e-01  1.58728694557429e-01
  1.66504770774847e-01  1.74655900732336e-01  1.83199724905068e-01
  1.92154679210024e-01  2.01540028240798e-01  2.11375899685830e-01
  2.21683319953545e-01  2.32484251031419e-01  2.43801628597678e-01
  2.55659401413420e-01  2.68082572007266e-01  2.81097238678722e-01
  2.94730638829044e-01  3.09011193637982e-01  3.23968554093850e-01
  3.39633648386759e-01  3.56038730665737e-01  3.73217431164843e-01
  3.91204807686120e-01  4.10037398441660e-01  4.29753276226040e-01
  4.50392103913980e-01  4.71995191243661e-01  4.94605552861447e-01
  5.18267967581026e-01  5.43029038811988e-01  5.68937256093370e-01
  5.96043057673250e-01  6.24398894040961e-01  6.54059292342409e-01
  6.85080921549197e-01  7.17522658292977e-01  7.51445653210478e-01
  7.86913397670093e-01  8.23991790706622e-01  8.62749205991810e-01
  9.03256558630121e-01  9.45587371577082e-01  9.89817841411887e-01
  1.03602690323803e+00  1.08429629437405e+00  1.13471061656989e+00
  1.18735739636189e+00  1.24232714322567e+00  1.29971340510408e+00
  1.35961282088965e+00  1.42212516937177e+00  1.48735341417408e+00
  1.55540374408975e+00  1.62638560830198e+00  1.70041174577628e+00
  1.77759820825016e+00  1.85806437602782e+00  1.94193296587868e+00
  2.02933003019743e+00  2.12038494659744e+00  2.21523039699411e+00
  2.31400233527707e+00  2.41683994247069e+00  2.52388556844393e+00
  2.63528465888874e+00  2.75118566655755e+00  2.87173994538470e+00
  2.99710162630834e+00  3.12742747338351e+00  3.26287671885091e+00
  3.40361087563414e+00  3.54979352588858e+00  3.70159008389009e+00
  3.85916753190114e+00  4.02269412711789e+00  4.19233907831553e+00
  4.36827219025642e+00  4.55066347435685e+00  4.73968272367258e+00
  4.93549905077284e+00  5.13828038636222e+00  5.34819293744270e+00
  5.56540060285745e+00  5.79006434497748e+00  6.02234151568429e+00
  6.26238513542233e+00  6.51034312357494e+00  6.76635747947001e+00
  7.03056341209572e+00  7.30308841856055e+00  7.58405130957760e+00
  7.87356118227833e+00  8.17171633954443e+00  8.47860315627598e+00
  8.79429489268221e+00  9.11885045576560e+00  9.45231310959700e+00
  9.79470913684080e+00  1.01460464526154e+01  1.05063131746655e+01
  1.08754761518599e+01  1.12534794561202e+01  1.16402428415055e+01
  1.20356601768308e+01  1.24395978567814e+01  1.28518932004645e+01
  1.32723528429548e+01  1.37007511316608e+01  1.41368285346667e+01
  1.45802900744728e+01  1.50308037974759e+01  1.54879992937053e+01
  1.59514662801309e+01  1.64207532643335e+01  1.68953663037296e+01
  1.73747678802862e+01  1.78583759070495e+01  1.83455628905257e+01
  1.88356552655105e+01  1.93279329296358e+01  1.98216289966572e+01
  2.03159297958171e+01  2.08099751399556e+01  2.13028588897000e+01
  2.17936298373419e+01  2.22812929393941e+01  2.27648109200486e+01
  2.32431062761767e+01  2.37150637024602e+01  2.41795329685293e+01
  2.46353322630552e+01  2.50812520326035e+01  2.55160593290147e+01
  2.59385026863344e+01  2.63473175344440e+01  2.67412321677124e+01
  2.71189742622612e+01  2.74792779559780e+01  2.78208914733738e+01
  2.81425852950428e+01  2.84431608468560e+01  2.87214596905728e+01
  2.89763731762064e+01  2.92068525260270e+01  2.94119192872054e+01
  2.95906761099435e+01  2.97423177680028e+01  2.98661423553500e+01
  2.99615625616750e+01  3.00281169352820e+01  3.00654810162894e+01
  3.00734782314139e+01  3.00520904081200e+01  3.00014677869834e+01
  2.99219383664657e+01  2.98140164450684e+01  2.96784101850390e+01
  2.95160280434637e+01  2.93279838935767e+01  2.91156006763273e+01
  2.88804123992168e+01  2.86241643351836e+01  2.83488112397381e+01
  2.80565134564254e+01  2.77496307531823e+01  2.74307137779648e+01
  2.71024930164927e+01  2.67678651787770e+01  2.64298769391871e+01
  2.60917060182130e+01  2.57566395837355e+01  2.54280500282291e+01
  2.51093681769837e+01  2.48040540529671e+01  2.45155653425363e+01
  2.42473237733845e+01  2.40026796321928e+01  2.37848747316180e+01
  2.35970041391498e+01  2.34419770653951e+01  2.33224773195258e+01
  2.32409237985402e+01  2.31994315030994e+01  2.31997736081464e+01
  2.32433451426736e+01  2.33311288472179e+01  2.34636638000881e+01
  2.36410173954931e+01  2.38627612654434e+01  2.41279517122665e+01
  2.44351152045811e+01  2.47822394501679e+01  2.51667705168380e+01
  2.55856164202409e+01  2.60351575260049e+01  2.65112640466858e+01
  2.70093208187452e+01  2.75242594589443e+01  2.80505978931052e+01
  2.85824871347228e+01  2.91137650931903e+01  2.96380170457862e+01
  3.01486423150946e+01  3.06389265447748e+01  3.11021188710786e+01
  3.15315131463578e+01  3.19205322874511e+01  3.22628146919403e+01
  3.25523016004130e+01  3.27833241781998e+01  3.29506890542921e+01
  3.30497609711445e+01  3.30765412124953e+01  3.30277404243467e+01
  3.29008444910054e+01  3.26941721404927e+01  3.24069230233314e+01
  3.20392150869906e+01  3.15921101811141e+01  3.10676269519450e+01
  3.04687402593748e+01  2.97993665063757e+01  2.90643345048685e+01
  2.82693417002871e+01  2.74208958415729e+01  2.65262424326749e+01
  2.55932785781987e+01  2.46304541152601e+01  2.36466612082798e+01
  2.26511138569838e+01  2.16532190489710e+01  2.06624415181076e+01
  1.96881643278110e+01  1.87395476494992e+01  1.78253882961936e+01
  1.69539826357875e+01  1.61329955724471e+01  1.53693382450787e+01
  1.46690570170541e+01  1.40372361449600e+01  1.34779163167124e+01
  1.29940309175183e+01  1.25873615608330e+01  1.22585139962917e+01
  1.20069150881728e+01  1.18308310889154e+01  1.17274069735783e+01
  1.16927261379295e+01  1.17218893176847e+01  1.18091111634071e+01
  1.19478325137760e+01  1.21308460538278e+01  1.23504327343735e+01
  1.25985060680410e+01  1.28667612215583e+01  1.31468256952293e+01
  1.34304083358916e+01  1.37094434683288e+01  1.39762270617766e+01
  1.42235420678217e+01  1.44447703724961e+01  1.46339891859814e+01
  1.47860501396098e+01  1.48966398499235e+01  1.49623212316651e+01
  1.49805553691645e+01  1.49497042769050e+01  1.48690153669414e+01
  1.47385888879047e+01  1.45593299816978e+01  1.43328873194321e+01
  1.40615805137290e+01  1.37483186572526e+01  1.33965124146652e+01
  1.30099820891589e+01  1.25928640101853e+01  1.21495174550679e+01
  1.16844341238575e+01  1.12021519612076e+01  1.07071748566685e+01
  1.02038994787691e+01  9.69655021310111e+00  9.18912289114928e+00
  8.68533772452523e+00  8.18860160335255e+00  7.70197968447888e+00
  7.22817598767738e+00  6.76952254147167e+00  6.32797646959228e+00
  5.90512429405143e+00  5.50219264145364e+00  5.12006447935924e+00
  4.75929997851768e+00  4.42016108682143e+00  4.10263891596508e+00
  3.80648307428218e+00  3.53123212964675e+00  3.27624444998385e+00
  3.04072874333541e+00  2.82377370319898e+00  2.62437625243769e+00
  2.44146797094999e+00  2.27393938356931e+00  2.12066187410420e+00
  1.98050707644957e+00  1.85236367291686e+00  1.73515160062011e+00
  1.62783372899978e+00  1.52942512383213e+00  1.43900005411915e+00
  1.35569693069260e+00  1.27872138564045e+00  1.20734771471212e+00
  1.14091890833735e+00  1.07884549381665e+00  1.02060340256220e+00
  9.65731062526821e-01  9.13825899558948e-01  8.64540412422788e-01
  8.17577966322337e-01  7.72688429551602e-01  7.29663758073903e-01
  6.88333614047974e-01  6.48561087011151e-01  6.10238570746707e-01
  5.73283835212347e-01  5.37636321178534e-01  5.03253675482374e-01
  4.70108537012615e-01  4.38185577451202e-01  4.07478796297167e-01
  3.77989066584886e-01  3.49721925630267e-01  3.22685604012455e-01
  2.96889285455560e-01  2.72341590151376e-01  2.49049274132510e-01
  2.27016137479184e-01  2.06242134106213e-01  1.86722675775698e-01
  1.68448122463642e-01  1.51403450554576e-01  1.35568089279509e-01
  1.20915914616790e-01  1.07415388379961e-01  9.50298287846787e-02
  8.37177971874806e-02  7.34335843491921e-02  6.41277783489300e-02
  5.57478953937534e-02  4.82390542782736e-02  4.15446751798557e-02
  3.56071839177044e-02  3.03687037226525e-02  2.57717179694969e-02
  2.17596891631803e-02  1.82776216795468e-02  1.52725582515344e-02
  1.26940028713666e-02  1.04942655268266e-02  8.62872691045174e-03
  7.05602381403957e-03  5.73815826565409e-03  4.64053549389550e-03
  3.73193746199206e-03  2.98443996025903e-03  2.37328206948724e-03
  1.87669721225229e-03  1.47571502739752e-03  1.15394297200448e-03
  8.97335938128284e-04  6.93961327561198e-04  5.33766027766935e-04
  4.08350641243112e-04  3.10755201633969e-04  2.35259516715741e-04
  1.77200256073026e-04  1.32805982780718e-04  9.90505369216497e-05
  7.35245253910003e-05  5.43241605111785e-05  3.99563129752299e-05
  2.92583929795413e-05  2.13315288294564e-05  1.54854614092952e-05
  1.11935906695066e-05  8.05668748232825e-06  5.77389320189759e-06
  4.11976798057826e-06  2.92629278863758e-06  2.06888047066892e-06
  1.45559295306002e-06  1.01889474490862e-06  7.09392143569154e-07
  4.91112016505907e-07  3.37963579155755e-07  2.31101641571662e-07
  1.56971670108583e-07  1.05867004157297e-07  7.08685466330244e-08
  4.70685060731245e-08  3.10042449094539e-08  2.02467676584390e-08
  1.31028433167875e-08  8.40006881126701e-09  5.33265190307462e-09
  3.35104631269360e-09  2.08371581960445e-09  1.28157260469900e-09
  7.79399024548949e-10  4.68478687367077e-10  2.78237927245496e-10
  1.63207085235241e-10  9.45171420704594e-11  5.40250701203613e-11
  3.04674536537004e-11  1.69460872086726e-11  9.29243424142265e-12
  5.02167070181702e-12  2.67334338917412e-12  1.40144145060062e-12
  7.23155057929667e-13  3.67149586646814e-13  1.83326300719325e-13
  8.99885886687462e-14  4.34047761826678e-14  2.05625494211089e-14
  9.56319266502978e-15  4.36423104028943e-15  1.95334521943597e-15
  8.57033034587443e-16  3.68418327293260e-16  1.55090464020112e-16
  6.38965226064304e-17  2.57521941354988e-17  1.01511688291646e-17
  3.90990921518097e-18  1.47068494097942e-18  5.39934430505190e-19
  1.93395250644362e-19  6.75786715933891e-20  2.30631551760700e-20
  2.90181963161772e-24  3.31053272823759e-24  3.77679224791110e-24
  4.30869726995929e-24  4.91548619949720e-24  5.60769694465772e-24
  6.39734959744683e-24  7.29815477710504e-24  8.32575123783781e-24
  9.49797684767202e-24  1.08351776212195e-23  1.23605601450432e-23
  1.41005934828883e-23  1.60854675007380e-23  1.83496155240424e-23
  2.09323103476719e-23  2.38783438824574e-23  2.72388021621497e-23
  3.10719490758023e-23  3.54442340613753e-23  4.04314411282422e-23
  4.61199990064075e-23  5.26084749894182e-23  6.00092781940995e-23
  6.84506015567994e-23  7.80786359846160e-23  8.90600947502328e-23
  1.01585091541541e-22  1.15870421640739e-22  1.32163302617832e-22
  1.50745638795627e-22  1.71938882713032e-22  1.96109577032330e-22
  2.23675671977700e-22  2.55113726655019e-22  2.90967117709713e-22
  3.31855395990573e-22  3.78484951487546e-22  4.31661169141244e-22
  4.92302283549961e-22  5.61455169563253e-22  6.40313338734344e-22
  7.30237449166101e-22  8.32778679057243e-22  9.49705362963075e-22
  1.08303334523867e-21  1.23506056827884e-21  1.40840648505206e-21
  1.60605696726905e-21  1.83141547368963e-21  2.08836134912455e-21
  2.38131624539855e-21  2.71531979294106e-21  3.09611580802914e-21
  3.53025049867408e-21  4.02518433463751e-21  4.58941947750077e-21
  5.23264492889565e-21  5.96590185330465e-21  6.80177187120672e-21
  7.75459150438820e-21  8.84069639439384e-21  1.00786994145289e-20
  1.14898073639349e-20  1.30981815782323e-20  1.49313485258756e-20
  1.70206672946386e-20  1.94018618223515e-20  2.21156268056530e-20
  2.52083174478686e-20  2.87327346021036e-20  3.27490184512496e-20
  3.73256656683706e-20  4.25406870485686e-20  4.84829249298236e-20
  5.52535523634807e-20  6.29677789976338e-20  7.17567920473390e-20
  8.17699645991142e-20  9.31773678964605e-20  1.06172629248179e-19
  1.20976182872975e-19  1.37838967432450e-19  1.57046631313318e-19
  1.78924315015118e-19  2.03842089413675e-19  2.32221139352966e-19
  2.64540794137581e-19  3.01346520247483e-19  3.43259007191470e-19
  3.90984495103109e-19  4.45326512739297e-19  5.07199217281940e-19
  5.77642553123072e-19  6.57839476034919e-19  7.49135522243335e-19
  8.53061039449956e-19  9.71356439365718e-19  1.10600087948215e-18
  1.25924483635954e-18  1.43364709448748e-18  1.63211674472298e-18
  1.85796086549755e-18  2.11493864961650e-18  2.40732284090710e-18
  2.73996945974886e-18  3.11839692635640e-18  3.54887583755670e-18
  4.03853081888349e-18  4.59545606160703e-18  5.22884636660841e-18
  5.94914575694834e-18  6.76821599213164e-18  7.69952762339262e-18
  8.75837657539715e-18  9.96212963050935e-18  1.13305026330971e-17
  1.28858757294321e-17  1.46536505210151e-17  1.66626546435598e-17
  1.89455999996427e-17  2.15396016803004e-17  2.44867655213147e-17
  2.78348532662513e-17  3.16380354653407e-17  3.59577435429814e-17
  4.08636339357368e-17  4.64346788569538e-17  5.27604001080400e-17
  5.99422644534535e-17  6.80952614387438e-17  7.73496871874968e-17
  8.78531607032140e-17  9.97729025646597e-17  1.13298309684767e-16
  1.28643864054366e-16  1.46052418170472e-16  1.65798905217538e-16
  1.88194528103259e-16  2.13591488222396e-16  2.42388322432508e-16
  2.75035925259817e-16  3.12044342940313e-16  3.53990436650277e-16
  4.01526524342266e-16  4.55390124125637e-16  5.16414937296193e-16
  5.85543226110549e-16  6.63839760449776e-16  7.52507528846834e-16
  8.52905433252574e-16  9.66568213660637e-16  1.09522887867941e-15
  1.24084395163347e-15  1.40562187930983e-15  1.59205499239035e-15
  1.80295545354497e-15  2.04149568160503e-15  2.31125379887803e-15
  2.61626471417033e-15  2.96107752732677e-15  3.35082002280602e-15
  3.79127111120964e-15  4.28894217954428e-15  4.85116842488114e-15
  5.48621137302087e-15  6.20337392551881e-15  7.01312943642989e-15
  7.92726649654851e-15  8.95905129928255e-15  1.01234096817052e-14
  1.14371311783141e-14  1.29190976974188e-14  1.45905397332422e-14
  1.64753233646508e-14  1.86002716677915e-14  2.09955245886284e-14
  2.36949417884982e-14  2.67365534940265e-14  3.01630649622913e-14
  3.40224208136799e-14  3.83684362021053e-14  4.32615025875742e-14
  4.87693767624885e-14  5.49680627677082e-14  6.19427974310992e-14
  6.97891514782636e-14  7.86142595214882e-14  8.85381937375547e-14
  9.96954977210056e-14  1.12236898857417e-13  1.26331219635893e-13
  1.42167510608397e-13  1.59957430272146e-13  1.79937899975299e-13
  2.02374065112857e-13  2.27562597376983e-13  2.55835376723650e-13
  2.87563596042234e-13  3.23162336323510e-13  3.63095665458321e-13
  4.07882319740277e-13  4.58102033718677e-13  5.14402591404356e-13
  5.77507679918622e-13  6.48225635768678e-13  7.27459183927958e-13
  8.16216281090138e-13  9.15622186845440e-13  1.02693290032470e-12
  1.15155011513644e-12  1.29103786248514e-12  1.44714103121957e-12
  1.62180597462964e-12  1.81720343715448e-12  2.03575406016249e-12
  2.28015675485800e-12  2.55342026250025e-12  2.85889825788405e-12
  3.20032839174685e-12  3.58187571211459e-12  4.00818095366236e-12
  4.48441423920669e-12  5.01633479820498e-12  5.61035737530079e-12
  6.27362607747805e-12  7.01409649278836e-12  7.84062700744502e-12
  8.76308035303528e-12  9.79243653186449e-12  1.09409183994727e-11
  1.22221313275256e-11  1.36512185335949e-11  1.52450338442553e-11
  1.70223338606914e-11  1.90039917215701e-11  2.12132349098414e-11
  2.36759098332068e-11  2.64207762215347e-11  2.94798347400211e-11
  3.28886916088538e-11  3.66869644651779e-11  4.09187341966955e-11
  4.56330480322153e-11  5.08844797976639e-11  5.67337539423805e-11
  6.32484407281315e-11  7.05037308480266e-11  7.85832987373834e-11
  8.75802649441758e-11  9.75982691802872e-11  1.08752667079309e-10
  1.21171865268118e-10  1.34998811146058e-10  1.50392655767091e-10
  1.67530610495055e-10  1.86610020645260e-10  2.07850682220163e-10
  2.31497431094959e-10  2.57823037691742e-10  2.87131444340765e-10
  3.19761387226465e-10  3.56090450148659e-10  3.96539603343966e-10
  4.41578287456529e-10  4.91730110470805e-10  5.47579234208445e-10
  6.09777536941060e-10  6.79052649976505e-10  7.56216978911932e-10
  8.42177834833929e-10  9.37948817317911e-10  1.04466260994523e-09
  1.16358537049178e-09  1.29613292237323e-09  1.44388898172441e-09
  1.60862568616922e-09  1.79232672740503e-09  1.99721343094601e-09
  2.22577417315547e-09  2.48079757940910e-09  2.76541000815469e-09
  3.08311789547667e-09  3.43785561437635e-09  3.83403959395524e-09
  4.27662954751856e-09  4.77119777758050e-09  5.32400766125028e-09
  5.94210257491043e-09  6.63340669443437e-09  7.40683931039652e-09
  8.27244452940625e-09  9.24153849961126e-09  1.03268766004314e-08
  1.15428433870225e-08  1.29056684757589e-08  1.44336720145228e-08
  1.61475439025671e-08  1.80706615221619e-08  2.02294514278893e-08
  2.26538012221735e-08  2.53775287423518e-08  2.84389167091122e-08
  3.18813221632407e-08  3.57538713559948e-08  4.01122523086792e-08
  4.50196190016545e-08  5.05476231874109e-08  5.67775921130208e-08
  6.38018730863509e-08  7.17253688382419e-08  8.06672910798041e-08
  9.07631636230962e-08  1.02167110916439e-07  1.15054473057499e-07
  1.29624794198174e-07  1.46105238043733e-07  1.64754491826519e-07
  1.85867228962246e-07  2.09779210594294e-07  2.36873117815487e-07
  2.67585219272866e-07  3.02412994014367e-07  3.41923846263480e-07
  3.86765068373729e-07  4.37675230278378e-07  4.95497198966036e-07
  5.61193020253920e-07  6.35860927690433e-07  7.20754780879030e-07
  8.17306277270895e-07  9.27150330224083e-07  1.05215405999502e-06
  1.19444990688070e-06  1.35647344576531e-06  1.54100656128839e-06
  1.75122673309138e-06  1.99076328355850e-06  2.26376155564361e-06
  2.57495612107614e-06  2.92975426589615e-06  3.33433116997345e-06
  3.79573838507291e-06  4.32202743084740e-06  4.92239056830508e-06
  5.60732108363762e-06  6.38879571741808e-06  7.28048222372930e-06
  8.29797542326024e-06  9.45906555486371e-06  1.07840432120041e-05
  1.22960456980265e-05  1.40214502443409e-05  1.59903202173845e-05
  1.82369112056440e-05  2.08002447207055e-05  2.37247582116852e-05
  2.70610411194589e-05  3.08666679062387e-05  3.52071402623507e-05
  4.01569521631817e-05  4.58007930321667e-05  5.22349060397657e-05
  5.95686205077854e-05  6.79260795557354e-05  7.74481864514730e-05
  8.82947957777190e-05  1.00647178292115e-04  1.14710791542208e-04
  1.30718391621052e-04  1.48933525181238e-04  1.69654444792457e-04
  1.93218495142548e-04  2.20007022116881e-04  2.50450862083218e-04
  2.85036473834600e-04  3.24312781732269e-04  3.68898804571999e-04
  4.19492151375731e-04  4.76878472232828e-04  5.41941959638404e-04
  6.15677003463152e-04  6.99201110574015e-04  7.93769208603380e-04
  9.00789461402571e-04  1.02184073302313e-03  1.15869184484848e-03
  1.31332278006244e-03  1.48794799733969e-03  1.68504202427051e-03
  1.90736750823314e-03  2.15800591012516e-03  2.44039103070210e-03
  2.75834556652844e-03  3.11612089259408e-03  3.51844027291633e-03
  3.97054569723561e-03  4.47824853933434e-03  5.04798422513709e-03
  5.68687108860589e-03  6.40277357780141e-03  7.20436995565594e-03
  8.10122461124421e-03  9.10386507345166e-03  1.02238637712839e-02
  1.14739245515220e-02  1.28679739018457e-02  1.44212567726832e-02
  1.61504368183094e-02  1.80737007961445e-02  2.02108667776249e-02
  2.25834957101177e-02  2.52150057818819e-02  2.81307888746059e-02
  3.13583283062943e-02  3.49273168608372e-02  3.88697739847522e-02
  4.32201608300805e-02  4.80154916434374e-02  5.32954398160145e-02
  5.91024366676853e-02  6.54817608810650e-02  7.24816161967994e-02
  8.01531948389043e-02  8.85507238335848e-02  9.77314912023668e-02
  1.07755848766463e-01  1.18687188081556e-01  1.30591885839687e-01
  1.43539214863027e-01  1.57601216740265e-01  1.72852531919083e-01
  1.89370183205223e-01  2.07233308383897e-01  2.26522837985995e-01
  2.47321114197112e-01  2.69711447281295e-01  2.93777606180956e-01
  3.19603240540448e-01  3.47271231867610e-01  3.76862972586207e-01
  4.08457572285301e-01  4.42130992004198e-01  4.77955108193412e-01
  5.15996709734625e-01  5.56316432684781e-01  5.98967639192174e-01
  6.43995248577026e-01  6.91434530506184e-01  7.41309871624189e-01
  7.93633528924711e-01  8.48404384312971e-01  9.05606716335148e-01
  9.65209005841241e-01  1.02716279322474e+00  1.09140160515219e+00
  1.15783996904264e+00  1.22637253339142e+00  1.29687331228773e+00
  1.36919507247762e+00  1.44316888209823e+00  1.51860384119542e+00
  1.59528701585608e+00  1.67298359979307e+00  1.75143732924466e+00
  1.83037117843563e+00  1.90948836289988e+00  1.98847367585827e+00
  2.06699517809537e+00  2.14470625434687e+00  2.22124803888558e+00
  2.29625220105219e+00  2.36934406798478e+00  2.44014604853493e+00
  2.50828130902854e+00  2.57337764093299e+00  2.63507144978653e+00
  2.69301178908273e+00  2.74686435701738e+00  2.79631537348015e+00
  2.84107525489758e+00  2.88088200932595e+00  2.91550427965774e+00
  2.94474397247855e+00  2.96843842007008e+00  2.98646203560769e+00
  2.99872743481855e+00  3.00518601104358e+00  3.00582796460086e+00
  3.00068180062412e+00  2.98981332191439e+00  2.97332415433507e+00
  2.95134985228579e+00  2.92405763707508e+00  2.89164383003270e+00
  2.85433104072899e+00  2.81236517608676e+00  2.76601233208115e+00
  2.71555562869787e+00  2.66129204429395e+00  2.60352929974031e+00
  2.54258283706314e+00  2.47877293000939e+00  2.41242195713182e+00
  2.34385186094103e+00  2.27338180973524e+00  2.20132607324566e+00
  2.12799211566632e+00  2.05367890828577e+00  1.97867545553373e+00
  1.90325952915505e+00  1.82769660004690e+00  1.75223895680219e+00
  1.67712499912557e+00  1.60257869304954e+00  1.52880917566770e+00
  1.45601049680460e+00  1.38436148573473e+00  1.31402573166958e+00
  1.24515166711236e+00  1.17787274400533e+00  1.11230769284977e+00
  1.04856085559505e+00  9.86722583396984e-01  9.26869690787053e-01
  8.69065958027411e-01  8.13362674164617e-01  7.59799213372234e-01
  7.08403637980542e-01  6.59193321820086e-01  6.12175588385819e-01
  5.67348358202614e-01  5.24700800905969e-01  4.84213987220244e-01
  4.45861536924131e-01  4.09610258900802e-01  3.75420779870526e-01
  3.43248158777134e-01  3.13042484157097e-01  2.84749452312419e-01
  2.58310924489680e-01  2.33665461703167e-01  2.10748836249094e-01
  1.89494519257694e-01  1.69834143999218e-01  1.51697944842870e-01
  1.35015172019533e-01  1.19714482460310e-01  1.05724307102876e-01
  9.29731951264606e-02  8.13901356199225e-02  7.09048571857342e-02
  6.14481059956108e-02  5.29519027577203e-02  4.53497790351471e-02
  3.85769932792708e-02  3.25707269175509e-02  2.72702606841675e-02
  2.26171314211414e-02  1.85552694382335e-02  1.50311164865539e-02
  1.19937243698586e-02  9.39483417482713e-03  7.18893613861920e-03
  5.33331015378868e-03  3.78804702527008e-03  2.51605063859928e-03
  1.48302135741514e-03  6.57421102995699e-04  1.04207554951878e-05
 -4.84169284027241e-04 -8.49984321034654e-04 -1.10820511593360e-03
 -1.27767067486765e-03 -1.37500240793144e-03 -1.41473780841853e-03
 -1.40947167009404e-03 -1.37000276377246e-03 -1.30548384631544e-03
 -1.22357287878179e-03 -1.13058338567307e-03 -1.03163199465185e-03
 -9.30781350457867e-04 -8.31176793659462e-04 -7.35175424874620e-04
 -6.44466431443269e-04 -5.60181823092405e-04 -4.82996998948006e-04
 -4.13220837497602e-04 -3.50875256328594e-04 -2.95764420798722e-04
 -2.47533984338905e-04 -2.05720912962214e-04 -1.69794580359180e-04
 -1.39189916777266e-04 -1.13333455786997e-04 -9.16631503950014e-05
 -7.36428274933403e-05 -5.87721217442548e-05 -4.65926816776699e-05
 -3.66913771511679e-05 -2.87011633172724e-05 -2.23001764270285e-05
 -1.72095554442712e-05 -1.31904031520603e-05 -1.00402254942694e-05
 -7.58911725106942e-06 -5.69590168892717e-06 -4.24437586475987e-06
 -3.13976961192541e-06 -2.30548660522773e-06 -1.68016705789184e-06
 -1.21508728472360e-06 -8.71894104358518e-07 -6.20659513308413e-07
 -4.38232679878721e-07 -3.06861344168391e-07 -2.13052329461422e-07
 -1.46640495788196e-07 -1.00036432794944e-07 -6.76252007537993e-08
 -4.52908811137210e-08 -3.00446418248002e-08 -1.97367526897026e-08
 -1.28360682123618e-08 -8.26278968778020e-09 -5.26318414501881e-09
 -3.31649243519267e-09 -2.06682851360777e-09 -1.27346719193563e-09
 -7.75579992904004e-10 -4.66713154807178e-10 -2.77437446490709e-10
 -1.62851333956968e-10 -9.43622439860066e-11 -5.39590259232624e-11
 -3.04398933524012e-11 -1.69348369827064e-11 -9.28794458033208e-12
 -5.01991998883299e-12 -2.67267652078718e-12 -1.40119353810359e-12
 -7.23065165201128e-13 -3.67117814304914e-13 -1.83315361054277e-13
 -8.99849218286206e-14 -4.34035805221901e-14 -2.05621707062495e-14
 -9.56307614598512e-15 -4.36419624327550e-15 -1.95333514038118e-15
 -8.57030205187431e-16 -3.68417558125582e-16 -1.55090261696536e-16
 -6.38964711536986e-17 -2.57521814958400e-17 -1.01511658324437e-17
 -3.90990853008621e-18 -1.47068479009378e-18 -5.39934398521590e-19
 -1.93395244125559e-19 -6.75786703171334e-20 -2.30631549363004e-20
