    1     3     0     0     0    -0.008533
    1     2    -1     0     0    -0.008533
    1     1    -1     0     0    -0.003528
    1     1     0    -1     0    -0.003528
    1     1     0     1     0    -0.003528
    1     1     1     0     0    -0.003528
    1     3     1     0     0     0.003139
    1     3     0    -1     0     0.003139
    1     3     0     1     0     0.003139
    1     3    -1     0     0     0.003139
    1     2     0     0     0     0.003139
    1     2    -1    -1     0     0.003139
    1     2    -1     1     0     0.003139
    1     2    -2     0     0     0.003139
    1     1    -1    -1     0     0.001414
    1     1    -1     1     0     0.001414
    1     1     1    -1     0     0.001414
    1     1     1     1     0     0.001414
    1     3     1    -1     0    -0.000242
    1     3     1     1     0    -0.000242
    1     3    -1    -1     0    -0.000242
    1     3    -1     1     0    -0.000242
    1     2     0    -1     0    -0.000242
    1     2     0     1     0    -0.000242
    1     2    -2    -1     0    -0.000242
    1     2    -2     1     0    -0.000242
    1     2    -1     0    -1     0.001502
    1     3     0     0     1     0.001502
    1     1    -2     0     0    -0.000348
    1     1     0     2     0    -0.000348
    1     1     2     0     0    -0.000348
    1     1     0    -2     0    -0.000348
    1     2     0     0    -1     0.001059
    1     2    -1    -1    -1     0.001059
    1     2    -1     1    -1     0.001059
    1     2    -2     0    -1     0.001059
    1     3     1     0     1     0.001059
    1     3     0    -1     1     0.001059
    1     3     0     1     1     0.001059
    1     3    -1     0     1     0.001059
    1     3     2     0     0     0.001456
    1     3     0    -2     0     0.001456
    1     3     0     2     0     0.001456
    1     3    -2     0     0     0.001456
    1     2     1     0     0     0.001456
    1     2    -1    -2     0     0.001456
    1     2    -1     2     0     0.001456
    1     2    -3     0     0     0.001456
    1     1    -1     2     0     0.000318
    1     1    -2    -1     0     0.000318
    1     1    -2     1     0     0.000318
    1     1     1     2     0     0.000318
    1     1    -1    -2     0     0.000318
    1     1     2    -1     0     0.000318
    1     1     2     1     0     0.000318
    1     1     1    -2     0     0.000318
    1     2     0    -1    -1     0.000382
    1     2     0     1    -1     0.000382
    1     2    -2    -1    -1     0.000382
    1     2    -2     1    -1     0.000382
    1     3     1    -1     1     0.000382
    1     3     1     1     1     0.000382
    1     3    -1    -1     1     0.000382
    1     3    -1     1     1     0.000382
    1     3     2    -1     0     0.000283
    1     3     2     1     0     0.000283
    1     3     1    -2     0     0.000283
    1     3     1     2     0     0.000283
    1     3    -1    -2     0     0.000283
    1     3    -1     2     0     0.000283
    1     3    -2    -1     0     0.000283
    1     3    -2     1     0     0.000283
    1     2     1    -1     0     0.000283
    1     2     1     1     0     0.000283
    1     2     0    -2     0     0.000283
    1     2     0     2     0     0.000283
    1     2    -2    -2     0     0.000283
    1     2    -2     2     0     0.000283
    1     2    -3    -1     0     0.000283
    1     2    -3     1     0     0.000283
    1     2     1     0    -1    -0.000880
    1     2    -1    -2    -1    -0.000880
    1     2    -1     2    -1    -0.000880
    1     2    -3     0    -1    -0.000880
    1     3     2     0     1    -0.000880
    1     3     0    -2     1    -0.000880
    1     3     0     2     1    -0.000880
    1     3    -2     0     1    -0.000880
    1     1    -2     2     0     0.000373
    1     1    -2    -2     0     0.000373
    1     1     2     2     0     0.000373
    1     1     2    -2     0     0.000373
    1     1     0     0    -1     0.000068
    1     1     0     0     1     0.000068
    1     2     1    -1    -1     0.000358
    1     2     1     1    -1     0.000358
    1     2     0    -2    -1     0.000358
    1     2     0     2    -1     0.000358
    1     2    -2    -2    -1     0.000358
    1     2    -2     2    -1     0.000358
    1     2    -3    -1    -1     0.000358
    1     2    -3     1    -1     0.000358
    1     3     2    -1     1     0.000358
    1     3     2     1     1     0.000358
    1     3     1    -2     1     0.000358
    1     3     1     2     1     0.000358
    1     3    -1    -2     1     0.000358
    1     3    -1     2     1     0.000358
    1     3    -2    -1     1     0.000358
    1     3    -2     1     1     0.000358
    1     3     2    -2     0    -0.000048
    1     3     2     2     0    -0.000048
    1     3    -2    -2     0    -0.000048
    1     3    -2     2     0    -0.000048
    1     2     1    -2     0    -0.000048
    1     2     1     2     0    -0.000048
    1     2    -3    -2     0    -0.000048
    1     2    -3     2     0    -0.000048
    1     1    -3     0     0     0.000028
    1     1     0    -3     0     0.000028
    1     1     0     3     0     0.000028
    1     1     3     0     0     0.000028
    1     6     0     0     0     0.063661
    1     6     0     1     0     0.063661
    1     4     0     0     0     0.063671
    1     4     0     1     0     0.063671
    1     7     0     0     0     0.063660
    1     7    -1     0     0     0.063660
    1     6     1     0     0     0.001986
    1     6     1     1     0     0.001986
    1     6    -1     0     0     0.001986
    1     6    -1     1     0     0.001986
    1     4     1     0     0     0.001989
    1     4     1     1     0     0.001989
    1     4    -1     0     0     0.001989
    1     4    -1     1     0     0.001989
    1     7     0     1     0     0.001989
    1     7     0    -1     0     0.001989
    1     7    -1     1     0     0.001989
    1     7    -1    -1     0     0.001989
    1     5     0     0    -1     0.002757
    1     5     0     1    -1     0.002757
    1     5     0     0     0     0.002756
    1     5     0     1     0     0.002756
    1     6     0    -1     0     0.001608
    1     6     0     2     0     0.001608
    1     4     0    -1     0     0.001609
    1     4     0     2     0     0.001609
    1     7     1     0     0     0.001608
    1     7    -2     0     0     0.001608
    1     5     1     0    -1     0.001772
    1     5     1     1    -1     0.001772
    1     5    -1     0    -1     0.001772
    1     5    -1     1    -1     0.001772
    1     5     1     0     0     0.001774
    1     5     1     1     0     0.001774
    1     5    -1     0     0     0.001774
    1     5    -1     1     0     0.001774
    1     6     1    -1     0     0.000207
    1     6     1     2     0     0.000207
    1     6    -1    -1     0     0.000207
    1     6    -1     2     0     0.000207
    1     4     1    -1     0     0.000208
    1     4     1     2     0     0.000208
    1     4    -1    -1     0     0.000208
    1     4    -1     2     0     0.000208
    1     7     1     1     0     0.000208
    1     7     1    -1     0     0.000208
    1     7    -2     1     0     0.000208
    1     7    -2    -1     0     0.000208
    1     5     0    -1    -1    -0.002451
    1     5     0     2    -1    -0.002451
    1     5     0    -1     0    -0.002451
    1     5     0     2     0    -0.002451
    1     6     2     0     0     0.000591
    1     6     2     1     0     0.000591
    1     6    -2     0     0     0.000591
    1     6    -2     1     0     0.000591
    1     4     2     0     0     0.000591
    1     4     2     1     0     0.000591
    1     4    -2     0     0     0.000591
    1     4    -2     1     0     0.000591
    1     7     0     2     0     0.000591
    1     7     0    -2     0     0.000591
    1     7    -1     2     0     0.000591
    1     7    -1    -2     0     0.000591
    1     5     1    -1    -1     0.000556
    1     5     1     2    -1     0.000556
    1     5    -1    -1    -1     0.000556
    1     5    -1     2    -1     0.000556
    1     5     1    -1     0     0.000556
    1     5     1     2     0     0.000556
    1     5    -1    -1     0     0.000556
    1     5    -1     2     0     0.000556
    1     7     0     0    -1     0.000172
    1     7    -1     0    -1     0.000172
    1     4     0     0    -1     0.000172
    1     4     0     1    -1     0.000172
    1     6     0     0     1     0.000172
    1     6     0     1     1     0.000172
    1     5     2     0    -1     0.000035
    1     5     2     1    -1     0.000035
    1     5    -2     0    -1     0.000035
    1     5    -2     1    -1     0.000035
    1     5     2     0     0     0.000035
    1     5     2     1     0     0.000035
    1     5    -2     0     0     0.000035
    1     5    -2     1     0     0.000035
    1     6     2    -1     0     0.000297
    1     6     2     2     0     0.000297
    1     6     0    -2     0    -0.000166
    1     6     0     3     0    -0.000166
    1     6    -2    -1     0     0.000297
    1     6    -2     2     0     0.000297
    1     4     2    -1     0     0.000297
    1     4     2     2     0     0.000297
    1     4     0    -2     0    -0.000165
    1     4     0     3     0    -0.000165
    1     4    -2    -1     0     0.000297
    1     4    -2     2     0     0.000297
    1     7     2     0     0    -0.000165
    1     7     1     2     0     0.000297
    1     7     1    -2     0     0.000297
    1     7    -2     2     0     0.000297
    1     7    -2    -2     0     0.000297
    1     7    -3     0     0    -0.000165
    1     7     0     1    -1     0.000087
    1     7     0    -1    -1     0.000087
    1     7    -1     1    -1     0.000087
    1     7    -1    -1    -1     0.000087
    1     4     1     0    -1     0.000087
    1     4     1     1    -1     0.000087
    1     4    -1     0    -1     0.000087
    1     4    -1     1    -1     0.000087
    1     6     1     0     1     0.000087
    1     6     1     1     1     0.000087
    1     6    -1     0     1     0.000087
    1     6    -1     1     1     0.000087
    1     6     1    -2     0     0.000204
    1     6     1     3     0     0.000204
    1     6    -1    -2     0     0.000204
    1     6    -1     3     0     0.000204
    1     4     1    -2     0     0.000204
    1     4     1     3     0     0.000204
    1     4    -1    -2     0     0.000204
    1     4    -1     3     0     0.000204
    1     7     2     1     0     0.000204
    1     7     2    -1     0     0.000204
    1     7    -3     1     0     0.000204
    1     7    -3    -1     0     0.000204
    1     7     1     0    -1     0.000276
    1     7    -2     0    -1     0.000276
    1     4     0    -1    -1     0.000277
    1     4     0     2    -1     0.000277
    1     6     0    -1     1     0.000276
    1     6     0     2     1     0.000276
    1     5     2    -1    -1    -0.000289
    1     5     2     2    -1    -0.000289
    1     5     0    -2    -1     0.000280
    1     5     0     3    -1     0.000280
    1     5    -2    -1    -1    -0.000289
    1     5    -2     2    -1    -0.000289
    1     5     2    -1     0    -0.000289
    1     5     2     2     0    -0.000289
    1     5     0    -2     0     0.000280
    1     5     0     3     0     0.000280
    1     5    -2    -1     0    -0.000289
    1     5    -2     2     0    -0.000289
    1     9     0     0     0     0.063651
    1     9    -1     0     0     0.063651
    1    11     0     0     0     0.032950
    1    11     0     1     0     0.032950
    1    11    -1     0     0     0.032950
    1    11    -1     1     0     0.032950
    1    10     0     0     0     0.032929
    1    10     0     1     0     0.032929
    1    10    -1     0     0     0.032929
    1    10    -1     1     0     0.032929
    1     9     0    -1     0     0.001985
    1     9     0     1     0     0.001985
    1     9    -1    -1     0     0.001985
    1     9    -1     1     0     0.001985
    1     8     0     0     0     0.002756
    1     8    -1     0     0     0.002756
    1     8     0     0     1     0.002755
    1     8    -1     0     1     0.002755
    1     9     1     0     0     0.001607
    1     9    -2     0     0     0.001607
    1     8     0    -1     0     0.001773
    1     8     0     1     0     0.001773
    1     8    -1    -1     0     0.001773
    1     8    -1     1     0     0.001773
    1     8     0    -1     1     0.001771
    1     8     0     1     1     0.001771
    1     8    -1    -1     1     0.001771
    1     8    -1     1     1     0.001771
    1    11     1     0     0    -0.001540
    1    11     1     1     0    -0.001540
    1    11     0    -1     0    -0.001540
    1    11     0     2     0    -0.001540
    1    11    -1    -1     0    -0.001540
    1    11    -1     2     0    -0.001540
    1    11    -2     0     0    -0.001540
    1    11    -2     1     0    -0.001540
    1    10     1     0     0    -0.001542
    1    10     1     1     0    -0.001542
    1    10     0    -1     0    -0.001541
    1    10     0     2     0    -0.001541
    1    10    -1    -1     0    -0.001541
    1    10    -1     2     0    -0.001541
    1    10    -2     0     0    -0.001542
    1    10    -2     1     0    -0.001542
    1     9     1    -1     0     0.000207
    1     9     1     1     0     0.000207
    1     9    -2    -1     0     0.000207
    1     9    -2     1     0     0.000207
    1    10     0     0    -1     0.002359
    1    10     0     1    -1     0.002359
    1    10    -1     0    -1     0.002359
    1    10    -1     1    -1     0.002359
    1    11     0     0     1     0.002361
    1    11     0     1     1     0.002361
    1    11    -1     0     1     0.002361
    1    11    -1     1     1     0.002361
    1     8     1     0     0    -0.002450
    1     8    -2     0     0    -0.002450
    1     8     1     0     1    -0.002450
    1     8    -2     0     1    -0.002450
    1     9     0     2     0     0.000590
    1     9     0    -2     0     0.000590
    1     9    -1     2     0     0.000590
    1     9    -1    -2     0     0.000590
    1     8     1    -1     0     0.000555
    1     8     1     1     0     0.000555
    1     8    -2    -1     0     0.000555
    1     8    -2     1     0     0.000555
    1     8     1    -1     1     0.000555
    1     8     1     1     1     0.000555
    1     8    -2    -1     1     0.000555
    1     8    -2     1     1     0.000555
    1    11     1    -1     0     0.000084
    1    11     1     2     0     0.000084
    1    11    -2    -1     0     0.000084
    1    11    -2     2     0     0.000084
    1    10     1    -1     0     0.000083
    1    10     1     2     0     0.000083
    1    10    -2    -1     0     0.000083
    1    10    -2     2     0     0.000083
    1     9     0     0     1     0.000172
    1     9    -1     0     1     0.000172
    1    10     1     0    -1    -0.001850
    1    10     1     1    -1    -0.001850
    1    10     0    -1    -1    -0.001850
    1    10     0     2    -1    -0.001850
    1    10    -1    -1    -1    -0.001850
    1    10    -1     2    -1    -0.001850
    1    10    -2     0    -1    -0.001850
    1    10    -2     1    -1    -0.001850
    1    11     1     0     1    -0.001849
    1    11     1     1     1    -0.001849
    1    11     0    -1     1    -0.001851
    1    11     0     2     1    -0.001851
    1    11    -1    -1     1    -0.001851
    1    11    -1     2     1    -0.001851
    1    11    -2     0     1    -0.001849
    1    11    -2     1     1    -0.001849
    1     8     0    -2     0     0.000035
    1     8     0     2     0     0.000035
    1     8    -1    -2     0     0.000035
    1     8    -1     2     0     0.000035
    1     8     0    -2     1     0.000034
    1     8     0     2     1     0.000034
    1     8    -1    -2     1     0.000034
    1     8    -1     2     1     0.000034
    1     9     2     0     0    -0.000165
    1     9     1     2     0     0.000297
    1     9     1    -2     0     0.000297
    1     9    -2     2     0     0.000297
    1     9    -2    -2     0     0.000297
    1     9    -3     0     0    -0.000165
    1     9     0    -1     1     0.000087
    1     9     0     1     1     0.000087
    1     9    -1    -1     1     0.000087
    1     9    -1     1     1     0.000087
    1    11     2     0     0     0.000508
    1    11     2     1     0     0.000508
    1    11     0    -2     0     0.000508
    1    11     0     3     0     0.000508
    1    11    -1    -2     0     0.000508
    1    11    -1     3     0     0.000508
    1    11    -3     0     0     0.000508
    1    11    -3     1     0     0.000508
    1    10     2     0     0     0.000508
    1    10     2     1     0     0.000508
    1    10     0    -2     0     0.000508
    1    10     0     3     0     0.000508
    1    10    -1    -2     0     0.000508
    1    10    -1     3     0     0.000508
    1    10    -3     0     0     0.000508
    1    10    -3     1     0     0.000508
    1     9     2    -1     0     0.000204
    1     9     2     1     0     0.000204
    1     9    -3    -1     0     0.000204
    1     9    -3     1     0     0.000204
    1     9     1     0     1     0.000276
    1     9    -2     0     1     0.000276
    1    10     1    -1    -1     0.001099
    1    10     1     2    -1     0.001099
    1    10    -2    -1    -1     0.001099
    1    10    -2     2    -1     0.001099
    1    11     1    -1     1     0.001099
    1    11     1     2     1     0.001099
    1    11    -2    -1     1     0.001099
    1    11    -2     2     1     0.001099
    1     8     2     0     0     0.000280
    1     8     1    -2     0    -0.000288
    1     8     1     2     0    -0.000288
    1     8    -2    -2     0    -0.000288
    1     8    -2     2     0    -0.000288
    1     8    -3     0     0     0.000280
    1     8     2     0     1     0.000280
    1     8     1    -2     1    -0.000288
    1     8     1     2     1    -0.000288
    1     8    -2    -2     1    -0.000288
    1     8    -2     2     1    -0.000288
    1     8    -3     0     1     0.000280
    2     3     1     0     1    -0.000384
    2     1     1     0     0    -0.008533
    2     2     1     0     0     0.001329
    2     2    -1     0     0     0.001329
    2     2     0    -1     0     0.001329
    2     2     0     1     0     0.001329
    2     3     0     0     1     0.005484
    2     3     1    -1     1     0.005484
    2     3     1     1     1     0.005484
    2     3     2     0     1     0.005484
    2     1     0     0     0     0.003139
    2     1     1     1     0     0.003139
    2     1     1    -1     0     0.003139
    2     1     2     0     0     0.003139
    2     2    -1    -1     0     0.003293
    2     2     1    -1     0     0.003293
    2     2     1     1     0     0.003293
    2     2    -1     1     0     0.003293
    2     3     0    -1     1    -0.000032
    2     3     0     1     1    -0.000032
    2     3     2    -1     1    -0.000032
    2     3     2     1     1    -0.000032
    2     1     0     1     0    -0.000242
    2     1     0    -1     0    -0.000242
    2     1     2     1     0    -0.000242
    2     1     2    -1     0    -0.000242
    2     1     1     0     1     0.001502
    2     3     1     0     0    -0.000734
    2     2    -2     0     0    -0.000016
    2     2     0    -2     0    -0.000016
    2     2     0     2     0    -0.000016
    2     2     2     0     0    -0.000016
    2     1     0     0     1     0.001059
    2     1     1     1     1     0.001059
    2     1     1    -1     1     0.001059
    2     1     2     0     1     0.001059
    2     3    -1     0     1     0.002077
    2     3     1    -2     1     0.002077
    2     3     1     2     1     0.002077
    2     3     3     0     1     0.002077
    2     3     0     0     0     0.001323
    2     3     1    -1     0     0.001323
    2     3     1     1     0     0.001323
    2     3     2     0     0     0.001323
    2     1    -1     0     0     0.001456
    2     1     1     2     0     0.001456
    2     1     1    -2     0     0.001456
    2     1     3     0     0     0.001456
    2     2     1    -2     0     0.000728
    2     2     1     2     0     0.000728
    2     2    -2    -1     0     0.000728
    2     2    -2     1     0     0.000728
    2     2    -1    -2     0     0.000728
    2     2    -1     2     0     0.000728
    2     2     2    -1     0     0.000728
    2     2     2     1     0     0.000728
    2     1     0     1     1     0.000382
    2     1     0    -1     1     0.000382
    2     1     2     1     1     0.000382
    2     1     2    -1     1     0.000382
    2     3    -1    -1     1     0.000223
    2     3    -1     1     1     0.000223
    2     3     0    -2     1     0.000223
    2     3     0     2     1     0.000223
    2     3     2    -2     1     0.000223
    2     3     2     2     1     0.000223
    2     3     3    -1     1     0.000223
    2     3     3     1     1     0.000223
    2     3     0    -1     0    -0.000831
    2     3     0     1     0    -0.000831
    2     3     2    -1     0    -0.000831
    2     3     2     1     0    -0.000831
    2     1    -1     1     0     0.000283
    2     1    -1    -1     0     0.000283
    2     1     0     2     0     0.000283
    2     1     0    -2     0     0.000283
    2     1     2     2     0     0.000283
    2     1     2    -2     0     0.000283
    2     1     3     1     0     0.000283
    2     1     3    -1     0     0.000283
    2     1    -1     0     1    -0.000880
    2     1     1     2     1    -0.000880
    2     1     1    -2     1    -0.000880
    2     1     3     0     1    -0.000880
    2     3    -1     0     0    -0.004587
    2     3     1    -2     0    -0.004587
    2     3     1     2     0    -0.004587
    2     3     3     0     0    -0.004587
    2     2    -2    -2     0     0.003262
    2     2    -2     2     0     0.003262
    2     2     2    -2     0     0.003262
    2     2     2     2     0     0.003262
    2     2     0     0    -1    -0.000021
    2     2     0     0     1    -0.000021
    2     1    -1     1     1     0.000358
    2     1    -1    -1     1     0.000358
    2     1     0     2     1     0.000358
    2     1     0    -2     1     0.000358
    2     1     2     2     1     0.000358
    2     1     2    -2     1     0.000358
    2     1     3     1     1     0.000358
    2     1     3    -1     1     0.000358
    2     3    -1    -2     1     0.000110
    2     3    -1     2     1     0.000110
    2     3     3    -2     1     0.000110
    2     3     3     2     1     0.000110
    2     3    -1    -1     0     0.000409
    2     3    -1     1     0     0.000409
    2     3     0    -2     0     0.000409
    2     3     0     2     0     0.000409
    2     3     2    -2     0     0.000409
    2     3     2     2     0     0.000409
    2     3     3    -1     0     0.000409
    2     3     3     1     0     0.000409
    2     1    -1     2     0    -0.000048
    2     1    -1    -2     0    -0.000048
    2     1     3     2     0    -0.000048
    2     1     3    -2     0    -0.000048
    2     2    -3     0     0     0.000060
    2     2     0    -3     0     0.000060
    2     2     0     3     0     0.000060
    2     2     3     0     0     0.000060
    2     7     1     0     0     0.073500
    2     7     0     0     0     0.073500
    2     4     1     0     0     0.073499
    2     4     1     1     0     0.073499
    2     5     1     0     0     0.101043
    2     5     1     1     0     0.101043
    2     7     1     1     0     0.018137
    2     7     1    -1     0     0.018137
    2     7     0     1     0     0.018137
    2     7     0    -1     0     0.018137
    2     4     0     0     0     0.018135
    2     4     0     1     0     0.018135
    2     4     2     0     0     0.018135
    2     4     2     1     0     0.018135
    2     5     0     0     0     0.012805
    2     5     0     1     0     0.012805
    2     5     2     0     0     0.012805
    2     5     2     1     0     0.012805
    2     6     1     0     1     0.003793
    2     6     1     1     1     0.003793
    2     7     2     0     0     0.005443
    2     7    -1     0     0     0.005443
    2     4     1    -1     0     0.005446
    2     4     1     2     0     0.005446
    2     5     1    -1     0     0.003029
    2     5     1     2     0     0.003029
    2     6     1     0     0     0.001514
    2     6     1     1     0     0.001514
    2     6     0     0     1     0.002363
    2     6     0     1     1     0.002363
    2     6     2     0     1     0.002363
    2     6     2     1     1     0.002363
    2     7     2     1     0     0.003411
    2     7     2    -1     0     0.003411
    2     7    -1     1     0     0.003411
    2     7    -1    -1     0     0.003411
    2     4     0    -1     0     0.003409
    2     4     0     2     0     0.003409
    2     4     2    -1     0     0.003409
    2     4     2     2     0     0.003409
    2     5     0    -1     0     0.002863
    2     5     0     2     0     0.002863
    2     5     2    -1     0     0.002863
    2     5     2     2     0     0.002863
    2     6     0     0     0     0.001155
    2     6     0     1     0     0.001155
    2     6     2     0     0     0.001155
    2     6     2     1     0     0.001155
    2     6     1    -1     1    -0.001813
    2     6     1     2     1    -0.001813
    2     7     1     2     0     0.000199
    2     7     1    -2     0     0.000199
    2     7     0     2     0     0.000199
    2     7     0    -2     0     0.000199
    2     4    -1     0     0     0.000199
    2     4    -1     1     0     0.000199
    2     4     3     0     0     0.000199
    2     4     3     1     0     0.000199
    2     5    -1     0     0     0.000173
    2     5    -1     1     0     0.000173
    2     5     3     0     0     0.000173
    2     5     3     1     0     0.000173
    2     6     1    -1     0    -0.006023
    2     6     1     2     0    -0.006023
    2     6     0    -1     1     0.000625
    2     6     0     2     1     0.000625
    2     6     2    -1     1     0.000625
    2     6     2     2     1     0.000625
    2     6     0    -1     0     0.000179
    2     6     0     2     0     0.000179
    2     6     2    -1     0     0.000179
    2     6     2     2     0     0.000179
    2     6    -1     0     1    -0.000031
    2     6    -1     1     1    -0.000031
    2     6     3     0     1    -0.000031
    2     6     3     1     1    -0.000031
    2     5     1     0    -1     0.000154
    2     5     1     1    -1     0.000154
    2     4     1     0     1     0.000222
    2     4     1     1     1     0.000222
    2     7     1     0     1     0.000222
    2     7     0     0     1     0.000222
    2     7     3     0     0     0.000120
    2     7     2     2     0    -0.000409
    2     7     2    -2     0    -0.000409
    2     7    -1     2     0    -0.000409
    2     7    -1    -2     0    -0.000409
    2     7    -2     0     0     0.000120
    2     4    -1    -1     0    -0.000409
    2     4    -1     2     0    -0.000409
    2     4     1    -2     0     0.000120
    2     4     1     3     0     0.000120
    2     4     3    -1     0    -0.000409
    2     4     3     2     0    -0.000409
    2     5    -1    -1     0     0.000158
    2     5    -1     2     0     0.000158
    2     5     1    -2     0     0.000143
    2     5     1     3     0     0.000143
    2     5     3    -1     0     0.000158
    2     5     3     2     0     0.000158
    2     6    -1     0     0     0.000595
    2     6    -1     1     0     0.000595
    2     6     3     0     0     0.000595
    2     6     3     1     0     0.000595
    2     5     0     0    -1     0.000069
    2     5     0     1    -1     0.000069
    2     5     2     0    -1     0.000069
    2     5     2     1    -1     0.000069
    2     4     0     0     1     0.000127
    2     4     0     1     1     0.000127
    2     4     2     0     1     0.000127
    2     4     2     1     1     0.000127
    2     7     1     1     1     0.000127
    2     7     1    -1     1     0.000127
    2     7     0     1     1     0.000127
    2     7     0    -1     1     0.000127
    2     7     3     1     0    -0.000029
    2     7     3    -1     0    -0.000029
    2     7    -2     1     0    -0.000029
    2     7    -2    -1     0    -0.000029
    2     4     0    -2     0    -0.000029
    2     4     0     3     0    -0.000029
    2     4     2    -2     0    -0.000029
    2     4     2     3     0    -0.000029
    2     5     0    -2     0     0.000035
    2     5     0     3     0     0.000035
    2     5     2    -2     0     0.000035
    2     5     2     3     0     0.000035
    2     6    -1    -1     1    -0.000524
    2     6    -1     2     1    -0.000524
    2     6     1    -2     1     0.000233
    2     6     1     3     1     0.000233
    2     6     3    -1     1    -0.000524
    2     6     3     2     1    -0.000524
    2     5     1    -1    -1     0.000636
    2     5     1     2    -1     0.000636
    2     4     1    -1     1     0.000597
    2     4     1     2     1     0.000597
    2     7     2     0     1     0.000597
    2     7    -1     0     1     0.000597
    2     6    -1    -1     0    -0.000031
    2     6    -1     2     0    -0.000031
    2     6     1    -2     0     0.000689
    2     6     1     3     0     0.000689
    2     6     3    -1     0    -0.000031
    2     6     3     2     0    -0.000031
    2     8     1     0     1     0.101018
    2     8     0     0     1     0.101018
    2    10     0     1     0     0.553743
    2    10     0     0     0     0.553743
    2    10     1     1     0     0.553743
    2    10     1     0     0     0.553743
    2    11     0     0     1     0.073541
    2    11     0     1     1     0.073541
    2    11     1     0     1     0.073541
    2    11     1     1     1     0.073541
    2     8     1    -1     1     0.012828
    2     8     1     1     1     0.012828
    2     8     0    -1     1     0.012828
    2     8     0     1     1     0.012828
    2     9     1     0     1     0.003791
    2     9     0     0     1     0.003791
    2     8     2     0     1     0.003027
    2     8    -1     0     1     0.003027
    2    10    -1     1     0     0.013189
    2    10    -1     0     0     0.013189
    2    10     0     2     0     0.013191
    2    10     0    -1     0     0.013191
    2    10     1     2     0     0.013191
    2    10     1    -1     0     0.013191
    2    10     2     1     0     0.013189
    2    10     2     0     0     0.013189
    2     9     1     0     0     0.001512
    2     9     0     0     0     0.001512
    2     9     1     1     1     0.002364
    2     9     1    -1     1     0.002364
    2     9     0     1     1     0.002364
    2     9     0    -1     1     0.002364
    2    11    -1     0     1    -0.003688
    2    11    -1     1     1    -0.003688
    2    11     0    -1     1    -0.003706
    2    11     0     2     1    -0.003706
    2    11     1    -1     1    -0.003706
    2    11     1     2     1    -0.003706
    2    11     2     0     1    -0.003688
    2    11     2     1     1    -0.003688
    2     8     2    -1     1     0.002867
    2     8     2     1     1     0.002867
    2     8    -1    -1     1     0.002867
    2     8    -1     1     1     0.002867
    2     9     1     1     0     0.001153
    2     9     1    -1     0     0.001153
    2     9     0     1     0     0.001153
    2     9     0    -1     0     0.001153
    2     9     2     0     1    -0.001812
    2     9    -1     0     1    -0.001812
    2    11     0     0     0     0.001482
    2    11     0     1     0     0.001482
    2    11     1     0     0     0.001482
    2    11     1     1     0     0.001482
    2     8     1    -2     1     0.000172
    2     8     1     2     1     0.000172
    2     8     0    -2     1     0.000172
    2     8     0     2     1     0.000172
    2    10    -1     2     0     0.012217
    2    10    -1    -1     0     0.012217
    2    10     2     2     0     0.012217
    2    10     2    -1     0     0.012217
    2     9     2     0     0    -0.006019
    2     9    -1     0     0    -0.006019
    2     9     2     1     1     0.000624
    2     9     2    -1     1     0.000624
    2     9    -1     1     1     0.000624
    2     9    -1    -1     1     0.000624
    2    11    -1    -1     1     0.001899
    2    11    -1     2     1     0.001899
    2    11     2    -1     1     0.001899
    2    11     2     2     1     0.001899
    2     9     2     1     0     0.000178
    2     9     2    -1     0     0.000178
    2     9    -1     1     0     0.000178
    2     9    -1    -1     0     0.000178
    2     9     1     2     1    -0.000032
    2     9     1    -2     1    -0.000032
    2     9     0     2     1    -0.000032
    2     9     0    -2     1    -0.000032
    2     8     1     0     0     0.000154
    2     8     0     0     0     0.000154
    2    11    -1     0     0    -0.001212
    2    11    -1     1     0    -0.001212
    2    11     0    -1     0    -0.001207
    2    11     0     2     0    -0.001207
    2    11     1    -1     0    -0.001207
    2    11     1     2     0    -0.001207
    2    11     2     0     0    -0.001212
    2    11     2     1     0    -0.001212
    2     8     3     0     1     0.000143
    2     8     2    -2     1     0.000157
    2     8     2     2     1     0.000157
    2     8    -1    -2     1     0.000157
    2     8    -1     2     1     0.000157
    2     8    -2     0     1     0.000143
    2    10    -2     1     0     0.000630
    2    10    -2     0     0     0.000630
    2    10     0     3     0     0.000631
    2    10     0    -2     0     0.000631
    2    10     1     3     0     0.000631
    2    10     1    -2     0     0.000631
    2    10     3     0     0     0.000630
    2    10     3     1     0     0.000630
    2     9     1     2     0     0.000594
    2     9     1    -2     0     0.000594
    2     9     0     2     0     0.000594
    2     9     0    -2     0     0.000594
    2     8     1    -1     0     0.000068
    2     8     1     1     0     0.000068
    2     8     0    -1     0     0.000068
    2     8     0     1     0     0.000068
    2    11    -2     0     1     0.001091
    2    11    -2     1     1     0.001091
    2    11     0    -2     1     0.001091
    2    11     0     3     1     0.001091
    2    11     1    -2     1     0.001091
    2    11     1     3     1     0.001091
    2    11     3     0     1     0.001091
    2    11     3     1     1     0.001091
    2     8     3    -1     1     0.000035
    2     8     3     1     1     0.000035
    2     8    -2    -1     1     0.000035
    2     8    -2     1     1     0.000035
    2     9     3     0     1     0.000232
    2     9     2     2     1    -0.000523
    2     9     2    -2     1    -0.000523
    2     9    -1     2     1    -0.000523
    2     9    -1    -2     1    -0.000523
    2     9    -2     0     1     0.000232
    2     8     2     0     0     0.000635
    2     8    -1     0     0     0.000635
    2    11    -1    -1     0    -0.000312
    2    11    -1     2     0    -0.000312
    2    11     2    -1     0    -0.000312
    2    11     2     2     0    -0.000312
    2    10    -2     2     0    -0.000333
    2    10    -2    -1     0    -0.000333
    2    10    -1     3     0    -0.000332
    2    10    -1    -2     0    -0.000332
    2    10     2     3     0    -0.000332
    2    10     2    -2     0    -0.000332
    2    10     3     2     0    -0.000333
    2    10     3    -1     0    -0.000333
    2     9     3     0     0     0.000688
    2     9     2     2     0    -0.000031
    2     9     2    -2     0    -0.000031
    2     9    -1     2     0    -0.000031
    2     9    -1    -2     0    -0.000031
    2     9    -2     0     0     0.000688
    3     2    -1     0    -1    -0.000384
    3     1     0     0     0    -0.008533
    3     3     0    -1     0     0.001329
    3     3     1     0     0     0.001329
    3     3    -1     0     0     0.001329
    3     3     0     1     0     0.001329
    3     2     0     0    -1     0.005484
    3     2    -1    -1    -1     0.005484
    3     2    -1     1    -1     0.005484
    3     2    -2     0    -1     0.005484
    3     1    -1     0     0     0.003139
    3     1     0     1     0     0.003139
    3     1     0    -1     0     0.003139
    3     1     1     0     0     0.003139
    3     3     1    -1     0     0.003293
    3     3    -1    -1     0     0.003293
    3     3    -1     1     0     0.003293
    3     3     1     1     0     0.003293
    3     2     0    -1    -1    -0.000032
    3     2     0     1    -1    -0.000032
    3     2    -2    -1    -1    -0.000032
    3     2    -2     1    -1    -0.000032
    3     1    -1     1     0    -0.000242
    3     1    -1    -1     0    -0.000242
    3     1     1     1     0    -0.000242
    3     1     1    -1     0    -0.000242
    3     1     0     0    -1     0.001502
    3     2    -1     0     0    -0.000734
    3     3    -2     0     0    -0.000016
    3     3     0    -2     0    -0.000016
    3     3     0     2     0    -0.000016
    3     3     2     0     0    -0.000016
    3     1    -1     0    -1     0.001059
    3     1     0     1    -1     0.001059
    3     1     0    -1    -1     0.001059
    3     1     1     0    -1     0.001059
    3     2     1     0    -1     0.002077
    3     2    -1    -2    -1     0.002077
    3     2    -1     2    -1     0.002077
    3     2    -3     0    -1     0.002077
    3     2     0     0     0     0.001323
    3     2    -1    -1     0     0.001323
    3     2    -1     1     0     0.001323
    3     2    -2     0     0     0.001323
    3     1    -2     0     0     0.001456
    3     1     0     2     0     0.001456
    3     1     0    -2     0     0.001456
    3     1     2     0     0     0.001456
    3     3    -2    -1     0     0.000728
    3     3    -2     1     0     0.000728
    3     3    -1    -2     0     0.000728
    3     3    -1     2     0     0.000728
    3     3     1    -2     0     0.000728
    3     3     1     2     0     0.000728
    3     3     2    -1     0     0.000728
    3     3     2     1     0     0.000728
    3     1    -1     1    -1     0.000382
    3     1    -1    -1    -1     0.000382
    3     1     1     1    -1     0.000382
    3     1     1    -1    -1     0.000382
    3     2     1    -1    -1     0.000223
    3     2     1     1    -1     0.000223
    3     2     0    -2    -1     0.000223
    3     2     0     2    -1     0.000223
    3     2    -2    -2    -1     0.000223
    3     2    -2     2    -1     0.000223
    3     2    -3    -1    -1     0.000223
    3     2    -3     1    -1     0.000223
    3     2     0    -1     0    -0.000831
    3     2     0     1     0    -0.000831
    3     2    -2    -1     0    -0.000831
    3     2    -2     1     0    -0.000831
    3     1    -2     1     0     0.000283
    3     1    -2    -1     0     0.000283
    3     1    -1     2     0     0.000283
    3     1    -1    -2     0     0.000283
    3     1     1     2     0     0.000283
    3     1     1    -2     0     0.000283
    3     1     2     1     0     0.000283
    3     1     2    -1     0     0.000283
    3     1    -2     0    -1    -0.000880
    3     1     0     2    -1    -0.000880
    3     1     0    -2    -1    -0.000880
    3     1     2     0    -1    -0.000880
    3     2     1     0     0    -0.004587
    3     2    -1    -2     0    -0.004587
    3     2    -1     2     0    -0.004587
    3     2    -3     0     0    -0.004587
    3     3    -2    -2     0     0.003262
    3     3    -2     2     0     0.003262
    3     3     2    -2     0     0.003262
    3     3     2     2     0     0.003262
    3     3     0     0    -1    -0.000021
    3     3     0     0     1    -0.000021
    3     1    -2     1    -1     0.000358
    3     1    -2    -1    -1     0.000358
    3     1    -1     2    -1     0.000358
    3     1    -1    -2    -1     0.000358
    3     1     1     2    -1     0.000358
    3     1     1    -2    -1     0.000358
    3     1     2     1    -1     0.000358
    3     1     2    -1    -1     0.000358
    3     2     1    -2    -1     0.000110
    3     2     1     2    -1     0.000110
    3     2    -3    -2    -1     0.000110
    3     2    -3     2    -1     0.000110
    3     2     1    -1     0     0.000409
    3     2     1     1     0     0.000409
    3     2     0    -2     0     0.000409
    3     2     0     2     0     0.000409
    3     2    -2    -2     0     0.000409
    3     2    -2     2     0     0.000409
    3     2    -3    -1     0     0.000409
    3     2    -3     1     0     0.000409
    3     1    -2     2     0    -0.000048
    3     1    -2    -2     0    -0.000048
    3     1     2     2     0    -0.000048
    3     1     2    -2     0    -0.000048
    3     3    -3     0     0     0.000060
    3     3     0    -3     0     0.000060
    3     3     0     3     0     0.000060
    3     3     3     0     0     0.000060
    3     6     0     0     0     0.073458
    3     6     0     1     0     0.073458
    3     5     0     0    -1     0.101025
    3     5     0     1    -1     0.101025
    3     6    -1     0     0     0.018119
    3     6    -1     1     0     0.018119
    3     6     1     0     0     0.018119
    3     6     1     1     0     0.018119
    3     5     1     0    -1     0.012806
    3     5     1     1    -1     0.012806
    3     5    -1     0    -1     0.012806
    3     5    -1     1    -1     0.012806
    3     7     0     0    -1     0.003786
    3     7    -1     0    -1     0.003786
    3     4     0     0    -1     0.003792
    3     4     0     1    -1     0.003792
    3     6     0    -1     0     0.005446
    3     6     0     2     0     0.005446
    3     5     0    -1    -1     0.003029
    3     5     0     2    -1     0.003029
    3     4     0     0     0     0.001514
    3     4     0     1     0     0.001514
    3     7     0     0     0     0.001513
    3     7    -1     0     0     0.001513
    3     7     0     1    -1     0.002364
    3     7     0    -1    -1     0.002364
    3     7    -1     1    -1     0.002364
    3     7    -1    -1    -1     0.002364
    3     4    -1     0    -1     0.002363
    3     4    -1     1    -1     0.002363
    3     4     1     0    -1     0.002363
    3     4     1     1    -1     0.002363
    3     6    -1    -1     0     0.003404
    3     6    -1     2     0     0.003404
    3     6     1    -1     0     0.003404
    3     6     1     2     0     0.003404
    3     5     1    -1    -1     0.002861
    3     5     1     2    -1     0.002861
    3     5    -1    -1    -1     0.002861
    3     5    -1     2    -1     0.002861
    3     4    -1     0     0     0.001154
    3     4    -1     1     0     0.001154
    3     4     1     0     0     0.001154
    3     4     1     1     0     0.001154
    3     7     0     1     0     0.001156
    3     7     0    -1     0     0.001156
    3     7    -1     1     0     0.001156
    3     7    -1    -1     0     0.001156
    3     7     1     0    -1    -0.001807
    3     7    -2     0    -1    -0.001807
    3     4     0    -1    -1    -0.001812
    3     4     0     2    -1    -0.001812
    3     6    -2     0     0     0.000198
    3     6    -2     1     0     0.000198
    3     6     2     0     0     0.000198
    3     6     2     1     0     0.000198
    3     5     2     0    -1     0.000173
    3     5     2     1    -1     0.000173
    3     5    -2     0    -1     0.000173
    3     5    -2     1    -1     0.000173
    3     4     0    -1     0    -0.006023
    3     4     0     2     0    -0.006023
    3     7     1     0     0    -0.006017
    3     7    -2     0     0    -0.006017
    3     7     1     1    -1     0.000625
    3     7     1    -1    -1     0.000625
    3     7    -2     1    -1     0.000625
    3     7    -2    -1    -1     0.000625
    3     4    -1    -1    -1     0.000625
    3     4    -1     2    -1     0.000625
    3     4     1    -1    -1     0.000625
    3     4     1     2    -1     0.000625
    3     4    -1    -1     0     0.000179
    3     4    -1     2     0     0.000179
    3     4     1    -1     0     0.000179
    3     4     1     2     0     0.000179
    3     7     1     1     0     0.000178
    3     7     1    -1     0     0.000178
    3     7    -2     1     0     0.000178
    3     7    -2    -1     0     0.000178
    3     7     0     2    -1    -0.000031
    3     7     0    -2    -1    -0.000031
    3     7    -1     2    -1    -0.000031
    3     7    -1    -2    -1    -0.000031
    3     4    -2     0    -1    -0.000031
    3     4    -2     1    -1    -0.000031
    3     4     2     0    -1    -0.000031
    3     4     2     1    -1    -0.000031
    3     5     0     0     0     0.000154
    3     5     0     1     0     0.000154
    3     6     0     0    -1     0.000222
    3     6     0     1    -1     0.000222
    3     6    -2    -1     0    -0.000408
    3     6    -2     2     0    -0.000408
    3     6     0    -2     0     0.000120
    3     6     0     3     0     0.000120
    3     6     2    -1     0    -0.000408
    3     6     2     2     0    -0.000408
    3     5     2    -1    -1     0.000158
    3     5     2     2    -1     0.000158
    3     5     0    -2    -1     0.000143
    3     5     0     3    -1     0.000143
    3     5    -2    -1    -1     0.000158
    3     5    -2     2    -1     0.000158
    3     4    -2     0     0     0.000594
    3     4    -2     1     0     0.000594
    3     4     2     0     0     0.000594
    3     4     2     1     0     0.000594
    3     7     0     2     0     0.000595
    3     7     0    -2     0     0.000595
    3     7    -1     2     0     0.000595
    3     7    -1    -2     0     0.000595
    3     5     1     0     0     0.000069
    3     5     1     1     0     0.000069
    3     5    -1     0     0     0.000069
    3     5    -1     1     0     0.000069
    3     6    -1     0    -1     0.000127
    3     6    -1     1    -1     0.000127
    3     6     1     0    -1     0.000127
    3     6     1     1    -1     0.000127
    3     6    -1    -2     0    -0.000029
    3     6    -1     3     0    -0.000029
    3     6     1    -2     0    -0.000029
    3     6     1     3     0    -0.000029
    3     5     1    -2    -1     0.000035
    3     5     1     3    -1     0.000035
    3     5    -1    -2    -1     0.000035
    3     5    -1     3    -1     0.000035
    3     7     2     0    -1     0.000232
    3     7     1     2    -1    -0.000523
    3     7     1    -2    -1    -0.000523
    3     7    -2     2    -1    -0.000523
    3     7    -2    -2    -1    -0.000523
    3     7    -3     0    -1     0.000232
    3     4    -2    -1    -1    -0.000524
    3     4    -2     2    -1    -0.000524
    3     4     0    -2    -1     0.000233
    3     4     0     3    -1     0.000233
    3     4     2    -1    -1    -0.000524
    3     4     2     2    -1    -0.000524
    3     5     0    -1     0     0.000636
    3     5     0     2     0     0.000636
    3     6     0    -1    -1     0.000597
    3     6     0     2    -1     0.000597
    3     4    -2    -1     0    -0.000031
    3     4    -2     2     0    -0.000031
    3     4     0    -2     0     0.000689
    3     4     0     3     0     0.000689
    3     4     2    -1     0    -0.000031
    3     4     2     2     0    -0.000031
    3     7     2     0     0     0.000688
    3     7     1     2     0    -0.000031
    3     7     1    -2     0    -0.000031
    3     7    -2     2     0    -0.000031
    3     7    -2    -2     0    -0.000031
    3     7    -3     0     0     0.000688
    3     9     0     0     0     0.073470
    3     9    -1     0     0     0.073470
    3     8     0     0     0     0.101029
    3     8    -1     0     0     0.101029
    3    11    -1     0     0     0.553870
    3    11    -1     1     0     0.553870
    3    11     0     0     0     0.553870
    3    11     0     1     0     0.553870
    3    10    -1     1    -1     0.073544
    3    10    -1     0    -1     0.073544
    3    10     0     1    -1     0.073544
    3    10     0     0    -1     0.073544
    3     9     0     1     0     0.018145
    3     9     0    -1     0     0.018145
    3     9    -1     1     0     0.018145
    3     9    -1    -1     0     0.018145
    3     8     0    -1     0     0.012827
    3     8     0     1     0     0.012827
    3     8    -1    -1     0     0.012827
    3     8    -1     1     0     0.012827
    3     9     1     0     0     0.005446
    3     9    -2     0     0     0.005446
    3     8     1     0     0     0.003031
    3     8    -2     0     0     0.003031
    3    11    -2     0     0     0.013197
    3    11    -2     1     0     0.013197
    3    11    -1    -1     0     0.013195
    3    11    -1     2     0     0.013195
    3    11     0    -1     0     0.013195
    3    11     0     2     0     0.013195
    3    11     1     0     0     0.013197
    3    11     1     1     0     0.013197
    3    10    -2     1    -1    -0.003690
    3    10    -2     0    -1    -0.003690
    3    10    -1     2    -1    -0.003698
    3    10    -1    -1    -1    -0.003698
    3    10     0     2    -1    -0.003698
    3    10     0    -1    -1    -0.003698
    3    10     1     1    -1    -0.003690
    3    10     1     0    -1    -0.003690
    3     9     1     1     0     0.003408
    3     9     1    -1     0     0.003408
    3     9    -2     1     0     0.003408
    3     9    -2    -1     0     0.003408
    3     8     1    -1     0     0.002865
    3     8     1     1     0     0.002865
    3     8    -2    -1     0     0.002865
    3     8    -2     1     0     0.002865
    3    10    -1     1     0     0.001481
    3    10    -1     0     0     0.001481
    3    10     0     1     0     0.001481
    3    10     0     0     0     0.001481
    3     9     0     2     0     0.000198
    3     9     0    -2     0     0.000198
    3     9    -1     2     0     0.000198
    3     9    -1    -2     0     0.000198
    3     8     0    -2     0     0.000173
    3     8     0     2     0     0.000173
    3     8    -1    -2     0     0.000173
    3     8    -1     2     0     0.000173
    3    11    -2    -1     0     0.012225
    3    11    -2     2     0     0.012225
    3    11     1    -1     0     0.012225
    3    11     1     2     0     0.012225
    3    10    -2     2    -1     0.001900
    3    10    -2    -1    -1     0.001900
    3    10     1     2    -1     0.001900
    3    10     1    -1    -1     0.001900
    3     8     0     0     1     0.000154
    3     8    -1     0     1     0.000154
    3     9     0     0    -1     0.000222
    3     9    -1     0    -1     0.000222
    3    10    -2     1     0    -0.001212
    3    10    -2     0     0    -0.001212
    3    10    -1     2     0    -0.001210
    3    10    -1    -1     0    -0.001210
    3    10     0     2     0    -0.001210
    3    10     0    -1     0    -0.001210
    3    10     1     1     0    -0.001212
    3    10     1     0     0    -0.001212
    3     9     2     0     0     0.000119
    3     9     1     2     0    -0.000410
    3     9     1    -2     0    -0.000410
    3     9    -2     2     0    -0.000410
    3     9    -2    -2     0    -0.000410
    3     9    -3     0     0     0.000119
    3     8     2     0     0     0.000143
    3     8     1    -2     0     0.000157
    3     8     1     2     0     0.000157
    3     8    -2    -2     0     0.000157
    3     8    -2     2     0     0.000157
    3     8    -3     0     0     0.000143
    3    11    -3     0     0     0.000630
    3    11    -3     1     0     0.000630
    3    11    -1    -2     0     0.000632
    3    11    -1     3     0     0.000632
    3    11     0    -2     0     0.000632
    3    11     0     3     0     0.000632
    3    11     2     0     0     0.000630
    3    11     2     1     0     0.000630
    3     8     0    -1     1     0.000068
    3     8     0     1     1     0.000068
    3     8    -1    -1     1     0.000068
    3     8    -1     1     1     0.000068
    3     9     0     1    -1     0.000127
    3     9     0    -1    -1     0.000127
    3     9    -1     1    -1     0.000127
    3     9    -1    -1    -1     0.000127
    3    10    -3     1    -1     0.001091
    3    10    -3     0    -1     0.001091
    3    10    -1     3    -1     0.001090
    3    10    -1    -2    -1     0.001090
    3    10     0     3    -1     0.001090
    3    10     0    -2    -1     0.001090
    3    10     2     1    -1     0.001091
    3    10     2     0    -1     0.001091
    3     9     2     1     0    -0.000029
    3     9     2    -1     0    -0.000029
    3     9    -3     1     0    -0.000029
    3     9    -3    -1     0    -0.000029
    3     8     2    -1     0     0.000035
    3     8     2     1     0     0.000035
    3     8    -3    -1     0     0.000035
    3     8    -3     1     0     0.000035
    3     8     1     0     1     0.000636
    3     8    -2     0     1     0.000636
    3     9     1     0    -1     0.000597
    3     9    -2     0    -1     0.000597
    3    10    -2     2     0    -0.000312
    3    10    -2    -1     0    -0.000312
    3    10     1     2     0    -0.000312
    3    10     1    -1     0    -0.000312
    3    11    -3    -1     0    -0.000332
    3    11    -3     2     0    -0.000332
    3    11    -2    -2     0    -0.000330
    3    11    -2     3     0    -0.000330
    3    11     1    -2     0    -0.000330
    3    11     1     3     0    -0.000330
    3    11     2    -1     0    -0.000332
    3    11     2     2     0    -0.000332
    4     2    -1    -1     0     0.073453
    4     2    -1     0     0     0.073453
    4     1     0     0     0     0.063662
    4     1     0    -1     0     0.063662
    4     2     0    -1     0     0.018120
    4     2     0     0     0     0.018120
    4     2    -2    -1     0     0.018120
    4     2    -2     0     0     0.018120
    4     1    -1     0     0     0.001985
    4     1    -1    -1     0     0.001985
    4     1     1     0     0     0.001985
    4     1     1    -1     0     0.001985
    4     3     0    -1     1     0.003790
    4     3     0     0     1     0.003790
    4     2    -1    -2     0     0.005444
    4     2    -1     1     0     0.005444
    4     1     0     1     0     0.001609
    4     1     0    -2     0     0.001609
    4     3     0    -1     0     0.001512
    4     3     0     0     0     0.001512
    4     3     1    -1     1     0.002357
    4     3     1     0     1     0.002357
    4     3    -1    -1     1     0.002357
    4     3    -1     0     1     0.002357
    4     2     0    -2     0     0.003405
    4     2     0     1     0     0.003405
    4     2    -2    -2     0     0.003405
    4     2    -2     1     0     0.003405
    4     1    -1     1     0     0.000206
    4     1    -1    -2     0     0.000206
    4     1     1     1     0     0.000206
    4     1     1    -2     0     0.000206
    4     3     1    -1     0     0.001151
    4     3     1     0     0     0.001151
    4     3    -1    -1     0     0.001151
    4     3    -1     0     0     0.001151
    4     3     0    -2     1    -0.001813
    4     3     0     1     1    -0.001813
    4     2     1    -1     0     0.000198
    4     2     1     0     0     0.000198
    4     2    -3    -1     0     0.000198
    4     2    -3     0     0     0.000198
    4     1    -2     0     0     0.000591
    4     1    -2    -1     0     0.000591
    4     1     2     0     0     0.000591
    4     1     2    -1     0     0.000591
    4     3     0    -2     0    -0.006023
    4     3     0     1     0    -0.006023
    4     3     1    -2     1     0.000626
    4     3     1     1     1     0.000626
    4     3    -1    -2     1     0.000626
    4     3    -1     1     1     0.000626
    4     3     1    -2     0     0.000179
    4     3     1     1     0     0.000179
    4     3    -1    -2     0     0.000179
    4     3    -1     1     0     0.000179
    4     1     0     0     1     0.000172
    4     1     0    -1     1     0.000172
    4     3     2    -1     1    -0.000031
    4     3     2     0     1    -0.000031
    4     3    -2    -1     1    -0.000031
    4     3    -2     0     1    -0.000031
    4     2    -1    -1    -1     0.000222
    4     2    -1     0    -1     0.000222
    4     2     1    -2     0    -0.000408
    4     2     1     1     0    -0.000408
    4     2    -1    -3     0     0.000120
    4     2    -1     2     0     0.000120
    4     2    -3    -2     0    -0.000408
    4     2    -3     1     0    -0.000408
    4     1    -2     1     0     0.000297
    4     1    -2    -2     0     0.000297
    4     1     0     2     0    -0.000165
    4     1     0    -3     0    -0.000165
    4     1     2     1     0     0.000297
    4     1     2    -2     0     0.000297
    4     3     2    -1     0     0.000594
    4     3     2     0     0     0.000594
    4     3    -2    -1     0     0.000594
    4     3    -2     0     0     0.000594
    4     1    -1     0     1     0.000087
    4     1    -1    -1     1     0.000087
    4     1     1     0     1     0.000087
    4     1     1    -1     1     0.000087
    4     2     0    -1    -1     0.000127
    4     2     0     0    -1     0.000127
    4     2    -2    -1    -1     0.000127
    4     2    -2     0    -1     0.000127
    4     2     0    -3     0    -0.000029
    4     2     0     2     0    -0.000029
    4     2    -2    -3     0    -0.000029
    4     2    -2     2     0    -0.000029
    4     1    -1     2     0     0.000204
    4     1    -1    -3     0     0.000204
    4     1     1     2     0     0.000204
    4     1     1    -3     0     0.000204
    4     1     0     1     1     0.000277
    4     1     0    -2     1     0.000277
    4     3     2    -2     1    -0.000524
    4     3     2     1     1    -0.000524
    4     3     0    -3     1     0.000232
    4     3     0     2     1     0.000232
    4     3    -2    -2     1    -0.000524
    4     3    -2     1     1    -0.000524
    4     2    -1    -2    -1     0.000597
    4     2    -1     1    -1     0.000597
    4     3     2    -2     0    -0.000031
    4     3     2     1     0    -0.000031
    4     3     0    -3     0     0.000689
    4     3     0     2     0     0.000689
    4     3    -2    -2     0    -0.000031
    4     3    -2     1     0    -0.000031
    4     7     0     0     0     0.075051
    4     7     0    -1     0     0.075051
    4     7    -1     0     0     0.075051
    4     7    -1    -1     0     0.075051
    4     5     0     0     0    -0.006149
    4     4     0    -1     0    -0.004440
    4     4     0     1     0    -0.004440
    4     4     1     0     0    -0.001994
    4     4    -1     0     0    -0.001994
    4     6     0     0     0    -0.001190
    4     5     1     0     0    -0.000422
    4     5     0    -1     0     0.003511
    4     5     0     1     0     0.003511
    4     5    -1     0     0    -0.000422
    4     4     1    -1     0     0.004006
    4     4     1     1     0     0.004006
    4     4    -1    -1     0     0.004006
    4     4    -1     1     0     0.004006
    4     6     1     0     0     0.005555
    4     6     0    -1     0     0.006103
    4     6     0     1     0     0.006103
    4     6    -1     0     0     0.005555
    4     7     1     0     0     0.003198
    4     7     1    -1     0     0.003198
    4     7     0     1     0     0.003198
    4     7     0    -2     0     0.003198
    4     7    -1     1     0     0.003198
    4     7    -1    -2     0     0.003198
    4     7    -2     0     0     0.003198
    4     7    -2    -1     0     0.003198
    4     5     1    -1     0    -0.000363
    4     5     1     1     0    -0.000363
    4     5    -1    -1     0    -0.000363
    4     5    -1     1     0    -0.000363
    4     6     1    -1     0    -0.001267
    4     6     1     1     0    -0.001267
    4     6    -1    -1     0    -0.001267
    4     6    -1     1     0    -0.001267
    4     6     0     0     1     0.000324
    4     5     0     0    -1    -0.000698
    4     4    -2     0     0     0.000293
    4     4     0    -2     0     0.000905
    4     4     0     2     0     0.000905
    4     4     2     0     0     0.000293
    4     7     1     1     0    -0.002995
    4     7     1    -2     0    -0.002995
    4     7    -2     1     0    -0.002995
    4     7    -2    -2     0    -0.002995
    4     6     1     0     1     0.000923
    4     6     0    -1     1     0.002075
    4     6     0     1     1     0.002075
    4     6    -1     0     1     0.000923
    4     5     2     0     0     0.000763
    4     5     0    -2     0     0.001805
    4     5     0     2     0     0.001805
    4     5    -2     0     0     0.000763
    4     5     1     0    -1     0.000312
    4     5     0    -1    -1     0.001963
    4     5     0     1    -1     0.001963
    4     5    -1     0    -1     0.000312
    4     4    -2    -1     0     0.001619
    4     4    -2     1     0     0.001619
    4     4    -1    -2     0     0.001194
    4     4    -1     2     0     0.001194
    4     4     1    -2     0     0.001194
    4     4     1     2     0     0.001194
    4     4     2    -1     0     0.001619
    4     4     2     1     0     0.001619
    4     6     2     0     0     0.000554
    4     6     0    -2     0     0.000348
    4     6     0     2     0     0.000348
    4     6    -2     0     0     0.000554
    4     6     1    -1     1     0.000181
    4     6     1     1     1     0.000181
    4     6    -1    -1     1     0.000181
    4     6    -1     1     1     0.000181
    4     5     2    -1     0     0.001001
    4     5     2     1     0     0.001001
    4     5     1    -2     0     0.000968
    4     5     1     2     0     0.000968
    4     5    -1    -2     0     0.000968
    4     5    -1     2     0     0.000968
    4     5    -2    -1     0     0.001001
    4     5    -2     1     0     0.001001
    4     5     1    -1    -1     0.000840
    4     5     1     1    -1     0.000840
    4     5    -1    -1    -1     0.000840
    4     5    -1     1    -1     0.000840
    4     6     2    -1     0     0.000189
    4     6     2     1     0     0.000189
    4     6     1    -2     0    -0.000123
    4     6     1     2     0    -0.000123
    4     6    -1    -2     0    -0.000123
    4     6    -1     2     0    -0.000123
    4     6    -2    -1     0     0.000189
    4     6    -2     1     0     0.000189
    4     7     2     0     0     0.000085
    4     7     2    -1     0     0.000085
    4     7     0     2     0     0.000085
    4     7     0    -3     0     0.000085
    4     7    -1     2     0     0.000085
    4     7    -1    -3     0     0.000085
    4     7    -3     0     0     0.000085
    4     7    -3    -1     0     0.000085
    4     6     2     0     1     0.002319
    4     6     0    -2     1    -0.000627
    4     6     0     2     1    -0.000627
    4     6    -2     0     1     0.002319
    4     5     2     0    -1     0.000197
    4     5     0    -2    -1    -0.002794
    4     5     0     2    -1    -0.002794
    4     5    -2     0    -1     0.000197
    4     4    -2    -2     0    -0.002479
    4     4    -2     2     0    -0.002479
    4     4     2    -2     0    -0.002479
    4     4     2     2     0    -0.002479
    4     7     2     1     0     0.000558
    4     7     2    -2     0     0.000558
    4     7     1     2     0     0.000558
    4     7     1    -3     0     0.000558
    4     7    -2     2     0     0.000558
    4     7    -2    -3     0     0.000558
    4     7    -3     1     0     0.000558
    4     7    -3    -2     0     0.000558
    4     6     2    -1     1     0.000249
    4     6     2     1     1     0.000249
    4     6     1    -2     1     0.000235
    4     6     1     2     1     0.000235
    4     6    -1    -2     1     0.000235
    4     6    -1     2     1     0.000235
    4     6    -2    -1     1     0.000249
    4     6    -2     1     1     0.000249
    4     4     0     0    -1     0.000009
    4     4     0     0     1     0.000009
    4     5     2    -2     0     0.000807
    4     5     2     2     0     0.000807
    4     5    -2    -2     0     0.000807
    4     5    -2     2     0     0.000807
    4     5     2    -1    -1     0.000011
    4     5     2     1    -1     0.000011
    4     5     1    -2    -1     0.000596
    4     5     1     2    -1     0.000596
    4     5    -1    -2    -1     0.000596
    4     5    -1     2    -1     0.000596
    4     5    -2    -1    -1     0.000011
    4     5    -2     1    -1     0.000011
    4     4    -3     0     0    -0.000004
    4     4     0    -3     0     0.000196
    4     4     0     3     0     0.000196
    4     4     3     0     0    -0.000004
    4    10    -1     0     0     0.536800
    4    10     0     0     0     0.536800
    4     8     0    -1     1     0.010327
    4     8     0     0     1     0.010327
    4     8    -1    -1     1     0.010327
    4     8    -1     0     1     0.010327
    4    10    -1     1     0     0.069597
    4    10    -1    -1     0     0.069597
    4    10     0     1     0     0.069597
    4    10     0    -1     0     0.069597
    4     9     0     0     0     0.008644
    4     9     0    -1     0     0.008644
    4     9    -1     0     0     0.008644
    4     9    -1    -1     0     0.008644
    4    11     0     0     1     0.007018
    4    11    -1     0     1     0.007018
    4    10    -2     0     0     0.010844
    4    10     1     0     0     0.010844
    4    11     0     0     0     0.003112
    4    11    -1     0     0     0.003112
    4    11     0    -1     1    -0.004349
    4    11     0     1     1    -0.004349
    4    11    -1    -1     1    -0.004349
    4    11    -1     1     1    -0.004349
    4     8     1    -1     1     0.003330
    4     8     1     0     1     0.003330
    4     8     0    -2     1     0.001435
    4     8     0     1     1     0.001435
    4     8    -1    -2     1     0.001435
    4     8    -1     1     1     0.001435
    4     8    -2    -1     1     0.003330
    4     8    -2     0     1     0.003330
    4    10    -2     1     0    -0.001319
    4    10    -2    -1     0    -0.001319
    4    10     1     1     0    -0.001319
    4    10     1    -1     0    -0.001319
    4    11     0    -1     0     0.007106
    4    11     0     1     0     0.007106
    4    11    -1    -1     0     0.007106
    4    11    -1     1     0     0.007106
    4     9     1     0     0     0.000976
    4     9     1    -1     0     0.000976
    4     9     0     1     0     0.000976
    4     9     0    -2     0     0.000976
    4     9    -1     1     0     0.000976
    4     9    -1    -2     0     0.000976
    4     9    -2     0     0     0.000976
    4     9    -2    -1     0     0.000976
    4     9     0     0     1     0.000391
    4     9     0    -1     1     0.000391
    4     9    -1     0     1     0.000391
    4     9    -1    -1     1     0.000391
    4    11     1     0     1     0.007918
    4    11    -2     0     1     0.007918
    4    10    -1     2     0    -0.000162
    4    10    -1    -2     0    -0.000162
    4    10     0     2     0    -0.000162
    4    10     0    -2     0    -0.000162
    4     8     0    -1     0     0.000579
    4     8     0     0     0     0.000579
    4     8    -1    -1     0     0.000579
    4     8    -1     0     0     0.000579
    4    11     1     0     0    -0.005220
    4    11    -2     0     0    -0.005220
    4    11     1    -1     1     0.003554
    4    11     1     1     1     0.003554
    4    11    -2    -1     1     0.003554
    4    11    -2     1     1     0.003554
    4     8     1    -2     1     0.000784
    4     8     1     1     1     0.000784
    4     8    -2    -2     1     0.000784
    4     8    -2     1     1     0.000784
    4    11     1    -1     0     0.000152
    4    11     1     1     0     0.000152
    4    11    -2    -1     0     0.000152
    4    11    -2     1     0     0.000152
    4     9     1     1     0     0.000778
    4     9     1    -2     0     0.000778
    4     9    -2     1     0     0.000778
    4     9    -2    -2     0     0.000778
    4     9     1     0     1    -0.000073
    4     9     1    -1     1    -0.000073
    4     9     0     1     1    -0.000073
    4     9     0    -2     1    -0.000073
    4     9    -1     1     1    -0.000073
    4     9    -1    -2     1    -0.000073
    4     9    -2     0     1    -0.000073
    4     9    -2    -1     1    -0.000073
    4    11     0    -2     1    -0.002517
    4    11     0     2     1    -0.002517
    4    11    -1    -2     1    -0.002517
    4    11    -1     2     1    -0.002517
    4    10    -1     0    -1     0.000432
    4    10     0     0    -1     0.000432
    4    10    -3     0     0     0.001065
    4    10    -2     2     0    -0.004193
    4    10    -2    -2     0    -0.004193
    4    10     1     2     0    -0.004193
    4    10     1    -2     0    -0.004193
    4    10     2     0     0     0.001065
    4     8     1    -1     0     0.000604
    4     8     1     0     0     0.000604
    4     8     0    -2     0     0.000570
    4     8     0     1     0     0.000570
    4     8    -1    -2     0     0.000570
    4     8    -1     1     0     0.000570
    4     8    -2    -1     0     0.000604
    4     8    -2     0     0     0.000604
    4    11     0    -2     0    -0.000652
    4    11     0     2     0    -0.000652
    4    11    -1    -2     0    -0.000652
    4    11    -1     2     0    -0.000652
    4     8     2    -1     1     0.000047
    4     8     2     0     1     0.000047
    4     8     0    -3     1    -0.000024
    4     8     0     2     1    -0.000024
    4     8    -1    -3     1    -0.000024
    4     8    -1     2     1    -0.000024
    4     8    -3    -1     1     0.000047
    4     8    -3     0     1     0.000047
    4    10    -1     1    -1     0.000474
    4    10    -1    -1    -1     0.000474
    4    10     0     1    -1     0.000474
    4    10     0    -1    -1     0.000474
    4    10    -3     1     0     0.001502
    4    10    -3    -1     0     0.001502
    4    10     2     1     0     0.001502
    4    10     2    -1     0     0.001502
    4     9     2    -1     0     0.000150
    4     9     2     0     0     0.000150
    4     9     0     2     0     0.000150
    4     9     0    -3     0     0.000150
    4     9    -1     2     0     0.000150
    4     9    -1    -3     0     0.000150
    4     9    -3     0     0     0.000150
    4     9    -3    -1     0     0.000150
    4     9     1     1     1    -0.000190
    4     9     1    -2     1    -0.000190
    4     9    -2     1     1    -0.000190
    4     9    -2    -2     1    -0.000190
    4    11     2     0     1     0.000583
    4    11     1    -2     1     0.000538
    4    11     1     2     1     0.000538
    4    11    -2    -2     1     0.000538
    4    11    -2     2     1     0.000538
    4    11    -3     0     1     0.000583
    4    10    -2     0    -1    -0.000756
    4    10     1     0    -1    -0.000756
    4     8     1    -2     0    -0.000303
    4     8     1     1     0    -0.000303
    4     8    -2    -2     0    -0.000303
    4     8    -2     1     0    -0.000303
    4    11     2     0     0    -0.000595
    4    11     1    -2     0    -0.000068
    4    11     1     2     0    -0.000068
    4    11    -2    -2     0    -0.000068
    4    11    -2     2     0    -0.000068
    4    11    -3     0     0    -0.000595
    5     2    -1    -1     0     0.101024
    5     2    -1     0     0     0.101024
    5     3     0    -1     1     0.101024
    5     3     0     0     1     0.101024
    5     2     0    -1     0     0.012811
    5     2     0     0     0     0.012811
    5     2    -2    -1     0     0.012811
    5     2    -2     0     0     0.012811
    5     3    -1    -1     1     0.012811
    5     3    -1     0     1     0.012811
    5     3     1    -1     1     0.012811
    5     3     1     0     1     0.012811
    5     1     0     0     1     0.002757
    5     1     0    -1     1     0.002757
    5     1     0     0     0     0.002757
    5     1     0    -1     0     0.002757
    5     2    -1    -2     0     0.003030
    5     2    -1     1     0     0.003030
    5     3     0    -2     1     0.003030
    5     3     0     1     1     0.003030
    5     1    -1     0     1     0.001770
    5     1    -1    -1     1     0.001770
    5     1     1     0     1     0.001770
    5     1     1    -1     1     0.001770
    5     1    -1     0     0     0.001770
    5     1    -1    -1     0     0.001770
    5     1     1     0     0     0.001770
    5     1     1    -1     0     0.001770
    5     2     0    -2     0     0.002862
    5     2     0     1     0     0.002862
    5     2    -2    -2     0     0.002862
    5     2    -2     1     0     0.002862
    5     3    -1    -2     1     0.002862
    5     3    -1     1     1     0.002862
    5     3     1    -2     1     0.002862
    5     3     1     1     1     0.002862
    5     1     0     1     1    -0.002452
    5     1     0    -2     1    -0.002452
    5     1     0     1     0    -0.002452
    5     1     0    -2     0    -0.002452
    5     2     1    -1     0     0.000172
    5     2     1     0     0     0.000172
    5     2    -3    -1     0     0.000172
    5     2    -3     0     0     0.000172
    5     3    -2    -1     1     0.000172
    5     3    -2     0     1     0.000172
    5     3     2    -1     1     0.000172
    5     3     2     0     1     0.000172
    5     1    -1     1     1     0.000556
    5     1    -1    -2     1     0.000556
    5     1     1     1     1     0.000556
    5     1     1    -2     1     0.000556
    5     1    -1     1     0     0.000556
    5     1    -1    -2     0     0.000556
    5     1     1     1     0     0.000556
    5     1     1    -2     0     0.000556
    5     3     0    -1     0     0.000154
    5     3     0     0     0     0.000154
    5     2    -1    -1     1     0.000154
    5     2    -1     0     1     0.000154
    5     1    -2     0     1     0.000035
    5     1    -2    -1     1     0.000035
    5     1     2    -1     1     0.000035
    5     1     2     0     1     0.000035
    5     1    -2    -1     0     0.000035
    5     1    -2     0     0     0.000035
    5     1     2    -1     0     0.000035
    5     1     2     0     0     0.000035
    5     2     1    -2     0     0.000157
    5     2     1     1     0     0.000157
    5     2    -1    -3     0     0.000143
    5     2    -1     2     0     0.000143
    5     2    -3    -2     0     0.000157
    5     2    -3     1     0     0.000157
    5     3    -2    -2     1     0.000157
    5     3    -2     1     1     0.000157
    5     3     0    -3     1     0.000143
    5     3     0     2     1     0.000143
    5     3     2    -2     1     0.000157
    5     3     2     1     1     0.000157
    5     3    -1    -1     0     0.000068
    5     3    -1     0     0     0.000068
    5     3     1    -1     0     0.000068
    5     3     1     0     0     0.000068
    5     2     0    -1     1     0.000068
    5     2     0     0     1     0.000068
    5     2    -2    -1     1     0.000068
    5     2    -2     0     1     0.000068
    5     2     0    -3     0     0.000035
    5     2     0     2     0     0.000035
    5     2    -2    -3     0     0.000035
    5     2    -2     2     0     0.000035
    5     3    -1    -3     1     0.000035
    5     3    -1     2     1     0.000035
    5     3     1    -3     1     0.000035
    5     3     1     2     1     0.000035
    5     3     0    -2     0     0.000636
    5     3     0     1     0     0.000636
    5     2    -1    -2     1     0.000636
    5     2    -1     1     1     0.000636
    5     1    -2     1     1    -0.000289
    5     1    -2    -2     1    -0.000289
    5     1     0     2     1     0.000281
    5     1     0    -3     1     0.000281
    5     1     2     1     1    -0.000289
    5     1     2    -2     1    -0.000289
    5     1    -2     1     0    -0.000289
    5     1    -2    -2     0    -0.000289
    5     1     0     2     0     0.000281
    5     1     0    -3     0     0.000281
    5     1     2     1     0    -0.000289
    5     1     2    -2     0    -0.000289
    5     4     0     0     0    -0.006149
    5     6     0     0     1    -0.006157
    5     5     0    -1     0    -0.007876
    5     5     0     1     0    -0.007876
    5     5     1     0     0    -0.009455
    5     5    -1     0     0    -0.009455
    5     7     0     0     0     0.010305
    5     7     0    -1     0     0.010305
    5     7    -1     0     0     0.010305
    5     7    -1    -1     0     0.010305
    5     4    -1     0     0    -0.000422
    5     4     0    -1     0     0.003511
    5     4     0     1     0     0.003511
    5     4     1     0     0    -0.000422
    5     6    -1     0     1    -0.000418
    5     6     0    -1     1     0.003509
    5     6     0     1     1     0.003509
    5     6     1     0     1    -0.000418
    5     5     1    -1     0     0.005882
    5     5     1     1     0     0.005882
    5     5    -1    -1     0     0.005882
    5     5    -1     1     0     0.005882
    5     4    -1    -1     0    -0.000363
    5     4    -1     1     0    -0.000363
    5     4     1    -1     0    -0.000363
    5     4     1     1     0    -0.000363
    5     6    -1    -1     1    -0.000363
    5     6    -1     1     1    -0.000363
    5     6     1    -1     1    -0.000363
    5     6     1     1     1    -0.000363
    5     7     1     0     0     0.001438
    5     7     1    -1     0     0.001438
    5     7     0     1     0     0.003326
    5     7     0    -2     0     0.003326
    5     7    -1     1     0     0.003326
    5     7    -1    -2     0     0.003326
    5     7    -2     0     0     0.001438
    5     7    -2    -1     0     0.001438
    5     6     0     0     0    -0.000698
    5     4     0     0     1    -0.000698
    5     5    -2     0     0    -0.000215
    5     5     0    -2     0     0.001535
    5     5     0     2     0     0.001535
    5     5     2     0     0    -0.000215
    5     7     0     0     1     0.000579
    5     7     0    -1     1     0.000579
    5     7    -1     0     1     0.000579
    5     7    -1    -1     1     0.000579
    5     4    -2     0     0     0.000763
    5     4     0    -2     0     0.001805
    5     4     0     2     0     0.001805
    5     4     2     0     0     0.000763
    5     6    -2     0     1     0.000763
    5     6     0    -2     1     0.001805
    5     6     0     2     1     0.001805
    5     6     2     0     1     0.000763
    5     6    -1     0     0     0.000311
    5     6     0    -1     0     0.001962
    5     6     0     1     0     0.001962
    5     6     1     0     0     0.000311
    5     4    -1     0     1     0.000312
    5     4     0    -1     1     0.001963
    5     4     0     1     1     0.001963
    5     4     1     0     1     0.000312
    5     5    -2    -1     0     0.001939
    5     5    -2     1     0     0.001939
    5     5    -1    -2     0     0.001616
    5     5    -1     2     0     0.001616
    5     5     1    -2     0     0.001616
    5     5     1     2     0     0.001616
    5     5     2    -1     0     0.001939
    5     5     2     1     0     0.001939
    5     7     1     1     0     0.000787
    5     7     1    -2     0     0.000787
    5     7    -2     1     0     0.000787
    5     7    -2    -2     0     0.000787
    5     4    -2    -1     0     0.001001
    5     4    -2     1     0     0.001001
    5     4    -1    -2     0     0.000968
    5     4    -1     2     0     0.000968
    5     4     1    -2     0     0.000968
    5     4     1     2     0     0.000968
    5     4     2    -1     0     0.001001
    5     4     2     1     0     0.001001
    5     6    -2    -1     1     0.001000
    5     6    -2     1     1     0.001000
    5     6    -1    -2     1     0.000968
    5     6    -1     2     1     0.000968
    5     6     1    -2     1     0.000968
    5     6     1     2     1     0.000968
    5     6     2    -1     1     0.001000
    5     6     2     1     1     0.001000
    5     6    -1    -1     0     0.000839
    5     6    -1     1     0     0.000839
    5     6     1    -1     0     0.000839
    5     6     1     1     0     0.000839
    5     4    -1    -1     1     0.000840
    5     4    -1     1     1     0.000840
    5     4     1    -1     1     0.000840
    5     4     1     1     1     0.000840
    5     7     1     0     1     0.000570
    5     7     1    -1     1     0.000570
    5     7     0     1     1     0.000604
    5     7     0    -2     1     0.000604
    5     7    -1     1     1     0.000604
    5     7    -1    -2     1     0.000604
    5     7    -2     0     1     0.000570
    5     7    -2    -1     1     0.000570
    5     7     2     0     0    -0.000024
    5     7     2    -1     0    -0.000024
    5     7     0     2     0     0.000048
    5     7     0    -3     0     0.000048
    5     7    -1     2     0     0.000048
    5     7    -1    -3     0     0.000048
    5     7    -3     0     0    -0.000024
    5     7    -3    -1     0    -0.000024
    5     6    -2     0     0     0.000197
    5     6     0    -2     0    -0.002794
    5     6     0     2     0    -0.002794
    5     6     2     0     0     0.000197
    5     4    -2     0     1     0.000197
    5     4     0    -2     1    -0.002794
    5     4     0     2     1    -0.002794
    5     4     2     0     1     0.000197
    5     5    -2    -2     0    -0.002069
    5     5    -2     2     0    -0.002069
    5     5     2    -2     0    -0.002069
    5     5     2     2     0    -0.002069
    5     7     1     1     1    -0.000303
    5     7     1    -2     1    -0.000303
    5     7    -2     1     1    -0.000303
    5     7    -2    -2     1    -0.000303
    5     5     0     0    -1     0.000108
    5     5     0     0     1     0.000108
    5     4    -2    -2     0     0.000807
    5     4    -2     2     0     0.000807
    5     4     2    -2     0     0.000807
    5     4     2     2     0     0.000807
    5     6    -2    -2     1     0.000806
    5     6    -2     2     1     0.000806
    5     6     2    -2     1     0.000806
    5     6     2     2     1     0.000806
    5     6    -2    -1     0     0.000011
    5     6    -2     1     0     0.000011
    5     6    -1    -2     0     0.000596
    5     6    -1     2     0     0.000596
    5     6     1    -2     0     0.000596
    5     6     1     2     0     0.000596
    5     6     2    -1     0     0.000011
    5     6     2     1     0     0.000011
    5     4    -2    -1     1     0.000011
    5     4    -2     1     1     0.000011
    5     4    -1    -2     1     0.000596
    5     4    -1     2     1     0.000596
    5     4     1    -2     1     0.000596
    5     4     1     2     1     0.000596
    5     4     2    -1     1     0.000011
    5     4     2     1     1     0.000011
    5     5    -3     0     0     0.000099
    5     5     0    -3     0     0.000096
    5     5     0     3     0     0.000096
    5     5     3     0     0     0.000099
    5    10    -1     0     0     0.551834
    5    10     0     0     0     0.551834
    5    11    -1     0     1     0.551957
    5    11     0     0     1     0.551957
    5     8     0    -1     1     0.101647
    5     8     0     0     1     0.101647
    5     8    -1    -1     1     0.101647
    5     8    -1     0     1     0.101647
    5     9     0     0     1     0.010326
    5     9     0    -1     1     0.010326
    5     9    -1     0     1     0.010326
    5     9    -1    -1     1     0.010326
    5    10    -1     1     0     0.094275
    5    10    -1    -1     0     0.094275
    5    10     0     1     0     0.094275
    5    10     0    -1     0     0.094275
    5    11    -1    -1     1     0.094287
    5    11    -1     1     1     0.094287
    5    11     0    -1     1     0.094287
    5    11     0     1     1     0.094287
    5    10    -2     0     0     0.010794
    5    10     1     0     0     0.010794
    5    11    -2     0     1     0.010791
    5    11     1     0     1     0.010791
    5     8     1    -1     1     0.002013
    5     8     1     0     1     0.002013
    5     8     0    -2     1     0.002013
    5     8     0     1     1     0.002013
    5     8    -1    -2     1     0.002013
    5     8    -1     1     1     0.002013
    5     8    -2    -1     1     0.002013
    5     8    -2     0     1     0.002013
    5     9     1     0     1     0.001436
    5     9     1    -1     1     0.001436
    5     9     0     1     1     0.003334
    5     9     0    -2     1     0.003334
    5     9    -1     1     1     0.003334
    5     9    -1    -2     1     0.003334
    5     9    -2     0     1     0.001436
    5     9    -2    -1     1     0.001436
    5    10    -2     1     0    -0.002564
    5    10    -2    -1     0    -0.002564
    5    10     1     1     0    -0.002564
    5    10     1    -1     0    -0.002564
    5    11    -2    -1     1    -0.002564
    5    11    -2     1     1    -0.002564
    5    11     1    -1     1    -0.002564
    5    11     1     1     1    -0.002564
    5     9     0     0     0     0.000580
    5     9     0    -1     0     0.000580
    5     9    -1     0     0     0.000580
    5     9    -1    -1     0     0.000580
    5    10    -1     2     0     0.000324
    5    10    -1    -2     0     0.000324
    5    10     0     2     0     0.000324
    5    10     0    -2     0     0.000324
    5    11    -1    -2     1     0.000325
    5    11    -1     2     1     0.000325
    5    11     0    -2     1     0.000325
    5    11     0     2     1     0.000325
    5     8     1    -2     1    -0.003414
    5     8     1     1     1    -0.003414
    5     8    -2    -2     1    -0.003414
    5     8    -2     1     1    -0.003414
    5     9     1     1     1     0.000785
    5     9     1    -2     1     0.000785
    5     9    -2     1     1     0.000785
    5     9    -2    -2     1     0.000785
    5    11    -1     0     0     0.001872
    5    11     0     0     0     0.001872
    5    10    -1     0     1     0.001872
    5    10     0     0     1     0.001872
    5     9     1     0     0     0.000571
    5     9     1    -1     0     0.000571
    5     9     0     1     0     0.000604
    5     9     0    -2     0     0.000604
    5     9    -1     1     0     0.000604
    5     9    -1    -2     0     0.000604
    5     9    -2     0     0     0.000571
    5     9    -2    -1     0     0.000571
    5    10    -3     0     0    -0.000164
    5    10    -2     2     0    -0.003949
    5    10    -2    -2     0    -0.003949
    5    10     1     2     0    -0.003949
    5    10     1    -2     0    -0.003949
    5    10     2     0     0    -0.000164
    5    11    -3     0     1    -0.000164
    5    11    -2    -2     1    -0.003949
    5    11    -2     2     1    -0.003949
    5    11     1    -2     1    -0.003949
    5    11     1     2     1    -0.003949
    5    11     2     0     1    -0.000164
    5     8     2    -1     1     0.000318
    5     8     2     0     1     0.000318
    5     8     0    -3     1     0.000319
    5     8     0     2     1     0.000319
    5     8    -1    -3     1     0.000319
    5     8    -1     2     1     0.000319
    5     8    -3    -1     1     0.000318
    5     8    -3     0     1     0.000318
    5    11    -1    -1     0    -0.000114
    5    11    -1     1     0    -0.000114
    5    11     0    -1     0    -0.000114
    5    11     0     1     0    -0.000114
    5    10    -1     1     1    -0.000114
    5    10    -1    -1     1    -0.000114
    5    10     0     1     1    -0.000114
    5    10     0    -1     1    -0.000114
    5     9     2     0     1    -0.000024
    5     9     2    -1     1    -0.000024
    5     9     0     2     1     0.000047
    5     9     0    -3     1     0.000047
    5     9    -1     2     1     0.000047
    5     9    -1    -3     1     0.000047
    5     9    -3     0     1    -0.000024
    5     9    -3    -1     1    -0.000024
    5    10    -3     1     0     0.000842
    5    10    -3    -1     0     0.000842
    5    10     2     1     0     0.000842
    5    10     2    -1     0     0.000842
    5    11    -3    -1     1     0.000843
    5    11    -3     1     1     0.000843
    5    11     2    -1     1     0.000843
    5    11     2     1     1     0.000843
    5    11    -2     0     0     0.001809
    5    11     1     0     0     0.001809
    5    10    -2     0     1     0.001810
    5    10     1     0     1     0.001810
    5     9     1     1     0    -0.000303
    5     9     1    -2     0    -0.000303
    5     9    -2     1     0    -0.000303
    5     9    -2    -2     0    -0.000303
    5     8     2    -2     1     0.000772
    5     8     2     1     1     0.000772
    5     8     1    -3     1     0.000772
    5     8     1     2     1     0.000772
    5     8    -2    -3     1     0.000772
    5     8    -2     2     1     0.000772
    5     8    -3    -2     1     0.000772
    5     8    -3     1     1     0.000772
    6     3     0    -1     0     0.073453
    6     3     0     0     0     0.073453
    6     1     0     0     0     0.063662
    6     1     0    -1     0     0.063662
    6     3     1    -1     0     0.018120
    6     3     1     0     0     0.018120
    6     3    -1    -1     0     0.018120
    6     3    -1     0     0     0.018120
    6     1    -1     0     0     0.001985
    6     1    -1    -1     0     0.001985
    6     1     1     0     0     0.001985
    6     1     1    -1     0     0.001985
    6     2    -1    -1    -1     0.003790
    6     2    -1     0    -1     0.003790
    6     3     0    -2     0     0.005444
    6     3     0     1     0     0.005444
    6     1     0     1     0     0.001609
    6     1     0    -2     0     0.001609
    6     2    -1    -1     0     0.001512
    6     2    -1     0     0     0.001512
    6     2     0    -1    -1     0.002357
    6     2     0     0    -1     0.002357
    6     2    -2    -1    -1     0.002357
    6     2    -2     0    -1     0.002357
    6     3     1    -2     0     0.003405
    6     3     1     1     0     0.003405
    6     3    -1    -2     0     0.003405
    6     3    -1     1     0     0.003405
    6     1    -1     1     0     0.000206
    6     1    -1    -2     0     0.000206
    6     1     1     1     0     0.000206
    6     1     1    -2     0     0.000206
    6     2     0    -1     0     0.001151
    6     2     0     0     0     0.001151
    6     2    -2    -1     0     0.001151
    6     2    -2     0     0     0.001151
    6     2    -1    -2    -1    -0.001813
    6     2    -1     1    -1    -0.001813
    6     3     2    -1     0     0.000198
    6     3     2     0     0     0.000198
    6     3    -2    -1     0     0.000198
    6     3    -2     0     0     0.000198
    6     1    -2     0     0     0.000591
    6     1    -2    -1     0     0.000591
    6     1     2     0     0     0.000591
    6     1     2    -1     0     0.000591
    6     2    -1    -2     0    -0.006023
    6     2    -1     1     0    -0.006023
    6     2     0    -2    -1     0.000626
    6     2     0     1    -1     0.000626
    6     2    -2    -2    -1     0.000626
    6     2    -2     1    -1     0.000626
    6     2     0    -2     0     0.000179
    6     2     0     1     0     0.000179
    6     2    -2    -2     0     0.000179
    6     2    -2     1     0     0.000179
    6     1     0    -1    -1     0.000172
    6     1     0     0    -1     0.000172
    6     2     1    -1    -1    -0.000031
    6     2     1     0    -1    -0.000031
    6     2    -3    -1    -1    -0.000031
    6     2    -3     0    -1    -0.000031
    6     3     0    -1     1     0.000222
    6     3     0     0     1     0.000222
    6     3     2    -2     0    -0.000408
    6     3     2     1     0    -0.000408
    6     3     0    -3     0     0.000120
    6     3     0     2     0     0.000120
    6     3    -2    -2     0    -0.000408
    6     3    -2     1     0    -0.000408
    6     1    -2     1     0     0.000297
    6     1    -2    -2     0     0.000297
    6     1     0     2     0    -0.000165
    6     1     0    -3     0    -0.000165
    6     1     2     1     0     0.000297
    6     1     2    -2     0     0.000297
    6     2     1    -1     0     0.000594
    6     2     1     0     0     0.000594
    6     2    -3    -1     0     0.000594
    6     2    -3     0     0     0.000594
    6     1    -1     0    -1     0.000087
    6     1    -1    -1    -1     0.000087
    6     1     1     0    -1     0.000087
    6     1     1    -1    -1     0.000087
    6     3     1    -1     1     0.000127
    6     3     1     0     1     0.000127
    6     3    -1    -1     1     0.000127
    6     3    -1     0     1     0.000127
    6     3     1    -3     0    -0.000029
    6     3     1     2     0    -0.000029
    6     3    -1    -3     0    -0.000029
    6     3    -1     2     0    -0.000029
    6     1    -1     2     0     0.000204
    6     1    -1    -3     0     0.000204
    6     1     1     2     0     0.000204
    6     1     1    -3     0     0.000204
    6     1     0     1    -1     0.000277
    6     1     0    -2    -1     0.000277
    6     2     1    -2    -1    -0.000524
    6     2     1     1    -1    -0.000524
    6     2    -1    -3    -1     0.000232
    6     2    -1     2    -1     0.000232
    6     2    -3    -2    -1    -0.000524
    6     2    -3     1    -1    -0.000524
    6     3     0    -2     1     0.000597
    6     3     0     1     1     0.000597
    6     2     1    -2     0    -0.000031
    6     2     1     1     0    -0.000031
    6     2    -1    -3     0     0.000689
    6     2    -1     2     0     0.000689
    6     2    -3    -2     0    -0.000031
    6     2    -3     1     0    -0.000031
    6     5     0     0    -1    -0.006157
    6     6    -1     0     0    -0.002008
    6     6     0    -1     0    -0.004440
    6     6     0     1     0    -0.004440
    6     6     1     0     0    -0.002008
    6     4     0     0     0    -0.001190
    6     7     0     0     0     0.008644
    6     7     0    -1     0     0.008644
    6     7    -1     0     0     0.008644
    6     7    -1    -1     0     0.008644
    6     5     1     0    -1    -0.000418
    6     5     0    -1    -1     0.003509
    6     5     0     1    -1     0.003509
    6     5    -1     0    -1    -0.000418
    6     6    -1    -1     0     0.003982
    6     6    -1     1     0     0.003982
    6     6     1    -1     0     0.003982
    6     6     1     1     0     0.003982
    6     4    -1     0     0     0.005555
    6     4     0    -1     0     0.006103
    6     4     0     1     0     0.006103
    6     4     1     0     0     0.005555
    6     5     1    -1    -1    -0.000363
    6     5     1     1    -1    -0.000363
    6     5    -1    -1    -1    -0.000363
    6     5    -1     1    -1    -0.000363
    6     4    -1    -1     0    -0.001267
    6     4    -1     1     0    -0.001267
    6     4     1    -1     0    -0.001267
    6     4     1     1     0    -0.001267
    6     7     1     0     0     0.000976
    6     7     1    -1     0     0.000976
    6     7     0     1     0     0.000975
    6     7     0    -2     0     0.000975
    6     7    -1     1     0     0.000975
    6     7    -1    -2     0     0.000975
    6     7    -2     0     0     0.000976
    6     7    -2    -1     0     0.000976
    6     4     0     0    -1     0.000324
    6     5     0     0     0    -0.000698
    6     6     2     0     0     0.000293
    6     6     0    -2     0     0.000903
    6     6     0     2     0     0.000903
    6     6    -2     0     0     0.000293
    6     7     0     0    -1     0.000392
    6     7     0    -1    -1     0.000392
    6     7    -1     0    -1     0.000392
    6     7    -1    -1    -1     0.000392
    6     4    -1     0    -1     0.000923
    6     4     0    -1    -1     0.002075
    6     4     0     1    -1     0.002075
    6     4     1     0    -1     0.000923
    6     5     2     0    -1     0.000763
    6     5     0    -2    -1     0.001805
    6     5     0     2    -1     0.001805
    6     5    -2     0    -1     0.000763
    6     5     1     0     0     0.000311
    6     5     0    -1     0     0.001962
    6     5     0     1     0     0.001962
    6     5    -1     0     0     0.000311
    6     6     2    -1     0     0.001617
    6     6     2     1     0     0.001617
    6     6    -2    -1     0     0.001617
    6     6    -2     1     0     0.001617
    6     6    -1    -2     0     0.001191
    6     6    -1     2     0     0.001191
    6     6     1    -2     0     0.001191
    6     6     1     2     0     0.001191
    6     4    -2     0     0     0.000554
    6     4     0    -2     0     0.000348
    6     4     0     2     0     0.000348
    6     4     2     0     0     0.000554
    6     7     1     1     0     0.000779
    6     7     1    -2     0     0.000779
    6     7    -2     1     0     0.000779
    6     7    -2    -2     0     0.000779
    6     4    -1    -1    -1     0.000181
    6     4    -1     1    -1     0.000181
    6     4     1    -1    -1     0.000181
    6     4     1     1    -1     0.000181
    6     5     2    -1    -1     0.001000
    6     5     2     1    -1     0.001000
    6     5     1    -2    -1     0.000968
    6     5     1     2    -1     0.000968
    6     5    -1    -2    -1     0.000968
    6     5    -1     2    -1     0.000968
    6     5    -2    -1    -1     0.001000
    6     5    -2     1    -1     0.001000
    6     5     1    -1     0     0.000839
    6     5     1     1     0     0.000839
    6     5    -1    -1     0     0.000839
    6     5    -1     1     0     0.000839
    6     4    -2    -1     0     0.000189
    6     4    -2     1     0     0.000189
    6     4    -1    -2     0    -0.000123
    6     4    -1     2     0    -0.000123
    6     4     1    -2     0    -0.000123
    6     4     1     2     0    -0.000123
    6     4     2    -1     0     0.000189
    6     4     2     1     0     0.000189
    6     7     1     0    -1    -0.000072
    6     7     1    -1    -1    -0.000072
    6     7     0     1    -1    -0.000072
    6     7     0    -2    -1    -0.000072
    6     7    -1     1    -1    -0.000072
    6     7    -1    -2    -1    -0.000072
    6     7    -2     0    -1    -0.000072
    6     7    -2    -1    -1    -0.000072
    6     7     2     0     0     0.000151
    6     7     2    -1     0     0.000151
    6     7     0     2     0     0.000150
    6     7     0    -3     0     0.000150
    6     7    -1     2     0     0.000150
    6     7    -1    -3     0     0.000150
    6     7    -3     0     0     0.000151
    6     7    -3    -1     0     0.000151
    6     4    -2     0    -1     0.002319
    6     4     0    -2    -1    -0.000627
    6     4     0     2    -1    -0.000627
    6     4     2     0    -1     0.002319
    6     5     2     0     0     0.000197
    6     5     0    -2     0    -0.002794
    6     5     0     2     0    -0.002794
    6     5    -2     0     0     0.000197
    6     6     2    -2     0    -0.002474
    6     6     2     2     0    -0.002474
    6     6    -2    -2     0    -0.002474
    6     6    -2     2     0    -0.002474
    6     7     1     1    -1    -0.000191
    6     7     1    -2    -1    -0.000191
    6     7    -2     1    -1    -0.000191
    6     7    -2    -2    -1    -0.000191
    6     4    -2    -1    -1     0.000249
    6     4    -2     1    -1     0.000249
    6     4    -1    -2    -1     0.000235
    6     4    -1     2    -1     0.000235
    6     4     1    -2    -1     0.000235
    6     4     1     2    -1     0.000235
    6     4     2    -1    -1     0.000249
    6     4     2     1    -1     0.000249
    6     6     0     0    -1     0.000009
    6     6     0     0     1     0.000009
    6     5     2    -2    -1     0.000806
    6     5     2     2    -1     0.000806
    6     5    -2    -2    -1     0.000806
    6     5    -2     2    -1     0.000806
    6     5     2    -1     0     0.000011
    6     5     2     1     0     0.000011
    6     5     1    -2     0     0.000596
    6     5     1     2     0     0.000596
    6     5    -1    -2     0     0.000596
    6     5    -1     2     0     0.000596
    6     5    -2    -1     0     0.000011
    6     5    -2     1     0     0.000011
    6     6    -3     0     0    -0.000004
    6     6     0    -3     0     0.000196
    6     6     0     3     0     0.000196
    6     6     3     0     0    -0.000004
    6    11    -1     0     0     0.536941
    6    11     0     0     0     0.536941
    6     9     0     0     0     0.075072
    6     9     0    -1     0     0.075072
    6     9    -1     0     0     0.075072
    6     9    -1    -1     0     0.075072
    6     8     0    -1     0     0.010326
    6     8     0     0     0     0.010326
    6     8    -1    -1     0     0.010326
    6     8    -1     0     0     0.010326
    6    11    -1    -1     0     0.069669
    6    11    -1     1     0     0.069669
    6    11     0    -1     0     0.069669
    6    11     0     1     0     0.069669
    6    10    -1     0    -1     0.007028
    6    10     0     0    -1     0.007028
    6    11    -2     0     0     0.010851
    6    11     1     0     0     0.010851
    6    10    -1     0     0     0.003106
    6    10     0     0     0     0.003106
    6     9     1     0     0     0.003199
    6     9     1    -1     0     0.003199
    6     9     0     1     0     0.003199
    6     9     0    -2     0     0.003199
    6     9    -1     1     0     0.003199
    6     9    -1    -2     0     0.003199
    6     9    -2     0     0     0.003199
    6     9    -2    -1     0     0.003199
    6    10    -1     1    -1    -0.004341
    6    10    -1    -1    -1    -0.004341
    6    10     0     1    -1    -0.004341
    6    10     0    -1    -1    -0.004341
    6     8     1    -1     0     0.003330
    6     8     1     0     0     0.003330
    6     8     0    -2     0     0.001439
    6     8     0     1     0     0.001439
    6     8    -1    -2     0     0.001439
    6     8    -1     1     0     0.001439
    6     8    -2    -1     0     0.003330
    6     8    -2     0     0     0.003330
    6    11    -2    -1     0    -0.001312
    6    11    -2     1     0    -0.001312
    6    11     1    -1     0    -0.001312
    6    11     1     1     0    -0.001312
    6    10    -1     1     0     0.007100
    6    10    -1    -1     0     0.007100
    6    10     0     1     0     0.007100
    6    10     0    -1     0     0.007100
    6    10    -2     0    -1     0.007919
    6    10     1     0    -1     0.007919
    6    11    -1    -2     0    -0.000162
    6    11    -1     2     0    -0.000162
    6    11     0    -2     0    -0.000162
    6    11     0     2     0    -0.000162
    6     8     0    -1     1     0.000579
    6     8     0     0     1     0.000579
    6     8    -1    -1     1     0.000579
    6     8    -1     0     1     0.000579
    6    10    -2     0     0    -0.005219
    6    10     1     0     0    -0.005219
    6     9     1     1     0    -0.002995
    6     9     1    -2     0    -0.002995
    6     9    -2     1     0    -0.002995
    6     9    -2    -2     0    -0.002995
    6    10    -2     1    -1     0.003554
    6    10    -2    -1    -1     0.003554
    6    10     1     1    -1     0.003554
    6    10     1    -1    -1     0.003554
    6     8     1    -2     0     0.000786
    6     8     1     1     0     0.000786
    6     8    -2    -2     0     0.000786
    6     8    -2     1     0     0.000786
    6    10    -2     1     0     0.000151
    6    10    -2    -1     0     0.000151
    6    10     1     1     0     0.000151
    6    10     1    -1     0     0.000151
    6    10    -1     2    -1    -0.002515
    6    10    -1    -2    -1    -0.002515
    6    10     0     2    -1    -0.002515
    6    10     0    -2    -1    -0.002515
    6    11    -1     0     1     0.000432
    6    11     0     0     1     0.000432
    6    11    -3     0     0     0.001064
    6    11    -2    -2     0    -0.004198
    6    11    -2     2     0    -0.004198
    6    11     1    -2     0    -0.004198
    6    11     1     2     0    -0.004198
    6    11     2     0     0     0.001064
    6     8     1    -1     1     0.000604
    6     8     1     0     1     0.000604
    6     8     0    -2     1     0.000569
    6     8     0     1     1     0.000569
    6     8    -1    -2     1     0.000569
    6     8    -1     1     1     0.000569
    6     8    -2    -1     1     0.000604
    6     8    -2     0     1     0.000604
    6    10    -1     2     0    -0.000656
    6    10    -1    -2     0    -0.000656
    6    10     0     2     0    -0.000656
    6    10     0    -2     0    -0.000656
    6     9     2     0     0     0.000085
    6     9     2    -1     0     0.000085
    6     9     0     2     0     0.000085
    6     9     0    -3     0     0.000085
    6     9    -1     2     0     0.000085
    6     9    -1    -3     0     0.000085
    6     9    -3    -1     0     0.000085
    6     9    -3     0     0     0.000085
    6     8     2    -1     0     0.000048
    6     8     2     0     0     0.000048
    6     8     0    -3     0    -0.000024
    6     8     0     2     0    -0.000024
    6     8    -1    -3     0    -0.000024
    6     8    -1     2     0    -0.000024
    6     8    -3    -1     0     0.000048
    6     8    -3     0     0     0.000048
    6    11    -1    -1     1     0.000475
    6    11    -1     1     1     0.000475
    6    11     0    -1     1     0.000475
    6    11     0     1     1     0.000475
    6    11    -3    -1     0     0.001503
    6    11    -3     1     0     0.001503
    6    11     2    -1     0     0.001503
    6    11     2     1     0     0.001503
    6    10    -3     0    -1     0.000584
    6    10    -2     2    -1     0.000538
    6    10    -2    -2    -1     0.000538
    6    10     1     2    -1     0.000538
    6    10     1    -2    -1     0.000538
    6    10     2     0    -1     0.000584
    6    11    -2     0     1    -0.000756
    6    11     1     0     1    -0.000756
    6     8     1    -2     1    -0.000303
    6     8     1     1     1    -0.000303
    6     8    -2    -2     1    -0.000303
    6     8    -2     1     1    -0.000303
    6    10    -3     0     0    -0.000594
    6    10    -2     2     0    -0.000068
    6    10    -2    -2     0    -0.000068
    6    10     1     2     0    -0.000068
    6    10     1    -2     0    -0.000068
    6    10     2     0     0    -0.000594
    6     9     2     1     0     0.000558
    6     9     2    -2     0     0.000558
    6     9     1     2     0     0.000558
    6     9     1    -3     0     0.000558
    6     9    -2     2     0     0.000558
    6     9    -2    -3     0     0.000558
    6     9    -3     1     0     0.000558
    6     9    -3    -2     0     0.000558
    7     2    -1     0     0     0.073453
    7     2     0     0     0     0.073453
    7     1     0     0     0     0.063662
    7     1     1     0     0     0.063662
    7     2    -1    -1     0     0.018120
    7     2    -1     1     0     0.018120
    7     2     0    -1     0     0.018120
    7     2     0     1     0     0.018120
    7     1     0    -1     0     0.001985
    7     1     0     1     0     0.001985
    7     1     1    -1     0     0.001985
    7     1     1     1     0     0.001985
    7     3     0     0     1     0.003790
    7     3     1     0     1     0.003790
    7     2    -2     0     0     0.005444
    7     2     1     0     0     0.005444
    7     1    -1     0     0     0.001609
    7     1     2     0     0     0.001609
    7     3     0     0     0     0.001512
    7     3     1     0     0     0.001512
    7     3     0    -1     1     0.002357
    7     3     0     1     1     0.002357
    7     3     1    -1     1     0.002357
    7     3     1     1     1     0.002357
    7     2    -2    -1     0     0.003405
    7     2    -2     1     0     0.003405
    7     2     1    -1     0     0.003405
    7     2     1     1     0     0.003405
    7     1    -1    -1     0     0.000206
    7     1    -1     1     0     0.000206
    7     1     2    -1     0     0.000206
    7     1     2     1     0     0.000206
    7     3     0    -1     0     0.001151
    7     3     0     1     0     0.001151
    7     3     1    -1     0     0.001151
    7     3     1     1     0     0.001151
    7     3    -1     0     1    -0.001813
    7     3     2     0     1    -0.001813
    7     2    -1    -2     0     0.000198
    7     2    -1     2     0     0.000198
    7     2     0    -2     0     0.000198
    7     2     0     2     0     0.000198
    7     1     0    -2     0     0.000591
    7     1     0     2     0     0.000591
    7     1     1    -2     0     0.000591
    7     1     1     2     0     0.000591
    7     3    -1     0     0    -0.006023
    7     3     2     0     0    -0.006023
    7     3    -1    -1     1     0.000626
    7     3    -1     1     1     0.000626
    7     3     2    -1     1     0.000626
    7     3     2     1     1     0.000626
    7     3    -1    -1     0     0.000179
    7     3    -1     1     0     0.000179
    7     3     2    -1     0     0.000179
    7     3     2     1     0     0.000179
    7     1     0     0     1     0.000172
    7     1     1     0     1     0.000172
    7     3     0    -2     1    -0.000031
    7     3     0     2     1    -0.000031
    7     3     1    -2     1    -0.000031
    7     3     1     2     1    -0.000031
    7     2    -1     0    -1     0.000222
    7     2     0     0    -1     0.000222
    7     2    -3     0     0     0.000120
    7     2    -2    -2     0    -0.000408
    7     2    -2     2     0    -0.000408
    7     2     1    -2     0    -0.000408
    7     2     1     2     0    -0.000408
    7     2     2     0     0     0.000120
    7     1    -2     0     0    -0.000165
    7     1    -1    -2     0     0.000297
    7     1    -1     2     0     0.000297
    7     1     2    -2     0     0.000297
    7     1     2     2     0     0.000297
    7     1     3     0     0    -0.000165
    7     3     0    -2     0     0.000594
    7     3     0     2     0     0.000594
    7     3     1    -2     0     0.000594
    7     3     1     2     0     0.000594
    7     1     0    -1     1     0.000087
    7     1     0     1     1     0.000087
    7     1     1    -1     1     0.000087
    7     1     1     1     1     0.000087
    7     2    -1    -1    -1     0.000127
    7     2    -1     1    -1     0.000127
    7     2     0    -1    -1     0.000127
    7     2     0     1    -1     0.000127
    7     2    -3    -1     0    -0.000029
    7     2    -3     1     0    -0.000029
    7     2     2    -1     0    -0.000029
    7     2     2     1     0    -0.000029
    7     1    -2    -1     0     0.000204
    7     1    -2     1     0     0.000204
    7     1     3    -1     0     0.000204
    7     1     3     1     0     0.000204
    7     1    -1     0     1     0.000277
    7     1     2     0     1     0.000277
    7     3    -2     0     1     0.000232
    7     3    -1    -2     1    -0.000524
    7     3    -1     2     1    -0.000524
    7     3     2    -2     1    -0.000524
    7     3     2     2     1    -0.000524
    7     3     3     0     1     0.000232
    7     2    -2     0    -1     0.000597
    7     2     1     0    -1     0.000597
    7     3    -2     0     0     0.000689
    7     3    -1    -2     0    -0.000031
    7     3    -1     2     0    -0.000031
    7     3     2    -2     0    -0.000031
    7     3     2     2     0    -0.000031
    7     3     3     0     0     0.000689
    7     4     0     0     0     0.075051
    7     4     0     1     0     0.075051
    7     4     1     0     0     0.075051
    7     4     1     1     0     0.075051
    7     7    -1     0     0    -0.004444
    7     7     0    -1     0    -0.001994
    7     7     1     0     0    -0.004444
    7     7     0     1     0    -0.001994
    7     5     0     0     0     0.010305
    7     5     0     1     0     0.010305
    7     5     1     0     0     0.010305
    7     5     1     1     0     0.010305
    7     6     0     0     0     0.008644
    7     6     0     1     0     0.008644
    7     6     1     0     0     0.008644
    7     6     1     1     0     0.008644
    7     7    -1    -1     0     0.004002
    7     7     1    -1     0     0.004002
    7     7    -1     1     0     0.004002
    7     7     1     1     0     0.004002
    7     4    -1     0     0     0.003198
    7     4    -1     1     0     0.003198
    7     4     0    -1     0     0.003198
    7     4     0     2     0     0.003198
    7     4     1    -1     0     0.003198
    7     4     1     2     0     0.003198
    7     4     2     0     0     0.003198
    7     4     2     1     0     0.003198
    7     5    -1     0     0     0.001438
    7     5    -1     1     0     0.001438
    7     5     0    -1     0     0.003326
    7     5     0     2     0     0.003326
    7     5     1    -1     0     0.003326
    7     5     1     2     0     0.003326
    7     5     2     0     0     0.001438
    7     5     2     1     0     0.001438
    7     6    -1     0     0     0.000976
    7     6    -1     1     0     0.000976
    7     6     0    -1     0     0.000975
    7     6     0     2     0     0.000975
    7     6     1    -1     0     0.000975
    7     6     1     2     0     0.000975
    7     6     2     0     0     0.000976
    7     6     2     1     0     0.000976
    7     7    -2     0     0     0.000905
    7     7     0    -2     0     0.000293
    7     7     0     2     0     0.000293
    7     7     2     0     0     0.000905
    7     6     0     0     1     0.000392
    7     6     0     1     1     0.000392
    7     6     1     0     1     0.000392
    7     6     1     1     1     0.000392
    7     5     0     0    -1     0.000579
    7     5     0     1    -1     0.000579
    7     5     1     0    -1     0.000579
    7     5     1     1    -1     0.000579
    7     4    -1    -1     0    -0.002995
    7     4    -1     2     0    -0.002995
    7     4     2    -1     0    -0.002995
    7     4     2     2     0    -0.002995
    7     7    -2    -1     0     0.001194
    7     7    -2     1     0     0.001194
    7     7    -1    -2     0     0.001620
    7     7    -1     2     0     0.001620
    7     7     1    -2     0     0.001620
    7     7     1     2     0     0.001620
    7     7     2    -1     0     0.001194
    7     7     2     1     0     0.001194
    7     5    -1    -1     0     0.000787
    7     5    -1     2     0     0.000787
    7     5     2    -1     0     0.000787
    7     5     2     2     0     0.000787
    7     6    -1    -1     0     0.000779
    7     6    -1     2     0     0.000779
    7     6     2    -1     0     0.000779
    7     6     2     2     0     0.000779
    7     6    -1     0     1    -0.000072
    7     6    -1     1     1    -0.000072
    7     6     0    -1     1    -0.000072
    7     6     0     2     1    -0.000072
    7     6     1    -1     1    -0.000072
    7     6     1     2     1    -0.000072
    7     6     2     0     1    -0.000072
    7     6     2     1     1    -0.000072
    7     5    -1     0    -1     0.000570
    7     5    -1     1    -1     0.000570
    7     5     0    -1    -1     0.000604
    7     5     0     2    -1     0.000604
    7     5     1    -1    -1     0.000604
    7     5     1     2    -1     0.000604
    7     5     2     0    -1     0.000570
    7     5     2     1    -1     0.000570
    7     4    -2     0     0     0.000085
    7     4    -2     1     0     0.000085
    7     4     0    -2     0     0.000085
    7     4     0     3     0     0.000085
    7     4     1    -2     0     0.000085
    7     4     1     3     0     0.000085
    7     4     3     0     0     0.000085
    7     4     3     1     0     0.000085
    7     5    -2     0     0    -0.000024
    7     5    -2     1     0    -0.000024
    7     5     0    -2     0     0.000048
    7     5     0     3     0     0.000048
    7     5     1    -2     0     0.000048
    7     5     1     3     0     0.000048
    7     5     3     0     0    -0.000024
    7     5     3     1     0    -0.000024
    7     6    -2     0     0     0.000151
    7     6    -2     1     0     0.000151
    7     6     0    -2     0     0.000150
    7     6     0     3     0     0.000150
    7     6     1    -2     0     0.000150
    7     6     1     3     0     0.000150
    7     6     3     0     0     0.000151
    7     6     3     1     0     0.000151
    7     7    -2    -2     0    -0.002480
    7     7    -2     2     0    -0.002480
    7     7     2    -2     0    -0.002480
    7     7     2     2     0    -0.002480
    7     6    -1    -1     1    -0.000191
    7     6    -1     2     1    -0.000191
    7     6     2    -1     1    -0.000191
    7     6     2     2     1    -0.000191
    7     5    -1    -1    -1    -0.000303
    7     5    -1     2    -1    -0.000303
    7     5     2    -1    -1    -0.000303
    7     5     2     2    -1    -0.000303
    7     4    -2    -1     0     0.000558
    7     4    -2     2     0     0.000558
    7     4    -1    -2     0     0.000558
    7     4    -1     3     0     0.000558
    7     4     2    -2     0     0.000558
    7     4     2     3     0     0.000558
    7     4     3    -1     0     0.000558
    7     4     3     2     0     0.000558
    7     7     0     0    -1     0.000009
    7     7     0     0     1     0.000009
    7     7    -3     0     0     0.000196
    7     7     0    -3     0    -0.000004
    7     7     0     3     0    -0.000004
    7     7     3     0     0     0.000196
    7    10     0     0     0     0.536848
    7    10     0     1     0     0.536848
    7     8     0     0     1    -0.006152
    7     9     0     0     0    -0.001192
    7    10    -1     0     0     0.069587
    7    10    -1     1     0     0.069587
    7    10     1     0     0     0.069587
    7    10     1     1     0     0.069587
    7     8    -1     0     1     0.003514
    7     8     0    -1     1    -0.000422
    7     8     0     1     1    -0.000422
    7     8     1     0     1     0.003514
    7     9    -1     0     0     0.006103
    7     9     0    -1     0     0.005551
    7     9     0     1     0     0.005551
    7     9     1     0     0     0.006103
    7    11     0     0     1     0.007027
    7    11     0     1     1     0.007027
    7    10     0    -1     0     0.010853
    7    10     0     2     0     0.010853
    7    11     0     0     0     0.003111
    7    11     0     1     0     0.003111
    7     8    -1    -1     1    -0.000362
    7     8    -1     1     1    -0.000362
    7     8     1    -1     1    -0.000362
    7     8     1     1     1    -0.000362
    7     9    -1    -1     0    -0.001267
    7     9    -1     1     0    -0.001267
    7     9     1    -1     0    -0.001267
    7     9     1     1     0    -0.001267
    7    11    -1     0     1    -0.004350
    7    11    -1     1     1    -0.004350
    7    11     1     0     1    -0.004350
    7    11     1     1     1    -0.004350
    7    10    -1    -1     0    -0.001321
    7    10    -1     2     0    -0.001321
    7    10     1    -1     0    -0.001321
    7    10     1     2     0    -0.001321
    7    11    -1     0     0     0.007098
    7    11    -1     1     0     0.007098
    7    11     1     0     0     0.007098
    7    11     1     1     0     0.007098
    7     9     0     0     1     0.000322
    7     8     0     0     0    -0.000698
    7    11     0    -1     1     0.007834
    7    11     0     2     1     0.007834
    7    10    -2     0     0    -0.000162
    7    10    -2     1     0    -0.000162
    7    10     2     0     0    -0.000162
    7    10     2     1     0    -0.000162
    7    11     0    -1     0    -0.005220
    7    11     0     2     0    -0.005220
    7     9    -1     0     1     0.002075
    7     9     0    -1     1     0.000925
    7     9     0     1     1     0.000925
    7     9     1     0     1     0.002075
    7     8    -2     0     1     0.001804
    7     8     0    -2     1     0.000767
    7     8     0     2     1     0.000767
    7     8     2     0     1     0.001804
    7     8    -1     0     0     0.001962
    7     8     0    -1     0     0.000312
    7     8     0     1     0     0.000312
    7     8     1     0     0     0.001962
    7     9    -2     0     0     0.000349
    7     9     0    -2     0     0.000554
    7     9     0     2     0     0.000554
    7     9     2     0     0     0.000349
    7    11    -1    -1     1     0.003560
    7    11    -1     2     1     0.003560
    7    11     1    -1     1     0.003560
    7    11     1     2     1     0.003560
    7    11    -1    -1     0     0.000152
    7    11    -1     2     0     0.000152
    7    11     1    -1     0     0.000152
    7    11     1     2     0     0.000152
    7     9    -1    -1     1     0.000180
    7     9    -1     1     1     0.000180
    7     9     1    -1     1     0.000180
    7     9     1     1     1     0.000180
    7     8    -2    -1     1     0.000968
    7     8    -2     1     1     0.000968
    7     8    -1    -2     1     0.001001
    7     8    -1     2     1     0.001001
    7     8     1    -2     1     0.001001
    7     8     1     2     1     0.001001
    7     8     2    -1     1     0.000968
    7     8     2     1     1     0.000968
    7     8    -1    -1     0     0.000840
    7     8    -1     1     0     0.000840
    7     8     1    -1     0     0.000840
    7     8     1     1     0     0.000840
    7     9    -2    -1     0    -0.000123
    7     9    -2     1     0    -0.000123
    7     9    -1    -2     0     0.000189
    7     9    -1     2     0     0.000189
    7     9     1    -2     0     0.000189
    7     9     1     2     0     0.000189
    7     9     2    -1     0    -0.000123
    7     9     2     1     0    -0.000123
    7    11    -2     0     1    -0.002513
    7    11    -2     1     1    -0.002513
    7    11     2     0     1    -0.002513
    7    11     2     1     1    -0.002513
    7    10     0     0    -1     0.000432
    7    10     0     1    -1     0.000432
    7    10    -2    -1     0    -0.004192
    7    10    -2     2     0    -0.004192
    7    10     0    -2     0     0.001067
    7    10     0     3     0     0.001067
    7    10     2    -1     0    -0.004192
    7    10     2     2     0    -0.004192
    7    11    -2     0     0    -0.000654
    7    11    -2     1     0    -0.000654
    7    11     2     0     0    -0.000654
    7    11     2     1     0    -0.000654
    7    10    -1     0    -1     0.000475
    7    10    -1     1    -1     0.000475
    7    10     1     0    -1     0.000475
    7    10     1     1    -1     0.000475
    7    10    -1    -2     0     0.001503
    7    10    -1     3     0     0.001503
    7    10     1    -2     0     0.001503
    7    10     1     3     0     0.001503
    7     9    -2     0     1    -0.000627
    7     9     0    -2     1     0.002325
    7     9     0     2     1     0.002325
    7     9     2     0     1    -0.000627
    7     8    -2     0     0    -0.002794
    7     8     0    -2     0     0.000197
    7     8     0     2     0     0.000197
    7     8     2     0     0    -0.002794
    7    11    -2    -1     1     0.000538
    7    11    -2     2     1     0.000538
    7    11     0    -2     1     0.000586
    7    11     0     3     1     0.000586
    7    11     2    -1     1     0.000538
    7    11     2     2     1     0.000538
    7    10     0    -1    -1    -0.000756
    7    10     0     2    -1    -0.000756
    7    11    -2    -1     0    -0.000069
    7    11    -2     2     0    -0.000069
    7    11     0    -2     0    -0.000595
    7    11     0     3     0    -0.000595
    7    11     2    -1     0    -0.000069
    7    11     2     2     0    -0.000069
    7     9    -2    -1     1     0.000235
    7     9    -2     1     1     0.000235
    7     9    -1    -2     1     0.000250
    7     9    -1     2     1     0.000250
    7     9     1    -2     1     0.000250
    7     9     1     2     1     0.000250
    7     9     2    -1     1     0.000235
    7     9     2     1     1     0.000235
    7     8    -2    -2     1     0.000806
    7     8    -2     2     1     0.000806
    7     8     2    -2     1     0.000806
    7     8     2     2     1     0.000806
    7     8    -2    -1     0     0.000596
    7     8    -2     1     0     0.000596
    7     8    -1    -2     0     0.000011
    7     8    -1     2     0     0.000011
    7     8     1    -2     0     0.000011
    7     8     1     2     0     0.000011
    7     8     2    -1     0     0.000596
    7     8     2     1     0     0.000596
    8     3     0     0     0     0.101024
    8     3     1     0     0     0.101024
    8     2    -1     0    -1     0.101024
    8     2     0     0    -1     0.101024
    8     3     0    -1     0     0.012811
    8     3     0     1     0     0.012811
    8     3     1    -1     0     0.012811
    8     3     1     1     0     0.012811
    8     2    -1    -1    -1     0.012811
    8     2    -1     1    -1     0.012811
    8     2     0    -1    -1     0.012811
    8     2     0     1    -1     0.012811
    8     1     0     0     0     0.002757
    8     1     1     0     0     0.002757
    8     1     0     0    -1     0.002757
    8     1     1     0    -1     0.002757
    8     3    -1     0     0     0.003030
    8     3     2     0     0     0.003030
    8     2    -2     0    -1     0.003030
    8     2     1     0    -1     0.003030
    8     1     0     1     0     0.001770
    8     1     0    -1     0     0.001770
    8     1     1     1     0     0.001770
    8     1     1    -1     0     0.001770
    8     1     0     1    -1     0.001770
    8     1     0    -1    -1     0.001770
    8     1     1     1    -1     0.001770
    8     1     1    -1    -1     0.001770
    8     3    -1    -1     0     0.002862
    8     3    -1     1     0     0.002862
    8     3     2    -1     0     0.002862
    8     3     2     1     0     0.002862
    8     2    -2    -1    -1     0.002862
    8     2    -2     1    -1     0.002862
    8     2     1    -1    -1     0.002862
    8     2     1     1    -1     0.002862
    8     1    -1     0     0    -0.002452
    8     1     2     0     0    -0.002452
    8     1    -1     0    -1    -0.002452
    8     1     2     0    -1    -0.002452
    8     3     0    -2     0     0.000172
    8     3     0     2     0     0.000172
    8     3     1    -2     0     0.000172
    8     3     1     2     0     0.000172
    8     2    -1    -2    -1     0.000172
    8     2    -1     2    -1     0.000172
    8     2     0    -2    -1     0.000172
    8     2     0     2    -1     0.000172
    8     1    -1     1     0     0.000556
    8     1    -1    -1     0     0.000556
    8     1     2     1     0     0.000556
    8     1     2    -1     0     0.000556
    8     1    -1     1    -1     0.000556
    8     1    -1    -1    -1     0.000556
    8     1     2     1    -1     0.000556
    8     1     2    -1    -1     0.000556
    8     2    -1     0     0     0.000154
    8     2     0     0     0     0.000154
    8     3     0     0    -1     0.000154
    8     3     1     0    -1     0.000154
    8     1     0     2     0     0.000035
    8     1     0    -2     0     0.000035
    8     1     1     2     0     0.000035
    8     1     1    -2     0     0.000035
    8     1     0     2    -1     0.000035
    8     1     0    -2    -1     0.000035
    8     1     1     2    -1     0.000035
    8     1     1    -2    -1     0.000035
    8     3    -2     0     0     0.000143
    8     3    -1    -2     0     0.000157
    8     3    -1     2     0     0.000157
    8     3     2    -2     0     0.000157
    8     3     2     2     0     0.000157
    8     3     3     0     0     0.000143
    8     2    -3     0    -1     0.000143
    8     2    -2    -2    -1     0.000157
    8     2    -2     2    -1     0.000157
    8     2     1    -2    -1     0.000157
    8     2     1     2    -1     0.000157
    8     2     2     0    -1     0.000143
    8     2    -1    -1     0     0.000068
    8     2    -1     1     0     0.000068
    8     2     0    -1     0     0.000068
    8     2     0     1     0     0.000068
    8     3     0    -1    -1     0.000068
    8     3     0     1    -1     0.000068
    8     3     1    -1    -1     0.000068
    8     3     1     1    -1     0.000068
    8     3    -2    -1     0     0.000035
    8     3    -2     1     0     0.000035
    8     3     3    -1     0     0.000035
    8     3     3     1     0     0.000035
    8     2    -3    -1    -1     0.000035
    8     2    -3     1    -1     0.000035
    8     2     2    -1    -1     0.000035
    8     2     2     1    -1     0.000035
    8     2    -2     0     0     0.000636
    8     2     1     0     0     0.000636
    8     3    -1     0    -1     0.000636
    8     3     2     0    -1     0.000636
    8     1    -2     0     0     0.000281
    8     1    -1     2     0    -0.000289
    8     1    -1    -2     0    -0.000289
    8     1     2     2     0    -0.000289
    8     1     2    -2     0    -0.000289
    8     1     3     0     0     0.000281
    8     1    -2     0    -1     0.000281
    8     1    -1     2    -1    -0.000289
    8     1    -1    -2    -1    -0.000289
    8     1     2     2    -1    -0.000289
    8     1     2    -2    -1    -0.000289
    8     1     3     0    -1     0.000281
    8     5     0     0    -1     0.101623
    8     5     0     1    -1     0.101623
    8     5     1     0    -1     0.101623
    8     5     1     1    -1     0.101623
    8     7     0     0    -1    -0.006144
    8     4     0     0    -1     0.010304
    8     4     0     1    -1     0.010304
    8     4     1     0    -1     0.010304
    8     4     1     1    -1     0.010304
    8     6     0     0     0     0.010305
    8     6     0     1     0     0.010305
    8     6     1     0     0     0.010305
    8     6     1     1     0     0.010305
    8     7     1     0    -1     0.003513
    8     7     0     1    -1    -0.000420
    8     7     0    -1    -1    -0.000420
    8     7    -1     0    -1     0.003513
    8     5    -1     0    -1     0.002013
    8     5    -1     1    -1     0.002013
    8     5     0    -1    -1     0.002012
    8     5     0     2    -1     0.002012
    8     5     1    -1    -1     0.002012
    8     5     1     2    -1     0.002012
    8     5     2     0    -1     0.002013
    8     5     2     1    -1     0.002013
    8     7     1     1    -1    -0.000363
    8     7     1    -1    -1    -0.000363
    8     7    -1     1    -1    -0.000363
    8     7    -1    -1    -1    -0.000363
    8     4    -1     0    -1     0.003329
    8     4    -1     1    -1     0.003329
    8     4     0    -1    -1     0.001439
    8     4     0     2    -1     0.001439
    8     4     1    -1    -1     0.001439
    8     4     1     2    -1     0.001439
    8     4     2     0    -1     0.003329
    8     4     2     1    -1     0.003329
    8     6    -1     0     0     0.003329
    8     6    -1     1     0     0.003329
    8     6     0    -1     0     0.001435
    8     6     0     2     0     0.001435
    8     6     1    -1     0     0.001435
    8     6     1     2     0     0.001435
    8     6     2     0     0     0.003329
    8     6     2     1     0     0.003329
    8     7     0     0     0    -0.000699
    8     6     0     0    -1     0.000580
    8     6     0     1    -1     0.000580
    8     6     1     0    -1     0.000580
    8     6     1     1    -1     0.000580
    8     4     0     0     0     0.000580
    8     4     0     1     0     0.000580
    8     4     1     0     0     0.000580
    8     4     1     1     0     0.000580
    8     5    -1    -1    -1    -0.003414
    8     5    -1     2    -1    -0.003414
    8     5     2    -1    -1    -0.003414
    8     5     2     2    -1    -0.003414
    8     7     2     0    -1     0.001806
    8     7     0     2    -1     0.000763
    8     7     0    -2    -1     0.000763
    8     7    -2     0    -1     0.001806
    8     7     1     0     0     0.001962
    8     7     0     1     0     0.000312
    8     7     0    -1     0     0.000312
    8     7    -1     0     0     0.001962
    8     4    -1    -1    -1     0.000788
    8     4    -1     2    -1     0.000788
    8     4     2    -1    -1     0.000788
    8     4     2     2    -1     0.000788
    8     6    -1    -1     0     0.000786
    8     6    -1     2     0     0.000786
    8     6     2    -1     0     0.000786
    8     6     2     2     0     0.000786
    8     7     2     1    -1     0.000969
    8     7     2    -1    -1     0.000969
    8     7     1     2    -1     0.001002
    8     7     1    -2    -1     0.001002
    8     7    -1     2    -1     0.001002
    8     7    -1    -2    -1     0.001002
    8     7    -2     1    -1     0.000969
    8     7    -2    -1    -1     0.000969
    8     7     1     1     0     0.000840
    8     7     1    -1     0     0.000840
    8     7    -1     1     0     0.000840
    8     7    -1    -1     0     0.000840
    8     6    -1     0    -1     0.000604
    8     6    -1     1    -1     0.000604
    8     6     0    -1    -1     0.000572
    8     6     0     2    -1     0.000572
    8     6     1    -1    -1     0.000572
    8     6     1     2    -1     0.000572
    8     6     2     0    -1     0.000604
    8     6     2     1    -1     0.000604
    8     4    -1     0     0     0.000605
    8     4    -1     1     0     0.000605
    8     4     0    -1     0     0.000571
    8     4     0     2     0     0.000571
    8     4     1    -1     0     0.000571
    8     4     1     2     0     0.000571
    8     4     2     0     0     0.000605
    8     4     2     1     0     0.000605
    8     5    -2     0    -1     0.000319
    8     5    -2     1    -1     0.000319
    8     5     0    -2    -1     0.000319
    8     5     0     3    -1     0.000319
    8     5     1    -2    -1     0.000319
    8     5     1     3    -1     0.000319
    8     5     3     0    -1     0.000319
    8     5     3     1    -1     0.000319
    8     4    -2     0    -1     0.000048
    8     4    -2     1    -1     0.000048
    8     4     0    -2    -1    -0.000024
    8     4     0     3    -1    -0.000024
    8     4     1    -2    -1    -0.000024
    8     4     1     3    -1    -0.000024
    8     4     3     0    -1     0.000048
    8     4     3     1    -1     0.000048
    8     6    -2     0     0     0.000048
    8     6    -2     1     0     0.000048
    8     6     0    -2     0    -0.000024
    8     6     0     3     0    -0.000024
    8     6     1    -2     0    -0.000024
    8     6     1     3     0    -0.000024
    8     6     3     0     0     0.000048
    8     6     3     1     0     0.000048
    8     7     2     0     0    -0.002794
    8     7     0     2     0     0.000197
    8     7     0    -2     0     0.000197
    8     7    -2     0     0    -0.002794
    8     6    -1    -1    -1    -0.000303
    8     6    -1     2    -1    -0.000303
    8     6     2    -1    -1    -0.000303
    8     6     2     2    -1    -0.000303
    8     4    -1    -1     0    -0.000303
    8     4    -1     2     0    -0.000303
    8     4     2    -1     0    -0.000303
    8     4     2     2     0    -0.000303
    8     5    -2    -1    -1     0.000772
    8     5    -2     2    -1     0.000772
    8     5    -1    -2    -1     0.000772
    8     5    -1     3    -1     0.000772
    8     5     2    -2    -1     0.000772
    8     5     2     3    -1     0.000772
    8     5     3    -1    -1     0.000772
    8     5     3     2    -1     0.000772
    8     7     2     2    -1     0.000807
    8     7     2    -2    -1     0.000807
    8     7    -2     2    -1     0.000807
    8     7    -2    -2    -1     0.000807
    8     7     2     1     0     0.000596
    8     7     2    -1     0     0.000596
    8     7     1     2     0     0.000011
    8     7     1    -2     0     0.000011
    8     7    -1     2     0     0.000011
    8     7    -1    -2     0     0.000011
    8     7    -2     1     0     0.000596
    8     7    -2    -1     0     0.000596
    8    11     0     0     0     0.551984
    8    11     0     1     0     0.551984
    8    10     0     1    -1     0.551695
    8    10     0     0    -1     0.551695
    8     9     0     0     0    -0.006153
    8     8    -1     0     0    -0.007880
    8     8     0    -1     0    -0.009449
    8     8     1     0     0    -0.007880
    8     8     0     1     0    -0.009449
    8    11    -1     0     0     0.094175
    8    11    -1     1     0     0.094175
    8    11     1     0     0     0.094175
    8    11     1     1     0     0.094175
    8    10    -1     1    -1     0.094182
    8    10    -1     0    -1     0.094182
    8    10     1     1    -1     0.094182
    8    10     1     0    -1     0.094182
    8     9     1     0     0     0.003513
    8     9     0     1     0    -0.000419
    8     9     0    -1     0    -0.000419
    8     9    -1     0     0     0.003513
    8     8    -1    -1     0     0.005886
    8     8     1    -1     0     0.005886
    8     8    -1     1     0     0.005886
    8     8     1     1     0     0.005886
    8    11     0    -1     0     0.010799
    8    11     0     2     0     0.010799
    8    10     0     2    -1     0.010787
    8    10     0    -1    -1     0.010787
    8     9     1     1     0    -0.000362
    8     9     1    -1     0    -0.000362
    8     9    -1     1     0    -0.000362
    8     9    -1    -1     0    -0.000362
    8    11    -1    -1     0    -0.002574
    8    11    -1     2     0    -0.002574
    8    11     1    -1     0    -0.002574
    8    11     1     2     0    -0.002574
    8    10    -1     2    -1    -0.002571
    8    10    -1    -1    -1    -0.002571
    8    10     1     2    -1    -0.002571
    8    10     1    -1    -1    -0.002571
    8     9     0     0    -1    -0.000698
    8     8    -2     0     0     0.001536
    8     8     0    -2     0    -0.000218
    8     8     0     2     0    -0.000218
    8     8     2     0     0     0.001536
    8    11    -2     0     0     0.000328
    8    11    -2     1     0     0.000328
    8    11     2     0     0     0.000328
    8    11     2     1     0     0.000328
    8    10    -2     1    -1     0.000327
    8    10    -2     0    -1     0.000327
    8    10     2     1    -1     0.000327
    8    10     2     0    -1     0.000327
    8     9     2     0     0     0.001804
    8     9     0     2     0     0.000767
    8     9     0    -2     0     0.000767
    8     9    -2     0     0     0.001804
    8     9     1     0    -1     0.001962
    8     9     0     1    -1     0.000312
    8     9     0    -1    -1     0.000312
    8     9    -1     0    -1     0.001962
    8     8    -2    -1     0     0.001616
    8     8    -2     1     0     0.001616
    8     8    -1    -2     0     0.001940
    8     8    -1     2     0     0.001940
    8     8     1    -2     0     0.001940
    8     8     1     2     0     0.001940
    8     8     2    -1     0     0.001616
    8     8     2     1     0     0.001616
    8     9     2     1     0     0.000968
    8     9     2    -1     0     0.000968
    8     9     1     2     0     0.001001
    8     9     1    -2     0     0.001001
    8     9    -1     2     0     0.001001
    8     9    -1    -2     0     0.001001
    8     9    -2     1     0     0.000968
    8     9    -2    -1     0     0.000968
    8     9     1     1    -1     0.000839
    8     9     1    -1    -1     0.000839
    8     9    -1     1    -1     0.000839
    8     9    -1    -1    -1     0.000839
    8    10     0     1     0     0.001870
    8    10     0     0     0     0.001870
    8    11     0     0    -1     0.001871
    8    11     0     1    -1     0.001871
    8    11    -2    -1     0    -0.003942
    8    11    -2     2     0    -0.003942
    8    11     0    -2     0    -0.000163
    8    11     0     3     0    -0.000163
    8    11     2    -1     0    -0.003942
    8    11     2     2     0    -0.003942
    8    10    -2     2    -1    -0.003943
    8    10    -2    -1    -1    -0.003943
    8    10     0     3    -1    -0.000165
    8    10     0    -2    -1    -0.000165
    8    10     2     2    -1    -0.003943
    8    10     2    -1    -1    -0.003943
    8    10    -1     1     0    -0.000113
    8    10    -1     0     0    -0.000113
    8    10     1     1     0    -0.000113
    8    10     1     0     0    -0.000113
    8    11    -1     0    -1    -0.000114
    8    11    -1     1    -1    -0.000114
    8    11     1     0    -1    -0.000114
    8    11     1     1    -1    -0.000114
    8    11    -1    -2     0     0.000842
    8    11    -1     3     0     0.000842
    8    11     1    -2     0     0.000842
    8    11     1     3     0     0.000842
    8    10    -1     3    -1     0.000841
    8    10    -1    -2    -1     0.000841
    8    10     1     3    -1     0.000841
    8    10     1    -2    -1     0.000841
    8     9     2     0    -1    -0.002795
    8     9     0     2    -1     0.000196
    8     9     0    -2    -1     0.000196
    8     9    -2     0    -1    -0.002795
    8     8    -2    -2     0    -0.002070
    8     8    -2     2     0    -0.002070
    8     8     2    -2     0    -0.002070
    8     8     2     2     0    -0.002070
    8    10     0     2     0     0.001808
    8    10     0    -1     0     0.001808
    8    11     0    -1    -1     0.001810
    8    11     0     2    -1     0.001810
    8     8     0     0    -1     0.000108
    8     8     0     0     1     0.000108
    8     9     2     2     0     0.000806
    8     9     2    -2     0     0.000806
    8     9    -2     2     0     0.000806
    8     9    -2    -2     0     0.000806
    8     9     2     1    -1     0.000596
    8     9     2    -1    -1     0.000596
    8     9     1     2    -1     0.000011
    8     9     1    -2    -1     0.000011
    8     9    -1     2    -1     0.000011
    8     9    -1    -2    -1     0.000011
    8     9    -2     1    -1     0.000596
    8     9    -2    -1    -1     0.000596
    8     8    -3     0     0     0.000096
    8     8     0    -3     0     0.000099
    8     8     0     3     0     0.000099
    8     8     3     0     0     0.000096
    9     3     0     0     0     0.073453
    9     3     1     0     0     0.073453
    9     1     0     0     0     0.063662
    9     1     1     0     0     0.063662
    9     3     0    -1     0     0.018120
    9     3     0     1     0     0.018120
    9     3     1    -1     0     0.018120
    9     3     1     1     0     0.018120
    9     1     0    -1     0     0.001985
    9     1     0     1     0     0.001985
    9     1     1    -1     0     0.001985
    9     1     1     1     0     0.001985
    9     2    -1     0    -1     0.003790
    9     2     0     0    -1     0.003790
    9     3    -1     0     0     0.005444
    9     3     2     0     0     0.005444
    9     1    -1     0     0     0.001609
    9     1     2     0     0     0.001609
    9     2    -1     0     0     0.001512
    9     2     0     0     0     0.001512
    9     2    -1    -1    -1     0.002357
    9     2    -1     1    -1     0.002357
    9     2     0    -1    -1     0.002357
    9     2     0     1    -1     0.002357
    9     3    -1    -1     0     0.003405
    9     3    -1     1     0     0.003405
    9     3     2    -1     0     0.003405
    9     3     2     1     0     0.003405
    9     1    -1    -1     0     0.000206
    9     1    -1     1     0     0.000206
    9     1     2    -1     0     0.000206
    9     1     2     1     0     0.000206
    9     2    -1    -1     0     0.001151
    9     2    -1     1     0     0.001151
    9     2     0    -1     0     0.001151
    9     2     0     1     0     0.001151
    9     2    -2     0    -1    -0.001813
    9     2     1     0    -1    -0.001813
    9     3     0    -2     0     0.000198
    9     3     0     2     0     0.000198
    9     3     1    -2     0     0.000198
    9     3     1     2     0     0.000198
    9     1     0     2     0     0.000591
    9     1     0    -2     0     0.000591
    9     1     1     2     0     0.000591
    9     1     1    -2     0     0.000591
    9     2    -2     0     0    -0.006023
    9     2     1     0     0    -0.006023
    9     2    -2    -1    -1     0.000626
    9     2    -2     1    -1     0.000626
    9     2     1    -1    -1     0.000626
    9     2     1     1    -1     0.000626
    9     2    -2    -1     0     0.000179
    9     2    -2     1     0     0.000179
    9     2     1    -1     0     0.000179
    9     2     1     1     0     0.000179
    9     1     0     0    -1     0.000172
    9     1     1     0    -1     0.000172
    9     2    -1    -2    -1    -0.000031
    9     2    -1     2    -1    -0.000031
    9     2     0    -2    -1    -0.000031
    9     2     0     2    -1    -0.000031
    9     3     0     0     1     0.000222
    9     3     1     0     1     0.000222
    9     3    -2     0     0     0.000120
    9     3    -1    -2     0    -0.000408
    9     3    -1     2     0    -0.000408
    9     3     2    -2     0    -0.000408
    9     3     2     2     0    -0.000408
    9     3     3     0     0     0.000120
    9     1    -2     0     0    -0.000165
    9     1    -1     2     0     0.000297
    9     1    -1    -2     0     0.000297
    9     1     2     2     0     0.000297
    9     1     2    -2     0     0.000297
    9     1     3     0     0    -0.000165
    9     2    -1    -2     0     0.000594
    9     2    -1     2     0     0.000594
    9     2     0    -2     0     0.000594
    9     2     0     2     0     0.000594
    9     1     0    -1    -1     0.000087
    9     1     0     1    -1     0.000087
    9     1     1    -1    -1     0.000087
    9     1     1     1    -1     0.000087
    9     3     0    -1     1     0.000127
    9     3     0     1     1     0.000127
    9     3     1    -1     1     0.000127
    9     3     1     1     1     0.000127
    9     3    -2    -1     0    -0.000029
    9     3    -2     1     0    -0.000029
    9     3     3    -1     0    -0.000029
    9     3     3     1     0    -0.000029
    9     1    -2    -1     0     0.000204
    9     1    -2     1     0     0.000204
    9     1     3    -1     0     0.000204
    9     1     3     1     0     0.000204
    9     1    -1     0    -1     0.000277
    9     1     2     0    -1     0.000277
    9     2    -3     0    -1     0.000232
    9     2    -2    -2    -1    -0.000524
    9     2    -2     2    -1    -0.000524
    9     2     1    -2    -1    -0.000524
    9     2     1     2    -1    -0.000524
    9     2     2     0    -1     0.000232
    9     3    -1     0     1     0.000597
    9     3     2     0     1     0.000597
    9     2    -3     0     0     0.000689
    9     2    -2    -2     0    -0.000031
    9     2    -2     2     0    -0.000031
    9     2     1    -2     0    -0.000031
    9     2     1     2     0    -0.000031
    9     2     2     0     0     0.000689
    9     6     0     0     0     0.075050
    9     6     0     1     0     0.075050
    9     6     1     0     0     0.075050
    9     6     1     1     0     0.075050
    9     7     0     0     0    -0.001190
    9     5     0     0    -1     0.010305
    9     5     0     1    -1     0.010305
    9     5     1     0    -1     0.010305
    9     5     1     1    -1     0.010305
    9     4     0     0     0     0.008647
    9     4     0     1     0     0.008647
    9     4     1     0     0     0.008647
    9     4     1     1     0     0.008647
    9     7     1     0     0     0.006102
    9     7     0     1     0     0.005560
    9     7     0    -1     0     0.005560
    9     7    -1     0     0     0.006102
    9     6    -1     0     0     0.003198
    9     6    -1     1     0     0.003198
    9     6     0    -1     0     0.003198
    9     6     0     2     0     0.003198
    9     6     1    -1     0     0.003198
    9     6     1     2     0     0.003198
    9     6     2     0     0     0.003198
    9     6     2     1     0     0.003198
    9     7     1     1     0    -0.001267
    9     7     1    -1     0    -0.001267
    9     7    -1     1     0    -0.001267
    9     7    -1    -1     0    -0.001267
    9     5    -1     0    -1     0.001438
    9     5    -1     1    -1     0.001438
    9     5     0    -1    -1     0.003325
    9     5     0     2    -1     0.003325
    9     5     1    -1    -1     0.003325
    9     5     1     2    -1     0.003325
    9     5     2     0    -1     0.001438
    9     5     2     1    -1     0.001438
    9     4    -1     0     0     0.000976
    9     4    -1     1     0     0.000976
    9     4     0    -1     0     0.000975
    9     4     0     2     0     0.000975
    9     4     1    -1     0     0.000975
    9     4     1     2     0     0.000975
    9     4     2     0     0     0.000976
    9     4     2     1     0     0.000976
    9     7     0     0    -1     0.000322
    9     4     0     0    -1     0.000393
    9     4     0     1    -1     0.000393
    9     4     1     0    -1     0.000393
    9     4     1     1    -1     0.000393
    9     5     0     0     0     0.000579
    9     5     0     1     0     0.000579
    9     5     1     0     0     0.000579
    9     5     1     1     0     0.000579
    9     6    -1    -1     0    -0.002995
    9     6    -1     2     0    -0.002995
    9     6     2    -1     0    -0.002995
    9     6     2     2     0    -0.002995
    9     7     1     0    -1     0.002075
    9     7     0     1    -1     0.000925
    9     7     0    -1    -1     0.000925
    9     7    -1     0    -1     0.002075
    9     7     2     0     0     0.000346
    9     7     0     2     0     0.000553
    9     7     0    -2     0     0.000553
    9     7    -2     0     0     0.000346
    9     5    -1    -1    -1     0.000787
    9     5    -1     2    -1     0.000787
    9     5     2    -1    -1     0.000787
    9     5     2     2    -1     0.000787
    9     4    -1    -1     0     0.000780
    9     4    -1     2     0     0.000780
    9     4     2    -1     0     0.000780
    9     4     2     2     0     0.000780
    9     7     1     1    -1     0.000181
    9     7     1    -1    -1     0.000181
    9     7    -1     1    -1     0.000181
    9     7    -1    -1    -1     0.000181
    9     7     2     1     0    -0.000123
    9     7     2    -1     0    -0.000123
    9     7     1     2     0     0.000189
    9     7     1    -2     0     0.000189
    9     7    -1     2     0     0.000189
    9     7    -1    -2     0     0.000189
    9     7    -2     1     0    -0.000123
    9     7    -2    -1     0    -0.000123
    9     4    -1     0    -1    -0.000073
    9     4    -1     1    -1    -0.000073
    9     4     0    -1    -1    -0.000072
    9     4     0     2    -1    -0.000072
    9     4     1    -1    -1    -0.000072
    9     4     1     2    -1    -0.000072
    9     4     2     0    -1    -0.000073
    9     4     2     1    -1    -0.000073
    9     5    -1     0     0     0.000570
    9     5    -1     1     0     0.000570
    9     5     0    -1     0     0.000604
    9     5     0     2     0     0.000604
    9     5     1    -1     0     0.000604
    9     5     1     2     0     0.000604
    9     5     2     0     0     0.000570
    9     5     2     1     0     0.000570
    9     6    -2     0     0     0.000085
    9     6    -2     1     0     0.000085
    9     6     0    -2     0     0.000085
    9     6     0     3     0     0.000085
    9     6     1    -2     0     0.000085
    9     6     1     3     0     0.000085
    9     6     3     0     0     0.000085
    9     6     3     1     0     0.000085
    9     5    -2     0    -1    -0.000024
    9     5    -2     1    -1    -0.000024
    9     5     0    -2    -1     0.000048
    9     5     0     3    -1     0.000048
    9     5     1    -2    -1     0.000048
    9     5     1     3    -1     0.000048
    9     5     3     0    -1    -0.000024
    9     5     3     1    -1    -0.000024
    9     4    -2     0     0     0.000151
    9     4    -2     1     0     0.000151
    9     4     0    -2     0     0.000151
    9     4     0     3     0     0.000151
    9     4     1    -2     0     0.000151
    9     4     1     3     0     0.000151
    9     4     3     0     0     0.000151
    9     4     3     1     0     0.000151
    9     7     2     0    -1    -0.000627
    9     7     0     2    -1     0.002327
    9     7     0    -2    -1     0.002327
    9     7    -2     0    -1    -0.000627
    9     4    -1    -1    -1    -0.000191
    9     4    -1     2    -1    -0.000191
    9     4     2    -1    -1    -0.000191
    9     4     2     2    -1    -0.000191
    9     5    -1    -1     0    -0.000303
    9     5    -1     2     0    -0.000303
    9     5     2    -1     0    -0.000303
    9     5     2     2     0    -0.000303
    9     6    -2    -1     0     0.000558
    9     6    -2     2     0     0.000558
    9     6    -1    -2     0     0.000558
    9     6    -1     3     0     0.000558
    9     6     2    -2     0     0.000558
    9     6     2     3     0     0.000558
    9     6     3    -1     0     0.000558
    9     6     3     2     0     0.000558
    9     7     2     1    -1     0.000235
    9     7     2    -1    -1     0.000235
    9     7     1     2    -1     0.000249
    9     7     1    -2    -1     0.000249
    9     7    -1     2    -1     0.000249
    9     7    -1    -2    -1     0.000249
    9     7    -2     1    -1     0.000235
    9     7    -2    -1    -1     0.000235
    9    11     0     0     0     0.536854
    9    11     0     1     0     0.536854
    9     8     0     0     0    -0.006153
    9     9    -1     0     0    -0.004441
    9     9     0    -1     0    -0.002007
    9     9     0     1     0    -0.002007
    9     9     1     0     0    -0.004441
    9    11    -1     0     0     0.069588
    9    11    -1     1     0     0.069588
    9    11     1     0     0     0.069588
    9    11     1     1     0     0.069588
    9     8    -1     0     0     0.003513
    9     8     0    -1     0    -0.000419
    9     8     0     1     0    -0.000419
    9     8     1     0     0     0.003513
    9     9    -1    -1     0     0.003984
    9     9    -1     1     0     0.003984
    9     9     1    -1     0     0.003984
    9     9     1     1     0     0.003984
    9    10     0     0    -1     0.007022
    9    10     0     1    -1     0.007022
    9    11     0    -1     0     0.010853
    9    11     0     2     0     0.010853
    9    10     0     0     0     0.003114
    9    10     0     1     0     0.003114
    9     8    -1    -1     0    -0.000362
    9     8    -1     1     0    -0.000362
    9     8     1    -1     0    -0.000362
    9     8     1     1     0    -0.000362
    9    10    -1     0    -1    -0.004348
    9    10    -1     1    -1    -0.004348
    9    10     1     0    -1    -0.004348
    9    10     1     1    -1    -0.004348
    9    11    -1    -1     0    -0.001321
    9    11    -1     2     0    -0.001321
    9    11     1    -1     0    -0.001321
    9    11     1     2     0    -0.001321
    9    10    -1     0     0     0.007097
    9    10    -1     1     0     0.007097
    9    10     1     0     0     0.007097
    9    10     1     1     0     0.007097
    9     8     0     0     1    -0.000698
    9     9     0     2     0     0.000293
    9     9    -2     0     0     0.000903
    9     9     2     0     0     0.000903
    9     9     0    -2     0     0.000293
    9    10     0    -1    -1     0.007836
    9    10     0     2    -1     0.007836
    9    11    -2     0     0    -0.000162
    9    11    -2     1     0    -0.000162
    9    11     2     0     0    -0.000162
    9    11     2     1     0    -0.000162
    9    10     0    -1     0    -0.005221
    9    10     0     2     0    -0.005221
    9     8    -2     0     0     0.001804
    9     8     0    -2     0     0.000767
    9     8     0     2     0     0.000767
    9     8     2     0     0     0.001804
    9     8    -1     0     1     0.001962
    9     8     0    -1     1     0.000312
    9     8     0     1     1     0.000312
    9     8     1     0     1     0.001962
    9     9    -1     2     0     0.001617
    9     9     1     2     0     0.001617
    9     9    -2    -1     0     0.001191
    9     9    -2     1     0     0.001191
    9     9     2    -1     0     0.001191
    9     9     2     1     0     0.001191
    9     9    -1    -2     0     0.001617
    9     9     1    -2     0     0.001617
    9    10    -1    -1    -1     0.003557
    9    10    -1     2    -1     0.003557
    9    10     1    -1    -1     0.003557
    9    10     1     2    -1     0.003557
    9    10    -1    -1     0     0.000152
    9    10    -1     2     0     0.000152
    9    10     1    -1     0     0.000152
    9    10     1     2     0     0.000152
    9     8    -2    -1     0     0.000968
    9     8    -2     1     0     0.000968
    9     8    -1    -2     0     0.001001
    9     8    -1     2     0     0.001001
    9     8     1    -2     0     0.001001
    9     8     1     2     0     0.001001
    9     8     2    -1     0     0.000968
    9     8     2     1     0     0.000968
    9     8    -1    -1     1     0.000839
    9     8    -1     1     1     0.000839
    9     8     1    -1     1     0.000839
    9     8     1     1     1     0.000839
    9    10    -2     0    -1    -0.002513
    9    10    -2     1    -1    -0.002513
    9    10     2     1    -1    -0.002513
    9    10     2     0    -1    -0.002513
    9    11     0     0     1     0.000432
    9    11     0     1     1     0.000432
    9    11    -2    -1     0    -0.004192
    9    11    -2     2     0    -0.004192
    9    11     0    -2     0     0.001067
    9    11     0     3     0     0.001067
    9    11     2    -1     0    -0.004192
    9    11     2     2     0    -0.004192
    9    10    -2     0     0    -0.000653
    9    10    -2     1     0    -0.000653
    9    10     2     0     0    -0.000653
    9    10     2     1     0    -0.000653
    9    11    -1     0     1     0.000475
    9    11    -1     1     1     0.000475
    9    11     1     0     1     0.000475
    9    11     1     1     1     0.000475
    9    11    -1    -2     0     0.001503
    9    11    -1     3     0     0.001503
    9    11     1    -2     0     0.001503
    9    11     1     3     0     0.001503
    9     8    -2     0     1    -0.002795
    9     8     0    -2     1     0.000196
    9     8     0     2     1     0.000196
    9     8     2     0     1    -0.002795
    9     9    -2     2     0    -0.002475
    9     9     2     2     0    -0.002475
    9     9    -2    -2     0    -0.002475
    9     9     2    -2     0    -0.002475
    9    10    -2    -1    -1     0.000538
    9    10    -2     2    -1     0.000538
    9    10     0    -2    -1     0.000587
    9    10     0     3    -1     0.000587
    9    10     2    -1    -1     0.000538
    9    10     2     2    -1     0.000538
    9    11     0    -1     1    -0.000756
    9    11     0     2     1    -0.000756
    9    10    -2    -1     0    -0.000069
    9    10    -2     2     0    -0.000069
    9    10     0    -2     0    -0.000595
    9    10     0     3     0    -0.000595
    9    10     2    -1     0    -0.000069
    9    10     2     2     0    -0.000069
    9     9     0     0    -1     0.000009
    9     9     0     0     1     0.000009
    9     8    -2    -2     0     0.000806
    9     8    -2     2     0     0.000806
    9     8     2    -2     0     0.000806
    9     8     2     2     0     0.000806
    9     8    -2    -1     1     0.000596
    9     8    -2     1     1     0.000596
    9     8    -1    -2     1     0.000011
    9     8    -1     2     1     0.000011
    9     8     1    -2     1     0.000011
    9     8     1     2     1     0.000011
    9     8     2    -1     1     0.000596
    9     8     2     1     1     0.000596
    9     9    -3     0     0     0.000197
    9     9     0    -3     0    -0.000004
    9     9     0     3     0    -0.000004
    9     9     3     0     0     0.000197
   10     2     0    -1     0     0.553690
   10     2     0     0     0     0.553690
   10     2    -1    -1     0     0.553690
   10     2    -1     0     0     0.553690
   10     1     0    -1     0     0.032927
   10     1     0     0     0     0.032927
   10     1     1    -1     0     0.032927
   10     1     1     0     0     0.032927
   10     3     1    -1     1     0.073437
   10     3     1     0     1     0.073437
   10     3     0    -1     1     0.073437
   10     3     0     0     1     0.073437
   10     2     1    -1     0     0.013188
   10     2     1     0     0     0.013188
   10     2     0    -2     0     0.013188
   10     2     0     1     0     0.013188
   10     2    -1    -2     0     0.013188
   10     2    -1     1     0     0.013188
   10     2    -2    -1     0     0.013188
   10     2    -2     0     0     0.013188
   10     1    -1    -1     0    -0.001543
   10     1    -1     0     0    -0.001543
   10     1     0    -2     0    -0.001543
   10     1     0     1     0    -0.001543
   10     1     1    -2     0    -0.001543
   10     1     1     1     0    -0.001543
   10     1     2    -1     0    -0.001543
   10     1     2     0     0    -0.001543
   10     3     2    -1     1    -0.003704
   10     3     2     0     1    -0.003704
   10     3     1    -2     1    -0.003704
   10     3     1     1     1    -0.003704
   10     3     0    -2     1    -0.003704
   10     3     0     1     1    -0.003704
   10     3    -1    -1     1    -0.003704
   10     3    -1     0     1    -0.003704
   10     3     1    -1     0     0.001479
   10     3     1     0     0     0.001479
   10     3     0    -1     0     0.001479
   10     3     0     0     0     0.001479
   10     1     0    -1     1     0.002358
   10     1     0     0     1     0.002358
   10     1     1    -1     1     0.002358
   10     1     1     0     1     0.002358
   10     2     1    -2     0     0.012211
   10     2     1     1     0     0.012211
   10     2    -2    -2     0     0.012211
   10     2    -2     1     0     0.012211
   10     1    -1    -2     0     0.000082
   10     1    -1     1     0     0.000082
   10     1     2    -2     0     0.000082
   10     1     2     1     0     0.000082
   10     3     2    -2     1     0.001901
   10     3     2     1     1     0.001901
   10     3    -1    -2     1     0.001901
   10     3    -1     1     1     0.001901
   10     3     2    -1     0    -0.001211
   10     3     2     0     0    -0.001211
   10     3     1    -2     0    -0.001211
   10     3     1     1     0    -0.001211
   10     3     0    -2     0    -0.001211
   10     3     0     1     0    -0.001211
   10     3    -1    -1     0    -0.001211
   10     3    -1     0     0    -0.001211
   10     1    -1    -1     1    -0.001849
   10     1    -1     0     1    -0.001849
   10     1     0    -2     1    -0.001849
   10     1     0     1     1    -0.001849
   10     1     1    -2     1    -0.001849
   10     1     1     1     1    -0.001849
   10     1     2    -1     1    -0.001849
   10     1     2     0     1    -0.001849
   10     2     2    -1     0     0.000630
   10     2     2     0     0     0.000630
   10     2     0    -3     0     0.000630
   10     2     0     2     0     0.000630
   10     2    -1    -3     0     0.000630
   10     2    -1     2     0     0.000630
   10     2    -3    -1     0     0.000630
   10     2    -3     0     0     0.000630
   10     1    -2    -1     0     0.000508
   10     1    -2     0     0     0.000508
   10     1     0    -3     0     0.000508
   10     1     0     2     0     0.000508
   10     1     1    -3     0     0.000508
   10     1     1     2     0     0.000508
   10     1     3    -1     0     0.000508
   10     1     3     0     0     0.000508
   10     3     3    -1     1     0.001091
   10     3     3     0     1     0.001091
   10     3     1    -3     1     0.001091
   10     3     1     2     1     0.001091
   10     3     0    -3     1     0.001091
   10     3     0     2     1     0.001091
   10     3    -2    -1     1     0.001091
   10     3    -2     0     1     0.001091
   10     3     2    -2     0    -0.000312
   10     3     2     1     0    -0.000312
   10     3    -1    -2     0    -0.000312
   10     3    -1     1     0    -0.000312
   10     1    -1    -2     1     0.001100
   10     1    -1     1     1     0.001100
   10     1     2    -2     1     0.001100
   10     1     2     1     1     0.001100
   10     2     2    -2     0    -0.000333
   10     2     2     1     0    -0.000333
   10     2     1    -3     0    -0.000333
   10     2     1     2     0    -0.000333
   10     2    -2    -3     0    -0.000333
   10     2    -2     2     0    -0.000333
   10     2    -3    -2     0    -0.000333
   10     2    -3     1     0    -0.000333
   10     7     0     0     0     0.536924
   10     7     0    -1     0     0.536924
   10     4     1     0     0     0.536972
   10     4     0     0     0     0.536972
   10     5     1     0     0     0.552107
   10     5     0     0     0     0.552107
   10     7     1     0     0     0.069671
   10     7     1    -1     0     0.069671
   10     7    -1     0     0     0.069671
   10     7    -1    -1     0     0.069671
   10     4     1    -1     0     0.069661
   10     4     1     1     0     0.069661
   10     4     0    -1     0     0.069661
   10     4     0     1     0     0.069661
   10     5     1    -1     0     0.094187
   10     5     1     1     0     0.094187
   10     5     0    -1     0     0.094187
   10     5     0     1     0     0.094187
   10     6     1     0     1     0.007011
   10     6     0     0     1     0.007011
   10     7     0     1     0     0.010851
   10     7     0    -2     0     0.010851
   10     4     2     0     0     0.010860
   10     4    -1     0     0     0.010860
   10     6     1     0     0     0.003107
   10     6     0     0     0     0.003107
   10     5     2     0     0     0.010787
   10     5    -1     0     0     0.010787
   10     6     1    -1     1    -0.004357
   10     6     1     1     1    -0.004357
   10     6     0    -1     1    -0.004357
   10     6     0     1     1    -0.004357
   10     7     1     1     0    -0.001312
   10     7     1    -2     0    -0.001312
   10     7    -1     1     0    -0.001312
   10     7    -1    -2     0    -0.001312
   10     4     2    -1     0    -0.001314
   10     4     2     1     0    -0.001314
   10     4    -1    -1     0    -0.001314
   10     4    -1     1     0    -0.001314
   10     6     1    -1     0     0.007103
   10     6     1     1     0     0.007103
   10     6     0    -1     0     0.007103
   10     6     0     1     0     0.007103
   10     5     2    -1     0    -0.002573
   10     5     2     1     0    -0.002573
   10     5    -1    -1     0    -0.002573
   10     5    -1     1     0    -0.002573
   10     6     2     0     1     0.007839
   10     6    -1     0     1     0.007839
   10     7     2     0     0    -0.000162
   10     7     2    -1     0    -0.000162
   10     7    -2     0     0    -0.000162
   10     7    -2    -1     0    -0.000162
   10     4     1    -2     0    -0.000162
   10     4     1     2     0    -0.000162
   10     4     0    -2     0    -0.000162
   10     4     0     2     0    -0.000162
   10     6     2     0     0    -0.005220
   10     6    -1     0     0    -0.005220
   10     5     1    -2     0     0.000330
   10     5     1     2     0     0.000330
   10     5     0    -2     0     0.000330
   10     5     0     2     0     0.000330
   10     6     2    -1     1     0.003556
   10     6     2     1     1     0.003556
   10     6    -1    -1     1     0.003556
   10     6    -1     1     1     0.003556
   10     6     2    -1     0     0.000152
   10     6     2     1     0     0.000152
   10     6    -1    -1     0     0.000152
   10     6    -1     1     0     0.000152
   10     5     1     0    -1     0.001870
   10     5     0     0    -1     0.001870
   10     6     1    -2     1    -0.002514
   10     6     1     2     1    -0.002514
   10     6     0    -2     1    -0.002514
   10     6     0     2     1    -0.002514
   10     4     1     0     1     0.000432
   10     4     0     0     1     0.000432
   10     7     0     0     1     0.000432
   10     7     0    -1     1     0.000432
   10     7     2     1     0    -0.004197
   10     7     2    -2     0    -0.004197
   10     7     0     2     0     0.001064
   10     7     0    -3     0     0.001064
   10     7    -2     1     0    -0.004197
   10     7    -2    -2     0    -0.004197
   10     4     3     0     0     0.001065
   10     4     2    -2     0    -0.004196
   10     4     2     2     0    -0.004196
   10     4    -1    -2     0    -0.004196
   10     4    -1     2     0    -0.004196
   10     4    -2     0     0     0.001065
   10     6     1    -2     0    -0.000651
   10     6     1     2     0    -0.000651
   10     6     0    -2     0    -0.000651
   10     6     0     2     0    -0.000651
   10     5     3     0     0    -0.000164
   10     5     2    -2     0    -0.003942
   10     5     2     2     0    -0.003942
   10     5    -1    -2     0    -0.003942
   10     5    -1     2     0    -0.003942
   10     5    -2     0     0    -0.000164
   10     5     1    -1    -1    -0.000114
   10     5     1     1    -1    -0.000114
   10     5     0    -1    -1    -0.000114
   10     5     0     1    -1    -0.000114
   10     4     1    -1     1     0.000475
   10     4     1     1     1     0.000475
   10     4     0    -1     1     0.000475
   10     4     0     1     1     0.000475
   10     7     1     0     1     0.000475
   10     7     1    -1     1     0.000475
   10     7    -1     0     1     0.000475
   10     7    -1    -1     1     0.000475
   10     7     1     2     0     0.001503
   10     7     1    -3     0     0.001503
   10     7    -1     2     0     0.001503
   10     7    -1    -3     0     0.001503
   10     4     3    -1     0     0.001504
   10     4     3     1     0     0.001504
   10     4    -2    -1     0     0.001504
   10     4    -2     1     0     0.001504
   10     5     3    -1     0     0.000842
   10     5     3     1     0     0.000842
   10     5    -2    -1     0     0.000842
   10     5    -2     1     0     0.000842
   10     5     2     0    -1     0.001808
   10     5    -1     0    -1     0.001808
   10     6     3     0     1     0.000586
   10     6     2    -2     1     0.000539
   10     6     2     2     1     0.000539
   10     6    -1    -2     1     0.000539
   10     6    -1     2     1     0.000539
   10     6    -2     0     1     0.000586
   10     4     2     0     1    -0.000756
   10     4    -1     0     1    -0.000756
   10     7     0     1     1    -0.000755
   10     7     0    -2     1    -0.000755
   10     6     3     0     0    -0.000595
   10     6     2    -2     0    -0.000069
   10     6     2     2     0    -0.000069
   10     6    -1    -2     0    -0.000069
   10     6    -1     2     0    -0.000069
   10     6    -2     0     0    -0.000595
   10     8     0    -1     1     0.551695
   10     8     0     0     1     0.551695
   10    11     0     0     1     0.455268
   10    10    -1     0     0     0.566221
   10    10     0    -1     0     0.566248
   10    10     0     1     0     0.566248
   10    10     1     0     0     0.566221
   10     8     1    -1     1     0.094182
   10     8     1     0     1     0.094182
   10     8    -1    -1     1     0.094182
   10     8    -1     0     1     0.094182
   10    11     1     0     1    -0.068617
   10    11     0    -1     1    -0.069175
   10    11     0     1     1    -0.069175
   10    11    -1     0     1    -0.068617
   10    10    -1    -1     0    -0.132887
   10    10    -1     1     0    -0.132887
   10    10     1    -1     0    -0.132887
   10    10     1     1     0    -0.132887
   10     9     0    -1     1     0.007022
   10     9     0     0     1     0.007022
   10     9     0    -1     0     0.003114
   10     9     0     0     0     0.003114
   10     8     0    -2     1     0.010787
   10     8     0     1     1     0.010787
   10    11     1    -1     1     0.077077
   10    11     1     1     1     0.077077
   10    11    -1    -1     1     0.077077
   10    11    -1     1     1     0.077077
   10     9     1    -1     1    -0.004348
   10     9     1     0     1    -0.004348
   10     9    -1    -1     1    -0.004348
   10     9    -1     0     1    -0.004348
   10     9     1    -1     0     0.007097
   10     9     1     0     0     0.007097
   10     9    -1    -1     0     0.007097
   10     9    -1     0     0     0.007097
   10     8     1    -2     1    -0.002571
   10     8     1     1     1    -0.002571
   10     8    -1    -2     1    -0.002571
   10     8    -1     1     1    -0.002571
   10    11     0     0     0     0.024820
   10    10    -2     0     0     0.024463
   10    10     0    -2     0     0.024435
   10    10     0     2     0     0.024435
   10    10     2     0     0     0.024463
   10     9     0    -2     1     0.007836
   10     9     0     1     1     0.007836
   10     9     0    -2     0    -0.005221
   10     9     0     1     0    -0.005221
   10     8     2    -1     1     0.000327
   10     8     2     0     1     0.000327
   10     8    -2    -1     1     0.000327
   10     8    -2     0     1     0.000327
   10    11     1     0     0     0.019954
   10    11     0    -1     0     0.019970
   10    11     0     1     0     0.019970
   10    11    -1     0     0     0.019954
   10    11     2     0     1     0.012690
   10    11     0    -2     1     0.012714
   10    11     0     2     1     0.012714
   10    11    -2     0     1     0.012690
   10    10    -2    -1     0     0.018057
   10    10    -2     1     0     0.018057
   10    10    -1    -2     0     0.018052
   10    10    -1     2     0     0.018052
   10    10     1    -2     0     0.018052
   10    10     1     2     0     0.018052
   10    10     2    -1     0     0.018057
   10    10     2     1     0     0.018057
   10     9     1    -2     1     0.003557
   10     9     1     1     1     0.003557
   10     9    -1    -2     1     0.003557
   10     9    -1     1     1     0.003557
   10     9     1    -2     0     0.000152
   10     9     1     1     0     0.000152
   10     9    -1    -2     0     0.000152
   10     9    -1     1     0     0.000152
   10    11     1    -1     0     0.042264
   10    11     1     1     0     0.042264
   10    11    -1    -1     0     0.042264
   10    11    -1     1     0     0.042264
   10    11     2    -1     1     0.016894
   10    11     2     1     1     0.016894
   10    11     1    -2     1     0.016934
   10    11     1     2     1     0.016934
   10    11    -1    -2     1     0.016934
   10    11    -1     2     1     0.016934
   10    11    -2    -1     1     0.016894
   10    11    -2     1     1     0.016894
   10     8     0    -1     0     0.001870
   10     8     0     0     0     0.001870
   10     9     2    -1     1    -0.002513
   10     9     2     0     1    -0.002513
   10     9    -2    -1     1    -0.002513
   10     9    -2     0     1    -0.002513
   10     9     2    -1     0    -0.000653
   10     9     2     0     0    -0.000653
   10     9    -2    -1     0    -0.000653
   10     9    -2     0     0    -0.000653
   10     8     2    -2     1    -0.003943
   10     8     2     1     1    -0.003943
   10     8     0    -3     1    -0.000165
   10     8     0     2     1    -0.000165
   10     8    -2    -2     1    -0.003943
   10     8    -2     1     1    -0.003943
   10     8     1    -1     0    -0.000113
   10     8     1     0     0    -0.000113
   10     8    -1    -1     0    -0.000113
   10     8    -1     0     0    -0.000113
   10     8     1    -3     1     0.000841
   10     8     1     2     1     0.000841
   10     8    -1    -3     1     0.000841
   10     8    -1     2     1     0.000841
   10    11     2     0     0     0.030523
   10    11     0    -2     0     0.030562
   10    11     0     2     0     0.030562
   10    11    -2     0     0     0.030523
   10    10    -2    -2     0     0.029667
   10    10    -2     2     0     0.029667
   10    10     2    -2     0     0.029667
   10    10     2     2     0     0.029667
   10     8     0    -2     0     0.001808
   10     8     0     1     0     0.001808
   10     9     2    -2     1     0.000538
   10     9     2     1     1     0.000538
   10     9     0    -3     1     0.000587
   10     9     0     2     1     0.000587
   10     9    -2    -2     1     0.000538
   10     9    -2     1     1     0.000538
   10     9     2    -2     0    -0.000069
   10     9     2     1     0    -0.000069
   10     9     0    -3     0    -0.000595
   10     9     0     2     0    -0.000595
   10     9    -2    -2     0    -0.000069
   10     9    -2     1     0    -0.000069
   10    10     0     0    -1     0.002098
   10    10     0     0     1     0.002098
   10    11     2    -1     0     0.008063
   10    11     2     1     0     0.008063
   10    11     1    -2     0     0.008071
   10    11     1     2     0     0.008071
   10    11    -1    -2     0     0.008071
   10    11    -1     2     0     0.008071
   10    11    -2    -1     0     0.008063
   10    11    -2     1     0     0.008063
   10    11     2    -2     1     0.002575
   10    11     2     2     1     0.002575
   10    11    -2    -2     1     0.002575
   10    11    -2     2     1     0.002575
   10    10    -3     0     0    -0.000205
   10    10     0    -3     0    -0.000204
   10    10     0     3     0    -0.000204
   10    10     3     0     0    -0.000205
   11     3     1    -1     0     0.553690
   11     3     1     0     0     0.553690
   11     3     0    -1     0     0.553690
   11     3     0     0     0     0.553690
   11     1     0     0     0     0.032927
   11     1     0    -1     0     0.032927
   11     1     1     0     0     0.032927
   11     1     1    -1     0     0.032927
   11     2     0    -1    -1     0.073437
   11     2     0     0    -1     0.073437
   11     2    -1    -1    -1     0.073437
   11     2    -1     0    -1     0.073437
   11     3     2    -1     0     0.013188
   11     3     2     0     0     0.013188
   11     3     1    -2     0     0.013188
   11     3     1     1     0     0.013188
   11     3     0    -2     0     0.013188
   11     3     0     1     0     0.013188
   11     3    -1    -1     0     0.013188
   11     3    -1     0     0     0.013188
   11     1    -1     0     0    -0.001543
   11     1    -1    -1     0    -0.001543
   11     1     0     1     0    -0.001543
   11     1     0    -2     0    -0.001543
   11     1     1     1     0    -0.001543
   11     1     1    -2     0    -0.001543
   11     1     2     0     0    -0.001543
   11     1     2    -1     0    -0.001543
   11     2     1    -1    -1    -0.003704
   11     2     1     0    -1    -0.003704
   11     2     0    -2    -1    -0.003704
   11     2     0     1    -1    -0.003704
   11     2    -1    -2    -1    -0.003704
   11     2    -1     1    -1    -0.003704
   11     2    -2    -1    -1    -0.003704
   11     2    -2     0    -1    -0.003704
   11     2     0    -1     0     0.001479
   11     2     0     0     0     0.001479
   11     2    -1    -1     0     0.001479
   11     2    -1     0     0     0.001479
   11     1     0     0    -1     0.002358
   11     1     0    -1    -1     0.002358
   11     1     1     0    -1     0.002358
   11     1     1    -1    -1     0.002358
   11     3     2    -2     0     0.012211
   11     3     2     1     0     0.012211
   11     3    -1    -2     0     0.012211
   11     3    -1     1     0     0.012211
   11     1    -1     1     0     0.000082
   11     1    -1    -2     0     0.000082
   11     1     2     1     0     0.000082
   11     1     2    -2     0     0.000082
   11     2     1    -2    -1     0.001901
   11     2     1     1    -1     0.001901
   11     2    -2    -2    -1     0.001901
   11     2    -2     1    -1     0.001901
   11     2     1    -1     0    -0.001211
   11     2     1     0     0    -0.001211
   11     2     0    -2     0    -0.001211
   11     2     0     1     0    -0.001211
   11     2    -1    -2     0    -0.001211
   11     2    -1     1     0    -0.001211
   11     2    -2    -1     0    -0.001211
   11     2    -2     0     0    -0.001211
   11     1    -1     0    -1    -0.001849
   11     1    -1    -1    -1    -0.001849
   11     1     0     1    -1    -0.001849
   11     1     0    -2    -1    -0.001849
   11     1     1     1    -1    -0.001849
   11     1     1    -2    -1    -0.001849
   11     1     2    -1    -1    -0.001849
   11     1     2     0    -1    -0.001849
   11     3     3    -1     0     0.000630
   11     3     3     0     0     0.000630
   11     3     1    -3     0     0.000630
   11     3     1     2     0     0.000630
   11     3     0    -3     0     0.000630
   11     3     0     2     0     0.000630
   11     3    -2    -1     0     0.000630
   11     3    -2     0     0     0.000630
   11     1    -2     0     0     0.000508
   11     1    -2    -1     0     0.000508
   11     1     0     2     0     0.000508
   11     1     0    -3     0     0.000508
   11     1     1     2     0     0.000508
   11     1     1    -3     0     0.000508
   11     1     3     0     0     0.000508
   11     1     3    -1     0     0.000508
   11     2     2    -1    -1     0.001091
   11     2     2     0    -1     0.001091
   11     2     0    -3    -1     0.001091
   11     2     0     2    -1     0.001091
   11     2    -1    -3    -1     0.001091
   11     2    -1     2    -1     0.001091
   11     2    -3    -1    -1     0.001091
   11     2    -3     0    -1     0.001091
   11     2     1    -2     0    -0.000312
   11     2     1     1     0    -0.000312
   11     2    -2    -2     0    -0.000312
   11     2    -2     1     0    -0.000312
   11     1    -1     1    -1     0.001100
   11     1    -1    -2    -1     0.001100
   11     1     2     1    -1     0.001100
   11     1     2    -2    -1     0.001100
   11     3     3    -2     0    -0.000333
   11     3     3     1     0    -0.000333
   11     3     2    -3     0    -0.000333
   11     3     2     2     0    -0.000333
   11     3    -1    -3     0    -0.000333
   11     3    -1     2     0    -0.000333
   11     3    -2    -2     0    -0.000333
   11     3    -2     1     0    -0.000333
   11     6     1     0     0     0.536830
   11     6     0     0     0     0.536830
   11     5     1     0    -1     0.551984
   11     5     0     0    -1     0.551984
   11     6     1    -1     0     0.069589
   11     6     1     1     0     0.069589
   11     6     0    -1     0     0.069589
   11     6     0     1     0     0.069589
   11     5     1    -1    -1     0.094176
   11     5     1     1    -1     0.094176
   11     5     0    -1    -1     0.094176
   11     5     0     1    -1     0.094176
   11     7     0     0    -1     0.007013
   11     7     0    -1    -1     0.007013
   11     4     0     0    -1     0.007022
   11     4     1     0    -1     0.007022
   11     6     2     0     0     0.010852
   11     6    -1     0     0     0.010852
   11     4     0     0     0     0.003102
   11     4     1     0     0     0.003102
   11     7     0     0     0     0.003103
   11     7     0    -1     0     0.003103
   11     5     2     0    -1     0.010790
   11     5    -1     0    -1     0.010790
   11     7     1     0    -1    -0.004348
   11     7     1    -1    -1    -0.004348
   11     7    -1     0    -1    -0.004348
   11     7    -1    -1    -1    -0.004348
   11     4     0    -1    -1    -0.004349
   11     4     0     1    -1    -0.004349
   11     4     1    -1    -1    -0.004349
   11     4     1     1    -1    -0.004349
   11     6     2    -1     0    -0.001321
   11     6     2     1     0    -0.001321
   11     6    -1    -1     0    -0.001321
   11     6    -1     1     0    -0.001321
   11     4     0    -1     0     0.007096
   11     4     0     1     0     0.007096
   11     4     1    -1     0     0.007096
   11     4     1     1     0     0.007096
   11     7     1     0     0     0.007105
   11     7     1    -1     0     0.007105
   11     7    -1     0     0     0.007105
   11     7    -1    -1     0     0.007105
   11     5     2    -1    -1    -0.002573
   11     5     2     1    -1    -0.002573
   11     5    -1    -1    -1    -0.002573
   11     5    -1     1    -1    -0.002573
   11     7     0     1    -1     0.007923
   11     7     0    -2    -1     0.007923
   11     4    -1     0    -1     0.007840
   11     4     2     0    -1     0.007840
   11     6     1    -2     0    -0.000162
   11     6     1     2     0    -0.000162
   11     6     0    -2     0    -0.000162
   11     6     0     2     0    -0.000162
   11     4    -1     0     0    -0.005219
   11     4     2     0     0    -0.005219
   11     7     0     1     0    -0.005219
   11     7     0    -2     0    -0.005219
   11     5     1    -2    -1     0.000328
   11     5     1     2    -1     0.000328
   11     5     0    -2    -1     0.000328
   11     5     0     2    -1     0.000328
   11     7     1     1    -1     0.003551
   11     7     1    -2    -1     0.003551
   11     7    -1     1    -1     0.003551
   11     7    -1    -2    -1     0.003551
   11     4    -1    -1    -1     0.003556
   11     4    -1     1    -1     0.003556
   11     4     2    -1    -1     0.003556
   11     4     2     1    -1     0.003556
   11     4    -1    -1     0     0.000151
   11     4    -1     1     0     0.000151
   11     4     2    -1     0     0.000151
   11     4     2     1     0     0.000151
   11     7     1     1     0     0.000151
   11     7     1    -2     0     0.000151
   11     7    -1     1     0     0.000151
   11     7    -1    -2     0     0.000151
   11     5     1     0     0     0.001870
   11     5     0     0     0     0.001870
   11     7     2     0    -1    -0.002516
   11     7     2    -1    -1    -0.002516
   11     7    -2     0    -1    -0.002516
   11     7    -2    -1    -1    -0.002516
   11     4     0    -2    -1    -0.002513
   11     4     0     2    -1    -0.002513
   11     4     1    -2    -1    -0.002513
   11     4     1     2    -1    -0.002513
   11     6     1     0    -1     0.000432
   11     6     0     0    -1     0.000432
   11     6     3     0     0     0.001066
   11     6     2    -2     0    -0.004191
   11     6     2     2     0    -0.004191
   11     6    -1    -2     0    -0.004191
   11     6    -1     2     0    -0.004191
   11     6    -2     0     0     0.001066
   11     4     0    -2     0    -0.000654
   11     4     0     2     0    -0.000654
   11     4     1    -2     0    -0.000654
   11     4     1     2     0    -0.000654
   11     7     2     0     0    -0.000653
   11     7     2    -1     0    -0.000653
   11     7    -2     0     0    -0.000653
   11     7    -2    -1     0    -0.000653
   11     5     3     0    -1    -0.000164
   11     5     2    -2    -1    -0.003942
   11     5     2     2    -1    -0.003942
   11     5    -1    -2    -1    -0.003942
   11     5    -1     2    -1    -0.003942
   11     5    -2     0    -1    -0.000164
   11     5     1    -1     0    -0.000114
   11     5     1     1     0    -0.000114
   11     5     0    -1     0    -0.000114
   11     5     0     1     0    -0.000114
   11     6     1    -1    -1     0.000474
   11     6     1     1    -1     0.000474
   11     6     0    -1    -1     0.000474
   11     6     0     1    -1     0.000474
   11     6     3    -1     0     0.001503
   11     6     3     1     0     0.001503
   11     6    -2    -1     0     0.001503
   11     6    -2     1     0     0.001503
   11     5     3    -1    -1     0.000842
   11     5     3     1    -1     0.000842
   11     5    -2    -1    -1     0.000842
   11     5    -2     1    -1     0.000842
   11     5     2     0     0     0.001809
   11     5    -1     0     0     0.001809
   11     7     2     1    -1     0.000538
   11     7     2    -2    -1     0.000538
   11     7     0     2    -1     0.000584
   11     7     0    -3    -1     0.000584
   11     7    -2     1    -1     0.000538
   11     7    -2    -2    -1     0.000538
   11     4    -2     0    -1     0.000587
   11     4    -1    -2    -1     0.000538
   11     4    -1     2    -1     0.000538
   11     4     2    -2    -1     0.000538
   11     4     2     2    -1     0.000538
   11     4     3     0    -1     0.000587
   11     6     2     0    -1    -0.000756
   11     6    -1     0    -1    -0.000756
   11     4    -2     0     0    -0.000594
   11     4    -1    -2     0    -0.000068
   11     4    -1     2     0    -0.000068
   11     4     2    -2     0    -0.000068
   11     4     2     2     0    -0.000068
   11     4     3     0     0    -0.000594
   11     7     2     1     0    -0.000068
   11     7     2    -2     0    -0.000068
   11     7     0     2     0    -0.000594
   11     7     0    -3     0    -0.000594
   11     7    -2     1     0    -0.000068
   11     7    -2    -2     0    -0.000068
   11     9     0     0     0     0.536854
   11     9     0    -1     0     0.536854
   11     8     0    -1     0     0.551984
   11     8     0     0     0     0.551984
   11    10     0     0    -1     0.455268
   11    11    -1     0     0     0.566421
   11    11     0    -1     0     0.566517
   11    11     0     1     0     0.566517
   11    11     1     0     0     0.566421
   11     9     1     0     0     0.069588
   11     9     1    -1     0     0.069588
   11     9    -1     0     0     0.069588
   11     9    -1    -1     0     0.069588
   11     8     1    -1     0     0.094175
   11     8     1     0     0     0.094175
   11     8    -1    -1     0     0.094175
   11     8    -1     0     0     0.094175
   11    10    -1     0    -1    -0.068617
   11    10     0     1    -1    -0.069175
   11    10     0    -1    -1    -0.069175
   11    10     1     0    -1    -0.068617
   11    11    -1    -1     0    -0.132752
   11    11    -1     1     0    -0.132752
   11    11     1    -1     0    -0.132752
   11    11     1     1     0    -0.132752
   11     9     0     1     0     0.010853
   11     9     0    -2     0     0.010853
   11     8     0    -2     0     0.010799
   11     8     0     1     0     0.010799
   11    10    -1     1    -1     0.077077
   11    10    -1    -1    -1     0.077077
   11    10     1     1    -1     0.077077
   11    10     1    -1    -1     0.077077
   11     9     1     1     0    -0.001321
   11     9     1    -2     0    -0.001321
   11     9    -1     1     0    -0.001321
   11     9    -1    -2     0    -0.001321
   11     8     1    -2     0    -0.002574
   11     8     1     1     0    -0.002574
   11     8    -1    -2     0    -0.002574
   11     8    -1     1     0    -0.002574
   11    10     0     0     0     0.024820
   11    11    -2     0     0     0.024468
   11    11     0    -2     0     0.024458
   11    11     0     2     0     0.024458
   11    11     2     0     0     0.024468
   11     9     2     0     0    -0.000162
   11     9     2    -1     0    -0.000162
   11     9    -2     0     0    -0.000162
   11     9    -2    -1     0    -0.000162
   11     8     2    -1     0     0.000328
   11     8     2     0     0     0.000328
   11     8    -2    -1     0     0.000328
   11     8    -2     0     0     0.000328
   11    10    -1     0     0     0.019954
   11    10     0     1     0     0.019970
   11    10     0    -1     0     0.019970
   11    10     1     0     0     0.019954
   11    10    -2     0    -1     0.012690
   11    10     0     2    -1     0.012714
   11    10     0    -2    -1     0.012714
   11    10     2     0    -1     0.012690
   11    11    -2    -1     0     0.018062
   11    11    -2     1     0     0.018062
   11    11    -1    -2     0     0.018052
   11    11    -1     2     0     0.018052
   11    11     1    -2     0     0.018052
   11    11     1     2     0     0.018052
   11    11     2    -1     0     0.018062
   11    11     2     1     0     0.018062
   11    10    -1     1     0     0.042264
   11    10    -1    -1     0     0.042264
   11    10     1     1     0     0.042264
   11    10     1    -1     0     0.042264
   11    10    -2     1    -1     0.016894
   11    10    -2    -1    -1     0.016894
   11    10    -1     2    -1     0.016934
   11    10    -1    -2    -1     0.016934
   11    10     1     2    -1     0.016934
   11    10     1    -2    -1     0.016934
   11    10     2     1    -1     0.016894
   11    10     2    -1    -1     0.016894
   11     8     0    -1     1     0.001871
   11     8     0     0     1     0.001871
   11     9     0    -1    -1     0.000432
   11     9     0     0    -1     0.000432
   11     9     2     1     0    -0.004192
   11     9     2    -2     0    -0.004192
   11     9     0     2     0     0.001067
   11     9     0    -3     0     0.001067
   11     9    -2     1     0    -0.004192
   11     9    -2    -2     0    -0.004192
   11     8     2    -2     0    -0.003942
   11     8     2     1     0    -0.003942
   11     8     0    -3     0    -0.000163
   11     8     0     2     0    -0.000163
   11     8    -2    -2     0    -0.003942
   11     8    -2     1     0    -0.003942
   11     8     1    -1     1    -0.000114
   11     8     1     0     1    -0.000114
   11     8    -1    -1     1    -0.000114
   11     8    -1     0     1    -0.000114
   11     9     1     0    -1     0.000475
   11     9     1    -1    -1     0.000475
   11     9    -1     0    -1     0.000475
   11     9    -1    -1    -1     0.000475
   11     9     1     2     0     0.001503
   11     9     1    -3     0     0.001503
   11     9    -1     2     0     0.001503
   11     9    -1    -3     0     0.001503
   11     8     1    -3     0     0.000842
   11     8     1     2     0     0.000842
   11     8    -1    -3     0     0.000842
   11     8    -1     2     0     0.000842
   11    10    -2     0     0     0.030523
   11    10     0     2     0     0.030562
   11    10     0    -2     0     0.030562
   11    10     2     0     0     0.030523
   11    11    -2    -2     0     0.029663
   11    11    -2     2     0     0.029663
   11    11     2    -2     0     0.029663
   11    11     2     2     0     0.029663
   11     8     0    -2     1     0.001810
   11     8     0     1     1     0.001810
   11     9     0     1    -1    -0.000756
   11     9     0    -2    -1    -0.000756
   11    11     0     0    -1     0.002099
   11    11     0     0     1     0.002099
   11    10    -2     1     0     0.008063
   11    10    -2    -1     0     0.008063
   11    10    -1     2     0     0.008071
   11    10    -1    -2     0     0.008071
   11    10     1     2     0     0.008071
   11    10     1    -2     0     0.008071
   11    10     2     1     0     0.008063
   11    10     2    -1     0     0.008063
   11    10    -2     2    -1     0.002575
   11    10    -2    -2    -1     0.002575
   11    10     2     2    -1     0.002575
   11    10     2    -2    -1     0.002575
   11    11    -3     0     0    -0.000206
   11    11     0    -3     0    -0.000203
   11    11     0     3     0    -0.000203
   11    11     3     0     0    -0.000206
